Date,Lat,Long
2020-09-18T08:00:08.752195358,25.030582,-92.701775
2020-09-18T08:00:08.789961814,25.000494,-92.7219
2020-09-18T08:00:08.829634666,25.023241,-92.69474
2020-09-18T08:00:08.833831787,25.02507,-92.692245
2020-09-18T08:00:08.835739135,25.027056,-92.69811
2020-09-18T08:00:08.841842651,25.035707,-92.69684
2020-09-18T08:00:08.843750000,25.044388,-92.68309
2020-09-18T08:00:08.847564697,25.051737,-92.70643
2020-09-18T08:00:08.883422851,25.02702,-92.69955
2020-09-18T08:00:08.903260231,25.030289,-92.70169
2020-09-18T08:00:08.915085792,25.0403,-92.69547
2020-09-18T08:00:08.917374610,25.080862,-92.736305
2020-09-18T08:00:08.923096656,25.043018,-92.7091
2020-09-18T08:00:08.933014869,25.049452,-92.71227
2020-09-18T08:00:08.934922218,25.065222,-92.71703
2020-09-18T08:00:08.937211036,25.053219,-92.70573
2020-09-18T08:00:08.939118385,25.071455,-92.70369
2020-09-18T08:00:08.941025733,25.095732,-92.738976
2020-09-18T08:00:08.942933082,25.062117,-92.70992
2020-09-18T08:00:09.060427665,25.000498,-92.72185
2020-09-18T08:00:09.100101470,25.063053,-92.711784
2020-09-18T08:00:09.102008819,25.12254,-92.7439
2020-09-18T08:00:09.106204986,25.06638,-92.713875
2020-09-18T08:00:09.110019683,25.06857,-92.717155
2020-09-18T08:00:09.111927032,25.16133,-92.75091
2020-09-18T08:00:09.113834381,25.080904,-92.73636
2020-09-18T08:00:09.116123199,25.104366,-92.742424
2020-09-18T08:00:09.147786140,25.080915,-92.73637
2020-09-18T08:00:09.195469856,25.188807,-92.69726
2020-09-18T08:00:09.197377204,25.156088,-92.71801
2020-09-18T08:00:09.199666023,25.08588,-92.71456
2020-09-18T08:00:09.201573371,25.13843,-92.715744
2020-09-18T08:00:09.203481674,25.191696,-92.698586
2020-09-18T08:00:09.205389022,25.193441,-92.697075
2020-09-18T08:00:09.235143661,25.239489,-92.67776
2020-09-18T08:00:09.394219398,25.092474,-92.726234
2020-09-18T08:00:09.396508216,25.07143,-92.7186
2020-09-18T08:00:09.400322914,25.128914,-92.74505
2020-09-18T08:00:09.420159339,25.119064,-92.733765
2020-09-18T08:00:09.422066688,25.085253,-92.71642
2020-09-18T08:00:09.423974037,25.082338,-92.71374
2020-09-18T08:00:09.426262855,25.080812,-92.73639
2020-09-18T08:00:09.430077552,25.161245,-92.75096
2020-09-18T08:00:09.431984901,25.098242,-92.72824
2020-09-18T08:00:09.434273719,25.076807,-92.72493
2020-09-18T08:00:09.444191932,25.160372,-92.71772
2020-09-18T08:00:09.446099281,25.161228,-92.75085
2020-09-18T08:00:09.613185882,25.160145,-92.70908
2020-09-18T08:00:09.615093231,25.055824,-92.710686
2020-09-18T08:00:09.617000579,25.079708,-92.71454
2020-09-18T08:00:09.620815277,25.131613,-92.72785
2020-09-18T08:00:15.034336090,25.08144,-92.735855
2020-09-18T08:00:15.130086898,25.08139,-92.73586
2020-09-18T08:00:15.131994247,25.038597,-92.73358
2020-09-18T08:00:15.185400009,25.081442,-92.73587
2020-09-18T08:00:15.205617904,25.0814,-92.73581
2020-09-18T08:00:15.207525253,25.081375,-92.73581
2020-09-18T08:00:01.955063343,26.181492,-91.34936
2020-09-18T08:00:01.958878040,26.180647,-91.35013
2020-09-18T08:00:01.960785388,26.176903,-91.3472
2020-09-18T08:00:01.966888904,26.19232,-91.35281
2020-09-18T08:00:01.972992420,26.193789,-91.339096
2020-09-18T08:00:01.974899768,26.17083,-91.33901
2020-09-18T08:00:01.990540504,26.170338,-91.3209
2020-09-18T08:00:02.002747535,26.200438,-91.27704
2020-09-18T08:00:02.010758876,26.170187,-91.31443
2020-09-18T08:00:02.012666225,26.168468,-91.33083
2020-09-18T08:00:02.018388271,26.169943,-91.30747
2020-09-18T08:00:02.034409999,26.169088,-91.271545
2020-09-18T08:00:02.036317348,26.170292,-91.319466
2020-09-18T08:00:02.038224697,26.194809,-91.363205
2020-09-18T08:00:02.040513992,26.182573,-91.32027
2020-09-18T08:00:02.042421340,26.196684,-91.35604
2020-09-18T08:00:02.044328689,26.196028,-91.35845
2020-09-18T08:00:02.046236038,26.200525,-91.36378
2020-09-18T08:00:02.048524856,26.1954,-91.35768
2020-09-18T08:00:02.050432205,26.196886,-91.35854
2020-09-18T08:00:02.052339553,26.200089,-91.36066
2020-09-18T08:00:02.054246902,26.196564,-91.35843
2020-09-18T08:00:02.056154251,26.198456,-91.36648
2020-09-18T08:00:02.058443069,26.199146,-91.36393
2020-09-18T08:00:02.060350418,26.211388,-91.35699
2020-09-18T08:00:02.062257766,26.21479,-91.35615
2020-09-18T08:00:02.064165115,26.212677,-91.35471
2020-09-18T08:00:02.066072463,26.199266,-91.363976
2020-09-18T08:00:02.068361282,26.199379,-91.364
2020-09-18T08:00:02.117953300,26.168037,-91.22902
2020-09-18T08:00:02.247273445,26.229528,-91.33384
2020-09-18T08:00:02.304876327,26.207474,-91.32673
2020-09-18T08:00:02.306783676,26.18711,-91.31572
2020-09-18T08:00:02.318609714,26.208738,-91.32308
2020-09-18T08:00:02.386512279,26.196327,-91.32787
2020-09-18T08:00:02.388419628,26.183264,-91.29608
2020-09-18T08:00:30.692762374,23.292646,-93.980705
2020-09-18T08:00:30.829711914,23.368874,-93.90758
2020-09-18T08:00:30.832000732,23.368885,-93.90758
2020-09-18T08:00:30.859848022,23.348309,-93.92644
2020-09-18T08:00:30.861755371,23.33631,-93.93879
2020-09-18T08:00:30.865570068,23.36897,-93.90753
2020-09-18T08:00:30.867477416,23.368965,-93.907524
2020-09-18T08:00:30.923172950,23.315388,-93.95155
2020-09-18T08:00:30.925461769,23.315777,-93.948555
2020-09-18T08:00:30.929276466,23.311378,-93.943565
2020-09-18T08:00:30.931183815,23.31212,-93.942276
2020-09-18T08:00:30.933091163,23.313417,-93.9429
2020-09-18T08:00:30.935380935,23.31201,-93.93882
2020-09-18T08:00:31.006715774,23.331629,-93.94205
2020-09-18T08:00:31.008623123,23.291351,-93.93711
2020-09-18T08:00:31.036472320,23.28912,-93.853516
2020-09-18T08:00:31.549556732,25.079924,-92.73607
2020-09-18T08:00:31.559474945,25.0951,-92.73887
2020-09-18T08:00:31.567485809,25.079838,-92.73603
2020-09-18T08:00:31.577404022,25.079939,-92.736015
2020-09-18T08:00:31.579311370,25.078829,-92.72374
2020-09-18T08:00:31.593044281,25.079931,-92.736015
2020-09-18T08:00:31.615169525,25.079926,-92.73607
2020-09-18T08:00:31.658658981,25.07661,-92.72557
2020-09-18T08:00:33.330665588,25.060944,-92.6216
2020-09-18T08:00:33.332572937,25.077429,-92.64834
2020-09-18T08:00:33.382547378,25.04799,-92.62607
2020-09-18T08:00:42.815672397,25.02016,-92.66892
2020-09-18T08:00:42.833601474,24.998058,-92.668015
2020-09-18T08:00:42.885482311,24.997118,-92.63418
2020-09-18T08:00:43.668651580,25.079655,-92.73626
2020-09-18T08:00:43.670558929,25.079653,-92.736244
2020-09-18T08:00:43.672847747,25.07965,-92.73623
2020-09-18T08:00:43.682765960,25.079634,-92.73618
2020-09-18T08:00:43.740368843,25.10479,-92.74073
2020-09-18T08:00:43.756009101,25.119886,-92.72642
2020-09-18T08:00:43.780042648,25.159084,-92.710335
2020-09-18T08:00:43.781949996,25.079708,-92.73617
2020-09-18T08:00:43.861678123,25.079601,-92.736244
2020-09-18T08:00:43.939117431,25.079618,-92.736206
2020-09-18T08:00:43.941024780,25.079609,-92.73622
2020-09-18T08:00:54.541469573,25.030964,-92.66217
2020-09-18T08:00:54.772262573,25.029655,-92.652016
2020-09-18T08:00:54.776077270,25.031792,-92.6576
2020-09-18T08:00:55.400171279,25.104282,-92.64103
2020-09-18T08:00:55.445947647,25.15817,-92.66292
2020-09-18T08:00:58.463802337,25.05579,-92.73158
2020-09-18T08:00:58.466091156,25.038433,-92.705536
2020-09-18T08:00:58.497753143,25.080576,-92.73608
2020-09-18T08:00:58.559551239,25.040802,-92.70782
2020-09-18T08:00:58.603040695,25.080572,-92.73605
2020-09-18T08:00:58.604948043,25.080591,-92.73605
2020-09-18T08:00:58.611051559,25.080633,-92.73608
2020-09-18T08:00:58.612958908,25.055553,-92.71465
2020-09-18T08:00:58.615247726,25.063213,-92.71458
2020-09-18T08:00:58.635084152,25.05073,-92.704094
2020-09-18T08:00:58.648817062,25.079973,-92.72785
2020-09-18T08:00:58.662931442,25.034357,-92.69733
2020-09-18T08:00:58.678571701,25.080612,-92.736046
2020-09-18T08:00:58.805984497,25.046135,-92.70283
2020-09-18T08:00:59.354547500,25.579063,-92.68215
2020-09-18T08:00:59.356454849,25.57974,-92.680664
2020-09-18T08:00:59.358362197,25.580433,-92.68042
2020-09-18T08:01:11.451898574,25.079872,-92.73636
2020-09-18T08:01:11.464105606,25.079885,-92.73637
2020-09-18T08:01:11.466012954,25.079866,-92.73635
2020-09-18T08:01:11.499582290,25.079872,-92.73628
2020-09-18T08:01:11.513696670,25.098282,-92.71821
2020-09-18T08:01:11.587322235,25.079927,-92.736275
2020-09-18T08:01:11.589229583,25.096947,-92.71828
2020-09-18T08:01:11.628902435,25.098152,-92.72717
2020-09-18T08:01:11.630809783,25.110565,-92.73222
2020-09-18T08:01:11.633098602,25.084822,-92.72023
2020-09-18T08:01:11.636913299,25.079943,-92.736305
2020-09-18T08:01:11.638820648,25.10767,-92.74134
2020-09-18T08:01:11.641109466,25.102722,-92.72876
2020-09-18T08:01:11.643016815,25.098602,-92.729355
2020-09-18T08:01:11.652936935,25.079855,-92.73625
2020-09-18T08:01:11.672773361,25.120407,-92.74354
2020-09-18T08:01:11.674680709,25.114876,-92.74255
2020-09-18T08:01:11.678876876,25.107843,-92.74811
2020-09-18T08:01:11.680784225,25.10346,-92.74052
2020-09-18T08:01:11.682691574,25.12404,-92.74425
2020-09-18T08:01:11.684598922,25.12495,-92.744415
2020-09-18T08:01:11.686506271,25.112934,-92.74224
2020-09-18T08:01:11.688795089,25.125904,-92.74459
2020-09-18T08:01:11.690702438,25.127972,-92.74497
2020-09-18T08:01:11.692609786,25.114422,-92.73283
2020-09-18T08:01:11.694517135,25.13657,-92.73331
2020-09-18T08:01:11.698713302,25.142155,-92.73369
2020-09-18T08:01:11.700620651,25.160337,-92.75085
2020-09-18T08:01:11.702527999,25.160316,-92.750824
2020-09-18T08:01:11.704435348,25.132723,-92.74581
2020-09-18T08:01:11.714353561,25.160292,-92.75077
2020-09-18T08:01:11.724271774,25.18483,-92.71965
2020-09-18T08:01:11.730375289,25.17658,-92.71382
2020-09-18T08:01:11.732282638,25.126724,-92.72878
2020-09-18T08:01:11.740293502,25.179283,-92.70657
2020-09-18T08:01:11.746397018,25.179205,-92.70483
2020-09-18T08:01:11.758222579,25.19763,-92.706184
2020-09-18T08:01:11.760129928,25.189713,-92.696976
2020-09-18T08:01:11.762037277,25.205597,-92.67172
2020-09-18T08:01:11.764326095,25.200708,-92.670845
2020-09-18T08:01:11.812011718,25.123203,-92.74405
2020-09-18T08:01:11.813919067,25.160183,-92.75075
2020-09-18T08:01:11.849777221,25.238487,-92.6777
2020-09-18T08:01:11.851684570,25.2197,-92.68323
2020-09-18T08:01:11.853591918,25.192387,-92.694046
2020-09-18T08:01:11.855499267,25.17332,-92.70581
2020-09-18T08:01:11.857788085,25.175106,-92.706726
2020-09-18T08:01:11.859695434,25.182894,-92.70715
2020-09-18T08:01:11.861602783,25.185143,-92.70828
2020-09-18T08:01:11.863510131,25.182642,-92.71238
2020-09-18T08:01:11.865417480,25.17813,-92.712776
2020-09-18T08:01:11.867706298,25.19252,-92.71217
2020-09-18T08:01:11.869613647,25.186056,-92.71409
2020-09-18T08:01:11.871520996,25.186405,-92.71282
2020-09-18T08:01:11.873428344,25.18482,-92.71483
2020-09-18T08:01:11.875335693,25.186234,-92.71709
2020-09-18T08:01:11.877624511,25.191898,-92.718346
2020-09-18T08:01:11.879531860,25.189508,-92.7184
2020-09-18T08:01:11.881439208,25.195961,-92.722786
2020-09-18T08:01:11.883346557,25.194635,-92.72761
2020-09-18T08:01:11.885253906,25.184437,-92.72881
2020-09-18T08:01:11.887542724,25.187483,-92.73002
2020-09-18T08:01:11.889450073,25.19524,-92.73795
2020-09-18T08:01:11.891357421,25.197937,-92.7394
2020-09-18T08:01:11.893264770,25.195204,-92.73751
2020-09-18T08:01:11.895555496,25.193121,-92.74045
2020-09-18T08:01:11.897462844,25.198547,-92.745804
2020-09-18T08:01:11.899370193,25.192722,-92.7465
2020-09-18T08:01:11.901277542,25.177557,-92.734695
2020-09-18T08:01:11.903184890,25.185667,-92.74436
2020-09-18T08:01:11.905473709,25.184055,-92.73303
2020-09-18T08:01:11.907381057,25.187178,-92.72905
2020-09-18T08:01:11.909288406,25.181267,-92.7291
2020-09-18T08:01:11.911195755,25.18857,-92.73239
2020-09-18T08:01:11.913103103,25.206352,-92.74589
2020-09-18T08:01:11.915391921,25.193531,-92.71965
2020-09-18T08:01:12.070270538,25.130363,-92.69517
2020-09-18T08:01:12.135883331,25.234291,-92.67813
2020-09-18T08:01:12.155721664,25.10792,-92.73679
2020-09-18T08:01:12.157629013,25.159143,-92.71076
2020-09-18T08:01:12.159917831,25.136206,-92.71691
2020-09-18T08:01:13.513774871,25.232447,-92.44359
2020-09-18T08:01:13.515682220,25.241467,-92.44415
2020-09-18T08:01:13.517589569,25.232437,-92.44264
2020-09-18T08:01:13.519496917,25.24271,-92.44404
2020-09-18T08:01:13.521785736,25.251974,-92.44875
2020-09-18T08:01:13.523693084,25.232447,-92.444916
2020-09-18T08:01:13.525600433,25.24834,-92.447205
2020-09-18T08:01:13.527507781,25.250404,-92.44583
2020-09-18T08:01:13.529415130,25.257706,-92.45249
2020-09-18T08:01:13.531703948,25.23164,-92.41448
2020-09-18T08:01:13.547344207,25.232452,-92.44575
2020-09-18T08:01:13.549633026,25.23255,-92.449875
2020-09-18T08:01:13.551540374,25.232557,-92.44983
2020-09-18T08:01:13.553447723,25.232529,-92.44844
2020-09-18T08:01:13.555355072,25.253773,-92.451355
2020-09-18T08:01:13.557262420,25.244371,-92.446915
2020-09-18T08:01:13.559551239,25.24497,-92.44673
2020-09-18T08:01:13.561458587,25.24445,-92.446045
2020-09-18T08:01:13.563365936,25.232515,-92.4456
2020-09-18T08:01:13.565273284,25.232485,-92.44375
2020-09-18T08:01:13.579387664,25.231693,-92.41446
2020-09-18T08:01:13.581295013,25.231709,-92.41445
2020-09-18T08:01:13.583202362,25.23247,-92.443275
2020-09-18T08:01:13.585109710,25.246723,-92.45195
2020-09-18T08:01:13.587398529,25.258776,-92.452736
2020-09-18T08:01:13.589305877,25.256897,-92.45057
2020-09-18T08:01:13.591213226,25.263174,-92.45375
2020-09-18T08:01:13.593120574,25.24857,-92.44501
2020-09-18T08:01:13.595027923,25.231699,-92.414406
2020-09-18T08:01:13.597316741,25.23168,-92.4144
2020-09-18T08:01:13.601131439,25.231657,-92.41439
2020-09-18T08:01:13.603038787,25.232548,-92.44903
2020-09-18T08:01:13.605327606,25.24814,-92.46112
2020-09-18T08:01:13.607234954,25.232838,-92.460686
2020-09-18T08:01:13.609142303,25.232754,-92.45742
2020-09-18T08:01:13.611049652,25.25766,-92.47232
2020-09-18T08:01:13.064395904,24.871569,-93.02549
2020-09-18T08:01:13.066303253,24.875576,-93.048294
2020-09-18T08:01:13.068210601,24.882805,-93.033844
2020-09-18T08:01:13.070499420,24.848377,-93.04333
2020-09-18T08:01:13.072406768,24.848377,-93.04334
2020-09-18T08:01:13.074314117,24.848377,-93.04335
2020-09-18T08:01:13.076221466,24.848377,-93.04336
2020-09-18T08:01:13.078128814,24.848377,-93.04337
2020-09-18T08:01:13.080417633,24.848377,-93.04336
2020-09-18T08:01:13.094150543,24.848331,-93.0433
2020-09-18T08:01:13.096057891,24.848316,-93.0433
2020-09-18T08:01:13.100254058,24.87568,-93.0483
2020-09-18T08:01:13.211645126,24.831137,-93.054886
2020-09-18T08:01:13.229574203,24.892323,-93.051285
2020-09-18T08:01:13.263145446,24.928576,-93.05796
2020-09-18T08:01:13.265052795,24.898968,-93.05255
2020-09-18T08:01:13.267341613,24.89746,-93.05227
2020-09-18T08:01:13.269248962,24.875898,-93.06061
2020-09-18T08:01:13.271156311,24.878017,-93.05205
2020-09-18T08:01:13.273063659,24.880514,-93.05245
2020-09-18T08:01:13.274971008,24.884335,-93.05739
2020-09-18T08:01:13.277259826,24.882093,-93.05522
2020-09-18T08:01:13.279167175,24.885693,-93.06031
2020-09-18T08:01:13.281074523,24.88302,-93.05941
2020-09-18T08:01:13.282981872,24.881956,-93.05993
2020-09-18T08:01:13.284889221,24.8831,-93.05962
2020-09-18T08:01:13.287178039,24.87611,-93.06595
2020-09-18T08:01:13.289085388,24.876722,-93.06565
2020-09-18T08:01:13.290992736,24.873661,-93.06814
2020-09-18T08:01:13.292900085,24.873405,-93.06932
2020-09-18T08:01:13.295188903,24.8776,-93.07305
2020-09-18T08:01:13.297096252,24.886236,-93.0505
2020-09-18T08:01:13.299003601,24.883362,-93.07213
2020-09-18T08:01:13.300910949,24.901602,-93.05297
2020-09-18T08:01:13.302818298,24.864738,-93.0959
2020-09-18T08:01:13.305107116,24.867197,-93.081215
2020-09-18T08:01:13.307014465,24.878506,-93.07501
2020-09-18T08:01:13.308921813,24.848473,-93.04339
2020-09-18T08:01:13.315025329,24.850775,-93.13114
2020-09-18T08:01:13.348594665,24.929836,-93.10347
2020-09-18T08:01:13.350502014,24.906633,-93.07986
2020-09-18T08:01:13.533611297,24.851791,-92.93688
2020-09-18T08:01:13.535518646,24.824572,-92.936295
2020-09-18T08:01:13.537425994,24.832602,-92.93185
2020-09-18T08:01:13.539714813,24.847477,-92.951744
2020-09-18T08:01:13.541622161,24.886427,-93.1158
2020-09-18T08:01:13.583202362,24.89768,-93.13973
2020-09-18T08:01:13.585109710,24.892628,-93.1398
2020-09-18T08:01:13.668653488,24.807816,-92.92733
2020-09-18T08:01:19.777981759,25.233696,-92.50203
2020-09-18T08:01:19.780270577,25.233692,-92.50203
2020-09-18T08:01:19.825666428,25.233692,-92.50204
2020-09-18T08:01:19.861525059,25.23372,-92.50209
2020-09-18T08:01:19.863432408,25.233725,-92.50209
2020-09-18T08:01:19.865721226,25.248854,-92.5048
2020-09-18T08:01:19.873351098,25.249603,-92.50491
2020-09-18T08:01:19.875639916,25.23372,-92.50205
2020-09-18T08:01:19.877547265,25.23827,-92.50195
2020-09-18T08:01:19.887465477,25.236492,-92.50133
2020-09-18T08:01:19.889372826,25.233774,-92.502144
2020-09-18T08:01:19.897383690,25.233765,-92.50214
2020-09-18T08:01:19.899291039,25.233757,-92.50214
2020-09-18T08:01:19.911498547,25.233685,-92.502075
2020-09-18T08:01:19.913405896,25.233702,-92.502075
2020-09-18T08:01:19.925231457,25.233746,-92.50208
2020-09-18T08:01:22.100023746,25.043926,-92.69303
2020-09-18T08:01:22.125964164,25.03842,-92.685
2020-09-18T08:01:22.165637969,25.044035,-92.69189
2020-09-18T08:01:32.293052673,25.084076,-92.72197
2020-09-18T08:01:32.296867370,25.08001,-92.73638
2020-09-18T08:01:32.320899963,25.08008,-92.73641
2020-09-18T08:01:32.327003479,25.080025,-92.736435
2020-09-18T08:01:32.328910827,25.080008,-92.73644
2020-09-18T08:01:32.374687194,25.10644,-92.741165
2020-09-18T08:01:32.388420104,25.08005,-92.736404
2020-09-18T08:01:34.374383926,25.048054,-92.730705
2020-09-18T08:01:34.446100234,25.08053,-92.73662
2020-09-18T08:01:34.531551361,25.083227,-92.756775
2020-09-18T08:01:34.623106002,25.080652,-92.73662
2020-09-18T08:01:34.821853637,25.080719,-92.7364
2020-09-18T08:01:46.215382575,25.079752,-92.697655
2020-09-18T08:01:46.297019004,25.056513,-92.69224
2020-09-18T08:01:46.298926353,25.079733,-92.696434
2020-09-18T08:01:46.475930213,25.046743,-92.68455
2020-09-18T08:01:54.201574325,25.116005,-92.74331
2020-09-18T08:01:54.219503402,25.114359,-92.72997
2020-09-18T08:01:54.235525131,25.080399,-92.73693
2020-09-18T08:01:54.306861877,25.12468,-92.744896
2020-09-18T08:01:54.354545593,25.114239,-92.72849
2020-09-18T08:01:54.764251708,25.080341,-92.73682
2020-09-18T08:01:54.766159057,25.080349,-92.736824
2020-09-18T08:01:54.821853637,25.034071,-92.72058
2020-09-18T08:01:54.831771850,25.048685,-92.72393
2020-09-18T08:01:54.833679199,25.04372,-92.71502
2020-09-18T08:01:54.845886230,25.07015,-92.72232
2020-09-18T08:01:54.847793579,25.045706,-92.721146
2020-09-18T08:01:54.873735427,25.049871,-92.71922
2020-09-18T08:01:54.875642776,25.08028,-92.73683
2020-09-18T08:01:54.901582717,25.051704,-92.73176
2020-09-18T08:01:54.943162918,25.080349,-92.736946
2020-09-18T08:01:54.945070266,25.080376,-92.736946
2020-09-18T08:01:55.328834533,23.29238,-93.95182
2020-09-18T08:01:55.331123352,23.293167,-93.98145
2020-09-18T08:01:55.505840301,23.30322,-93.95543
2020-09-18T08:02:04.122225761,25.07676,-92.64881
2020-09-18T08:02:04.404518127,25.060936,-92.76094
2020-09-18T08:02:04.406425476,25.061962,-92.75627
2020-09-18T08:02:04.408332824,25.079206,-92.7365
2020-09-18T08:02:04.456017494,25.06196,-92.7443
2020-09-18T08:02:04.457924842,25.079208,-92.73658
2020-09-18T08:02:04.478142738,25.074379,-92.747086
2020-09-18T08:02:04.480050086,25.079283,-92.736626
2020-09-18T08:02:04.515909194,25.079319,-92.73667
2020-09-18T08:02:04.543756484,25.079336,-92.73674
2020-09-18T08:02:04.601359367,25.079382,-92.73669
2020-09-18T08:02:14.442285537,25.024834,-92.652115
2020-09-18T08:02:14.491876602,25.039406,-92.658485
2020-09-18T08:02:14.529644012,25.07776,-92.64904
2020-09-18T08:02:14.559398651,25.049707,-92.64403
2020-09-18T08:02:14.591442108,25.028297,-92.639534
2020-09-18T08:02:15.068286895,25.051126,-92.752014
2020-09-18T08:02:15.156026840,25.080204,-92.73663
2020-09-18T08:02:15.157934188,25.027252,-92.741554
2020-09-18T08:02:15.193792343,25.080193,-92.7366
2020-09-18T08:02:15.197607040,25.051207,-92.74257
2020-09-18T08:02:15.247200012,25.08002,-92.7366
2020-09-18T08:02:15.291069030,25.118788,-92.74368
2020-09-18T08:02:15.292976379,25.080116,-92.73668
2020-09-18T08:02:15.295265197,25.03579,-92.73718
2020-09-18T08:02:15.297172546,25.082094,-92.75581
2020-09-18T08:02:15.325019836,25.082535,-92.757744
2020-09-18T08:02:15.426492691,25.05727,-92.749245
2020-09-18T08:02:15.428400039,25.083849,-92.75802
2020-09-18T08:02:15.561534881,25.160688,-92.75118
2020-09-18T08:02:15.565349578,25.080324,-92.73661
2020-09-18T08:02:15.630964279,25.123861,-92.74143
2020-09-18T08:02:15.633253097,25.048561,-92.74548
2020-09-18T08:02:15.635160446,25.081312,-92.74689
2020-09-18T08:02:29.740598678,25.026981,-92.70601
2020-09-18T08:02:29.742506027,25.030302,-92.70647
2020-09-18T08:02:29.750516891,25.027275,-92.70663
2020-09-18T08:02:29.752424240,25.028416,-92.702255
2020-09-18T08:02:29.782179832,25.041672,-92.72978
2020-09-18T08:02:29.784087181,25.032888,-92.704094
2020-09-18T08:02:29.803923606,25.000015,-92.72225
2020-09-18T08:02:29.821853637,25.04873,-92.731064
2020-09-18T08:02:29.823760986,25.03126,-92.69652
2020-09-18T08:02:29.826049804,25.033598,-92.70131
2020-09-18T08:02:30.018694877,25.024853,-92.68888
2020-09-18T08:02:43.778135299,25.091358,-92.67702
2020-09-18T08:02:43.805982589,25.119831,-92.70641
2020-09-18T08:02:43.969254493,25.078396,-92.691765
2020-09-18T08:02:44.004732131,25.072947,-92.694786
2020-09-18T08:02:44.007020950,25.115314,-92.71146
2020-09-18T08:02:44.008928298,25.079273,-92.688354
2020-09-18T08:02:44.010835647,25.081535,-92.67745
2020-09-18T08:02:44.012742996,25.124771,-92.72946
2020-09-18T08:02:44.014650344,25.079796,-92.69025
2020-09-18T08:02:44.018846511,25.104324,-92.71383
2020-09-18T08:02:44.020753860,25.105331,-92.71985
2020-09-18T08:02:44.022661209,25.085497,-92.70626
2020-09-18T08:02:44.026857376,25.117615,-92.72505
2020-09-18T08:02:44.028764724,25.102898,-92.714966
2020-09-18T08:02:44.032579421,25.123873,-92.72858
2020-09-18T08:02:44.034486770,25.125021,-92.72209
2020-09-18T08:02:44.040590286,25.159983,-92.75005
2020-09-18T08:02:44.044786453,25.159334,-92.7257
2020-09-18T08:02:44.046693801,25.10484,-92.7172
2020-09-18T08:02:44.048601150,25.125624,-92.724686
2020-09-18T08:02:44.050508499,25.159966,-92.750015
2020-09-18T08:02:44.056612014,25.159388,-92.727554
2020-09-18T08:02:44.060426712,25.146666,-92.72646
2020-09-18T08:02:44.064622879,25.159443,-92.729515
2020-09-18T08:02:44.066531181,25.173822,-92.73155
2020-09-18T08:02:44.070345878,25.159319,-92.725006
2020-09-18T08:02:44.096285820,25.239088,-92.71022
2020-09-18T08:02:44.100100517,25.19107,-92.720955
2020-09-18T08:02:44.102389335,25.16492,-92.714195
2020-09-18T08:02:44.217595100,25.202562,-92.71623
2020-09-18T08:02:44.221409797,25.23825,-92.67688
2020-09-18T08:02:44.296941757,25.06707,-92.66671
2020-09-18T08:02:44.299230575,25.09924,-92.70228
2020-09-18T08:02:44.301137924,25.092205,-92.68209
2020-09-18T08:02:44.303045272,25.160141,-92.75012
2020-09-18T08:02:44.322882652,25.117018,-92.7163
2020-09-18T08:02:44.340811729,25.159517,-92.72608
2020-09-18T08:02:44.342719078,25.099089,-92.70412
2020-09-18T08:02:44.345007896,25.10783,-92.70603
2020-09-18T08:02:44.346915245,25.105661,-92.70911
2020-09-18T08:02:44.352637290,25.079742,-92.73557
2020-09-18T08:02:44.396507263,25.157763,-92.66238
2020-09-18T08:02:44.430458068,25.09871,-92.70364
2020-09-18T08:02:44.432365417,25.112251,-92.71197
2020-09-18T08:02:44.505990982,25.11545,-92.70222
2020-09-18T08:02:44.507898330,25.112354,-92.710655
2020-09-18T08:02:56.372934341,23.313023,-93.9637
2020-09-18T08:02:56.382852554,23.292448,-93.981
2020-09-18T08:02:56.384759902,23.31116,-93.963234
2020-09-18T08:03:14.335090637,25.071999,-92.62621
2020-09-18T08:03:14.376672744,25.124453,-92.65793
2020-09-18T08:03:14.378580093,25.116629,-92.61339
2020-09-18T08:03:02.857634544,25.08027,-92.7364
2020-09-18T08:03:02.945374011,25.100748,-92.747086
2020-09-18T08:03:02.947281360,25.099905,-92.74872
2020-09-18T08:03:02.949188709,25.12163,-92.74388
2020-09-18T08:03:02.955292224,25.160587,-92.750885
2020-09-18T08:03:03.014802932,25.080227,-92.73638
2020-09-18T08:03:03.016710281,25.080227,-92.73638
2020-09-18T08:03:03.026628494,25.080217,-92.736374
2020-09-18T08:03:03.028917312,25.080214,-92.736374
2020-09-18T08:03:03.036546707,25.080227,-92.73631
2020-09-18T08:03:03.038835525,25.052738,-92.71627
2020-09-18T08:03:03.046464920,25.058834,-92.71538
2020-09-18T08:03:03.277257919,25.063316,-92.72309
2020-09-18T08:03:03.305105209,25.080105,-92.736404
2020-09-18T08:03:03.334860801,25.080223,-92.73645
2020-09-18T08:03:03.336768150,25.080242,-92.73645
2020-09-18T08:03:03.346686363,25.080227,-92.73645
2020-09-18T08:03:05.567255973,25.58039,-92.69067
2020-09-18T08:03:05.569544792,25.595127,-92.69748
2020-09-18T08:03:05.571452140,25.594023,-92.698524
2020-09-18T08:03:05.710690498,25.60199,-92.70496
2020-09-18T08:03:13.070499420,24.92788,-93.05856
2020-09-18T08:03:13.072406768,24.881058,-93.05203
2020-09-18T08:03:13.074314117,24.895638,-93.052666
2020-09-18T08:03:13.076602935,24.889551,-93.0673
2020-09-18T08:03:13.078510284,24.92785,-93.05855
2020-09-18T08:03:13.080417633,24.873627,-93.04528
2020-09-18T08:03:13.082324981,24.847692,-93.043945
2020-09-18T08:03:13.084232330,24.882044,-93.06375
2020-09-18T08:03:13.086521148,24.881496,-93.05016
2020-09-18T08:03:13.088428497,24.84776,-93.04402
2020-09-18T08:03:13.090335845,24.88793,-93.05135
2020-09-18T08:03:13.110172271,24.889032,-93.089836
2020-09-18T08:03:13.112079620,24.878277,-93.08791
2020-09-18T08:03:13.116275787,24.862154,-93.10113
2020-09-18T08:03:13.118183135,24.878553,-93.10483
2020-09-18T08:03:13.120090484,24.850014,-93.13164
2020-09-18T08:03:13.122379302,24.849365,-93.107
2020-09-18T08:03:13.124286651,24.867123,-93.09934
2020-09-18T08:03:13.126194000,24.850027,-93.13169
2020-09-18T08:03:13.128101348,24.849365,-93.10651
2020-09-18T08:03:13.162054061,24.767561,-93.02933
2020-09-18T08:03:13.185705184,24.930254,-93.14644
2020-09-18T08:03:13.187612533,24.930256,-93.14644
2020-09-18T08:03:13.189901351,24.929152,-93.10491
2020-09-18T08:03:13.191808700,24.930252,-93.14644
2020-09-18T08:03:39.995041371,23.368835,-93.90831
2020-09-18T08:03:40.024796485,23.368855,-93.90827
2020-09-18T08:03:40.112535953,23.340467,-93.90321
2020-09-18T08:03:55.539791107,25.080359,-92.73707
2020-09-18T08:03:55.545894622,25.080336,-92.737015
2020-09-18T08:03:55.555812835,25.080393,-92.737045
2020-09-18T08:03:55.589382171,25.044914,-92.708725
2020-09-18T08:03:55.638975143,25.080162,-92.73693
2020-09-18T08:03:55.643171310,25.080181,-92.73697
2020-09-18T08:03:55.744644165,25.073723,-92.73071
2020-09-18T08:03:55.746551513,25.080215,-92.73692
2020-09-18T08:04:10.406655311,25.157621,-92.662285
2020-09-18T08:04:10.428399085,25.157583,-92.66222
2020-09-18T08:04:10.442514419,25.15757,-92.66227
2020-09-18T08:04:10.446329116,25.157555,-92.66224
2020-09-18T08:04:10.482187271,25.157558,-92.66236
2020-09-18T08:04:10.515757560,25.15752,-92.66232
2020-09-18T08:04:10.537882804,25.157469,-92.6624
2020-09-18T08:04:10.541697502,25.157497,-92.66241
2020-09-18T08:04:10.543604850,25.157518,-92.662415
2020-09-18T08:04:10.571453094,25.146893,-92.66041
2020-09-18T08:04:10.637066841,25.165913,-92.669266
2020-09-18T08:04:10.637066841,24.9968,-92.63345
2020-09-18T08:04:10.638974189,25.157522,-92.662346
2020-09-18T08:04:10.641263008,25.075113,-92.62973
2020-09-18T08:04:10.649273872,25.152498,-92.67747
2020-09-18T08:04:10.651181221,25.137407,-92.6727
2020-09-18T08:04:10.653088569,25.157473,-92.66238
2020-09-18T08:04:10.664914131,25.168997,-92.680824
2020-09-18T08:04:10.666821479,25.157572,-92.66232
2020-09-18T08:04:10.671017646,25.170193,-92.68467
2020-09-18T08:04:10.684750556,25.02578,-92.60634
2020-09-18T08:04:10.688947677,25.17205,-92.68462
2020-09-18T08:04:10.706876754,25.15817,-92.68806
2020-09-18T08:04:10.714887619,25.15756,-92.66246
2020-09-18T08:04:10.716794967,25.157589,-92.66247
2020-09-18T08:04:10.718702316,25.157616,-92.662476
2020-09-18T08:04:10.720609664,25.157606,-92.66247
2020-09-18T08:04:10.726713180,25.17506,-92.69234
2020-09-18T08:04:10.728620529,25.174068,-92.69108
2020-09-18T08:04:10.730527877,25.175457,-92.70315
2020-09-18T08:04:10.732435226,25.184387,-92.70416
2020-09-18T08:04:10.734724044,25.187368,-92.70903
2020-09-18T08:04:10.736631393,25.187305,-92.710365
2020-09-18T08:04:10.738538742,25.179577,-92.70748
2020-09-18T08:04:10.740446090,25.140282,-92.68999
2020-09-18T08:04:10.742353439,25.192247,-92.71693
2020-09-18T08:04:10.744642257,25.193336,-92.71803
2020-09-18T08:04:10.746549606,25.194511,-92.71744
2020-09-18T08:04:10.748456954,25.196915,-92.71791
2020-09-18T08:04:10.750365257,25.158516,-92.69831
2020-09-18T08:04:10.752654075,25.15861,-92.70146
2020-09-18T08:04:10.770201683,25.178259,-92.69293
2020-09-18T08:04:10.782408714,25.238049,-92.67696
2020-09-18T08:04:10.784316062,25.157558,-92.6624
2020-09-18T08:04:10.786223411,25.207455,-92.69833
2020-09-18T08:04:10.788130760,25.215319,-92.695045
2020-09-18T08:04:10.806059837,25.239613,-92.738396
2020-09-18T08:04:10.807967185,25.20496,-92.72504
2020-09-18T08:04:10.810256004,25.187498,-92.71494
2020-09-18T08:04:10.812164306,25.19286,-92.72594
2020-09-18T08:04:10.814071655,25.190699,-92.72372
2020-09-18T08:04:10.815979003,25.188484,-92.72382
2020-09-18T08:04:10.817886352,25.199005,-92.72926
2020-09-18T08:04:10.820175170,25.20277,-92.73275
2020-09-18T08:04:10.822082519,25.200977,-92.73109
2020-09-18T08:04:10.823989868,25.20898,-92.74165
2020-09-18T08:04:10.825897216,25.211538,-92.75188
2020-09-18T08:04:10.828186035,25.199865,-92.746445
2020-09-18T08:04:10.830093383,25.198875,-92.75156
2020-09-18T08:04:10.832000732,25.203747,-92.75957
2020-09-18T08:04:10.833908081,25.208633,-92.7779
2020-09-18T08:04:10.835815429,25.202461,-92.768715
2020-09-18T08:04:10.838104248,25.200085,-92.76289
2020-09-18T08:04:10.840011596,25.216278,-92.77028
2020-09-18T08:04:10.939195632,25.237963,-92.67713
2020-09-18T08:04:11.028842926,25.145235,-92.65683
2020-09-18T08:04:11.044864654,25.15756,-92.66257
2020-09-18T08:04:23.374915122,25.052374,-92.6928
2020-09-18T08:04:23.400474548,25.079021,-92.69764
2020-09-18T08:04:23.404670715,25.078922,-92.69428
2020-09-18T08:04:23.516061782,25.083765,-92.67735
2020-09-18T08:04:23.561838150,25.068314,-92.68277
2020-09-18T08:04:23.563745498,25.0366,-92.68233
2020-09-18T08:04:23.657207489,25.05111,-92.67749
2020-09-18T08:04:23.661022186,25.057215,-92.674774
2020-09-18T08:04:23.672847747,25.09667,-92.68232
2020-09-18T08:04:23.682765960,25.12119,-92.6974
2020-09-18T08:04:23.685054779,25.082607,-92.67513
2020-09-18T08:04:32.848098754,25.081055,-92.73677
2020-09-18T08:04:32.933549880,25.048532,-92.70416
2020-09-18T08:04:32.937364578,25.041552,-92.68801
2020-09-18T08:04:32.953386306,25.080904,-92.73677
2020-09-18T08:04:45.867858886,23.347292,-93.96515
2020-09-18T08:04:45.995271682,23.299892,-93.96276
2020-09-18T08:04:45.997179031,23.312271,-93.95217
2020-09-18T08:04:46.172276496,23.291485,-93.9528
2020-09-18T08:04:46.207753181,23.292128,-93.9812
2020-09-18T08:04:54.368659973,25.127373,-92.711975
2020-09-18T08:04:54.398797988,25.08016,-92.73661
2020-09-18T08:04:54.454492568,25.106981,-92.68563
2020-09-18T08:04:54.456399917,25.116577,-92.69186
2020-09-18T08:04:54.535747528,25.05419,-92.704346
2020-09-18T08:04:54.543758392,25.080275,-92.73652
2020-09-18T08:04:54.547954559,25.080301,-92.73651
2020-09-18T08:04:54.549861907,25.080313,-92.73652
2020-09-18T08:04:54.551769256,25.080322,-92.736534
2020-09-18T08:05:32.462427139,25.079708,-92.73671
2020-09-18T08:05:32.498285293,25.079767,-92.73652
2020-09-18T08:05:32.577632904,25.079657,-92.736496
2020-09-18T08:05:32.595561981,25.047712,-92.694534
2020-09-18T08:05:32.597469329,25.060757,-92.71594
2020-09-18T08:05:32.599376678,25.079723,-92.73651
2020-09-18T08:05:32.601665496,25.079712,-92.73653
2020-09-18T08:05:32.609294891,25.091585,-92.72529
2020-09-18T08:05:32.611583709,25.079683,-92.736595
2020-09-18T08:05:32.613491058,25.079693,-92.736595
2020-09-18T08:05:36.114675521,23.291306,-93.96285
2020-09-18T08:05:36.128408432,23.291027,-93.95344
2020-09-18T08:05:36.130315780,23.291758,-93.98092
2020-09-18T08:05:36.136419296,23.291819,-93.98092
2020-09-18T08:05:36.150533676,23.291822,-93.98089
2020-09-18T08:05:36.180288314,23.305738,-93.93993
2020-09-18T08:05:36.219961166,23.291874,-93.98095
2020-09-18T08:05:36.221868515,23.291037,-93.94955
2020-09-18T08:05:36.233695983,23.291147,-93.95635
2020-09-18T08:05:36.241706848,23.309826,-93.95364
2020-09-18T08:05:36.287483215,23.29097,-93.94565
2020-09-18T08:05:36.289390563,23.290937,-93.94408
2020-09-18T08:05:36.691083908,25.131172,-92.745895
2020-09-18T08:05:36.692991256,25.110579,-92.750725
2020-09-18T08:05:36.694898605,25.118801,-92.74837
2020-09-18T08:05:36.696805953,25.116526,-92.75321
2020-09-18T08:05:36.701002120,25.14083,-92.74771
2020-09-18T08:05:36.702909469,25.138136,-92.74723
2020-09-18T08:05:36.704816818,25.139406,-92.74747
2020-09-18T08:05:36.709012985,25.140629,-92.7477
2020-09-18T08:05:36.716642379,25.140076,-92.747604
2020-09-18T08:05:36.722747802,25.159729,-92.751175
2020-09-18T08:05:36.724655151,25.159744,-92.751175
2020-09-18T08:05:36.734573364,25.170578,-92.7262
2020-09-18T08:05:36.736862182,25.159727,-92.75123
2020-09-18T08:05:36.780349731,25.159763,-92.75118
2020-09-18T08:05:36.782257080,25.141499,-92.74788
2020-09-18T08:05:36.784545898,25.159746,-92.75119
2020-09-18T08:05:36.790267944,25.159742,-92.75119
2020-09-18T08:05:36.792175292,25.159758,-92.75119
2020-09-18T08:05:36.794464111,25.15736,-92.74983
2020-09-18T08:05:36.796371459,25.159788,-92.75118
2020-09-18T08:05:36.806289672,25.205517,-92.73988
2020-09-18T08:05:36.810104370,25.159754,-92.75115
2020-09-18T08:05:36.829940795,25.238998,-92.71646
2020-09-18T08:05:36.844055175,25.111702,-92.74239
2020-09-18T08:05:36.845964431,25.113016,-92.74262
2020-09-18T08:05:36.847871780,25.079319,-92.7365
2020-09-18T08:05:36.850160598,25.07933,-92.73651
2020-09-18T08:05:36.852067947,25.079342,-92.736534
2020-09-18T08:05:36.853975296,25.079342,-92.73654
2020-09-18T08:05:36.935609817,25.182003,-92.73039
2020-09-18T08:05:36.937517166,25.159775,-92.75121
2020-09-18T08:05:36.943620681,25.15909,-92.72386
2020-09-18T08:05:36.945528030,25.15982,-92.75118
2020-09-18T08:05:36.969181060,25.126204,-92.74517
2020-09-18T08:05:36.971088409,25.126328,-92.74518
2020-09-18T08:05:36.975284576,25.130196,-92.74584
2020-09-18T08:05:36.977191925,25.117903,-92.74357
2020-09-18T08:05:36.979099273,25.120451,-92.74681
2020-09-18T08:05:37.006946563,25.079319,-92.73657
2020-09-18T08:05:37.104604721,25.144981,-92.75668
2020-09-18T08:05:37.191961288,25.121267,-92.74518
2020-09-18T08:05:37.193868637,25.129194,-92.745705
2020-09-18T08:05:37.219810485,25.188013,-92.72497
2020-09-18T08:05:37.221717834,25.159897,-92.751305
2020-09-18T08:05:52.317085266,25.114979,-92.74308
2020-09-18T08:05:52.329292297,25.11371,-92.72741
2020-09-18T08:05:52.331199645,25.123978,-92.72479
2020-09-18T08:05:52.382698059,25.09572,-92.720604
2020-09-18T08:05:52.384986877,25.07983,-92.7122
2020-09-18T08:05:52.398721694,25.126204,-92.727425
2020-09-18T08:05:52.400629043,25.091816,-92.70581
2020-09-18T08:05:52.402536392,25.094715,-92.70688
2020-09-18T08:05:52.935457229,24.929958,-93.09078
2020-09-18T08:05:52.937364578,24.930065,-93.09436
2020-09-18T08:05:52.939653396,24.930109,-93.09568
2020-09-18T08:05:52.941560745,24.930897,-93.09602
2020-09-18T08:05:52.943468093,24.932337,-93.09461
2020-09-18T08:05:52.945375442,24.929968,-93.08945
2020-09-18T08:05:52.947282791,24.93814,-93.087265
2020-09-18T08:05:52.949571609,24.929838,-93.08432
2020-09-18T08:05:52.951478958,24.92976,-93.081985
2020-09-18T08:05:52.953386306,24.929653,-93.07852
2020-09-18T08:05:52.955293655,24.929104,-93.05849
2020-09-18T08:05:52.957201004,24.929962,-93.09134
2020-09-18T08:05:52.959489822,24.92908,-93.05847
2020-09-18T08:05:52.961397171,24.929733,-93.08307
2020-09-18T08:05:52.973222732,24.930414,-93.10615
2020-09-18T08:05:52.975130081,24.941664,-93.08958
2020-09-18T08:05:52.977418899,24.917683,-93.10614
2020-09-18T08:05:52.979326248,24.930502,-93.10693
2020-09-18T08:05:52.981233596,24.908937,-93.11804
2020-09-18T08:05:52.983140945,24.910616,-93.118355
2020-09-18T08:05:52.985048294,24.92911,-93.05857
2020-09-18T08:05:52.987337112,24.929073,-93.05857
2020-09-18T08:05:52.989244461,24.92905,-93.05856
2020-09-18T08:05:52.994966506,24.901396,-93.11828
2020-09-18T08:05:52.997255325,24.89936,-93.10525
2020-09-18T08:05:52.999162673,24.906942,-93.07941
2020-09-18T08:05:53.001070022,24.929134,-93.05853
2020-09-18T08:05:53.002977371,24.929121,-93.05851
2020-09-18T08:05:53.007173538,24.929094,-93.058464
2020-09-18T08:05:53.009082794,24.911499,-93.08985
2020-09-18T08:05:53.012897491,24.894344,-93.09113
2020-09-18T08:05:53.015186309,24.929096,-93.058525
2020-09-18T08:05:53.017093658,24.9291,-93.05855
2020-09-18T08:06:06.891738891,25.114468,-92.67531
2020-09-18T08:06:06.921494483,25.080652,-92.660385
2020-09-18T08:06:06.965363502,25.077604,-92.64895
2020-09-18T08:06:07.048907279,25.081755,-92.66659
2020-09-18T08:06:07.074847221,25.084751,-92.65971
2020-09-18T08:06:07.076754570,25.097065,-92.66452
2020-09-18T08:06:07.078661918,25.060736,-92.64757
2020-09-18T08:06:07.130542755,25.158045,-92.66342
2020-09-18T08:06:07.132450103,25.158045,-92.663414
2020-09-18T08:06:07.259481430,25.07404,-92.64727
2020-09-18T08:06:07.263677597,25.059292,-92.64712
2020-09-18T08:06:07.265584945,25.066996,-92.652664
2020-09-18T08:06:07.267492294,24.997293,-92.634514
2020-09-18T08:06:07.331198692,25.052618,-92.63237
2020-09-18T08:06:08.379112243,23.32541,-93.94825
2020-09-18T08:06:08.436715126,23.332952,-93.9323
2020-09-18T08:06:08.462656021,23.289574,-93.893555
2020-09-18T08:06:08.466470718,23.303665,-93.95855
2020-09-18T08:06:08.468378067,23.316095,-93.95403
2020-09-18T08:06:08.548106193,23.291233,-93.951
2020-09-18T08:06:13.106739044,24.996338,-92.59831
2020-09-18T08:06:13.150228500,25.043385,-92.60206
2020-09-18T08:06:23.180362701,24.11579,-92.30812
2020-09-18T08:06:23.192188262,24.100765,-92.28737
2020-09-18T08:06:23.241780281,24.115898,-92.30829
2020-09-18T08:06:23.244069099,24.1159,-92.30826
2020-09-18T08:06:23.315404891,24.115448,-92.28674
2020-09-18T08:06:23.369193077,24.114832,-92.26136
2020-09-18T08:06:23.504235267,24.1149,-92.26665
2020-09-18T08:06:23.506524085,24.115257,-92.28112
2020-09-18T08:06:23.551919937,24.11386,-92.221954
2020-09-18T08:06:23.554208755,24.123447,-92.25789
2020-09-18T08:06:25.434502601,25.008472,-92.68071
2020-09-18T08:06:25.436409950,25.053022,-92.70385
2020-09-18T08:06:25.488289833,25.010471,-92.67154
2020-09-18T08:06:25.490198135,25.04547,-92.6932
2020-09-18T08:06:25.557719230,24.99125,-92.678375
2020-09-18T08:06:25.560008049,25.014061,-92.697876
2020-09-18T08:06:25.722897529,25.012012,-92.67293
2020-09-18T08:06:25.724804878,25.00849,-92.67474
2020-09-18T08:06:25.808348655,25.039885,-92.68677
2020-09-18T08:06:26.832228660,23.293125,-93.98162
2020-09-18T08:06:26.842146873,23.293146,-93.98164
2020-09-18T08:06:26.868087768,23.293203,-93.981674
2020-09-18T08:06:26.889831542,23.293144,-93.981705
2020-09-18T08:06:26.909667968,23.29319,-93.98166
2020-09-18T08:06:26.981386184,23.293188,-93.98168
2020-09-18T08:06:26.995500564,23.293152,-93.98165
2020-09-18T08:06:27.019151687,23.293175,-93.98162
2020-09-18T08:06:27.072939872,23.293146,-93.98169
2020-09-18T08:06:45.325400352,24.115057,-92.308205
2020-09-18T08:06:45.351340293,24.085793,-92.34726
2020-09-18T08:06:45.391014099,24.120949,-92.35682
2020-09-18T08:06:45.392921447,24.114986,-92.308136
2020-09-18T08:06:45.502405166,24.146145,-92.35676
2020-09-18T08:06:45.351340293,24.031548,-92.12193
2020-09-18T08:06:45.504312515,24.114271,-92.328094
2020-09-18T08:06:45.530252456,24.11508,-92.30816
2020-09-18T08:06:45.599680900,24.003698,-92.148575
2020-09-18T08:06:45.613796234,24.05204,-92.18541
2020-09-18T08:06:45.615703582,24.023718,-92.18273
2020-09-18T08:06:45.617610931,24.054693,-92.20989
2020-09-18T08:06:45.667583465,24.115107,-92.3082
2020-09-18T08:06:45.848402976,24.111242,-92.29985
2020-09-18T08:06:55.893800735,23.32198,-93.987686
2020-09-18T08:06:55.907915115,23.292065,-93.95063
2020-09-18T08:06:56.025028228,23.292019,-93.94763
2020-09-18T08:06:56.027317047,23.329084,-93.95568
2020-09-18T08:06:56.029224395,23.292933,-93.982475
2020-09-18T08:06:56.058979034,23.370348,-93.94879
2020-09-18T08:06:56.128408432,23.29194,-93.948425
2020-09-18T08:06:56.130697250,23.292816,-93.98231
2020-09-18T08:06:56.132604598,23.291985,-93.950356
2020-09-18T08:06:56.134511947,23.292812,-93.98229
2020-09-18T08:06:56.224157333,23.324133,-93.951195
2020-09-18T08:06:56.287483215,23.325188,-93.95095
2020-09-18T08:06:56.293586730,23.29196,-93.946915
2020-09-18T08:06:56.311515808,23.292845,-93.982216
2020-09-18T08:07:04.200047492,24.159575,-92.28869
2020-09-18T08:07:04.279775619,24.158094,-92.29121
2020-09-18T08:07:04.424736022,24.194067,-92.26826
2020-09-18T08:07:04.430839538,24.193247,-92.23514
2020-09-18T08:07:04.454873085,24.179802,-92.26851
2020-09-18T08:07:09.975206375,25.158115,-92.663
2020-09-18T08:07:10.030901908,25.105541,-92.66629
2020-09-18T08:07:10.033190727,25.093544,-92.66489
2020-09-18T08:07:10.100711822,25.06834,-92.65152
2020-09-18T08:07:10.108722686,25.158054,-92.66301
2020-09-18T08:07:10.134282112,25.049515,-92.67483
2020-09-18T08:07:10.136570930,25.040537,-92.654594
2020-09-18T08:07:10.138478279,25.079971,-92.73627
2020-09-18T08:07:10.140385627,25.101196,-92.72045
2020-09-18T08:07:10.142292976,25.083483,-92.683655
2020-09-18T08:07:10.162129402,25.100182,-92.7399
2020-09-18T08:07:10.164418220,25.06776,-92.68755
2020-09-18T08:07:10.170140266,25.085442,-92.72549
2020-09-18T08:07:10.205999374,25.08471,-92.71632
2020-09-18T08:07:10.215917587,25.07996,-92.73618
2020-09-18T08:07:10.217824935,25.107958,-92.741264
2020-09-18T08:07:10.219732284,25.1008,-92.73996
2020-09-18T08:07:10.222021102,25.07995,-92.736176
2020-09-18T08:07:10.223928451,25.079939,-92.73616
2020-09-18T08:07:10.225835800,25.098467,-92.7395
2020-09-18T08:07:10.230031967,25.07991,-92.73614
2020-09-18T08:07:10.235754013,25.079912,-92.73618
2020-09-18T08:07:10.237661361,25.079912,-92.7362
2020-09-18T08:07:10.239950180,25.079922,-92.736206
2020-09-18T08:07:10.241857528,25.079943,-92.736206
2020-09-18T08:07:10.444421768,25.099314,-92.718636
2020-09-18T08:07:10.498208999,25.072998,-92.71801
2020-09-18T08:07:10.500116348,25.091614,-92.7391
2020-09-18T08:07:10.535975456,25.119518,-92.74361
2020-09-18T08:07:19.679179669,23.292126,-93.9808
2020-09-18T08:07:19.757000924,23.291351,-93.95477
2020-09-18T08:07:19.762722970,23.292068,-93.980774
2020-09-18T08:07:19.798581601,23.292074,-93.98077
2020-09-18T08:07:19.804685116,23.2913,-93.95098
2020-09-18T08:07:19.810407162,23.292063,-93.98081
2020-09-18T08:07:19.812696457,23.290958,-93.93875
2020-09-18T08:07:19.814603806,23.30535,-93.93688
2020-09-18T08:07:19.816511155,23.311388,-93.94044
2020-09-18T08:07:19.854277134,23.290928,-93.93702
2020-09-18T08:07:19.898146630,23.290936,-93.93624
2020-09-18T08:07:19.900053978,23.292099,-93.98076
2020-09-18T08:07:19.921798230,23.290977,-93.94137
2020-09-18T08:07:19.963760376,23.290886,-93.93802
2020-09-18T08:07:21.031129360,24.17041,-92.281395
2020-09-18T08:07:21.058977127,24.153835,-92.27028
2020-09-18T08:07:21.214237689,24.174225,-92.27369
2020-09-18T08:07:37.649732589,24.140987,-92.31316
2020-09-18T08:07:37.753112792,24.115486,-92.30876
2020-09-18T08:07:37.755020141,24.161777,-92.29376
2020-09-18T08:07:37.816436767,24.115507,-92.30881
2020-09-18T08:07:37.933931350,24.150322,-92.3145
2020-09-18T08:07:37.981235504,25.080372,-92.73751
2020-09-18T08:07:38.035022735,25.006115,-92.68317
2020-09-18T08:07:38.067066192,25.007948,-92.66543
2020-09-18T08:07:38.068973541,25.029154,-92.67012
2020-09-18T08:07:38.108648300,25.080292,-92.737526
2020-09-18T08:07:38.146413803,25.03466,-92.692444
2020-09-18T08:07:38.148321151,25.052694,-92.69827
2020-09-18T08:07:38.168157577,25.080381,-92.73766
2020-09-18T08:07:38.351266860,25.043108,-92.69856
2020-09-18T08:07:38.353174209,25.040422,-92.691986
2020-09-18T08:07:38.387125015,25.121607,-92.744934
2020-09-18T08:07:38.389032363,25.070366,-92.73151
2020-09-18T08:07:38.390939712,25.114765,-92.7437
2020-09-18T08:07:38.512248992,25.04676,-92.69929
2020-09-18T08:07:38.514156341,25.067526,-92.70222
2020-09-18T08:07:38.528270721,25.160782,-92.75198
2020-09-18T08:07:38.583967208,25.054129,-92.702126
2020-09-18T08:07:38.585874557,25.069635,-92.703384
2020-09-18T08:07:38.702987670,25.085995,-92.71969
2020-09-18T08:07:38.704895019,25.073124,-92.70233
2020-09-18T08:07:38.707183837,25.103367,-92.72026
2020-09-18T08:07:38.790344238,25.160816,-92.7519
2020-09-18T08:07:38.792633056,25.080406,-92.73733
2020-09-18T08:07:38.794540405,25.071386,-92.717155
2020-09-18T08:07:38.796447753,25.077549,-92.71927
2020-09-18T08:07:38.798355102,25.089205,-92.72379
2020-09-18T08:07:38.800643920,25.082634,-92.72326
2020-09-18T08:07:43.019380569,24.164898,-92.33245
2020-09-18T08:07:43.110934257,24.116037,-92.362144
2020-09-18T08:07:43.142597198,24.116083,-92.30769
2020-09-18T08:07:55.977342605,25.094893,-92.68723
2020-09-18T08:07:56.070804595,25.067917,-92.68048
2020-09-18T08:07:56.088733673,25.096365,-92.68014
2020-09-18T08:07:56.170370101,25.158262,-92.664474
2020-09-18T08:07:58.174261093,23.291426,-93.942406
2020-09-18T08:07:58.188375473,23.29023,-93.89462
2020-09-18T08:07:58.190282821,23.29143,-93.94023
2020-09-18T08:07:58.263908386,23.320887,-93.92498
2020-09-18T08:07:58.273826599,23.368967,-93.908875
2020-09-18T08:07:58.275733947,23.29026,-93.894775
2020-09-18T08:07:58.287559509,23.322762,-93.9194
2020-09-18T08:07:58.295570373,23.334293,-93.90266
2020-09-18T08:07:58.297477722,23.325716,-93.91743
2020-09-18T08:07:58.299766540,23.33148,-93.90216
2020-09-18T08:07:58.305488586,23.330286,-93.901924
2020-09-18T08:07:58.307777404,23.323067,-93.9208
2020-09-18T08:07:58.311592102,23.290165,-93.894714
2020-09-18T08:07:58.313499450,23.290178,-93.894714
2020-09-18T08:07:58.315406799,23.290194,-93.894714
2020-09-18T08:07:58.500423431,23.320786,-93.911514
2020-09-18T08:08:04.736783027,25.079578,-92.568855
2020-09-18T08:08:04.790571212,25.15595,-92.576454
2020-09-18T08:08:04.818419456,25.100542,-92.586784
2020-09-18T08:08:04.900054931,25.076,-92.57112
2020-09-18T08:08:04.913787841,25.156048,-92.57636
2020-09-18T08:08:10.587856292,24.42624,-92.09733
2020-09-18T08:08:10.631726264,24.427467,-92.1486
2020-09-18T08:08:10.635540962,24.434309,-92.08298
2020-09-18T08:08:10.647747993,24.453257,-92.14093
2020-09-18T08:08:10.675595283,24.427776,-92.089745
2020-09-18T08:08:10.711072921,24.427296,-92.14144
2020-09-18T08:08:10.713361740,24.418324,-92.136604
2020-09-18T08:08:10.715269088,24.42735,-92.143196
2020-09-18T08:08:10.717176437,24.42742,-92.14588
2020-09-18T08:08:10.720991134,24.41697,-92.11991
2020-09-18T08:08:10.723279953,24.423113,-92.12509
2020-09-18T08:08:10.725187301,24.427334,-92.1436
2020-09-18T08:08:10.731290817,24.447298,-92.13506
2020-09-18T08:08:10.733198165,24.426336,-92.10217
2020-09-18T08:08:10.735105514,24.450094,-92.13624
2020-09-18T08:08:10.737012863,24.433855,-92.12885
2020-09-18T08:08:10.738920211,24.426394,-92.10223
2020-09-18T08:08:10.741209030,24.447392,-92.125885
2020-09-18T08:08:10.745023727,24.45076,-92.13835
2020-09-18T08:08:10.756850242,24.47183,-92.14465
2020-09-18T08:08:10.762953758,24.4904,-92.14862
2020-09-18T08:08:10.764861106,24.470394,-92.14673
2020-09-18T08:08:10.766768455,24.463848,-92.14734
2020-09-18T08:08:10.769057273,24.427286,-92.14027
2020-09-18T08:08:10.802626609,24.54769,-92.14559
2020-09-18T08:08:10.804533958,24.55751,-92.155785
2020-09-18T08:08:10.806822776,24.557558,-92.12447
2020-09-18T08:08:10.808730125,24.58566,-92.129265
2020-09-18T08:08:12.383079528,25.158201,-92.664536
2020-09-18T08:08:12.410928726,25.131279,-92.65551
2020-09-18T08:08:12.464715957,25.157768,-92.64792
2020-09-18T08:08:12.504388809,25.15828,-92.6646
2020-09-18T08:08:12.510110855,25.15827,-92.6646
2020-09-18T08:08:12.512399673,25.158266,-92.6646
2020-09-18T08:08:12.520030975,25.158253,-92.66461
2020-09-18T08:08:12.522319793,25.150122,-92.656075
2020-09-18T08:08:12.524227142,25.157742,-92.64495
2020-09-18T08:08:12.526134490,25.157686,-92.6428
2020-09-18T08:08:12.528041839,25.158255,-92.6646
2020-09-18T08:08:12.542156219,25.158175,-92.66455
2020-09-18T08:08:12.553981781,25.157497,-92.636284
2020-09-18T08:08:12.555889129,25.157553,-92.63819
2020-09-18T08:08:12.561992645,25.15825,-92.664536
2020-09-18T08:08:12.583736419,25.181452,-92.640236
2020-09-18T08:08:12.585643768,25.132647,-92.64914
2020-09-18T08:08:12.587932586,25.158258,-92.66455
2020-09-18T08:08:12.597850799,25.158201,-92.664566
2020-09-18T08:08:12.603572845,25.158249,-92.66462
2020-09-18T08:08:12.605861663,25.15827,-92.664635
2020-09-18T08:08:12.609676361,25.158298,-92.66464
2020-09-18T08:08:12.617687225,25.135548,-92.642426
2020-09-18T08:08:12.619594573,25.158258,-92.664444
2020-09-18T08:08:12.633327484,25.23825,-92.66013
2020-09-18T08:08:12.635616302,25.223433,-92.65907
2020-09-18T08:08:12.637525558,25.191893,-92.65774
2020-09-18T08:08:12.639432907,25.197422,-92.6518
2020-09-18T08:08:12.641340255,25.201744,-92.6724
2020-09-18T08:08:12.643629074,25.238205,-92.6571
2020-09-18T08:08:12.645536422,25.238781,-92.67915
2020-09-18T08:08:12.647443771,25.238781,-92.67917
2020-09-18T08:08:12.649351119,25.237526,-92.66352
2020-09-18T08:08:12.651258468,25.237036,-92.664986
2020-09-18T08:08:12.653547286,25.215614,-92.66108
2020-09-18T08:08:12.655454635,25.179026,-92.65215
2020-09-18T08:08:12.657361984,25.212141,-92.66418
2020-09-18T08:08:12.659269332,25.216637,-92.67264
2020-09-18T08:08:12.665372848,25.245598,-92.669174
2020-09-18T08:08:12.667280197,25.238735,-92.679115
2020-09-18T08:08:12.671094894,25.191618,-92.67058
2020-09-18T08:08:12.673383712,25.238737,-92.679115
2020-09-18T08:08:12.721067428,25.240128,-92.73185
2020-09-18T08:08:12.722974777,25.254234,-92.71833
2020-09-18T08:08:12.724882125,25.233149,-92.71407
2020-09-18T08:08:12.726789474,25.225412,-92.71799
2020-09-18T08:08:12.729078292,25.182035,-92.672356
2020-09-18T08:08:12.730985641,25.199924,-92.70465
2020-09-18T08:08:12.732892990,25.207298,-92.67457
2020-09-18T08:08:12.734800338,25.159424,-92.70939
2020-09-18T08:08:12.872131347,25.157747,-92.64424
2020-09-18T08:08:12.874038696,25.151167,-92.640114
2020-09-18T08:08:12.907991409,25.158419,-92.664505
2020-09-18T08:08:12.909898757,25.15773,-92.63833
2020-09-18T08:08:12.949571609,25.157614,-92.63637
2020-09-18T08:08:12.949571609,24.996407,-92.58856
2020-09-18T08:08:12.959489822,25.17956,-92.64222
2020-09-18T08:08:12.961397171,25.181826,-92.64739
2020-09-18T08:08:12.973604202,25.168324,-92.645744
2020-09-18T08:08:12.975511550,25.189787,-92.64905
2020-09-18T08:08:12.981233596,25.15833,-92.66446
2020-09-18T08:08:13.174261093,25.158484,-92.664604
2020-09-18T08:08:13.176168441,25.138098,-92.64575
2020-09-18T08:08:13.178075790,25.165442,-92.64259
2020-09-18T08:08:13.180364608,25.178942,-92.65062
2020-09-18T08:08:13.182271957,25.192314,-92.6618
2020-09-18T08:08:13.184179306,25.18171,-92.67079
2020-09-18T08:08:13.186086654,25.184723,-92.67247
2020-09-18T08:08:13.187994003,25.18977,-92.651955
2020-09-18T08:08:13.243688583,25.273214,-92.65741
2020-09-18T08:08:13.245977401,25.232979,-92.66069
2020-09-18T08:08:13.247884750,25.268122,-92.66559
2020-09-18T08:08:13.249792098,25.271578,-92.666374
2020-09-18T08:08:13.251699447,25.247683,-92.65405
2020-09-18T08:08:13.253606796,25.24458,-92.65397
2020-09-18T08:08:13.255897521,25.234459,-92.65385
2020-09-18T08:08:13.257804870,25.236366,-92.65584
2020-09-18T08:08:13.259712219,25.2178,-92.65245
2020-09-18T08:08:13.261619567,25.213001,-92.651
2020-09-18T08:08:13.263908386,25.202969,-92.65309
2020-09-18T08:08:13.265815734,25.20445,-92.65411
2020-09-18T08:08:13.267723083,25.205194,-92.655174
2020-09-18T08:08:13.269630432,25.20534,-92.65474
2020-09-18T08:08:13.271537780,25.213177,-92.663635
2020-09-18T08:08:13.273826599,25.222715,-92.657326
2020-09-18T08:08:13.275733947,25.240074,-92.66017
2020-09-18T08:08:13.277641296,25.256346,-92.65988
2020-09-18T08:08:13.279548645,25.257296,-92.66402
2020-09-18T08:08:13.281455993,25.277966,-92.66808
2020-09-18T08:08:13.283744812,25.268967,-92.669716
2020-09-18T08:08:13.285652160,25.243515,-92.66557
2020-09-18T08:08:13.287559509,25.231033,-92.66498
2020-09-18T08:08:13.289466857,25.257458,-92.67096
2020-09-18T08:08:13.291374206,25.24234,-92.66852
2020-09-18T08:08:13.293663024,25.251747,-92.671265
2020-09-18T08:08:13.295570373,25.27794,-92.68377
2020-09-18T08:08:13.297477722,25.275116,-92.679665
2020-09-18T08:08:13.299385070,25.260445,-92.67519
2020-09-18T08:08:13.301673889,25.259268,-92.67411
2020-09-18T08:08:13.303581237,25.2277,-92.58985
2020-09-18T08:08:13.303581237,25.402607,-92.796585
2020-09-18T08:08:13.303581237,25.255802,-92.686676
2020-09-18T08:08:13.305488586,25.267374,-92.67462
2020-09-18T08:08:13.307395935,25.26249,-92.67517
2020-09-18T08:08:13.309303283,25.25317,-92.67144
2020-09-18T08:08:13.311592102,25.254042,-92.67282
2020-09-18T08:08:13.313499450,25.255426,-92.680916
2020-09-18T08:08:13.315406799,25.244144,-92.68105
2020-09-18T08:08:13.317314147,25.250145,-92.680244
2020-09-18T08:08:13.321510314,25.202707,-92.67264
2020-09-18T08:08:13.323417663,25.158573,-92.66466
2020-09-18T08:08:13.474481582,25.13912,-92.64008
2020-09-18T08:08:13.476388931,25.15855,-92.664566
2020-09-18T08:08:29.526209831,24.116575,-92.30884
2020-09-18T08:08:29.528498649,24.163929,-92.29408
2020-09-18T08:08:29.530405998,24.155348,-92.2978
2020-09-18T08:08:29.562067985,24.154404,-92.31522
2020-09-18T08:08:29.563975334,24.165358,-92.29364
2020-09-18T08:08:29.594112396,24.180813,-92.277504
2020-09-18T08:08:29.617763519,24.169628,-92.28353
2020-09-18T08:08:29.649807929,24.164015,-92.29253
2020-09-18T08:08:29.693295478,24.193726,-92.23557
2020-09-18T08:08:29.695202827,24.193707,-92.235565
2020-09-18T08:08:29.697492599,24.19415,-92.25449
2020-09-18T08:08:29.699399948,24.193678,-92.23556
2020-09-18T08:08:29.701307296,24.193712,-92.23557
2020-09-18T08:08:29.703214645,24.193745,-92.23559
2020-09-18T08:08:29.705503463,24.193777,-92.2356
2020-09-18T08:08:29.707410812,24.19381,-92.23562
2020-09-18T08:08:29.709318161,24.193836,-92.235634
2020-09-18T08:08:29.711225509,24.193829,-92.23564
2020-09-18T08:08:29.796675682,24.162851,-92.29149
2020-09-18T08:08:29.876403808,24.177778,-92.28111
2020-09-18T08:08:29.878311157,24.173126,-92.25385
2020-09-18T08:08:29.967576980,24.189314,-92.25864
2020-09-18T08:08:29.969865798,24.186188,-92.2486
2020-09-18T08:08:30.015261650,24.20419,-92.24551
2020-09-18T08:08:30.017550468,24.208506,-92.24439
2020-09-18T08:08:32.971696853,23.317656,-93.94247
2020-09-18T08:08:33.031208038,23.291786,-93.940605
2020-09-18T08:08:33.068973541,23.3251,-93.947174
2020-09-18T08:08:33.164342880,23.310968,-93.9335
2020-09-18T08:08:33.166631698,23.310024,-93.92818
2020-09-18T08:08:33.168539047,23.291502,-93.93005
2020-09-18T08:08:33.182271957,23.311705,-93.923386
2020-09-18T08:08:33.188375473,23.32206,-93.899666
2020-09-18T08:08:33.190282821,23.323923,-93.9
2020-09-18T08:08:33.192190170,23.316092,-93.922264
2020-09-18T08:08:33.202108383,23.335432,-93.90211
2020-09-18T08:08:33.204397201,23.36922,-93.908165
2020-09-18T08:08:33.208211898,23.336826,-93.90235
2020-09-18T08:08:33.393228530,23.291601,-93.93713
2020-09-18T08:08:34.118793487,25.158878,-92.6848
2020-09-18T08:08:34.124517440,25.177023,-92.69007
2020-09-18T08:08:34.132528305,25.159246,-92.696884
2020-09-18T08:08:34.136343002,25.159437,-92.703186
2020-09-18T08:08:34.285499572,25.13622,-92.67175
2020-09-18T08:08:34.287788391,25.170877,-92.67514
2020-09-18T08:08:34.347297668,25.15892,-92.69242
2020-09-18T08:08:43.810560226,24.11478,-92.361
2020-09-18T08:08:43.812849044,24.117859,-92.35688
2020-09-18T08:08:43.973832130,24.114515,-92.30784
2020-09-18T08:08:53.556118011,23.322227,-93.98662
2020-09-18T08:08:53.595790863,23.29232,-93.98113
2020-09-18T08:08:53.615627288,23.292337,-93.98124
2020-09-18T08:08:53.697263717,23.292284,-93.9811
2020-09-18T08:08:53.723203659,23.318155,-93.98576
2020-09-18T08:08:53.746854782,23.29238,-93.98117
2020-09-18T08:08:53.770889282,23.292376,-93.98115
2020-09-18T08:08:53.782714843,23.29231,-93.9811
2020-09-18T08:08:53.800643920,23.292301,-93.98121
2020-09-18T08:08:53.810562133,23.292418,-93.98127
2020-09-18T08:08:53.884187698,23.2923,-93.98136
2020-09-18T08:08:53.892198562,23.31944,-93.98619
2020-09-18T08:08:53.894105911,23.29233,-93.9813
2020-09-18T08:08:53.896013259,23.3232,-93.96437
2020-09-18T08:08:53.921953201,23.292274,-93.98134
2020-09-18T08:08:53.987565994,23.32306,-93.957596
2020-09-18T08:08:54.061191558,23.292324,-93.98134
2020-09-18T08:08:54.077213287,23.318542,-93.9861
2020-09-18T08:09:02.275884151,24.929956,-93.10184
2020-09-18T08:09:02.277791500,24.944933,-93.10005
2020-09-18T08:09:02.279698848,24.951826,-93.10363
2020-09-18T08:09:02.281606197,24.952024,-93.10767
2020-09-18T08:09:02.283513545,24.955786,-93.10138
2020-09-18T08:09:02.285802364,24.956898,-93.10278
2020-09-18T08:09:02.287710189,24.949213,-93.09566
2020-09-18T08:09:02.289617538,24.92994,-93.10035
2020-09-18T08:09:02.291524887,24.928843,-93.05919
2020-09-18T08:09:02.293432235,24.928843,-93.059204
2020-09-18T08:09:02.295721054,24.92884,-93.05922
2020-09-18T08:09:02.297628402,24.928839,-93.059235
2020-09-18T08:09:02.299535751,24.946478,-93.08484
2020-09-18T08:09:02.301443099,24.929445,-93.08219
2020-09-18T08:09:02.303731918,24.928833,-93.05921
2020-09-18T08:09:02.305639266,24.928831,-93.059204
2020-09-18T08:09:02.307546615,24.928831,-93.05919
2020-09-18T08:09:02.309453964,24.928823,-93.05918
2020-09-18T08:09:02.311361312,24.928808,-93.059166
2020-09-18T08:09:02.313650131,24.94577,-93.08505
2020-09-18T08:09:02.315557479,24.944363,-93.088486
2020-09-18T08:09:02.317464828,24.929436,-93.08436
2020-09-18T08:09:02.319372653,24.928759,-93.05914
2020-09-18T08:09:02.323568820,24.928768,-93.05919
2020-09-18T08:09:02.329290866,24.928787,-93.05924
2020-09-18T08:09:02.331198215,24.928804,-93.05923
2020-09-18T08:09:02.333487033,24.928822,-93.05922
2020-09-18T08:09:02.335394382,24.929586,-93.08731
2020-09-18T08:09:02.337301731,24.928858,-93.05919
2020-09-18T08:09:02.339209079,24.92967,-93.08938
2020-09-18T08:09:02.349127769,24.928871,-93.05929
2020-09-18T08:09:02.355231285,24.928904,-93.059204
2020-09-18T08:09:02.399100780,24.890585,-93.05226
2020-09-18T08:09:02.407111644,24.848612,-93.044426
2020-09-18T08:09:02.414741516,24.848583,-93.04444
2020-09-18T08:09:02.424659729,24.848572,-93.04445
2020-09-18T08:09:02.426948547,24.931108,-93.14697
2020-09-18T08:09:02.428855895,24.952623,-93.14852
2020-09-18T08:09:02.438774108,24.968618,-93.153946
2020-09-18T08:09:02.454796314,24.848665,-93.044525
2020-09-18T08:09:02.466621875,24.848654,-93.04458
2020-09-18T08:09:02.305639266,25.026033,-92.691475
2020-09-18T08:09:02.448692798,25.080233,-92.73731
2020-09-18T08:09:02.458611011,25.040848,-92.68865
2020-09-18T08:09:02.500191688,25.063528,-92.711754
2020-09-18T08:09:02.544061660,25.080238,-92.737564
2020-09-18T08:09:02.563898086,25.059216,-92.70782
2020-09-18T08:09:02.599757194,25.064566,-92.71174
2020-09-18T08:09:02.603571891,25.08549,-92.71192
2020-09-18T08:09:02.609675407,25.06604,-92.7113
2020-09-18T08:09:02.611582756,25.053751,-92.71366
2020-09-18T08:09:02.613871574,25.160728,-92.75213
2020-09-18T08:09:05.595866203,24.108654,-92.36923
2020-09-18T08:09:05.675595283,24.10291,-92.38378
2020-09-18T08:09:08.329520225,25.137436,-92.71275
2020-09-18T08:09:08.331427574,25.131737,-92.71876
2020-09-18T08:09:08.341346740,25.116974,-92.72256
2020-09-18T08:09:08.349357604,25.122993,-92.729675
2020-09-18T08:09:08.397041320,25.080502,-92.73689
2020-09-18T08:09:08.448540687,25.125473,-92.694725
2020-09-18T08:09:08.506525039,25.097235,-92.70941
2020-09-18T08:09:08.508432388,25.08136,-92.68424
2020-09-18T08:09:08.514154434,25.0963,-92.716576
2020-09-18T08:09:08.522166252,25.11674,-92.69008
2020-09-18T08:09:08.536280632,25.107613,-92.67674
2020-09-18T08:09:08.538187980,25.083569,-92.66275
2020-09-18T08:09:08.621730804,25.103624,-92.6767
2020-09-18T08:09:14.599834442,23.369024,-93.909096
2020-09-18T08:09:14.601741790,23.369034,-93.90911
2020-09-18T08:09:14.675367355,23.36902,-93.909134
2020-09-18T08:09:14.703214645,23.338942,-93.903725
2020-09-18T08:09:14.705121994,23.368975,-93.90909
2020-09-18T08:09:14.725339889,23.331512,-93.90243
2020-09-18T08:09:14.727247238,23.369003,-93.909195
2020-09-18T08:09:14.914171218,23.369028,-93.909294
2020-09-18T08:09:14.977495193,23.337029,-93.90357
2020-09-18T08:09:18.963916778,24.174892,-92.284485
2020-09-18T08:09:19.059284210,24.193727,-92.28039
2020-09-18T08:09:19.106969833,24.193563,-92.27935
2020-09-18T08:09:19.108877182,24.19245,-92.23457
2020-09-18T08:09:19.164571762,24.193382,-92.272675
2020-09-18T08:09:19.307624816,24.193232,-92.2673
2020-09-18T08:09:19.317543029,24.193207,-92.26764
2020-09-18T08:09:19.327463150,24.192425,-92.234604
2020-09-18T08:09:33.140310287,25.637928,-92.57582
2020-09-18T08:09:33.142599105,25.638868,-92.61095
2020-09-18T08:09:33.144506454,25.664175,-92.59196
2020-09-18T08:09:33.146413803,25.653746,-92.61244
2020-09-18T08:09:33.148321151,25.634508,-92.61738
2020-09-18T08:09:33.150609970,25.651966,-92.59934
2020-09-18T08:09:33.152517318,25.606768,-92.60492
2020-09-18T08:09:33.174261093,25.57853,-92.67785
2020-09-18T08:09:33.176168441,25.579313,-92.66263
2020-09-18T08:09:33.178457260,25.591522,-92.66068
2020-09-18T08:09:33.180364608,25.592087,-92.66476
2020-09-18T08:09:33.182271957,25.591045,-92.667755
2020-09-18T08:09:33.184179306,25.594564,-92.66232
2020-09-18T08:09:33.186086654,25.597342,-92.66692
2020-09-18T08:09:33.188375473,25.592535,-92.695435
2020-09-18T08:09:33.190282821,25.583576,-92.69028
2020-09-18T08:09:35.703443527,23.368704,-93.90812
2020-09-18T08:09:35.719083786,23.34225,-93.94437
2020-09-18T08:09:35.721372604,23.330412,-93.94465
2020-09-18T08:09:35.737014770,23.329643,-93.944664
2020-09-18T08:09:35.862520217,23.315613,-93.95348
2020-09-18T08:09:35.864427566,23.323406,-93.9519
2020-09-18T08:09:35.971620559,23.368906,-93.90843
2020-09-18T08:09:35.973527908,23.368914,-93.90842
2020-09-18T08:09:35.975816726,23.368921,-93.908394
2020-09-18T08:09:35.977724075,23.368927,-93.90838
2020-09-18T08:09:36.140615463,23.291536,-93.945045
2020-09-18T08:09:36.146718978,23.332941,-93.94432
2020-09-18T08:09:36.206228256,23.292559,-93.98163
2020-09-18T08:09:45.257879257,25.042185,-92.66742
2020-09-18T08:09:44.313727378,25.032202,-92.69523
2020-09-18T08:09:44.394981384,24.998423,-92.63536
2020-09-18T08:09:44.396888732,25.02813,-92.682625
2020-09-18T08:09:44.458687782,25.02218,-92.67354
2020-09-18T08:09:44.460595130,25.080994,-92.737465
2020-09-18T08:09:44.514383316,25.031845,-92.68019
2020-09-18T08:09:44.516290664,25.033924,-92.67954
2020-09-18T08:09:44.659343719,25.046059,-92.6817
2020-09-18T08:09:44.661632537,25.031923,-92.66775
2020-09-18T08:09:44.663539886,25.16131,-92.75206
2020-09-18T08:09:44.727246284,25.036816,-92.683
2020-09-18T08:09:44.729153633,25.038492,-92.6763
2020-09-18T08:09:44.770734786,24.998323,-92.63547
2020-09-18T08:09:44.804685592,25.070366,-92.71435
2020-09-18T08:09:44.818419456,25.045462,-92.68091
2020-09-18T08:09:44.820708274,25.04345,-92.69136
2020-09-18T08:09:44.852370262,25.130054,-92.74645
2020-09-18T08:09:44.935914039,25.044165,-92.68411
2020-09-18T08:09:44.937821388,25.074165,-92.71665
2020-09-18T08:09:44.949646949,24.99823,-92.63553
2020-09-18T08:09:44.949646949,25.161253,-92.75218
2020-09-18T08:09:45.009538650,25.161308,-92.752235
2020-09-18T08:09:45.051118850,25.16131,-92.75226
2020-09-18T08:09:45.096896171,25.161322,-92.752365
2020-09-18T08:09:45.259786605,25.076742,-92.678566
2020-09-18T08:09:45.265890121,25.240383,-92.7164
2020-09-18T08:09:49.158848762,24.1169,-92.34172
2020-09-18T08:09:49.160756111,24.098927,-92.33425
2020-09-18T08:09:49.204244613,24.08459,-92.34073
2020-09-18T08:09:49.230184555,24.098598,-92.338684
2020-09-18T08:09:49.266043663,24.091963,-92.340614
2020-09-18T08:09:49.295798301,24.097258,-92.34005
2020-09-18T08:09:49.482721328,24.099276,-92.33438
2020-09-18T08:09:49.484628677,24.130991,-92.31342
2020-09-18T08:09:49.536509513,24.116953,-92.340805
2020-09-18T08:09:49.645611763,24.086725,-92.33717
2020-09-18T08:09:48.969636917,25.158974,-92.66516
2020-09-18T08:09:48.979555130,25.159048,-92.66507
2020-09-18T08:09:49.013505935,25.159035,-92.6651
2020-09-18T08:09:49.031054496,25.158976,-92.6651
2020-09-18T08:09:49.035250663,25.158998,-92.6651
2020-09-18T08:09:49.037158012,25.159012,-92.6651
2020-09-18T08:09:49.108875274,25.148102,-92.64916
2020-09-18T08:09:49.148549079,25.163944,-92.65237
2020-09-18T08:09:49.176396369,25.15896,-92.6652
2020-09-18T08:09:49.178303718,25.158688,-92.65523
2020-09-18T08:09:49.238195419,25.1585,-92.64702
2020-09-18T08:09:49.238195419,24.997108,-92.59217
2020-09-18T08:09:49.263753890,25.112598,-92.62532
2020-09-18T08:09:49.267951011,25.158953,-92.66513
2020-09-18T08:09:49.269858360,25.16694,-92.64567
2020-09-18T08:09:49.269858360,24.99727,-92.59948
2020-09-18T08:09:49.273673057,25.129562,-92.638725
2020-09-18T08:09:49.277869224,25.158243,-92.6403
2020-09-18T08:09:49.279776573,25.158016,-92.63129
2020-09-18T08:09:49.285880088,25.158453,-92.64498
2020-09-18T08:09:49.287787437,25.123135,-92.633545
2020-09-18T08:09:49.303427696,25.158026,-92.62966
2020-09-18T08:09:49.305716514,25.15805,-92.630684
2020-09-18T08:09:49.353401184,25.185555,-92.652626
2020-09-18T08:09:49.355308532,25.189016,-92.65446
2020-09-18T08:09:49.361412048,25.239494,-92.67961
2020-09-18T08:09:49.363319396,25.239485,-92.679634
2020-09-18T08:09:49.365226745,25.15898,-92.66508
2020-09-18T08:09:49.369041442,25.224468,-92.67324
2020-09-18T08:09:49.373237609,25.200933,-92.6854
2020-09-18T08:09:49.377052307,25.209938,-92.71217
2020-09-18T08:09:49.378959655,25.215961,-92.697845
2020-09-18T08:09:49.381248474,25.220861,-92.72538
2020-09-18T08:09:49.414818763,25.16127,-92.75279
2020-09-18T08:09:49.571986198,25.145626,-92.64943
2020-09-18T08:09:49.573894500,25.186789,-92.67006
2020-09-18T08:09:49.575801849,25.13879,-92.627625
2020-09-18T08:09:49.727247238,25.130653,-92.639435
2020-09-18T08:09:49.729154586,25.158218,-92.631546
2020-09-18T08:09:49.748991012,25.190933,-92.64052
2020-09-18T08:09:49.748991012,24.998348,-92.63608
2020-09-18T08:09:49.776839256,25.15566,-92.64794
2020-09-18T08:09:49.808501243,25.159048,-92.66499
2020-09-18T08:10:08.756772994,25.114962,-92.72039
2020-09-18T08:10:08.390937805,25.159754,-92.75152
2020-09-18T08:10:08.393226623,25.159748,-92.751526
2020-09-18T08:10:08.436715126,25.159256,-92.73178
2020-09-18T08:10:08.442818641,25.15977,-92.75151
2020-09-18T08:10:08.474481582,25.15975,-92.75145
2020-09-18T08:10:08.506525039,25.159128,-92.73446
2020-09-18T08:10:08.512247085,25.159721,-92.75144
2020-09-18T08:10:08.526362419,25.187798,-92.75652
2020-09-18T08:10:08.528269767,25.17598,-92.744354
2020-09-18T08:10:08.530177116,25.173546,-92.746346
2020-09-18T08:10:08.532084465,25.175528,-92.74505
2020-09-18T08:10:08.534373283,25.190521,-92.74825
2020-09-18T08:10:08.536280632,25.184757,-92.74042
2020-09-18T08:10:08.538187980,25.194748,-92.75776
2020-09-18T08:10:08.540095329,25.24027,-92.766045
2020-09-18T08:10:08.542002677,25.20944,-92.74579
2020-09-18T08:10:08.544291496,25.183859,-92.7389
2020-09-18T08:10:08.546198844,25.24018,-92.76603
2020-09-18T08:10:08.585872650,25.237972,-92.73611
2020-09-18T08:10:08.587779998,25.185043,-92.72748
2020-09-18T08:10:08.590068817,25.159666,-92.75123
2020-09-18T08:10:08.759061813,25.140505,-92.72265
2020-09-18T08:10:08.772795677,25.127153,-92.73647
2020-09-18T08:10:08.774703025,25.159723,-92.751396
2020-09-18T08:10:08.792632102,25.201536,-92.75889
2020-09-18T08:10:15.788894653,24.114502,-92.37004
2020-09-18T08:10:15.824752807,24.09212,-92.372505
2020-09-18T08:10:21.711300373,23.338642,-93.96112
2020-09-18T08:10:21.713207721,23.338488,-93.960846
2020-09-18T08:10:21.758984565,23.351112,-93.96615
2020-09-18T08:10:21.760892391,23.371286,-93.995514
2020-09-18T08:10:21.856642723,23.370558,-93.9604
2020-09-18T08:10:40.238041400,23.368645,-93.90876
2020-09-18T08:10:40.246052742,23.368597,-93.90872
2020-09-18T08:10:40.252156257,23.368622,-93.90873
2020-09-18T08:10:46.355766296,24.193094,-92.26778
2020-09-18T08:10:46.357673645,24.192307,-92.235374
2020-09-18T08:10:46.359580993,24.19312,-92.26834
2020-09-18T08:10:46.361488342,24.1923,-92.235374
2020-09-18T08:10:46.363395690,24.193054,-92.266396
2020-09-18T08:10:46.365684509,24.19306,-92.26704
2020-09-18T08:10:46.607921600,24.192242,-92.2354
2020-09-18T08:10:46.610210418,24.192236,-92.23539
2020-09-18T08:10:53.991762161,25.156591,-92.61436
2020-09-18T08:10:53.997484207,25.157335,-92.61241
2020-09-18T08:10:53.999393463,25.14678,-92.604004
2020-09-18T08:10:54.037158966,25.157154,-92.6089
2020-09-18T08:10:54.039447784,25.15734,-92.6161
2020-09-18T08:10:54.055088043,25.157366,-92.61345
2020-09-18T08:10:54.124898910,25.137714,-92.608444
2020-09-18T08:10:54.128713607,25.15728,-92.61044
2020-09-18T08:10:54.130620956,25.15724,-92.608986
2020-09-18T08:10:54.134817123,25.168503,-92.60572
2020-09-18T08:10:54.136724472,25.136875,-92.59869
2020-09-18T08:10:54.138631820,25.157183,-92.60739
2020-09-18T08:10:54.263755798,25.170284,-92.607994
2020-09-18T08:10:54.264137268,24.995668,-92.54819
2020-09-18T08:10:58.413064956,23.371498,-93.99638
2020-09-18T08:10:58.425271987,23.3715,-93.996315
2020-09-18T08:10:58.427179336,23.351238,-93.96564
2020-09-18T08:10:58.484783172,23.350338,-93.97002
2020-09-18T08:10:58.582059860,23.37144,-93.99627
2020-09-18T08:10:58.695356369,23.332102,-93.96117
2020-09-18T08:10:58.697645187,23.347097,-93.96736
2020-09-18T08:10:58.723205566,23.341198,-93.95631
2020-09-18T08:11:02.888534069,24.10857,-92.35622
2020-09-18T08:11:02.962158679,24.12558,-92.34747
2020-09-18T08:11:02.964066028,24.101936,-92.35396
2020-09-18T08:11:05.733197212,26.41039,-91.697266
2020-09-18T08:11:05.854125022,26.41085,-91.72147
2020-09-18T08:11:13.093006134,23.368471,-93.90921
2020-09-18T08:11:13.095294952,23.348377,-93.905624
2020-09-18T08:11:13.170827865,23.36842,-93.90932
2020-09-18T08:11:16.965745925,25.190329,-92.75773
2020-09-18T08:11:16.969562530,25.189825,-92.757614
2020-09-18T08:11:16.973758697,25.194338,-92.75846
2020-09-18T08:11:16.977573394,25.193447,-92.75832
2020-09-18T08:11:16.981769561,25.159704,-92.75214
2020-09-18T08:11:16.989780426,25.17851,-92.7283
2020-09-18T08:11:16.997409820,25.159655,-92.75214
2020-09-18T08:11:17.031360626,25.216206,-92.73541
2020-09-18T08:11:17.037464141,25.214321,-92.733925
2020-09-18T08:11:17.067218780,25.22409,-92.71978
2020-09-18T08:11:17.079044342,25.23786,-92.678894
2020-09-18T08:11:17.080951690,25.237886,-92.678925
2020-09-18T08:11:17.082859039,25.238682,-92.70823
2020-09-18T08:11:17.087055206,25.237963,-92.67903
2020-09-18T08:11:17.095067977,25.237974,-92.67902
2020-09-18T08:11:17.096975326,25.23797,-92.67901
2020-09-18T08:11:17.098882675,25.238724,-92.70782
2020-09-18T08:11:17.103078842,25.237953,-92.679016
2020-09-18T08:11:17.104986190,25.237947,-92.67902
2020-09-18T08:11:17.108800888,25.184212,-92.72136
2020-09-18T08:11:17.110708236,25.222464,-92.715805
2020-09-18T08:11:17.112997055,25.180855,-92.713104
2020-09-18T08:11:17.114904403,25.213081,-92.72506
2020-09-18T08:11:17.116811752,25.226208,-92.71642
2020-09-18T08:11:17.118719100,25.238657,-92.70864
2020-09-18T08:11:17.124822616,25.238867,-92.71443
2020-09-18T08:11:17.126729965,25.23892,-92.71573
2020-09-18T08:11:17.128637313,25.23902,-92.718834
2020-09-18T08:11:17.130544662,25.246675,-92.72465
2020-09-18T08:11:17.134740829,25.239286,-92.72958
2020-09-18T08:11:17.136648178,25.239336,-92.73169
2020-09-18T08:11:17.138555526,25.239418,-92.73495
2020-09-18T08:11:17.140844345,25.253584,-92.73784
2020-09-18T08:11:17.142751693,25.239187,-92.72655
2020-09-18T08:11:17.156484603,25.237951,-92.67898
2020-09-18T08:11:17.158391952,25.262888,-92.70976
2020-09-18T08:11:17.160680770,25.265312,-92.707085
2020-09-18T08:11:17.162588119,25.260557,-92.71058
2020-09-18T08:11:17.164495468,25.26186,-92.70902
2020-09-18T08:11:17.166402816,25.260853,-92.70778
2020-09-18T08:11:17.168691635,25.26505,-92.70484
2020-09-18T08:11:17.170598983,25.237938,-92.67904
2020-09-18T08:11:17.172506332,25.275387,-92.68583
2020-09-18T08:11:17.230110168,25.318537,-92.69362
2020-09-18T08:11:17.232017517,25.31922,-92.7197
2020-09-18T08:11:17.233924865,25.31926,-92.72141
2020-09-18T08:11:17.236213684,25.304707,-92.72734
2020-09-18T08:11:17.238121032,25.294378,-92.72223
2020-09-18T08:11:17.240028381,25.297369,-92.72169
2020-09-18T08:11:17.241935729,25.2995,-92.71464
2020-09-18T08:11:17.244224548,25.282387,-92.71716
2020-09-18T08:11:17.246131896,25.290283,-92.71595
2020-09-18T08:11:17.248039245,25.283098,-92.71742
2020-09-18T08:11:17.249946594,25.277475,-92.71809
2020-09-18T08:11:17.251853942,25.27773,-92.72093
2020-09-18T08:11:17.254142761,25.288168,-92.72124
2020-09-18T08:11:17.256050109,25.293365,-92.722435
2020-09-18T08:11:17.257957458,25.294956,-92.72488
2020-09-18T08:11:17.259864807,25.29951,-92.72633
2020-09-18T08:11:17.261772155,25.291231,-92.72694
2020-09-18T08:11:17.264060974,25.292475,-92.73329
2020-09-18T08:11:17.265968322,25.301773,-92.73406
2020-09-18T08:11:17.267875671,25.309605,-92.73849
2020-09-18T08:11:17.269783020,25.305561,-92.73882
2020-09-18T08:11:17.271690368,25.323902,-92.74654
2020-09-18T08:11:17.273979187,25.338814,-92.76099
2020-09-18T08:11:17.275886535,25.326565,-92.74208
2020-09-18T08:11:17.277793884,25.31861,-92.750946
2020-09-18T08:11:17.279701232,25.325443,-92.74647
2020-09-18T08:11:17.281990051,25.335213,-92.76014
2020-09-18T08:11:17.283897399,25.327215,-92.762405
2020-09-18T08:11:17.285804748,25.338789,-92.77619
2020-09-18T08:11:17.287712097,25.336988,-92.77723
2020-09-18T08:11:17.289619445,25.322151,-92.74393
2020-09-18T08:11:17.291908264,25.338964,-92.72013
2020-09-18T08:11:17.293815612,25.318556,-92.69371
2020-09-18T08:11:17.623792648,25.214148,-92.72982
2020-09-18T08:11:17.810714721,25.15882,-92.70841
2020-09-18T08:11:21.564432144,24.17044,-92.297745
2020-09-18T08:11:21.618220329,24.16038,-92.27948
2020-09-18T08:11:21.761273860,24.174486,-92.2883
2020-09-18T08:11:21.799039840,24.176275,-92.28742
2020-09-18T08:11:21.800947189,24.157372,-92.26936
2020-09-18T08:11:21.820783615,24.173393,-92.28978
2020-09-18T08:11:21.840620517,24.160078,-92.31573
2020-09-18T08:11:21.864653587,24.152079,-92.280525
2020-09-18T08:11:21.890594005,24.177279,-92.28287
2020-09-18T08:11:21.958115100,24.114294,-92.27133
2020-09-18T08:11:50.629818916,25.157722,-92.66458
2020-09-18T08:11:50.639737129,25.131308,-92.65991
2020-09-18T08:11:50.675595283,25.157677,-92.664635
2020-09-18T08:11:50.677502632,25.106834,-92.66681
2020-09-18T08:11:50.687421798,25.11138,-92.6749
2020-09-18T08:11:50.689329147,25.157646,-92.664604
2020-09-18T08:11:50.810637474,25.09129,-92.65823
2020-09-18T08:11:50.812545776,25.157848,-92.66465
2020-09-18T08:11:50.824752807,25.087439,-92.665665
2020-09-18T08:11:50.826660156,25.109972,-92.68496
2020-09-18T08:11:50.834671020,25.138908,-92.707085
2020-09-18T08:11:50.848403930,25.083708,-92.66583
2020-09-18T08:11:50.858322143,25.079624,-92.737625
2020-09-18T08:11:50.868240356,25.095905,-92.6716
2020-09-18T08:11:50.870529174,25.07971,-92.66206
2020-09-18T08:11:59.327844619,23.368017,-93.90871
2020-09-18T08:11:59.417108535,23.368904,-93.94597
2020-09-18T08:11:59.419397354,23.369003,-93.95003
2020-09-18T08:11:59.447246551,23.369038,-93.95162
2020-09-18T08:11:59.449153900,23.368898,-93.94641
2020-09-18T08:11:59.451061248,23.351057,-93.956566
2020-09-18T08:11:59.452968597,23.354845,-93.95351
2020-09-18T08:11:41.224537372,24.093584,-92.35338
2020-09-18T08:11:41.226444721,24.139458,-92.34495
2020-09-18T08:11:41.327917575,24.145176,-92.345825
2020-09-18T08:11:41.329824924,24.139563,-92.364334
2020-09-18T08:12:05.423057556,24.956608,-93.12481
2020-09-18T08:12:05.424964904,24.958752,-93.12783
2020-09-18T08:12:05.426872253,24.967478,-93.15355
2020-09-18T08:12:05.429162025,24.931479,-93.1469
2020-09-18T08:12:05.431069374,24.931473,-93.14693
2020-09-18T08:12:05.452813148,24.93054,-93.11176
2020-09-18T08:12:05.454720497,24.930593,-93.11383
2020-09-18T08:12:05.457009315,24.930443,-93.10817
2020-09-18T08:12:05.494775772,24.929985,-93.09261
2020-09-18T08:12:05.496683120,24.930311,-93.10428
2020-09-18T08:12:05.512704849,24.895697,-93.071815
2020-09-18T08:12:05.552378654,24.931461,-93.147026
2020-09-18T08:12:05.558100700,24.878803,-93.05772
2020-09-18T08:12:05.572215080,24.888275,-93.05166
2020-09-18T08:12:06.351569175,24.21266,-92.27505
2020-09-18T08:12:06.353857994,24.193687,-92.26808
2020-09-18T08:12:06.399253845,24.19286,-92.235085
2020-09-18T08:12:06.403450012,24.193459,-92.25969
2020-09-18T08:12:06.405357360,24.20154,-92.26123
2020-09-18T08:12:06.500726699,24.193596,-92.26553
2020-09-18T08:12:06.502634048,24.192846,-92.23513
2020-09-18T08:12:06.671627998,24.20319,-92.28214
2020-09-18T08:12:06.683835029,24.20546,-92.27482
2020-09-18T08:12:06.761274337,24.206816,-92.26536
2020-09-18T08:12:37.956056594,23.368473,-93.90835
2020-09-18T08:12:37.957963943,23.368467,-93.908356
2020-09-18T08:12:37.959873199,23.368767,-93.92
2020-09-18T08:12:37.962162017,23.368458,-93.90834
2020-09-18T08:12:37.967884063,23.368443,-93.90831
2020-09-18T08:12:37.969791412,23.368443,-93.90831
2020-09-18T08:12:38.041507720,23.368486,-93.908325
2020-09-18T08:12:38.047611236,23.36846,-93.90832
2020-09-18T08:12:38.160909652,23.368462,-93.90831
2020-09-18T08:12:38.162817001,23.355906,-93.91876
2020-09-18T08:12:38.164724349,23.34921,-93.929985
2020-09-18T08:12:38.186849594,23.368525,-93.908264
2020-09-18T08:12:38.188756942,23.368546,-93.908264
2020-09-18T08:12:38.260093688,23.345242,-93.916595
2020-09-18T08:12:39.244300842,24.237759,-92.27621
2020-09-18T08:12:39.246208190,24.244503,-92.27439
2020-09-18T08:12:39.248497009,24.271717,-92.24864
2020-09-18T08:12:39.250404357,24.231907,-92.2648
2020-09-18T08:12:39.254219055,24.271687,-92.24861
2020-09-18T08:12:39.321741104,24.271719,-92.24866
2020-09-18T08:12:39.324029922,24.27174,-92.24867
2020-09-18T08:12:39.399560928,24.221428,-92.275276
2020-09-18T08:12:25.481041908,24.135296,-92.37835
2020-09-18T08:12:25.482949256,24.139666,-92.338394
2020-09-18T08:12:25.526819229,24.147,-92.33243
2020-09-18T08:12:25.562296867,24.130287,-92.34552
2020-09-18T08:12:25.570307731,24.114286,-92.30834
2020-09-18T08:12:25.681698799,24.125698,-92.335846
2020-09-18T08:12:25.689709663,24.122221,-92.345894
2020-09-18T08:12:25.693524360,24.11574,-92.4081
2020-09-18T08:12:25.695813179,24.114658,-92.40879
2020-09-18T08:12:25.697720527,24.114311,-92.308426
2020-09-18T08:12:25.741590499,24.144562,-92.3317
2020-09-18T08:12:25.783170700,24.135168,-92.33085
2020-09-18T08:12:25.785078048,24.12433,-92.35571
2020-09-18T08:12:25.886550903,24.135752,-92.342384
2020-09-18T08:12:25.888458251,24.113148,-92.37168
2020-09-18T08:12:25.890365600,24.121191,-92.352066
2020-09-18T08:12:25.892654418,24.117212,-92.35888
2020-09-18T08:12:26.029603958,24.159033,-92.31601
2020-09-18T08:13:12.208745956,23.369068,-93.93647
2020-09-18T08:13:12.250326156,23.368332,-93.90896
2020-09-18T08:13:12.252233505,23.368937,-93.93209
2020-09-18T08:13:12.268257141,23.392927,-93.91338
2020-09-18T08:13:12.274360656,23.400616,-93.91483
2020-09-18T08:13:12.280082702,23.394512,-93.92641
2020-09-18T08:13:12.281990051,23.398056,-93.91442
2020-09-18T08:13:12.296104431,23.41335,-93.917206
2020-09-18T08:13:12.375450134,23.395498,-93.91393
2020-09-18T08:13:12.377738952,23.406136,-93.903145
2020-09-18T08:13:12.379646301,23.368237,-93.90902
2020-09-18T08:13:12.383460998,23.368229,-93.90902
2020-09-18T08:13:12.385368347,23.386463,-93.895294
2020-09-18T08:13:12.387657165,23.388071,-93.91489
2020-09-18T08:13:12.399484634,23.368233,-93.90896
2020-09-18T08:13:12.536434173,23.368074,-93.90905
2020-09-18T08:13:12.558559417,23.368109,-93.908966
2020-09-18T08:13:12.560466766,23.368103,-93.90899
2020-09-18T08:13:12.715726852,23.368826,-93.939156
2020-09-18T08:13:17.785156250,24.140045,-92.36353
2020-09-18T08:13:17.787063598,24.146194,-92.348755
2020-09-18T08:13:17.854967117,24.144875,-92.34114
2020-09-18T08:13:17.856874465,24.136251,-92.39427
2020-09-18T08:13:17.904558181,24.133356,-92.3887
2020-09-18T08:13:17.942323684,24.150938,-92.361916
2020-09-18T08:13:17.944231033,24.141495,-92.36676
2020-09-18T08:13:19.363702774,24.194519,-92.322266
2020-09-18T08:13:19.439233779,24.164026,-92.31706
2020-09-18T08:13:20.409324169,25.158142,-92.664314
2020-09-18T08:13:20.429160594,25.158146,-92.66438
2020-09-18T08:13:20.460823059,25.157387,-92.63494
2020-09-18T08:13:20.465019702,25.157352,-92.633644
2020-09-18T08:13:20.468834400,25.18126,-92.63574
2020-09-18T08:13:20.473030567,25.157362,-92.63447
2020-09-18T08:13:20.474937915,25.185688,-92.63611
2020-09-18T08:13:20.476845264,25.19306,-92.63386
2020-09-18T08:13:20.478752613,25.184778,-92.63933
2020-09-18T08:13:20.484856128,25.208557,-92.64359
2020-09-18T08:13:20.486763477,25.20514,-92.64366
2020-09-18T08:13:20.512703895,25.185678,-92.613396
2020-09-18T08:13:20.514611244,25.183683,-92.61513
2020-09-18T08:13:20.558481216,25.192059,-92.601746
2020-09-18T08:13:20.578317642,25.179417,-92.569214
2020-09-18T08:13:20.580224990,25.156916,-92.61815
2020-09-18T08:13:20.598154544,25.197845,-92.58405
2020-09-18T08:13:20.616084098,25.18546,-92.56301
2020-09-18T08:13:20.617991447,25.196835,-92.583984
2020-09-18T08:13:20.767148017,25.10582,-92.63512
2020-09-18T08:13:20.775159358,25.190895,-92.63517
2020-09-18T08:13:20.777066707,25.133442,-92.62402
2020-09-18T08:13:20.778974056,25.203976,-92.63293
2020-09-18T08:13:20.780881404,25.151888,-92.637634
2020-09-18T08:13:20.783170223,25.15912,-92.641624
2020-09-18T08:13:20.785077571,25.206167,-92.63943
2020-09-18T08:13:20.786984920,25.153486,-92.639534
2020-09-18T08:13:20.788892269,25.16005,-92.64147
2020-09-18T08:13:20.790799617,25.193384,-92.63229
2020-09-18T08:13:20.793088436,25.18556,-92.652794
2020-09-18T08:13:20.794995784,25.174423,-92.64595
2020-09-18T08:13:20.796903133,25.189632,-92.66446
2020-09-18T08:13:20.798810482,25.152487,-92.64493
2020-09-18T08:13:20.800717830,25.209671,-92.67349
2020-09-18T08:13:20.803007125,25.19855,-92.63931
2020-09-18T08:13:20.804914474,25.208733,-92.673355
2020-09-18T08:13:20.806821823,25.184557,-92.67615
2020-09-18T08:13:20.808729171,25.183334,-92.67142
2020-09-18T08:13:20.811017990,25.18476,-92.65722
2020-09-18T08:13:20.812925338,25.18696,-92.682076
2020-09-18T08:13:20.814832687,25.188026,-92.6696
2020-09-18T08:13:20.816740036,25.194881,-92.69307
2020-09-18T08:13:20.818647384,25.198374,-92.68999
2020-09-18T08:13:20.820936203,25.164457,-92.645386
2020-09-18T08:13:20.822843551,25.187872,-92.68585
2020-09-18T08:13:20.824750900,25.184113,-92.67468
2020-09-18T08:13:20.826658248,25.179413,-92.66122
2020-09-18T08:13:20.828565597,25.183563,-92.68097
2020-09-18T08:13:20.830854415,25.209494,-92.71058
2020-09-18T08:13:20.832762241,25.158165,-92.66419
2020-09-18T08:13:20.834669589,25.192276,-92.706924
2020-09-18T08:13:20.836576938,25.17565,-92.68649
2020-09-18T08:13:20.838865756,25.158106,-92.66415
2020-09-18T08:13:20.840773105,25.173958,-92.68935
2020-09-18T08:13:20.842680454,25.180077,-92.6681
2020-09-18T08:13:20.844587802,25.158133,-92.664116
2020-09-18T08:13:20.846495151,25.175034,-92.64755
2020-09-18T08:13:20.848783969,25.196953,-92.67832
2020-09-18T08:13:20.850691318,25.158148,-92.664116
2020-09-18T08:13:20.852598667,25.15813,-92.664116
2020-09-18T08:13:20.854506015,25.158106,-92.66411
2020-09-18T08:13:20.856413364,25.158083,-92.66411
2020-09-18T08:13:20.858702182,25.158058,-92.6641
2020-09-18T08:13:20.936141967,25.22136,-92.72197
2020-09-18T08:13:20.938049316,25.24002,-92.7281
2020-09-18T08:13:20.939956665,25.218704,-92.732574
2020-09-18T08:13:20.941864013,25.239769,-92.7193
2020-09-18T08:13:20.944152832,25.238684,-92.678764
2020-09-18T08:13:20.973907947,25.215082,-92.76182
2020-09-18T08:13:20.975815296,25.241045,-92.76653
2020-09-18T08:13:20.987641334,25.241007,-92.766594
2020-09-18T08:13:20.989930152,25.241005,-92.766594
2020-09-18T08:13:20.995652198,25.24103,-92.76657
2020-09-18T08:13:21.001755714,25.241026,-92.766556
2020-09-18T08:13:21.005570411,25.217451,-92.691345
2020-09-18T08:13:21.007477760,25.267275,-92.74197
2020-09-18T08:13:21.009766578,25.25716,-92.729355
2020-09-18T08:13:21.011673927,25.239803,-92.72049
2020-09-18T08:13:21.013581275,25.258827,-92.72601
2020-09-18T08:13:21.017395973,25.262125,-92.72079
2020-09-18T08:13:21.019685268,25.261707,-92.72083
2020-09-18T08:13:21.021592617,25.147636,-92.70076
2020-09-18T08:13:21.023499965,25.268372,-92.713776
2020-09-18T08:13:21.031510829,25.239286,-92.705
2020-09-18T08:13:21.047532558,25.319273,-92.69345
2020-09-18T08:13:21.049440383,25.298292,-92.69632
2020-09-18T08:13:21.051347732,25.31929,-92.69344
2020-09-18T08:13:21.053255081,25.3193,-92.69343
2020-09-18T08:13:21.085299015,25.042774,-92.65623
2020-09-18T08:13:21.087206363,25.113403,-92.64159
2020-09-18T08:13:21.343557834,25.31925,-92.69346
2020-09-18T08:13:35.107196807,24.194542,-92.28793
2020-09-18T08:13:35.172811508,24.175667,-92.295006
2020-09-18T08:13:35.236518859,24.16473,-92.2795
2020-09-18T08:13:35.260551452,24.194336,-92.27714
2020-09-18T08:13:48.926529884,24.214834,-92.28024
2020-09-18T08:13:49.061572074,24.210367,-92.29727
2020-09-18T08:14:01.319906234,24.192793,-92.26529
2020-09-18T08:14:01.395438671,24.193169,-92.27793
2020-09-18T08:14:01.415656566,24.192953,-92.26741
2020-09-18T08:14:01.431297302,24.192207,-92.235374
2020-09-18T08:14:04.757383346,23.368946,-93.909386
2020-09-18T08:14:04.775312423,23.369444,-93.92976
2020-09-18T08:14:04.777219772,23.368914,-93.90938
2020-09-18T08:14:04.779127120,23.368916,-93.90939
2020-09-18T08:14:04.906539916,23.369024,-93.90949
2020-09-18T08:14:05.858702659,25.592554,-92.66011
2020-09-18T08:14:05.860610961,25.609203,-92.65418
2020-09-18T08:14:05.862518310,25.601812,-92.66996
2020-09-18T08:14:05.864425659,25.59523,-92.659195
2020-09-18T08:14:05.866333007,25.560173,-92.68498
2020-09-18T08:14:08.222707748,23.035961,-93.55673
2020-09-18T08:14:08.224615097,23.036366,-93.552505
2020-09-18T08:14:08.226522445,23.032398,-93.54475
2020-09-18T08:14:08.228811264,23.038769,-93.54695
2020-09-18T08:14:08.230718612,23.041136,-93.533035
2020-09-18T08:14:08.232625961,23.042374,-93.532585
2020-09-18T08:14:08.234533309,23.04535,-93.52577
2020-09-18T08:14:08.236440658,23.048182,-93.51892
2020-09-18T08:14:08.238729476,23.044724,-93.51923
2020-09-18T08:14:08.240636825,23.04385,-93.519745
2020-09-18T08:14:08.242544174,23.043966,-93.52309
2020-09-18T08:14:08.244451522,23.048786,-93.51415
2020-09-18T08:14:08.246358871,23.047182,-93.53954
2020-09-18T08:14:08.248647689,23.046938,-93.53014
2020-09-18T08:14:08.252462387,23.046297,-93.50902
2020-09-18T08:14:08.256658554,23.054205,-93.50678
2020-09-18T08:14:08.258565902,23.05654,-93.50887
2020-09-18T08:14:08.260473251,23.05558,-93.50939
2020-09-18T08:14:08.262380599,23.046324,-93.50653
2020-09-18T08:14:08.264287948,23.05916,-93.49629
2020-09-18T08:14:08.266576766,23.06027,-93.50765
2020-09-18T08:14:08.268484115,23.046272,-93.506485
2020-09-18T08:14:08.270391464,23.046274,-93.50648
2020-09-18T08:14:08.272298812,23.034845,-93.55984
2020-09-18T08:14:08.274207115,23.046295,-93.506485
2020-09-18T08:14:08.276495933,23.046307,-93.506485
2020-09-18T08:14:08.278403282,23.066956,-93.51007
2020-09-18T08:14:08.280310630,23.046316,-93.5065
2020-09-18T08:14:08.282217979,23.070963,-93.510796
2020-09-18T08:14:08.284125328,23.046303,-93.50654
2020-09-18T08:14:08.286414146,23.046295,-93.50656
2020-09-18T08:14:08.288321495,23.046288,-93.50658
2020-09-18T08:14:08.290228843,23.046303,-93.506584
2020-09-18T08:14:08.321890830,23.048523,-93.593216
2020-09-18T08:14:08.445488929,23.04756,-93.55266
2020-09-18T08:14:08.447396278,23.068962,-93.55601
2020-09-18T08:14:08.449303627,23.047636,-93.55513
2020-09-18T08:14:08.453118324,23.07601,-93.56006
2020-09-18T08:14:08.457314491,23.0539,-93.56985
2020-09-18T08:14:08.459221839,23.064987,-93.56453
2020-09-18T08:14:08.465326309,23.048534,-93.59324
2020-09-18T08:14:11.802856445,25.158806,-92.664276
2020-09-18T08:14:11.884490966,25.159313,-92.68391
2020-09-18T08:14:11.888305664,25.158825,-92.66428
2020-09-18T08:14:11.894411087,25.15883,-92.664246
2020-09-18T08:14:11.930269241,25.158794,-92.66423
2020-09-18T08:14:11.932176589,25.158802,-92.66424
2020-09-18T08:14:19.011981964,24.240208,-92.28079
2020-09-18T08:14:19.023807525,24.272676,-92.2501
2020-09-18T08:14:23.292135238,24.195633,-92.322655
2020-09-18T08:14:23.375678062,24.120764,-92.3511
2020-09-18T08:14:23.377585411,24.126955,-92.37406
2020-09-18T08:14:23.453118324,24.135328,-92.357124
2020-09-18T08:14:23.455407142,24.122448,-92.366875
2020-09-18T08:14:23.506905555,24.120842,-92.354515
2020-09-18T08:14:23.508813858,24.140568,-92.34415
2020-09-18T08:14:23.606471061,24.125874,-92.37206
2020-09-18T08:14:23.608378410,24.192493,-92.28189
2020-09-18T08:14:23.642330169,24.163782,-92.352745
2020-09-18T08:14:23.644237518,24.146606,-92.34509
2020-09-18T08:14:23.646144866,24.142893,-92.344864
2020-09-18T08:14:23.725491523,24.11818,-92.359375
2020-09-18T08:14:23.727780342,24.151236,-92.3108
2020-09-18T08:14:23.779279708,24.124657,-92.35837
2020-09-18T08:14:23.781187057,24.119558,-92.35609
2020-09-18T08:14:23.880752563,24.142368,-92.3401
2020-09-18T08:14:23.882659912,24.195658,-92.3227
2020-09-18T08:14:23.956284523,24.169447,-92.343765
2020-09-18T08:14:23.974213600,24.142574,-92.358765
2020-09-18T08:14:23.976120948,24.140375,-92.34487
2020-09-18T08:14:23.978028297,24.154615,-92.3509
2020-09-18T08:14:23.979935646,24.14517,-92.32987
2020-09-18T08:14:23.982224464,24.138659,-92.33891
2020-09-18T08:14:24.121462821,24.11505,-92.32985
2020-09-18T08:14:24.123370170,24.12793,-92.348755
2020-09-18T08:14:29.007783889,23.368803,-93.91014
2020-09-18T08:14:29.009691238,23.368813,-93.91014
2020-09-18T08:14:29.097431182,23.368774,-93.91008
2020-09-18T08:14:35.244529724,24.192162,-92.236084
2020-09-18T08:14:35.246437072,24.192152,-92.23607
2020-09-18T08:14:35.298316955,24.192123,-92.236176
2020-09-18T08:14:35.313957214,24.192106,-92.23613
2020-09-18T08:14:35.367746353,24.192743,-92.261154
2020-09-18T08:14:35.373849868,24.192068,-92.23613
2020-09-18T08:14:35.375757217,24.192041,-92.23613
2020-09-18T08:14:35.387582778,24.192476,-92.25601
2020-09-18T08:14:52.230489730,24.271912,-92.24907
2020-09-18T08:14:52.280464172,24.233109,-92.242546
2020-09-18T08:14:52.282371520,24.222282,-92.262924
2020-09-18T08:14:52.286186218,24.222445,-92.260155
2020-09-18T08:14:52.288475036,24.223927,-92.26436
2020-09-18T08:15:06.140995025,25.155657,-92.57754
2020-09-18T08:15:06.182576179,25.183592,-92.58255
2020-09-18T08:15:06.200505256,25.187183,-92.58323
2020-09-18T08:15:06.210423469,25.192379,-92.584206
2020-09-18T08:15:06.216526985,25.197464,-92.585075
2020-09-18T08:15:06.343939781,25.258602,-92.65375
2020-09-18T08:15:06.345847129,25.235245,-92.66002
2020-09-18T08:15:06.347754478,25.177603,-92.61867
2020-09-18T08:15:06.349661827,25.238472,-92.679665
2020-09-18T08:15:06.351569175,25.246614,-92.69019
2020-09-18T08:15:06.353857994,25.193224,-92.623795
2020-09-18T08:15:06.359580993,25.239363,-92.71597
2020-09-18T08:15:06.367591857,25.24077,-92.76745
2020-09-18T08:15:06.580454826,25.169456,-92.593315
2020-09-18T08:15:06.582362174,25.18957,-92.604935
2020-09-18T08:15:06.588465690,25.155699,-92.57744
2020-09-18T08:15:06.594187736,25.155708,-92.577446
2020-09-18T08:15:06.608303070,25.179155,-92.58155
2020-09-18T08:15:06.610210418,25.155695,-92.57733
2020-09-18T08:15:06.616313934,25.15574,-92.577354
2020-09-18T08:15:06.655986785,24.994963,-92.54866
2020-09-18T08:15:06.655986785,25.175278,-92.59942
2020-09-18T08:15:06.657894134,25.176859,-92.58232
2020-09-18T08:15:06.675824165,25.155735,-92.57742
2020-09-18T08:15:06.677731513,25.1815,-92.60495
2020-09-18T08:15:06.792937278,25.119625,-92.59114
2020-09-18T08:15:06.810866355,25.155666,-92.577415
2020-09-18T08:15:06.862747192,25.158035,-92.66514
2020-09-18T08:15:06.864654541,25.155766,-92.57745
2020-09-18T08:15:06.884490966,25.156824,-92.620674
2020-09-18T08:15:06.974137306,25.106888,-92.58846
2020-09-18T08:15:06.976045608,25.091162,-92.60666
2020-09-18T08:15:06.977952957,25.12033,-92.61689
2020-09-18T08:15:06.999696731,25.169525,-92.57043
2020-09-18T08:15:07.001985549,25.102707,-92.63096
2020-09-18T08:15:07.005800247,25.16916,-92.55978
2020-09-18T08:15:07.007707595,25.117582,-92.58929
2020-09-18T08:15:07.009614944,25.156868,-92.61899
2020-09-18T08:15:07.021821975,25.155724,-92.577484
2020-09-18T08:15:07.087435722,25.114592,-92.65151
2020-09-18T08:15:07.112995147,25.145203,-92.672516
2020-09-18T08:15:07.162968635,25.156794,-92.62065
2020-09-18T08:15:07.164875984,25.138151,-92.58323
2020-09-18T08:15:07.202641487,25.126688,-92.59761
2020-09-18T08:15:07.204548835,25.15913,-92.710724
2020-09-18T08:15:07.250326156,25.156935,-92.624275
2020-09-18T08:15:07.286185264,25.154102,-92.72097
2020-09-18T08:15:25.133136749,24.143831,-92.370316
2020-09-18T08:15:25.177005767,24.167137,-92.35775
2020-09-18T08:15:25.178913116,24.15779,-92.356766
2020-09-18T08:15:25.634395599,24.167154,-92.31563
2020-09-18T08:15:25.636302947,24.17218,-92.27981
2020-09-18T08:15:25.843062400,24.194227,-92.32199
2020-09-18T08:15:25.844969749,24.154757,-92.30834
2020-09-18T08:15:25.846877098,24.166195,-92.281685
2020-09-18T08:16:13.542766571,23.369213,-93.90965
2020-09-18T08:16:13.580532073,23.406404,-93.91638
2020-09-18T08:16:13.584728240,23.414656,-93.917854
2020-09-18T08:16:13.850997924,23.38754,-93.91287
2020-09-18T08:16:13.852905273,23.36911,-93.909546
2020-09-18T08:16:13.867019653,23.369076,-93.90949
2020-09-18T08:16:13.908601760,23.384823,-93.925
2020-09-18T08:16:13.910509109,23.369074,-93.90954
2020-09-18T08:16:13.964296340,23.421444,-93.91898
2020-09-18T08:16:13.970399856,23.424822,-93.91955
2020-09-18T08:16:13.972307205,23.416994,-93.91902
2020-09-18T08:16:13.974214553,23.420923,-93.91882
2020-09-18T08:16:13.976121902,23.41376,-93.915276
2020-09-18T08:16:13.978029251,23.41325,-93.92569
2020-09-18T08:16:13.980318069,23.42702,-93.94374
2020-09-18T08:16:13.982225418,23.424227,-93.93291
2020-09-18T08:16:13.984132766,23.428913,-93.94292
2020-09-18T08:16:13.986040115,23.426346,-93.93811
2020-09-18T08:16:13.987947463,23.44882,-93.96349
2020-09-18T08:16:13.990236282,23.411173,-93.928604
2020-09-18T08:16:13.992143630,23.431473,-93.94306
2020-09-18T08:16:13.995958328,23.450132,-94.01103
2020-09-18T08:16:13.998249053,23.450153,-94.01103
2020-09-18T08:16:14.105442047,23.41192,-93.917114
2020-09-18T08:16:48.326086997,25.283115,-92.56941
2020-09-18T08:16:48.327994346,25.281567,-92.56735
2020-09-18T08:16:48.329901695,25.286871,-92.57189
2020-09-18T08:16:48.331809043,25.286665,-92.56964
2020-09-18T08:16:48.334097862,25.288803,-92.570526
2020-09-18T08:16:48.336006164,25.290798,-92.57116
2020-09-18T08:16:48.337913513,25.300274,-92.569664
2020-09-18T08:16:48.339820861,25.307026,-92.572945
2020-09-18T08:16:48.341728210,25.306707,-92.57075
2020-09-18T08:16:48.344017028,25.310467,-92.56638
2020-09-18T08:16:48.345924377,25.306519,-92.5638
2020-09-18T08:16:48.347831726,25.309711,-92.55835
2020-09-18T08:16:48.349739074,25.315279,-92.551384
2020-09-18T08:16:48.352027893,25.318943,-92.54302
2020-09-18T08:16:48.353935241,25.321709,-92.534424
2020-09-18T08:16:48.355842590,25.321953,-92.53178
2020-09-18T08:16:48.357749938,25.32478,-92.531845
2020-09-18T08:16:48.359657287,25.334953,-92.520584
2020-09-18T08:16:48.361946105,25.338821,-92.51048
2020-09-18T08:16:48.363853454,25.33918,-92.514084
2020-09-18T08:16:48.365760803,25.343609,-92.498
2020-09-18T08:16:48.367668151,25.329845,-92.53736
2020-09-18T08:16:48.369575500,25.330538,-92.482124
2020-09-18T08:16:48.371864318,25.336618,-92.50357
2020-09-18T08:16:48.373771667,25.326813,-92.51252
2020-09-18T08:16:48.375679016,25.327267,-92.53776
2020-09-18T08:16:48.377586364,25.342552,-92.47219
2020-09-18T08:16:48.379875183,25.344069,-92.47249
2020-09-18T08:16:48.381782531,25.341642,-92.48824
2020-09-18T08:16:48.383689880,25.341496,-92.48076
2020-09-18T08:16:48.385597229,25.335657,-92.47313
2020-09-18T08:16:48.387504577,25.337732,-92.47038
2020-09-18T08:16:48.399712562,25.315926,-92.56453
2020-09-18T08:16:48.401619911,25.315897,-92.56346
2020-09-18T08:16:48.425271034,25.315943,-92.564896
2020-09-18T08:16:48.427559852,25.315773,-92.55817
2020-09-18T08:16:48.429467201,25.295292,-92.566124
2020-09-18T08:16:48.431374549,25.33752,-92.53564
2020-09-18T08:16:48.433281898,25.323158,-92.50667
2020-09-18T08:16:48.435189247,25.332653,-92.500496
2020-09-18T08:16:48.437478065,25.341846,-92.51272
2020-09-18T08:16:48.439385414,25.322155,-92.558655
2020-09-18T08:16:48.441292762,25.313639,-92.583084
2020-09-18T08:16:48.443200111,25.316431,-92.58367
2020-09-18T08:16:48.445107460,25.319065,-92.576546
2020-09-18T08:16:48.447396278,25.320118,-92.5532
2020-09-18T08:16:48.449303627,25.326914,-92.52837
2020-09-18T08:16:48.451210975,25.316782,-92.53179
2020-09-18T08:16:48.453118324,25.32303,-92.53402
2020-09-18T08:16:48.455407142,25.328274,-92.52268
2020-09-18T08:16:48.457314491,25.319817,-92.52483
2020-09-18T08:16:48.459221839,25.328535,-92.51922
2020-09-18T08:16:48.461130142,25.332706,-92.514854
2020-09-18T08:16:48.465326309,25.313736,-92.47824
2020-09-18T08:16:48.485162734,25.319214,-92.69381
2020-09-18T08:16:48.487070083,25.326855,-92.639915
2020-09-18T08:16:48.488977432,25.321405,-92.61657
2020-09-18T08:16:48.490884780,25.318068,-92.65002
2020-09-18T08:16:48.520639419,25.349842,-92.69935
2020-09-18T08:16:48.522929191,25.336664,-92.67134
2020-09-18T08:16:48.524836540,25.341606,-92.66389
2020-09-18T08:16:48.526743888,25.332119,-92.669914
2020-09-18T08:16:48.528651237,25.31785,-92.63722
2020-09-18T08:16:48.574427604,25.234095,-92.50371
2020-09-18T08:16:48.576334953,25.27186,-92.514755
2020-09-18T08:16:48.578623771,25.30841,-92.60351
2020-09-18T08:16:48.580531120,25.312012,-92.60504
2020-09-18T08:16:48.594264984,25.37359,-92.72992
2020-09-18T08:16:48.596553802,25.357105,-92.70773
2020-09-18T08:16:48.598461151,25.3514,-92.696884
2020-09-18T08:16:48.600368499,25.347565,-92.69824
2020-09-18T08:16:48.602275848,25.346292,-92.687515
2020-09-18T08:16:48.604183197,25.342957,-92.67454
2020-09-18T08:16:48.606472015,25.336544,-92.65955
2020-09-18T08:16:48.608379364,25.33939,-92.66687
2020-09-18T08:16:48.610286712,25.343636,-92.67499
2020-09-18T08:16:48.612194061,25.337006,-92.66007
2020-09-18T08:16:48.614101409,25.351976,-92.696266
2020-09-18T08:16:48.616390228,25.345657,-92.67863
2020-09-18T08:16:48.618297576,25.350037,-92.69203
2020-09-18T08:16:48.620204925,25.344126,-92.67594
2020-09-18T08:16:48.622112274,25.345135,-92.67844
2020-09-18T08:16:48.624019622,25.352137,-92.69369
2020-09-18T08:16:48.626308441,25.348036,-92.68585
2020-09-18T08:16:48.628215789,25.342978,-92.677216
2020-09-18T08:16:48.630123138,25.33327,-92.65726
2020-09-18T08:16:48.632030487,25.324568,-92.634415
2020-09-18T08:16:48.634319305,25.324818,-92.6407
2020-09-18T08:16:48.636226654,25.33084,-92.65109
2020-09-18T08:16:48.638134002,25.328762,-92.63249
2020-09-18T08:16:48.640041351,25.332798,-92.6434
2020-09-18T08:16:48.641948699,25.33959,-92.6485
2020-09-18T08:16:48.646145820,25.316954,-92.605934
2020-09-18T08:16:48.683911323,25.343288,-92.87332
2020-09-18T08:16:48.685818672,25.334667,-92.8672
2020-09-18T08:16:48.687726020,25.342619,-92.86235
2020-09-18T08:16:48.689633369,25.344702,-92.860504
2020-09-18T08:16:48.691922187,25.35296,-92.850945
2020-09-18T08:16:48.693829536,25.354687,-92.79589
2020-09-18T08:16:48.695736885,25.402264,-92.79652
2020-09-18T08:16:48.695736885,25.326263,-92.957756
2020-09-18T08:16:48.695736885,25.336376,-92.701775
2020-09-18T08:16:48.697644233,25.35108,-92.71109
2020-09-18T08:16:48.699933052,25.335613,-92.65667
2020-09-18T08:16:48.701840400,25.317982,-92.64509
2020-09-18T08:16:48.703747749,25.31695,-92.60588
2020-09-18T08:16:48.713666915,25.39445,-92.50021
2020-09-18T08:16:48.743421554,25.274836,-92.46557
2020-09-18T08:16:48.763257980,25.234076,-92.50369
2020-09-18T08:16:48.765546798,25.234047,-92.5037
2020-09-18T08:16:48.838790893,25.234182,-92.50371
2020-09-18T08:16:48.864730834,25.254435,-92.50714
2020-09-18T08:16:48.868927001,25.31469,-92.518196
2020-09-18T08:16:48.870834350,25.260113,-92.486244
2020-09-18T08:16:48.872741699,25.269121,-92.48212
2020-09-18T08:16:59.179449081,21.35154,-93.73761
2020-09-18T08:17:06.473259925,24.927351,-93.10631
2020-09-18T08:17:06.475167274,24.925598,-93.10511
2020-09-18T08:17:06.477074623,24.932364,-93.09917
2020-09-18T08:17:06.478981971,24.936588,-93.11389
2020-09-18T08:17:06.481271743,24.93913,-93.11253
2020-09-18T08:17:06.483179092,24.941647,-93.10455
2020-09-18T08:17:06.485086441,24.938595,-93.11367
2020-09-18T08:17:06.486993789,24.943268,-93.11673
2020-09-18T08:17:06.488901138,24.944748,-93.107925
2020-09-18T08:17:06.491189956,24.948904,-93.11188
2020-09-18T08:17:06.493097305,24.94401,-93.12239
2020-09-18T08:17:06.495004653,24.959156,-93.098785
2020-09-18T08:17:06.496912002,24.973364,-93.10311
2020-09-18T08:17:06.498819351,24.96168,-93.10111
2020-09-18T08:17:06.501108169,24.98444,-93.10938
2020-09-18T08:17:06.503015518,24.984745,-93.111046
2020-09-18T08:17:06.504922866,24.96165,-93.11022
2020-09-18T08:17:06.506830215,24.9803,-93.10282
2020-09-18T08:17:06.508737564,24.978868,-93.1019
2020-09-18T08:17:06.511026382,24.967201,-93.101906
2020-09-18T08:17:06.512933731,24.961597,-93.10456
2020-09-18T08:17:06.514841079,24.945564,-93.11086
2020-09-18T08:17:06.516748428,24.950785,-93.087074
2020-09-18T08:17:06.519037246,24.948658,-93.08446
2020-09-18T08:17:06.520944595,24.946436,-93.08508
2020-09-18T08:17:06.522851943,24.956234,-93.0919
2020-09-18T08:17:06.524759292,24.96483,-93.11654
2020-09-18T08:17:06.526666641,24.929047,-93.06056
2020-09-18T08:17:06.528955459,24.966946,-93.06751
2020-09-18T08:17:06.530862808,24.959442,-93.105835
2020-09-18T08:17:06.550700187,24.9285,-93.04029
2020-09-18T08:17:06.829176902,24.841558,-93.10265
2020-09-18T08:17:14.775314331,25.601782,-92.72539
2020-09-18T08:17:14.777221679,25.592285,-92.72411
2020-09-18T08:17:14.779129028,25.592129,-92.72094
2020-09-18T08:17:14.781417846,25.599607,-92.720985
2020-09-18T08:17:14.783325195,25.59792,-92.71783
2020-09-18T08:17:14.785232543,25.597647,-92.71843
2020-09-18T08:17:14.787139892,25.591059,-92.720436
2020-09-18T08:17:14.789047241,25.590376,-92.720024
2020-09-18T08:17:14.791336059,25.595148,-92.718254
2020-09-18T08:17:14.793243408,25.594873,-92.71652
2020-09-18T08:17:14.795150756,25.593706,-92.716354
2020-09-18T08:17:14.797058105,25.59246,-92.718445
2020-09-18T08:17:14.798965454,25.581093,-92.71811
2020-09-18T08:17:14.801254272,25.590137,-92.71674
2020-09-18T08:17:14.803161621,25.561998,-92.739716
2020-09-18T08:17:14.805068969,25.561972,-92.7397
2020-09-18T08:17:14.806976318,25.561943,-92.73968
2020-09-18T08:17:14.821090698,25.597988,-92.746315
2020-09-18T08:17:14.850845336,25.642916,-92.75465
2020-09-18T08:17:14.852752685,25.642923,-92.75465
2020-09-18T08:17:14.854660034,25.642931,-92.754654
2020-09-18T08:17:14.884798049,25.61081,-92.74869
2020-09-18T08:17:14.886705398,25.609999,-92.748535
2020-09-18T08:17:14.888612747,25.592941,-92.72482
2020-09-18T08:17:14.890520095,25.585955,-92.72694
2020-09-18T08:17:14.892427444,25.616886,-92.73284
2020-09-18T08:17:14.894716262,25.590446,-92.729904
2020-09-18T08:17:14.896623611,25.593897,-92.72704
2020-09-18T08:17:14.898530960,25.595491,-92.729324
2020-09-18T08:17:14.900438308,25.602505,-92.72416
2020-09-18T08:17:14.902345657,25.596231,-92.72332
2020-09-18T08:17:14.904634475,25.592028,-92.721
2020-09-18T08:17:14.906541824,25.610355,-92.72279
2020-09-18T08:17:14.908449172,25.632566,-92.74059
2020-09-18T08:17:14.910356521,25.622963,-92.751
2020-09-18T08:17:14.912263870,25.642904,-92.75468
2020-09-18T08:17:14.914552688,25.642899,-92.75466
2020-09-18T08:17:14.916460037,25.642893,-92.754654
2020-09-18T08:17:14.920274734,25.590662,-92.71148
2020-09-18T08:17:14.922563552,25.611084,-92.71923
2020-09-18T08:17:14.924470901,25.642942,-92.75464
2020-09-18T08:17:14.928285598,25.617584,-92.731224
2020-09-18T08:17:14.930192947,25.61172,-92.735016
2020-09-18T08:17:14.932481765,25.625294,-92.73607
2020-09-18T08:17:14.934389114,25.624756,-92.72834
2020-09-18T08:17:14.936296463,25.633135,-92.73563
2020-09-18T08:17:14.938203811,25.637152,-92.73736
2020-09-18T08:17:14.940111160,25.645912,-92.73386
2020-09-18T08:17:14.942399978,25.651968,-92.721306
2020-09-18T08:17:14.944307327,25.629507,-92.68999
2020-09-18T08:17:14.946214675,25.608067,-92.68657
2020-09-18T08:17:14.948122024,25.61214,-92.69433
2020-09-18T08:17:14.950410842,25.627293,-92.69473
2020-09-18T08:17:14.952318191,25.641544,-92.685555
2020-09-18T08:17:14.954225540,25.637646,-92.68259
2020-09-18T08:17:14.956132888,25.640488,-92.66645
2020-09-18T08:17:14.958040237,25.640457,-92.66645
2020-09-18T08:17:14.960329055,25.640463,-92.66646
2020-09-18T08:17:14.962236404,25.662012,-92.64773
2020-09-18T08:17:14.964143753,25.654894,-92.64911
2020-09-18T08:17:14.966051101,25.650696,-92.64936
2020-09-18T08:17:14.967958450,25.607561,-92.685135
2020-09-18T08:17:14.970247268,25.629915,-92.6639
2020-09-18T08:17:14.972154617,25.627544,-92.66571
2020-09-18T08:17:14.974061965,25.625738,-92.66259
2020-09-18T08:17:14.975969314,25.619186,-92.66543
2020-09-18T08:17:14.977876663,25.628284,-92.66434
2020-09-18T08:17:14.980165481,25.63602,-92.661064
2020-09-18T08:17:14.982072830,25.634346,-92.65567
2020-09-18T08:17:14.983980178,25.626799,-92.653015
2020-09-18T08:17:14.985887527,25.622458,-92.64734
2020-09-18T08:17:14.988178253,25.640547,-92.66653
2020-09-18T08:17:14.990085601,25.640545,-92.66651
2020-09-18T08:17:15.045780181,25.60998,-92.74849
2020-09-18T08:17:15.049594879,25.59826,-92.694824
2020-09-18T08:17:15.051502227,25.611717,-92.69649
2020-09-18T08:17:15.053791046,25.640575,-92.66643
2020-09-18T08:17:15.055698394,25.64059,-92.666435
2020-09-18T08:17:15.200658798,25.643015,-92.754745
2020-09-18T08:17:23.673992156,25.179758,-92.72247
2020-09-18T08:17:23.675899505,25.174284,-92.72371
2020-09-18T08:17:23.677806854,25.17592,-92.72243
2020-09-18T08:17:23.680095672,25.176336,-92.72431
2020-09-18T08:17:23.682003021,25.181845,-92.71554
2020-09-18T08:17:23.683910369,25.18064,-92.72187
2020-09-18T08:17:23.685817718,25.184032,-92.722984
2020-09-18T08:17:23.687725067,25.18309,-92.72168
2020-09-18T08:17:23.690013885,25.181036,-92.71885
2020-09-18T08:17:23.691921234,25.186193,-92.721306
2020-09-18T08:17:23.693828582,25.186989,-92.71814
2020-09-18T08:17:23.695736885,25.187956,-92.713585
2020-09-18T08:17:23.698025703,25.187496,-92.70935
2020-09-18T08:17:23.699933052,25.202345,-92.720406
2020-09-18T08:17:23.701840400,25.192795,-92.71463
2020-09-18T08:17:23.703747749,25.207525,-92.72109
2020-09-18T08:17:23.705655097,25.20623,-92.7049
2020-09-18T08:17:23.707943916,25.21189,-92.72636
2020-09-18T08:17:23.709851264,25.237555,-92.67986
2020-09-18T08:17:23.711758613,25.238424,-92.712845
2020-09-18T08:17:23.713665962,25.198092,-92.71183
2020-09-18T08:17:23.715573310,25.222803,-92.74064
2020-09-18T08:17:23.717862129,25.23856,-92.71775
2020-09-18T08:17:23.721676826,25.23987,-92.76764
2020-09-18T08:17:23.723584175,25.239868,-92.76764
2020-09-18T08:17:23.725491523,25.223726,-92.73975
2020-09-18T08:17:23.727780342,25.239185,-92.741745
2020-09-18T08:17:23.733502388,25.239882,-92.76765
2020-09-18T08:17:23.735409736,25.239054,-92.735886
2020-09-18T08:17:23.793394088,25.23882,-92.72862
2020-09-18T08:17:23.795301437,25.22102,-92.73294
2020-09-18T08:17:23.797208786,25.193771,-92.727066
2020-09-18T08:17:23.799116134,25.201275,-92.72425
2020-09-18T08:17:23.801023483,25.214636,-92.72914
2020-09-18T08:17:23.803312301,25.22317,-92.73323
2020-09-18T08:17:23.805219650,25.220507,-92.72824
2020-09-18T08:17:23.807126998,25.218864,-92.7252
2020-09-18T08:17:23.809034347,25.216097,-92.72619
2020-09-18T08:17:23.811323165,25.220833,-92.73191
2020-09-18T08:17:23.813230514,25.21828,-92.72646
2020-09-18T08:17:23.815137863,25.231789,-92.7277
2020-09-18T08:17:23.817045211,25.23199,-92.726494
2020-09-18T08:17:23.818953514,25.22009,-92.73847
2020-09-18T08:17:23.821242332,25.24103,-92.73031
2020-09-18T08:17:23.823149681,25.249279,-92.72153
2020-09-18T08:17:23.825057029,25.271067,-92.738464
2020-09-18T08:17:23.826964378,25.27371,-92.7403
2020-09-18T08:17:23.828871726,25.281725,-92.728485
2020-09-18T08:17:23.831160545,25.239817,-92.767654
2020-09-18T08:17:23.833067893,25.318085,-92.694466
2020-09-18T08:17:23.834975242,25.30052,-92.73852
2020-09-18T08:17:23.836882591,25.315975,-92.732864
2020-09-18T08:17:23.852904319,25.260246,-92.737785
2020-09-18T08:17:23.854811668,25.284582,-92.73393
2020-09-18T08:17:23.856719017,25.290588,-92.74412
2020-09-18T08:17:23.860915184,25.398766,-92.70928
2020-09-18T08:17:23.868926048,25.398712,-92.70921
2020-09-18T08:17:23.872740745,25.398703,-92.70925
2020-09-18T08:17:23.882659912,25.398705,-92.709305
2020-09-18T08:17:23.884567260,25.398712,-92.709305
2020-09-18T08:17:23.886474609,25.398718,-92.709305
2020-09-18T08:17:23.888763427,25.398726,-92.709305
2020-09-18T08:17:23.888763427,25.23978,-92.76775
2020-09-18T08:17:23.890670776,25.354841,-92.74844
2020-09-18T08:17:23.892578125,25.32377,-92.73621
2020-09-18T08:17:23.894485473,25.304358,-92.736305
2020-09-18T08:17:23.896774291,25.267796,-92.727104
2020-09-18T08:17:23.898681640,25.235872,-92.730576
2020-09-18T08:17:23.900588989,25.25772,-92.72724
2020-09-18T08:17:23.902496337,25.261145,-92.72655
2020-09-18T08:17:23.904403686,25.263563,-92.72776
2020-09-18T08:17:23.906692504,25.26143,-92.72652
2020-09-18T08:17:23.908599853,25.275846,-92.72354
2020-09-18T08:17:23.910507202,25.258577,-92.73919
2020-09-18T08:17:23.912414550,25.238976,-92.736145
2020-09-18T08:17:23.914703369,25.23903,-92.73824
2020-09-18T08:17:23.916610717,25.239067,-92.739655
2020-09-18T08:17:23.918518066,25.2527,-92.74101
2020-09-18T08:17:23.920425415,25.253874,-92.74185
2020-09-18T08:17:23.922332763,25.271372,-92.73998
2020-09-18T08:17:23.924621582,25.28423,-92.74824
2020-09-18T08:17:23.926528930,25.266296,-92.74294
2020-09-18T08:17:23.928436279,25.239742,-92.76776
2020-09-18T08:17:23.930343627,25.239748,-92.76777
2020-09-18T08:17:23.932250976,25.239758,-92.76777
2020-09-18T08:17:23.950181007,25.27036,-92.73917
2020-09-18T08:17:23.954377174,25.31011,-92.742355
2020-09-18T08:17:23.956284523,25.308279,-92.74219
2020-09-18T08:17:23.958191871,25.273264,-92.73654
2020-09-18T08:17:23.997864723,25.131433,-92.701935
2020-09-18T08:17:24.000153541,25.176714,-92.743454
2020-09-18T08:17:24.085604667,25.157745,-92.694466
2020-09-18T08:17:24.151218414,25.145351,-92.70436
2020-09-18T08:17:37.537197113,24.230606,-92.305855
2020-09-18T08:17:37.539104461,24.271854,-92.25014
2020-09-18T08:17:37.570766448,24.243517,-92.28926
2020-09-18T08:17:37.572673797,24.22375,-92.29045
2020-09-18T08:17:37.608533859,24.194605,-92.32333
2020-09-18T08:17:37.610441207,24.19356,-92.28127
2020-09-18T08:17:37.614637374,24.193598,-92.284065
2020-09-18T08:17:37.616544723,24.22675,-92.28557
2020-09-18T08:17:37.920579910,24.232996,-92.28488
2020-09-18T08:17:48.875030517,23.0448,-93.54595
2020-09-18T08:17:48.876937866,23.048885,-93.53581
2020-09-18T08:17:48.878845214,23.046013,-93.541565
2020-09-18T08:17:48.881134033,23.04987,-93.53325
2020-09-18T08:17:48.883041381,23.048351,-93.532524
2020-09-18T08:17:48.884948730,23.057816,-93.53699
2020-09-18T08:17:48.886856079,23.046919,-93.5327
2020-09-18T08:17:48.889144897,23.046965,-93.535095
2020-09-18T08:17:48.891052246,23.05704,-93.53354
2020-09-18T08:17:48.892960548,23.048864,-93.53238
2020-09-18T08:17:48.894867897,23.04679,-93.52786
2020-09-18T08:17:48.896775245,23.078238,-93.53347
2020-09-18T08:17:48.899064064,23.077305,-93.535095
2020-09-18T08:17:48.900971412,23.074135,-93.52744
2020-09-18T08:17:48.902878761,23.07151,-93.52931
2020-09-18T08:17:48.904786109,23.080193,-93.53332
2020-09-18T08:17:48.906693458,23.077358,-93.53547
2020-09-18T08:17:48.908982276,23.074951,-93.511635
2020-09-18T08:17:48.910889625,23.04633,-93.5067
2020-09-18T08:17:48.912796974,23.046827,-93.52721
2020-09-18T08:17:48.914704322,23.046295,-93.50675
2020-09-18T08:17:48.916993141,23.046278,-93.50678
2020-09-18T08:17:48.918900489,23.04626,-93.506805
2020-09-18T08:17:48.920807838,23.046244,-93.50679
2020-09-18T08:17:48.932633399,23.124634,-93.52032
2020-09-18T08:17:48.934540748,23.097815,-93.51567
2020-09-18T08:17:48.936829566,23.093079,-93.514854
2020-09-18T08:17:48.938736915,23.124687,-93.52035
2020-09-18T08:17:48.940644264,23.096151,-93.52888
2020-09-18T08:17:48.942551612,23.080256,-93.53129
2020-09-18T08:17:48.944458961,23.084616,-93.5134
2020-09-18T08:17:49.036013603,23.047173,-93.543945
2020-09-18T08:17:49.085605621,23.046934,-93.53222
2020-09-18T08:17:49.087894439,23.047226,-93.542885
2020-09-18T08:17:49.091709136,23.036816,-93.53528
2020-09-18T08:17:49.097812652,23.03522,-93.53512
2020-09-18T08:17:49.117649078,23.021511,-93.54343
2020-09-18T08:17:49.119556427,23.03135,-93.54012
2020-09-18T08:17:49.121463775,23.0474,-93.55124
2020-09-18T08:17:49.123752593,23.020155,-93.546974
2020-09-18T08:17:49.149312019,23.004896,-93.55559
2020-09-18T08:17:49.151219367,23.011839,-93.543205
2020-09-18T08:17:49.159230232,23.026808,-93.57897
2020-09-18T08:17:49.161519050,23.023489,-93.55238
2020-09-18T08:17:49.177159309,23.025066,-93.5893
2020-09-18T08:17:49.179066658,23.015131,-93.5642
2020-09-18T08:17:49.181355476,23.032278,-93.55815
2020-09-18T08:17:49.185170173,23.048542,-93.59333
2020-09-18T08:18:10.564968109,24.077425,-92.32581
2020-09-18T08:18:10.566875457,24.059778,-92.32219
2020-09-18T08:18:10.568782806,24.079254,-92.32032
2020-09-18T08:18:10.570690155,24.114853,-92.347435
2020-09-18T08:18:10.572978973,24.05402,-92.34587
2020-09-18T08:18:10.626385688,24.077833,-92.32924
2020-09-18T08:18:10.630581855,24.034569,-92.29536
2020-09-18T08:18:10.644314765,24.082218,-92.35338
2020-09-18T08:18:10.644314765,24.043165,-92.64185
2020-09-18T08:18:10.706113815,24.097288,-92.33638
2020-09-18T08:18:10.817504882,24.069101,-92.31234
2020-09-18T08:18:10.823226928,24.09388,-92.337234
2020-09-18T08:18:10.825515747,24.073343,-92.337814
2020-09-18T08:18:29.340049743,25.315884,-92.55827
2020-09-18T08:18:29.341957092,25.315834,-92.55593
2020-09-18T08:18:29.343864440,25.31583,-92.55538
2020-09-18T08:18:29.346153259,25.315748,-92.551834
2020-09-18T08:18:29.348060607,25.314907,-92.51917
2020-09-18T08:18:29.349967956,25.314924,-92.51917
2020-09-18T08:18:29.351875305,25.314943,-92.51917
2020-09-18T08:18:29.354164123,25.314964,-92.519165
2020-09-18T08:18:29.600597381,25.293394,-92.554695
2020-09-18T08:18:29.624248504,25.269974,-92.557205
2020-09-18T08:18:29.630352020,25.294819,-92.5708
2020-09-18T08:18:29.632259368,25.315079,-92.51899
2020-09-18T08:18:29.634166717,25.281685,-92.561035
2020-09-18T08:18:29.636456489,25.295618,-92.55881
2020-09-18T08:18:29.638363838,25.298203,-92.5721
2020-09-18T08:18:29.646374702,25.316246,-92.56252
2020-09-18T08:18:29.650189399,25.303778,-92.56827
2020-09-18T08:18:29.652096748,25.316381,-92.567955
2020-09-18T08:18:29.654004096,25.316349,-92.56651
2020-09-18T08:18:29.656292915,25.31741,-92.60687
2020-09-18T08:18:29.801253318,25.295713,-92.545135
2020-09-18T08:18:29.803160667,25.316692,-92.576035
2020-09-18T08:18:29.805449485,25.32113,-92.60616
2020-09-18T08:18:29.807356834,25.319942,-92.60338
2020-09-18T08:18:29.809264183,25.33074,-92.60593
2020-09-18T08:18:29.811171531,25.32977,-92.60252
2020-09-18T08:18:29.813078880,25.328794,-92.60403
2020-09-18T08:18:29.815367698,25.32697,-92.602585
2020-09-18T08:18:29.817275047,25.328598,-92.60476
2020-09-18T08:18:29.819182395,25.317482,-92.60673
2020-09-18T08:18:29.821090698,25.317484,-92.60673
2020-09-18T08:18:29.822998046,25.317486,-92.606735
2020-09-18T08:18:29.825286865,25.317488,-92.60674
2020-09-18T08:18:29.827194213,25.31749,-92.60674
2020-09-18T08:18:34.071872711,25.192833,-92.56767
2020-09-18T08:18:34.075687408,25.21016,-92.567894
2020-09-18T08:18:34.081790924,25.23705,-92.592674
2020-09-18T08:18:34.097431182,25.218378,-92.56279
2020-09-18T08:18:34.099338531,25.20165,-92.586266
2020-09-18T08:18:34.105442047,25.236078,-92.5552
2020-09-18T08:18:34.131383895,25.235964,-92.549774
2020-09-18T08:18:34.141302108,25.234747,-92.50501
2020-09-18T08:18:34.143209457,25.199015,-92.54862
2020-09-18T08:18:34.151220321,25.234829,-92.50507
2020-09-18T08:18:34.153127670,25.180588,-92.54655
2020-09-18T08:18:34.155035018,25.23591,-92.54824
2020-09-18T08:18:34.167242050,25.196108,-92.52073
2020-09-18T08:18:34.169149398,25.167618,-92.54911
2020-09-18T08:18:34.182882308,25.175638,-92.52995
2020-09-18T08:18:34.190893173,25.184185,-92.52202
2020-09-18T08:18:34.192800521,25.1888,-92.53266
2020-09-18T08:18:34.196996688,25.186918,-92.51953
2020-09-18T08:18:34.198904037,25.187782,-92.52033
2020-09-18T08:18:34.200811386,25.155382,-92.5336
2020-09-18T08:18:34.240865707,25.195713,-92.49809
2020-09-18T08:19:41.123446464,25.203697,-92.499374
2020-09-18T08:19:41.143283367,25.214638,-92.50143
2020-09-18T08:19:41.145190715,25.233696,-92.504845
2020-09-18T08:19:41.169223308,25.195093,-92.46716
2020-09-18T08:19:41.179141998,25.17817,-92.462524
2020-09-18T08:19:41.189060211,25.233686,-92.50493
2020-09-18T08:19:41.190967559,25.175999,-92.45851
2020-09-18T08:19:41.192874908,25.198599,-92.46493
2020-09-18T08:19:41.198978424,25.1848,-92.44147
2020-09-18T08:19:41.200885772,25.196068,-92.453
2020-09-18T08:19:41.203174591,25.152119,-92.44425
2020-09-18T08:19:41.205082416,25.179815,-92.44921
2020-09-18T08:19:41.206989765,25.179775,-92.44643
2020-09-18T08:19:41.208897113,25.182703,-92.44691
2020-09-18T08:19:41.210804462,25.183186,-92.45022
2020-09-18T08:19:41.213093280,25.18469,-92.45035
2020-09-18T08:19:41.215000629,25.232597,-92.45977
2020-09-18T08:19:41.216907978,25.19739,-92.44795
2020-09-18T08:19:41.218815326,25.21353,-92.44904
2020-09-18T08:19:41.220722675,25.209244,-92.45404
2020-09-18T08:19:41.223011493,25.206926,-92.45509
2020-09-18T08:19:41.224918842,25.23251,-92.4589
2020-09-18T08:19:41.306554794,25.274668,-92.470535
2020-09-18T08:19:41.310369491,25.232624,-92.4638
2020-09-18T08:19:41.312276840,25.231703,-92.476616
2020-09-18T08:19:41.314184188,25.232653,-92.46477
2020-09-18T08:19:41.318380355,25.263767,-92.457184
2020-09-18T08:19:41.650264263,25.188494,-92.44603
2020-09-18T08:19:41.652171611,25.253052,-92.475845
2020-09-18T08:19:41.761655330,25.310526,-92.49003
2020-09-18T08:19:41.763562679,25.27876,-92.47708
2020-09-18T08:19:41.801328659,25.31048,-92.48778
2020-09-18T08:19:41.803236007,25.313236,-92.47927
2020-09-18T08:19:41.857024192,25.313517,-92.489624
2020-09-18T08:19:41.866942405,25.29798,-92.50832
2020-09-18T08:19:41.884871959,25.182192,-92.44403
2020-09-18T08:19:41.886779308,25.16376,-92.45172
2020-09-18T08:19:41.889068126,25.191755,-92.461044
2020-09-18T08:19:41.890975475,25.23267,-92.46527
2020-09-18T08:19:41.894790172,25.18782,-92.49653
2020-09-18T08:19:41.996262550,25.312044,-92.43158
2020-09-18T08:19:55.022129058,24.535038,-93.20521
2020-09-18T08:19:55.024036407,24.535116,-93.2077
2020-09-18T08:19:55.033954620,24.515072,-93.197784
2020-09-18T08:20:12.747770309,24.768286,-93.03202
2020-09-18T08:20:12.749677658,24.789995,-93.03577
2020-09-18T08:20:12.773712158,24.768318,-93.032005
2020-09-18T08:20:24.495690345,23.073608,-93.540215
2020-09-18T08:20:24.497597694,23.063395,-93.52867
2020-09-18T08:20:24.499505996,23.063528,-93.53401
2020-09-18T08:20:24.501413345,23.060429,-93.52993
2020-09-18T08:20:24.503320693,23.067194,-93.53442
2020-09-18T08:20:24.505609512,23.059444,-93.5239
2020-09-18T08:20:24.507516860,23.06536,-93.52918
2020-09-18T08:20:24.509424209,23.076086,-93.51161
2020-09-18T08:20:24.511331558,23.073606,-93.52481
2020-09-18T08:20:24.513238906,23.06774,-93.52647
2020-09-18T08:20:24.515527725,23.076126,-93.528854
2020-09-18T08:20:24.517435073,23.079062,-93.5121
2020-09-18T08:20:24.519342422,23.07001,-93.52515
2020-09-18T08:20:24.521249771,23.091291,-93.51422
2020-09-18T08:20:24.523538589,23.099129,-93.51558
2020-09-18T08:20:24.525445938,23.12415,-93.51993
2020-09-18T08:20:24.527353286,23.124178,-93.519936
2020-09-18T08:20:24.568934440,23.124208,-93.519936
2020-09-18T08:20:24.578852653,23.124235,-93.51995
2020-09-18T08:20:24.581141471,23.1242,-93.519936
2020-09-18T08:20:24.599070549,23.135681,-93.552605
2020-09-18T08:20:24.612803459,23.125242,-93.562515
2020-09-18T08:20:34.243154525,24.04079,-92.31514
2020-09-18T08:20:34.245061874,24.04316,-92.31486
2020-09-18T08:20:34.246971130,24.01653,-92.33692
2020-09-18T08:20:34.268714904,24.116436,-92.349945
2020-09-18T08:20:34.420160293,24.072369,-92.32947
2020-09-18T08:20:34.422067642,24.19387,-92.27985
2020-09-18T08:20:34.435800552,23.98165,-92.30303
2020-09-18T08:20:34.437707901,24.03626,-92.29644
2020-09-18T08:20:34.491495132,24.160046,-92.35543
2020-09-18T08:20:34.505611419,24.102524,-92.3587
2020-09-18T08:20:34.505611419,24.04473,-92.64289
2020-09-18T08:20:34.507518768,24.096722,-92.36195
2020-09-18T08:20:34.509426116,24.11547,-92.30972
2020-09-18T08:20:34.586864471,23.988728,-92.293365
2020-09-18T08:20:34.589153289,24.046476,-92.28131
2020-09-18T08:20:34.660490036,24.1936,-92.26783
2020-09-18T08:20:34.686429977,23.989882,-92.28961
2020-09-18T08:20:34.688337326,24.080627,-92.254684
2020-09-18T08:20:34.765777587,24.007034,-92.154396
2020-09-18T08:20:34.768066406,24.06495,-92.19226
2020-09-18T08:20:34.768066406,23.96575,-92.62923
2020-09-18T08:20:34.769973754,24.192978,-92.23653
2020-09-18T08:20:34.793624877,24.0364,-92.29624
2020-09-18T08:20:34.795913696,24.01335,-92.28233
2020-09-18T08:20:34.797821044,24.069016,-92.284004
2020-09-18T08:20:35.050357818,24.036427,-92.29635
2020-09-18T08:20:35.077823638,24.24435,-92.21782
2020-09-18T08:20:35.123601913,24.237743,-92.35885
2020-09-18T08:20:35.125890731,24.232218,-92.350685
2020-09-18T08:20:35.127798080,24.23025,-92.354164
2020-09-18T08:20:35.129705429,24.25026,-92.343506
2020-09-18T08:20:35.131612777,24.274515,-92.336685
2020-09-18T08:20:35.218969345,24.27464,-92.33669
2020-09-18T08:20:35.221258163,24.274624,-92.33669
2020-09-18T08:20:35.223165512,24.274609,-92.3367
2020-09-18T08:20:35.225072860,24.274593,-92.33671
2020-09-18T08:20:35.226980209,24.306215,-92.33958
2020-09-18T08:20:35.229269027,24.282469,-92.33348
2020-09-18T08:20:35.231176376,24.296299,-92.29636
2020-09-18T08:20:35.233083724,24.303326,-92.315414
2020-09-18T08:20:35.234991073,24.29595,-92.30741
2020-09-18T08:20:35.236900329,24.288227,-92.31595
2020-09-18T08:20:35.239189147,24.274519,-92.33666
2020-09-18T08:20:35.241096496,24.273376,-92.28955
2020-09-18T08:20:35.243003845,24.272423,-92.25
2020-09-18T08:20:38.236824035,25.188059,-92.49638
2020-09-18T08:20:38.241020202,25.192982,-92.49726
2020-09-18T08:20:38.272682189,25.200836,-92.49868
2020-09-18T08:20:38.290611267,25.199373,-92.49842
2020-09-18T08:20:38.304344177,25.203259,-92.49924
2020-09-18T08:20:38.312355041,25.20422,-92.49939
2020-09-18T08:20:38.316551208,25.235058,-92.504875
2020-09-18T08:20:38.326469421,25.19546,-92.50885
2020-09-18T08:20:38.346307754,25.194967,-92.51785
2020-09-18T08:20:38.354318618,25.19738,-92.54024
2020-09-18T08:20:38.356225967,25.235088,-92.50496
2020-09-18T08:20:38.369958877,25.188686,-92.49652
2020-09-18T08:20:38.437479019,25.235062,-92.504944
2020-09-18T08:20:38.439767837,25.235056,-92.50494
2020-09-18T08:20:38.441675186,25.219387,-92.48221
2020-09-18T08:20:38.443582534,25.235054,-92.504906
2020-09-18T08:20:38.445489883,25.220528,-92.48296
2020-09-18T08:20:38.447778701,25.220087,-92.48301
2020-09-18T08:20:38.449686050,25.217213,-92.48241
2020-09-18T08:20:38.451593399,25.217468,-92.47981
2020-09-18T08:20:38.455410003,25.234238,-92.4719
2020-09-18T08:20:38.467617034,25.234282,-92.476326
2020-09-18T08:20:43.223088264,25.28106,-92.668495
2020-09-18T08:20:43.224995613,25.274193,-92.65814
2020-09-18T08:20:43.226902961,25.273712,-92.65502
2020-09-18T08:20:43.228810310,25.272833,-92.64885
2020-09-18T08:20:43.230717658,25.238415,-92.681
2020-09-18T08:20:43.234913825,25.238409,-92.68095
2020-09-18T08:20:43.236821174,25.238407,-92.68092
2020-09-18T08:20:43.238728523,25.238403,-92.68089
2020-09-18T08:20:43.240635871,25.238392,-92.68089
2020-09-18T08:20:43.242924690,25.264925,-92.68572
2020-09-18T08:20:43.244832038,25.238369,-92.68089
2020-09-18T08:20:43.316549301,25.266432,-92.63079
2020-09-18T08:20:43.318456649,25.2784,-92.64348
2020-09-18T08:20:43.322271347,25.284153,-92.66599
2020-09-18T08:20:43.324179649,25.283121,-92.65613
2020-09-18T08:20:43.326468467,25.26164,-92.649574
2020-09-18T08:20:43.328375816,25.268766,-92.65134
2020-09-18T08:20:43.330283164,25.272192,-92.65741
2020-09-18T08:20:43.332190513,25.26467,-92.65615
2020-09-18T08:20:43.334097862,25.264002,-92.64813
2020-09-18T08:20:43.336386680,25.261942,-92.656746
2020-09-18T08:20:43.338294029,25.267414,-92.65068
2020-09-18T08:20:43.340201377,25.27447,-92.62448
2020-09-18T08:20:43.342108726,25.262386,-92.661766
2020-09-18T08:20:43.344016075,25.272795,-92.647354
2020-09-18T08:20:43.346304893,25.27758,-92.631775
2020-09-18T08:20:43.348212242,25.28699,-92.62802
2020-09-18T08:20:43.350119590,25.279135,-92.6257
2020-09-18T08:20:43.352026939,25.283697,-92.615685
2020-09-18T08:20:43.354315757,25.279129,-92.61761
2020-09-18T08:20:43.356223106,25.281183,-92.61562
2020-09-18T08:20:43.358130455,25.289978,-92.61286
2020-09-18T08:20:43.360037803,25.283895,-92.6112
2020-09-18T08:20:43.361945152,25.29028,-92.61271
2020-09-18T08:20:43.364233970,25.285282,-92.61501
2020-09-18T08:20:43.366141319,25.289484,-92.614914
2020-09-18T08:20:43.368048667,25.289097,-92.6131
2020-09-18T08:20:43.369956016,25.285912,-92.61297
2020-09-18T08:20:43.371863365,25.287083,-92.612816
2020-09-18T08:20:43.374152183,25.289003,-92.61157
2020-09-18T08:20:43.376059532,25.288176,-92.614174
2020-09-18T08:20:43.377966880,25.283173,-92.628716
2020-09-18T08:20:43.379874229,25.279446,-92.628235
2020-09-18T08:20:43.382163047,25.273754,-92.62445
2020-09-18T08:20:43.384070396,25.282728,-92.63434
2020-09-18T08:20:43.385978698,25.280252,-92.63226
2020-09-18T08:20:43.387886047,25.27933,-92.63178
2020-09-18T08:20:43.389793395,25.278994,-92.632774
2020-09-18T08:20:43.392082214,25.281504,-92.636215
2020-09-18T08:20:43.393989562,25.304,-92.6723
2020-09-18T08:20:43.395896911,25.296732,-92.66905
2020-09-18T08:20:43.397804260,25.291512,-92.659744
2020-09-18T08:20:43.399711608,25.286217,-92.655464
2020-09-18T08:20:43.402000427,25.284246,-92.647934
2020-09-18T08:20:43.403907775,25.283003,-92.65161
2020-09-18T08:20:43.405815124,25.281492,-92.6502
2020-09-18T08:20:43.407722473,25.279032,-92.650795
2020-09-18T08:20:43.409629821,25.279373,-92.657196
2020-09-18T08:20:43.411918640,25.275204,-92.65158
2020-09-18T08:20:43.413825988,25.273718,-92.64805
2020-09-18T08:20:43.415733337,25.272795,-92.64298
2020-09-18T08:20:43.417640686,25.27534,-92.63008
2020-09-18T08:20:43.419929504,25.276289,-92.627235
2020-09-18T08:20:43.421836853,25.278284,-92.61198
2020-09-18T08:20:43.423744201,25.282564,-92.6153
2020-09-18T08:20:43.425651550,25.279871,-92.622696
2020-09-18T08:20:43.427558898,25.277615,-92.632416
2020-09-18T08:20:43.429847717,25.275688,-92.63349
2020-09-18T08:20:43.431755065,25.274298,-92.63091
2020-09-18T08:20:43.433662414,25.27599,-92.63119
2020-09-18T08:20:43.435569763,25.268747,-92.62591
2020-09-18T08:20:43.437477111,25.267767,-92.62804
2020-09-18T08:20:43.439765930,25.26919,-92.624695
2020-09-18T08:20:43.441673278,25.263048,-92.63616
2020-09-18T08:20:43.443580627,25.265244,-92.63092
2020-09-18T08:20:43.445487976,25.29946,-92.66434
2020-09-18T08:20:43.447396278,25.320742,-92.696846
2020-09-18T08:20:43.449685096,25.295252,-92.69345
2020-09-18T08:20:43.451592445,25.287819,-92.67859
2020-09-18T08:20:43.453499794,25.289572,-92.679214
2020-09-18T08:20:43.455407142,25.276104,-92.663
2020-09-18T08:20:43.457695960,25.270863,-92.64676
2020-09-18T08:20:43.459603309,25.256447,-92.64036
2020-09-18T08:20:43.461510658,25.237509,-92.64498
2020-09-18T08:20:43.489357948,25.27844,-92.64402
2020-09-18T08:20:43.491265296,25.23846,-92.68087
2020-09-18T08:20:43.529031753,25.318075,-92.65523
2020-09-18T08:20:43.530939102,25.296152,-92.631035
2020-09-18T08:20:43.533227920,25.283028,-92.6016
2020-09-18T08:20:43.543146133,25.2584,-92.59714
2020-09-18T08:20:43.545053482,25.260424,-92.586784
2020-09-18T08:20:43.640422821,25.198408,-92.760956
2020-09-18T08:20:43.723965644,25.399776,-92.710335
2020-09-18T08:20:43.761732101,25.3482,-92.578445
2020-09-18T08:20:43.763639450,25.315828,-92.57037
2020-09-18T08:21:16.765853881,26.226374,-91.4145
2020-09-18T08:21:16.767761230,26.242878,-91.407005
2020-09-18T08:21:16.769668579,26.247255,-91.39912
2020-09-18T08:21:16.771575927,26.24846,-91.39314
2020-09-18T08:21:16.773483276,26.254606,-91.4023
2020-09-18T08:21:16.775772094,26.252174,-91.38888
2020-09-18T08:21:16.777679443,26.228146,-91.398674
2020-09-18T08:21:16.779586791,26.257141,-91.40509
2020-09-18T08:21:16.781494140,26.261648,-91.395454
2020-09-18T08:21:16.783401489,26.288696,-91.381996
2020-09-18T08:21:16.785690307,26.292408,-91.38265
2020-09-18T08:21:16.787597656,26.293203,-91.382805
2020-09-18T08:21:16.795608520,26.22722,-91.399666
2020-09-18T08:21:16.797515869,26.234604,-91.39065
2020-09-18T08:21:16.799423217,26.222036,-91.40971
2020-09-18T08:21:16.801330566,26.234161,-91.39715
2020-09-18T08:21:16.803619384,26.225456,-91.408745
2020-09-18T08:21:16.815444946,26.232122,-91.40636
2020-09-18T08:21:16.817352294,26.24516,-91.4029
2020-09-18T08:21:16.819259643,26.240784,-91.40592
2020-09-18T08:21:16.857027053,26.251982,-91.37568
2020-09-18T08:21:16.858934402,26.271254,-91.41733
2020-09-18T08:21:16.861223220,26.258171,-91.4033
2020-09-18T08:21:16.863130569,26.261028,-91.40488
2020-09-18T08:21:16.865037918,26.278086,-91.4006
2020-09-18T08:21:16.866945266,26.25931,-91.3842
2020-09-18T08:21:16.869234085,26.264631,-91.376045
2020-09-18T08:21:16.871141433,26.256512,-91.37582
2020-09-18T08:21:16.873048782,26.25754,-91.370995
2020-09-18T08:21:16.874956130,26.254585,-91.368
2020-09-18T08:21:16.876863479,26.25138,-91.35121
2020-09-18T08:21:16.879152297,26.252014,-91.37564
2020-09-18T08:21:24.199284553,24.672012,-92.4065
2020-09-18T08:21:24.459832191,24.557226,-92.47329
2020-09-18T08:21:24.509424209,24.56588,-92.44165
2020-09-18T08:21:24.537271499,24.56946,-92.439125
2020-09-18T08:21:25.745786666,25.211157,-92.47787
2020-09-18T08:21:25.749982833,25.233847,-92.505394
2020-09-18T08:21:25.767911911,25.214828,-92.48373
2020-09-18T08:21:25.791563034,25.233871,-92.50525
2020-09-18T08:21:25.845351219,25.203945,-92.46845
2020-09-18T08:21:25.909057617,25.233915,-92.50542
2020-09-18T08:21:25.976578712,25.15486,-92.446
2020-09-18T08:21:25.980393409,25.23388,-92.505325
2020-09-18T08:21:25.982300758,25.155054,-92.45932
2020-09-18T08:21:25.998323440,25.153452,-92.490875
2020-09-18T08:21:26.002519607,25.178072,-92.47366
2020-09-18T08:21:26.018159866,25.157393,-92.48049
2020-09-18T08:21:26.068133354,25.216206,-92.47824
2020-09-18T08:21:26.103610038,25.195326,-92.47274
2020-09-18T08:21:26.143665313,25.216242,-92.4805
2020-09-18T08:21:26.145572662,25.176403,-92.48617
2020-09-18T08:21:26.147480010,25.177752,-92.472595
2020-09-18T08:21:26.177235603,25.180107,-92.4956
2020-09-18T08:21:26.179142951,25.177738,-92.47728
2020-09-18T08:21:26.181431770,25.184723,-92.49642
2020-09-18T08:22:00.397879600,25.640398,-92.66662
2020-09-18T08:22:00.399787425,25.659468,-92.68803
2020-09-18T08:22:00.401694774,25.652685,-92.69342
2020-09-18T08:22:00.403983592,25.641075,-92.69125
2020-09-18T08:22:00.405890941,25.641205,-92.69579
2020-09-18T08:22:00.407798290,25.655722,-92.69566
2020-09-18T08:22:00.413901805,25.65266,-92.69015
2020-09-18T08:22:00.417716503,25.656368,-92.68844
2020-09-18T08:22:00.419623851,25.661436,-92.68532
2020-09-18T08:22:00.421912670,25.653532,-92.69251
2020-09-18T08:22:00.425727367,25.653728,-92.70145
2020-09-18T08:22:00.445564270,25.641314,-92.70302
2020-09-18T08:22:00.594721317,25.640326,-92.66675
2020-09-18T08:22:00.644312858,25.652605,-92.69075
2020-09-18T08:22:10.056078910,24.235231,-92.36554
2020-09-18T08:22:10.058367729,24.280684,-92.28715
2020-09-18T08:22:10.119785308,24.282692,-92.27405
2020-09-18T08:22:10.155644416,24.272821,-92.2947
2020-09-18T08:22:10.157551765,24.30419,-92.30771
2020-09-18T08:22:10.165562629,24.27296,-92.30057
2020-09-18T08:22:10.962465286,25.233683,-92.5046
2020-09-18T08:22:10.994508743,25.231907,-92.50628
2020-09-18T08:22:11.052112579,25.233646,-92.5046
2020-09-18T08:22:11.065845489,25.233599,-92.50463
2020-09-18T08:22:11.119632720,25.202452,-92.41246
2020-09-18T08:22:43.070116043,25.234692,-92.505424
2020-09-18T08:22:43.072023391,25.208963,-92.48415
2020-09-18T08:22:43.083849906,25.234718,-92.50552
2020-09-18T08:22:43.105975151,25.221348,-92.48479
2020-09-18T08:22:43.107882499,25.221266,-92.48354
2020-09-18T08:22:43.109789848,25.221703,-92.486
2020-09-18T08:22:43.123522758,25.218649,-92.48596
2020-09-18T08:22:43.125811576,25.234081,-92.48011
2020-09-18T08:22:43.171588897,25.234695,-92.50546
2020-09-18T08:22:43.189136505,25.198359,-92.48927
2020-09-18T08:22:43.191425323,25.198847,-92.48476
2020-09-18T08:22:43.226902961,25.23404,-92.48294
2020-09-18T08:22:43.229191780,25.234621,-92.50552
2020-09-18T08:22:43.244832038,25.22369,-92.47879
2020-09-18T08:22:43.257039070,25.234573,-92.50551
2020-09-18T08:22:43.260853767,25.23126,-92.480835
2020-09-18T08:22:43.262762069,25.222084,-92.478905
2020-09-18T08:22:43.266958236,25.239683,-92.483665
2020-09-18T08:22:43.268865585,25.234636,-92.478096
2020-09-18T08:22:43.270772933,25.23394,-92.48145
2020-09-18T08:22:43.272680282,25.233845,-92.47787
2020-09-18T08:22:43.274969100,25.247133,-92.47955
2020-09-18T08:22:43.276876449,25.243155,-92.4795
2020-09-18T08:22:43.278783798,25.234549,-92.50547
2020-09-18T08:22:43.280691146,25.233814,-92.4764
2020-09-18T08:22:43.282598495,25.241627,-92.48052
2020-09-18T08:22:43.284887313,25.2346,-92.50555
2020-09-18T08:22:43.288702011,25.234634,-92.50559
2020-09-18T08:22:43.290609359,25.234617,-92.50558
2020-09-18T08:22:43.362326622,25.234558,-92.505486
2020-09-18T08:22:43.370337486,25.31416,-92.48291
2020-09-18T08:22:43.372244834,25.295198,-92.48587
2020-09-18T08:22:43.374152183,25.314217,-92.48521
2020-09-18T08:22:43.376059532,25.297108,-92.48877
2020-09-18T08:22:43.378348350,25.28862,-92.48893
2020-09-18T08:22:43.380255699,25.296272,-92.48818
2020-09-18T08:22:43.382163047,25.246325,-92.48234
2020-09-18T08:22:43.384070396,25.2677,-92.47485
2020-09-18T08:22:43.385978698,25.31433,-92.48743
2020-09-18T08:22:43.388267517,25.31519,-92.52002
2020-09-18T08:22:43.390174865,25.278303,-92.51338
2020-09-18T08:22:43.475625038,25.232286,-92.417885
2020-09-18T08:22:43.477532386,25.233742,-92.474205
2020-09-18T08:22:43.479439735,25.233826,-92.4776
2020-09-18T08:22:43.481728553,25.393461,-92.44679
2020-09-18T08:22:43.481728553,25.234539,-92.505516
2020-09-18T08:22:43.483635902,25.233864,-92.47973
2020-09-18T08:22:43.487450599,25.233768,-92.47674
2020-09-18T08:22:43.499276161,25.234486,-92.50555
2020-09-18T08:22:43.634700775,25.234457,-92.5054
2020-09-18T08:23:11.070041656,26.365086,-91.658745
2020-09-18T08:23:11.181432723,26.384497,-91.66231
2020-09-18T08:23:11.183340072,26.381035,-91.66168
2020-09-18T08:23:11.185247421,26.409342,-91.66673
2020-09-18T08:23:11.195165634,26.369587,-91.65965
2020-09-18T08:23:11.201269149,26.410204,-91.70502
2020-09-18T08:23:11.203176498,26.388777,-91.6886
2020-09-18T08:23:11.205083847,26.377396,-91.69229
2020-09-18T08:23:11.206991195,26.37492,-91.6937
2020-09-18T08:23:11.213094711,26.392166,-91.71613
2020-09-18T08:23:11.215002059,26.411577,-91.7548
2020-09-18T08:23:11.215002059,26.370384,-91.68383
2020-09-18T08:23:11.216909408,26.387686,-91.71517
2020-09-18T08:23:11.219198226,26.386448,-91.7174
2020-09-18T08:23:11.541164398,26.377375,-91.66094
2020-09-18T08:23:11.543071746,26.378902,-91.66123
2020-09-18T08:23:11.544979095,26.381792,-91.66176
2020-09-18T08:23:11.547267913,26.409313,-91.66668
2020-09-18T08:23:11.549175262,26.40933,-91.666695
2020-09-18T08:23:11.559093475,26.409359,-91.66664
2020-09-18T08:23:11.561000823,26.390102,-91.68616
2020-09-18T08:23:11.562908172,26.381618,-91.69147
2020-09-18T08:23:11.567104339,26.38784,-91.682526
2020-09-18T08:23:11.569011688,26.389631,-91.68631
2020-09-18T08:23:11.570919036,26.382113,-91.694046
2020-09-18T08:23:11.572826385,26.389761,-91.6852
2020-09-18T08:23:11.575115203,26.39063,-91.688255
2020-09-18T08:23:11.577022552,26.382332,-91.693954
2020-09-18T08:23:11.578929901,26.380419,-91.69676
2020-09-18T08:23:11.580837249,26.380495,-91.69138
2020-09-18T08:23:11.582744598,26.381348,-91.69301
2020-09-18T08:23:11.585033416,26.38102,-91.69498
2020-09-18T08:23:11.586940765,26.380676,-91.69519
2020-09-18T08:23:11.588848114,26.380613,-91.69738
2020-09-18T08:23:11.590755462,26.382284,-91.69895
2020-09-18T08:23:11.612880706,26.3807,-91.6974
2020-09-18T08:23:11.614788055,26.381409,-91.69939
2020-09-18T08:23:11.616695404,26.393501,-91.69943
2020-09-18T08:23:11.618602752,26.410599,-91.716095
2020-09-18T08:23:11.620510101,26.387918,-91.72387
2020-09-18T08:23:11.622798919,26.411613,-91.75468
2020-09-18T08:23:11.624706268,26.411623,-91.754684
2020-09-18T08:23:11.626613616,26.411633,-91.754684
2020-09-18T08:23:11.628520965,26.411642,-91.75469
2020-09-18T08:23:11.630428314,26.411642,-91.75469
2020-09-18T08:23:11.632717132,26.427088,-91.77051
2020-09-18T08:23:11.634624481,26.418226,-91.75908
2020-09-18T08:23:11.636531829,26.421253,-91.75353
2020-09-18T08:23:11.638439178,26.414398,-91.74274
2020-09-18T08:23:11.640346527,26.412699,-91.74256
2020-09-18T08:23:11.642635345,26.414337,-91.74846
2020-09-18T08:23:11.644542694,26.415678,-91.750786
2020-09-18T08:23:11.646451950,26.415524,-91.74875
2020-09-18T08:23:11.648359298,26.427786,-91.757675
2020-09-18T08:23:11.650266647,26.429775,-91.75802
2020-09-18T08:23:11.652555465,26.411602,-91.75472
2020-09-18T08:23:11.654462814,26.411583,-91.7547
2020-09-18T08:23:11.656370162,26.439112,-91.75964
2020-09-18T08:23:11.658277511,26.439234,-91.75965
2020-09-18T08:23:11.660566329,26.436829,-91.75923
2020-09-18T08:23:11.662473678,26.411531,-91.754684
2020-09-18T08:23:13.684675216,24.007704,-92.28528
2020-09-18T08:23:13.686582565,24.00489,-92.25832
2020-09-18T08:23:13.688489913,24.004072,-92.28865
2020-09-18T08:23:13.690397262,23.963947,-92.293465
2020-09-18T08:23:13.724348068,24.004063,-92.32735
2020-09-18T08:23:13.869308471,24.110426,-92.32917
2020-09-18T08:23:13.893342971,23.975903,-92.32093
2020-09-18T08:23:13.955141067,23.981678,-92.30303
2020-09-18T08:23:13.957048416,24.05387,-92.30342
2020-09-18T08:23:14.012744903,24.022919,-92.30219
2020-09-18T08:23:14.014652252,24.007488,-92.30505
2020-09-18T08:23:14.181737899,24.010641,-92.30926
2020-09-18T08:23:14.352638244,23.986082,-92.29187
2020-09-18T08:23:14.352638244,24.28323,-92.6845
2020-09-18T08:23:14.354545593,24.106413,-92.25853
2020-09-18T08:23:14.406427383,24.074804,-92.29311
2020-09-18T08:23:14.412149429,24.014683,-92.293816
2020-09-18T08:23:14.412149429,24.194132,-92.28195
2020-09-18T08:23:40.827802658,23.29062,-93.928535
2020-09-18T08:23:40.936904907,23.292265,-93.90591
2020-09-18T08:23:41.105898380,23.289778,-93.8969
2020-09-18T08:23:43.662548065,25.23312,-92.50542
2020-09-18T08:23:43.690395355,25.205576,-92.4814
2020-09-18T08:23:43.692302703,25.165237,-92.45895
2020-09-18T08:23:43.724347114,25.178696,-92.46119
2020-09-18T08:23:43.726254463,25.233248,-92.50535
2020-09-18T08:23:43.843367576,25.232336,-92.47505
2020-09-18T08:23:43.845274925,25.233103,-92.50534
2020-09-18T08:23:43.847563743,25.214012,-92.47913
2020-09-18T08:23:55.032428741,24.591766,-92.38495
2020-09-18T08:23:55.034336090,24.550592,-92.37679
2020-09-18T08:23:55.114065170,24.564484,-92.38604
2020-09-18T08:23:55.115972518,24.557835,-92.37758
2020-09-18T08:24:07.310980796,23.368711,-93.910194
2020-09-18T08:24:07.499811172,23.368755,-93.91038
2020-09-18T08:24:07.559321403,23.368616,-93.91033
2020-09-18T08:24:07.714581489,23.368578,-93.91034
2020-09-18T08:24:07.742429733,23.369135,-93.93047
2020-09-18T08:24:07.744337081,23.36861,-93.91038
2020-09-18T08:24:07.746244430,23.368608,-93.91039
2020-09-18T08:24:07.792021751,23.369188,-93.93508
2020-09-18T08:24:07.808043479,23.368515,-93.91034
2020-09-18T08:24:07.825591087,23.368496,-93.91031
2020-09-18T08:24:07.843521118,23.368572,-93.91045
2020-09-18T08:24:07.879379272,23.369198,-93.93631
2020-09-18T08:24:07.881286621,23.368536,-93.91035
2020-09-18T08:24:07.889297485,23.368593,-93.91031
2020-09-18T08:24:07.895401000,23.369164,-93.93423
2020-09-18T08:24:07.913331031,23.369007,-93.93035
2020-09-18T08:24:07.915238380,23.368492,-93.91038
2020-09-18T08:24:07.953003883,23.36919,-93.93437
2020-09-18T08:24:07.976655960,23.369259,-93.93441
2020-09-18T08:24:10.310904502,24.257576,-92.350655
2020-09-18T08:24:10.340660095,24.274181,-92.338005
2020-09-18T08:24:10.342567443,24.29486,-92.34242
2020-09-18T08:24:11.082248687,24.139603,-92.30681
2020-09-18T08:24:11.084156036,24.177246,-92.30418
2020-09-18T08:24:46.553370475,25.2006,-92.536964
2020-09-18T08:24:46.602962493,25.134796,-92.439514
2020-09-18T08:24:46.624706268,25.20233,-92.46663
2020-09-18T08:24:46.648738861,25.233976,-92.50571
2020-09-18T08:24:54.644849777,24.238285,-92.08352
2020-09-18T08:24:54.680707931,24.272198,-92.25027
2020-09-18T08:24:58.118185043,24.03531,-92.29469
2020-09-18T08:24:58.120092391,23.991417,-92.30126
2020-09-18T08:24:58.221565246,23.979233,-92.28895
2020-09-18T08:24:58.223472595,24.194511,-92.32406
2020-09-18T08:25:13.601131439,25.084333,-92.94396
2020-09-18T08:25:13.603038787,25.084291,-92.94281
2020-09-18T08:25:13.604946136,25.084227,-92.94079
2020-09-18T08:25:13.606853485,25.083498,-92.913666
2020-09-18T08:25:13.619060516,25.083494,-92.91351
2020-09-18T08:25:13.620967864,25.082836,-92.8882
2020-09-18T08:25:13.622875213,25.08351,-92.91355
2020-09-18T08:25:13.650724411,25.083502,-92.9136
2020-09-18T08:25:13.652631759,25.048391,-92.90721
2020-09-18T08:25:13.654539108,25.08355,-92.91365
2020-09-18T08:25:13.690397262,25.082714,-92.88563
2020-09-18T08:25:13.692304611,25.083437,-92.91363
2020-09-18T08:25:13.825820922,25.099138,-92.875046
2020-09-18T08:25:13.827728271,25.083393,-92.91367
2020-09-18T08:25:18.157857894,24.88148,-92.83603
2020-09-18T08:25:18.159765243,24.92238,-92.84825
2020-09-18T08:25:27.595561981,21.32735,-93.65142
2020-09-18T08:25:27.597469329,21.335047,-93.65423
2020-09-18T08:25:27.599376678,21.339256,-93.66246
2020-09-18T08:25:27.601665496,21.357935,-93.67836
2020-09-18T08:25:27.603572845,21.348837,-93.676
2020-09-18T08:25:27.605480194,21.340965,-93.6721
2020-09-18T08:25:27.607387542,21.348316,-93.65363
2020-09-18T08:25:27.609676361,21.348318,-93.65363
2020-09-18T08:25:27.611583709,21.34832,-93.65364
2020-09-18T08:25:27.615398406,21.345076,-93.652626
2020-09-18T08:25:27.617305755,21.348326,-93.65364
2020-09-18T08:25:27.619594573,21.348326,-93.65365
2020-09-18T08:25:27.625316619,21.348305,-93.65362
2020-09-18T08:25:43.513391494,25.50218,-92.72358
2020-09-18T08:25:43.515680313,25.529171,-92.73093
2020-09-18T08:25:43.517587661,25.542055,-92.72937
2020-09-18T08:25:43.519495010,25.518557,-92.72381
2020-09-18T08:25:43.521402359,25.51774,-92.72163
2020-09-18T08:25:43.529413223,25.552408,-92.749405
2020-09-18T08:25:43.533227920,25.517393,-92.731476
2020-09-18T08:25:43.535516738,25.51169,-92.73042
2020-09-18T08:25:43.537424087,25.480095,-92.7246
2020-09-18T08:25:43.539331436,25.480095,-92.724594
2020-09-18T08:25:43.541238784,25.47902,-92.68381
2020-09-18T08:25:43.543527603,25.480097,-92.72456
2020-09-18T08:25:43.547342300,25.480097,-92.72454
2020-09-18T08:25:43.549249649,25.638758,-92.71218
2020-09-18T08:25:43.553445816,25.599298,-92.71237
2020-09-18T08:25:43.555353164,25.480139,-92.724525
2020-09-18T08:25:43.557260513,25.48015,-92.724525
2020-09-18T08:25:43.611048698,25.403,-92.84569
2020-09-18T08:25:43.612956047,25.402866,-92.84121
2020-09-18T08:25:43.614863395,25.402824,-92.84016
2020-09-18T08:25:43.616770744,25.402836,-92.84111
2020-09-18T08:25:43.619059562,25.40288,-92.84319
2020-09-18T08:25:43.620966911,25.414022,-92.84853
2020-09-18T08:25:43.622874259,25.421663,-92.848755
2020-09-18T08:25:43.624781608,25.415304,-92.85317
2020-09-18T08:25:43.626688957,25.41923,-92.844635
2020-09-18T08:25:43.628977775,25.418907,-92.835304
2020-09-18T08:25:43.630885124,25.421803,-92.8137
2020-09-18T08:25:43.632793426,25.430746,-92.8058
2020-09-18T08:25:43.634700775,25.433268,-92.81802
2020-09-18T08:25:43.636608123,25.428394,-92.80651
2020-09-18T08:25:43.638896942,25.402958,-92.8448
2020-09-18T08:25:43.640804290,25.402924,-92.84418
2020-09-18T08:25:43.642711639,25.402845,-92.84194
2020-09-18T08:25:43.644618988,25.302877,-92.777
2020-09-18T08:25:43.646907806,25.310795,-92.77738
2020-09-18T08:25:43.648815155,25.402992,-92.84946
2020-09-18T08:25:43.696499824,25.231628,-92.73029
2020-09-18T08:25:43.718243598,25.239475,-92.73322
2020-09-18T08:25:43.760206222,25.249008,-92.73991
2020-09-18T08:25:43.762113571,25.294695,-92.7479
2020-09-18T08:25:43.773939132,25.239422,-92.73033
2020-09-18T08:25:43.797971725,25.239412,-92.73166
2020-09-18T08:25:43.841460227,25.238049,-92.74334
2020-09-18T08:25:43.867400169,25.237165,-92.74516
2020-09-18T08:25:43.891433715,25.228245,-92.7392
2020-09-18T08:25:43.916992187,25.380287,-92.64958
2020-09-18T08:25:43.947129249,25.371788,-92.63023
2020-09-18T08:25:43.949036598,25.428139,-92.65826
2020-09-18T08:25:43.950943946,25.41958,-92.686035
2020-09-18T08:25:43.952851295,25.401722,-92.79773
2020-09-18T08:26:02.430381774,23.002588,-93.51982
2020-09-18T08:26:02.432289123,23.046036,-93.50676
2020-09-18T08:26:02.434196472,22.998028,-93.52342
2020-09-18T08:26:02.466240406,23.036097,-93.52312
2020-09-18T08:26:02.474251747,23.046051,-93.506775
2020-09-18T08:26:02.486077308,23.045998,-93.50668
2020-09-18T08:26:02.487984657,23.032059,-93.52294
2020-09-18T08:26:02.489892005,23.033796,-93.49311
2020-09-18T08:26:02.492180824,23.017462,-93.49852
2020-09-18T08:26:02.494088172,23.045012,-93.47026
2020-09-18T08:26:02.495995521,23.04493,-93.46804
2020-09-18T08:26:02.497902870,23.044743,-93.46157
2020-09-18T08:26:02.499810218,23.044744,-93.46189
2020-09-18T08:26:02.502099037,23.044731,-93.46061
2020-09-18T08:26:02.504006862,23.053303,-93.50282
2020-09-18T08:26:02.505914211,23.050135,-93.5049
2020-09-18T08:26:02.507821559,23.043009,-93.51501
2020-09-18T08:26:02.509728908,23.055508,-93.478424
2020-09-18T08:26:02.512017726,23.057022,-93.484406
2020-09-18T08:26:02.513925075,23.065817,-93.46664
2020-09-18T08:26:02.515832424,23.044636,-93.45472
2020-09-18T08:26:02.517739772,23.05993,-93.45348
2020-09-18T08:26:02.520028591,23.060225,-93.45634
2020-09-18T08:26:02.521935939,23.060896,-93.46091
2020-09-18T08:26:02.523843288,23.063217,-93.46257
2020-09-18T08:26:02.525750637,23.04379,-93.419945
2020-09-18T08:26:02.527657985,23.072805,-93.47655
2020-09-18T08:26:02.549783706,23.084929,-93.469185
2020-09-18T08:26:02.551691055,23.068142,-93.47218
2020-09-18T08:26:02.553598403,23.047977,-93.49314
2020-09-18T08:26:02.555505752,23.050583,-93.47449
2020-09-18T08:26:02.557794570,23.071959,-93.46691
2020-09-18T08:26:02.559701919,23.081923,-93.47093
2020-09-18T08:26:02.561609268,23.079378,-93.450516
2020-09-18T08:26:02.563516616,23.12219,-93.43357
2020-09-18T08:26:02.605479240,23.094524,-93.45332
2020-09-18T08:26:02.607386589,23.099401,-93.452126
2020-09-18T08:26:02.609293937,23.092287,-93.45285
2020-09-18T08:26:02.611201286,23.070776,-93.45676
2020-09-18T08:26:02.613108634,23.090874,-93.452934
2020-09-18T08:26:02.615397453,23.04468,-93.45746
2020-09-18T08:26:31.505685806,25.232838,-92.505035
2020-09-18T08:26:31.509500503,25.232836,-92.50504
2020-09-18T08:26:31.511789321,25.23281,-92.50503
2020-09-18T08:26:31.531627655,25.23271,-92.505
2020-09-18T08:26:31.533535003,25.232735,-92.50499
2020-09-18T08:26:31.610973358,25.199186,-92.499016
2020-09-18T08:26:31.722364425,25.232786,-92.505
2020-09-18T08:26:31.724271774,25.211693,-92.50122
2020-09-18T08:26:31.740293502,25.214266,-92.50167
2020-09-18T08:27:31.128025054,24.553526,-92.37085
2020-09-18T08:27:31.217672348,24.571629,-92.399506
2020-09-18T08:27:31.219579696,24.567823,-92.37657
2020-09-18T08:27:31.247426986,24.582747,-92.39997
2020-09-18T08:27:31.249334335,24.59015,-92.39409
2020-09-18T08:27:31.289390563,24.568108,-92.3848
2020-09-18T08:27:31.317237854,24.583862,-92.39536
2020-09-18T08:27:31.444269180,24.583164,-92.408676
2020-09-18T08:27:31.517892837,24.618513,-92.47607
2020-09-18T08:27:31.535823822,24.673784,-92.44209
2020-09-18T08:27:31.537731170,24.673788,-92.442375
2020-09-18T08:27:31.539638519,24.654709,-92.454384
2020-09-18T08:27:31.541545867,24.673998,-92.45033
2020-09-18T08:27:51.527812957,23.057755,-93.5362
2020-09-18T08:27:51.530101776,23.045523,-93.53338
2020-09-18T08:27:51.545742034,23.061266,-93.529564
2020-09-18T08:27:51.561763763,23.04492,-93.50851
2020-09-18T08:27:51.567867279,23.073763,-93.51348
2020-09-18T08:27:51.571681976,23.080591,-93.51468
2020-09-18T08:27:51.573589324,23.075077,-93.51373
2020-09-18T08:27:51.575496673,23.074799,-93.513695
2020-09-18T08:27:51.577785491,23.066086,-93.530106
2020-09-18T08:27:51.583507537,23.081377,-93.514824
2020-09-18T08:27:51.585414886,23.070639,-93.525406
2020-09-18T08:27:51.587703704,23.075628,-93.51381
2020-09-18T08:27:51.589611053,23.04501,-93.50849
2020-09-18T08:27:51.591518402,23.079098,-93.514404
2020-09-18T08:27:51.593425750,23.07663,-93.513985
2020-09-18T08:27:51.595714569,23.045013,-93.5085
2020-09-18T08:27:51.597621917,23.045015,-93.5085
2020-09-18T08:27:51.599529266,23.075462,-93.51379
2020-09-18T08:27:51.601436614,23.068289,-93.510925
2020-09-18T08:27:51.603343963,23.044971,-93.50853
2020-09-18T08:27:51.605632781,23.083168,-93.51517
2020-09-18T08:27:51.589611053,23.368153,-93.91183
2020-09-18T08:27:51.605251312,23.368095,-93.91187
2020-09-18T08:27:51.607540130,23.368074,-93.91189
2020-09-18T08:27:51.609447479,23.368063,-93.911896
2020-09-18T08:27:51.617458343,23.368103,-93.91186
2020-09-18T08:27:51.668958663,23.368073,-93.91185
2020-09-18T08:27:51.672773361,23.368073,-93.911835
2020-09-18T08:27:51.676969528,23.368073,-93.91182
2020-09-18T08:27:51.678876876,23.368073,-93.91181
2020-09-18T08:27:51.680784225,23.368082,-93.9118
2020-09-18T08:27:51.683073043,23.368092,-93.91178
2020-09-18T08:27:51.702909469,23.36808,-93.91179
2020-09-18T08:27:51.704816818,23.368067,-93.9118
2020-09-18T08:27:51.706724166,23.368053,-93.91181
2020-09-18T08:27:51.708631515,23.358162,-93.91004
2020-09-18T08:27:51.726560592,23.368069,-93.91182
2020-09-18T08:27:51.728467941,23.357527,-93.90179
2020-09-18T08:27:51.730756759,23.356451,-93.90103
2020-09-18T08:27:51.732664108,23.356165,-93.90186
2020-09-18T08:27:51.893646240,23.368431,-93.92196
2020-09-18T08:27:51.895555496,23.368177,-93.91168
2020-09-18T08:27:51.899751663,23.352596,-93.90891
2020-09-18T08:27:51.907381057,23.368143,-93.911644
2020-09-18T08:27:52.030979156,23.359982,-93.90877
2020-09-18T08:27:52.032886505,23.347572,-93.908035
2020-09-18T08:27:52.034793853,23.368149,-93.91171
2020-09-18T08:27:52.036701202,23.368147,-93.9117
2020-09-18T08:27:52.078662872,23.368109,-93.91171
2020-09-18T08:28:01.666667461,25.314322,-92.519875
2020-09-18T08:28:01.668956756,25.28905,-92.49282
2020-09-18T08:28:01.670864105,25.299395,-92.494995
2020-09-18T08:28:01.672771453,25.297775,-92.49369
2020-09-18T08:28:01.674678802,25.304651,-92.49187
2020-09-18T08:28:01.676967620,25.29651,-92.49757
2020-09-18T08:28:01.678874969,25.30385,-92.48954
2020-09-18T08:28:01.680782318,25.313536,-92.48833
2020-09-18T08:28:01.682689666,25.302616,-92.49303
2020-09-18T08:28:01.684597015,25.314707,-92.49043
2020-09-18T08:28:01.686885833,25.313538,-92.49192
2020-09-18T08:28:01.688793182,25.328245,-92.4917
2020-09-18T08:28:01.690700531,25.31995,-92.49153
2020-09-18T08:28:01.692607879,25.304474,-92.497536
2020-09-18T08:28:01.694515228,25.32601,-92.49488
2020-09-18T08:28:01.696804046,25.326979,-92.50356
2020-09-18T08:28:01.698711395,25.326046,-92.505875
2020-09-18T08:28:01.700619220,25.328941,-92.50978
2020-09-18T08:28:01.702526569,25.329142,-92.51345
2020-09-18T08:28:01.704433917,25.332024,-92.518005
2020-09-18T08:28:01.706722736,25.331972,-92.51988
2020-09-18T08:28:01.708630084,25.332191,-92.52161
2020-09-18T08:28:01.710537433,25.334848,-92.526634
2020-09-18T08:28:01.712444782,25.33591,-92.531784
2020-09-18T08:28:01.714733600,25.332335,-92.53682
2020-09-18T08:28:01.716640949,25.338108,-92.53582
2020-09-18T08:28:01.718548297,25.329166,-92.55021
2020-09-18T08:28:01.720455646,25.32709,-92.55129
2020-09-18T08:28:01.722362995,25.314207,-92.51985
2020-09-18T08:28:01.724651813,25.315231,-92.55827
2020-09-18T08:28:01.726559162,25.31654,-92.607635
2020-09-18T08:28:01.732281684,25.314262,-92.519875
2020-09-18T08:28:01.744488716,25.31334,-92.48605
2020-09-18T08:28:01.772336483,25.394913,-92.53446
2020-09-18T08:28:01.774243831,25.394917,-92.53445
2020-09-18T08:28:01.778058528,25.394926,-92.534424
2020-09-18T08:28:01.780347347,25.394295,-92.50974
2020-09-18T08:28:01.782254695,25.375254,-92.512375
2020-09-18T08:28:01.784162044,25.37073,-92.51025
2020-09-18T08:28:01.786069393,25.369919,-92.509796
2020-09-18T08:28:01.787976741,25.394995,-92.53444
2020-09-18T08:28:01.813917160,25.278704,-92.51474
2020-09-18T08:28:01.961166858,25.31318,-92.47798
2020-09-18T08:28:02.052721023,25.31348,-92.48875
2020-09-18T08:28:02.092394351,25.355677,-92.505196
2020-09-18T08:28:02.149997234,25.334219,-92.49989
2020-09-18T08:28:02.187763214,25.323507,-92.49564
2020-09-18T08:28:02.189670562,25.322609,-92.498116
2020-09-18T08:28:02.191577911,25.327686,-92.522835
2020-09-18T08:28:02.193867206,25.32744,-92.530525
2020-09-18T08:28:02.197681903,25.314354,-92.51991
2020-09-18T08:28:30.344856262,24.312815,-92.339745
2020-09-18T08:28:30.347145080,24.302572,-92.334145
2020-09-18T08:28:30.349052429,24.303959,-92.329216
2020-09-18T08:28:30.350959777,24.3048,-92.33248
2020-09-18T08:28:30.352867126,24.312462,-92.31284
2020-09-18T08:28:30.354774475,24.31588,-92.31864
2020-09-18T08:28:30.357063293,24.323793,-92.31473
2020-09-18T08:28:30.358970642,24.329481,-92.30733
2020-09-18T08:28:30.360877990,24.330265,-92.30181
2020-09-18T08:28:30.362785339,24.332796,-92.299576
2020-09-18T08:28:30.365074157,24.34281,-92.29621
2020-09-18T08:28:30.366981506,24.329363,-92.297295
2020-09-18T08:28:30.368888854,24.334757,-92.28872
2020-09-18T08:28:30.370796203,24.327324,-92.29774
2020-09-18T08:28:30.372703552,24.319809,-92.28479
2020-09-18T08:28:30.374992370,24.324602,-92.27665
2020-09-18T08:28:30.376899719,24.350819,-92.26524
2020-09-18T08:28:30.378808021,24.350536,-92.25313
2020-09-18T08:28:30.380715370,24.357454,-92.26902
2020-09-18T08:28:30.384911537,24.350826,-92.26527
2020-09-18T08:28:30.386818885,24.350822,-92.26527
2020-09-18T08:28:30.388726234,24.350819,-92.26527
2020-09-18T08:28:30.390633583,24.35082,-92.26528
2020-09-18T08:28:30.408562660,24.273434,-92.33844
2020-09-18T08:28:30.418480873,24.30054,-92.3669
2020-09-18T08:28:30.420388221,24.298159,-92.36102
2020-09-18T08:28:30.422677040,24.30156,-92.387375
2020-09-18T08:28:30.424584388,24.314781,-92.3375
2020-09-18T08:28:30.426491737,24.350811,-92.26534
2020-09-18T08:28:30.466165542,24.350702,-92.26523
2020-09-18T08:28:30.468454360,24.371708,-92.26881
2020-09-18T08:28:30.476083755,24.350767,-92.26519
2020-09-18T08:28:30.478372573,24.32998,-92.28132
2020-09-18T08:28:30.488290786,24.350794,-92.265175
2020-09-18T08:28:30.503931999,24.369793,-92.256714
2020-09-18T08:28:30.533686637,24.301783,-92.41901
2020-09-18T08:28:30.535975456,24.304731,-92.31878
2020-09-18T08:28:30.581752777,24.293962,-92.30329
2020-09-18T08:28:30.587474822,24.273363,-92.33838
2020-09-18T08:28:30.591670989,24.277645,-92.42152
2020-09-18T08:28:30.593578338,24.289099,-92.40322
2020-09-18T08:28:30.595485687,24.295729,-92.355354
2020-09-18T08:28:30.595485687,24.123156,-92.65822
2020-09-18T08:28:30.597393035,24.312157,-92.35021
2020-09-18T08:28:30.599681854,24.273413,-92.33837
2020-09-18T08:28:30.677121162,24.323244,-92.29766
2020-09-18T08:28:30.680935859,24.287193,-92.36866
2020-09-18T08:28:30.682843208,24.266703,-92.41729
2020-09-18T08:28:30.685132026,24.270842,-92.3781
2020-09-18T08:28:30.687039375,24.28557,-92.35515
2020-09-18T08:28:30.688947677,24.290794,-92.358475
2020-09-18T08:28:30.690855026,24.29168,-92.35941
2020-09-18T08:28:30.692762374,24.304714,-92.36151
2020-09-18T08:28:30.695051193,24.303904,-92.363174
2020-09-18T08:28:30.696958541,24.29939,-92.36477
2020-09-18T08:28:30.698865890,24.273401,-92.33837
2020-09-18T08:28:30.941484451,24.255224,-92.32638
2020-09-18T08:28:30.945299148,24.287886,-92.37426
2020-09-18T08:28:30.947206497,24.319315,-92.35618
2020-09-18T08:28:30.955217361,24.306976,-92.34422
2020-09-18T08:28:51.702909469,23.36931,-93.91192
2020-09-18T08:28:51.720838546,23.369287,-93.9119
2020-09-18T08:28:51.722745895,23.369293,-93.911896
2020-09-18T08:28:51.724653244,23.369297,-93.91189
2020-09-18T08:28:51.738767623,23.369316,-93.911835
2020-09-18T08:28:51.740674972,23.369316,-93.91185
2020-09-18T08:28:51.742582321,23.369314,-93.91187
2020-09-18T08:28:51.752500534,23.3693,-93.91195
2020-09-18T08:28:51.758604049,23.369291,-93.91195
2020-09-18T08:28:51.808197021,23.369331,-93.91194
2020-09-18T08:28:51.812393188,23.369331,-93.91193
2020-09-18T08:28:51.814300537,23.369331,-93.91191
2020-09-18T08:28:51.857788085,23.369259,-93.91186
2020-09-18T08:28:51.860076904,23.369247,-93.911865
2020-09-18T08:28:51.915391921,23.362947,-93.92704
2020-09-18T08:28:51.917680740,23.36968,-93.928154
2020-09-18T08:28:51.921495437,23.36926,-93.91194
2020-09-18T08:28:58.158239364,24.462286,-91.91515
2020-09-18T08:28:58.166250228,24.502415,-91.94475
2020-09-18T08:28:58.174261093,24.506311,-91.91891
2020-09-18T08:28:58.231864929,24.502392,-91.91683
2020-09-18T08:28:58.243690490,24.540594,-91.907455
2020-09-18T08:28:58.245597839,24.502754,-91.90728
2020-09-18T08:28:58.323036193,24.459171,-91.90054
2020-09-18T08:28:58.343255996,24.497948,-91.91143
2020-09-18T08:28:58.368814468,24.44577,-91.87488
2020-09-18T08:28:58.408868789,24.448582,-91.87552
2020-09-18T08:28:58.410776138,24.501282,-91.90132
2020-09-18T08:29:03.603419303,23.087229,-93.46871
2020-09-18T08:29:03.605708122,23.072287,-93.45906
2020-09-18T08:29:03.607615470,23.08199,-93.473885
2020-09-18T08:29:03.613337516,23.083122,-93.46924
2020-09-18T08:29:03.615626335,23.081106,-93.46836
2020-09-18T08:29:03.617533683,23.081459,-93.465965
2020-09-18T08:29:03.619441032,23.044708,-93.458046
2020-09-18T08:29:04.110400199,25.190912,-92.52351
2020-09-18T08:29:04.171817779,25.188768,-92.50357
2020-09-18T08:29:04.173725128,25.235247,-92.5416
2020-09-18T08:29:04.207676887,25.163717,-92.473595
2020-09-18T08:29:04.241627693,25.23434,-92.50606
2020-09-18T08:29:12.986955642,24.6398,-92.46201
2020-09-18T08:29:12.997255325,24.587545,-92.4193
2020-09-18T08:29:13.094532012,24.63045,-92.42499
2020-09-18T08:29:13.235677719,24.610735,-92.43006
2020-09-18T08:29:13.237585067,24.60413,-92.43108
2020-09-18T08:29:13.301292419,24.594204,-92.40646
2020-09-18T08:29:13.327232360,24.671722,-92.40731
2020-09-18T08:29:14.732587814,26.410713,-91.75577
2020-09-18T08:29:14.734495162,26.410723,-91.75579
2020-09-18T08:29:14.736402511,26.410732,-91.75582
2020-09-18T08:29:14.738309860,26.41074,-91.755844
2020-09-18T08:29:14.774169921,26.45199,-91.76321
2020-09-18T08:29:14.776077270,26.44154,-91.75628
2020-09-18T08:29:14.777984619,26.43623,-91.76483
2020-09-18T08:29:14.780273437,26.401884,-91.75776
2020-09-18T08:29:54.752807617,24.509197,-91.90908
2020-09-18T08:29:54.762725830,24.547934,-91.91784
2020-09-18T08:29:54.834060668,24.546152,-91.93596
2020-09-18T08:29:54.876024246,24.581713,-91.95911
2020-09-18T08:29:54.877931594,24.484901,-91.91082
2020-09-18T08:29:54.885942459,24.56509,-91.932884
2020-09-18T08:29:54.887849807,24.580952,-91.93021
2020-09-18T08:29:54.889757156,24.581654,-91.95908
2020-09-18T08:29:54.969484329,24.509533,-91.91358
2020-09-18T08:29:57.291526794,22.540573,-93.372894
2020-09-18T08:29:57.283515930,22.536552,-93.392426
2020-09-18T08:29:57.285804748,22.550001,-93.39773
2020-09-18T08:29:57.287712097,22.565174,-93.425064
2020-09-18T08:29:57.289619445,22.567993,-93.419205
2020-09-18T08:29:57.309455871,22.576899,-93.42814
2020-09-18T08:29:57.317466735,22.572088,-93.41218
2020-09-18T08:29:57.343408584,22.549555,-93.422005
2020-09-18T08:29:57.355234146,22.498928,-93.41497
2020-09-18T08:29:57.363245010,22.57682,-93.42805
2020-09-18T08:29:57.391092300,22.474632,-93.45441
2020-09-18T08:29:57.391092300,22.488598,-92.98495
2020-09-18T08:29:57.391092300,22.68294,-93.0614
2020-09-18T08:29:57.392999649,22.503662,-93.392815
2020-09-18T08:29:57.394906997,22.49894,-93.414986
2020-09-18T08:30:31.192113876,25.199154,-92.50859
2020-09-18T08:30:31.267644882,25.242493,-92.51188
2020-09-18T08:30:31.285194396,25.279228,-92.5142
2020-09-18T08:30:31.295112609,25.233707,-92.506134
2020-09-18T08:30:31.297401428,25.233696,-92.50613
2020-09-18T08:30:31.299308776,25.273216,-92.51323
2020-09-18T08:30:31.301216125,25.314253,-92.52061
2020-09-18T08:30:31.303123474,25.233696,-92.50612
2020-09-18T08:30:31.305412292,25.277477,-92.51399
2020-09-18T08:30:31.315330505,25.314272,-92.5206
2020-09-18T08:30:31.319145202,25.269459,-92.51203
2020-09-18T08:30:31.321052551,25.314262,-92.520584
2020-09-18T08:30:31.322959899,25.314253,-92.52058
2020-09-18T08:30:31.327156066,25.314232,-92.52055
2020-09-18T08:30:31.329063415,25.314222,-92.520546
2020-09-18T08:30:31.330970764,25.314219,-92.52054
2020-09-18T08:30:31.350807189,25.31417,-92.52061
2020-09-18T08:30:31.353096008,25.31419,-92.5206
2020-09-18T08:30:31.356910705,25.310038,-92.50276
2020-09-18T08:30:31.358818054,25.338089,-92.52488
2020-09-18T08:30:31.360725402,25.33664,-92.52462
2020-09-18T08:30:31.363014221,25.331587,-92.50865
2020-09-18T08:30:31.364921569,25.33091,-92.512794
2020-09-18T08:30:31.366828918,25.339695,-92.503395
2020-09-18T08:30:31.368736267,25.328989,-92.5076
2020-09-18T08:30:31.370643615,25.327393,-92.505974
2020-09-18T08:30:31.372932434,25.327026,-92.507614
2020-09-18T08:30:31.374839782,25.31424,-92.52051
2020-09-18T08:30:31.376747131,25.314234,-92.520485
2020-09-18T08:30:31.378654479,25.314228,-92.52046
2020-09-18T08:30:31.384757995,25.299988,-92.50422
2020-09-18T08:30:31.386665344,25.308586,-92.50869
2020-09-18T08:30:31.388572692,25.314146,-92.52064
2020-09-18T08:30:31.390861511,25.293545,-92.507256
2020-09-18T08:30:31.392768859,25.334797,-92.52433
2020-09-18T08:30:31.394676208,25.330162,-92.51047
2020-09-18T08:30:31.396583557,25.33549,-92.52442
2020-09-18T08:30:31.400781631,25.33241,-92.52384
2020-09-18T08:30:31.402688980,25.314192,-92.52055
2020-09-18T08:30:31.404596328,25.314188,-92.52055
2020-09-18T08:30:31.424432754,25.31484,-92.54652
2020-09-18T08:30:31.426340103,25.337288,-92.52474
2020-09-18T08:30:31.428628921,25.31412,-92.52055
2020-09-18T08:30:31.430536270,25.350828,-92.568
2020-09-18T08:30:31.432443618,25.345793,-92.55949
2020-09-18T08:30:31.434350967,25.314186,-92.52056
2020-09-18T08:30:31.436258316,25.341097,-92.55794
2020-09-18T08:30:31.438547134,25.314234,-92.52057
2020-09-18T08:30:31.464105606,25.314129,-92.52052
2020-09-18T08:30:31.525905609,25.378195,-92.68158
2020-09-18T08:30:31.527812957,25.365227,-92.66946
2020-09-18T08:30:31.529720306,25.366198,-92.6562
2020-09-18T08:30:31.532009124,25.364473,-92.64946
2020-09-18T08:30:31.533916473,25.358694,-92.66852
2020-09-18T08:30:31.535823822,25.354877,-92.65386
2020-09-18T08:30:31.537731170,25.364014,-92.64857
2020-09-18T08:30:31.539638519,25.346836,-92.64838
2020-09-18T08:30:31.541927337,25.34921,-92.65254
2020-09-18T08:30:31.543834686,25.33503,-92.611824
2020-09-18T08:30:31.545742034,25.346348,-92.635315
2020-09-18T08:30:31.547649383,25.345078,-92.64479
2020-09-18T08:30:31.549556732,25.34591,-92.633255
2020-09-18T08:30:31.551845550,25.346203,-92.631165
2020-09-18T08:30:31.553752899,25.343832,-92.62643
2020-09-18T08:30:31.555660247,25.345665,-92.63391
2020-09-18T08:30:31.557567596,25.346731,-92.63729
2020-09-18T08:30:31.559856414,25.348652,-92.63229
2020-09-18T08:30:31.561763763,25.338102,-92.63522
2020-09-18T08:30:31.563671112,25.337875,-92.64117
2020-09-18T08:30:31.565578460,25.336359,-92.61913
2020-09-18T08:30:31.567485809,25.334154,-92.61675
2020-09-18T08:30:31.569774627,25.341011,-92.621666
2020-09-18T08:30:31.571681976,25.35324,-92.61415
2020-09-18T08:30:31.573589324,25.353561,-92.61164
2020-09-18T08:30:31.575496673,25.350536,-92.609184
2020-09-18T08:30:31.577404022,25.344687,-92.59263
2020-09-18T08:30:31.579692840,25.335379,-92.5777
2020-09-18T08:30:31.581600189,25.316317,-92.60828
2020-09-18T08:30:31.587322235,25.317554,-92.65617
2020-09-18T08:30:43.963532447,24.580544,-91.95817
2020-09-18T08:30:43.965439796,24.499487,-91.9279
2020-09-18T08:30:43.987183570,24.580647,-91.9582
2020-09-18T08:30:45.818266868,24.721512,-92.41499
2020-09-18T08:30:45.836195945,24.715937,-92.41397
2020-09-18T08:30:48.782713890,23.367905,-93.910934
2020-09-18T08:30:48.784621238,23.3543,-93.8914
2020-09-18T08:30:48.786528587,23.353483,-93.89238
2020-09-18T08:30:48.794539451,23.366959,-93.873795
2020-09-18T08:31:05.490198135,24.883417,-92.96774
2020-09-18T08:31:05.492105484,24.909445,-92.98427
2020-09-18T08:31:05.494012832,24.90054,-92.98135
2020-09-18T08:31:05.496301651,24.926685,-92.97469
2020-09-18T08:31:05.498208999,24.92669,-92.97471
2020-09-18T08:31:05.503931045,24.926695,-92.97469
2020-09-18T08:31:05.506219863,24.926697,-92.974686
2020-09-18T08:31:05.508127212,24.926699,-92.97467
2020-09-18T08:31:05.510034561,24.905596,-92.96479
2020-09-18T08:31:05.511941909,24.92385,-92.98691
2020-09-18T08:31:05.513849258,24.927197,-92.99253
2020-09-18T08:31:05.516138076,24.926733,-92.97463
2020-09-18T08:31:05.518045425,24.926743,-92.974625
2020-09-18T08:31:05.519952774,24.926725,-92.97463
2020-09-18T08:31:05.521860122,24.926695,-92.974655
2020-09-18T08:31:05.524148941,24.926662,-92.97468
2020-09-18T08:31:05.527963638,24.934652,-92.9641
2020-09-18T08:31:05.529870986,24.926172,-92.95853
2020-09-18T08:31:05.537881851,24.926676,-92.9746
2020-09-18T08:31:05.541696548,24.926693,-92.97464
2020-09-18T08:31:05.639354705,24.926619,-92.97465
2020-09-18T08:31:05.641262054,24.90881,-92.994675
2020-09-18T08:31:05.654994964,24.914328,-92.99408
2020-09-18T08:31:05.669109344,24.927553,-93.0046
2020-09-18T08:31:05.677121162,24.926624,-92.97461
2020-09-18T08:31:05.808348655,24.959066,-92.980446
2020-09-18T08:31:05.810256004,24.926653,-92.97452
2020-09-18T08:31:05.812163352,24.926653,-92.97451
2020-09-18T08:31:05.828185081,25.024574,-92.95356
2020-09-18T08:31:05.830092430,25.016335,-92.97414
2020-09-18T08:31:05.831999778,24.985682,-92.97283
2020-09-18T08:31:05.834288597,24.969406,-92.98366
2020-09-18T08:31:05.836195945,24.951105,-93.00071
2020-09-18T08:31:05.838103294,24.927423,-93.00439
2020-09-18T08:31:05.923554420,24.926558,-92.97448
2020-09-18T08:31:05.925461769,24.925688,-92.94071
2020-09-18T08:31:06.291296005,24.93029,-93.112175
2020-09-18T08:31:06.313040733,24.931202,-93.15014
2020-09-18T08:31:06.315329551,24.93008,-93.1081
2020-09-18T08:31:11.629283905,26.411045,-91.755875
2020-09-18T08:31:11.668958663,26.410154,-91.72481
2020-09-18T08:31:11.670866012,26.39661,-91.74426
2020-09-18T08:31:11.688795089,26.415028,-91.72698
2020-09-18T08:31:11.690702438,26.421711,-91.71562
2020-09-18T08:31:11.692991256,26.441381,-91.72517
2020-09-18T08:31:11.694898605,26.44316,-91.72334
2020-09-18T08:31:11.696805953,26.445213,-91.72124
2020-09-18T08:31:11.839859008,26.408663,-91.667816
2020-09-18T08:31:16.007099151,23.368898,-93.9121
2020-09-18T08:31:16.033039093,23.368887,-93.91213
2020-09-18T08:31:16.078815460,23.36885,-93.91211
2020-09-18T08:31:16.108572006,23.368969,-93.91211
2020-09-18T08:31:16.249717712,23.364737,-93.91156
2020-09-18T08:31:16.261543273,23.368927,-93.91212
2020-09-18T08:31:16.283668518,23.368952,-93.9121
2020-09-18T08:31:16.285575866,23.369127,-93.918495
2020-09-18T08:31:16.287483215,23.36897,-93.912125
2020-09-18T08:31:16.331352233,23.369017,-93.91211
2020-09-18T08:31:23.036928176,26.22623,-91.396126
2020-09-18T08:31:23.038835525,26.220743,-91.40207
2020-09-18T08:31:23.040742874,26.227783,-91.39437
2020-09-18T08:31:23.042650222,26.227304,-91.39759
2020-09-18T08:31:23.044939041,26.225666,-91.39143
2020-09-18T08:31:23.046846389,26.217623,-91.39121
2020-09-18T08:31:23.048753738,26.21917,-91.3934
2020-09-18T08:31:23.050661087,26.2117,-91.38826
2020-09-18T08:31:23.052949905,26.209784,-91.38681
2020-09-18T08:31:23.054857254,26.217958,-91.37193
2020-09-18T08:31:23.056764602,26.220943,-91.37241
2020-09-18T08:31:23.058671951,26.223206,-91.37278
2020-09-18T08:31:23.060579299,26.210812,-91.37063
2020-09-18T08:31:23.070497512,26.218437,-91.40967
2020-09-18T08:31:23.072786331,26.219862,-91.4128
2020-09-18T08:31:23.074693679,26.22718,-91.42461
2020-09-18T08:31:23.076601982,26.22801,-91.425156
2020-09-18T08:31:23.116274833,26.26137,-91.43188
2020-09-18T08:31:23.118182182,26.24262,-91.427505
2020-09-18T08:31:23.120471000,26.244856,-91.4257
2020-09-18T08:31:23.122378349,26.245773,-91.42627
2020-09-18T08:31:23.124285697,26.238537,-91.42529
2020-09-18T08:31:23.126193046,26.241688,-91.41537
2020-09-18T08:31:23.128481864,26.237087,-91.40864
2020-09-18T08:31:23.130389213,26.24996,-91.37748
2020-09-18T08:31:23.154041290,26.274273,-91.40462
2020-09-18T08:31:23.156330108,26.229479,-91.42075
2020-09-18T08:31:23.166248321,26.245722,-91.420074
2020-09-18T08:31:23.168155670,26.263226,-91.40807
2020-09-18T08:31:23.170063018,26.27494,-91.41356
2020-09-18T08:31:23.171970367,26.289038,-91.394936
2020-09-18T08:31:23.173877716,26.292082,-91.394424
2020-09-18T08:31:23.176166534,26.291885,-91.393745
2020-09-18T08:31:23.178073883,26.293865,-91.392136
2020-09-18T08:31:23.179981231,26.302,-91.398415
2020-09-18T08:31:23.181888580,26.21862,-91.40789
2020-09-18T08:31:23.181888580,26.400557,-91.36329
2020-09-18T08:31:23.370718955,26.213903,-91.39045
2020-09-18T08:31:23.396659851,26.224625,-91.39249
2020-09-18T08:31:23.404670715,26.249922,-91.37749
2020-09-18T08:31:23.406578063,26.218708,-91.40772
2020-09-18T08:31:23.440528869,26.21003,-91.39238
2020-09-18T08:31:23.454262733,26.20929,-91.38807
2020-09-18T08:31:23.476387977,26.201921,-91.379715
2020-09-18T08:31:33.074695587,25.233982,-92.505905
2020-09-18T08:31:33.080799102,25.259953,-92.510574
2020-09-18T08:31:33.084613800,25.234035,-92.5059
2020-09-18T08:31:33.086521148,25.234034,-92.50589
2020-09-18T08:31:33.090717315,25.234035,-92.5059
2020-09-18T08:31:33.114368438,25.250177,-92.50881
2020-09-18T08:31:33.122379302,25.233986,-92.505905
2020-09-18T08:31:33.126575469,25.234007,-92.50593
2020-09-18T08:31:33.138402938,25.251749,-92.52578
2020-09-18T08:31:33.140310287,25.233957,-92.505974
2020-09-18T08:31:33.144124984,25.253712,-92.52703
2020-09-18T08:31:33.154043197,25.259691,-92.52816
2020-09-18T08:31:33.156332015,25.234013,-92.50595
2020-09-18T08:31:33.162054061,25.262604,-92.529366
2020-09-18T08:31:33.164342880,25.258074,-92.52638
2020-09-18T08:31:33.166250228,25.271856,-92.51269
2020-09-18T08:31:33.168157577,25.233957,-92.50586
2020-09-18T08:31:33.174261093,25.233961,-92.5059
2020-09-18T08:31:33.176168441,25.262886,-92.53027
2020-09-18T08:31:33.178075790,25.26953,-92.52612
2020-09-18T08:31:33.179983139,25.284033,-92.51494
2020-09-18T08:31:33.181890487,25.281301,-92.51445
2020-09-18T08:31:33.184179306,25.283487,-92.51485
2020-09-18T08:31:33.186086654,25.27196,-92.51278
2020-09-18T08:31:33.189901351,25.2826,-92.51469
2020-09-18T08:31:33.191808700,25.233988,-92.505936
2020-09-18T08:31:33.202108383,25.314613,-92.520424
2020-09-18T08:31:33.207830429,25.31382,-92.49103
2020-09-18T08:31:33.209737777,25.279106,-92.51406
2020-09-18T08:31:33.219655990,25.31368,-92.48736
2020-09-18T08:31:33.221944808,25.314543,-92.52041
2020-09-18T08:31:33.225759506,25.312239,-92.54344
2020-09-18T08:31:33.227666854,25.285912,-92.54382
2020-09-18T08:31:33.229574203,25.27797,-92.54613
2020-09-18T08:31:33.231863021,25.28848,-92.55154
2020-09-18T08:31:33.233770370,25.28443,-92.550354
2020-09-18T08:31:33.235677719,25.298195,-92.55211
2020-09-18T08:31:33.237585067,25.301266,-92.554596
2020-09-18T08:31:33.239873886,25.315784,-92.56708
2020-09-18T08:31:33.241781234,25.315823,-92.568184
2020-09-18T08:31:33.255516052,25.31691,-92.60818
2020-09-18T08:31:33.257423400,25.316912,-92.608185
2020-09-18T08:31:33.259712219,25.316916,-92.608185
2020-09-18T08:31:33.261619567,25.31692,-92.60818
2020-09-18T08:31:33.263526916,25.345602,-92.61338
2020-09-18T08:31:33.265434265,25.316929,-92.60816
2020-09-18T08:31:33.267341613,25.345297,-92.61331
2020-09-18T08:31:33.269630432,25.316933,-92.608154
2020-09-18T08:31:33.271537780,25.316929,-92.608154
2020-09-18T08:31:41.816587448,24.269323,-92.176186
2020-09-18T08:31:41.462578296,24.270508,-92.19118
2020-09-18T08:31:41.464485645,24.269876,-92.1649
2020-09-18T08:31:41.482415199,24.270542,-92.19175
2020-09-18T08:31:41.484322547,24.270592,-92.19368
2020-09-18T08:31:41.486611366,24.270578,-92.19308
2020-09-18T08:31:41.504158973,24.269825,-92.164925
2020-09-18T08:31:41.506447792,24.27057,-92.19482
2020-09-18T08:31:41.514459133,24.270685,-92.19844
2020-09-18T08:31:41.518273830,24.269869,-92.16492
2020-09-18T08:31:41.520181179,24.252333,-92.19793
2020-09-18T08:31:41.522088527,24.26986,-92.164894
2020-09-18T08:31:41.526284694,24.270521,-92.19235
2020-09-18T08:31:41.528192043,24.270554,-92.19385
2020-09-18T08:31:41.540017604,24.270735,-92.19905
2020-09-18T08:31:41.564050674,24.270887,-92.20337
2020-09-18T08:31:41.565958023,24.241478,-92.20083
2020-09-18T08:31:41.567865371,24.25781,-92.20622
2020-09-18T08:31:41.599909305,24.269882,-92.16492
2020-09-18T08:31:41.601816654,24.269884,-92.1649
2020-09-18T08:31:41.605631351,24.288372,-92.16799
2020-09-18T08:31:41.607539176,24.28945,-92.16816
2020-09-18T08:31:41.609827995,24.28899,-92.16807
2020-09-18T08:31:41.611735343,24.269884,-92.16485
2020-09-18T08:31:41.613642692,24.26988,-92.16485
2020-09-18T08:31:41.623560905,24.299913,-92.169975
2020-09-18T08:31:41.625468254,24.269876,-92.164925
2020-09-18T08:31:41.659419536,24.303293,-92.170525
2020-09-18T08:31:41.661326885,24.31014,-92.16397
2020-09-18T08:31:41.663234233,24.279263,-92.17419
2020-09-18T08:31:41.665523052,24.26986,-92.16487
2020-09-18T08:31:41.764707088,24.287664,-92.1654
2020-09-18T08:31:41.766614437,24.270716,-92.197754
2020-09-18T08:31:41.788739681,24.270441,-92.186516
2020-09-18T08:31:41.790647029,24.269907,-92.164856
2020-09-18T08:31:41.806669235,24.245539,-92.19813
2020-09-18T08:31:41.808576583,24.239418,-92.19861
2020-09-18T08:31:41.810483932,24.249155,-92.20574
2020-09-18T08:31:41.812391281,24.27085,-92.202156
2020-09-18T08:31:41.814298629,24.270945,-92.20654
2020-09-18T08:31:41.818494796,24.289661,-92.21428
2020-09-18T08:31:41.864272117,24.31375,-92.300705
2020-09-18T08:31:41.925689697,24.269928,-92.16479
2020-09-18T08:31:41.927978515,24.240217,-92.187164
2020-09-18T08:31:41.931793212,24.27935,-92.218
2020-09-18T08:31:41.939804077,24.232508,-92.20026
2020-09-18T08:31:41.941711425,24.23248,-92.20027
2020-09-18T08:31:48.943696022,24.547726,-91.91026
2020-09-18T08:31:48.975358963,24.523783,-91.914696
2020-09-18T08:31:49.031054496,24.509571,-91.90944
2020-09-18T08:31:49.176396369,24.473356,-91.90029
2020-09-18T08:31:49.178303718,24.53835,-91.90514
2020-09-18T08:31:49.180211067,24.482786,-91.899826
2020-09-18T08:31:49.206151962,24.501665,-91.90245
2020-09-18T08:31:49.271765708,24.581408,-91.91599
2020-09-18T08:32:19.593729020,24.708035,-92.45601
2020-09-18T08:32:19.677272320,24.699308,-92.44549
2020-09-18T08:32:19.758908272,24.67006,-92.48006
2020-09-18T08:32:19.762722970,24.714197,-92.42137
2020-09-18T08:32:21.102465152,24.922638,-92.80669
2020-09-18T08:32:21.104753971,24.927713,-92.81113
2020-09-18T08:32:21.106661319,24.943434,-92.82915
2020-09-18T08:32:21.108568668,24.950382,-92.83321
2020-09-18T08:32:21.110476016,24.952223,-92.829735
2020-09-18T08:32:21.112383842,24.951292,-92.836334
2020-09-18T08:32:21.114672660,24.963127,-92.8505
2020-09-18T08:32:21.198215484,24.97232,-92.84398
2020-09-18T08:32:21.213856220,24.973566,-92.84862
2020-09-18T08:32:21.215763568,25.003216,-92.86139
2020-09-18T08:32:21.218052387,24.982283,-92.84174
2020-09-18T08:33:19.999238015,25.290451,-92.51573
2020-09-18T08:33:20.001145362,25.29475,-92.51618
2020-09-18T08:33:20.003434181,25.31415,-92.520874
2020-09-18T08:33:20.005341529,25.31155,-92.507935
2020-09-18T08:33:20.007248878,25.302567,-92.507835
2020-09-18T08:33:20.009156227,25.314209,-92.52092
2020-09-18T08:33:20.011063575,25.3142,-92.520905
2020-09-18T08:33:20.013352394,25.31419,-92.52088
2020-09-18T08:33:20.015259742,25.31418,-92.52086
2020-09-18T08:33:20.017167091,25.31417,-92.520836
2020-09-18T08:33:20.019074440,25.314167,-92.52083
2020-09-18T08:33:20.020981788,25.314182,-92.52085
2020-09-18T08:33:20.023270606,25.314198,-92.52087
2020-09-18T08:33:20.025177955,25.314215,-92.52089
2020-09-18T08:33:20.027085304,25.31423,-92.52091
2020-09-18T08:33:20.028993129,25.314241,-92.52093
2020-09-18T08:33:20.030900478,25.325785,-92.54363
2020-09-18T08:33:20.033189296,25.3267,-92.54506
2020-09-18T08:33:20.035096645,25.314966,-92.54885
2020-09-18T08:33:20.037003993,25.315144,-92.55565
2020-09-18T08:33:20.038911342,25.31527,-92.5605
2020-09-18T08:33:20.041200160,25.324726,-92.55944
2020-09-18T08:33:20.043107509,25.315203,-92.55781
2020-09-18T08:33:20.045014858,25.314243,-92.52087
2020-09-18T08:33:20.048829555,25.314247,-92.52083
2020-09-18T08:33:20.051118373,25.353294,-92.514435
2020-09-18T08:33:20.053025722,25.34122,-92.51584
2020-09-18T08:33:20.054933071,25.340294,-92.5147
2020-09-18T08:33:20.056840419,25.355509,-92.51204
2020-09-18T08:33:20.058747768,25.355556,-92.51198
2020-09-18T08:33:20.061037063,25.31427,-92.5209
2020-09-18T08:33:20.086595535,25.233704,-92.50644
2020-09-18T08:33:20.092699527,25.34853,-92.61449
2020-09-18T08:33:20.096514225,25.35197,-92.61507
2020-09-18T08:33:20.102617740,25.35433,-92.61547
2020-09-18T08:33:20.104525089,25.362047,-92.55602
2020-09-18T08:33:20.106432437,25.364525,-92.54469
2020-09-18T08:33:20.108721256,25.31653,-92.60861
2020-09-18T08:33:20.112535953,25.392626,-92.447655
2020-09-18T08:33:20.120546817,25.39266,-92.44768
2020-09-18T08:33:20.122454643,25.406723,-92.48304
2020-09-18T08:33:20.124361991,25.39695,-92.486855
2020-09-18T08:33:20.126650810,25.38695,-92.49078
2020-09-18T08:33:20.128558158,25.387579,-92.491165
2020-09-18T08:33:20.130465507,25.381023,-92.486
2020-09-18T08:33:20.132372856,25.381191,-92.48283
2020-09-18T08:33:20.134280204,25.382797,-92.48423
2020-09-18T08:33:20.136569023,25.384892,-92.48347
2020-09-18T08:33:20.138476371,25.387445,-92.47949
2020-09-18T08:33:20.140383720,25.40479,-92.47395
2020-09-18T08:33:20.142291069,25.426783,-92.459
2020-09-18T08:33:20.144579887,25.438005,-92.43684
2020-09-18T08:33:20.146487236,25.445368,-92.43368
2020-09-18T08:33:20.148394584,25.4474,-92.43035
2020-09-18T08:33:20.150301933,25.44279,-92.44785
2020-09-18T08:33:20.152209758,25.430714,-92.45561
2020-09-18T08:33:20.154498577,25.414413,-92.462875
2020-09-18T08:33:20.156405925,25.424646,-92.46154
2020-09-18T08:33:20.158313274,25.422464,-92.461105
2020-09-18T08:33:20.160220623,25.413265,-92.47181
2020-09-18T08:33:20.162127971,25.39262,-92.44768
2020-09-18T08:33:20.283437252,25.341715,-92.6402
2020-09-18T08:33:20.285344600,25.397373,-92.62339
2020-09-18T08:33:20.289540767,25.342005,-92.649475
2020-09-18T08:33:20.291448116,25.354874,-92.61563
2020-09-18T08:33:20.293355464,25.359055,-92.65062
2020-09-18T08:33:20.295644283,25.339075,-92.62058
2020-09-18T08:33:20.297551631,25.341532,-92.6355
2020-09-18T08:33:20.299458980,25.34036,-92.641045
2020-09-18T08:33:20.301366329,25.360094,-92.66219
2020-09-18T08:33:20.303273677,25.357422,-92.65917
2020-09-18T08:33:20.305562496,25.350588,-92.67386
2020-09-18T08:33:20.307470321,25.36781,-92.67205
2020-09-18T08:33:20.309377670,25.355661,-92.68034
2020-09-18T08:33:20.311285018,25.357157,-92.67724
2020-09-18T08:33:20.313192367,25.35082,-92.68001
2020-09-18T08:33:20.315481185,25.358803,-92.68634
2020-09-18T08:33:20.317388534,25.358448,-92.67781
2020-09-18T08:33:20.319295883,25.359901,-92.69437
2020-09-18T08:33:20.321203231,25.357407,-92.68944
2020-09-18T08:33:20.323492050,25.361216,-92.6877
2020-09-18T08:33:20.325399398,25.365005,-92.694496
2020-09-18T08:33:20.327306747,25.36406,-92.69203
2020-09-18T08:33:20.329214096,25.372534,-92.69068
2020-09-18T08:33:20.331121444,25.3701,-92.686966
2020-09-18T08:33:20.333410263,25.3645,-92.67038
2020-09-18T08:33:20.335317611,25.363445,-92.66533
2020-09-18T08:33:20.337224960,25.361662,-92.66652
2020-09-18T08:33:20.339132785,25.361544,-92.67396
2020-09-18T08:33:20.341040134,25.399578,-92.71128
2020-09-18T08:33:20.376898765,25.366323,-92.705246
2020-09-18T08:33:20.378806114,25.356785,-92.678604
2020-09-18T08:33:20.381094932,25.356394,-92.67215
2020-09-18T08:33:20.383002281,25.361416,-92.66168
2020-09-18T08:33:20.384909629,25.361135,-92.66755
2020-09-18T08:33:20.386816978,25.366663,-92.68086
2020-09-18T08:33:20.389105796,25.358887,-92.67967
2020-09-18T08:33:20.391013145,25.35608,-92.6893
2020-09-18T08:33:20.392920494,25.363375,-92.66858
2020-09-18T08:33:20.394827842,25.361036,-92.671265
2020-09-18T08:33:20.396735191,25.399443,-92.71121
2020-09-18T08:33:20.472267627,25.39257,-92.447716
2020-09-18T08:33:20.474556446,25.392553,-92.447716
2020-09-18T08:33:20.396735191,25.317684,-92.65502
2020-09-18T08:33:20.406653881,25.421947,-92.72953
2020-09-18T08:33:20.408942699,25.415949,-92.7253
2020-09-18T08:33:20.410850048,25.408545,-92.72334
2020-09-18T08:33:20.412757396,25.391167,-92.69828
2020-09-18T08:33:20.414664745,25.399527,-92.71126
2020-09-18T08:33:20.446708679,25.292559,-92.743034
2020-09-18T08:33:20.448616027,25.28837,-92.74375
2020-09-18T08:33:20.450523376,25.299608,-92.71956
2020-09-18T08:33:20.452430725,25.317837,-92.72105
2020-09-18T08:33:20.486382007,25.399382,-92.71119
2020-09-18T08:33:20.488289356,25.399372,-92.71117
2020-09-18T08:33:20.490196704,25.428112,-92.71644
2020-09-18T08:33:20.492104530,25.44109,-92.704926
2020-09-18T08:33:20.494393348,25.43707,-92.70574
2020-09-18T08:33:20.496300697,25.424564,-92.735054
2020-09-18T08:33:20.498208045,25.42264,-92.694916
2020-09-18T08:33:20.500115394,25.405495,-92.71041
2020-09-18T08:33:20.502404212,25.38595,-92.69618
2020-09-18T08:33:20.504311561,25.398756,-92.6873
2020-09-18T08:33:20.506218910,25.399364,-92.71121
2020-09-18T08:33:20.508126258,25.380579,-92.727806
2020-09-18T08:33:20.510033607,25.370123,-92.708015
2020-09-18T08:33:20.512322425,25.370583,-92.693
2020-09-18T08:33:20.514229774,25.37162,-92.694534
2020-09-18T08:33:20.516137123,25.370056,-92.69075
2020-09-18T08:33:20.518044471,25.369244,-92.674
2020-09-18T08:33:20.519951820,25.39937,-92.711235
2020-09-18T08:33:20.704967498,25.318636,-92.6965
2020-09-18T08:33:20.742733955,25.358143,-92.75727
2020-09-18T08:33:20.756848335,25.295061,-92.69404
2020-09-18T08:33:20.758755683,25.318647,-92.696465
2020-09-18T08:33:20.800336360,25.28988,-92.71923
2020-09-18T08:33:20.802625656,25.289518,-92.71224
2020-09-18T08:33:20.804533004,25.308746,-92.743065
2020-09-18T08:33:20.806440353,25.31865,-92.6965
2020-09-18T08:33:25.894180297,24.580328,-91.92398
2020-09-18T08:33:25.920120239,24.580484,-91.92553
2020-09-18T08:33:25.939957618,24.581264,-91.959015
2020-09-18T08:33:25.955597877,24.55823,-91.93546
2020-09-18T08:33:25.957886695,24.580416,-91.927124
2020-09-18T08:33:25.979630470,24.570566,-91.944756
2020-09-18T08:33:25.981537818,24.581156,-91.95899
2020-09-18T08:33:25.983445167,24.581163,-91.958984
2020-09-18T08:33:25.999467849,24.5813,-91.95898
2020-09-18T08:33:26.001375198,24.56044,-91.943954
2020-09-18T08:33:26.144809722,24.524961,-91.92268
2020-09-18T08:33:26.152439117,24.54715,-91.93661
2020-09-18T08:33:36.355386734,24.914972,-92.82472
2020-09-18T08:33:36.357294082,24.957106,-92.84335
2020-09-18T08:33:36.359201431,24.942757,-92.83738
2020-09-18T08:33:36.361108779,24.943756,-92.83717
2020-09-18T08:33:36.428628921,24.958723,-92.89912
2020-09-18T08:33:36.430917739,24.929548,-92.85228
2020-09-18T08:33:36.434732437,24.970732,-92.92156
2020-09-18T08:33:36.436639785,24.95485,-92.900375
2020-09-18T08:33:36.438547134,24.964449,-92.861145
2020-09-18T08:33:36.627378463,24.923025,-92.84385
2020-09-18T08:33:44.645610809,22.873482,-93.61649
2020-09-18T08:33:44.685284614,22.891472,-93.606384
2020-09-18T08:34:07.281988143,23.368511,-93.91182
2020-09-18T08:34:07.313651084,23.368498,-93.91178
2020-09-18T08:34:07.315558433,23.358284,-93.9164
2020-09-18T08:34:07.317465782,23.368525,-93.91174
2020-09-18T08:34:07.361335754,23.36855,-93.91182
2020-09-18T08:34:07.363243103,23.36853,-93.911804
2020-09-18T08:34:07.365150451,23.358421,-93.90997
2020-09-18T08:34:07.367439270,23.36849,-93.911766
2020-09-18T08:34:07.397193908,23.368542,-93.91184
2020-09-18T08:34:07.433053016,23.36794,-93.88799
2020-09-18T08:34:07.434960365,23.368551,-93.911865
2020-09-18T08:34:07.436867713,23.367662,-93.87791
2020-09-18T08:34:07.438775062,23.358784,-93.88525
2020-09-18T08:34:07.446785926,23.367218,-93.85933
2020-09-18T08:34:07.448693275,23.367657,-93.87389
2020-09-18T08:34:12.069126129,25.23375,-92.50716
2020-09-18T08:34:12.079044342,25.233034,-92.48009
2020-09-18T08:34:12.088962554,25.233736,-92.50723
2020-09-18T08:34:12.096591949,25.233723,-92.50725
2020-09-18T08:34:12.104602813,25.233715,-92.507195
2020-09-18T08:34:12.106891632,25.233713,-92.50718
2020-09-18T08:34:12.114521026,25.233715,-92.507195
2020-09-18T08:34:12.120624542,25.233717,-92.50722
2020-09-18T08:34:12.154577255,25.233717,-92.50715
2020-09-18T08:34:12.164495468,25.233753,-92.50716
2020-09-18T08:34:12.166402816,25.233763,-92.50719
2020-09-18T08:34:12.196157455,25.312044,-92.434074
2020-09-18T08:34:37.251853942,23.368612,-93.911835
2020-09-18T08:34:37.464717864,23.368568,-93.91181
2020-09-18T08:34:37.486461639,23.368608,-93.91191
2020-09-18T08:34:37.524227142,23.368637,-93.911835
2020-09-18T08:34:37.538341522,23.368593,-93.91186
2020-09-18T08:34:37.578014373,23.36864,-93.9118
2020-09-18T08:34:54.898530960,21.367558,-93.5796
2020-09-18T08:34:54.900438308,21.366957,-93.57368
2020-09-18T08:34:54.902345657,21.348476,-93.57855
2020-09-18T08:34:54.904634475,21.354406,-93.577805
2020-09-18T08:34:54.906541824,21.366245,-93.59448
2020-09-18T08:34:54.908449172,21.3652,-93.59603
2020-09-18T08:34:54.910356521,21.370062,-93.59295
2020-09-18T08:34:54.912263870,21.35923,-93.59232
2020-09-18T08:34:54.914552688,21.358133,-93.59304
2020-09-18T08:34:54.916460037,21.366009,-93.603386
2020-09-18T08:34:54.918367385,21.380898,-93.61618
2020-09-18T08:34:54.920274734,21.346424,-93.56872
2020-09-18T08:34:55.039676666,21.368488,-93.58498
2020-09-18T08:34:55.065616607,21.394478,-93.576385
2020-09-18T08:34:55.069431304,21.379051,-93.57987
2020-09-18T08:34:55.071338653,21.395405,-93.5765
2020-09-18T08:34:55.073627471,21.423437,-93.581024
2020-09-18T08:34:55.075534820,21.382055,-93.58084
2020-09-18T08:34:55.077442169,21.423424,-93.58106
2020-09-18T08:34:55.079349517,21.386248,-93.58471
2020-09-18T08:34:55.083545684,21.423409,-93.58108
2020-09-18T08:34:55.085453033,21.40989,-93.59878
2020-09-18T08:34:55.087360382,21.423399,-93.58108
2020-09-18T08:34:55.099185943,21.423485,-93.58101
2020-09-18T08:34:55.194555282,21.352755,-93.57151
2020-09-18T08:34:55.218587875,21.345707,-93.527466
2020-09-18T08:34:55.220495223,21.361216,-93.5241
2020-09-18T08:34:55.222402572,21.34724,-93.52642
2020-09-18T08:34:55.224691390,21.345757,-93.527565
2020-09-18T08:34:55.226598739,21.345802,-93.52874
2020-09-18T08:34:55.228506088,21.34585,-93.530045
2020-09-18T08:34:55.230413436,21.329264,-93.52737
2020-09-18T08:34:55.232320785,21.34728,-93.561005
2020-09-18T08:34:55.250251770,21.344654,-93.48341
2020-09-18T08:34:55.252540588,21.34666,-93.568855
2020-09-18T08:34:55.264366149,21.349262,-93.52665
2020-09-18T08:34:55.266273498,21.340614,-93.542465
2020-09-18T08:34:55.294120788,21.345747,-93.52464
2020-09-18T08:34:55.304039001,21.3322,-93.52203
2020-09-18T08:34:55.305946350,21.362803,-93.54303
2020-09-18T08:34:55.973909378,23.190748,-93.5816
2020-09-18T08:34:55.975816726,23.203802,-93.57585
2020-09-18T08:34:56.033420562,23.162455,-93.52933
2020-09-18T08:34:56.035327911,23.155815,-93.5169
2020-09-18T08:34:56.037235260,23.150532,-93.533104
2020-09-18T08:34:56.039524078,23.161346,-93.52516
2020-09-18T08:34:56.041431427,23.150688,-93.50996
2020-09-18T08:34:56.043338775,23.15331,-93.523506
2020-09-18T08:34:56.045246124,23.155987,-93.52824
2020-09-18T08:34:56.047534942,23.142223,-93.503494
2020-09-18T08:34:56.049442291,23.148312,-93.50573
2020-09-18T08:34:56.051349639,23.124327,-93.522736
2020-09-18T08:34:56.053256988,23.143248,-93.500145
2020-09-18T08:34:56.055164337,23.144512,-93.49869
2020-09-18T08:34:56.057453155,23.14723,-93.5041
2020-09-18T08:34:56.059360504,23.123419,-93.48446
2020-09-18T08:34:56.061267852,23.135345,-93.48212
2020-09-18T08:34:56.063175201,23.139034,-93.48761
2020-09-18T08:34:56.065082550,23.122154,-93.436
2020-09-18T08:34:56.083011627,23.164322,-93.55039
2020-09-18T08:34:56.085300445,23.183752,-93.55236
2020-09-18T08:34:56.087207794,23.169033,-93.52912
2020-09-18T08:34:56.089115142,23.18084,-93.55076
2020-09-18T08:34:56.091022491,23.17229,-93.53546
2020-09-18T08:34:56.092929840,23.158403,-93.52875
2020-09-18T08:34:56.095218658,23.175417,-93.53535
2020-09-18T08:34:56.097126007,23.186832,-93.55268
2020-09-18T08:34:56.099033355,23.163485,-93.5254
2020-09-18T08:34:56.100940704,23.162657,-93.525635
2020-09-18T08:34:56.102849960,23.160809,-93.52916
2020-09-18T08:34:56.105138778,23.150011,-93.50923
2020-09-18T08:34:56.108953475,23.124271,-93.52275
2020-09-18T08:34:56.110860824,23.124294,-93.522766
2020-09-18T08:34:56.174566268,23.122803,-93.46063
2020-09-18T08:34:56.178380966,23.145807,-93.46834
2020-09-18T08:34:56.194402694,23.122217,-93.43609
2020-09-18T08:34:56.196310043,23.122234,-93.436066
2020-09-18T08:34:56.198598861,23.142612,-93.48315
2020-09-18T08:34:56.200506210,23.122253,-93.43604
2020-09-18T08:34:56.277946472,23.161726,-93.56928
2020-09-18T08:34:56.279853820,23.163122,-93.568954
2020-09-18T08:34:56.281761169,23.158892,-93.57857
2020-09-18T08:34:56.284049987,23.125483,-93.56888
2020-09-18T08:35:02.114901542,23.368874,-93.91295
2020-09-18T08:35:02.116808891,23.368893,-93.912964
2020-09-18T08:35:02.122912406,23.368864,-93.91299
2020-09-18T08:35:02.124819755,23.369452,-93.936516
2020-09-18T08:35:02.156482219,23.36888,-93.91301
2020-09-18T08:35:02.369345664,23.369547,-93.938644
2020-09-18T08:35:02.391089916,23.368835,-93.91291
2020-09-18T08:35:02.433052062,23.368774,-93.91297
2020-09-18T08:35:02.454796314,23.368841,-93.91293
2020-09-18T08:35:04.402992248,25.207165,-92.5107
2020-09-18T08:35:03.955521583,25.183756,-92.51406
2020-09-18T08:35:03.963532447,25.184162,-92.517456
2020-09-18T08:35:03.981461524,25.192366,-92.5
2020-09-18T08:35:03.995575904,25.189869,-92.49948
2020-09-18T08:35:04.003586769,25.168316,-92.51053
2020-09-18T08:35:04.005495071,25.190638,-92.49961
2020-09-18T08:35:04.007402420,25.19238,-92.49992
2020-09-18T08:35:04.066912651,25.162895,-92.50149
2020-09-18T08:35:04.073016166,25.192049,-92.499886
2020-09-18T08:35:04.079119682,25.195597,-92.5005
2020-09-18T08:35:04.092852592,25.19246,-92.50001
2020-09-18T08:35:04.094759941,25.23404,-92.50747
2020-09-18T08:35:04.106966972,25.173782,-92.50928
2020-09-18T08:35:04.116885185,25.197708,-92.50082
2020-09-18T08:35:04.122607231,25.234016,-92.50737
2020-09-18T08:35:04.124514579,25.17587,-92.50878
2020-09-18T08:35:04.128711700,25.205866,-92.511604
2020-09-18T08:35:04.227894783,25.16223,-92.50239
2020-09-18T08:35:04.230183601,25.233957,-92.50747
2020-09-18T08:35:04.232090950,25.233961,-92.50746
2020-09-18T08:35:04.245823860,25.233988,-92.50739
2020-09-18T08:35:04.253835678,25.233986,-92.50742
2020-09-18T08:35:04.261846542,25.23397,-92.50747
2020-09-18T08:35:04.404899597,25.22778,-92.52976
2020-09-18T08:35:04.406806945,25.269287,-92.54246
2020-09-18T08:35:04.434654235,25.196362,-92.50069
2020-09-18T08:35:04.436943054,25.20775,-92.50705
2020-09-18T08:35:04.438851356,25.218441,-92.524864
2020-09-18T08:35:04.440758705,25.23374,-92.536
2020-09-18T08:35:04.442666053,25.246746,-92.54232
2020-09-18T08:35:04.444573402,25.242521,-92.53224
2020-09-18T08:35:04.446862220,25.252893,-92.538704
2020-09-18T08:35:04.448769569,25.238115,-92.53041
2020-09-18T08:35:04.450676918,25.239792,-92.5305
2020-09-18T08:35:04.452584266,25.23842,-92.52904
2020-09-18T08:35:04.454873085,25.23709,-92.52818
2020-09-18T08:35:04.456780433,25.251366,-92.53888
2020-09-18T08:35:04.458687782,25.247995,-92.5377
2020-09-18T08:35:04.460595130,25.24828,-92.53609
2020-09-18T08:35:04.462502479,25.249321,-92.53754
2020-09-18T08:35:04.464791297,25.237226,-92.53778
2020-09-18T08:35:04.466698646,25.243631,-92.54027
2020-09-18T08:35:04.468605995,25.243593,-92.5396
2020-09-18T08:35:04.470513343,25.234133,-92.53643
2020-09-18T08:35:04.472420692,25.2386,-92.538315
2020-09-18T08:35:04.474709510,25.2306,-92.5322
2020-09-18T08:35:04.476616859,25.229633,-92.533226
2020-09-18T08:35:04.478524208,25.233706,-92.53236
2020-09-18T08:35:04.480431556,25.232521,-92.52724
2020-09-18T08:35:04.482720375,25.23224,-92.52615
2020-09-18T08:35:04.484627723,25.234417,-92.52869
2020-09-18T08:35:04.486535072,25.234453,-92.530464
2020-09-18T08:35:04.488442420,25.233843,-92.507355
2020-09-18T08:35:04.490349769,25.233847,-92.50734
2020-09-18T08:35:04.518198013,25.316578,-92.60957
2020-09-18T08:35:04.520105361,25.272402,-92.55504
2020-09-18T08:35:04.522394180,25.265831,-92.54693
2020-09-18T08:35:04.524301528,25.26918,-92.551056
2020-09-18T08:35:04.526208877,25.27935,-92.58295
2020-09-18T08:35:04.528116226,25.2876,-92.59212
2020-09-18T08:35:04.530405044,25.29006,-92.593056
2020-09-18T08:35:04.532312393,25.271364,-92.57969
2020-09-18T08:35:04.534219741,25.248108,-92.537964
2020-09-18T08:35:04.536127090,25.234478,-92.53523
2020-09-18T08:35:04.538034439,25.234383,-92.53175
2020-09-18T08:35:04.540323257,25.233751,-92.507256
2020-09-18T08:35:04.542230606,25.23376,-92.507256
2020-09-18T08:35:04.544137954,25.23377,-92.50725
2020-09-18T08:35:04.639507293,25.365215,-92.79335
2020-09-18T08:35:04.641414642,25.3633,-92.79301
2020-09-18T08:35:04.643703460,25.32128,-92.7853
2020-09-18T08:35:04.645610809,25.357273,-92.79192
2020-09-18T08:35:04.649425506,25.35553,-92.79162
2020-09-18T08:35:04.651332855,25.32129,-92.785324
2020-09-18T08:35:04.653621673,25.35289,-92.791115
2020-09-18T08:35:04.655529022,25.321323,-92.78531
2020-09-18T08:35:04.657436370,25.347395,-92.790085
2020-09-18T08:35:04.663539886,25.32132,-92.78535
2020-09-18T08:35:04.786756515,25.181608,-92.49404
2020-09-18T08:35:04.888229370,25.174818,-92.5038
2020-09-18T08:35:04.987412452,25.330912,-92.58416
2020-09-18T08:35:04.989319801,25.329012,-92.57882
2020-09-18T08:35:04.991608619,25.397448,-92.62408
2020-09-18T08:35:05.033189773,25.316814,-92.60937
2020-09-18T08:35:05.233845710,25.316679,-92.60931
2020-09-18T08:35:05.247961044,25.33529,-92.64217
2020-09-18T08:35:05.249868392,25.352875,-92.65004
2020-09-18T08:35:05.251775741,25.35159,-92.65058
2020-09-18T08:35:05.253683090,25.342907,-92.64349
2020-09-18T08:35:30.397118568,23.366945,-93.911736
2020-09-18T08:35:30.476846694,23.377365,-93.92773
2020-09-18T08:35:30.492486953,23.366993,-93.91179
2020-09-18T08:35:30.592052459,23.378626,-93.92655
2020-09-18T08:35:30.593959808,23.366995,-93.911766
2020-09-18T08:35:30.601970672,23.366957,-93.91174
2020-09-18T08:35:30.603878021,23.36693,-93.91172
2020-09-18T08:35:30.605785369,23.384695,-93.91491
2020-09-18T08:35:30.621807098,23.366869,-93.91183
2020-09-18T08:35:30.631726264,23.390215,-93.937195
2020-09-18T08:35:30.645840644,23.366982,-93.91179
2020-09-18T08:35:30.743116378,23.384026,-93.92934
2020-09-18T08:35:30.751128196,23.386696,-93.92653
2020-09-18T08:35:30.757231712,23.366861,-93.91173
2020-09-18T08:35:30.759139060,23.396933,-93.929085
2020-09-18T08:35:30.761046409,23.366858,-93.911705
2020-09-18T08:36:32.425043106,25.160532,-92.49803
2020-09-18T08:36:32.452890396,25.19552,-92.50005
2020-09-18T08:36:32.482645034,25.161373,-92.49788
2020-09-18T08:36:32.490655899,25.165901,-92.501755
2020-09-18T08:36:32.494470596,25.153841,-92.49262
2020-09-18T08:36:32.496759414,25.159658,-92.495995
2020-09-18T08:36:32.498666763,25.170631,-92.51052
2020-09-18T08:36:32.500574111,25.171116,-92.5058
2020-09-18T08:36:32.502481460,25.17816,-92.51103
2020-09-18T08:36:32.504388809,25.196281,-92.5146
2020-09-18T08:36:32.506677627,25.18477,-92.51443
2020-09-18T08:36:32.508584976,25.178349,-92.508255
2020-09-18T08:36:32.510492324,25.234266,-92.50696
2020-09-18T08:36:32.659650802,25.200647,-92.50093
2020-09-18T08:36:36.039524078,23.368877,-93.91175
2020-09-18T08:36:36.099033355,23.383432,-93.91431
2020-09-18T08:36:36.107046127,23.36886,-93.911705
2020-09-18T08:36:36.131078720,23.368858,-93.911804
2020-09-18T08:36:36.144811630,23.385622,-93.91466
2020-09-18T08:36:36.256202697,23.383448,-93.92385
2020-09-18T08:36:36.264213562,23.36886,-93.911766
2020-09-18T08:36:36.337837219,23.368914,-93.911736
2020-09-18T08:36:36.391244888,23.368738,-93.91167
2020-09-18T08:36:36.393152236,23.368765,-93.91168
2020-09-18T08:36:36.399255752,23.368841,-93.911705
2020-09-18T08:36:36.407266616,23.389416,-93.90639
2020-09-18T08:36:36.409173965,23.388025,-93.9144
2020-09-18T08:36:36.446939468,23.38957,-93.91545
2020-09-18T08:36:36.494625091,23.36886,-93.911766
2020-09-18T08:36:58.522548675,23.16484,-93.50293
2020-09-18T08:37:25.431069374,25.002438,-92.86151
2020-09-18T08:37:25.432976722,25.002497,-92.86367
2020-09-18T08:37:25.434884071,24.969555,-92.85982
2020-09-18T08:37:25.482567787,24.977543,-92.86338
2020-09-18T08:37:25.484856605,24.980312,-92.855286
2020-09-18T08:37:25.486763954,24.995424,-92.87059
2020-09-18T08:37:25.488671302,25.009928,-92.88611
2020-09-18T08:37:25.490579605,24.996552,-92.86683
2020-09-18T08:37:25.492868423,24.990782,-92.832184
2020-09-18T08:37:25.494775772,25.034868,-92.90102
2020-09-18T08:37:25.496683120,25.08513,-92.96893
2020-09-18T08:37:25.498590469,25.086065,-93.00447
2020-09-18T08:37:25.500497817,25.085505,-92.98318
2020-09-18T08:37:25.502405166,25.08607,-93.004486
2020-09-18T08:37:25.506601333,25.029001,-92.87618
2020-09-18T08:37:25.512323379,25.086035,-93.00451
2020-09-18T08:37:25.562296867,24.943989,-92.81764
2020-09-18T08:37:25.568400382,24.961756,-92.84048
2020-09-18T08:37:25.574122428,25.002113,-92.85364
2020-09-18T08:37:25.578318595,24.992956,-92.86192
2020-09-18T08:37:25.590144157,24.994263,-92.86316
2020-09-18T08:37:25.598155021,25.027098,-92.87623
2020-09-18T08:37:25.613796234,24.980959,-92.84108
2020-09-18T08:37:25.621807098,25.006504,-92.85975
2020-09-18T08:37:25.627910614,25.009148,-92.86243
2020-09-18T08:37:25.689328193,25.005745,-92.98982
2020-09-18T08:37:25.699246406,25.005793,-92.98974
2020-09-18T08:37:25.703442573,25.005764,-92.98974
2020-09-18T08:37:25.705349922,25.029203,-92.96415
2020-09-18T08:37:25.707257270,25.00494,-92.95956
2020-09-18T08:37:25.709164619,25.02686,-92.94449
2020-09-18T08:37:25.715268135,25.005312,-92.976685
2020-09-18T08:37:25.717175483,25.005032,-92.96681
2020-09-18T08:37:25.719464302,25.004095,-92.96636
2020-09-18T08:37:25.721371650,25.021223,-92.923134
2020-09-18T08:37:25.723278999,24.996712,-92.95086
2020-09-18T08:37:25.725186347,25.003393,-92.9019
2020-09-18T08:37:25.729382514,25.00575,-92.98971
2020-09-18T08:37:25.731289863,24.973839,-92.96813
2020-09-18T08:37:25.739301681,24.966902,-92.9826
2020-09-18T08:37:25.759138107,25.086164,-93.00447
2020-09-18T08:37:26.128787994,25.028788,-93.068245
2020-09-18T08:37:26.158542633,25.024193,-93.06612
2020-09-18T08:37:26.192494392,25.00823,-93.07748
2020-09-18T08:37:26.204319953,24.991112,-93.05752
2020-09-18T08:37:26.206227302,25.008127,-93.077446
2020-09-18T08:37:26.212330818,25.008118,-93.07748
2020-09-18T08:37:26.216145515,25.00814,-93.07751
2020-09-18T08:37:26.218434333,25.007002,-93.09309
2020-09-18T08:37:26.220341682,25.008171,-93.07752
2020-09-18T08:37:26.274129867,25.002142,-93.10305
2020-09-18T08:37:26.276037216,25.043913,-93.08372
2020-09-18T08:37:26.341650962,24.970219,-93.113106
2020-09-18T08:37:30.822845458,24.497692,-91.77313
2020-09-18T08:37:30.822845458,24.659607,-91.899216
2020-09-18T08:37:30.824752807,24.659279,-91.88637
2020-09-18T08:37:30.826660156,24.659264,-91.886345
2020-09-18T08:37:30.828948974,24.65957,-91.89947
2020-09-18T08:37:30.830856323,24.659565,-91.89869
2020-09-18T08:37:30.832763671,24.659279,-91.886345
2020-09-18T08:37:30.836959838,24.659311,-91.886375
2020-09-18T08:37:30.838867187,24.658737,-91.8621
2020-09-18T08:37:30.840774536,24.658726,-91.86198
2020-09-18T08:37:30.844589233,24.659296,-91.88638
2020-09-18T08:37:30.846878051,24.659285,-91.88638
2020-09-18T08:37:30.848785400,24.658503,-91.85468
2020-09-18T08:37:30.850692749,24.65845,-91.85205
2020-09-18T08:37:30.854507446,24.658407,-91.85049
2020-09-18T08:37:30.856796264,24.659275,-91.88637
2020-09-18T08:37:30.860610961,24.658125,-91.83933
2020-09-18T08:37:30.862518310,24.659266,-91.88633
2020-09-18T08:37:30.870529174,24.65926,-91.886284
2020-09-18T08:37:30.874726295,24.654936,-91.88662
2020-09-18T08:37:30.876633644,24.659264,-91.88631
2020-09-18T08:37:30.878540992,24.659264,-91.886314
2020-09-18T08:37:30.882355690,24.659245,-91.88634
2020-09-18T08:37:30.892273902,24.659218,-91.88633
2020-09-18T08:37:30.954072952,23.368345,-93.91215
2020-09-18T08:37:30.963991165,23.368317,-93.912186
2020-09-18T08:37:30.965898513,23.3683,-93.91217
2020-09-18T08:37:31.035709381,23.368313,-93.91221
2020-09-18T08:37:31.039524078,23.368307,-93.91219
2020-09-18T08:37:31.047534942,23.368067,-93.90249
2020-09-18T08:37:31.085300445,23.368301,-93.91218
2020-09-18T08:37:31.139087677,23.368378,-93.91224
2020-09-18T08:37:31.190587997,23.368345,-93.91225
2020-09-18T08:37:33.852523803,24.592785,-92.44121
2020-09-18T08:37:33.860534667,24.577852,-92.44988
2020-09-18T08:37:33.862442016,24.595463,-92.45066
2020-09-18T08:37:33.882280349,24.620413,-92.46048
2020-09-18T08:37:33.908220291,24.614136,-92.48175
2020-09-18T08:37:33.910127639,24.61033,-92.487755
2020-09-18T08:37:33.912416458,24.613659,-92.48729
2020-09-18T08:37:33.914323806,24.614065,-92.49616
2020-09-18T08:37:33.916231155,24.618465,-92.48516
2020-09-18T08:37:33.918138504,24.593838,-92.480835
2020-09-18T08:37:33.920045852,24.59385,-92.48084
2020-09-18T08:37:33.922334671,24.610954,-92.48385
2020-09-18T08:37:33.924242019,24.59345,-92.46395
2020-09-18T08:37:33.926149368,24.593365,-92.459984
2020-09-18T08:37:33.928056716,24.593357,-92.459114
2020-09-18T08:37:33.930345535,24.593277,-92.45615
2020-09-18T08:37:33.932252883,24.593885,-92.48089
2020-09-18T08:37:33.934160232,24.593872,-92.48088
2020-09-18T08:37:33.936067581,24.593857,-92.480865
2020-09-18T08:37:33.937974929,24.618155,-92.470634
2020-09-18T08:37:33.942171096,24.629787,-92.47325
2020-09-18T08:37:33.944078445,24.625868,-92.486435
2020-09-18T08:37:33.945985794,24.631449,-92.48741
2020-09-18T08:37:33.947893142,24.62376,-92.48606
2020-09-18T08:37:33.952089309,24.593819,-92.48084
2020-09-18T08:37:33.981843948,24.617468,-92.45575
2020-09-18T08:37:33.985658645,24.673698,-92.49487
2020-09-18T08:37:33.987947463,24.673687,-92.49487
2020-09-18T08:37:33.989854812,24.691353,-92.49796
2020-09-18T08:37:33.993669509,24.673687,-92.49479
2020-09-18T08:37:33.995576858,24.673689,-92.49476
2020-09-18T08:37:33.997867584,24.673693,-92.49472
2020-09-18T08:37:34.001682281,24.673714,-92.49471
2020-09-18T08:37:34.003589630,24.673727,-92.49473
2020-09-18T08:37:34.005878448,24.673742,-92.494736
2020-09-18T08:37:34.007785797,24.699072,-92.49881
2020-09-18T08:37:34.009693145,24.698282,-92.498604
2020-09-18T08:37:34.011600494,24.673725,-92.49474
2020-09-18T08:37:34.013507843,24.673697,-92.494736
2020-09-18T08:37:34.019611358,24.641594,-92.48912
2020-09-18T08:37:34.071491241,24.604008,-92.49619
2020-09-18T08:37:34.079120635,24.619995,-92.50282
2020-09-18T08:37:34.081409454,24.639277,-92.488754
2020-09-18T08:37:34.083316802,24.62164,-92.50509
2020-09-18T08:37:34.085224151,24.620733,-92.50808
2020-09-18T08:37:34.087131500,24.61989,-92.50382
2020-09-18T08:37:34.089038848,24.619171,-92.50446
2020-09-18T08:37:34.091327667,24.621649,-92.5172
2020-09-18T08:37:34.093235015,24.624699,-92.50905
2020-09-18T08:37:34.097049713,24.628418,-92.500786
2020-09-18T08:37:34.098957061,24.625206,-92.50499
2020-09-18T08:37:34.212636947,24.7095,-92.46116
2020-09-18T08:37:34.349586486,24.75073,-92.38944
2020-09-18T08:37:34.351493835,24.685207,-92.44381
2020-09-18T08:37:34.367515563,24.729572,-92.4155
2020-09-18T08:37:34.393457412,24.750603,-92.383896
2020-09-18T08:37:41.788739681,25.333397,-92.82264
2020-09-18T08:37:41.791028499,25.323475,-92.81577
2020-09-18T08:37:41.792936325,25.324139,-92.818665
2020-09-18T08:37:41.794843673,25.330582,-92.815895
2020-09-18T08:37:41.796751022,25.331587,-92.813446
2020-09-18T08:37:41.798658370,25.321772,-92.812775
2020-09-18T08:37:41.800947189,25.321642,-92.80845
2020-09-18T08:37:41.802854537,25.335007,-92.806885
2020-09-18T08:37:41.804761886,25.3333,-92.80618
2020-09-18T08:37:41.806669235,25.321026,-92.80414
2020-09-18T08:37:41.808576583,25.320581,-92.80107
2020-09-18T08:37:41.810865402,25.320955,-92.79895
2020-09-18T08:37:41.812772750,25.30835,-92.80015
2020-09-18T08:37:41.814680099,25.317848,-92.79157
2020-09-18T08:37:41.816587448,25.330057,-92.79843
2020-09-18T08:37:41.818494796,25.320995,-92.78586
2020-09-18T08:37:41.864272117,25.32223,-92.83169
2020-09-18T08:37:41.983674049,25.336943,-92.82773
2020-09-18T08:37:42.011521816,25.322203,-92.82785
2020-09-18T08:37:42.021440029,25.322222,-92.829895
2020-09-18T08:37:42.025254726,25.333576,-92.80621
2020-09-18T08:37:42.033265590,25.32163,-92.807205
2020-09-18T08:37:42.035554409,25.281693,-92.78482
2020-09-18T08:37:42.043184280,25.321049,-92.78569
2020-09-18T08:37:42.047380447,25.305891,-92.80697
2020-09-18T08:37:42.093157291,25.341684,-92.80811
2020-09-18T08:37:42.095064640,25.360306,-92.79283
2020-09-18T08:37:42.096971988,25.336813,-92.7937
2020-09-18T08:37:42.098879337,25.335299,-92.79275
2020-09-18T08:37:42.101168632,25.333986,-92.792145
2020-09-18T08:37:42.103075981,25.344267,-92.796295
2020-09-18T08:37:42.104983329,25.350973,-92.799034
2020-09-18T08:37:42.106890678,25.350292,-92.79946
2020-09-18T08:37:42.108798027,25.344172,-92.79185
2020-09-18T08:37:42.111086845,25.338913,-92.79045
2020-09-18T08:37:42.112994194,25.333439,-92.787926
2020-09-18T08:37:42.114901542,25.33199,-92.787056
2020-09-18T08:37:42.116808891,25.346415,-92.793274
2020-09-18T08:37:42.118716239,25.347971,-92.79202
2020-09-18T08:37:42.121005058,25.363308,-92.793434
2020-09-18T08:37:42.122912406,25.360031,-92.7928
2020-09-18T08:37:42.124819755,25.336128,-92.79999
2020-09-18T08:37:42.126727104,25.366377,-92.79391
2020-09-18T08:37:42.128634452,25.32109,-92.78556
2020-09-18T08:37:42.130923271,25.355663,-92.79192
2020-09-18T08:37:42.132831096,25.350765,-92.79104
2020-09-18T08:37:42.134738445,25.35945,-92.79265
2020-09-18T08:37:42.136645793,25.354475,-92.79175
2020-09-18T08:37:42.259862422,25.24144,-92.808
2020-09-18T08:37:43.828490257,25.234291,-92.52982
2020-09-18T08:37:43.830779075,25.23371,-92.50727
2020-09-18T08:37:43.834593772,25.233715,-92.507256
2020-09-18T08:37:43.836501121,25.233719,-92.507256
2020-09-18T08:37:43.852522850,25.233694,-92.50721
2020-09-18T08:37:43.860533714,25.233696,-92.50718
2020-09-18T08:37:43.868544578,25.23372,-92.50706
2020-09-18T08:37:43.882278442,25.233665,-92.50714
2020-09-18T08:37:43.886474609,25.233675,-92.50712
2020-09-18T08:37:44.085223197,25.210474,-92.5289
2020-09-18T08:37:44.240101814,25.222998,-92.49392
2020-09-18T08:37:44.242009162,25.232187,-92.504944
2020-09-18T08:37:44.259939193,25.2338,-92.507065
2020-09-18T08:37:56.572444915,23.485687,-93.98103
2020-09-18T08:37:56.630048751,23.449455,-93.96351
2020-09-18T08:38:14.542613983,25.232405,-92.467804
2020-09-18T08:38:14.556346893,25.233389,-92.50703
2020-09-18T08:38:14.558254241,25.233372,-92.50702
2020-09-18T08:38:14.647901535,25.233398,-92.50688
2020-09-18T08:38:14.655912399,25.290438,-92.53523
2020-09-18T08:38:14.657819747,25.272287,-92.51386
2020-09-18T08:38:14.659727096,25.283733,-92.54369
2020-09-18T08:38:14.661634445,25.269196,-92.53579
2020-09-18T08:38:14.663541793,25.26632,-92.53481
2020-09-18T08:38:14.665830612,25.267933,-92.53597
2020-09-18T08:38:14.667737960,25.258774,-92.524155
2020-09-18T08:38:14.669645309,25.276295,-92.53749
2020-09-18T08:38:14.671552658,25.280703,-92.5314
2020-09-18T08:38:14.673460006,25.281841,-92.5156
2020-09-18T08:38:14.774932861,25.333855,-92.653275
2020-09-18T08:38:14.776840209,25.317394,-92.651764
2020-09-18T08:38:14.848556518,25.313993,-92.52131
2020-09-18T08:38:15.065235137,25.233515,-92.50666
2020-09-18T08:38:15.067142486,25.248304,-92.525856
2020-09-18T08:38:15.069431304,25.255209,-92.53029
2020-09-18T08:38:15.071338653,25.25893,-92.52797
2020-09-18T08:38:15.073246002,25.273247,-92.53295
2020-09-18T08:38:15.075153350,25.272528,-92.513664
2020-09-18T08:38:15.079349517,25.285158,-92.51596
2020-09-18T08:38:15.081256866,25.28582,-92.51609
2020-09-18T08:38:15.083164215,25.314062,-92.52118
2020-09-18T08:38:15.104907989,25.28511,-92.51603
2020-09-18T08:38:15.130849838,25.330494,-92.47105
2020-09-18T08:38:15.132757186,25.31404,-92.521164
2020-09-18T08:38:15.138860702,25.31176,-92.43348
2020-09-18T08:38:15.248344421,25.259254,-92.47994
2020-09-18T08:38:15.250251770,25.256664,-92.529594
2020-09-18T08:38:15.252159118,25.270151,-92.51321
2020-09-18T08:38:15.337608337,25.254288,-92.51028
2020-09-18T08:39:19.264134408,23.368639,-93.91315
2020-09-18T08:39:19.345769883,23.367554,-93.87177
2020-09-18T08:39:19.347677708,23.391157,-93.87986
2020-09-18T08:39:19.381628991,23.38464,-93.85406
2020-09-18T08:39:19.383536339,23.392862,-93.88082
2020-09-18T08:39:19.397650719,23.395927,-93.86976
2020-09-18T08:39:19.433127881,23.389156,-93.8655
2020-09-18T08:39:19.526589394,23.368607,-93.913086
2020-09-18T08:39:19.534600735,23.405933,-93.919876
2020-09-18T08:39:19.548715115,23.368587,-93.91322
2020-09-18T08:39:20.777066707,25.194939,-92.50101
2020-09-18T08:39:20.783170223,25.233906,-92.50803
2020-09-18T08:39:20.788892269,25.233929,-92.50808
2020-09-18T08:39:20.796903133,25.20406,-92.50267
2020-09-18T08:39:20.809110641,25.193098,-92.48677
2020-09-18T08:39:20.814832687,25.184687,-92.497734
2020-09-18T08:39:20.822843551,25.193941,-92.485886
2020-09-18T08:39:20.888457298,25.169434,-92.49429
2020-09-18T08:39:20.890364646,25.234055,-92.50807
2020-09-18T08:39:20.928131103,25.233994,-92.50801
2020-09-18T08:39:20.975815296,25.188093,-92.49823
2020-09-18T08:39:25.643932342,24.351158,-92.26593
2020-09-18T08:39:25.664150238,24.35114,-92.26582
2020-09-18T08:39:25.666057586,24.36657,-92.25219
2020-09-18T08:39:25.667964935,24.351118,-92.2658
2020-09-18T08:39:25.681698799,24.351114,-92.26587
2020-09-18T08:39:25.683987617,24.372828,-92.26959
2020-09-18T08:39:25.685894966,24.351095,-92.26591
2020-09-18T08:39:25.687802314,24.376415,-92.27024
2020-09-18T08:39:25.689709663,24.378931,-92.270676
2020-09-18T08:39:25.691617012,24.37889,-92.27067
2020-09-18T08:39:25.693905830,24.381893,-92.27269
2020-09-18T08:39:25.695813179,24.379232,-92.27072
2020-09-18T08:39:25.697720527,24.376272,-92.28294
2020-09-18T08:39:25.699627876,24.374443,-92.284065
2020-09-18T08:39:25.701916694,24.37558,-92.2753
2020-09-18T08:39:25.703824043,24.384598,-92.273125
2020-09-18T08:39:25.705731391,24.38244,-92.27591
2020-09-18T08:39:25.707638740,24.373281,-92.289536
2020-09-18T08:39:25.709546089,24.3763,-92.288895
2020-09-18T08:39:25.711834907,24.395279,-92.2603
2020-09-18T08:39:25.713742256,24.400284,-92.259285
2020-09-18T08:39:25.715649604,24.35107,-92.26585
2020-09-18T08:39:25.719464302,24.351059,-92.26585
2020-09-18T08:39:25.723660469,24.351082,-92.265854
2020-09-18T08:39:25.727475166,24.351912,-92.298546
2020-09-18T08:39:25.729763984,24.351112,-92.26588
2020-09-18T08:39:25.741590499,24.350546,-92.242836
2020-09-18T08:39:25.743497848,24.369158,-92.23911
2020-09-18T08:39:25.745405197,24.365788,-92.241
2020-09-18T08:39:25.747312545,24.351137,-92.26586
2020-09-18T08:39:25.753416061,24.351091,-92.2659
2020-09-18T08:39:25.775159835,24.341288,-92.28186
2020-09-18T08:39:25.812926292,24.410921,-92.244156
2020-09-18T08:39:25.815215110,24.384182,-92.255264
2020-09-18T08:39:25.817122459,24.366583,-92.27404
2020-09-18T08:39:25.830855369,24.429657,-92.237335
2020-09-18T08:39:25.832762718,24.48212,-92.255264
2020-09-18T08:39:25.835051536,24.476416,-92.231186
2020-09-18T08:39:25.836958885,24.470798,-92.23669
2020-09-18T08:39:25.838866233,24.444534,-92.24111
2020-09-18T08:39:25.840773582,24.437275,-92.240234
2020-09-18T08:39:25.843062400,24.451982,-92.245674
2020-09-18T08:39:25.844969749,24.460426,-92.24339
2020-09-18T08:39:25.846877098,24.429733,-92.24185
2020-09-18T08:39:25.874725341,24.351078,-92.26587
2020-09-18T08:39:25.892654418,24.351112,-92.26595
2020-09-18T08:39:25.926224708,24.353214,-92.35267
2020-09-18T08:39:26.075381278,24.3916,-92.22806
2020-09-18T08:39:26.075381278,24.343575,-91.95859
2020-09-18T08:39:29.288168907,24.925491,-92.97602
2020-09-18T08:39:29.291983604,24.936344,-92.96442
2020-09-18T08:39:29.303809165,24.966187,-92.98343
2020-09-18T08:39:29.306097984,24.94588,-92.96373
2020-09-18T08:39:29.308005332,24.970951,-92.984314
2020-09-18T08:39:29.319830894,25.005667,-92.990616
2020-09-18T08:39:29.327842712,24.96957,-92.98402
2020-09-18T08:39:29.331657409,24.958538,-92.97489
2020-09-18T08:39:29.379341125,25.005732,-92.99071
2020-09-18T08:39:29.391549110,24.976206,-92.96598
2020-09-18T08:39:29.478906631,24.925423,-92.975975
2020-09-18T08:39:29.480813980,24.925407,-92.97599
2020-09-18T08:39:29.482721328,24.925392,-92.976006
2020-09-18T08:39:29.485010147,24.925377,-92.97603
2020-09-18T08:39:29.488824844,24.92537,-92.98671
2020-09-18T08:39:29.490732192,24.93375,-92.99093
2020-09-18T08:39:29.492639541,24.933167,-92.991
2020-09-18T08:39:29.494928359,24.941534,-93.01586
2020-09-18T08:39:29.496835708,24.925518,-92.99227
2020-09-18T08:39:29.498743057,24.944986,-93.02141
2020-09-18T08:39:29.500650405,24.944527,-93.022255
2020-09-18T08:39:29.502939224,24.953182,-93.03191
2020-09-18T08:39:29.504846572,24.94801,-93.0251
2020-09-18T08:39:29.506753921,24.951881,-93.00426
2020-09-18T08:39:29.508661270,24.954557,-93.03297
2020-09-18T08:39:29.510568618,24.96587,-93.04734
2020-09-18T08:39:29.512858390,25.007954,-93.07851
2020-09-18T08:39:29.516673088,25.007992,-93.07853
2020-09-18T08:39:29.518580436,25.00801,-93.078545
2020-09-18T08:39:29.520487785,24.96496,-93.025085
2020-09-18T08:39:29.524683952,25.008017,-93.078514
2020-09-18T08:39:29.528498649,24.986702,-93.05203
2020-09-18T08:39:29.530405998,24.96323,-93.02291
2020-09-18T08:39:29.532694816,25.008034,-93.07856
2020-09-18T08:39:29.534602165,24.98298,-93.073944
2020-09-18T08:39:29.536509513,24.97122,-93.0329
2020-09-18T08:39:29.538416862,24.986973,-93.06645
2020-09-18T08:39:29.540705680,24.986341,-93.06238
2020-09-18T08:39:29.542613029,24.9657,-93.047195
2020-09-18T08:39:29.544520378,24.95204,-93.03439
2020-09-18T08:39:29.546427726,24.954151,-93.036865
2020-09-18T08:39:29.548335075,24.959915,-93.04194
2020-09-18T08:39:29.550623893,24.965776,-93.03883
2020-09-18T08:39:29.552531242,24.976288,-93.058945
2020-09-18T08:39:29.554438591,24.987192,-93.0653
2020-09-18T08:39:29.556345939,24.98367,-93.06082
2020-09-18T08:39:29.558253288,24.961166,-93.03348
2020-09-18T08:39:29.560542106,24.937634,-93.00419
2020-09-18T08:39:29.562449455,24.957968,-93.030014
2020-09-18T08:39:29.564356803,24.960117,-93.03356
2020-09-18T08:39:29.566264152,24.96538,-93.04453
2020-09-18T08:39:29.568171501,24.973318,-93.0538
2020-09-18T08:39:29.570460319,24.97849,-93.041916
2020-09-18T08:39:29.572367668,24.977314,-93.04049
2020-09-18T08:39:29.598308563,25.007992,-93.07856
2020-09-18T08:39:29.604030609,25.038317,-93.16309
2020-09-18T08:39:29.605937957,25.040668,-93.15257
2020-09-18T08:39:29.608226776,25.007954,-93.07849
2020-09-18T08:39:29.610134124,25.007954,-93.0785
2020-09-18T08:39:30.093082427,24.997427,-93.157524
2020-09-18T08:39:30.154881477,24.989883,-93.159645
2020-09-18T08:39:48.789198875,23.369738,-93.91302
2020-09-18T08:39:48.936448097,23.369719,-93.91306
2020-09-18T08:39:48.938355445,23.370064,-93.92657
2020-09-18T08:39:48.952088356,23.369698,-93.913025
2020-09-18T08:39:48.954377174,23.36841,-93.91964
2020-09-18T08:39:48.956285476,23.37011,-93.92924
2020-09-18T08:39:48.987947463,23.36965,-93.91298
2020-09-18T08:39:49.115360260,23.369633,-93.91299
2020-09-18T08:39:49.117267608,23.369621,-93.912964
2020-09-18T08:39:53.735410690,24.371899,-92.25205
2020-09-18T08:39:53.765548706,24.351622,-92.26561
2020-09-18T08:39:53.916612625,24.380123,-92.27052
2020-09-18T08:39:53.960100173,24.350985,-92.24195
2020-09-18T08:39:53.964296340,24.35159,-92.26559
2020-09-18T08:39:53.966203689,24.374365,-92.25705
2020-09-18T08:39:53.972307205,24.350872,-92.23539
2020-09-18T08:39:53.974214553,24.360731,-92.24544
2020-09-18T08:39:53.984132766,24.350626,-92.225945
2020-09-18T08:39:53.986040115,24.359325,-92.240776
2020-09-18T08:39:53.987947463,24.359814,-92.21943
2020-09-18T08:39:53.990236282,24.353235,-92.21839
2020-09-18T08:39:53.992143630,24.349485,-92.17893
2020-09-18T08:39:54.005878448,24.350203,-92.209
2020-09-18T08:39:54.007785797,24.356508,-92.22337
2020-09-18T08:39:54.011981964,24.350687,-92.229515
2020-09-18T08:39:54.013889312,24.349451,-92.17893
2020-09-18T08:39:54.230566024,24.35064,-92.22922
2020-09-18T08:39:54.232473373,24.359114,-92.21716
2020-09-18T08:39:54.276344299,24.357868,-92.21891
2020-09-18T08:39:56.920351028,25.23312,-92.50753
2020-09-18T08:39:57.031742095,25.233046,-92.50754
2020-09-18T08:39:57.033649444,25.253473,-92.48906
2020-09-18T08:39:57.035556793,25.257774,-92.48058
2020-09-18T08:39:57.045475006,25.252113,-92.47442
2020-09-18T08:39:57.047382354,25.233116,-92.50752
2020-09-18T08:39:57.087436676,25.23908,-92.50833
2020-09-18T08:39:57.089344024,25.233086,-92.507545
2020-09-18T08:39:57.103078842,25.23308,-92.50763
2020-09-18T08:39:57.168691635,25.25627,-92.49213
2020-09-18T08:39:57.222480773,25.24246,-92.51206
2020-09-18T08:39:57.299919128,25.261688,-92.53016
2020-09-18T08:40:00.147250175,24.58841,-92.26693
2020-09-18T08:40:00.149157524,24.629683,-92.28833
2020-09-18T08:39:59.556725979,24.751179,-92.44638
2020-09-18T08:39:59.558633328,24.75214,-92.455696
2020-09-18T08:39:59.560540677,24.739449,-92.46506
2020-09-18T08:39:59.562448025,24.738409,-92.468796
2020-09-18T08:39:59.564355851,24.738998,-92.46826
2020-09-18T08:39:59.568552018,24.752377,-92.464806
2020-09-18T08:39:59.570459366,24.731703,-92.476135
2020-09-18T08:39:59.578470231,24.731562,-92.477875
2020-09-18T08:39:59.596399785,24.67347,-92.495926
2020-09-18T08:39:59.610132695,24.673517,-92.496
2020-09-18T08:39:59.626154900,24.673613,-92.49595
2020-09-18T08:39:59.628062249,24.705511,-92.48905
2020-09-18T08:39:59.632258416,24.673592,-92.49592
2020-09-18T08:39:59.639887810,24.751308,-92.422714
2020-09-18T08:39:59.642176629,24.751707,-92.43829
2020-09-18T08:39:59.644083977,24.751316,-92.42275
2020-09-18T08:39:59.645991326,24.75132,-92.422775
2020-09-18T08:39:59.647898675,24.751326,-92.42279
2020-09-18T08:39:59.650187493,24.751337,-92.42279
2020-09-18T08:39:59.675746441,24.750027,-92.371704
2020-09-18T08:39:59.678035260,24.750263,-92.38109
2020-09-18T08:39:59.679942608,24.750338,-92.38377
2020-09-18T08:39:59.681849957,24.750315,-92.3822
2020-09-18T08:39:59.687953949,24.764294,-92.34163
2020-09-18T08:39:59.689861298,24.76363,-92.334625
2020-09-18T08:39:59.691768647,24.764929,-92.32209
2020-09-18T08:39:59.693675995,24.763908,-92.35673
2020-09-18T08:39:59.695583344,24.762585,-92.33045
2020-09-18T08:39:59.697872162,24.755259,-92.31243
2020-09-18T08:39:59.703594208,24.747002,-92.2486
2020-09-18T08:39:59.705883027,24.747002,-92.24861
2020-09-18T08:39:59.717708588,24.746931,-92.24855
2020-09-18T08:39:59.719616414,24.746918,-92.24854
2020-09-18T08:39:59.721523762,24.746906,-92.248566
2020-09-18T08:39:59.735638142,24.746937,-92.24859
2020-09-18T08:39:59.737545491,24.766998,-92.25141
2020-09-18T08:39:59.739452839,24.778835,-92.25447
2020-09-18T08:39:59.741360188,24.766817,-92.252075
2020-09-18T08:39:59.743649006,24.768463,-92.26691
2020-09-18T08:39:59.745556355,24.77028,-92.252594
2020-09-18T08:39:59.747463704,24.746952,-92.24855
2020-09-18T08:39:59.749371052,24.768505,-92.25228
2020-09-18T08:39:59.751278878,24.746931,-92.24854
2020-09-18T08:39:59.809262753,24.74695,-92.24854
2020-09-18T08:39:59.886702538,24.75135,-92.42268
2020-09-18T08:39:59.936294556,24.751362,-92.422714
2020-09-18T08:40:00.047685146,24.766888,-92.446396
2020-09-18T08:40:00.049592494,24.752256,-92.45919
2020-09-18T08:40:00.063707351,24.7687,-92.27734
2020-09-18T08:40:00.146868705,24.747898,-92.28274
2020-09-18T08:40:00.167087078,24.65547,-92.262314
2020-09-18T08:40:19.638361931,24.58378,-91.79096
2020-09-18T08:40:19.638361931,24.501146,-91.94627
2020-09-18T08:40:19.648280144,24.49521,-91.80474
2020-09-18T08:40:19.694057465,24.500336,-91.80781
2020-09-18T08:40:19.695964814,24.4936,-91.78625
2020-09-18T08:40:19.725719929,24.49598,-91.731255
2020-09-18T08:40:19.725719929,24.658585,-91.886475
2020-09-18T08:40:19.769589425,24.533854,-91.738304
2020-09-18T08:40:19.769589425,24.658415,-91.886505
2020-09-18T08:40:19.803159237,24.497478,-91.868065
2020-09-18T08:40:19.805066586,24.527975,-91.85813
2020-09-18T08:40:44.773405075,24.35105,-92.26633
2020-09-18T08:40:44.775312423,24.384693,-92.25254
2020-09-18T08:40:44.777219772,24.401436,-92.250404
2020-09-18T08:40:44.781415939,24.391829,-92.25148
2020-09-18T08:40:44.805067062,24.351093,-92.26633
2020-09-18T08:40:44.866866111,24.429382,-92.23159
2020-09-18T08:40:44.884796142,24.376041,-92.27221
2020-09-18T08:40:44.888610839,24.350916,-92.2661
2020-09-18T08:40:44.904632568,24.351,-92.26618
2020-09-18T08:40:44.906539916,24.362146,-92.269135
2020-09-18T08:40:44.908447265,24.364391,-92.26721
2020-09-18T08:40:44.916458129,24.350937,-92.26615
2020-09-18T08:40:44.918365478,24.356638,-92.26299
2020-09-18T08:40:45.017930984,24.357346,-92.26237
2020-09-18T08:40:45.024034500,24.350985,-92.26611
2020-09-18T08:40:45.025941848,24.351006,-92.26611
2020-09-18T08:40:51.695661544,25.359592,-92.47547
2020-09-18T08:40:51.701765060,25.3919,-92.447876
2020-09-18T08:40:51.721601486,25.37102,-92.50216
2020-09-18T08:40:51.723508834,25.393055,-92.495445
2020-09-18T08:40:51.729612350,25.356657,-92.44155
2020-09-18T08:40:51.737623214,25.391857,-92.448006
2020-09-18T08:40:51.745252609,25.472626,-92.462494
2020-09-18T08:40:51.747541427,25.451553,-92.46832
2020-09-18T08:40:51.749448776,25.428957,-92.47289
2020-09-18T08:40:51.751356124,25.413626,-92.47687
2020-09-18T08:40:51.753263473,25.42569,-92.47137
2020-09-18T08:40:51.755170822,25.425325,-92.45923
2020-09-18T08:40:51.757459640,25.465937,-92.463806
2020-09-18T08:40:51.759366989,25.443565,-92.4572
2020-09-18T08:40:51.761274337,25.472588,-92.46243
2020-09-18T08:40:51.795227050,25.526289,-92.403465
2020-09-18T08:40:51.797134399,25.523523,-92.408195
2020-09-18T08:40:51.799041748,25.520798,-92.409744
2020-09-18T08:40:51.800949096,25.505438,-92.424736
2020-09-18T08:40:51.802856445,25.510574,-92.42698
2020-09-18T08:40:51.805145263,25.510107,-92.42742
2020-09-18T08:40:51.866561889,25.336744,-92.50205
2020-09-18T08:40:51.868850708,25.348095,-92.494354
2020-09-18T08:40:51.870758056,25.313566,-92.52098
2020-09-18T08:40:51.872665405,25.313559,-92.52097
2020-09-18T08:40:51.874572753,25.313549,-92.52097
2020-09-18T08:40:51.876480102,25.31354,-92.52097
2020-09-18T08:40:51.940187454,25.31357,-92.52095
2020-09-18T08:40:51.948198318,25.312939,-92.49698
2020-09-18T08:40:51.950105667,25.313545,-92.52094
2020-09-18T08:40:51.952013015,25.301107,-92.49916
2020-09-18T08:40:51.954301834,25.302525,-92.50255
2020-09-18T08:40:51.956209182,25.313482,-92.52087
2020-09-18T08:40:51.958116531,25.313463,-92.520836
2020-09-18T08:40:52.069507598,25.260311,-92.487686
2020-09-18T08:40:52.109180450,25.31241,-92.48009
2020-09-18T08:41:21.914626598,23.367767,-93.89186
2020-09-18T08:41:21.916534423,23.38497,-93.892784
2020-09-18T08:41:21.954300403,23.382105,-93.89209
2020-09-18T08:41:21.960403919,23.368296,-93.91327
2020-09-18T08:41:22.039751052,23.415733,-93.91244
2020-09-18T08:41:22.083620548,23.386093,-93.892044
2020-09-18T08:41:22.085527896,23.383541,-93.8928
2020-09-18T08:41:22.089342594,23.382246,-93.89295
2020-09-18T08:41:22.095446109,23.368275,-93.91326
2020-09-18T08:41:22.097353458,23.367636,-93.88844
2020-09-18T08:41:22.099642276,23.380335,-93.89044
2020-09-18T08:41:22.101550102,23.377115,-93.88914
2020-09-18T08:41:22.103457450,23.38337,-93.890854
2020-09-18T08:41:22.149234294,23.380707,-93.85965
2020-09-18T08:41:22.296483993,23.367134,-93.865204
2020-09-18T08:41:25.519189834,22.998274,-93.58674
2020-09-18T08:41:25.521097183,23.01054,-93.58969
2020-09-18T08:41:25.523004531,23.047215,-93.59652
2020-09-18T08:41:47.634471893,24.396204,-92.27376
2020-09-18T08:41:47.636379241,24.431059,-92.27972
2020-09-18T08:41:47.642101287,24.394894,-92.273544
2020-09-18T08:41:47.652400970,24.405024,-92.25668
2020-09-18T08:41:47.682156562,24.405245,-92.25477
2020-09-18T08:41:47.705807685,24.431099,-92.27967
2020-09-18T08:41:47.733655929,24.398361,-92.27422
2020-09-18T08:41:47.805373191,24.410788,-92.255516
2020-09-18T08:41:47.827116966,24.431019,-92.27978
2020-09-18T08:41:47.833220481,24.409517,-92.25336
2020-09-18T08:41:47.841232299,24.408617,-92.25641
2020-09-18T08:41:47.843139648,24.430256,-92.24673
2020-09-18T08:41:47.849243164,24.393497,-92.26085
2020-09-18T08:41:47.896926879,24.43103,-92.27973
2020-09-18T08:41:47.924775123,24.41013,-92.25089
2020-09-18T08:42:02.033647060,25.247765,-92.49378
2020-09-18T08:42:02.039751052,25.257227,-92.4912
2020-09-18T08:42:02.041658401,25.232815,-92.50674
2020-09-18T08:42:02.049669265,25.23284,-92.5068
2020-09-18T08:42:02.061494827,25.267584,-92.47619
2020-09-18T08:42:02.200733661,25.232838,-92.50671
2020-09-18T08:42:02.202641010,25.267984,-92.489456
2020-09-18T08:42:02.204929828,25.224049,-92.50227
2020-09-18T08:42:02.206837177,25.232794,-92.506645
2020-09-18T08:42:02.208744525,25.260939,-92.51169
2020-09-18T08:42:02.210651874,25.255833,-92.510796
2020-09-18T08:42:02.270543575,25.27049,-92.478264
2020-09-18T08:42:02.272450923,25.232864,-92.50678
2020-09-18T08:42:02.322042942,25.250957,-92.49103
2020-09-18T08:42:02.339972019,25.232756,-92.506744
2020-09-18T08:42:02.343786716,25.255226,-92.510735
2020-09-18T08:42:05.292593002,24.350807,-92.26586
2020-09-18T08:42:05.330359458,24.350817,-92.265816
2020-09-18T08:42:05.332266807,24.350832,-92.26583
2020-09-18T08:42:05.337988853,24.350878,-92.26588
2020-09-18T08:42:05.340277671,24.350878,-92.26587
2020-09-18T08:42:05.499353408,24.394054,-92.23878
2020-09-18T08:42:05.511178970,24.39829,-92.243904
2020-09-18T08:42:05.516901016,24.400606,-92.245026
2020-09-18T08:42:05.524911880,24.397877,-92.22687
2020-09-18T08:42:05.526819229,24.399908,-92.22098
2020-09-18T08:42:05.531015396,24.391815,-92.20957
2020-09-18T08:42:05.532922744,24.404272,-92.20363
2020-09-18T08:42:05.534830093,24.395422,-92.22643
2020-09-18T08:42:05.537118911,24.387192,-92.207344
2020-09-18T08:42:05.547037124,24.398485,-92.20516
2020-09-18T08:42:05.602732658,24.348806,-92.17924
2020-09-18T08:42:05.604640007,24.388664,-92.19866
2020-09-18T08:42:05.616466522,24.37769,-92.178345
2020-09-18T08:42:05.618373870,24.396828,-92.21243
2020-09-18T08:42:05.624477386,24.34789,-92.144394
2020-09-18T08:42:05.626384735,24.374395,-92.166306
2020-09-18T08:42:05.628292083,24.34956,-92.212135
2020-09-18T08:42:05.817122459,24.390427,-92.20525
2020-09-18T08:42:05.819411277,24.381468,-92.202965
2020-09-18T08:42:21.958496570,24.351374,-92.26705
2020-09-18T08:42:21.960403919,24.35138,-92.267044
2020-09-18T08:42:21.962311267,24.351389,-92.26704
2020-09-18T08:42:22.022202968,24.351421,-92.2671
2020-09-18T08:42:22.093538761,24.364243,-92.26785
2020-09-18T08:42:22.095446109,24.351461,-92.26709
2020-09-18T08:42:22.103457450,24.364668,-92.264404
2020-09-18T08:42:22.105746269,24.35148,-92.26709
2020-09-18T08:42:22.143512248,24.351482,-92.26709
2020-09-18T08:42:22.170978546,24.351458,-92.26709
2020-09-18T08:42:22.330053806,24.351591,-92.267136
2020-09-18T08:42:27.272451400,25.217964,-92.47762
2020-09-18T08:42:27.274358749,25.23468,-92.50805
2020-09-18T08:42:27.284277915,25.222315,-92.47174
2020-09-18T08:42:27.286185264,25.233585,-92.466225
2020-09-18T08:42:27.306021690,25.221828,-92.469345
2020-09-18T08:42:27.316321372,25.232336,-92.42049
2020-09-18T08:42:27.417412757,25.192783,-92.49173
2020-09-18T08:42:27.429619789,25.234531,-92.50804
2020-09-18T08:42:27.469293594,25.234554,-92.508095
2020-09-18T08:42:27.471200942,25.234552,-92.508095
2020-09-18T08:42:29.576564788,23.367374,-93.84569
2020-09-18T08:42:29.578853607,23.371433,-93.84663
2020-09-18T08:42:29.580760955,23.36738,-93.84588
2020-09-18T08:42:29.608608245,23.36776,-93.858765
2020-09-18T08:42:29.689862251,23.36456,-93.86351
2020-09-18T08:42:29.692151069,23.367525,-93.85401
2020-09-18T08:42:46.115436553,24.350498,-92.26644
2020-09-18T08:42:46.133365631,24.396675,-92.2652
2020-09-18T08:42:46.139469146,24.403,-92.25449
2020-09-18T08:42:46.157398223,24.350426,-92.26638
2020-09-18T08:42:46.198979377,24.391302,-92.25501
2020-09-18T08:42:46.203175544,24.430082,-92.28003
2020-09-18T08:42:46.223011970,24.40174,-92.26245
2020-09-18T08:42:46.254674911,24.394472,-92.27391
2020-09-18T08:42:46.262685775,24.396908,-92.27433
2020-09-18T08:42:46.308463096,24.409138,-92.25204
2020-09-18T08:42:50.926606178,25.310865,-92.34725
2020-09-18T08:42:50.928513526,25.342686,-92.382195
2020-09-18T08:42:50.930420875,25.310879,-92.347244
2020-09-18T08:42:50.932328224,25.339214,-92.352325
2020-09-18T08:42:50.978105545,25.333218,-92.37263
2020-09-18T08:42:50.989931106,25.334179,-92.35152
2020-09-18T08:42:50.992219924,25.33455,-92.367546
2020-09-18T08:42:50.994127273,25.310871,-92.34731
2020-09-18T08:42:51.031894683,25.393814,-92.44938
2020-09-18T08:42:51.107425689,25.354206,-92.416824
2020-09-18T08:42:51.109333038,25.37454,-92.42552
2020-09-18T08:42:51.111240386,25.39325,-92.42451
2020-09-18T08:42:51.115436553,25.393888,-92.449455
2020-09-18T08:42:51.117343902,25.377195,-92.42799
2020-09-18T08:42:51.119251251,25.393883,-92.44944
2020-09-18T08:42:51.121158599,25.393887,-92.44945
2020-09-18T08:42:51.123447418,25.37918,-92.43033
2020-09-18T08:42:51.135272979,25.393858,-92.44948
2020-09-18T08:42:51.157018661,25.39394,-92.44943
2020-09-18T08:42:51.296257019,25.393951,-92.44943
2020-09-18T08:42:51.318000793,25.352089,-92.43911
2020-09-18T08:42:51.345848083,25.36117,-92.44496
2020-09-18T08:42:51.355766296,25.394043,-92.44962
2020-09-18T08:42:51.391624450,25.358612,-92.44913
2020-09-18T08:42:51.429391860,25.393959,-92.4495
2020-09-18T08:42:51.431299209,25.393957,-92.44951
2020-09-18T08:42:51.433588027,25.393955,-92.449524
2020-09-18T08:42:52.859161376,23.031343,-93.54124
2020-09-18T08:42:52.865264892,23.046627,-93.50986
2020-09-18T08:42:52.890825271,23.01881,-93.54326
2020-09-18T08:42:52.893114089,23.029036,-93.53926
2020-09-18T08:43:06.387809753,24.351318,-92.267235
2020-09-18T08:43:06.415657043,24.396519,-92.25662
2020-09-18T08:43:06.477456092,24.388025,-92.273605
2020-09-18T08:43:06.493097305,24.377522,-92.271736
2020-09-18T08:43:06.495386123,24.391222,-92.257935
2020-09-18T08:43:06.501108169,24.381159,-92.272385
2020-09-18T08:43:06.511026382,24.351265,-92.267265
2020-09-18T08:43:06.513315200,24.379436,-92.26468
2020-09-18T08:43:07.652019500,25.28217,-92.51679
2020-09-18T08:43:07.715725898,25.233732,-92.50811
2020-09-18T08:43:07.717634201,25.266665,-92.51406
2020-09-18T08:43:07.741666793,25.233727,-92.50801
2020-09-18T08:43:07.765317916,25.264803,-92.48827
2020-09-18T08:43:07.769514083,25.314325,-92.52261
2020-09-18T08:43:07.777524948,25.25318,-92.485886
2020-09-18T08:43:07.779433250,25.29134,-92.49316
2020-09-18T08:43:07.793166160,25.3143,-92.52246
2020-09-18T08:43:11.017778396,25.633522,-92.44335
2020-09-18T08:43:11.023881912,25.651476,-92.43641
2020-09-18T08:43:11.029987335,25.633757,-92.45308
2020-09-18T08:43:11.031894683,25.649666,-92.44493
2020-09-18T08:43:11.033802032,25.634794,-92.49221
2020-09-18T08:43:11.037616729,25.633614,-92.44664
2020-09-18T08:43:11.053638458,25.633684,-92.450035
2020-09-18T08:43:11.055545806,25.650734,-92.43912
2020-09-18T08:43:11.057834625,25.632462,-92.40418
2020-09-18T08:43:11.117343902,25.63254,-92.4043
2020-09-18T08:43:11.194784164,25.633747,-92.44823
2020-09-18T08:43:11.214620590,25.631927,-92.37868
2020-09-18T08:43:11.222631454,25.634912,-92.49218
2020-09-18T08:43:11.234457015,25.634863,-92.49222
2020-09-18T08:43:11.319908142,25.634829,-92.49223
2020-09-18T08:43:11.322196960,25.643978,-92.46398
2020-09-18T08:43:11.324104309,25.656347,-92.465706
2020-09-18T08:43:11.359962463,25.654787,-92.493904
2020-09-18T08:43:11.373695373,25.647234,-92.479294
2020-09-18T08:43:11.415658950,25.634779,-92.49227
2020-09-18T08:43:11.425577163,25.656443,-92.469666
2020-09-18T08:43:11.461053848,25.656338,-92.49638
2020-09-18T08:43:11.503015518,25.634783,-92.49226
2020-09-18T08:43:11.506830215,25.634783,-92.492256
2020-09-18T08:43:11.509119033,25.633755,-92.45311
2020-09-18T08:43:11.511026382,25.658485,-92.47456
2020-09-18T08:43:11.516748428,25.633774,-92.45653
2020-09-18T08:43:11.519037246,25.6539,-92.49442
2020-09-18T08:43:20.222782611,24.41133,-92.25556
2020-09-18T08:43:20.226978778,24.430418,-92.27986
2020-09-18T08:43:20.236896991,24.430414,-92.27981
2020-09-18T08:43:20.264744758,24.414345,-92.25306
2020-09-18T08:43:20.272755622,24.41461,-92.25336
2020-09-18T08:43:20.280766963,24.416458,-92.25198
2020-09-18T08:43:20.282674312,24.414122,-92.252144
2020-09-18T08:43:20.284581661,24.429565,-92.24227
2020-09-18T08:43:20.342184543,24.430435,-92.27975
2020-09-18T08:43:20.425727367,24.39865,-92.258934
2020-09-18T08:43:20.431831359,24.429636,-92.246414
2020-09-18T08:43:20.445564270,24.429758,-92.25209
2020-09-18T08:43:20.455482482,24.407587,-92.259285
2020-09-18T08:43:20.469597339,24.403433,-92.27517
2020-09-18T08:43:20.497445106,24.394419,-92.262245
2020-09-18T08:43:20.542840480,24.405508,-92.26442
2020-09-18T08:43:20.545129299,24.429298,-92.24224
2020-09-18T08:43:20.548943996,24.41365,-92.249855
2020-09-18T08:43:20.556955337,24.429392,-92.24589
2020-09-18T08:43:20.574884414,24.415579,-92.2501
2020-09-18T08:43:20.576791763,24.405104,-92.25812
2020-09-18T08:43:20.602732181,24.41533,-92.25196
2020-09-18T08:43:20.604639530,24.395613,-92.26573
2020-09-18T08:43:20.612650394,24.429186,-92.23623
2020-09-18T08:43:20.614557743,24.417154,-92.25241
2020-09-18T08:43:20.616465568,24.416517,-92.24192
2020-09-18T08:43:20.626383781,24.42897,-92.22902
2020-09-18T08:43:20.664149761,24.428114,-92.19307
2020-09-18T08:43:20.668345928,24.428753,-92.219124
2020-09-18T08:43:20.670253276,24.440094,-92.20397
2020-09-18T08:43:20.672160625,24.441154,-92.2136
2020-09-18T08:43:20.674067974,24.42901,-92.226845
2020-09-18T08:43:20.676356792,24.443075,-92.222244
2020-09-18T08:43:20.678264617,24.440865,-92.22818
2020-09-18T08:43:20.680171966,24.42893,-92.229225
2020-09-18T08:43:20.682079315,24.443275,-92.22878
2020-09-18T08:43:20.683986663,24.440405,-92.2304
2020-09-18T08:43:20.686275482,24.429102,-92.23495
2020-09-18T08:43:20.725948810,24.42911,-92.23227
2020-09-18T08:43:20.865187644,24.394093,-92.26179
2020-09-18T08:43:20.896850109,24.43034,-92.28003
2020-09-18T08:43:23.199054718,25.24416,-92.45861
2020-09-18T08:43:23.200963020,25.23199,-92.45638
2020-09-18T08:43:23.202870368,25.232063,-92.45938
2020-09-18T08:43:23.204777717,25.231937,-92.45476
2020-09-18T08:43:23.228810310,25.232096,-92.46113
2020-09-18T08:43:23.292516708,25.245924,-92.4607
2020-09-18T08:43:23.347830772,25.245823,-92.45973
2020-09-18T08:43:33.865112304,24.532904,-92.06994
2020-09-18T08:43:33.867019653,24.536993,-92.084015
2020-09-18T08:43:33.868927001,24.541063,-92.07109
2020-09-18T08:43:33.871215820,24.537226,-92.075516
2020-09-18T08:43:33.873123168,24.53758,-92.079544
2020-09-18T08:43:33.875032424,24.52377,-92.07414
2020-09-18T08:43:33.876939773,24.53692,-92.08409
2020-09-18T08:43:33.878847122,24.537016,-92.0883
2020-09-18T08:43:33.881135940,24.536833,-92.08823
2020-09-18T08:43:33.883043289,24.537462,-92.092804
2020-09-18T08:43:33.884950637,24.506334,-92.12106
2020-09-18T08:43:33.886857986,24.504227,-92.03437
2020-09-18T08:43:33.888765335,24.505322,-92.0786
2020-09-18T08:43:33.899065017,24.504288,-92.034355
2020-09-18T08:43:33.900972366,24.531263,-92.03891
2020-09-18T08:43:33.930727005,24.506262,-92.12111
2020-09-18T08:43:33.932634353,24.505627,-92.09384
2020-09-18T08:43:33.934541702,24.506325,-92.1211
2020-09-18T08:43:34.075687408,24.538912,-92.07084
2020-09-18T08:43:34.077976226,24.53483,-92.039536
2020-09-18T08:43:45.069811820,24.383757,-92.273094
2020-09-18T08:43:45.153354644,24.392756,-92.26863
2020-09-18T08:43:45.163272857,24.351665,-92.26759
2020-09-18T08:43:45.189213752,24.383402,-92.27456
2020-09-18T08:43:45.191121101,24.351662,-92.26764
2020-09-18T08:43:45.210957527,24.386784,-92.273636
2020-09-18T08:43:45.228886604,24.351683,-92.267624
2020-09-18T08:43:45.330359458,24.398542,-92.25688
2020-09-18T08:44:16.374078750,24.429356,-92.24012
2020-09-18T08:44:16.392007827,24.429451,-92.24429
2020-09-18T08:44:16.421762466,24.429424,-92.24572
2020-09-18T08:44:16.429773330,24.430279,-92.28093
2020-09-18T08:44:16.513317108,24.388107,-92.23935
2020-09-18T08:44:16.574733734,24.397268,-92.248146
2020-09-18T08:44:16.592662811,24.402994,-92.25071
2020-09-18T08:44:16.622419357,24.41488,-92.24675
2020-09-18T08:44:16.642637252,24.429335,-92.23907
2020-09-18T08:44:16.723892211,24.349997,-92.23104
2020-09-18T08:44:16.799423217,24.402138,-92.24866
2020-09-18T08:44:16.801712036,24.402893,-92.248634
2020-09-18T08:44:16.809341430,24.410942,-92.2464
2020-09-18T08:44:16.813537597,24.429403,-92.23814
2020-09-18T08:44:16.819259643,24.410555,-92.241516
2020-09-18T08:44:45.525293350,24.375162,-92.26031
2020-09-18T08:44:45.555048942,24.39691,-92.25952
2020-09-18T08:44:45.582896232,24.391005,-92.273964
2020-09-18T08:44:45.586710929,24.350887,-92.26713
2020-09-18T08:44:45.618755340,24.350847,-92.26702
2020-09-18T08:44:45.658428192,24.389263,-92.27363
2020-09-18T08:44:46.047915458,25.19346,-92.491615
2020-09-18T08:44:45.811400413,25.233475,-92.508125
2020-09-18T08:44:45.813307762,25.233482,-92.508125
2020-09-18T08:44:45.817122459,25.215124,-92.505806
2020-09-18T08:44:45.819411277,25.233505,-92.5081
2020-09-18T08:44:45.821318626,25.23352,-92.50812
2020-09-18T08:44:45.823225975,25.233536,-92.508125
2020-09-18T08:44:45.825133323,25.233551,-92.50813
2020-09-18T08:44:45.827422142,25.223608,-92.509094
2020-09-18T08:44:45.829329490,25.21954,-92.50889
2020-09-18T08:44:45.833144187,25.233557,-92.50817
2020-09-18T08:44:45.839247703,25.253809,-92.511856
2020-09-18T08:44:45.841155052,25.25417,-92.51191
2020-09-18T08:44:45.843062400,25.256153,-92.51226
2020-09-18T08:44:45.844969749,25.250423,-92.502205
2020-09-18T08:44:45.847258567,25.249107,-92.49435
2020-09-18T08:44:45.849165916,25.233555,-92.50817
2020-09-18T08:44:45.877014160,25.246159,-92.48999
2020-09-18T08:44:45.880828857,25.245752,-92.49737
2020-09-18T08:44:45.894943237,25.233566,-92.508095
2020-09-18T08:44:45.908676147,25.256546,-92.47923
2020-09-18T08:44:45.910583496,25.233662,-92.50815
2020-09-18T08:44:45.942627906,25.263494,-92.51347
2020-09-18T08:44:45.986116409,25.233702,-92.50814
2020-09-18T08:44:46.020067214,25.199366,-92.50193
2020-09-18T08:44:46.021974563,25.17805,-92.51071
2020-09-18T08:44:46.024263381,25.177246,-92.51129
2020-09-18T08:44:46.026170730,25.19324,-92.515396
2020-09-18T08:44:46.028078079,25.19976,-92.50202
2020-09-18T08:44:46.029985427,25.200312,-92.50211
2020-09-18T08:44:46.031892776,25.199978,-92.50205
2020-09-18T08:44:46.034181594,25.199606,-92.501976
2020-09-18T08:44:46.036088943,25.199003,-92.50186
2020-09-18T08:44:46.037996292,25.200348,-92.5021
2020-09-18T08:44:46.039903640,25.19876,-92.501816
2020-09-18T08:44:46.041810989,25.20016,-92.50208
2020-09-18T08:44:46.044099807,25.199503,-92.50198
2020-09-18T08:44:46.046008110,25.180498,-92.50556
2020-09-18T08:44:46.062029838,25.2075,-92.50261
2020-09-18T08:44:40.272755622,23.029861,-93.5382
2020-09-18T08:44:40.274662971,23.04592,-93.55373
2020-09-18T08:44:40.278859615,23.000338,-93.562126
2020-09-18T08:44:40.320440292,22.994034,-93.54062
2020-09-18T08:44:40.413901805,23.011068,-93.54302
2020-09-18T08:44:40.499352455,24.624134,-91.86207
2020-09-18T08:44:40.493248939,24.693283,-91.89318
2020-09-18T08:44:40.495537757,24.658844,-91.887375
2020-09-18T08:44:40.497445106,24.694805,-91.89347
2020-09-18T08:44:40.539025783,24.537586,-91.82952
2020-09-18T08:44:40.545129299,24.658808,-91.887405
2020-09-18T08:44:40.551232814,24.658812,-91.88741
2020-09-18T08:44:40.553140163,24.658792,-91.8874
2020-09-18T08:44:40.630579948,24.738695,-91.90087
2020-09-18T08:44:40.644312858,24.693773,-91.9043
2020-09-18T08:44:40.646601676,24.690975,-91.90445
2020-09-18T08:44:40.648509502,24.687658,-91.90135
2020-09-18T08:44:40.650416851,24.689083,-91.90099
2020-09-18T08:44:40.652324199,24.68651,-91.89944
2020-09-18T08:44:40.654613018,24.688078,-91.89916
2020-09-18T08:44:40.656520366,24.683752,-91.894455
2020-09-18T08:44:40.658427715,24.683979,-91.89399
2020-09-18T08:44:40.660335063,24.682863,-91.89586
2020-09-18T08:44:40.662242412,24.683899,-91.89553
2020-09-18T08:44:40.664531230,24.679712,-91.890884
2020-09-18T08:44:40.666438579,24.658806,-91.887344
2020-09-18T08:44:40.668345928,24.65879,-91.88734
2020-09-18T08:44:40.670253276,24.670607,-91.889336
2020-09-18T08:44:40.672160625,24.658802,-91.88735
2020-09-18T08:44:40.674449443,24.658812,-91.88737
2020-09-18T08:44:40.678264617,24.65883,-91.88738
2020-09-18T08:44:40.680171966,24.658825,-91.88739
2020-09-18T08:44:40.688182830,24.658781,-91.8874
2020-09-18T08:44:40.690090179,24.658783,-91.8874
2020-09-18T08:44:40.704204559,24.65881,-91.88737
2020-09-18T08:44:40.708019256,24.659594,-91.919586
2020-09-18T08:44:40.724041461,24.656698,-91.80079
2020-09-18T08:44:40.946823120,24.708464,-91.89579
2020-09-18T08:45:11.089878082,24.39521,-92.244316
2020-09-18T08:45:11.097888946,24.428864,-92.23418
2020-09-18T08:45:11.173421859,24.402952,-92.2465
2020-09-18T08:45:11.175329208,24.37455,-92.24292
2020-09-18T08:45:11.193258285,24.373856,-92.22023
2020-09-18T08:45:11.229116439,24.350449,-92.266335
2020-09-18T08:45:11.234838485,24.366875,-92.286545
2020-09-18T08:45:11.237127304,24.350428,-92.26637
2020-09-18T08:45:11.239034652,24.350424,-92.26638
2020-09-18T08:45:11.240942001,24.350418,-92.266365
2020-09-18T08:45:11.354240417,24.39133,-92.23823
2020-09-18T08:45:11.374076843,24.34943,-92.22514
2020-09-18T08:45:11.445795059,24.406961,-92.24473
2020-09-18T08:45:11.453805923,24.38151,-92.24371
2020-09-18T08:45:11.457620620,24.407602,-92.2435
2020-09-18T08:45:11.459527969,24.405813,-92.245125
2020-09-18T08:45:11.585033416,24.363155,-92.29304
2020-09-18T08:45:11.586940765,24.368624,-92.306206
2020-09-18T08:45:11.630809783,24.36637,-92.30382
2020-09-18T08:45:11.634624481,24.35262,-92.35315
2020-09-18T08:45:11.638439178,24.351923,-92.32523
2020-09-18T08:45:11.640727996,24.35205,-92.33094
2020-09-18T08:45:11.644542694,24.352573,-92.353165
2020-09-18T08:45:11.646451950,24.35256,-92.353165
2020-09-18T08:45:11.652555465,24.352571,-92.35318
2020-09-18T08:45:11.664381027,24.352592,-92.3532
2020-09-18T08:45:11.666288375,24.366,-92.303505
2020-09-18T08:45:11.668577194,24.323662,-92.34825
2020-09-18T08:45:11.670484542,24.328184,-92.35567
2020-09-18T08:45:11.672391891,24.33928,-92.34125
2020-09-18T08:45:11.674299240,24.345297,-92.33176
2020-09-18T08:45:11.676206588,24.358555,-92.31651
2020-09-18T08:45:11.678495407,24.340977,-92.31585
2020-09-18T08:45:11.680402755,24.35156,-92.31069
2020-09-18T08:45:24.580760002,25.31273,-92.46936
2020-09-18T08:45:24.652477264,25.31179,-92.43532
2020-09-18T08:45:24.723813056,25.284756,-92.46777
2020-09-18T08:45:24.825285911,25.278587,-92.466446
2020-09-18T08:45:24.827193260,25.311832,-92.435356
2020-09-18T08:45:25.018312454,25.268679,-92.47703
2020-09-18T08:45:33.964677810,24.383211,-92.27223
2020-09-18T08:45:33.968492507,24.368422,-92.2777
2020-09-18T08:45:33.974596023,24.368322,-92.27761
2020-09-18T08:45:33.976503372,24.351686,-92.26691
2020-09-18T08:45:33.988328933,24.370441,-92.27708
2020-09-18T08:45:33.990617752,24.371452,-92.28175
2020-09-18T08:45:33.994432449,24.351643,-92.2668
2020-09-18T08:45:33.996339797,24.35164,-92.26679
2020-09-18T08:45:33.998630523,24.37212,-92.282234
2020-09-18T08:45:34.121847152,24.35171,-92.26672
2020-09-18T08:45:34.127569198,24.360788,-92.27794
2020-09-18T08:45:34.171438217,24.371601,-92.28431
2020-09-18T08:45:34.276725769,24.370012,-92.27669
2020-09-18T08:45:34.278633117,24.375084,-92.27062
2020-09-18T08:45:34.294654846,24.351742,-92.26676
2020-09-18T08:45:34.296562194,24.356043,-92.28035
2020-09-18T08:45:34.298469543,24.364178,-92.28606
2020-09-18T08:45:34.300758361,24.351748,-92.26676
2020-09-18T08:45:34.302665710,24.356052,-92.29035
2020-09-18T08:45:34.304573059,24.352196,-92.284386
2020-09-18T08:45:34.306480407,24.369034,-92.28384
2020-09-18T08:45:34.308769226,24.351774,-92.26675
2020-09-18T08:45:34.310676574,24.351767,-92.26674
2020-09-18T08:45:34.401849746,24.381594,-92.271835
2020-09-18T08:45:34.404138565,24.351812,-92.26675
2020-09-18T08:45:34.429697036,24.351805,-92.26678
2020-09-18T08:45:41.795606613,25.031715,-92.97099
2020-09-18T08:45:41.813535690,25.08594,-92.96883
2020-09-18T08:45:41.815443038,25.085913,-92.96778
2020-09-18T08:45:41.817350387,25.085808,-92.96374
2020-09-18T08:45:41.821165084,25.08557,-92.95594
2020-09-18T08:45:41.827269077,25.084492,-92.91798
2020-09-18T08:45:41.831083774,25.085241,-92.94543
2020-09-18T08:45:41.866942405,25.084455,-92.917854
2020-09-18T08:45:41.869231224,25.084454,-92.91785
2020-09-18T08:45:41.871138572,25.092833,-92.92805
2020-09-18T08:45:41.873045921,25.084492,-92.917915
2020-09-18T08:45:41.910811901,25.006508,-92.99122
2020-09-18T08:45:41.912719249,25.00647,-92.991196
2020-09-18T08:45:41.920730590,24.98618,-92.98744
2020-09-18T08:45:41.934463500,25.006443,-92.99115
2020-09-18T08:45:41.948578357,24.991096,-92.97484
2020-09-18T08:45:41.954681873,25.006512,-92.99122
2020-09-18T08:45:41.960403919,24.926224,-92.97655
2020-09-18T08:45:42.067979812,25.035925,-92.9788
2020-09-18T08:45:42.069887161,25.05255,-93.06045
2020-09-18T08:45:42.071794986,25.037617,-93.08332
2020-09-18T08:45:42.073702335,25.023045,-93.06445
2020-09-18T08:45:42.075991153,25.016405,-93.058586
2020-09-18T08:45:42.077898502,25.01703,-93.05418
2020-09-18T08:45:42.079805850,25.03462,-93.03118
2020-09-18T08:45:42.081713199,25.03492,-93.060616
2020-09-18T08:45:42.083620548,25.05023,-93.003586
2020-09-18T08:45:42.085909366,25.053568,-92.99703
2020-09-18T08:45:42.087816715,25.028742,-92.98398
2020-09-18T08:45:42.089724063,25.046957,-93.04327
2020-09-18T08:45:42.091631412,25.08597,-92.97341
2020-09-18T08:45:42.093538761,25.085983,-92.97437
2020-09-18T08:45:42.095827579,25.085987,-92.97493
2020-09-18T08:45:42.097734928,25.085932,-92.973335
2020-09-18T08:45:42.099642276,25.06629,-92.96782
2020-09-18T08:45:42.101550102,25.085936,-92.97246
2020-09-18T08:45:42.103457450,25.072214,-92.97458
2020-09-18T08:45:42.105746269,25.071981,-92.97541
2020-09-18T08:45:42.107653617,25.07263,-92.97589
2020-09-18T08:45:42.109560966,25.072958,-92.97474
2020-09-18T08:45:42.111468315,25.07089,-92.97417
2020-09-18T08:45:42.113757133,25.067814,-92.97616
2020-09-18T08:45:42.115664482,25.062746,-92.97985
2020-09-18T08:45:42.123675346,25.085945,-92.972336
2020-09-18T08:45:42.125582695,25.085876,-92.96938
2020-09-18T08:45:42.127490043,25.08685,-93.005905
2020-09-18T08:45:42.139316082,25.008871,-93.07903
2020-09-18T08:45:42.141223430,25.008848,-93.07905
2020-09-18T08:45:42.143512248,24.981241,-93.044815
2020-09-18T08:45:42.145419597,25.007948,-93.04676
2020-09-18T08:45:42.147326946,24.987165,-93.02192
2020-09-18T08:45:42.149234294,25.00796,-93.048515
2020-09-18T08:45:42.153430461,25.008785,-93.079094
2020-09-18T08:45:42.163349151,25.085642,-92.96053
2020-09-18T08:45:42.165256500,25.085735,-92.964226
2020-09-18T08:45:42.167163848,25.065895,-92.99694
2020-09-18T08:45:42.169071197,25.086832,-93.00594
2020-09-18T08:45:52.402154922,23.044289,-93.509926
2020-09-18T08:45:52.410165786,23.045362,-93.553635
2020-09-18T08:45:52.418176651,23.045328,-93.55222
2020-09-18T08:45:52.449838638,23.04542,-93.55673
2020-09-18T08:45:52.451745986,23.04537,-93.55411
2020-09-18T08:45:52.465860366,23.026817,-93.57144
2020-09-18T08:45:58.318458557,24.408419,-92.26226
2020-09-18T08:45:58.326469421,24.40725,-92.276886
2020-09-18T08:45:58.336389541,24.405249,-92.27656
2020-09-18T08:45:58.346307754,24.431265,-92.281105
2020-09-18T08:45:58.434045791,24.431314,-92.2811
2020-09-18T08:45:58.435953140,24.401945,-92.26692
2020-09-18T08:45:58.437860488,24.409487,-92.2567
2020-09-18T08:45:58.445871353,24.431297,-92.28109
2020-09-18T08:45:58.475627899,24.431334,-92.28105
2020-09-18T08:45:58.580915451,24.398329,-92.25944
2020-09-18T08:45:58.582822799,24.400667,-92.262794
2020-09-18T08:46:00.040055751,25.633415,-92.40596
2020-09-18T08:46:00.123599052,25.632751,-92.374886
2020-09-18T08:46:00.125506401,25.633564,-92.40589
2020-09-18T08:46:00.139239311,25.637432,-92.38193
2020-09-18T08:46:16.757843017,25.390852,-92.36296
2020-09-18T08:46:16.763565063,25.390827,-92.36302
2020-09-18T08:46:16.765853881,25.390816,-92.363045
2020-09-18T08:46:16.777679443,25.390814,-92.36298
2020-09-18T08:46:16.779586791,25.390812,-92.36297
2020-09-18T08:46:16.785690307,25.390795,-92.36296
2020-09-18T08:46:16.789505004,25.390785,-92.36295
2020-09-18T08:46:16.791412353,25.390787,-92.36296
2020-09-18T08:46:16.793701171,25.390787,-92.36297
2020-09-18T08:46:16.809341430,25.381184,-92.33553
2020-09-18T08:46:16.811630249,25.390785,-92.363014
2020-09-18T08:46:16.821548461,25.38993,-92.329185
2020-09-18T08:46:16.853212356,25.390862,-92.36297
2020-09-18T08:46:16.859315872,25.390863,-92.36294
2020-09-18T08:46:16.861223220,25.390858,-92.36292
2020-09-18T08:46:16.866945266,25.390837,-92.36289
2020-09-18T08:46:16.869234085,25.37268,-92.317955
2020-09-18T08:46:16.871141433,25.378695,-92.335686
2020-09-18T08:46:16.874956130,25.389713,-92.31761
2020-09-18T08:46:16.882966995,25.39087,-92.363014
2020-09-18T08:46:16.887163162,25.391554,-92.39081
2020-09-18T08:46:16.892885208,25.391518,-92.3893
2020-09-18T08:46:16.894792556,25.390844,-92.362946
2020-09-18T08:46:16.900896072,25.414637,-92.39065
2020-09-18T08:46:16.902803421,25.390892,-92.36299
2020-09-18T08:46:16.908906936,25.390934,-92.36303
2020-09-18T08:46:16.966508865,25.393097,-92.45059
2020-09-18T08:46:16.992450714,25.393078,-92.45063
2020-09-18T08:46:16.996265411,25.392391,-92.42424
2020-09-18T08:46:16.998172760,25.413767,-92.441925
2020-09-18T08:46:17.000461578,25.41474,-92.44015
2020-09-18T08:46:17.002368927,25.41508,-92.44034
2020-09-18T08:46:17.004276275,25.4172,-92.432365
2020-09-18T08:46:17.006183624,25.414682,-92.442924
2020-09-18T08:46:17.008090972,25.403257,-92.45971
2020-09-18T08:46:17.010379791,25.414652,-92.44793
2020-09-18T08:46:17.012287139,25.394415,-92.50205
2020-09-18T08:46:17.014194488,25.395386,-92.538414
2020-09-18T08:46:17.016101837,25.395409,-92.53838
2020-09-18T08:46:17.018009185,25.395432,-92.53836
2020-09-18T08:46:17.071796417,25.39632,-92.57605
2020-09-18T08:46:17.073703765,25.396349,-92.5773
2020-09-18T08:46:17.075992584,25.396357,-92.57785
2020-09-18T08:46:17.077899932,25.369255,-92.62111
2020-09-18T08:46:17.079807281,25.36805,-92.62088
2020-09-18T08:46:17.081714630,25.381067,-92.59316
2020-09-18T08:46:17.083621978,25.39727,-92.51594
2020-09-18T08:46:17.085910797,25.384813,-92.540886
2020-09-18T08:46:17.087818145,25.388319,-92.513695
2020-09-18T08:46:17.089725494,25.384083,-92.56327
2020-09-18T08:46:17.091632843,25.389854,-92.52361
2020-09-18T08:46:17.093542098,25.391724,-92.56171
2020-09-18T08:46:17.095830917,25.398037,-92.5581
2020-09-18T08:46:17.097738265,25.388794,-92.58995
2020-09-18T08:46:17.099645614,25.39516,-92.573845
2020-09-18T08:46:17.101552963,25.394972,-92.55957
2020-09-18T08:46:17.103841781,25.403553,-92.537186
2020-09-18T08:46:17.105749130,25.405994,-92.63729
2020-09-18T08:46:17.107656478,25.409506,-92.63828
2020-09-18T08:46:17.109563827,25.406982,-92.62732
2020-09-18T08:46:17.111471176,25.407728,-92.6221
2020-09-18T08:46:17.113759994,25.409288,-92.640045
2020-09-18T08:46:17.115667343,25.414368,-92.628624
2020-09-18T08:46:17.117574691,25.405457,-92.63133
2020-09-18T08:46:17.119482040,25.399431,-92.6017
2020-09-18T08:46:17.121389389,25.399117,-92.58919
2020-09-18T08:46:17.123678207,25.40803,-92.56335
2020-09-18T08:46:17.125585556,25.396645,-92.53614
2020-09-18T08:46:17.127492904,25.40044,-92.54329
2020-09-18T08:46:17.129400253,25.4057,-92.56939
2020-09-18T08:46:17.131307601,25.417439,-92.65095
2020-09-18T08:46:17.133596420,25.416618,-92.64861
2020-09-18T08:46:17.135503768,25.408688,-92.64028
2020-09-18T08:46:17.139318466,25.421547,-92.63926
2020-09-18T08:46:17.141607284,25.417072,-92.65089
2020-09-18T08:46:17.143514633,25.411533,-92.61416
2020-09-18T08:46:17.145421981,25.413643,-92.647026
2020-09-18T08:46:17.149236679,25.397688,-92.626175
2020-09-18T08:46:17.151525497,25.397684,-92.62617
2020-09-18T08:46:17.195013046,25.402151,-92.8021
2020-09-18T08:46:17.196920394,25.417206,-92.810234
2020-09-18T08:46:17.199209213,25.405462,-92.75771
2020-09-18T08:46:17.201116561,25.399015,-92.647415
2020-09-18T08:46:17.203023910,25.395498,-92.56591
2020-09-18T08:46:17.204931259,25.394594,-92.470505
2020-09-18T08:46:17.207220077,25.39806,-92.45684
2020-09-18T08:46:17.209127426,25.408096,-92.44366
2020-09-18T08:46:17.211034774,25.41734,-92.427284
2020-09-18T08:46:17.212942123,25.40999,-92.42027
2020-09-18T08:46:17.214849472,25.415724,-92.422
2020-09-18T08:46:17.217140197,25.409506,-92.41742
2020-09-18T08:46:17.219047546,25.417692,-92.41413
2020-09-18T08:46:17.220954895,25.417274,-92.41311
2020-09-18T08:46:17.222862243,25.416208,-92.40933
2020-09-18T08:46:17.225151062,25.391804,-92.40714
2020-09-18T08:46:17.227058410,25.391857,-92.40972
2020-09-18T08:46:17.228965759,25.404943,-92.40676
2020-09-18T08:46:17.230873107,25.391804,-92.40747
2020-09-18T08:46:17.232780456,25.391829,-92.40784
2020-09-18T08:46:17.235069274,25.391754,-92.404305
2020-09-18T08:46:17.236976623,25.392967,-92.45063
2020-09-18T08:46:17.236976623,25.3907,-92.36292
2020-09-18T08:46:17.475399017,25.23168,-92.49146
2020-09-18T08:46:17.477306365,25.255507,-92.44249
2020-09-18T08:46:17.499431610,25.234089,-92.50942
2020-09-18T08:46:17.521175384,25.239546,-92.49062
2020-09-18T08:46:18.205160140,24.428654,-92.194664
2020-09-18T08:46:18.207450866,24.397776,-92.222115
2020-09-18T08:46:18.270774841,24.428642,-92.19469
2020-09-18T08:46:18.273063659,24.384922,-92.218124
2020-09-18T08:46:18.312736511,24.349037,-92.18116
2020-09-18T08:46:18.324562072,24.394588,-92.226875
2020-09-18T08:46:18.338296890,24.391296,-92.22986
2020-09-18T08:46:26.704052925,26.417635,-91.7157
2020-09-18T08:46:26.705960273,26.484453,-91.6832
2020-09-18T08:46:54.634931564,24.386229,-92.20887
2020-09-18T08:46:54.672697067,24.398596,-92.216324
2020-09-18T08:46:54.706266403,24.429087,-92.193436
2020-09-18T08:46:54.841690063,24.396267,-92.22144
2020-09-18T08:46:54.845504760,24.400469,-92.21848
2020-09-18T08:46:54.847412109,24.386461,-92.215324
2020-09-18T08:46:54.895097732,24.412165,-92.20974
2020-09-18T08:46:54.905015945,24.399002,-92.22209
2020-09-18T08:46:54.937059402,24.398552,-92.2215
2020-09-18T08:46:54.946977615,24.401798,-92.21857
2020-09-18T08:46:54.986650466,24.399837,-92.22093
2020-09-18T08:46:55.012592315,24.397781,-92.22322
2020-09-18T08:46:55.056079864,24.429113,-92.193634
2020-09-18T08:46:55.106052398,24.393711,-92.22672
2020-09-18T08:46:55.145727157,24.398222,-92.2206
2020-09-18T08:46:55.147634506,24.349653,-92.18025
2020-09-18T08:46:55.167470932,24.390854,-92.218056
2020-09-18T08:46:55.169378280,24.38894,-92.18689
2020-09-18T08:46:55.171667098,24.382006,-92.20826
2020-09-18T08:46:55.213247299,24.38763,-92.2183
2020-09-18T08:46:55.259025573,24.381662,-92.21332
2020-09-18T08:46:55.296791076,24.376894,-92.21972
2020-09-18T08:46:56.843292236,23.367363,-93.86028
2020-09-18T08:46:56.849397659,23.367807,-93.87676
2020-09-18T08:46:43.032350540,24.404095,-92.27645
2020-09-18T08:46:43.040361404,24.430655,-92.281
2020-09-18T08:46:43.048372268,24.384039,-92.28067
2020-09-18T08:46:43.050279617,24.351156,-92.26737
2020-09-18T08:46:43.072023391,24.387568,-92.27835
2020-09-18T08:46:43.091860771,24.400509,-92.27582
2020-09-18T08:46:43.113986015,24.351048,-92.26736
2020-09-18T08:46:43.115893363,24.397675,-92.275314
2020-09-18T08:46:43.147556304,24.386692,-92.27191
2020-09-18T08:46:43.179599761,24.404713,-92.2765
2020-09-18T08:46:43.209355354,24.396246,-92.274994
2020-09-18T08:47:23.426033020,24.43088,-92.2542
2020-09-18T08:47:23.434043884,24.431532,-92.28123
2020-09-18T08:47:32.354087829,26.298677,-91.54243
2020-09-18T08:47:32.435724258,26.252237,-91.43269
2020-09-18T08:47:32.437631607,26.258654,-91.43657
2020-09-18T08:47:32.439920425,26.263453,-91.44953
2020-09-18T08:47:32.441827774,26.257877,-91.45334
2020-09-18T08:47:32.443735122,26.267246,-91.44474
2020-09-18T08:47:32.445642471,26.26698,-91.451744
2020-09-18T08:47:32.447549819,26.267544,-91.442665
2020-09-18T08:47:32.449838638,26.267374,-91.441765
2020-09-18T08:47:32.451745986,26.267641,-91.44738
2020-09-18T08:47:32.453653335,26.263811,-91.446915
2020-09-18T08:47:32.455560684,26.25868,-91.44671
2020-09-18T08:47:32.457468032,26.270576,-91.45904
2020-09-18T08:47:32.459756851,26.271343,-91.46873
2020-09-18T08:47:32.461664199,26.26591,-91.464836
2020-09-18T08:47:32.463571548,26.2558,-91.46899
2020-09-18T08:47:32.465478897,26.256458,-91.46362
2020-09-18T08:47:32.467386245,26.284534,-91.47307
2020-09-18T08:47:32.481500625,26.329672,-91.43318
2020-09-18T08:47:32.483407974,26.286783,-91.40902
2020-09-18T08:47:32.485315322,26.277498,-91.42308
2020-09-18T08:47:32.487604141,26.276072,-91.4251
2020-09-18T08:47:32.489511489,26.282663,-91.42939
2020-09-18T08:47:32.491418838,26.283257,-91.43368
2020-09-18T08:47:32.493326187,26.276218,-91.43391
2020-09-18T08:47:32.495233535,26.274328,-91.43045
2020-09-18T08:47:32.497522354,26.28255,-91.44664
2020-09-18T08:47:32.590984344,26.249582,-91.42935
2020-09-18T08:47:45.869384765,24.43016,-92.28057
2020-09-18T08:47:45.933091163,24.383362,-92.28117
2020-09-18T08:47:45.960938453,24.43005,-92.28056
2020-09-18T08:47:46.074236869,24.40608,-92.27643
2020-09-18T08:47:46.082247734,24.430052,-92.280556
2020-09-18T08:47:46.086062431,24.393328,-92.28473
2020-09-18T08:47:46.087969779,24.400566,-92.275566
2020-09-18T08:47:46.090258598,24.400394,-92.27554
2020-09-18T08:47:46.100176811,24.388985,-92.2736
2020-09-18T08:47:46.153583526,24.395622,-92.2747
2020-09-18T08:47:46.155872344,24.39478,-92.27454
2020-09-18T08:47:52.497522354,24.384129,-92.208435
2020-09-18T08:47:52.553218841,24.394356,-92.20497
2020-09-18T08:47:52.565425872,24.428629,-92.19456
2020-09-18T08:47:52.585262298,24.428516,-92.19454
2020-09-18T08:47:52.600902557,24.428566,-92.19462
2020-09-18T08:47:52.750059127,24.4286,-92.19447
2020-09-18T08:47:52.777908325,24.428595,-92.194405
2020-09-18T08:47:52.797744750,24.385172,-92.21265
2020-09-18T08:47:52.835510253,24.384987,-92.2132
2020-09-18T08:47:52.861450195,24.387043,-92.211395
2020-09-18T08:47:52.877471923,24.386782,-92.2123
2020-09-18T08:47:52.933168411,24.384745,-92.21188
2020-09-18T08:47:52.962923049,24.394447,-92.18854
2020-09-18T08:47:52.964830398,24.385689,-92.20694
2020-09-18T08:47:52.966737747,24.39123,-92.21851
2020-09-18T08:47:53.022434234,24.391233,-92.22079
2020-09-18T08:47:53.040363311,24.428747,-92.194374
2020-09-18T08:47:53.102161407,24.349127,-92.18085
2020-09-18T08:47:53.233388900,24.389532,-92.227585
2020-09-18T08:48:17.058444976,24.353863,-92.29149
2020-09-18T08:48:17.064167022,24.351063,-92.295784
2020-09-18T08:48:17.066074371,24.364445,-92.28992
2020-09-18T08:48:17.070270538,24.36501,-92.28912
2020-09-18T08:48:17.074085235,24.3509,-92.28979
2020-09-18T08:48:17.084003448,24.360888,-92.291275
2020-09-18T08:48:17.086292266,24.37115,-92.27145
2020-09-18T08:48:17.098119735,24.361126,-92.28851
2020-09-18T08:48:17.117956161,24.350838,-92.29102
2020-09-18T08:48:17.124059677,24.350267,-92.267845
2020-09-18T08:48:17.131689071,24.351904,-92.29835
2020-09-18T08:48:17.139699935,24.350239,-92.26786
2020-09-18T08:48:17.143896102,24.365328,-92.2901
2020-09-18T08:48:17.157629013,24.361086,-92.29189
2020-09-18T08:48:17.159536361,24.350323,-92.26788
2020-09-18T08:48:17.195394515,24.353365,-92.29729
2020-09-18T08:48:17.203405380,24.332527,-92.30898
2020-09-18T08:48:17.205312728,24.342958,-92.29582
2020-09-18T08:48:17.209508895,24.350773,-92.29264
2020-09-18T08:48:17.213323593,24.338139,-92.295135
2020-09-18T08:48:17.215230941,24.334984,-92.30303
2020-09-18T08:48:17.219429016,24.348938,-92.29265
2020-09-18T08:48:17.296867370,24.36457,-92.292496
2020-09-18T08:48:17.334632873,24.35013,-92.26777
2020-09-18T08:48:17.404062271,24.350708,-92.28986
2020-09-18T08:48:17.406351089,24.334473,-92.29852
2020-09-18T08:48:17.444116592,24.350168,-92.26772
2020-09-18T08:48:17.483791351,24.339214,-92.30061
2020-09-18T08:48:17.501720428,24.33041,-92.29906
2020-09-18T08:48:17.519649505,24.311213,-92.29874
2020-09-18T08:48:17.539485931,24.334896,-92.29769
2020-09-18T08:48:17.549404144,24.347773,-92.295006
2020-09-18T08:48:17.551311492,24.369936,-92.28951
2020-09-18T08:48:17.553218841,24.36639,-92.28902
2020-09-18T08:48:17.555507659,24.366034,-92.28843
2020-09-18T08:48:17.557415008,24.360943,-92.29252
2020-09-18T08:48:17.559322357,24.358807,-92.291306
2020-09-18T08:48:17.561229705,24.353905,-92.2924
2020-09-18T08:48:17.563137054,24.31963,-92.2925
2020-09-18T08:48:17.565425872,24.350151,-92.2677
2020-09-18T08:48:17.567333221,24.350136,-92.2677
2020-09-18T08:48:17.569240570,24.350122,-92.2677
2020-09-18T08:48:17.573055267,24.350115,-92.26768
2020-09-18T08:48:17.579158782,24.350105,-92.267654
2020-09-18T08:48:17.581066131,24.350111,-92.267654
2020-09-18T08:48:17.587171554,24.35039,-92.2783
2020-09-18T08:48:17.590986251,24.35013,-92.26769
2020-09-18T08:48:17.593275070,24.350128,-92.26772
2020-09-18T08:48:17.598997116,24.350122,-92.267784
2020-09-18T08:48:17.640958786,24.350105,-92.267654
2020-09-18T08:48:17.642866134,24.349474,-92.24235
2020-09-18T08:48:17.644773483,24.362278,-92.26999
2020-09-18T08:48:17.764175415,24.380037,-92.27276
2020-09-18T08:48:17.766082763,24.367542,-92.29042
2020-09-18T08:48:21.036469936,23.02823,-93.5283
2020-09-18T08:48:20.644694328,23.05748,-93.58096
2020-09-18T08:48:20.778211116,23.043795,-93.50948
2020-09-18T08:48:20.883498191,22.965456,-93.49594
2020-09-18T08:48:21.263066291,22.965635,-93.496086
2020-09-18T08:48:21.264973640,23.032705,-93.50984
2020-09-18T08:48:36.935228347,24.430515,-92.28112
2020-09-18T08:48:36.956972122,24.430569,-92.28115
2020-09-18T08:48:36.994739532,24.429863,-92.2514
2020-09-18T08:48:37.020679473,24.430496,-92.281166
2020-09-18T08:48:37.022586822,24.44035,-92.24443
2020-09-18T08:48:37.024494171,24.429695,-92.24742
2020-09-18T08:48:37.108037948,24.429888,-92.25153
2020-09-18T08:48:37.109945297,24.443144,-92.24386
2020-09-18T08:48:50.587093353,24.43093,-92.281876
2020-09-18T08:48:50.619136810,24.430922,-92.28186
2020-09-18T08:48:50.630963325,24.430805,-92.28181
2020-09-18T08:48:50.670636177,24.430807,-92.28179
2020-09-18T08:48:50.730146408,24.430836,-92.28182
2020-09-18T08:48:50.736249923,24.430851,-92.28179
2020-09-18T08:48:50.778212547,24.406902,-92.27769
2020-09-18T08:48:50.857559204,24.407602,-92.27774
2020-09-18T08:48:50.895325660,24.430859,-92.28165
2020-09-18T08:49:06.791792869,25.00633,-92.992615
2020-09-18T08:49:06.849394798,24.972446,-92.95389
2020-09-18T08:49:07.062258720,25.050943,-93.00082
2020-09-18T08:49:07.100025177,25.086727,-93.007385
2020-09-18T08:49:19.211494445,24.415176,-92.27761
2020-09-18T08:49:19.217597961,24.431444,-92.28044
2020-09-18T08:49:19.247352600,24.431469,-92.28044
2020-09-18T08:49:19.249259948,24.43146,-92.280464
2020-09-18T08:49:19.265281677,24.43147,-92.28039
2020-09-18T08:49:19.306861877,24.431507,-92.28046
2020-09-18T08:49:19.314872741,24.431505,-92.28046
2020-09-18T08:49:19.316780090,24.420036,-92.29128
2020-09-18T08:49:19.348825454,24.431494,-92.28048
2020-09-18T08:49:19.354547500,24.415537,-92.2778
2020-09-18T08:49:19.398416519,24.412567,-92.29281
2020-09-18T08:49:19.408334732,24.413221,-92.27732
2020-09-18T08:49:19.475856781,24.40126,-92.277306
2020-09-18T08:49:19.501796722,24.431477,-92.28064
2020-09-18T08:49:19.539562225,24.431469,-92.28055
2020-09-18T08:49:26.820021629,23.083961,-93.566124
2020-09-18T08:49:26.841765403,23.046827,-93.56182
2020-09-18T08:49:26.877624511,23.04651,-93.55599
2020-09-18T08:49:26.913483619,23.046465,-93.55538
2020-09-18T08:49:32.189672470,24.42997,-92.28021
2020-09-18T08:49:32.191579818,24.429914,-92.2478
2020-09-18T08:49:32.267112731,24.429237,-92.24735
2020-09-18T08:49:32.281227111,24.439655,-92.25129
2020-09-18T08:49:32.283134460,24.429327,-92.25413
2020-09-18T08:49:32.285041809,24.429983,-92.28027
2020-09-18T08:49:32.346839904,24.419708,-92.253876
2020-09-18T08:49:32.348747253,24.429274,-92.24845
2020-09-18T08:49:32.376594543,24.43003,-92.28028
2020-09-18T08:49:32.447931289,24.429962,-92.28023
2020-09-18T08:49:52.422754287,22.907492,-90.93032
2020-09-18T08:49:52.424661636,22.901295,-90.923454
2020-09-18T08:49:52.510110855,22.907278,-90.91609
2020-09-18T08:49:44.350729942,24.430487,-92.280205
2020-09-18T08:49:44.376670837,24.430475,-92.280266
2020-09-18T08:49:44.424354553,24.413094,-92.27729
2020-09-18T08:49:44.481957435,24.430592,-92.28025
2020-09-18T08:49:44.509805679,24.430584,-92.2803
2020-09-18T08:50:07.742429733,23.100746,-93.58305
2020-09-18T08:50:07.786299705,23.081327,-93.54529
2020-09-18T08:50:07.817961692,23.049662,-93.59824
2020-09-18T08:50:17.803848266,24.386137,-92.2736
2020-09-18T08:50:17.875566482,24.350302,-92.2676
2020-09-18T08:50:17.901506423,24.35022,-92.26754
2020-09-18T08:50:17.903413772,24.350237,-92.26754
2020-09-18T08:50:17.909517288,24.350283,-92.26755
2020-09-18T08:50:17.949190139,24.429914,-92.28108
2020-09-18T08:50:18.094152450,24.377443,-92.27913
2020-09-18T08:50:18.096059799,24.377466,-92.28218
2020-09-18T08:50:18.113988876,24.395067,-92.2752
2020-09-18T08:50:18.126195907,24.368658,-92.29303
2020-09-18T08:50:18.136114120,24.350212,-92.26755
2020-09-18T08:50:18.167776107,24.364952,-92.29498
2020-09-18T08:50:18.169683456,24.373554,-92.31643
2020-09-18T08:50:18.171972274,24.429813,-92.28103
2020-09-18T08:50:18.173879623,24.391407,-92.274475
2020-09-18T08:50:18.183797836,24.380981,-92.27277
2020-09-18T08:50:18.199438095,24.385406,-92.27358
2020-09-18T08:50:18.221565246,24.366732,-92.30696
2020-09-18T08:50:18.223472595,24.429785,-92.281075
2020-09-18T08:50:18.241401672,24.350887,-92.299286
2020-09-18T08:50:18.299003601,24.453674,-92.25034
2020-09-18T08:50:18.300910949,24.42974,-92.28111
2020-09-18T08:50:18.307014465,24.45814,-92.25503
2020-09-18T08:50:18.308921813,24.456255,-92.25406
2020-09-18T08:50:18.310829162,24.457607,-92.25382
2020-09-18T08:50:18.315025329,24.45365,-92.24659
2020-09-18T08:50:18.316932678,24.4569,-92.24688
2020-09-18T08:50:18.318840026,24.416393,-92.26049
2020-09-18T08:50:18.320747375,24.446178,-92.255135
2020-09-18T08:50:18.323036193,24.468058,-92.24198
2020-09-18T08:50:18.324943542,24.462189,-92.24931
2020-09-18T08:50:18.326850891,24.450699,-92.26135
2020-09-18T08:50:18.328758239,24.412199,-92.267525
2020-09-18T08:50:18.330667495,24.407528,-92.2674
2020-09-18T08:50:18.332956314,24.429714,-92.281136
2020-09-18T08:50:18.338678359,24.428993,-92.25272
2020-09-18T08:50:18.416498184,24.350027,-92.26752
2020-09-18T08:50:18.418405532,24.395073,-92.27521
2020-09-18T08:50:25.370414733,26.416185,-91.69177
2020-09-18T08:50:25.431832313,26.4455,-91.677216
2020-09-18T08:50:25.436028480,26.408028,-91.670456
2020-09-18T08:50:25.437935829,26.408033,-91.67043
2020-09-18T08:50:25.459679603,26.4081,-91.670494
2020-09-18T08:50:25.461968421,26.408092,-91.67049
2020-09-18T08:50:25.463875770,26.408085,-91.67049
2020-09-18T08:50:25.465783119,26.408077,-91.67049
2020-09-18T08:50:25.503549575,26.394703,-91.70915
2020-09-18T08:50:25.505456924,26.397375,-91.70692
2020-09-18T08:50:25.507364273,26.408594,-91.70905
2020-09-18T08:50:25.509653091,26.41018,-91.69897
2020-09-18T08:50:25.511560440,26.408873,-91.705
2020-09-18T08:50:25.513467788,26.408934,-91.70731
2020-09-18T08:50:25.515375137,26.407984,-91.67038
2020-09-18T08:50:25.529489517,26.43369,-91.71632
2020-09-18T08:50:25.531396865,26.417332,-91.71026
2020-09-18T08:50:25.533304214,26.43756,-91.714195
2020-09-18T08:50:25.535211563,26.483969,-91.68399
2020-09-18T08:50:25.801863670,26.40729,-91.63861
2020-09-18T08:50:25.807585716,26.408077,-91.670296
2020-09-18T08:50:25.811781883,26.420816,-91.66745
2020-09-18T08:50:25.813689231,26.411295,-91.673676
2020-09-18T08:50:25.815596580,26.410152,-91.66899
2020-09-18T08:50:26.026552200,26.419258,-91.673706
2020-09-18T08:50:26.028459548,26.426033,-91.67401
2020-09-18T08:50:37.237358093,24.431337,-92.280876
2020-09-18T08:50:37.245368957,24.431396,-92.28087
2020-09-18T08:50:37.247276306,24.431423,-92.28086
2020-09-18T08:50:37.253379821,24.431404,-92.280876
2020-09-18T08:50:53.770126342,24.412533,-92.27851
2020-09-18T08:50:53.807891845,24.40924,-92.27782
2020-09-18T08:50:53.857864379,24.408892,-92.27788
2020-09-18T08:50:53.861679077,24.431242,-92.281654
2020-09-18T08:50:53.889528274,24.409216,-92.277794
2020-09-18T08:50:53.893342971,24.431246,-92.28154
2020-09-18T08:50:53.901353836,24.431255,-92.28153
2020-09-18T08:50:53.999011993,24.398855,-92.28388
2020-09-18T08:50:54.008930206,24.431229,-92.28147
2020-09-18T08:50:54.010837554,24.397434,-92.27626
2020-09-18T08:50:54.012744903,24.431263,-92.28148
2020-09-18T08:50:54.098194122,24.403635,-92.27971
2020-09-18T08:51:01.664760112,23.104301,-93.57906
2020-09-18T08:51:01.692607879,23.098747,-93.58255
2020-09-18T08:51:01.774243831,23.063713,-93.55364
2020-09-18T08:51:01.887542247,23.066679,-93.54892
2020-09-18T08:51:01.964981555,23.083342,-93.534744
2020-09-18T08:51:01.967270374,23.06333,-93.53882
2020-09-18T08:51:02.028687953,23.092424,-93.522484
2020-09-18T08:51:02.030595302,23.12476,-93.56306
2020-09-18T08:51:10.140004158,24.429174,-92.28153
2020-09-18T08:51:10.243383407,24.428516,-92.2561
2020-09-18T08:51:10.305182456,24.408339,-92.25251
2020-09-18T08:51:10.307089805,24.40811,-92.25174
2020-09-18T08:51:10.338752746,24.429134,-92.28146
2020-09-18T08:51:10.341041564,24.410378,-92.251976
2020-09-18T08:51:10.358589172,24.428398,-92.25257
2020-09-18T08:51:10.402459144,24.429142,-92.28133
2020-09-18T08:51:10.432213783,24.42844,-92.25421
2020-09-18T08:51:19.203861237,24.350504,-92.26732
2020-09-18T08:51:19.291219235,24.412504,-92.277916
2020-09-18T08:51:19.293126584,24.393415,-92.274666
2020-09-18T08:51:19.322881699,24.395721,-92.275055
2020-09-18T08:51:19.336996079,24.393105,-92.27466
2020-09-18T08:51:19.350729466,24.392096,-92.27447
2020-09-18T08:51:19.390402794,24.43022,-92.28102
2020-09-18T08:51:19.476234913,24.392338,-92.2745
2020-09-18T08:51:19.531548501,24.39604,-92.27509
2020-09-18T08:51:19.579614640,24.398092,-92.27551
2020-09-18T08:51:19.597162724,24.394985,-92.274925
2020-09-18T08:51:19.669261456,22.902393,-90.927605
2020-09-18T08:51:19.671168805,22.906742,-90.92067
2020-09-18T08:51:19.673076153,22.907204,-90.92985
2020-09-18T08:51:19.675364972,22.907192,-90.92985
2020-09-18T08:51:19.752804757,22.906897,-90.91394
2020-09-18T08:51:19.754712105,22.90724,-90.92985
2020-09-18T08:51:19.756619454,22.907248,-90.92983
2020-09-18T08:51:19.774548531,22.90719,-90.92985
2020-09-18T08:51:19.776837349,22.907196,-90.92986
2020-09-18T08:51:19.778744698,22.907204,-90.92987
2020-09-18T08:51:19.780652524,22.907188,-90.92987
2020-09-18T08:51:19.782559872,22.907166,-90.929855
2020-09-18T08:51:19.794385434,22.919409,-90.91562
2020-09-18T08:51:19.796674252,22.907158,-90.92986
2020-09-18T08:51:19.895857811,22.914694,-90.90997
2020-09-18T08:51:19.981308461,22.914341,-90.896736
2020-09-18T08:51:50.152211189,24.431002,-92.28206
2020-09-18T08:51:50.156025886,24.447172,-92.28482
2020-09-18T08:51:50.162129402,24.431063,-92.28204
2020-09-18T08:51:50.164036750,24.431059,-92.282036
2020-09-18T08:51:50.213628768,24.431034,-92.28197
2020-09-18T08:51:50.223546981,24.431042,-92.281975
2020-09-18T08:51:50.237661361,24.431093,-92.28203
2020-09-18T08:51:50.406655311,24.447939,-92.2986
2020-09-18T08:51:50.469980239,24.431152,-92.2821
2020-09-18T08:51:50.472269058,24.436804,-92.32117
2020-09-18T08:51:50.500116348,24.443823,-92.30961
2020-09-18T08:51:50.502024650,24.432331,-92.33277
2020-09-18T08:51:50.519953727,24.431044,-92.28195
2020-09-18T08:51:50.539790153,24.431664,-92.30614
2020-09-18T08:51:50.549708366,24.432114,-92.328835
2020-09-18T08:51:50.551615715,24.430946,-92.2819
2020-09-18T08:51:50.559626579,24.432377,-92.34043
2020-09-18T08:51:50.575649261,24.436054,-92.31794
2020-09-18T08:51:50.651181221,24.40013,-92.307365
2020-09-18T08:51:50.653088569,24.398724,-92.31079
2020-09-18T08:51:50.654995918,24.396812,-92.30709
2020-09-18T08:51:50.656903266,24.379942,-92.30998
2020-09-18T08:51:50.658810615,24.372702,-92.30569
2020-09-18T08:51:50.666821479,24.379766,-92.311966
2020-09-18T08:51:50.792326927,24.379835,-92.306206
2020-09-18T08:51:50.863662719,24.351412,-92.26832
2020-09-18T08:51:53.269248962,23.105341,-93.582565
2020-09-18T08:51:53.319221496,23.096512,-93.556595
2020-09-18T08:51:53.347068786,23.124325,-93.52477
2020-09-18T08:52:07.056536674,24.430609,-92.2815
2020-09-18T08:52:07.094302177,24.394432,-92.275375
2020-09-18T08:52:07.136264801,24.394184,-92.2753
2020-09-18T08:52:07.144275665,24.394308,-92.27527
2020-09-18T08:52:07.265203475,24.399534,-92.276146
2020-09-18T08:52:07.309073448,24.39797,-92.27597
2020-09-18T08:52:07.338828086,24.430632,-92.28148
2020-09-18T08:52:30.684750556,25.310907,-92.43488
2020-09-18T08:52:30.686657905,25.336472,-92.43949
2020-09-18T08:52:30.722517013,25.339437,-92.43999
2020-09-18T08:52:30.724424362,25.342205,-92.44046
2020-09-18T08:52:30.730527877,25.337337,-92.43955
2020-09-18T08:52:30.732435226,25.33885,-92.43983
2020-09-18T08:52:30.756468772,25.310896,-92.43473
2020-09-18T08:52:30.758376121,25.321999,-92.444
2020-09-18T08:52:30.760283470,25.32188,-92.448944
2020-09-18T08:52:30.885407447,25.311,-92.43484
2020-09-18T08:52:30.887314796,25.333023,-92.45621
2020-09-18T08:52:30.889603614,25.335224,-92.46416
2020-09-18T08:52:30.895325660,25.331676,-92.45601
2020-09-18T08:52:30.897614479,25.331104,-92.46582
2020-09-18T08:52:30.901429176,25.310993,-92.43481
2020-09-18T08:52:30.903336524,25.328005,-92.46383
2020-09-18T08:52:30.905243873,25.310608,-92.47268
2020-09-18T08:52:30.907532691,25.330587,-92.48111
2020-09-18T08:52:30.915162086,25.312147,-92.47901
2020-09-18T08:52:30.917450904,25.301203,-92.479836
2020-09-18T08:52:30.919358253,25.313263,-92.5225
2020-09-18T08:52:30.921265602,25.306309,-92.486206
2020-09-18T08:52:30.937288284,25.295643,-92.50246
2020-09-18T08:52:30.951021194,25.313309,-92.52246
2020-09-18T08:52:30.986879348,25.361961,-92.531166
2020-09-18T08:52:30.988786697,25.340027,-92.529625
2020-09-18T08:52:30.990694046,25.330095,-92.52303
2020-09-18T08:52:30.992982864,25.320301,-92.51496
2020-09-18T08:52:30.994890213,25.322702,-92.51264
2020-09-18T08:52:30.996798515,25.327896,-92.51324
2020-09-18T08:52:30.998705863,25.334282,-92.51614
2020-09-18T08:52:31.000993728,25.334436,-92.51641
2020-09-18T08:52:31.002901077,25.333788,-92.52005
2020-09-18T08:52:31.004808425,25.33297,-92.51833
2020-09-18T08:52:31.006715774,25.33514,-92.5204
2020-09-18T08:52:31.008623123,25.331951,-92.51739
2020-09-18T08:52:31.010911941,25.328018,-92.517914
2020-09-18T08:52:31.012819290,25.331451,-92.5158
2020-09-18T08:52:31.014726638,25.341806,-92.51804
2020-09-18T08:52:31.016633987,25.340958,-92.51645
2020-09-18T08:52:31.018541336,25.33673,-92.509415
2020-09-18T08:52:31.020830154,25.331007,-92.51104
2020-09-18T08:52:31.022737503,25.35615,-92.5301
2020-09-18T08:52:31.024644851,25.354418,-92.529785
2020-09-18T08:52:31.034564971,25.357208,-92.53026
2020-09-18T08:52:31.036472320,25.336845,-92.506004
2020-09-18T08:52:31.038761138,25.343536,-92.52102
2020-09-18T08:52:31.040668487,25.342342,-92.52203
2020-09-18T08:52:31.042575836,25.34713,-92.5237
2020-09-18T08:52:31.044483184,25.346521,-92.522575
2020-09-18T08:52:31.046390533,25.346436,-92.52351
2020-09-18T08:52:31.048679351,25.351646,-92.524055
2020-09-18T08:52:31.050586700,25.35237,-92.52393
2020-09-18T08:52:31.052494049,25.349712,-92.52267
2020-09-18T08:52:31.054401397,25.357912,-92.52896
2020-09-18T08:52:31.056308746,25.363262,-92.532234
2020-09-18T08:52:31.058597564,25.357817,-92.5306
2020-09-18T08:52:31.060504913,25.372421,-92.53604
2020-09-18T08:52:31.062412261,25.376823,-92.539734
2020-09-18T08:52:31.064319610,25.361473,-92.53478
2020-09-18T08:52:31.066226959,25.372272,-92.53922
2020-09-18T08:52:31.068515777,25.38514,-92.54304
2020-09-18T08:52:31.070423126,25.392075,-92.54243
2020-09-18T08:52:31.072330474,25.404472,-92.54898
2020-09-18T08:52:31.074237823,25.420694,-92.559326
2020-09-18T08:52:31.076526641,25.423006,-92.566605
2020-09-18T08:52:31.078433990,25.414448,-92.559975
2020-09-18T08:52:31.080341339,25.413445,-92.56096
2020-09-18T08:52:31.082248687,25.390589,-92.54894
2020-09-18T08:52:31.084156036,25.41287,-92.56127
2020-09-18T08:52:31.086444854,25.488316,-92.59695
2020-09-18T08:52:31.088352203,25.420214,-92.57003
2020-09-18T08:52:31.090259552,25.41611,-92.57136
2020-09-18T08:52:31.092166900,25.494328,-92.612785
2020-09-18T08:52:31.094074249,25.415894,-92.572266
2020-09-18T08:52:31.096363067,25.40248,-92.56244
2020-09-18T08:52:31.098270416,25.484442,-92.60784
2020-09-18T08:52:31.100177764,25.386744,-92.556
2020-09-18T08:52:31.102085113,25.413988,-92.56536
2020-09-18T08:52:31.103992462,25.492418,-92.5954
2020-09-18T08:52:31.106281280,25.407703,-92.559784
2020-09-18T08:52:31.108188629,25.434774,-92.580025
2020-09-18T08:52:31.110095977,25.498562,-92.6088
2020-09-18T08:52:31.112003326,25.420149,-92.55933
2020-09-18T08:52:31.114292144,25.409462,-92.550385
2020-09-18T08:52:31.118106842,25.393898,-92.53684
2020-09-18T08:52:31.120014190,25.3939,-92.536865
2020-09-18T08:52:31.217290878,25.492233,-92.58092
2020-09-18T08:52:31.219579696,25.511066,-92.594734
2020-09-18T08:52:31.235219955,25.458048,-92.84082
2020-09-18T08:52:31.237508773,25.471094,-92.79872
2020-09-18T08:52:31.239416122,25.48971,-92.76638
2020-09-18T08:52:31.241323471,25.487738,-92.75398
2020-09-18T08:52:31.243230819,25.493713,-92.77067
2020-09-18T08:52:31.245138168,25.431593,-92.86223
2020-09-18T08:52:31.245138168,25.557827,-92.65427
2020-09-18T08:52:31.247426986,25.403193,-92.888695
2020-09-18T08:52:31.255437850,25.454039,-92.50318
2020-09-18T08:52:31.257345199,25.453522,-92.56689
2020-09-18T08:52:31.322959899,25.47696,-92.63949
2020-09-18T08:52:31.412225723,25.396322,-92.624756
2020-09-18T08:52:31.412225723,25.4996,-92.63078
2020-09-18T08:52:31.414133071,25.47706,-92.639496
2020-09-18T08:52:31.426340103,25.314842,-92.48553
2020-09-18T08:52:31.479745864,25.494635,-92.59902
2020-09-18T08:52:31.482034683,25.477016,-92.639435
2020-09-18T08:52:31.483942031,25.453238,-92.57291
2020-09-18T08:52:31.509881973,25.476871,-92.63934
2020-09-18T08:52:31.511789321,25.476877,-92.63938
2020-09-18T08:52:31.559474945,25.441868,-92.42599
2020-09-18T08:52:31.563289642,25.308025,-92.48381
2020-09-18T08:52:31.565578460,25.31776,-92.51971
2020-09-18T08:52:31.567485809,25.327942,-92.51029
2020-09-18T08:52:31.575496673,25.364744,-92.53159
2020-09-18T08:52:31.643016815,25.49073,-92.64214
2020-09-18T08:52:31.648740768,25.476915,-92.63938
2020-09-18T08:52:31.690702438,25.508898,-92.64045
2020-09-18T08:52:31.692609786,25.504606,-92.65231
2020-09-18T08:52:31.694517135,25.51834,-92.67008
2020-09-18T08:52:36.291297912,24.383017,-92.31999
2020-09-18T08:52:36.370645523,24.365398,-92.32122
2020-09-18T08:52:36.400781631,24.38412,-92.318344
2020-09-18T08:52:36.430536270,24.386854,-92.317085
2020-09-18T08:52:36.448465347,24.351974,-92.31037
2020-09-18T08:52:36.488140106,24.352213,-92.31558
2020-09-18T08:52:36.493862152,24.353153,-92.353676
2020-09-18T08:52:36.496150970,24.365759,-92.32158
2020-09-18T08:52:36.499965667,24.371893,-92.3215
2020-09-18T08:52:36.504161834,24.352346,-92.32161
2020-09-18T08:52:36.506069183,24.353134,-92.35368
2020-09-18T08:52:36.514080047,24.369915,-92.32446
2020-09-18T08:52:36.519802093,24.352331,-92.32054
2020-09-18T08:52:36.521709442,24.374575,-92.3265
2020-09-18T08:52:36.527812957,24.365211,-92.326546
2020-09-18T08:52:36.535823822,24.37384,-92.32292
2020-09-18T08:52:36.541927337,24.364996,-92.32682
2020-09-18T08:52:36.551845550,24.352388,-92.323074
2020-09-18T08:52:36.557567596,24.376818,-92.31886
2020-09-18T08:52:36.559474945,24.352518,-92.32623
2020-09-18T08:52:36.569774627,24.353222,-92.35375
2020-09-18T08:52:36.571681976,24.353197,-92.35375
2020-09-18T08:52:36.573589324,24.360275,-92.35299
2020-09-18T08:52:36.575496673,24.353676,-92.375084
2020-09-18T08:52:36.577404022,24.352594,-92.332344
2020-09-18T08:52:36.579692840,24.353107,-92.35375
2020-09-18T08:52:36.581600189,24.353115,-92.35374
2020-09-18T08:52:36.583507537,24.35312,-92.353714
2020-09-18T08:52:36.585414886,24.353128,-92.35369
2020-09-18T08:52:36.587322235,24.353134,-92.353676
2020-09-18T08:52:36.589611053,24.36737,-92.40422
2020-09-18T08:52:36.591518402,24.361296,-92.394684
2020-09-18T08:52:36.593425750,24.368624,-92.35487
2020-09-18T08:52:36.655225753,24.363134,-92.321526
2020-09-18T08:52:36.657133102,24.35231,-92.322845
2020-09-18T08:52:36.660947799,24.35307,-92.353745
2020-09-18T08:52:36.728469848,24.34689,-92.372604
2020-09-18T08:52:36.788360595,24.369246,-92.30694
2020-09-18T08:52:36.790267944,24.353144,-92.35383
2020-09-18T08:52:36.802093505,24.376583,-92.31698
2020-09-18T08:52:36.845964431,24.351942,-92.30719
2020-09-18T08:53:09.677273750,23.165764,-90.54701
2020-09-18T08:53:09.679562568,23.132671,-90.54224
2020-09-18T08:53:09.719236373,23.106182,-90.52459
2020-09-18T08:53:10.275427818,24.452751,-92.285835
2020-09-18T08:53:10.279242515,24.430277,-92.28205
2020-09-18T08:53:10.468072891,24.430176,-92.28212
2020-09-18T08:53:10.470361709,24.430185,-92.28212
2020-09-18T08:53:10.472269058,24.430193,-92.28211
2020-09-18T08:53:10.474176406,24.4302,-92.2821
2020-09-18T08:53:10.510035514,24.430256,-92.2822
2020-09-18T08:53:10.601589202,24.45414,-92.27677
2020-09-18T08:53:10.607311248,24.475208,-92.266396
2020-09-18T08:53:10.611507415,24.430191,-92.28216
2020-09-18T08:53:10.623332977,24.452877,-92.27821
2020-09-18T08:53:10.680935859,24.455856,-92.27118
2020-09-18T08:53:10.724805831,24.469973,-92.27136
2020-09-18T08:53:10.762572288,24.43015,-92.28223
2020-09-18T08:53:26.595332145,25.39369,-92.45149
2020-09-18T08:53:26.597239494,25.394539,-92.48459
2020-09-18T08:53:26.603343963,25.394411,-92.478
2020-09-18T08:53:26.609066009,25.393774,-92.45143
2020-09-18T08:53:26.700619697,25.395964,-92.53931
2020-09-18T08:53:26.704815864,25.395971,-92.53934
2020-09-18T08:53:26.706723213,25.395973,-92.53935
2020-09-18T08:53:26.795989036,25.357988,-92.49324
2020-09-18T08:53:26.800185203,25.315294,-92.524734
2020-09-18T08:53:26.810103416,25.380804,-92.49859
2020-09-18T08:53:26.821928977,25.39464,-92.48918
2020-09-18T08:53:26.823836326,25.394642,-92.48917
2020-09-18T08:53:26.833754539,25.35243,-92.497185
2020-09-18T08:53:26.836043357,25.394712,-92.49207
2020-09-18T08:53:26.855880737,25.329826,-92.5001
2020-09-18T08:53:26.897460937,25.359169,-92.49828
2020-09-18T08:53:43.057146072,22.91883,-90.86511
2020-09-18T08:53:43.059053421,22.916794,-90.887825
2020-09-18T08:53:43.060960769,22.907738,-90.881546
2020-09-18T08:53:43.065156936,22.918493,-90.84115
2020-09-18T08:53:43.067064285,22.928001,-90.8505
2020-09-18T08:53:43.198291778,22.896894,-90.88725
2020-09-18T08:53:43.200200080,22.903185,-90.89252
2020-09-18T08:53:43.289846420,22.925259,-90.88531
2020-09-18T08:54:18.542003631,23.077614,-93.52048
2020-09-18T08:54:18.543910980,23.071127,-93.52093
2020-09-18T08:54:18.550014495,23.062796,-93.529335
2020-09-18T08:54:18.551921844,23.06563,-93.537094
2020-09-18T08:54:18.555736541,23.0454,-93.51137
2020-09-18T08:54:18.558025360,23.059467,-93.530304
2020-09-18T08:54:18.559932708,23.058645,-93.532745
2020-09-18T08:54:18.561840057,23.045406,-93.51137
2020-09-18T08:54:18.571758270,23.046007,-93.53443
2020-09-18T08:54:18.605710983,23.045984,-93.53191
2020-09-18T08:54:18.607618331,23.052105,-93.532845
2020-09-18T08:54:18.609525680,23.053152,-93.5334
2020-09-18T08:54:18.633558273,23.04602,-93.53384
2020-09-18T08:54:18.635465621,23.046108,-93.53743
2020-09-18T08:54:18.637372970,23.045454,-93.51139
2020-09-18T08:54:18.639280319,23.045448,-93.51137
2020-09-18T08:54:18.641187667,23.035517,-93.527985
2020-09-18T08:54:18.643476486,23.031237,-93.52923
2020-09-18T08:54:18.661405563,23.006882,-93.51923
2020-09-18T08:54:18.663312911,23.028137,-93.52402
2020-09-18T08:54:00.527581691,26.388052,-91.699005
2020-09-18T08:54:00.533685207,26.384434,-91.69615
2020-09-18T08:54:00.535592555,26.374372,-91.68433
2020-09-18T08:54:00.537499904,26.408901,-91.67061
2020-09-18T08:54:00.539788722,26.408907,-91.670616
2020-09-18T08:54:00.545510768,26.40893,-91.6707
2020-09-18T08:54:00.547418117,26.408937,-91.67073
2020-09-18T08:54:00.549706935,26.40893,-91.67073
2020-09-18T08:54:00.551614284,26.4089,-91.67071
2020-09-18T08:54:00.553521633,26.40887,-91.67068
2020-09-18T08:54:00.555429458,26.408842,-91.67065
2020-09-18T08:54:00.561532974,26.408823,-91.67061
2020-09-18T08:54:00.563440322,26.40884,-91.67061
2020-09-18T08:54:00.565347671,26.400393,-91.6888
2020-09-18T08:54:00.567255020,26.398449,-91.69145
2020-09-18T08:54:00.569543838,26.401278,-91.69391
2020-09-18T08:54:00.571451187,26.401718,-91.6929
2020-09-18T08:54:00.573358535,26.407917,-91.6873
2020-09-18T08:54:00.575265884,26.409868,-91.68648
2020-09-18T08:54:00.577554702,26.411182,-91.686035
2020-09-18T08:54:00.579462051,26.414383,-91.68425
2020-09-18T08:54:00.581369400,26.418577,-91.679474
2020-09-18T08:54:00.583276748,26.407095,-91.678024
2020-09-18T08:54:00.585184574,26.392796,-91.67191
2020-09-18T08:54:00.587473392,26.378948,-91.67067
2020-09-18T08:54:00.589380741,26.374376,-91.66674
2020-09-18T08:54:00.591288089,26.375168,-91.65825
2020-09-18T08:54:00.593195438,26.373117,-91.65287
2020-09-18T08:54:00.595102787,26.369673,-91.64635
2020-09-18T08:54:00.597391605,26.374477,-91.6442
2020-09-18T08:54:00.599298954,26.369158,-91.63898
2020-09-18T08:54:00.601206302,26.383139,-91.65059
2020-09-18T08:54:00.603113651,26.396788,-91.66226
2020-09-18T08:54:00.605402469,26.395935,-91.66777
2020-09-18T08:54:00.607309818,26.397093,-91.6685
2020-09-18T08:54:00.609217166,26.408844,-91.6706
2020-09-18T08:54:00.611124515,26.40884,-91.6706
2020-09-18T08:54:00.613031864,26.424284,-91.67337
2020-09-18T08:54:00.615320682,26.431086,-91.6746
2020-09-18T08:54:00.617228507,26.441975,-91.68698
2020-09-18T08:54:00.617228507,26.32849,-91.48127
2020-09-18T08:54:00.619135856,26.44368,-91.68691
2020-09-18T08:54:00.621043205,26.446993,-91.69011
2020-09-18T08:54:00.622950553,26.445183,-91.68866
2020-09-18T08:54:00.625239372,26.434319,-91.6751
2020-09-18T08:54:00.627146720,26.428793,-91.67409
2020-09-18T08:54:00.629054069,26.431484,-91.67456
2020-09-18T08:54:00.630961418,26.435154,-91.67524
2020-09-18T08:54:00.632868766,26.436827,-91.67557
2020-09-18T08:54:00.635157585,26.43612,-91.67547
2020-09-18T08:54:00.637064933,26.437527,-91.67574
2020-09-18T08:54:00.638972282,26.484673,-91.68421
2020-09-18T08:54:00.638972282,26.408724,-91.67059
2020-09-18T08:54:00.640879631,26.43221,-91.67479
2020-09-18T08:54:00.643168449,26.40877,-91.67058
2020-09-18T08:54:00.645075798,26.40879,-91.67056
2020-09-18T08:54:00.646983623,26.408813,-91.670555
2020-09-18T08:54:07.505914688,25.059492,-93.002655
2020-09-18T08:54:07.507822036,25.056969,-93.00219
2020-09-18T08:54:07.515832901,25.061344,-93.003006
2020-09-18T08:54:07.517740249,25.086704,-93.00767
2020-09-18T08:54:07.521936416,25.046175,-93.00023
2020-09-18T08:54:07.541773796,25.086699,-93.007576
2020-09-18T08:54:07.543681144,25.064266,-93.00349
2020-09-18T08:54:07.549784660,25.086761,-93.007675
2020-09-18T08:54:07.551692008,25.073074,-93.00516
2020-09-18T08:54:07.553599357,25.086792,-93.007675
2020-09-18T08:54:07.557414054,25.086824,-93.00768
2020-09-18T08:54:07.559702873,25.08682,-93.00768
2020-09-18T08:54:07.561610221,25.086796,-93.00768
2020-09-18T08:54:07.563517570,25.086771,-93.007675
2020-09-18T08:54:07.569621086,25.086712,-93.007675
2020-09-18T08:54:07.571528434,25.086725,-93.007675
2020-09-18T08:54:07.573435783,25.086739,-93.007675
2020-09-18T08:54:07.575343132,25.086752,-93.007675
2020-09-18T08:54:07.581446647,25.106377,-93.01127
2020-09-18T08:54:07.583353996,25.086752,-93.00764
2020-09-18T08:54:07.585261344,25.106565,-93.01128
2020-09-18T08:54:07.587550163,25.086733,-93.007614
2020-09-18T08:54:07.589457511,25.103956,-93.01077
2020-09-18T08:54:07.591364860,25.11088,-93.012024
2020-09-18T08:54:07.593273162,25.118288,-93.00388
2020-09-18T08:54:07.595180511,25.106613,-92.99701
2020-09-18T08:54:07.597469329,25.099562,-92.99999
2020-09-18T08:54:07.599376678,25.106005,-93.01106
2020-09-18T08:54:07.601284027,25.117277,-93.00039
2020-09-18T08:54:07.603191375,25.086685,-93.00757
2020-09-18T08:54:07.605480194,25.086662,-93.00761
2020-09-18T08:54:07.619213104,25.08673,-93.00765
2020-09-18T08:54:07.631038665,25.129389,-92.967674
2020-09-18T08:54:07.632946014,25.135094,-92.951454
2020-09-18T08:54:07.635234832,25.129957,-92.96001
2020-09-18T08:54:07.637142181,25.115225,-92.9672
2020-09-18T08:54:07.639049530,25.126389,-92.968735
2020-09-18T08:54:07.640956878,25.117842,-92.97848
2020-09-18T08:54:07.643245697,25.164816,-92.9345
2020-09-18T08:54:07.678723335,25.086754,-93.00763
2020-09-18T08:54:07.681012153,25.085949,-92.977234
2020-09-18T08:54:07.698559761,25.086632,-93.00768
2020-09-18T08:54:07.702755928,25.086664,-93.00769
2020-09-18T08:54:07.704663276,25.08668,-93.0077
2020-09-18T08:54:07.706570625,25.086697,-93.007706
2020-09-18T08:54:07.710766792,25.086716,-93.00771
2020-09-18T08:54:07.712674140,25.08672,-93.00772
2020-09-18T08:54:07.720685958,25.12495,-93.01478
2020-09-18T08:54:07.722593307,25.130867,-93.02757
2020-09-18T08:54:07.724500656,25.122486,-93.01432
2020-09-18T08:54:07.726408004,25.130524,-93.02844
2020-09-18T08:54:07.728696823,25.133036,-93.0282
2020-09-18T08:54:07.730604171,25.127916,-93.033714
2020-09-18T08:54:07.732511520,25.133875,-93.02793
2020-09-18T08:54:07.734418869,25.122171,-93.03018
2020-09-18T08:54:07.736326217,25.134523,-93.0284
2020-09-18T08:54:07.738615036,25.125097,-93.02554
2020-09-18T08:54:07.740522384,25.119396,-93.02756
2020-09-18T08:54:07.742429733,25.123487,-93.024254
2020-09-18T08:54:07.744337081,25.12756,-93.023476
2020-09-18T08:54:07.746625900,25.124603,-93.02249
2020-09-18T08:54:07.748533248,25.111639,-93.0213
2020-09-18T08:54:07.750440597,25.114267,-93.02564
2020-09-18T08:54:07.752347946,25.123756,-93.023766
2020-09-18T08:54:07.754255294,25.11762,-93.01334
2020-09-18T08:54:07.756544113,25.117844,-93.01341
2020-09-18T08:54:07.758451461,25.116812,-93.013245
2020-09-18T08:54:07.760358810,25.086739,-93.0077
2020-09-18T08:54:07.762266159,25.086725,-93.00768
2020-09-18T08:54:07.764173507,25.08671,-93.007675
2020-09-18T08:54:07.766462326,25.105972,-93.011215
2020-09-18T08:54:07.768369674,25.115652,-93.01299
2020-09-18T08:54:07.770277023,25.115402,-92.988556
2020-09-18T08:54:07.774473190,25.08666,-93.00767
2020-09-18T08:54:07.776380538,25.086655,-93.00767
2020-09-18T08:54:07.845809936,25.164835,-92.934525
2020-09-18T08:54:07.847717285,25.164837,-92.934525
2020-09-18T08:54:27.943467140,24.430262,-92.28254
2020-09-18T08:54:27.999162673,24.50999,-92.29616
2020-09-18T08:54:28.048754692,24.467209,-92.28881
2020-09-18T08:54:28.050662040,24.467512,-92.28886
2020-09-18T08:54:28.056765556,24.467793,-92.288895
2020-09-18T08:54:28.058672904,24.470995,-92.28944
2020-09-18T08:54:28.060961723,24.509995,-92.29613
2020-09-18T08:54:28.066683769,24.430235,-92.28246
2020-09-18T08:54:28.070879936,24.485512,-92.291954
2020-09-18T08:54:28.072787284,24.492886,-92.27807
2020-09-18T08:54:28.074694633,24.489893,-92.278206
2020-09-18T08:54:28.076601982,24.489965,-92.29274
2020-09-18T08:54:28.078509330,24.509975,-92.29618
2020-09-18T08:54:28.080798149,24.50999,-92.29618
2020-09-18T08:54:28.084612846,24.431644,-92.3082
2020-09-18T08:54:28.134204864,24.546968,-92.269745
2020-09-18T08:54:28.136493682,24.539534,-92.26995
2020-09-18T08:54:28.138401031,24.544138,-92.30205
2020-09-18T08:54:28.140308380,24.50998,-92.29615
2020-09-18T08:54:28.142215728,24.509977,-92.296135
2020-09-18T08:54:28.144123077,24.479383,-92.27828
2020-09-18T08:54:28.146411895,24.526493,-92.28623
2020-09-18T08:54:28.148319244,24.553587,-92.28712
2020-09-18T08:54:28.150227546,24.540176,-92.2854
2020-09-18T08:54:28.152134895,24.535284,-92.27841
2020-09-18T08:54:28.154042243,24.539528,-92.28139
2020-09-18T08:54:28.156331062,24.540163,-92.25503
2020-09-18T08:54:28.158238410,24.538671,-92.2695
2020-09-18T08:54:28.160145759,24.50449,-92.274864
2020-09-18T08:54:28.162053108,24.495935,-92.276505
2020-09-18T08:54:28.164341926,24.509953,-92.296135
2020-09-18T08:54:28.243688583,24.50903,-92.25838
2020-09-18T08:54:28.249792098,24.534864,-92.27008
2020-09-18T08:54:28.251699447,24.472948,-92.28818
2020-09-18T08:54:28.253606796,24.51919,-92.29536
2020-09-18T08:54:28.255514144,24.482569,-92.29445
2020-09-18T08:54:28.287558555,24.448244,-92.303566
2020-09-18T08:54:28.289465904,24.430223,-92.282394
2020-09-18T08:54:28.374916076,24.520988,-92.301994
2020-09-18T08:54:28.376823425,24.529804,-92.26623
2020-09-18T08:54:28.378730773,24.529211,-92.27214
2020-09-18T08:54:28.381019592,24.5065,-92.2723
2020-09-18T08:54:28.382926940,24.498468,-92.26875
2020-09-18T08:54:28.384834289,24.486073,-92.27566
2020-09-18T08:54:28.386741638,24.533253,-92.274
2020-09-18T08:54:28.428704261,24.43016,-92.28251
2020-09-18T08:54:28.430611610,24.4358,-92.291306
2020-09-18T08:54:28.432518959,24.484083,-92.29176
2020-09-18T08:54:28.434426307,24.509815,-92.29617
2020-09-18T08:54:28.436333656,24.526194,-92.26889
2020-09-18T08:54:28.438622474,24.531303,-92.2529
2020-09-18T08:54:28.440529823,24.525198,-92.26147
2020-09-18T08:54:28.442437171,24.519896,-92.26633
2020-09-18T08:54:28.444344520,24.506874,-92.27031
2020-09-18T08:54:28.446633338,24.501026,-92.27254
2020-09-18T08:54:28.448540687,24.500048,-92.27324
2020-09-18T08:54:28.450448036,24.505161,-92.26936
2020-09-18T08:54:28.452355384,24.503565,-92.26932
2020-09-18T08:54:28.454262733,24.521202,-92.2681
2020-09-18T08:54:28.456551551,24.52456,-92.26449
2020-09-18T08:54:28.458458900,24.505554,-92.2671
2020-09-18T08:54:28.460367202,24.526619,-92.26211
2020-09-18T08:54:28.462274551,24.509787,-92.296104
2020-09-18T08:54:30.566112518,23.151606,-90.55801
2020-09-18T08:54:30.397118568,23.132357,-90.54242
2020-09-18T08:54:30.568019866,23.119991,-90.58902
2020-09-18T08:54:52.653165817,23.04721,-93.597206
2020-09-18T08:54:52.655454635,23.083633,-93.603546
2020-09-18T08:54:52.661176681,23.069647,-93.5859
2020-09-18T08:54:52.675291061,23.047213,-93.59719
2020-09-18T08:54:52.677198410,23.055094,-93.58898
2020-09-18T08:54:52.714963912,23.046473,-93.568886
2020-09-18T08:54:52.716871261,23.051886,-93.575356
2020-09-18T08:54:52.718778610,23.047197,-93.59715
2020-09-18T08:54:52.736707687,23.046267,-93.562065
2020-09-18T08:54:52.738996505,23.046322,-93.56493
2020-09-18T08:54:52.766845703,23.046024,-93.551315
2020-09-18T08:54:52.768753051,23.057556,-93.56365
2020-09-18T08:54:52.818344116,23.046225,-93.5567
2020-09-18T08:54:52.820251464,23.078241,-93.53921
2020-09-18T08:54:52.822158813,23.071482,-93.546974
2020-09-18T08:54:52.824447631,23.0723,-93.55908
2020-09-18T08:54:52.826354980,23.078382,-93.56219
2020-09-18T08:54:52.949571609,23.073858,-93.54952
2020-09-18T08:54:52.951478958,23.069021,-93.56007
2020-09-18T08:54:53.921953201,22.873478,-90.94787
2020-09-18T08:54:53.923860549,22.8727,-90.95746
2020-09-18T08:54:53.926149368,22.877562,-90.98583
2020-09-18T08:54:53.928056716,22.830706,-90.96148
2020-09-18T08:54:53.934160232,22.851185,-90.97933
2020-09-18T08:54:53.936067581,22.871609,-90.955215
2020-09-18T08:54:54.013507843,22.880129,-90.93677
2020-09-18T08:54:54.015415191,22.861395,-90.974625
2020-09-18T08:54:54.017322540,22.87172,-90.94166
2020-09-18T08:54:54.055088043,22.879036,-90.92947
2020-09-18T08:54:54.071109771,22.86243,-90.948616
2020-09-18T08:54:54.073017120,22.903164,-90.90552
2020-09-18T08:54:54.128713607,22.883253,-90.91742
2020-09-18T08:54:54.156560897,22.885698,-90.952736
2020-09-18T08:54:54.321739196,22.900217,-90.87548
2020-09-18T08:54:54.339668273,22.90515,-90.81293
2020-09-18T08:54:54.341575622,22.877213,-90.92793
2020-09-18T08:54:54.343482971,22.901405,-90.87989
2020-09-18T08:54:54.345390319,22.898848,-90.87995
2020-09-18T08:54:54.347679138,22.905903,-90.84562
2020-09-18T08:54:54.349586486,22.90451,-90.87787
2020-09-18T08:55:11.694898605,24.43119,-92.28247
2020-09-18T08:55:11.856262207,24.4335,-92.29809
2020-09-18T08:55:11.921495437,24.431227,-92.282455
2020-09-18T08:55:14.716566085,25.343178,-92.441925
2020-09-18T08:55:14.728773117,25.323807,-92.45418
2020-09-18T08:55:14.730680465,25.336737,-92.459496
2020-09-18T08:55:14.732587814,25.350986,-92.44328
2020-09-18T08:55:14.752426147,25.392982,-92.42544
2020-09-18T08:55:14.758529663,25.331903,-92.455765
2020-09-18T08:55:14.768447875,25.312857,-92.43653
2020-09-18T08:55:14.776458740,25.312939,-92.43645
2020-09-18T08:55:14.792480468,25.312979,-92.436485
2020-09-18T08:55:14.917604446,25.349585,-92.46388
2020-09-18T08:55:14.919511795,25.394379,-92.47925
2020-09-18T08:55:14.929430007,25.37862,-92.46651
2020-09-18T08:55:14.933244705,25.393648,-92.450966
2020-09-18T08:55:14.935533523,25.393644,-92.451
2020-09-18T08:55:14.937440872,25.394173,-92.471504
2020-09-18T08:55:14.939348220,25.394302,-92.476776
2020-09-18T08:55:14.943544387,25.3936,-92.45102
2020-09-18T08:55:14.947359085,25.394201,-92.4754
2020-09-18T08:55:14.949266433,25.393559,-92.45098
2020-09-18T08:55:14.951173782,25.393564,-92.451
2020-09-18T08:55:14.987031936,25.394808,-92.494286
2020-09-18T08:55:14.988941192,25.39491,-92.4981
2020-09-18T08:55:14.991230010,25.394787,-92.494125
2020-09-18T08:55:14.993137359,25.394732,-92.49284
2020-09-18T08:55:15.283439636,25.370972,-92.47565
2020-09-18T08:55:15.285346984,25.368547,-92.490746
2020-09-18T08:55:15.295265197,25.475807,-92.522964
2020-09-18T08:55:15.313194274,25.489792,-92.52625
2020-09-18T08:55:15.329216003,25.533371,-92.5276
2020-09-18T08:55:15.331123352,25.505642,-92.54224
2020-09-18T08:55:15.349052429,25.369122,-92.47625
2020-09-18T08:55:15.350959777,25.394548,-92.48628
2020-09-18T08:55:15.392541885,25.429617,-92.54481
2020-09-18T08:55:37.360956192,24.477667,-92.27274
2020-09-18T08:55:37.363245010,24.472664,-92.28792
2020-09-18T08:55:37.365152359,24.465376,-92.27888
2020-09-18T08:55:37.373163223,24.474447,-92.28825
2020-09-18T08:55:37.375070571,24.463713,-92.27943
2020-09-18T08:55:37.376977920,24.5094,-92.29424
2020-09-18T08:55:37.380792617,24.477703,-92.27749
2020-09-18T08:55:37.390710830,24.47297,-92.288
2020-09-18T08:55:37.555507659,25.400831,-92.80095
2020-09-18T08:55:37.557796478,25.400826,-92.80095
2020-09-18T08:55:37.633329391,25.401821,-92.83701
2020-09-18T08:55:48.474481582,23.141033,-93.53029
2020-09-18T08:55:48.486307144,23.14556,-93.53596
2020-09-18T08:55:53.156713485,23.13243,-90.5416
2020-09-18T08:55:53.158620834,23.13243,-90.54158
2020-09-18T08:56:05.426490783,25.39372,-92.45059
2020-09-18T08:56:05.539789199,25.392563,-92.410675
2020-09-18T08:56:15.804916381,22.890522,-90.916405
2020-09-18T08:56:15.922029495,22.906893,-90.903534
2020-09-18T08:56:15.926225662,22.907482,-90.9305
2020-09-18T08:56:15.962083816,22.90685,-90.89726
2020-09-18T08:56:15.977724075,22.906645,-90.8883
2020-09-18T08:56:16.011676788,22.906935,-90.904396
2020-09-18T08:56:55.140386581,24.780003,-91.93327
2020-09-18T08:56:55.142293930,24.769402,-91.92708
2020-09-18T08:56:55.144582748,24.774616,-91.931206
2020-09-18T08:56:55.146490097,24.766512,-91.92813
2020-09-18T08:56:55.148397445,24.76016,-91.92411
2020-09-18T08:56:55.150304794,24.761797,-91.93306
2020-09-18T08:56:55.152593612,24.76509,-91.93064
2020-09-18T08:56:55.154500961,24.739117,-91.903305
2020-09-18T08:56:55.156408309,24.75904,-91.924286
2020-09-18T08:56:55.158315658,24.76235,-91.92291
2020-09-18T08:56:55.160223007,24.739176,-91.90338
2020-09-18T08:56:55.162511825,24.75763,-91.92375
2020-09-18T08:56:55.164419174,24.739153,-91.90331
2020-09-18T08:56:55.166326522,24.758562,-91.92235
2020-09-18T08:56:55.168233871,24.762636,-91.92812
2020-09-18T08:56:55.170141220,24.766844,-91.93379
2020-09-18T08:56:55.172430038,24.759901,-91.93301
2020-09-18T08:56:55.174337387,24.75877,-91.926414
2020-09-18T08:56:55.176244735,24.755447,-91.925446
2020-09-18T08:56:55.178152084,24.75176,-91.93167
2020-09-18T08:56:55.180440902,24.757093,-91.92511
2020-09-18T08:56:55.182348251,24.75823,-91.930145
2020-09-18T08:56:55.184255599,24.759007,-91.91128
2020-09-18T08:56:55.186162948,24.759325,-91.90526
2020-09-18T08:56:55.188070297,24.758545,-91.92326
2020-09-18T08:56:55.190359115,24.761158,-91.905815
2020-09-18T08:56:55.192266464,24.75722,-91.895325
2020-09-18T08:56:55.194173812,24.738207,-91.865944
2020-09-18T08:56:55.196081161,24.738035,-91.858574
2020-09-18T08:56:55.197988510,24.738066,-91.859436
2020-09-18T08:56:55.200277328,24.737478,-91.83523
2020-09-18T08:56:55.202184677,24.73702,-91.816505
2020-09-18T08:56:55.204092025,24.737019,-91.81653
2020-09-18T08:56:55.205999374,24.737017,-91.81655
2020-09-18T08:56:55.208288192,24.737015,-91.816574
2020-09-18T08:56:55.210195541,24.737,-91.816574
2020-09-18T08:56:55.212102890,24.736975,-91.81656
2020-09-18T08:56:55.225835800,24.738014,-91.8614
2020-09-18T08:56:55.228124618,24.737724,-91.84915
2020-09-18T08:56:55.231939315,24.737722,-91.84757
2020-09-18T08:56:55.233846664,24.761717,-91.85842
2020-09-18T08:56:55.235755920,24.763807,-91.86378
2020-09-18T08:56:55.238044738,24.763998,-91.83659
2020-09-18T08:56:55.239952087,24.76771,-91.83658
2020-09-18T08:56:55.241859436,24.769491,-91.851524
2020-09-18T08:56:55.243766784,24.771725,-91.840485
2020-09-18T08:56:55.246055603,24.774935,-91.8328
2020-09-18T08:56:55.247962951,24.771835,-91.82934
2020-09-18T08:56:55.251777648,24.792652,-91.8259
2020-09-18T08:56:55.253684997,24.799498,-91.82706
2020-09-18T08:56:55.255973815,24.816996,-91.83002
2020-09-18T08:56:55.257881164,24.817019,-91.830025
2020-09-18T08:56:55.259788513,24.817034,-91.83003
2020-09-18T08:56:55.265892028,24.817043,-91.830055
2020-09-18T08:56:55.267799377,24.817047,-91.830055
2020-09-18T08:56:55.269706726,24.81705,-91.83006
2020-09-18T08:56:55.271614074,24.783749,-91.82664
2020-09-18T08:56:55.273521423,24.780313,-91.82784
2020-09-18T08:56:55.275810241,24.784037,-91.83709
2020-09-18T08:56:55.277717590,24.782454,-91.843376
2020-09-18T08:56:55.279624938,24.783651,-91.83659
2020-09-18T08:56:55.281532287,24.77601,-91.84722
2020-09-18T08:56:55.283821105,24.779716,-91.83669
2020-09-18T08:56:55.285728454,24.77018,-91.84014
2020-09-18T08:56:55.287635803,24.775337,-91.82307
2020-09-18T08:56:55.289543151,24.778399,-91.823586
2020-09-18T08:56:55.291450500,24.81563,-91.77155
2020-09-18T08:56:55.293739318,24.81586,-91.781425
2020-09-18T08:56:55.397119522,24.738937,-91.903175
2020-09-18T08:57:00.311666488,23.15314,-93.54467
2020-09-18T08:57:00.313573837,23.159664,-93.54458
2020-09-18T08:57:00.333410263,23.12954,-93.53206
2020-09-18T08:57:00.379187583,23.128199,-93.51662
2020-09-18T08:57:00.381094932,23.142328,-93.54526
2020-09-18T08:57:00.428779125,23.117445,-93.52122
2020-09-18T08:57:00.430686950,23.125301,-93.56875
2020-09-18T08:57:00.468452930,23.104029,-93.53341
2020-09-18T08:57:00.516518592,23.153355,-93.51429
2020-09-18T08:57:00.518425941,23.148287,-93.53851
2020-09-18T08:57:29.246206283,22.890905,-90.903366
2020-09-18T08:57:29.242391586,22.897728,-90.90596
2020-09-18T08:57:29.244298934,22.883408,-90.9235
2020-09-18T08:57:29.248495101,22.884092,-90.924385
2020-09-18T08:57:29.286261558,22.904848,-90.762245
2020-09-18T08:57:29.288168907,22.922691,-90.84375
2020-09-18T08:57:29.339668273,22.832157,-91.00446
2020-09-18T08:57:29.339668273,22.944624,-90.8101
2020-09-18T08:57:29.345771789,22.920788,-90.83547
2020-09-18T08:57:29.347679138,22.93673,-90.85812
2020-09-18T08:57:29.493021011,22.91285,-90.83728
2020-09-18T08:57:29.576183319,22.917395,-90.87138
2020-09-18T08:57:29.641797065,22.870552,-90.88018
2020-09-18T08:57:29.663922309,22.878363,-90.863556
2020-09-18T08:57:29.665829658,22.88891,-90.883606
2020-09-18T08:57:29.685666084,22.89654,-90.95844
2020-09-18T08:57:29.832916259,22.869808,-90.85289
2020-09-18T08:57:29.834823608,22.869556,-90.87516
2020-09-18T08:57:30.238424301,21.592794,-90.775314
2020-09-18T08:57:41.215763568,26.409634,-91.75871
2020-09-18T08:57:41.217670917,26.409643,-91.75872
2020-09-18T08:57:41.287480831,26.45086,-91.739235
2020-09-18T08:57:41.289388179,26.452433,-91.74333
2020-09-18T08:57:41.291295528,26.42641,-91.73884
2020-09-18T08:57:41.293202877,26.438595,-91.74607
2020-09-18T08:57:41.295491695,26.396954,-91.745056
2020-09-18T08:57:41.303121566,26.409582,-91.75872
2020-09-18T08:57:41.305410385,26.409561,-91.758705
2020-09-18T08:57:41.311132431,26.450262,-91.71749
2020-09-18T08:57:41.317235946,26.445274,-91.72252
2020-09-18T08:57:58.172353744,25.086649,-93.00721
2020-09-18T08:57:58.174261093,25.086653,-93.007195
2020-09-18T08:57:58.176168441,25.103645,-93.027466
2020-09-18T08:57:58.178075790,25.109516,-93.01136
2020-09-18T08:57:58.179983139,25.104456,-93.028175
2020-09-18T08:57:58.182271957,25.086664,-93.00718
2020-09-18T08:57:58.184179306,25.086666,-93.007195
2020-09-18T08:57:58.186086654,25.11514,-93.01246
2020-09-18T08:57:58.190282821,25.086674,-93.00723
2020-09-18T08:57:58.194097518,25.086693,-93.00722
2020-09-18T08:57:58.205924987,25.086649,-93.00722
2020-09-18T08:57:58.212028503,25.167126,-93.022095
2020-09-18T08:57:58.213935852,25.12503,-93.01355
2020-09-18T08:57:58.215843200,25.125792,-93.01186
2020-09-18T08:57:58.217750549,25.129047,-93.0134
2020-09-18T08:57:58.220039367,25.128399,-93.00801
2020-09-18T08:57:58.221946716,25.147314,-92.99924
2020-09-18T08:57:58.223854064,25.14966,-92.99489
2020-09-18T08:57:58.225761413,25.149881,-92.99335
2020-09-18T08:57:58.228050231,25.148699,-92.99335
2020-09-18T08:57:58.229957580,25.145592,-92.99416
2020-09-18T08:57:58.231864929,25.14975,-92.99067
2020-09-18T08:57:58.233772277,25.148766,-92.99127
2020-09-18T08:57:58.235679626,25.166157,-92.98457
2020-09-18T08:57:58.237968444,25.144768,-92.99323
2020-09-18T08:57:58.239875793,25.141045,-93.001236
2020-09-18T08:57:58.241783142,25.1439,-92.99476
2020-09-18T08:57:58.243690490,25.141691,-92.99636
2020-09-18T08:57:58.245597839,25.144196,-92.99266
2020-09-18T08:57:58.247886657,25.165964,-92.98072
2020-09-18T08:57:58.257804870,25.17444,-92.910484
2020-09-18T08:57:58.259712219,25.163662,-92.88788
2020-09-18T08:57:58.261619567,25.163597,-92.88542
2020-09-18T08:57:58.263526916,25.163506,-92.881836
2020-09-18T08:57:58.285652160,25.086685,-93.00727
2020-09-18T08:57:58.323417663,25.086733,-93.00727
2020-09-18T08:57:58.414590835,25.128448,-93.01496
2020-09-18T08:57:58.416879653,25.167057,-93.02207
2020-09-18T08:57:58.418787002,25.167053,-93.022064
2020-09-18T08:57:58.420694351,25.16707,-93.022064
2020-09-18T08:57:58.422601699,25.167086,-93.02206
2020-09-18T08:57:58.424509048,25.167103,-93.02206
2020-09-18T08:57:58.428705215,25.131027,-93.0154
2020-09-18T08:57:58.474483489,25.24303,-92.86103
2020-09-18T08:57:58.476390838,25.216482,-92.876686
2020-09-18T08:57:58.371103286,25.402807,-92.83456
2020-09-18T08:57:58.478298187,25.235601,-92.86107
2020-09-18T08:57:58.480205535,25.24201,-92.82204
2020-09-18T08:57:58.482494354,25.241787,-92.81371
2020-09-18T08:57:58.484401702,25.163813,-92.91571
2020-09-18T08:57:58.486309051,25.161682,-92.956276
2020-09-18T08:57:58.488216400,25.178705,-92.92705
2020-09-18T08:57:58.490123748,25.173126,-92.938644
2020-09-18T08:57:58.492412567,25.189304,-92.92188
2020-09-18T08:57:58.494319915,25.1642,-92.94188
2020-09-18T08:57:58.496227264,25.194572,-92.907936
2020-09-18T08:57:58.498134613,25.21742,-92.86217
2020-09-18T08:57:58.500423431,25.241741,-92.80999
2020-09-18T08:57:58.502330780,25.241762,-92.81168
2020-09-18T08:57:58.504238128,25.241749,-92.81203
2020-09-18T08:57:58.506145477,25.240704,-92.773186
2020-09-18T08:57:58.508052825,25.247662,-93.037155
2020-09-18T08:57:58.508052825,25.24136,-92.798996
2020-09-18T08:57:58.510341644,25.214209,-93.08981
2020-09-18T08:57:58.512248992,25.196741,-93.07471
2020-09-18T08:57:58.512248992,25.240713,-92.773186
2020-09-18T08:57:58.514156341,25.185848,-93.0749
2020-09-18T08:57:58.516063690,25.208328,-93.08015
2020-09-18T08:58:19.820707322,24.432005,-92.32068
2020-09-18T08:58:19.846266270,24.432016,-92.32238
2020-09-18T08:58:19.852369786,24.43103,-92.282364
2020-09-18T08:58:19.860380650,24.417692,-92.32524
2020-09-18T08:58:19.893950463,24.430994,-92.28237
2020-09-18T08:58:19.898146630,24.431879,-92.31703
2020-09-18T08:58:19.900053978,24.418215,-92.32678
2020-09-18T08:58:19.925994397,24.41833,-92.32709
2020-09-18T08:58:19.987411976,24.410872,-92.32326
2020-09-18T08:58:19.993515492,24.431887,-92.32046
2020-09-18T08:58:19.995422841,24.415419,-92.32911
2020-09-18T08:58:20.003434181,24.413841,-92.33232
2020-09-18T08:58:20.015259742,24.410698,-92.33682
2020-09-18T08:58:20.017548561,24.390207,-92.33005
2020-09-18T08:58:20.019455909,24.39956,-92.36337
2020-09-18T08:58:20.021363258,24.408424,-92.34256
2020-09-18T08:58:20.023270606,24.433157,-92.36914
2020-09-18T08:58:20.027466773,24.394632,-92.33773
2020-09-18T08:58:20.029374599,24.41024,-92.3417
2020-09-18T08:58:20.031281948,24.433128,-92.369156
2020-09-18T08:58:20.035096645,24.405918,-92.34968
2020-09-18T08:58:20.037385463,24.433153,-92.36921
2020-09-18T08:58:20.041200160,24.407703,-92.36482
2020-09-18T08:58:20.043107509,24.399,-92.3633
2020-09-18T08:58:20.047303676,24.392607,-92.36214
2020-09-18T08:58:20.049211025,24.396488,-92.36277
2020-09-18T08:58:20.051118373,24.400043,-92.36339
2020-09-18T08:58:20.053025722,24.406141,-92.347435
2020-09-18T08:58:20.055314540,24.39574,-92.36007
2020-09-18T08:58:20.057221889,24.395267,-92.36149
2020-09-18T08:58:20.059129714,24.383375,-92.3619
2020-09-18T08:58:20.061037063,24.384357,-92.36069
2020-09-18T08:58:20.062944412,24.384872,-92.35885
2020-09-18T08:58:20.065233230,24.38425,-92.35808
2020-09-18T08:58:20.067140579,24.379772,-92.37193
2020-09-18T08:58:20.069047927,24.386274,-92.38431
2020-09-18T08:58:20.070955276,24.383518,-92.37009
2020-09-18T08:58:20.072862625,24.39188,-92.36202
2020-09-18T08:58:20.075151443,24.353516,-92.35542
2020-09-18T08:58:20.077058792,24.353512,-92.35541
2020-09-18T08:58:20.078966140,24.384026,-92.3934
2020-09-18T08:58:20.080873489,24.412846,-92.405876
2020-09-18T08:58:20.118639469,24.431803,-92.31318
2020-09-18T08:58:20.142672538,24.431812,-92.313576
2020-09-18T08:58:20.144579887,24.397512,-92.3613
2020-09-18T08:58:20.146487236,24.406925,-92.39684
2020-09-18T08:58:20.148394584,24.380938,-92.37758
2020-09-18T08:58:20.150683403,24.395864,-92.38683
2020-09-18T08:58:20.152591228,24.353533,-92.355415
2020-09-18T08:58:20.231937885,24.43192,-92.32045
2020-09-18T08:58:20.234226703,24.432024,-92.3241
2020-09-18T08:58:20.238041400,24.41103,-92.337776
2020-09-18T08:58:20.239948749,24.381325,-92.35433
2020-09-18T08:58:20.249867439,24.38262,-92.387825
2020-09-18T08:58:20.251774787,24.393282,-92.3833
2020-09-18T08:58:20.254063606,24.409554,-92.386314
2020-09-18T08:58:20.255970954,24.385433,-92.371574
2020-09-18T08:58:20.257878303,24.40114,-92.3716
2020-09-18T08:58:20.259785652,24.353525,-92.35542
2020-09-18T08:58:20.327688217,24.394657,-92.344986
2020-09-18T08:58:20.331502914,24.386871,-92.37777
2020-09-18T08:58:20.333410263,24.389374,-92.37375
2020-09-18T08:58:20.335317611,24.397186,-92.3759
2020-09-18T08:58:20.337606906,24.386597,-92.37579
2020-09-18T08:58:20.339514255,24.384464,-92.36833
2020-09-18T08:58:20.341421604,24.393908,-92.352585
2020-09-18T08:58:20.343328952,24.382002,-92.368576
2020-09-18T08:58:20.345236301,24.384441,-92.36074
2020-09-18T08:58:20.347525119,24.407751,-92.33961
2020-09-18T08:58:20.349432468,24.384485,-92.37166
2020-09-18T08:58:20.351339817,24.395187,-92.365204
2020-09-18T08:58:20.353247165,24.397533,-92.36293
2020-09-18T08:58:20.355154514,24.39422,-92.36237
2020-09-18T08:58:20.371176719,24.394606,-92.36246
2020-09-18T08:58:20.373084068,24.394583,-92.362465
2020-09-18T08:58:20.375372886,24.393482,-92.36228
2020-09-18T08:58:20.377280235,24.392412,-92.362114
2020-09-18T08:58:20.379187583,24.389526,-92.361626
2020-09-18T08:58:20.381094932,24.353605,-92.35547
2020-09-18T08:58:20.383002281,24.40263,-92.343636
2020-09-18T08:58:20.385291099,24.391273,-92.361946
2020-09-18T08:58:20.389105796,24.510702,-92.29599
2020-09-18T08:58:40.889983177,25.392235,-92.40526
2020-09-18T08:58:40.899901866,25.392197,-92.40347
2020-09-18T08:58:40.949493408,25.391956,-92.39493
2020-09-18T08:58:40.997178077,25.393394,-92.45141
2020-09-18T08:58:41.208134174,25.380499,-92.417435
2020-09-18T08:58:41.210041522,25.362888,-92.42774
2020-09-18T08:58:41.321432113,25.39206,-92.44339
2020-09-18T08:58:41.323339462,25.393393,-92.45139
2020-09-18T08:58:41.327536106,25.393393,-92.451416
2020-09-18T08:58:41.331350803,25.393394,-92.451416
2020-09-18T08:58:41.333258152,25.40269,-92.45949
2020-09-18T08:58:41.335165500,25.394096,-92.478355
2020-09-18T08:58:41.337454319,25.401411,-92.463615
2020-09-18T08:58:41.339361667,25.40217,-92.46305
2020-09-18T08:58:41.341269016,25.401745,-92.461754
2020-09-18T08:58:41.343176364,25.40125,-92.463806
2020-09-18T08:58:41.345083713,25.401047,-92.46358
2020-09-18T08:58:41.347372531,25.401028,-92.462494
2020-09-18T08:58:41.349279880,25.407064,-92.45665
2020-09-18T08:58:41.351187229,25.405287,-92.46061
2020-09-18T08:58:41.353094577,25.394215,-92.47918
2020-09-18T08:58:41.355001926,25.393484,-92.45144
2020-09-18T08:58:41.357290744,25.393473,-92.45142
2020-09-18T08:58:41.359198570,25.353632,-92.488625
2020-09-18T08:58:41.365302085,25.393456,-92.45144
2020-09-18T08:58:41.367209434,25.393454,-92.45144
2020-09-18T08:58:41.369116783,25.394156,-92.4785
2020-09-18T08:58:41.371024131,25.40651,-92.46305
2020-09-18T08:58:41.372931480,25.407099,-92.46292
2020-09-18T08:58:41.375220298,25.409588,-92.47639
2020-09-18T08:58:41.377127647,25.393482,-92.45147
2020-09-18T08:58:41.379034996,25.393486,-92.45148
2020-09-18T08:58:41.424812316,25.474194,-92.46593
2020-09-18T08:58:41.426719665,25.431984,-92.48147
2020-09-18T08:58:41.428627014,25.446115,-92.4771
2020-09-18T08:58:41.430534362,25.447046,-92.460754
2020-09-18T08:58:41.432823181,25.439686,-92.47486
2020-09-18T08:58:41.434730529,25.436007,-92.4652
2020-09-18T08:58:41.436637878,25.426302,-92.46231
2020-09-18T08:58:41.438545227,25.426483,-92.46159
2020-09-18T08:58:41.440834045,25.42307,-92.46083
2020-09-18T08:58:41.442741394,25.422216,-92.45732
2020-09-18T08:58:41.444648742,25.424961,-92.45539
2020-09-18T08:58:41.446556091,25.418112,-92.459366
2020-09-18T08:58:41.448463439,25.422262,-92.47673
2020-09-18T08:58:41.450752258,25.42681,-92.4574
2020-09-18T08:58:53.212789535,23.095732,-90.504425
2020-09-18T08:58:53.214696884,23.054647,-90.48426
2020-09-18T08:58:53.214696884,23.212036,-90.55509
2020-09-18T08:58:53.216604232,23.212027,-90.55509
2020-09-18T08:58:53.216604232,23.054598,-90.482475
2020-09-18T08:58:53.226522445,23.130882,-90.55409
2020-09-18T08:58:53.228429794,23.116873,-90.63589
2020-09-18T08:58:53.276115417,23.054653,-90.48563
2020-09-18T08:58:53.276115417,23.212017,-90.55513
2020-09-18T08:58:53.351646423,23.075708,-90.63405
2020-09-18T08:58:53.401620864,23.054686,-90.489975
2020-09-18T08:58:53.485162734,23.054583,-90.48578
2020-09-18T08:58:53.503093719,23.053877,-90.44805
2020-09-18T08:58:53.538570404,23.07297,-90.52137
2020-09-18T08:58:53.548488616,23.06307,-90.61284
2020-09-18T08:58:53.550777435,23.08799,-90.572235
2020-09-18T08:58:53.672086715,23.052237,-90.50725
2020-09-18T08:58:53.673994064,23.064743,-90.6089
2020-09-18T08:58:53.697645187,23.05425,-90.47679
2020-09-18T08:58:53.699934005,23.05448,-90.48855
2020-09-18T08:58:53.737699508,23.063766,-90.46837
2020-09-18T08:58:53.739606857,23.06972,-90.61352
2020-09-18T08:58:53.741514205,23.073017,-90.59264
2020-09-18T08:58:53.743421554,23.073214,-90.56587
2020-09-18T08:58:53.745328903,23.077888,-90.534775
2020-09-18T08:58:53.846801757,23.054794,-90.480354
2020-09-18T08:58:53.848709106,23.070929,-90.59901
2020-09-18T08:58:53.926530838,23.061623,-90.484024
2020-09-18T08:58:53.928438186,23.073145,-90.584145
2020-09-18T08:58:53.930345535,23.055786,-90.596466
2020-09-18T08:58:53.932252883,23.073328,-90.52289
2020-09-18T08:59:12.353324890,26.20426,-91.38685
2020-09-18T08:59:12.446786880,26.18807,-91.348564
2020-09-18T08:59:12.448694229,26.19476,-91.362175
2020-09-18T08:59:12.545970916,26.187796,-91.33696
2020-09-18T08:59:12.547878265,26.203306,-91.36811
2020-09-18T08:59:12.607769012,26.188559,-91.33711
2020-09-18T08:59:12.663465499,26.179901,-91.34995
2020-09-18T08:59:12.665372848,26.194273,-91.351845
2020-09-18T08:59:12.726789474,26.180935,-91.35087
2020-09-18T08:59:13.900209426,24.431812,-92.31324
2020-09-18T08:59:13.916231155,24.431595,-92.30673
2020-09-18T08:59:13.918138504,24.423002,-92.315445
2020-09-18T08:59:14.041355133,24.431946,-92.324455
2020-09-18T08:59:14.100864410,24.46328,-92.287704
2020-09-18T08:59:14.110782623,24.463558,-92.287766
2020-09-18T08:59:32.586788177,21.592869,-90.82857
2020-09-18T08:59:32.602428436,21.592072,-90.788536
2020-09-18T08:59:45.876251220,22.962603,-93.5949
2020-09-18T08:59:45.878540039,22.949556,-93.57571
2020-09-18T08:59:45.939957618,22.970892,-93.581535
2020-09-18T08:59:45.947968482,22.987175,-93.58692
2020-09-18T08:59:45.983826637,22.99403,-93.57579
2020-09-18T08:59:45.999467849,23.04757,-93.597885
2020-09-18T08:59:46.001756668,22.999382,-93.58466
2020-09-18T08:59:46.033418655,22.985382,-93.570465
2020-09-18T08:59:46.035326004,23.050388,-93.59329
2020-09-18T08:59:46.041429519,23.101671,-93.584
2020-09-18T08:59:46.043336868,23.071985,-93.59956
2020-09-18T08:59:46.260015487,23.02763,-93.574005
2020-09-18T08:59:46.261922836,23.00425,-93.547585
2020-09-18T08:59:46.276037216,23.121655,-93.4384
