Date,Lat,Long
2020-08-27T08:00:08.624782562,28.504177,-91.860985
2020-08-27T08:00:08.640804290,28.471973,-91.85409
2020-08-27T08:00:08.694592475,28.51516,-91.80185
2020-08-27T08:00:08.696499824,28.471813,-91.84871
2020-08-27T08:00:08.732358932,28.481491,-91.845314
2020-08-27T08:00:09.076449394,28.243668,-92.02277
2020-08-27T08:00:09.078357696,28.243694,-92.022766
2020-08-27T08:00:09.093997955,28.243626,-92.02279
2020-08-27T08:00:09.074160575,28.436552,-91.787025
2020-08-27T08:00:09.076449394,28.427383,-91.815346
2020-08-27T08:00:09.078357696,28.438236,-91.79174
2020-08-27T08:00:09.080265045,28.458519,-91.794266
2020-08-27T08:00:09.082172393,28.427546,-91.78585
2020-08-27T08:00:09.084079742,28.437706,-91.79733
2020-08-27T08:00:09.086368560,28.431181,-91.80096
2020-08-27T08:00:09.088275909,28.424122,-91.776474
2020-08-27T08:00:09.090183258,28.4386,-91.79638
2020-08-27T08:00:09.092090606,28.432241,-91.812386
2020-08-27T08:00:09.093997955,28.445751,-91.82349
2020-08-27T08:00:09.096286773,28.428318,-91.81989
2020-08-27T08:00:09.098194122,28.424013,-91.825775
2020-08-27T08:00:09.100101470,28.420881,-91.79873
2020-08-27T08:00:09.102008819,28.416733,-91.757324
2020-08-27T08:00:09.106204986,28.413116,-91.7512
2020-08-27T08:00:09.108112335,28.421047,-91.83727
2020-08-27T08:00:09.110019683,28.408401,-91.798874
2020-08-27T08:00:09.111927032,28.392248,-91.78311
2020-08-27T08:00:09.116123199,28.394781,-91.87324
2020-08-27T08:00:09.118030548,28.394775,-91.87326
2020-08-27T08:00:09.119937896,28.390995,-91.73882
2020-08-27T08:00:09.121845245,28.391075,-91.74132
2020-08-27T08:00:09.124134063,28.39982,-91.73969
2020-08-27T08:00:09.126041412,28.406618,-91.74757
2020-08-27T08:00:09.127948760,28.391468,-91.75419
2020-08-27T08:00:09.129856109,28.391382,-91.75148
2020-08-27T08:00:09.135959625,28.403938,-91.75457
2020-08-27T08:00:09.139774322,28.391464,-91.756744
2020-08-27T08:00:09.153889656,28.39166,-91.76369
2020-08-27T08:00:09.155797004,28.392223,-91.78311
2020-08-27T08:00:09.159611701,28.392237,-91.78311
2020-08-27T08:00:09.177540779,28.469318,-91.7588
2020-08-27T08:00:09.187458992,28.351332,-91.7752
2020-08-27T08:00:37.592893600,30.176695,-92.957825
2020-08-27T08:00:37.594800949,30.181362,-92.96121
2020-08-27T08:00:37.596708297,30.173372,-92.96346
2020-08-27T08:00:37.598615646,30.182222,-92.963974
2020-08-27T08:00:37.600522994,30.160625,-92.97154
2020-08-27T08:00:37.602811813,30.179676,-92.962875
2020-08-27T08:00:37.604719161,30.17992,-92.96828
2020-08-27T08:00:37.606626510,30.179846,-92.96875
2020-08-27T08:00:37.608533859,30.182693,-92.96857
2020-08-27T08:00:37.610822677,30.18853,-92.96594
2020-08-27T08:00:37.612730026,30.192001,-92.97863
2020-08-27T08:00:37.614637374,30.187119,-92.97015
2020-08-27T08:00:37.618452072,30.197344,-92.97986
2020-08-27T08:00:37.620740890,30.190042,-92.97077
2020-08-27T08:00:37.622648239,30.160618,-92.971596
2020-08-27T08:00:37.624555587,30.210848,-92.98288
2020-08-27T08:00:37.626462936,30.20695,-92.982
2020-08-27T08:00:37.628370285,30.201147,-92.98069
2020-08-27T08:00:37.630659103,30.210821,-92.98286
2020-08-27T08:00:37.634473800,30.202925,-92.96854
2020-08-27T08:00:37.638288497,30.206898,-92.973495
2020-08-27T08:00:37.640577316,30.219786,-92.984825
2020-08-27T08:00:37.644392013,30.21467,-92.983665
2020-08-27T08:00:37.646299362,30.216455,-92.984055
2020-08-27T08:00:37.648588180,30.215464,-92.983826
2020-08-27T08:00:37.652402877,30.216125,-92.98398
2020-08-27T08:00:37.654310226,30.241177,-92.9896
2020-08-27T08:00:37.658506393,30.214397,-92.98359
2020-08-27T08:00:37.660413742,30.231611,-92.977776
2020-08-27T08:00:37.662321090,30.215569,-92.98389
2020-08-27T08:00:37.664228439,30.241161,-92.989655
2020-08-27T08:00:37.666135787,30.2119,-92.9831
2020-08-27T08:00:37.670331954,30.22169,-92.97682
2020-08-27T08:00:37.676054000,30.254288,-92.98531
2020-08-27T08:00:37.678342819,30.25417,-92.98442
2020-08-27T08:00:37.682157516,30.275843,-92.984406
2020-08-27T08:00:37.684064865,30.260685,-92.978745
2020-08-27T08:00:37.686353683,30.27658,-92.9824
2020-08-27T08:00:37.688261032,30.279331,-92.98256
2020-08-27T08:00:37.690168380,30.273489,-92.98224
2020-08-27T08:00:37.692075729,30.268877,-92.97664
2020-08-27T08:00:37.693983078,30.288061,-92.98081
2020-08-27T08:00:37.696271896,30.276815,-92.97576
2020-08-27T08:00:37.698179244,30.301752,-92.98058
2020-08-27T08:00:37.700086593,30.304365,-92.981575
2020-08-27T08:00:37.703901290,30.321978,-93.00788
2020-08-27T08:00:37.706190109,30.320976,-92.976746
2020-08-27T08:00:37.719924926,30.215965,-92.98405
2020-08-27T08:00:37.721832275,30.229986,-92.9764
2020-08-27T08:00:37.724121093,30.21554,-92.98391
2020-08-27T08:00:37.726028442,30.23509,-92.979
2020-08-27T08:00:37.731750488,30.241266,-92.98963
2020-08-27T08:00:37.734039306,30.24125,-92.989624
2020-08-27T08:00:37.735946655,30.241232,-92.98962
2020-08-27T08:00:37.737854003,30.241219,-92.98961
2020-08-27T08:00:37.749679565,30.25265,-92.98113
2020-08-27T08:00:37.753875732,30.25236,-92.981995
2020-08-27T08:00:37.755783081,30.257624,-92.974396
2020-08-27T08:00:37.757690429,30.270073,-92.96938
2020-08-27T08:00:37.759597778,30.253836,-92.979805
2020-08-27T08:00:37.761886596,30.276531,-92.974815
2020-08-27T08:00:37.771804809,30.321062,-92.98225
2020-08-27T08:00:37.791641235,30.160679,-92.97162
2020-08-27T08:00:37.795455932,30.161318,-92.990906
2020-08-27T08:00:37.799652099,30.1607,-92.97159
2020-08-27T08:00:37.803466796,30.163881,-92.97548
2020-08-27T08:00:37.807281494,30.16129,-92.99112
2020-08-27T08:00:37.809570312,30.160654,-92.97157
2020-08-27T08:00:37.841234207,30.399725,-92.93295
2020-08-27T08:00:37.843141555,30.36999,-92.9616
2020-08-27T08:00:37.845048904,30.33903,-92.969025
2020-08-27T08:00:37.847337722,30.362818,-92.96856
2020-08-27T08:00:37.857255935,30.39979,-92.93299
2020-08-27T08:00:37.859163284,30.366566,-92.964935
2020-08-27T08:00:37.861070632,30.361248,-92.969986
2020-08-27T08:00:37.862977981,30.36629,-92.96507
2020-08-27T08:00:37.864885330,30.36401,-92.9672
2020-08-27T08:00:37.867174148,30.36307,-92.96804
2020-08-27T08:00:37.869081497,30.332674,-92.97718
2020-08-27T08:00:37.870988845,30.365072,-92.9662
2020-08-27T08:00:37.872896194,30.314077,-92.965675
2020-08-27T08:00:37.875185012,30.31527,-92.96529
2020-08-27T08:00:37.877092361,30.334337,-92.96305
2020-08-27T08:00:37.878999710,30.321077,-92.95486
2020-08-27T08:00:37.880907058,30.2992,-92.9551
2020-08-27T08:00:37.882814407,30.330675,-92.95574
2020-08-27T08:00:37.885103225,30.317942,-92.95532
2020-08-27T08:00:37.887010574,30.305904,-92.95573
2020-08-27T08:00:37.888917922,30.299019,-92.95636
2020-08-27T08:00:37.890825271,30.299442,-92.96051
2020-08-27T08:00:37.892732620,30.318758,-92.95918
2020-08-27T08:00:37.895021438,30.30375,-92.963905
2020-08-27T08:00:37.896928787,30.365324,-92.95187
2020-08-27T08:00:37.898836135,30.327833,-92.960304
2020-08-27T08:00:37.900743484,30.37487,-92.950935
2020-08-27T08:00:37.903032302,30.345638,-92.956825
2020-08-27T08:00:37.904939651,30.36459,-92.956215
2020-08-27T08:00:37.906847000,30.336498,-92.95909
2020-08-27T08:00:37.908754348,30.3433,-92.9588
2020-08-27T08:00:37.910661697,30.41943,-92.937355
2020-08-27T08:00:37.910661697,30.160631,-92.971466
2020-08-27T08:00:37.910661697,30.286297,-92.99974
2020-08-27T08:00:37.912950515,30.337065,-92.96278
2020-08-27T08:00:37.914857864,30.360813,-92.96015
2020-08-27T08:00:37.916765213,30.339417,-92.963936
2020-08-27T08:00:37.918672561,30.4068,-92.95856
2020-08-27T08:00:37.920579910,30.420069,-92.957565
2020-08-27T08:00:37.922868728,30.241253,-92.9896
2020-08-27T08:00:37.922868728,30.434807,-92.940834
2020-08-27T08:00:38.161291122,30.178587,-92.943695
2020-08-27T08:00:38.163198471,30.17477,-92.97023
2020-08-27T08:00:38.165487289,30.16077,-92.97156
2020-08-27T08:00:38.171209335,30.169163,-92.97172
2020-08-27T08:00:38.179220199,30.1808,-92.95657
2020-08-27T08:00:38.181127548,30.173792,-92.95769
2020-08-27T08:00:38.216987609,30.41381,-92.97716
2020-08-27T08:00:38.266578674,30.211157,-92.953476
2020-08-27T08:00:38.292518615,30.239628,-92.94114
2020-08-27T08:00:38.298622131,30.443087,-92.94258
2020-08-27T08:00:38.300529479,30.32189,-93.00766
2020-08-27T08:00:38.344400405,30.216633,-92.9498
2020-08-27T08:00:38.356225967,30.16062,-92.97131
2020-08-27T08:00:38.397806167,30.219933,-92.946884
2020-08-27T08:00:38.402002334,30.18133,-92.97601
2020-08-27T08:00:38.403909683,30.185778,-92.962135
2020-08-27T08:00:38.405817031,30.200003,-92.9629
2020-08-27T08:00:38.407724380,30.197124,-92.96146
2020-08-27T08:00:38.410013198,30.20223,-92.95909
2020-08-27T08:00:38.411920547,30.204037,-92.960106
2020-08-27T08:00:38.413827896,30.217577,-92.95555
2020-08-27T08:00:38.415735244,30.224705,-92.96203
2020-08-27T08:00:38.419549942,30.399714,-92.93271
2020-08-27T08:00:38.419931411,30.241215,-92.9894
2020-08-27T08:00:38.421838760,30.210184,-92.98243
2020-08-27T08:00:38.423746109,30.480606,-92.951004
2020-08-27T08:00:38.600751876,30.318872,-92.914604
2020-08-27T08:00:53.223470687,28.54989,-91.90361
2020-08-27T08:00:53.227285385,28.549864,-91.90357
2020-08-27T08:00:53.231481552,28.549868,-91.90354
2020-08-27T08:00:53.233388900,28.549614,-91.89449
2020-08-27T08:00:53.235296249,28.549875,-91.90352
2020-08-27T08:00:53.237203598,28.54988,-91.9035
2020-08-27T08:00:53.239492416,28.54988,-91.9035
2020-08-27T08:00:53.255132675,28.549927,-91.90355
2020-08-27T08:00:53.257041931,28.550228,-91.91342
2020-08-27T08:00:53.259330749,28.549955,-91.90356
2020-08-27T08:00:53.287178039,28.549913,-91.903595
2020-08-27T08:00:53.310829162,28.549955,-91.90364
2020-08-27T08:00:53.312736511,28.550325,-91.9177
2020-08-27T08:00:53.315025329,28.550299,-91.91784
2020-08-27T08:00:53.360420227,28.550356,-91.92011
2020-08-27T08:01:12.374687194,28.470926,-91.88828
2020-08-27T08:01:12.376594543,28.442122,-91.8532
2020-08-27T08:01:12.378501892,28.453133,-91.85432
2020-08-27T08:01:12.380409240,28.448189,-91.85552
2020-08-27T08:01:12.382698059,28.435637,-91.848946
2020-08-27T08:01:12.390329360,28.432013,-91.88063
2020-08-27T08:01:12.392618179,28.430168,-91.84928
2020-08-27T08:01:12.394525527,28.43153,-91.880554
2020-08-27T08:01:12.418176651,28.392637,-91.87291
2020-08-27T08:01:12.420465469,28.430824,-91.84762
2020-08-27T08:01:12.426187515,28.392727,-91.872925
2020-08-27T08:01:12.428094863,28.411972,-91.85584
2020-08-27T08:01:12.430383682,28.41323,-91.8554
2020-08-27T08:01:12.432291030,28.418629,-91.85431
2020-08-27T08:01:12.454034805,28.392687,-91.87297
2020-08-27T08:01:12.460138320,28.392702,-91.87298
2020-08-27T08:01:12.462045669,28.392702,-91.87297
2020-08-27T08:01:12.481882095,28.392717,-91.87298
2020-08-27T08:01:12.483789443,28.3927,-91.87298
2020-08-27T08:01:12.486078262,28.409079,-91.86393
2020-08-27T08:01:12.487985610,28.422596,-91.86528
2020-08-27T08:01:12.491800308,28.4115,-91.87106
2020-08-27T08:01:12.493707656,28.424759,-91.85718
2020-08-27T08:01:12.507822036,28.41534,-91.877396
2020-08-27T08:01:12.509729385,28.413507,-91.877045
2020-08-27T08:01:12.531475067,28.416674,-91.88032
2020-08-27T08:01:12.533763885,28.418585,-91.873146
2020-08-27T08:01:12.535671234,28.412996,-91.85938
2020-08-27T08:01:12.624935150,28.407236,-91.85532
2020-08-27T08:01:12.627223968,28.410952,-91.850395
2020-08-27T08:01:12.629131317,28.411303,-91.849785
2020-08-27T08:01:12.631038665,28.405592,-91.84959
2020-08-27T08:01:12.632946014,28.405565,-91.84939
2020-08-27T08:01:12.634853363,28.411245,-91.84731
2020-08-27T08:01:12.637144088,28.392727,-91.87302
2020-08-27T08:01:12.658887863,28.391348,-91.826294
2020-08-27T08:01:12.660795211,28.407656,-91.84142
2020-08-27T08:01:12.662702560,28.39164,-91.83645
2020-08-27T08:01:12.664991378,28.39104,-91.81519
2020-08-27T08:01:12.666898727,28.396914,-91.8322
2020-08-27T08:01:12.668806076,28.393837,-91.822464
2020-08-27T08:01:12.670713424,28.401752,-91.83122
2020-08-27T08:01:12.672620773,28.413872,-91.83882
2020-08-27T08:01:12.883575439,28.367395,-91.81973
2020-08-27T08:01:12.899599075,28.361385,-91.8268
2020-08-27T08:01:12.901506423,28.357903,-91.82961
2020-08-27T08:01:12.903413772,28.341194,-91.83051
2020-08-27T08:01:12.909517288,28.31448,-91.857704
2020-08-27T08:01:12.911424636,28.336075,-91.861916
2020-08-27T08:01:12.929353713,28.314493,-91.85758
2020-08-27T08:01:12.931261062,28.338568,-91.84087
2020-08-27T08:01:12.933168411,28.314478,-91.85759
2020-08-27T08:01:12.935075759,28.325006,-91.84859
2020-08-27T08:01:12.937364578,28.335482,-91.841484
2020-08-27T08:01:12.939271926,28.314018,-91.84201
2020-08-27T08:01:12.962923049,28.314476,-91.857735
2020-08-27T08:01:12.965211868,28.30648,-91.85617
2020-08-27T08:01:12.967119216,28.314505,-91.85773
2020-08-27T08:01:12.978944778,28.301432,-91.84932
2020-08-27T08:01:13.004884719,28.31455,-91.857704
2020-08-27T08:01:13.050662994,28.236477,-91.84245
2020-08-27T08:01:46.964982032,28.549381,-91.90404
2020-08-27T08:01:46.994737625,28.549353,-91.903946
2020-08-27T08:01:47.016862869,28.549356,-91.90391
2020-08-27T08:01:47.018770217,28.549353,-91.90389
2020-08-27T08:01:47.022584915,28.532143,-91.90052
2020-08-27T08:01:47.024873733,28.534124,-91.90092
2020-08-27T08:01:47.026781082,28.549381,-91.90393
2020-08-27T08:01:47.060351371,28.549374,-91.90396
2020-08-27T08:01:47.080187797,28.549332,-91.903984
2020-08-27T08:01:47.112232208,28.520235,-91.89887
2020-08-27T08:01:47.124057769,28.509077,-91.90102
2020-08-27T08:01:47.125965118,28.526377,-91.89945
2020-08-27T08:01:47.141986846,28.510399,-91.896355
2020-08-27T08:01:47.149997711,28.471048,-91.8886
2020-08-27T08:01:47.151905059,28.503294,-91.90761
2020-08-27T08:01:47.153812408,28.502434,-91.89476
2020-08-27T08:01:47.167927742,28.49047,-91.90687
2020-08-27T08:01:47.169835090,28.507757,-91.909256
2020-08-27T08:01:47.183568000,28.48955,-91.90993
2020-08-27T08:01:47.191578865,28.470972,-91.888596
2020-08-27T08:01:47.193867683,28.489323,-91.90727
2020-08-27T08:01:47.195775032,28.51235,-91.89682
2020-08-27T08:01:47.199589729,28.471008,-91.888695
2020-08-27T08:01:47.201497077,28.485905,-91.90708
2020-08-27T08:01:47.203785896,28.493923,-91.90774
2020-08-27T08:01:47.205693244,28.52547,-91.90225
2020-08-27T08:01:47.235448837,28.498688,-91.90264
2020-08-27T08:01:47.237356185,28.501865,-91.91353
2020-08-27T08:01:47.239263534,28.49848,-91.905106
2020-08-27T08:01:47.241552352,28.470993,-91.88857
2020-08-27T08:01:47.243459701,28.470968,-91.88858
2020-08-27T08:01:47.245367050,28.48643,-91.89165
2020-08-27T08:01:47.247274398,28.490896,-91.89745
2020-08-27T08:01:47.249181747,28.483702,-91.89392
2020-08-27T08:01:47.251470565,28.489279,-91.89568
2020-08-27T08:01:47.253377914,28.490896,-91.892494
2020-08-27T08:01:47.299155235,28.499352,-91.89669
2020-08-27T08:01:47.301062583,28.505722,-91.89525
2020-08-27T08:01:56.241325378,28.241598,-92.023094
2020-08-27T08:01:55.840011596,28.503063,-91.853615
2020-08-27T08:01:55.875490188,28.539785,-91.796074
2020-08-27T08:01:55.877779006,28.471066,-91.8889
2020-08-27T08:01:56.058597564,28.468935,-91.8149
2020-08-27T08:01:56.062412261,28.467558,-91.811325
2020-08-27T08:01:56.064319610,28.44938,-91.8241
2020-08-27T08:01:56.074619293,28.46838,-91.7987
2020-08-27T08:01:56.076526641,28.468384,-91.798706
2020-08-27T08:01:56.078433990,28.459047,-91.8073
2020-08-27T08:01:56.080341339,28.469381,-91.834114
2020-08-27T08:01:56.094455718,28.43176,-91.82108
2020-08-27T08:01:56.096363067,28.432583,-91.82039
2020-08-27T08:01:56.116201400,28.430407,-91.83623
2020-08-27T08:01:56.120016098,28.42951,-91.82293
2020-08-27T08:01:56.134130477,28.390162,-91.78349
2020-08-27T08:01:56.153966903,28.390171,-91.78349
2020-08-27T08:01:56.155874252,28.390165,-91.783485
2020-08-27T08:01:56.239418029,28.469904,-91.85145
2020-08-27T08:01:56.241325378,28.435474,-91.88108
2020-08-27T08:01:56.245521545,28.49281,-91.747925
2020-08-27T08:01:56.273368835,28.560024,-91.79045
2020-08-27T08:01:56.275276184,28.402126,-91.88733
2020-08-27T08:01:56.277183532,28.526552,-91.766426
2020-08-27T08:01:56.279090881,28.514141,-91.753395
2020-08-27T08:01:56.283287048,28.490515,-91.720474
2020-08-27T08:01:56.285194396,28.465801,-91.70857
2020-08-27T08:01:56.378656387,28.541658,-91.74176
2020-08-27T08:01:56.390481948,28.543993,-91.723785
2020-08-27T08:01:56.611356735,28.414381,-91.816795
2020-08-27T08:01:56.613264083,28.430868,-91.82802
2020-08-27T08:01:56.626996994,28.449184,-91.79603
2020-08-27T08:02:25.879684448,28.581629,-91.909904
2020-08-27T08:02:25.899520874,28.54929,-91.90359
2020-08-27T08:02:25.901428222,28.549282,-91.90357
2020-08-27T08:02:25.953309059,28.585852,-91.910805
2020-08-27T08:02:25.996797561,28.549265,-91.90356
2020-08-27T08:02:25.999086380,28.549244,-91.90355
2020-08-27T08:02:26.090258598,28.568407,-91.90587
2020-08-27T08:02:26.112384796,28.567877,-91.88785
2020-08-27T08:02:26.114292144,28.57255,-91.9081
2020-08-27T08:02:26.142139434,28.56377,-91.89038
2020-08-27T08:02:26.165790557,28.565836,-91.88358
2020-08-27T08:02:26.183720588,28.549366,-91.9035
2020-08-27T08:02:26.199742317,28.549324,-91.90356
2020-08-27T08:02:26.259252548,28.54932,-91.90354
2020-08-27T08:02:26.261159896,28.568548,-91.90735
2020-08-27T08:02:26.306937217,28.57375,-91.908394
2020-08-27T08:02:28.531321525,30.190565,-92.95163
2020-08-27T08:02:28.533228874,30.188168,-92.95125
2020-08-27T08:02:28.535136222,30.212614,-92.964096
2020-08-27T08:02:28.537425041,30.210155,-92.982315
2020-08-27T08:02:28.539332389,30.19386,-92.95325
2020-08-27T08:02:28.541239738,30.194738,-92.95415
2020-08-27T08:02:28.543147087,30.194916,-92.955284
2020-08-27T08:02:28.545054435,30.19888,-92.95578
2020-08-27T08:02:28.547343254,30.213144,-92.95783
2020-08-27T08:02:28.549250602,30.191431,-92.9521
2020-08-27T08:02:28.551157951,30.208763,-92.95757
2020-08-27T08:02:28.553065299,30.220528,-92.965195
2020-08-27T08:02:28.554972648,30.196161,-92.96066
2020-08-27T08:02:28.557261466,30.191555,-92.95627
2020-08-27T08:02:28.559168815,30.210484,-92.982315
2020-08-27T08:02:28.561076164,30.221151,-92.96493
2020-08-27T08:02:28.562983512,30.206848,-92.981544
2020-08-27T08:02:28.564890861,30.237392,-92.96952
2020-08-27T08:02:28.567179679,30.240938,-92.98925
2020-08-27T08:02:28.569087028,30.207287,-92.9817
2020-08-27T08:02:28.570994377,30.232742,-92.96932
2020-08-27T08:02:28.572901725,30.240078,-92.963165
2020-08-27T08:02:28.575190544,30.25141,-92.96682
2020-08-27T08:02:28.577097892,30.266262,-92.994934
2020-08-27T08:02:28.579005241,30.240875,-92.98921
2020-08-27T08:02:28.580912590,30.268675,-92.9955
2020-08-27T08:02:28.582819938,30.239967,-92.96197
2020-08-27T08:02:28.585109710,30.240824,-92.98924
2020-08-27T08:02:28.587017059,30.240805,-92.98925
2020-08-27T08:02:28.604946136,30.251713,-92.96656
2020-08-27T08:02:28.606853485,30.240929,-92.98929
2020-08-27T08:02:28.608760833,30.279512,-92.99799
2020-08-27T08:02:28.614864349,30.268908,-92.96943
2020-08-27T08:02:28.616771697,30.262346,-92.9723
2020-08-27T08:02:28.618679046,30.240904,-92.98923
2020-08-27T08:02:28.622875213,30.294985,-92.97972
2020-08-27T08:02:28.624782562,30.292942,-93.00103
2020-08-27T08:02:28.626689910,30.32163,-93.00753
2020-08-27T08:02:28.739988327,30.187168,-92.95414
2020-08-27T08:02:28.851379394,30.185959,-92.94957
2020-08-27T08:02:28.918900489,30.178839,-92.94515
2020-08-27T08:02:28.920807838,30.180105,-92.950066
2020-08-27T08:02:28.936829566,30.221579,-92.948235
2020-08-27T08:02:28.938736915,30.211214,-92.96022
2020-08-27T08:02:28.942933082,30.194275,-92.9555
2020-08-27T08:02:28.950943946,30.16031,-92.9712
2020-08-27T08:02:28.956666946,30.183178,-92.95177
2020-08-27T08:02:28.960863113,30.18531,-92.97683
2020-08-27T08:02:28.962770462,30.240957,-92.98932
2020-08-27T08:02:28.978410720,30.19503,-92.94394
2020-08-27T08:02:28.988710403,30.160263,-92.97119
2020-08-27T08:02:28.992525100,30.300562,-92.9759
2020-08-27T08:02:29.038302421,30.320068,-92.95955
2020-08-27T08:02:29.044405937,30.173838,-92.94614
2020-08-27T08:02:29.046313285,30.207191,-92.94928
2020-08-27T08:02:29.048220634,30.26017,-92.95913
2020-08-27T08:02:29.050127983,30.257034,-92.95699
2020-08-27T08:02:29.052035331,30.247513,-92.95461
2020-08-27T08:02:29.054324150,30.220308,-92.95526
2020-08-27T08:02:29.082172393,30.160307,-92.97118
2020-08-27T08:02:29.081790924,30.318602,-92.9144
2020-08-27T08:02:29.084079742,30.22193,-92.946594
2020-08-27T08:02:29.085987091,30.252642,-92.95603
2020-08-27T08:02:29.087894439,30.24173,-92.95219
2020-08-27T08:02:29.089801788,30.22662,-92.950554
2020-08-27T08:02:29.092090606,30.240808,-92.965385
2020-08-27T08:02:29.093997955,30.241478,-92.95457
2020-08-27T08:02:29.095905303,30.248974,-92.95524
2020-08-27T08:02:29.097812652,30.255644,-92.948265
2020-08-27T08:02:29.099720001,30.24636,-92.955505
2020-08-27T08:02:29.102008819,30.237898,-92.95729
2020-08-27T08:02:29.103916168,30.253828,-92.961205
2020-08-27T08:02:29.105823516,30.258318,-92.958885
2020-08-27T08:02:29.107730865,30.259014,-92.959114
2020-08-27T08:02:29.109638214,30.266542,-92.95831
2020-08-27T08:02:29.111927032,30.254877,-92.96105
2020-08-27T08:02:29.113834381,30.257807,-92.96233
2020-08-27T08:02:29.115741729,30.257877,-92.96058
2020-08-27T08:02:29.117649078,30.254925,-92.960625
2020-08-27T08:02:29.119556427,30.239838,-92.95553
2020-08-27T08:02:29.121845245,30.239662,-92.95022
2020-08-27T08:02:29.123752593,30.239738,-92.95275
2020-08-27T08:02:29.125659942,30.264235,-92.95642
2020-08-27T08:02:29.127567291,30.241276,-92.96466
2020-08-27T08:02:29.129856109,30.256426,-92.94964
2020-08-27T08:02:29.131763458,30.239714,-92.95241
2020-08-27T08:02:29.133670806,30.239681,-92.95149
2020-08-27T08:02:29.135578155,30.239925,-92.95916
2020-08-27T08:02:29.137485504,30.23973,-92.95316
2020-08-27T08:02:29.141682624,30.240925,-92.98922
2020-08-27T08:02:29.151600837,30.206554,-92.94896
2020-08-27T08:02:29.153508186,30.222948,-92.941475
2020-08-27T08:02:29.169529914,30.239496,-92.94222
2020-08-27T08:02:29.173344612,30.239887,-92.9548
2020-08-27T08:02:29.175251960,30.239891,-92.955154
2020-08-27T08:02:29.177540779,30.24098,-92.98935
2020-08-27T08:02:29.179448127,30.194267,-92.95164
2020-08-27T08:02:29.181355476,30.199224,-92.94827
2020-08-27T08:02:29.183262825,30.23988,-92.95661
2020-08-27T08:02:29.238958358,30.248348,-92.99705
2020-08-27T08:02:29.238958358,29.996498,-92.84258
2020-08-27T08:02:29.238958358,30.164194,-92.92026
2020-08-27T08:02:29.240865707,30.221188,-92.95739
2020-08-27T08:02:29.243154525,30.185762,-92.94786
2020-08-27T08:02:29.245061874,30.204092,-92.94904
2020-08-27T08:02:29.304572105,30.363295,-92.967255
2020-08-27T08:02:29.360267639,30.364897,-92.965836
2020-08-27T08:02:38.955142974,28.469978,-91.846
2020-08-27T08:02:38.957050323,28.436014,-91.845795
2020-08-27T08:02:38.959339141,28.435713,-91.84665
2020-08-27T08:02:38.961246490,28.469753,-91.83765
2020-08-27T08:02:38.984897613,28.431013,-91.84402
2020-08-27T08:02:38.987186431,28.421875,-91.84441
2020-08-27T08:02:38.989093780,28.429693,-91.84493
2020-08-27T08:02:39.002826690,28.42171,-91.84961
2020-08-27T08:02:39.015033721,28.42572,-91.83879
2020-08-27T08:02:39.016941070,28.39192,-91.83299
2020-08-27T08:02:39.044788360,28.419743,-91.83638
2020-08-27T08:02:39.046695709,28.418123,-91.83434
2020-08-27T08:02:39.048603057,28.414387,-91.82976
2020-08-27T08:02:39.050510406,28.41629,-91.83006
2020-08-27T08:02:39.052799224,28.421312,-91.83375
2020-08-27T08:02:39.134054183,28.390528,-91.78441
2020-08-27T08:02:39.135961532,28.468771,-91.79967
2020-08-27T08:02:39.138250350,28.435974,-91.821915
2020-08-27T08:02:39.140157699,28.43512,-91.823944
2020-08-27T08:02:39.142065048,28.452003,-91.810905
2020-08-27T08:02:39.143972396,28.445484,-91.79519
2020-08-27T08:02:39.146261215,28.46877,-91.79976
2020-08-27T08:02:39.148168563,28.449188,-91.79597
2020-08-27T08:02:39.163808822,28.468758,-91.79969
2020-08-27T08:02:39.166097640,28.468754,-91.799706
2020-08-27T08:02:39.168004989,28.451807,-91.79642
2020-08-27T08:02:39.169912338,28.45306,-91.79666
2020-08-27T08:02:39.171819686,28.45373,-91.79742
2020-08-27T08:02:39.176015853,28.468721,-91.79973
2020-08-27T08:02:39.177923202,28.462172,-91.78149
2020-08-27T08:02:39.179830551,28.463594,-91.7923
2020-08-27T08:02:39.181737899,28.46132,-91.79751
2020-08-27T08:02:39.187841415,28.468103,-91.77682
2020-08-27T08:02:39.191656112,28.467909,-91.771225
2020-08-27T08:02:39.193944931,28.468035,-91.77649
2020-08-27T08:02:39.195852279,28.467455,-91.77864
2020-08-27T08:02:39.197761535,28.468006,-91.77698
2020-08-27T08:02:39.199668884,28.474749,-91.766785
2020-08-27T08:02:39.201576232,28.476328,-91.77075
2020-08-27T08:02:39.203865051,28.474665,-91.77879
2020-08-27T08:02:39.205772399,28.472834,-91.78292
2020-08-27T08:02:39.207679748,28.467117,-91.7894
2020-08-27T08:02:39.209587097,28.476553,-91.75954
2020-08-27T08:02:39.211875915,28.49198,-91.76532
2020-08-27T08:02:39.213783264,28.467651,-91.759674
2020-08-27T08:02:39.219505310,28.467424,-91.75066
2020-08-27T08:02:39.235527038,28.46621,-91.70962
2020-08-27T08:02:39.237434387,28.466806,-91.730835
2020-08-27T08:02:39.239723205,28.470669,-91.74308
2020-08-27T08:02:39.241630554,28.488438,-91.75537
2020-08-27T08:02:39.243537902,28.46313,-91.788765
2020-08-27T08:02:39.245445251,28.470997,-91.7411
2020-08-27T08:02:39.247352600,28.473736,-91.75365
2020-08-27T08:02:39.249641418,28.481321,-91.78189
2020-08-27T08:02:39.251548767,28.45636,-91.7454
2020-08-27T08:02:39.253456115,28.451393,-91.72931
2020-08-27T08:02:39.255363464,28.488749,-91.770874
2020-08-27T08:02:39.257270812,28.440031,-91.72526
2020-08-27T08:02:39.259559631,28.447706,-91.72952
2020-08-27T08:02:39.261466979,28.466242,-91.709656
2020-08-27T08:02:39.263374328,28.430222,-91.71803
2020-08-27T08:02:39.265281677,28.434093,-91.72882
2020-08-27T08:02:39.267189025,28.468739,-91.79976
2020-08-27T08:02:39.269477844,28.387968,-91.69448
2020-08-27T08:02:39.271385192,28.387962,-91.69447
2020-08-27T08:02:39.273292541,28.407686,-91.69829
2020-08-27T08:02:39.281303405,28.41086,-91.710236
2020-08-27T08:02:39.291221618,28.388006,-91.69444
2020-08-27T08:02:39.293128967,28.388306,-91.705345
2020-08-27T08:02:39.295036315,28.41217,-91.71048
2020-08-27T08:02:39.301139831,28.388006,-91.694466
2020-08-27T08:02:39.303047180,28.400095,-91.71025
2020-08-27T08:02:39.305335998,28.388035,-91.694466
2020-08-27T08:02:39.309150695,28.388052,-91.69447
2020-08-27T08:02:39.312965393,28.394403,-91.71451
2020-08-27T08:02:39.320978164,28.38849,-91.7123
2020-08-27T08:02:39.335092544,28.38799,-91.69449
2020-08-27T08:02:39.462123870,28.466211,-91.70954
2020-08-27T08:02:39.466320037,28.417665,-91.678
2020-08-27T08:02:39.484249114,28.388035,-91.69443
2020-08-27T08:02:39.486156463,28.388046,-91.69444
2020-08-27T08:02:39.494167327,28.388063,-91.69449
2020-08-27T08:02:39.535747528,28.508507,-91.80902
2020-08-27T08:03:02.255284309,28.527155,-91.94096
2020-08-27T08:03:02.293050765,28.50988,-91.9768
2020-08-27T08:03:02.344931125,28.491398,-91.98783
2020-08-27T08:03:02.386512279,28.483177,-91.994255
2020-08-27T08:03:02.440299987,28.498669,-92.0099
2020-08-27T08:03:02.442207813,28.502424,-91.98331
2020-08-27T08:03:02.476159095,28.520481,-91.970985
2020-08-27T08:03:02.520028591,28.521553,-91.96083
2020-08-27T08:03:02.658885955,28.528763,-91.968315
2020-08-27T08:03:02.746624946,28.536596,-91.955826
2020-08-27T08:03:02.748532295,28.548534,-91.904106
2020-08-27T08:03:46.074618339,28.512619,-91.786476
2020-08-27T08:03:45.939576148,28.544024,-91.724236
2020-08-27T08:03:46.078433036,28.487503,-91.776596
2020-08-27T08:03:46.080721855,28.467493,-91.77605
2020-08-27T08:03:46.082629203,28.467642,-91.78137
2020-08-27T08:03:46.084536552,28.489204,-91.79019
2020-08-27T08:03:46.086443901,28.468134,-91.79888
2020-08-27T08:03:46.088351249,28.467735,-91.78467
2020-08-27T08:03:46.090640068,28.473686,-91.78981
2020-08-27T08:03:46.092547416,28.46942,-91.792336
2020-08-27T08:03:46.094454765,28.468166,-91.79888
2020-08-27T08:03:46.104372978,28.468222,-91.79886
2020-08-27T08:03:46.106280326,28.4554,-91.78921
2020-08-27T08:03:46.108570098,28.454031,-91.78472
2020-08-27T08:03:46.110477447,28.441202,-91.79459
2020-08-27T08:03:46.112384796,28.450836,-91.79548
2020-08-27T08:03:46.114292144,28.4682,-91.798874
2020-08-27T08:03:46.138324737,28.454561,-91.79621
2020-08-27T08:03:46.140232086,28.455816,-91.799034
2020-08-27T08:03:46.142139434,28.468597,-91.79346
2020-08-27T08:03:46.148242950,28.468163,-91.79886
2020-08-27T08:03:46.153964996,28.468145,-91.798874
2020-08-27T08:03:46.249715805,28.465597,-91.7087
2020-08-27T08:03:46.251623153,28.456312,-91.842964
2020-08-27T08:03:46.295111656,28.50965,-91.75799
2020-08-27T08:03:46.297400474,28.444773,-91.84145
2020-08-27T08:03:46.307318687,28.49363,-91.693596
2020-08-27T08:03:46.309226036,28.476576,-91.703285
2020-08-27T08:03:46.311133384,28.475292,-91.711395
2020-08-27T08:03:46.313040733,28.468384,-91.69683
2020-08-27T08:03:46.315329551,28.484095,-91.71232
2020-08-27T08:03:46.319144248,28.540915,-91.72914
2020-08-27T08:03:46.321051597,28.468113,-91.72313
2020-08-27T08:03:46.322958946,28.488752,-91.7132
2020-08-27T08:03:46.327155113,28.44119,-91.704
2020-08-27T08:03:46.329062461,28.459368,-91.70288
2020-08-27T08:03:46.330969810,28.42396,-91.7007
2020-08-27T08:03:46.338980674,28.40767,-91.713554
2020-08-27T08:03:46.340888023,28.412409,-91.71299
2020-08-27T08:03:46.345084190,28.387402,-91.6936
2020-08-27T08:03:46.350806236,28.413422,-91.6986
2020-08-27T08:03:46.353095054,28.465584,-91.70871
2020-08-27T08:03:46.356910705,28.426012,-91.70102
2020-08-27T08:03:46.358818054,28.387312,-91.69352
2020-08-27T08:03:46.361106872,28.387321,-91.69355
2020-08-27T08:03:46.366828918,28.466831,-91.70356
2020-08-27T08:03:46.368736267,28.422731,-91.71951
2020-08-27T08:03:46.371025085,28.387358,-91.69362
2020-08-27T08:03:46.372932434,28.388245,-91.725044
2020-08-27T08:03:46.374839782,28.387365,-91.69354
2020-08-27T08:03:46.376747131,28.38737,-91.69351
2020-08-27T08:03:46.396583557,28.386873,-91.67652
2020-08-27T08:03:46.402687072,28.387339,-91.69356
2020-08-27T08:03:46.410697937,28.54491,-91.76036
2020-08-27T08:03:46.414512634,28.389883,-91.7836
2020-08-27T08:03:46.414512634,28.543896,-91.724014
2020-08-27T08:03:46.432442665,28.389107,-91.75626
2020-08-27T08:03:46.434350013,28.396378,-91.7469
2020-08-27T08:03:46.444268226,28.545387,-91.7774
2020-08-27T08:04:17.585643768,28.549248,-91.9041
2020-08-27T08:04:17.607389450,28.509289,-91.850784
2020-08-27T08:04:17.714965820,28.606833,-91.788086
2020-08-27T08:04:17.716873168,28.585958,-91.808174
2020-08-27T08:04:17.772567749,28.547827,-91.85547
2020-08-27T08:04:17.774475097,28.54666,-91.81379
2020-08-27T08:04:17.796218872,28.472095,-91.93001
2020-08-27T08:04:17.806137084,28.471424,-92.01471
2020-08-27T08:04:17.808425903,28.513922,-91.946236
2020-08-27T08:04:17.861833572,28.548267,-91.85798
2020-08-27T08:04:17.863740921,28.51243,-91.847565
2020-08-27T08:04:17.866029739,28.565672,-91.84677
2020-08-27T08:04:17.867937088,28.54684,-91.860306
2020-08-27T08:04:17.931642532,28.546656,-91.81379
2020-08-27T08:04:17.933549880,28.54549,-91.89633
2020-08-27T08:04:18.004886627,28.541527,-91.87208
2020-08-27T08:04:18.007175445,28.540287,-91.88256
2020-08-27T08:04:18.090719223,28.470882,-91.88868
2020-08-27T08:04:18.096441268,28.537298,-91.87636
2020-08-27T08:04:18.098348617,28.549463,-91.85738
2020-08-27T08:04:18.146032333,28.558067,-91.831375
2020-08-27T08:04:18.148321151,28.551842,-91.838524
2020-08-27T08:04:18.150228500,28.540945,-91.870155
2020-08-27T08:04:18.436334609,28.439947,-91.84834
2020-08-27T08:04:18.438623428,28.558334,-91.82601
2020-08-27T08:04:18.440530776,28.551065,-91.82774
2020-08-27T08:04:18.442438125,28.548336,-91.83146
2020-08-27T08:04:18.444345474,28.556736,-91.83819
2020-08-27T08:04:18.563747406,28.544209,-91.72385
2020-08-27T08:04:25.483712196,30.240519,-92.9901
2020-08-27T08:04:25.491724014,30.24054,-92.99011
2020-08-27T08:04:25.493631362,30.240541,-92.99009
2020-08-27T08:04:25.497827529,30.26012,-92.97532
2020-08-27T08:04:25.501642227,30.261204,-92.97877
2020-08-27T08:04:25.503549575,30.26638,-92.97659
2020-08-27T08:04:25.507745742,30.240557,-92.9899
2020-08-27T08:04:25.519571304,30.279818,-92.99884
2020-08-27T08:04:25.521478652,30.264315,-92.97638
2020-08-27T08:04:25.523386001,30.24048,-92.98994
2020-08-27T08:04:25.525674819,30.257103,-92.97218
2020-08-27T08:04:25.527582168,30.266771,-92.970535
2020-08-27T08:04:25.529489517,30.2576,-92.969604
2020-08-27T08:04:25.531396865,30.25759,-92.968124
2020-08-27T08:04:25.533304214,30.258192,-92.96791
2020-08-27T08:04:25.535593032,30.254053,-92.964294
2020-08-27T08:04:25.537500381,30.251911,-92.96366
2020-08-27T08:04:25.539407730,30.252815,-92.96258
2020-08-27T08:04:25.541315078,30.256083,-92.96331
2020-08-27T08:04:25.543222427,30.239655,-92.96097
2020-08-27T08:04:25.545511245,30.255365,-92.963524
2020-08-27T08:04:25.547418594,30.239683,-92.962006
2020-08-27T08:04:25.549325942,30.239752,-92.96407
2020-08-27T08:04:25.553523063,30.239601,-92.959145
2020-08-27T08:04:25.555430412,30.239676,-92.96136
2020-08-27T08:04:25.557337760,30.240599,-92.99004
2020-08-27T08:04:25.559245109,30.240591,-92.99005
2020-08-27T08:04:25.561152458,30.24058,-92.99006
2020-08-27T08:04:25.563441276,30.239729,-92.963844
2020-08-27T08:04:25.565348625,30.240559,-92.99007
2020-08-27T08:04:25.580988883,30.239595,-92.96027
2020-08-27T08:04:25.583277702,30.256153,-92.97249
2020-08-27T08:04:25.588999748,30.240557,-92.99003
2020-08-27T08:04:25.605021476,30.240519,-92.99002
2020-08-27T08:04:25.606928825,30.251106,-92.96846
2020-08-27T08:04:25.608836174,30.257076,-92.97269
2020-08-27T08:04:25.611124992,30.271158,-92.96786
2020-08-27T08:04:25.613033294,30.269514,-92.97075
2020-08-27T08:04:25.614940643,30.259626,-92.97085
2020-08-27T08:04:25.616847991,30.278267,-92.9706
2020-08-27T08:04:25.618755340,30.285433,-93.000114
2020-08-27T08:04:25.621044158,30.282341,-92.973625
2020-08-27T08:04:25.622951507,30.285294,-93.00007
2020-08-27T08:04:25.624858856,30.240557,-92.989975
2020-08-27T08:04:25.626766204,30.240543,-92.98996
2020-08-27T08:04:25.629055023,30.240534,-92.98995
2020-08-27T08:04:25.630962371,30.267313,-92.97832
2020-08-27T08:04:25.632869720,30.266018,-92.974075
2020-08-27T08:04:25.634777069,30.28534,-92.98069
2020-08-27T08:04:25.636684417,30.2922,-92.97779
2020-08-27T08:04:25.638973236,30.240519,-92.9899
2020-08-27T08:04:25.827803611,30.28451,-92.99974
2020-08-27T08:04:25.843443870,30.249811,-92.96898
2020-08-27T08:04:25.845732688,30.252182,-92.97423
2020-08-27T08:04:25.851454734,30.272898,-92.978294
2020-08-27T08:04:25.853362083,30.267328,-92.98299
2020-08-27T08:04:25.855650901,30.25445,-92.96678
2020-08-27T08:04:25.857558250,30.285646,-92.999916
2020-08-27T08:04:25.867477416,30.160013,-92.97165
2020-08-27T08:04:25.891128540,30.196596,-92.93678
2020-08-27T08:04:25.909057617,30.184498,-92.93619
2020-08-27T08:04:25.925080299,30.282148,-92.999146
2020-08-27T08:04:25.926987648,30.282856,-92.966125
2020-08-27T08:04:25.928894996,30.267935,-92.95948
2020-08-27T08:04:25.931183815,30.226854,-92.94934
2020-08-27T08:04:25.933091163,30.232859,-92.95152
2020-08-27T08:04:25.934998512,30.231907,-92.950424
2020-08-27T08:04:25.936905860,30.217833,-92.94813
2020-08-27T08:04:25.939194679,30.234282,-92.95377
2020-08-27T08:04:25.941102027,30.225931,-92.95237
2020-08-27T08:04:25.943009376,30.234997,-92.957924
2020-08-27T08:04:25.944916725,30.229109,-92.95175
2020-08-27T08:04:25.946824073,30.251186,-92.963486
2020-08-27T08:04:25.949112892,30.224176,-92.94071
2020-08-27T08:04:25.951020240,30.240534,-92.98982
2020-08-27T08:04:25.952927589,30.21433,-92.94709
2020-08-27T08:04:25.954834938,30.23977,-92.96522
2020-08-27T08:04:25.959031105,30.24058,-92.989845
2020-08-27T08:04:25.970856666,30.27647,-92.959984
2020-08-27T08:04:25.998704910,30.194515,-92.93546
2020-08-27T08:04:26.000612258,30.212206,-92.94634
2020-08-27T08:04:26.002519607,30.20642,-92.94627
2020-08-27T08:04:26.004808425,30.219343,-92.94067
2020-08-27T08:04:26.006715774,30.199429,-92.93519
2020-08-27T08:04:26.010530471,30.228285,-92.94588
2020-08-27T08:04:26.012437820,30.239655,-92.96338
2020-08-27T08:04:26.014726638,30.197502,-92.95212
2020-08-27T08:04:26.016633987,30.203897,-92.935905
2020-08-27T08:04:26.018541336,30.19782,-92.933205
2020-08-27T08:04:26.040285110,30.270226,-92.964005
2020-08-27T08:04:26.042573928,30.27407,-92.9697
2020-08-27T08:04:26.044481277,30.288107,-92.96354
2020-08-27T08:04:26.046389579,30.282228,-92.9683
2020-08-27T08:04:26.048296928,30.276022,-92.9653
2020-08-27T08:04:26.050204277,30.28935,-92.972664
2020-08-27T08:04:26.052493095,30.292768,-92.96857
2020-08-27T08:04:26.054400444,30.298372,-92.970894
2020-08-27T08:04:26.056307792,30.293274,-92.96792
2020-08-27T08:04:26.058215141,30.297852,-92.975204
2020-08-27T08:04:26.060122489,30.299809,-92.97255
2020-08-27T08:04:26.062411308,30.321266,-93.00802
2020-08-27T08:04:26.064318656,30.319967,-92.967804
2020-08-27T08:04:26.066226005,30.319864,-92.964775
2020-08-27T08:04:26.068133354,30.319908,-92.9662
2020-08-27T08:04:26.070040702,30.319963,-92.96762
2020-08-27T08:04:26.097887992,30.301125,-93.003525
2020-08-27T08:04:26.100176811,30.275991,-92.96992
2020-08-27T08:04:26.112003326,30.23921,-92.946205
2020-08-27T08:04:26.199360847,30.282955,-92.96135
2020-08-27T08:04:26.201268196,30.280357,-92.998764
2020-08-27T08:04:26.445794105,30.345413,-92.98308
2020-08-27T08:04:26.448082923,30.326698,-92.95345
2020-08-27T08:04:26.449990272,30.354145,-92.95329
2020-08-27T08:04:26.451897621,30.352455,-92.94144
2020-08-27T08:04:26.453804969,30.349092,-92.93718
2020-08-27T08:04:26.455712318,30.376057,-92.9328
2020-08-27T08:04:26.458001136,30.372349,-92.93336
2020-08-27T08:04:26.459908485,30.375559,-92.93259
2020-08-27T08:04:26.461815834,30.374628,-92.93587
2020-08-27T08:04:26.463723182,30.3756,-92.937256
2020-08-27T08:04:26.466012001,30.343933,-92.94292
2020-08-27T08:04:26.467919349,30.371964,-92.94417
2020-08-27T08:04:26.469826698,30.361952,-92.93907
2020-08-27T08:04:26.471734046,30.373941,-92.94224
2020-08-27T08:04:26.473641395,30.385227,-92.94288
2020-08-27T08:04:26.475930213,30.378923,-92.93777
2020-08-27T08:04:26.477837562,30.345175,-92.942055
2020-08-27T08:04:26.479745864,30.339247,-92.95151
2020-08-27T08:04:26.481653213,30.348892,-92.9593
2020-08-27T08:04:26.483560562,30.37458,-92.950806
2020-08-27T08:04:26.485849380,30.352734,-92.95119
2020-08-27T08:04:26.684597969,30.269386,-92.97531
2020-08-27T08:04:26.686505317,30.267971,-92.96439
2020-08-27T08:04:26.688412666,30.320108,-92.96758
2020-08-27T08:04:26.690320014,30.300291,-92.95775
2020-08-27T08:04:26.706341743,30.365517,-92.93577
2020-08-27T08:04:26.708249092,30.348856,-92.95424
2020-08-27T08:04:26.710537910,30.39915,-92.93305
2020-08-27T08:04:26.867324829,30.480028,-92.95137
2020-08-27T08:04:26.869232177,30.480042,-92.95137
2020-08-27T08:04:26.871520996,30.480057,-92.95136
2020-08-27T08:04:26.875335693,30.416868,-92.976364
2020-08-27T08:04:26.877243041,30.423227,-92.97262
2020-08-27T08:04:26.916916847,30.437557,-92.96837
2020-08-27T08:05:28.855957031,28.57595,-91.824486
2020-08-27T08:05:28.863967895,28.547215,-91.814575
2020-08-27T08:05:28.865875244,28.588202,-91.82337
2020-08-27T08:05:28.868164062,28.547207,-91.81459
2020-08-27T08:05:28.923478126,28.565458,-91.875725
2020-08-27T08:05:28.925766944,28.556568,-91.87317
2020-08-27T08:05:28.959337234,28.558128,-91.88422
2020-08-27T08:05:29.001298904,28.547285,-91.81459
2020-08-27T08:05:29.040972709,28.52806,-91.94888
2020-08-27T08:05:29.104679107,28.548649,-91.91225
2020-08-27T08:05:29.106586456,28.56932,-91.85564
2020-08-27T08:05:29.164189338,28.585835,-91.86502
2020-08-27T08:05:29.166096687,28.581398,-91.849754
2020-08-27T08:05:29.172200202,28.605913,-91.848785
2020-08-27T08:05:29.313345909,28.471424,-91.88942
2020-08-27T08:05:29.317160606,28.540281,-91.89467
2020-08-27T08:05:29.319449424,28.525248,-91.92139
2020-08-27T08:05:29.321356773,28.532707,-91.91558
2020-08-27T08:05:29.323264122,28.535563,-91.895905
2020-08-27T08:05:29.325171470,28.535513,-91.89494
2020-08-27T08:05:29.327079772,28.515614,-91.88354
2020-08-27T08:05:29.329368591,28.513327,-91.887505
2020-08-27T08:05:29.331275939,28.526537,-91.88135
2020-08-27T08:05:29.333183288,28.514486,-91.88593
2020-08-27T08:05:29.335090637,28.52603,-91.881645
2020-08-27T08:05:29.337379455,28.516079,-91.882484
2020-08-27T08:05:29.339286804,28.525312,-91.86145
2020-08-27T08:05:29.341194152,28.511185,-91.85005
2020-08-27T08:05:29.343101501,28.52606,-91.859344
2020-08-27T08:05:29.345008850,28.511696,-91.88528
2020-08-27T08:05:29.347297668,28.527744,-91.87892
2020-08-27T08:05:42.822538852,27.565628,-92.69493
2020-08-27T08:05:42.824446201,27.564655,-92.66114
2020-08-27T08:05:42.903792858,27.56494,-92.667564
2020-08-27T08:05:53.649198532,28.597103,-91.7443
2020-08-27T08:05:53.651487350,28.555233,-91.79116
2020-08-27T08:05:53.673231124,28.622313,-91.74004
2020-08-27T08:05:53.732740402,28.558647,-91.779396
2020-08-27T08:05:53.735029220,28.555744,-91.804474
2020-08-27T08:05:53.871978759,28.546549,-91.81486
2020-08-27T08:05:53.879991531,28.482994,-91.899666
2020-08-27T08:05:53.881898880,28.469545,-91.844955
2020-08-27T08:05:53.889909744,28.582968,-91.68626
2020-08-27T08:05:53.967348098,28.539438,-91.70791
2020-08-27T08:05:54.011219024,28.465696,-91.70937
2020-08-27T08:05:54.011219024,28.621237,-91.69768
2020-08-27T08:06:24.090182304,30.480396,-92.95202
2020-08-27T08:06:24.092089653,30.480406,-92.95203
2020-08-27T08:06:24.108111381,30.430557,-92.97004
2020-08-27T08:06:24.110018730,30.429144,-92.973526
2020-08-27T08:06:24.112307548,30.42423,-92.974335
2020-08-27T08:06:24.114214897,30.411276,-92.969025
2020-08-27T08:06:24.116122245,30.40099,-92.979965
2020-08-27T08:06:24.118029594,30.40099,-92.98022
2020-08-27T08:06:24.119936943,30.400955,-92.97945
2020-08-27T08:06:24.126040458,30.400911,-92.97886
2020-08-27T08:06:24.129856109,30.38493,-92.984344
2020-08-27T08:06:24.132144927,30.400696,-92.972595
2020-08-27T08:06:24.134052276,30.374102,-92.97217
2020-08-27T08:06:24.135959625,30.38768,-92.9704
2020-08-27T08:06:24.137866973,30.366322,-92.969246
2020-08-27T08:06:24.140155792,30.367004,-92.971214
2020-08-27T08:06:24.142063140,30.364252,-92.96766
2020-08-27T08:06:24.143970489,30.509068,-92.95854
2020-08-27T08:06:24.145877838,30.480413,-92.95201
2020-08-27T08:06:24.149692535,30.515032,-92.95984
2020-08-27T08:06:24.151981353,30.511719,-92.959076
2020-08-27T08:06:24.155796051,30.480392,-92.95193
2020-08-27T08:06:24.157703399,30.520697,-92.96107
2020-08-27T08:06:24.159992218,30.519762,-92.960884
2020-08-27T08:06:24.161899566,30.480335,-92.95196
2020-08-27T08:06:24.163806915,30.526052,-92.962364
2020-08-27T08:06:24.165714263,30.523752,-92.96187
2020-08-27T08:06:24.167621612,30.50194,-92.954926
2020-08-27T08:06:24.169910430,30.470272,-92.95965
2020-08-27T08:06:24.171817779,30.523552,-92.96183
2020-08-27T08:06:24.173725128,30.320093,-92.96129
2020-08-27T08:06:24.173725128,30.525293,-92.96222
2020-08-27T08:06:24.175632476,30.457676,-92.97373
2020-08-27T08:06:24.177539825,30.489662,-92.97749
2020-08-27T08:06:24.179828643,30.480356,-92.951996
2020-08-27T08:06:24.181735992,30.561373,-92.97039
2020-08-27T08:06:24.209584236,30.403515,-92.952194
2020-08-27T08:06:24.211491584,30.437603,-92.93969
2020-08-27T08:06:24.213398933,30.3799,-92.95339
2020-08-27T08:06:24.215687751,30.400734,-92.95599
2020-08-27T08:06:24.217595100,30.400698,-92.972275
2020-08-27T08:06:24.219502449,30.361551,-92.92515
2020-08-27T08:06:24.237431526,30.376583,-92.96338
2020-08-27T08:06:24.239338874,30.319817,-92.95243
2020-08-27T08:06:24.241246223,30.33898,-92.95341
2020-08-27T08:06:24.243535041,30.31988,-92.95484
2020-08-27T08:06:24.245442390,30.31861,-92.91553
2020-08-27T08:06:24.513620376,30.398363,-92.996254
2020-08-27T08:06:24.523538589,30.342325,-92.98084
2020-08-27T08:06:24.555582046,30.2547,-92.9302
2020-08-27T08:06:24.575419425,30.239233,-92.940895
2020-08-27T08:06:24.607081413,30.25569,-92.95143
2020-08-27T08:06:24.633022308,30.239119,-92.93733
2020-08-27T08:06:24.634929656,30.257736,-92.92388
2020-08-27T08:06:24.652858734,30.240692,-92.927475
2020-08-27T08:06:24.684903144,30.248173,-92.93076
2020-08-27T08:06:24.716565132,30.253912,-92.93802
2020-08-27T08:06:24.758146286,30.239115,-92.93643
2020-08-27T08:07:02.375067710,28.624947,-91.829994
2020-08-27T08:07:02.376975059,28.624947,-91.82999
2020-08-27T08:07:02.375067710,28.506569,-92.01367
2020-08-27T08:07:02.376975059,28.504097,-92.01382
2020-08-27T08:07:02.378882408,28.528564,-91.98236
2020-08-27T08:07:02.381171703,28.564613,-91.88411
2020-08-27T08:07:31.601818084,28.468407,-91.798775
2020-08-27T08:07:31.607921600,28.468388,-91.79882
2020-08-27T08:07:31.609828948,28.451212,-91.79546
2020-08-27T08:07:31.611736297,28.468426,-91.798805
2020-08-27T08:07:31.613643646,28.453346,-91.80736
2020-08-27T08:07:31.615550994,28.454733,-91.79778
2020-08-27T08:07:31.617839813,28.451727,-91.79552
2020-08-27T08:07:31.621654510,28.468483,-91.79878
2020-08-27T08:07:31.623561859,28.458265,-91.78857
2020-08-27T08:07:31.625850677,28.45974,-91.79211
2020-08-27T08:07:31.627758026,28.460999,-91.78609
2020-08-27T08:07:31.629665374,28.468456,-91.798775
2020-08-27T08:07:31.635768890,28.468456,-91.7988
2020-08-27T08:07:31.637676239,28.468456,-91.798805
2020-08-27T08:07:31.639583587,28.455719,-91.81218
2020-08-27T08:07:31.641490936,28.447186,-91.81016
2020-08-27T08:07:31.645687103,28.46839,-91.798744
2020-08-27T08:07:31.647596359,28.4641,-91.77921
2020-08-27T08:07:31.649503707,28.468374,-91.79872
2020-08-27T08:07:31.651411056,28.468386,-91.79873
2020-08-27T08:07:31.653318405,28.468397,-91.79874
2020-08-27T08:07:31.655607223,28.456945,-91.80689
2020-08-27T08:07:31.657514572,28.4544,-91.8066
2020-08-27T08:07:31.661329269,28.467625,-91.770676
2020-08-27T08:07:31.663618087,28.47079,-91.77442
2020-08-27T08:07:31.665525436,28.46755,-91.76845
2020-08-27T08:07:31.667432785,28.475048,-91.771706
2020-08-27T08:07:31.669340133,28.473766,-91.77241
2020-08-27T08:07:31.675443649,28.468452,-91.7987
2020-08-27T08:07:31.677350997,28.468468,-91.798676
2020-08-27T08:07:31.679258346,28.468475,-91.798676
2020-08-27T08:07:31.683454513,28.46761,-91.76776
2020-08-27T08:07:31.685361862,28.468485,-91.798744
2020-08-27T08:07:31.689176559,28.426395,-91.80439
2020-08-27T08:07:31.691465377,28.426653,-91.8074
2020-08-27T08:07:31.695280075,28.487047,-91.76503
2020-08-27T08:07:31.697187423,28.487085,-91.76632
2020-08-27T08:07:31.699094772,28.4673,-91.75683
2020-08-27T08:07:31.709012985,28.500711,-91.75625
2020-08-27T08:07:31.711301803,28.496212,-91.75933
2020-08-27T08:07:31.713209152,28.486307,-91.765335
2020-08-27T08:07:31.715116500,28.505562,-91.76411
2020-08-27T08:07:31.741056442,28.545864,-91.78238
2020-08-27T08:07:31.742963790,28.511814,-91.77188
2020-08-27T08:07:31.744871139,28.50401,-91.77326
2020-08-27T08:07:31.746778488,28.496357,-91.77833
2020-08-27T08:07:31.749067306,28.502495,-91.78036
2020-08-27T08:07:31.750974655,28.546776,-91.81403
2020-08-27T08:07:31.816589355,28.468452,-91.7987
2020-08-27T08:07:31.818496704,28.428345,-91.80605
2020-08-27T08:07:31.836425781,28.418673,-91.78898
2020-08-27T08:07:31.838333129,28.420475,-91.80244
2020-08-27T08:07:31.840240478,28.422153,-91.802704
2020-08-27T08:07:31.842529296,28.423931,-91.806274
2020-08-27T08:07:31.856262207,28.415104,-91.788345
2020-08-27T08:07:31.858169555,28.422512,-91.78977
2020-08-27T08:07:31.868087768,28.3903,-91.78364
2020-08-27T08:07:31.880294799,28.407207,-91.7931
2020-08-27T08:07:31.882202148,28.421694,-91.805435
2020-08-27T08:07:31.884109497,28.429075,-91.79115
2020-08-27T08:07:31.890213012,28.390327,-91.783585
2020-08-27T08:07:31.892120361,28.41418,-91.788216
2020-08-27T08:07:31.894029617,28.420216,-91.800476
2020-08-27T08:07:31.895936965,28.416142,-91.78906
2020-08-27T08:07:31.898225784,28.429207,-91.79107
2020-08-27T08:07:31.900133132,28.41229,-91.77867
2020-08-27T08:07:31.902040481,28.41634,-91.79019
2020-08-27T08:07:31.908143997,28.390438,-91.78356
2020-08-27T08:07:31.910051345,28.414764,-91.76566
2020-08-27T08:07:31.918062210,28.389229,-91.74423
2020-08-27T08:07:31.949724197,28.387753,-91.693634
2020-08-27T08:07:31.959642410,28.407084,-91.71096
2020-08-27T08:07:31.961549758,28.420034,-91.752174
2020-08-27T08:07:31.963838577,28.390306,-91.78362
2020-08-27T08:07:31.969560623,28.426369,-91.70114
2020-08-27T08:07:31.971467971,28.424698,-91.70081
2020-08-27T08:07:31.973756790,28.415888,-91.72303
2020-08-27T08:07:31.975664138,28.422905,-91.764534
2020-08-27T08:07:31.977571487,28.41887,-91.74517
2020-08-27T08:07:31.979478836,28.423504,-91.782036
2020-08-27T08:07:31.981386184,28.43142,-91.791626
2020-08-27T08:07:31.983675003,28.433895,-91.69263
2020-08-27T08:07:31.985582351,28.419401,-91.716934
2020-08-27T08:07:31.987489700,28.422312,-91.71902
2020-08-27T08:07:31.989397048,28.425272,-91.779854
2020-08-27T08:07:31.991685867,28.439827,-91.691734
2020-08-27T08:07:31.993593215,28.429518,-91.71832
2020-08-27T08:07:31.995500564,28.420904,-91.70636
2020-08-27T08:07:31.997407913,28.457115,-91.77605
2020-08-27T08:07:31.999315261,28.434084,-91.733215
2020-08-27T08:07:32.001604080,28.435835,-91.747284
2020-08-27T08:07:32.003511428,28.436445,-91.718605
2020-08-27T08:07:32.005418777,28.43025,-91.70846
2020-08-27T08:07:32.007326126,28.432772,-91.71609
2020-08-27T08:07:32.009233474,28.442955,-91.712395
2020-08-27T08:07:32.011522293,28.41826,-91.73138
2020-08-27T08:07:32.013429641,28.44666,-91.69337
2020-08-27T08:07:32.017244338,28.465027,-91.673096
2020-08-27T08:07:32.019153594,28.44507,-91.72946
2020-08-27T08:07:32.021442413,28.463495,-91.61874
2020-08-27T08:07:32.021442413,28.468554,-91.79886
2020-08-27T08:07:31.842529296,28.31972,-92.038475
2020-08-27T08:07:31.882202148,28.31981,-92.03858
2020-08-27T08:07:32.021442413,28.441313,-91.715256
2020-08-27T08:07:32.023349761,28.466013,-91.70876
2020-08-27T08:07:32.025257110,28.453264,-91.68647
2020-08-27T08:07:32.029071807,28.465996,-91.70876
2020-08-27T08:07:32.031360626,28.465342,-91.685974
2020-08-27T08:07:32.033267974,28.465342,-91.68648
2020-08-27T08:07:32.035175323,28.456364,-91.70039
2020-08-27T08:07:32.037082672,28.438847,-91.72046
2020-08-27T08:07:32.039371490,28.436575,-91.73772
2020-08-27T08:07:32.041278839,28.465322,-91.685936
2020-08-27T08:07:32.043186187,28.43574,-91.704155
2020-08-27T08:07:32.045093536,28.437628,-91.7368
2020-08-27T08:07:32.047000885,28.466026,-91.70877
2020-08-27T08:07:32.076755523,28.555542,-91.845894
2020-08-27T08:07:32.120624542,28.55908,-91.83839
2020-08-27T08:07:32.122531890,28.546902,-91.81421
2020-08-27T08:07:32.134738922,28.54382,-91.70437
2020-08-27T08:07:32.138553619,28.544378,-91.724
2020-08-27T08:07:32.140460968,28.540464,-91.70821
2020-08-27T08:07:32.265968322,28.468683,-91.7989
2020-08-27T08:07:32.386894226,28.522242,-91.990555
2020-08-27T08:07:32.450601577,28.52043,-91.98495
2020-08-27T08:07:32.472726821,28.545849,-91.99961
2020-08-27T08:07:32.506296157,28.54754,-91.99665
2020-08-27T08:07:32.548259735,28.542173,-91.95663
2020-08-27T08:07:32.581829071,28.5342,-91.97982
2020-08-27T08:07:32.621501922,28.57266,-91.95655
2020-08-27T08:07:32.641721725,28.473848,-91.97924
2020-08-27T08:07:32.643629074,28.506472,-91.858376
2020-08-27T08:07:32.645536422,28.43227,-91.79169
2020-08-27T08:07:32.647443771,28.39047,-91.78352
2020-08-27T08:07:32.677198410,28.455189,-91.820526
2020-08-27T08:07:32.679487228,28.472382,-91.82375
2020-08-27T08:08:00.339514255,28.622458,-91.87036
2020-08-27T08:08:00.341421604,28.615812,-91.86324
2020-08-27T08:08:00.385291099,28.603514,-91.864235
2020-08-27T08:08:00.387198448,28.597486,-91.86104
2020-08-27T08:08:00.418860912,28.599184,-91.79901
2020-08-27T08:08:00.444801330,28.625038,-91.83028
2020-08-27T08:08:00.458534240,28.61022,-91.831604
2020-08-27T08:08:00.460823059,28.608034,-91.81903
2020-08-27T08:08:00.510415077,28.545927,-91.9209
2020-08-27T08:08:00.512322425,28.568596,-91.88298
2020-08-27T08:08:00.514229774,28.54665,-91.814865
2020-08-27T08:08:00.538262844,28.529497,-91.95669
2020-08-27T08:08:00.540170192,28.560665,-91.90153
2020-08-27T08:08:00.699245452,28.599773,-91.793
2020-08-27T08:08:00.836576938,28.568504,-91.87617
2020-08-27T08:08:00.838484287,28.59731,-91.85276
2020-08-27T08:08:00.842298984,28.581612,-91.81508
2020-08-27T08:08:00.844206333,28.585484,-91.81245
2020-08-27T08:08:00.846495151,28.604258,-91.773285
2020-08-27T08:08:00.848402500,28.595768,-91.79924
2020-08-27T08:08:00.848402500,28.473513,-91.98003
2020-08-27T08:08:00.850309848,28.545399,-91.95214
2020-08-27T08:08:00.852217197,28.562233,-91.90827
2020-08-27T08:08:00.914016246,28.621342,-91.69767
2020-08-27T08:08:00.915923595,28.606155,-91.76977
2020-08-27T08:08:01.023118495,28.60775,-91.76094
2020-08-27T08:08:01.025407314,28.58124,-91.80313
2020-08-27T08:08:01.027314662,28.604048,-91.790215
2020-08-27T08:08:01.063173294,28.60998,-91.78026
2020-08-27T08:08:01.065080642,28.587858,-91.76052
2020-08-27T08:08:01.066987991,28.623674,-91.78192
2020-08-27T08:08:01.291676998,28.637468,-91.75599
2020-08-27T08:08:01.293584346,28.608622,-91.75415
2020-08-27T08:08:01.295491695,28.604181,-91.764145
2020-08-27T08:08:12.704664230,30.377882,-93.00016
2020-08-27T08:08:12.708860397,30.402166,-93.02667
2020-08-27T08:08:12.712675094,30.36259,-93.01768
2020-08-27T08:08:12.720685958,30.365877,-93.00309
2020-08-27T08:08:12.726789474,30.35565,-92.99455
2020-08-27T08:08:12.732511520,30.321379,-93.00836
2020-08-27T08:08:12.738615036,30.321371,-93.0084
2020-08-27T08:08:12.758451461,30.369665,-92.982056
2020-08-27T08:08:12.760360717,30.37018,-92.98097
2020-08-27T08:08:12.762268066,30.350233,-92.97495
2020-08-27T08:08:12.764556884,30.368965,-92.975334
2020-08-27T08:08:12.766464233,30.351694,-92.97308
2020-08-27T08:08:12.768371582,30.351578,-92.971214
2020-08-27T08:08:12.770278930,30.350737,-92.96911
2020-08-27T08:08:12.772186279,30.351448,-92.96927
2020-08-27T08:08:12.774475097,30.350153,-92.96755
2020-08-27T08:08:12.776382446,30.356628,-92.964134
2020-08-27T08:08:12.778289794,30.358782,-92.963394
2020-08-27T08:08:12.780197143,30.355936,-92.962975
2020-08-27T08:08:12.782485961,30.361012,-92.96505
2020-08-27T08:08:12.784393310,30.363365,-92.96609
2020-08-27T08:08:12.786300659,30.358812,-92.96277
2020-08-27T08:08:12.788208007,30.36737,-92.96255
2020-08-27T08:08:12.790115356,30.364159,-92.96387
2020-08-27T08:08:12.792404174,30.374489,-92.9696
2020-08-27T08:08:12.794311523,30.318363,-92.915245
2020-08-27T08:08:12.796218872,30.35397,-92.962685
2020-08-27T08:08:12.798126220,30.353403,-92.96273
2020-08-27T08:08:12.800033569,30.365366,-92.967285
2020-08-27T08:08:12.802322387,30.34738,-92.96041
2020-08-27T08:08:12.804229736,30.352465,-92.96341
2020-08-27T08:08:12.806137084,30.354212,-92.96699
2020-08-27T08:08:12.808044433,30.339071,-92.96202
2020-08-27T08:08:12.809951782,30.339434,-92.96412
2020-08-27T08:08:12.812240600,30.3407,-92.96394
2020-08-27T08:08:12.814147949,30.351788,-92.96704
2020-08-27T08:08:12.816055297,30.336329,-92.956795
2020-08-27T08:08:12.817962646,30.341248,-92.95995
2020-08-27T08:08:12.820251464,30.31962,-92.95488
2020-08-27T08:08:12.824066162,30.318398,-92.91522
2020-08-27T08:08:12.905702590,30.239126,-92.94332
2020-08-27T08:08:12.907609939,30.240625,-92.9901
2020-08-27T08:08:12.909517288,30.239132,-92.94373
2020-08-27T08:08:12.913713455,30.239086,-92.94304
2020-08-27T08:08:12.915620803,30.271746,-92.95084
2020-08-27T08:08:12.917528152,30.320704,-92.965324
2020-08-27T08:08:12.919435501,30.257801,-92.94574
2020-08-27T08:08:12.921342849,30.283562,-92.95217
2020-08-27T08:08:12.923250198,30.400795,-92.98705
2020-08-27T08:08:12.923631668,30.239265,-92.94954
2020-08-27T08:08:12.925539016,30.270681,-92.95408
2020-08-27T08:08:12.931261062,30.23927,-92.94989
2020-08-27T08:08:12.939271926,30.240566,-92.98998
2020-08-27T08:08:12.941179275,30.239435,-92.95386
2020-08-27T08:08:12.943468093,30.40072,-92.983
2020-08-27T08:08:12.945375442,30.336243,-92.96874
2020-08-27T08:08:12.947282791,30.307867,-92.97053
2020-08-27T08:08:12.949190139,30.40081,-92.98451
2020-08-27T08:08:12.981233596,30.400497,-92.97578
2020-08-27T08:08:13.036930084,30.319847,-92.961205
2020-08-27T08:08:13.042652130,30.319355,-92.94683
2020-08-27T08:08:13.044559478,30.318321,-92.915085
2020-08-27T08:08:13.052570343,30.319334,-92.947296
2020-08-27T08:08:13.054859161,30.3183,-92.91511
2020-08-27T08:08:13.142217636,30.321287,-93.00824
2020-08-27T08:08:13.150228500,30.323471,-92.97434
2020-08-27T08:08:13.152135848,30.272243,-92.95213
2020-08-27T08:08:13.155950546,30.320559,-92.984085
2020-08-27T08:08:13.160146713,30.321335,-93.00827
2020-08-27T08:08:13.163961410,30.320663,-92.98821
2020-08-27T08:08:13.165868759,30.352137,-92.98684
2020-08-27T08:08:13.168157577,30.32128,-93.00816
2020-08-27T08:08:13.170064926,30.321287,-93.00818
2020-08-27T08:08:13.178075790,30.210253,-92.93186
2020-08-27T08:08:13.179983139,30.32892,-92.98808
2020-08-27T08:08:13.205923080,30.278643,-92.99859
2020-08-27T08:08:13.207830429,30.280964,-92.97655
2020-08-27T08:08:13.209737777,30.338224,-92.98405
2020-08-27T08:08:13.239492416,30.269403,-92.981865
2020-08-27T08:08:13.247503280,30.240536,-92.99005
2020-08-27T08:08:13.257423400,30.262112,-92.98268
2020-08-27T08:08:13.259330749,30.307636,-92.97556
2020-08-27T08:08:13.261238098,30.366016,-92.986084
2020-08-27T08:08:13.271537780,30.203333,-92.926285
2020-08-27T08:08:13.273445129,30.282995,-92.97766
2020-08-27T08:08:13.275352478,30.282663,-92.98798
2020-08-27T08:08:13.277259826,30.28055,-92.99919
2020-08-27T08:08:13.301292419,30.20614,-92.92515
2020-08-27T08:08:13.362709045,30.199358,-92.92417
2020-08-27T08:08:13.400476455,30.198997,-92.919235
2020-08-27T08:08:13.402765274,30.237503,-92.89705
2020-08-27T08:08:13.412683486,30.156921,-92.87903
2020-08-27T08:08:13.420312881,30.278738,-92.85777
2020-08-27T08:08:13.470285415,30.208101,-92.923904
2020-08-27T08:08:13.484018325,30.237616,-92.897064
2020-08-27T08:08:13.498132705,30.238787,-92.93474
2020-08-27T08:08:13.531703948,30.194637,-92.91412
2020-08-27T08:08:29.442284584,30.522537,-92.96194
2020-08-27T08:08:29.444191932,30.525248,-92.96253
2020-08-27T08:08:29.446480751,30.523594,-92.962135
2020-08-27T08:08:29.448388099,30.529472,-92.96347
2020-08-27T08:08:29.450296401,30.530779,-92.96379
2020-08-27T08:08:29.452203750,30.528172,-92.96322
2020-08-27T08:08:29.454111099,30.47989,-92.95228
2020-08-27T08:08:29.499887466,30.560827,-92.9706
2020-08-27T08:08:29.501794815,30.560837,-92.970604
2020-08-27T08:08:29.504083633,30.559156,-92.98995
2020-08-27T08:08:29.511713981,30.560858,-92.970604
2020-08-27T08:08:29.883652687,30.501814,-92.9613
2020-08-27T08:08:29.885560035,30.492994,-92.94491
2020-08-27T08:08:29.887848854,30.481379,-92.929985
2020-08-27T08:08:29.889756202,30.468946,-92.936325
2020-08-27T08:08:29.935532569,30.479723,-92.952095
2020-08-27T08:08:29.937439918,30.496954,-92.943504
2020-08-27T08:08:52.586025238,28.645004,-91.71151
2020-08-27T08:08:52.657743453,28.654068,-91.70808
2020-08-27T08:08:52.689405441,28.65207,-91.70397
2020-08-27T08:08:52.709241867,28.64175,-91.70608
2020-08-27T08:08:52.711149215,28.635523,-91.73114
2020-08-27T08:08:52.713438034,28.642773,-91.693344
2020-08-27T08:08:52.854583740,28.514488,-91.754845
2020-08-27T08:08:52.856491088,28.54199,-91.74834
2020-08-27T08:08:52.864501953,28.50393,-91.76916
2020-08-27T08:08:52.870223999,28.545317,-91.77833
2020-08-27T08:08:52.872512817,28.521124,-91.77067
2020-08-27T08:08:52.874420166,28.529081,-91.76326
2020-08-27T08:08:52.876327514,28.498838,-91.77087
2020-08-27T08:08:52.880142211,28.47862,-91.77499
2020-08-27T08:08:52.882431030,28.494656,-91.76527
2020-08-27T08:08:52.890062332,28.46716,-91.7715
2020-08-27T08:08:52.902269363,28.467192,-91.77317
2020-08-27T08:08:52.904176712,28.467121,-91.77067
2020-08-27T08:08:52.906084060,28.46794,-91.79968
2020-08-27T08:08:52.969789505,28.52944,-91.771545
2020-08-27T08:08:53.172353744,28.546223,-91.81489
2020-08-27T08:08:53.268104553,28.583344,-91.760605
2020-08-27T08:08:53.270011901,28.541265,-91.78478
2020-08-27T08:08:53.271919250,28.639513,-91.68659
2020-08-27T08:08:53.273826599,28.619675,-91.649925
2020-08-27T08:08:53.307777404,28.624712,-91.830444
2020-08-27T08:08:53.327613830,28.546337,-91.81493
2020-08-27T08:08:53.333717346,28.487068,-91.77029
2020-08-27T08:08:53.335624694,28.467987,-91.79962
2020-08-27T08:08:53.339439392,28.467133,-91.769875
2020-08-27T08:08:53.341346740,28.467955,-91.799614
2020-08-27T08:08:53.383310317,28.479477,-91.779396
2020-08-27T08:08:53.385217666,28.474825,-91.78032
2020-08-27T08:08:53.387125015,28.477898,-91.77878
2020-08-27T08:08:53.389032363,28.493132,-91.78124
2020-08-27T08:08:53.391321182,28.46796,-91.79961
2020-08-27T08:08:53.413064956,28.455126,-91.7971
2020-08-27T08:08:53.414972305,28.463985,-91.78367
2020-08-27T08:08:53.416879653,28.467812,-91.79958
2020-08-27T08:08:53.512630462,28.492891,-91.78484
2020-08-27T08:08:53.550395965,28.514204,-91.77326
2020-08-27T08:08:53.552303314,28.467176,-91.77692
2020-08-27T08:09:20.549706935,30.359331,-92.97233
2020-08-27T08:09:20.551614284,30.368828,-92.96884
2020-08-27T08:09:20.553903102,30.368181,-92.965866
2020-08-27T08:09:20.557718276,30.39901,-92.934074
2020-08-27T08:09:20.627528190,30.318222,-92.91592
2020-08-27T08:09:20.629435539,30.318235,-92.915924
2020-08-27T08:09:20.672923564,30.300602,-92.90428
2020-08-27T08:09:20.675212383,30.3211,-92.9407
2020-08-27T08:09:20.680934906,30.308737,-92.91279
2020-08-27T08:09:20.682842254,30.359373,-92.968155
2020-08-27T08:09:20.685131072,30.359734,-92.97185
2020-08-27T08:09:20.706874847,30.361439,-92.961136
2020-08-27T08:09:20.708782672,30.374765,-92.96239
2020-08-27T08:09:20.710690021,30.363825,-92.95999
2020-08-27T08:09:20.712978839,30.374313,-92.96484
2020-08-27T08:09:20.714886188,30.375904,-92.96538
2020-08-27T08:09:20.716793537,30.37875,-92.965225
2020-08-27T08:09:20.720608234,30.399015,-92.934135
2020-08-27T08:09:20.724804401,30.398985,-92.934166
2020-08-27T08:09:20.726711750,30.39998,-92.965546
2020-08-27T08:09:20.730526447,30.398966,-92.93414
2020-08-27T08:09:20.736629962,30.400133,-92.96991
2020-08-27T08:09:20.776303768,30.320047,-92.97297
2020-08-27T08:09:20.778592586,30.320097,-92.97423
2020-08-27T08:09:20.780499935,30.320023,-92.97279
2020-08-27T08:09:20.784314632,30.320038,-92.97497
2020-08-27T08:09:20.788510799,30.34794,-92.97198
2020-08-27T08:09:20.790418148,30.337137,-92.956696
2020-08-27T08:09:20.792325496,30.344488,-92.96919
2020-08-27T08:09:20.794232845,30.338573,-92.972946
2020-08-27T08:09:20.796140193,30.337831,-92.97307
2020-08-27T08:09:20.798429012,30.351326,-92.96997
2020-08-27T08:09:20.802244186,30.34768,-92.98336
2020-08-27T08:09:20.804151535,30.346874,-92.96803
2020-08-27T08:09:20.806440353,30.319708,-92.965836
2020-08-27T08:09:20.810255050,30.352036,-92.970474
2020-08-27T08:09:20.830091476,30.319593,-92.95874
2020-08-27T08:09:20.838102817,30.304615,-92.94913
2020-08-27T08:09:20.846113681,30.319777,-92.96592
2020-08-27T08:09:20.864043235,30.290726,-92.93716
2020-08-27T08:09:20.865950584,30.274622,-92.90607
2020-08-27T08:09:20.867857933,30.30103,-92.9476
2020-08-27T08:09:20.869765281,30.264042,-92.9037
2020-08-27T08:09:20.872054100,30.237526,-92.897766
2020-08-27T08:09:20.875868797,30.238384,-92.925125
2020-08-27T08:09:20.877776145,30.237501,-92.89779
2020-08-27T08:09:20.879683494,30.237473,-92.897766
2020-08-27T08:09:20.881972312,30.299294,-92.9341
2020-08-27T08:09:20.883879661,30.292624,-92.940025
2020-08-27T08:09:20.889601707,30.302923,-92.9331
2020-08-27T08:09:20.891890525,30.28011,-92.93471
2020-08-27T08:09:20.907531261,30.237516,-92.89775
2020-08-27T08:09:20.999085426,30.319664,-92.96265
2020-08-27T08:09:21.009003639,30.253344,-92.926834
2020-08-27T08:09:21.010910987,30.265114,-92.9364
2020-08-27T08:09:21.015107154,30.238474,-92.92656
2020-08-27T08:09:21.017014503,30.263567,-92.93562
2020-08-27T08:09:21.018922328,30.269258,-92.93647
2020-08-27T08:09:21.020829677,30.268543,-92.937355
2020-08-27T08:09:21.023118495,30.270245,-92.941765
2020-08-27T08:09:21.025025844,30.30848,-92.943726
2020-08-27T08:09:21.026933193,30.256252,-92.93767
2020-08-27T08:09:21.028840541,30.283047,-92.9483
2020-08-27T08:09:21.030747890,30.27671,-92.94186
2020-08-27T08:09:21.033036708,30.281515,-92.943344
2020-08-27T08:09:21.034944057,30.291498,-92.94121
2020-08-27T08:09:21.036851406,30.288622,-92.948616
2020-08-27T08:09:21.038758754,30.238365,-92.926056
2020-08-27T08:09:21.041047573,30.26462,-92.94012
2020-08-27T08:09:21.042954921,30.28632,-92.93631
2020-08-27T08:09:21.044862270,30.270985,-92.94183
2020-08-27T08:09:21.046769618,30.254183,-92.92965
2020-08-27T08:09:21.048676967,30.237505,-92.89769
2020-08-27T08:09:21.056688308,30.253935,-92.94875
2020-08-27T08:09:21.058595657,30.27643,-92.94769
2020-08-27T08:09:21.060884475,30.278065,-92.90686
2020-08-27T08:09:21.116580009,30.354641,-92.963295
2020-08-27T08:09:21.118487358,30.363182,-92.960594
2020-08-27T08:09:21.120394706,30.357773,-92.96303
2020-08-27T08:09:21.122302055,30.398975,-92.93413
2020-08-27T08:09:21.126498222,30.36169,-92.962975
2020-08-27T08:09:21.128405570,30.39893,-92.93414
2020-08-27T08:09:21.164264202,30.341959,-92.96118
2020-08-27T08:09:21.189823150,30.28677,-92.93625
2020-08-27T08:09:51.528575897,28.667536,-91.839226
2020-08-27T08:09:51.659803390,28.651594,-91.86368
2020-08-27T08:09:51.661710739,28.626062,-91.83111
2020-08-27T08:09:51.924165725,28.625906,-91.83101
2020-08-27T08:09:51.952013015,28.644842,-91.861725
2020-08-27T08:09:52.035556793,28.655722,-91.870766
2020-08-27T08:09:52.162588119,28.63995,-91.883575
2020-08-27T08:09:52.172506332,28.644228,-91.86811
2020-08-27T08:10:20.967804431,28.506968,-91.80058
2020-08-27T08:10:20.977722644,28.525152,-91.79884
2020-08-27T08:10:20.989930152,28.546661,-91.81556
2020-08-27T08:10:20.991837501,28.52327,-91.81097
2020-08-27T08:10:20.995652198,28.5091,-91.80027
2020-08-27T08:10:20.997559547,28.52104,-91.81049
2020-08-27T08:10:20.999848365,28.52398,-91.81107
2020-08-27T08:10:21.001755714,28.512783,-91.78546
2020-08-27T08:10:21.003663063,28.546682,-91.815544
2020-08-27T08:10:21.011673927,28.545704,-91.77879
2020-08-27T08:10:21.013581275,28.523972,-91.777565
2020-08-27T08:10:21.015488624,28.545593,-91.774574
2020-08-27T08:10:21.029603481,28.537975,-91.77242
2020-08-27T08:10:21.031510829,28.531347,-91.77029
2020-08-27T08:10:21.033418178,28.545338,-91.767265
2020-08-27T08:10:21.037614345,28.53524,-91.77517
2020-08-27T08:10:21.039521694,28.534616,-91.77022
2020-08-27T08:10:21.041429042,28.530321,-91.77731
2020-08-27T08:10:21.043336391,28.512186,-91.77019
2020-08-27T08:10:21.045243740,28.468342,-91.80022
2020-08-27T08:10:21.075380325,28.544094,-91.72532
2020-08-27T08:10:21.077287673,28.544931,-91.75461
2020-08-27T08:10:21.085299015,28.544138,-91.725266
2020-08-27T08:10:21.087206363,28.544943,-91.75348
2020-08-27T08:10:21.089113712,28.5447,-91.74467
2020-08-27T08:10:21.091021060,28.549416,-91.747025
2020-08-27T08:10:21.093309879,28.544163,-91.72526
2020-08-27T08:10:21.099031925,28.544172,-91.72525
2020-08-27T08:10:21.100939273,28.544167,-91.72524
2020-08-27T08:10:21.103228092,28.54416,-91.72523
2020-08-27T08:10:21.121157646,28.499624,-91.76232
2020-08-27T08:10:21.123064994,28.495584,-91.76424
2020-08-27T08:10:21.124972343,28.49015,-91.76248
2020-08-27T08:10:21.126879692,28.467028,-91.75154
2020-08-27T08:10:21.138705253,28.54416,-91.725266
2020-08-27T08:10:21.140994071,28.544184,-91.725266
2020-08-27T08:10:21.142901897,28.544207,-91.725266
2020-08-27T08:10:21.144809246,28.544228,-91.725266
2020-08-27T08:10:21.146716594,28.54425,-91.725266
2020-08-27T08:10:21.148623943,28.54426,-91.72526
2020-08-27T08:10:21.150912761,28.562569,-91.736465
2020-08-27T08:10:21.152820110,28.556349,-91.74649
2020-08-27T08:10:21.160830974,28.622568,-91.74058
2020-08-27T08:10:21.162738323,28.580969,-91.73245
2020-08-27T08:10:21.164645671,28.579523,-91.73218
2020-08-27T08:10:21.182575225,28.56512,-91.7391
2020-08-27T08:10:21.184482574,28.545057,-91.75839
2020-08-27T08:10:21.196308135,28.622623,-91.740585
2020-08-27T08:10:21.198596954,28.586853,-91.73812
2020-08-27T08:10:21.200504302,28.563396,-91.745224
2020-08-27T08:10:21.202411651,28.565477,-91.75322
2020-08-27T08:10:21.204319477,28.590548,-91.74911
2020-08-27T08:10:21.206608295,28.575935,-91.74711
2020-08-27T08:10:21.208515644,28.544195,-91.72518
2020-08-27T08:10:21.216526508,28.622614,-91.74057
2020-08-27T08:10:21.218433856,28.622618,-91.740585
2020-08-27T08:10:21.220341205,28.623457,-91.76958
2020-08-27T08:10:21.222248554,28.586802,-91.754524
2020-08-27T08:10:21.224155902,28.583845,-91.733086
2020-08-27T08:10:21.226444721,28.622688,-91.740715
2020-08-27T08:10:21.250096321,28.546711,-91.815445
2020-08-27T08:10:21.282140254,28.541658,-91.63521
2020-08-27T08:10:21.284047603,28.582886,-91.643234
2020-08-27T08:10:21.285954952,28.594788,-91.66414
2020-08-27T08:10:21.287862300,28.567587,-91.66539
2020-08-27T08:10:21.289769649,28.56025,-91.682655
2020-08-27T08:10:21.292058467,28.548246,-91.67093
2020-08-27T08:10:21.293965816,28.557491,-91.655785
2020-08-27T08:10:21.295873165,28.547356,-91.64794
2020-08-27T08:10:21.297780990,28.532621,-91.64909
2020-08-27T08:10:21.300069808,28.534687,-91.637856
2020-08-27T08:10:21.301977157,28.515852,-91.65223
2020-08-27T08:10:21.303884506,28.515913,-91.66
2020-08-27T08:10:21.305791854,28.50352,-91.64456
2020-08-27T08:10:21.307699203,28.511385,-91.64643
2020-08-27T08:10:21.309988021,28.489996,-91.65122
2020-08-27T08:10:21.311895370,28.497633,-91.65425
2020-08-27T08:10:21.313802719,28.495283,-91.65288
2020-08-27T08:10:21.315710067,28.463337,-91.62003
2020-08-27T08:10:21.317617416,28.483776,-91.647385
2020-08-27T08:10:21.323720932,28.463415,-91.62001
2020-08-27T08:10:21.325628280,28.478693,-91.64174
2020-08-27T08:10:21.327917575,28.463459,-91.619995
2020-08-27T08:10:21.329824924,28.463957,-91.63858
2020-08-27T08:10:21.331732273,28.463402,-91.619965
2020-08-27T08:10:21.341650485,28.463844,-91.63981
2020-08-27T08:10:21.343557834,28.464304,-91.656296
2020-08-27T08:10:21.345465183,28.463287,-91.61998
2020-08-27T08:10:21.353476047,28.463284,-91.620026
2020-08-27T08:10:21.361487388,28.437363,-91.64214
2020-08-27T08:10:21.363394737,28.42403,-91.61246
2020-08-27T08:10:21.365683555,28.463953,-91.64186
2020-08-27T08:10:21.369498252,28.422127,-91.63495
2020-08-27T08:10:21.371405601,28.423813,-91.637474
2020-08-27T08:10:21.373312950,28.463352,-91.61998
2020-08-27T08:10:21.379416465,28.419619,-91.639885
2020-08-27T08:10:21.381323814,28.43005,-91.6463
2020-08-27T08:10:21.383231163,28.449959,-91.64152
2020-08-27T08:10:21.385519981,28.386013,-91.63678
2020-08-27T08:10:21.387427330,28.423943,-91.640495
2020-08-27T08:10:21.391242504,28.385107,-91.60494
2020-08-27T08:10:21.391242504,28.422134,-91.66902
2020-08-27T08:10:21.393531322,28.386171,-91.64342
2020-08-27T08:10:21.395438671,28.385088,-91.60491
2020-08-27T08:10:21.399253368,28.386185,-91.64427
2020-08-27T08:10:21.401160717,28.399347,-91.64715
2020-08-27T08:10:21.407264232,28.398304,-91.64973
2020-08-27T08:10:21.411078929,28.386566,-91.65414
2020-08-27T08:10:21.417182445,28.3771,-91.672134
2020-08-27T08:10:21.419089794,28.4005,-91.651184
2020-08-27T08:10:21.421379089,28.3877,-91.694725
2020-08-27T08:10:21.429008483,28.387663,-91.69479
2020-08-27T08:10:21.441215515,28.366152,-91.69073
2020-08-27T08:10:21.443122863,28.386982,-91.671135
2020-08-27T08:10:21.445030212,28.369299,-91.67635
2020-08-27T08:10:21.446937561,28.382776,-91.66361
2020-08-27T08:10:21.451133728,28.347612,-91.68714
2020-08-27T08:10:21.454948902,28.387611,-91.69484
2020-08-27T08:10:21.459145069,28.353634,-91.685005
2020-08-27T08:10:21.462959766,28.361334,-91.68788
2020-08-27T08:10:21.469063282,28.352148,-91.699036
2020-08-27T08:10:21.470970630,28.37244,-91.68064
2020-08-27T08:10:21.476692676,28.328667,-91.7186
2020-08-27T08:10:21.478981494,28.352839,-91.688095
2020-08-27T08:10:21.482796669,28.32794,-91.73861
2020-08-27T08:10:21.486992835,28.312038,-91.76959
2020-08-27T08:10:21.498818397,28.312069,-91.76959
2020-08-27T08:10:21.502633094,28.335018,-91.774025
2020-08-27T08:10:21.518655300,28.312073,-91.769554
2020-08-27T08:10:21.526666164,28.31207,-91.76959
2020-08-27T08:10:21.838713169,28.515274,-91.80916
2020-08-27T08:10:21.844435214,28.512703,-91.83445
2020-08-27T08:10:21.850538730,28.500591,-91.83313
2020-08-27T08:10:21.854735374,28.49347,-91.836266
2020-08-27T08:10:25.506601333,28.110577,-92.07748
2020-08-27T08:10:25.512704849,28.102175,-92.09067
2020-08-27T08:10:25.514612197,28.087801,-92.08342
2020-08-27T08:10:25.516519546,28.087826,-92.08343
2020-08-27T08:10:25.522623062,28.087786,-92.08345
2020-08-27T08:10:25.524530410,28.087757,-92.08346
2020-08-27T08:10:25.526437759,28.08773,-92.083466
2020-08-27T08:10:25.532541275,28.087715,-92.08345
2020-08-27T08:10:38.844129563,30.400343,-92.98728
2020-08-27T08:10:38.846037150,30.412983,-92.99227
2020-08-27T08:10:38.847944499,30.415073,-92.99204
2020-08-27T08:10:38.850233317,30.400248,-92.98378
2020-08-27T08:10:38.855955363,30.399937,-92.97429
2020-08-27T08:10:38.860151768,30.424,-92.98579
2020-08-27T08:10:38.875792265,30.400085,-92.97978
2020-08-27T08:10:38.878081084,30.421595,-92.98057
2020-08-27T08:10:38.927672864,30.401651,-93.028305
2020-08-27T08:10:39.015030861,30.400532,-92.99316
2020-08-27T08:10:39.016938210,30.415483,-92.99629
2020-08-27T08:10:39.044785977,30.400143,-92.98198
2020-08-27T08:10:39.047074795,30.400112,-92.98059
2020-08-27T08:10:39.052796841,30.398624,-92.935036
2020-08-27T08:10:39.054704190,30.399725,-92.96941
2020-08-27T08:10:39.056993008,30.399647,-92.96727
2020-08-27T08:10:39.058900357,30.398596,-92.93501
2020-08-27T08:10:39.066911221,30.398552,-92.93508
2020-08-27T08:10:39.088655472,30.411388,-92.98573
2020-08-27T08:10:39.090562821,30.420546,-92.984344
2020-08-27T08:10:39.092470170,30.399912,-92.97472
2020-08-27T08:10:39.094758988,30.399858,-92.97287
2020-08-27T08:10:39.132525445,30.401619,-93.02814
2020-08-27T08:10:39.152361870,30.39865,-92.93506
2020-08-27T08:10:39.156176568,30.363756,-92.88866
2020-08-27T08:10:39.158465386,30.373377,-92.94051
2020-08-27T08:10:39.160372735,30.400105,-92.979
2020-08-27T08:10:39.162280560,30.398695,-92.93498
2020-08-27T08:10:39.168384076,30.400183,-92.98055
2020-08-27T08:10:39.178302289,30.43156,-92.99592
2020-08-27T08:10:39.185931683,30.4001,-92.98245
2020-08-27T08:10:39.206150055,30.418001,-92.99904
2020-08-27T08:10:39.208057404,30.400352,-92.988914
2020-08-27T08:10:39.216068268,30.400127,-92.98613
2020-08-27T08:10:39.219882966,30.424734,-93.00605
2020-08-27T08:10:39.231709004,30.400297,-92.98808
2020-08-27T08:10:39.233616353,30.421955,-92.989136
2020-08-27T08:10:39.237812520,30.400127,-92.98555
2020-08-27T08:10:39.354925633,30.400173,-92.98563
2020-08-27T08:10:39.378958703,30.400095,-92.98238
2020-08-27T08:10:39.430457593,30.399878,-92.97576
2020-08-27T08:10:39.448387146,30.400055,-92.97977
2020-08-27T08:10:39.482338429,30.400368,-92.99189
2020-08-27T08:10:39.496071339,30.4,-92.97802
2020-08-27T08:10:39.555963040,30.370329,-92.963036
2020-08-27T08:10:39.605555058,30.317791,-92.9168
2020-08-27T08:10:39.623484135,30.39997,-92.979546
2020-08-27T08:10:39.651331902,30.376122,-92.95863
2020-08-27T08:10:39.653239251,30.398653,-92.9351
2020-08-27T08:10:57.554363250,28.546513,-91.81544
2020-08-27T08:10:57.556270599,28.545849,-91.79173
2020-08-27T08:10:57.564281463,28.546535,-91.81537
2020-08-27T08:10:57.566188812,28.546537,-91.81535
2020-08-27T08:10:57.576107025,28.545988,-91.794014
2020-08-27T08:10:57.578395843,28.546604,-91.815475
2020-08-27T08:10:57.580303192,28.546577,-91.81544
2020-08-27T08:10:57.582210540,28.546549,-91.81541
2020-08-27T08:10:57.611967086,28.546541,-91.81536
2020-08-27T08:10:57.629896163,28.501492,-91.8066
2020-08-27T08:10:57.631803512,28.512152,-91.7979
2020-08-27T08:10:57.653928756,28.502058,-91.80667
2020-08-27T08:10:57.655836105,28.494587,-91.80522
2020-08-27T08:10:57.657743453,28.500454,-91.80638
2020-08-27T08:10:57.677579879,28.468231,-91.80002
2020-08-27T08:10:57.679487228,28.492872,-91.79911
2020-08-27T08:10:57.681776046,28.468214,-91.80006
2020-08-27T08:10:57.757308959,28.488476,-91.80401
2020-08-27T08:10:57.759216308,28.502567,-91.80677
2020-08-27T08:10:57.816818237,28.546509,-91.81535
2020-08-27T08:10:57.818725585,28.545795,-91.79045
2020-08-27T08:10:57.858781814,28.497725,-91.82896
2020-08-27T08:10:57.894258499,28.49174,-91.82999
2020-08-27T08:10:57.922105789,28.468151,-91.80009
2020-08-27T08:10:57.928209304,28.531754,-91.794525
2020-08-27T08:10:57.930116653,28.546452,-91.81535
2020-08-27T08:10:57.932024002,28.521109,-91.810394
2020-08-27T08:10:57.941942214,28.489937,-91.83287
2020-08-27T08:10:57.946138381,28.468176,-91.80007
2020-08-27T08:10:57.948045730,28.504374,-91.80798
2020-08-27T08:10:57.949953079,28.499033,-91.81304
2020-08-27T08:10:57.951860427,28.546,-91.79704
2020-08-27T08:10:57.954149246,28.5459,-91.79315
2020-08-27T08:10:57.964069366,28.545628,-91.78364
2020-08-27T08:10:57.965976715,28.545729,-91.78758
2020-08-27T08:10:57.967884063,28.541159,-91.79319
2020-08-27T08:10:57.979709625,28.542906,-91.79281
2020-08-27T08:10:57.981998443,28.560709,-91.78152
2020-08-27T08:10:57.983905792,28.546537,-91.815414
2020-08-27T08:10:58.057529449,28.54583,-91.7873
2020-08-27T08:10:58.059436798,28.518393,-91.79385
2020-08-27T08:10:58.063251495,28.468245,-91.800026
2020-08-27T08:10:58.125051498,28.538311,-91.79529
2020-08-27T08:10:58.126958847,28.527617,-91.790474
2020-08-27T08:10:58.176549911,28.545841,-91.78983
2020-08-27T08:10:58.222328186,28.545862,-91.79247
2020-08-27T08:10:58.252082824,28.551865,-91.79116
2020-08-27T08:10:58.333719253,28.512508,-91.80875
2020-08-27T08:10:58.351648330,28.546541,-91.81543
2020-08-27T08:11:40.170901775,27.594017,-92.73004
2020-08-27T08:11:40.192646026,27.54752,-92.74992
2020-08-27T08:11:40.196842193,27.568033,-92.72216
2020-08-27T08:11:40.200656890,27.570858,-92.72276
2020-08-27T08:11:40.202564239,27.558199,-92.72983
2020-08-27T08:11:40.204853057,27.560493,-92.73682
2020-08-27T08:11:40.206760406,27.537899,-92.73187
2020-08-27T08:11:40.208667755,27.54055,-92.73381
2020-08-27T08:11:40.210575103,27.552958,-92.74072
2020-08-27T08:11:40.212482452,27.599894,-92.7759
2020-08-27T08:11:40.268177986,27.553873,-92.74391
2020-08-27T08:11:40.270466804,27.535948,-92.73912
2020-08-27T08:11:40.272374153,27.561562,-92.746
2020-08-27T08:11:40.274281501,27.554296,-92.73042
2020-08-27T08:11:40.282292842,27.56559,-92.720695
2020-08-27T08:11:40.284200191,27.554562,-92.73084
2020-08-27T08:11:40.286107540,27.567028,-92.735596
2020-08-27T08:11:40.315862655,27.538742,-92.73984
2020-08-27T08:11:40.318151473,27.537945,-92.74589
2020-08-27T08:11:40.320058822,27.537441,-92.74554
2020-08-27T08:11:40.321966171,27.535822,-92.73241
2020-08-27T08:11:40.323873519,27.536291,-92.739395
2020-08-27T08:11:40.325780868,27.551092,-92.72965
2020-08-27T08:11:40.328069686,27.536509,-92.72466
2020-08-27T08:11:40.329977035,27.53672,-92.724335
2020-08-27T08:11:40.331884384,27.567003,-92.739716
2020-08-27T08:11:40.564584732,27.408764,-92.575485
2020-08-27T08:11:40.566492080,27.488485,-92.680534
2020-08-27T08:11:40.602350711,27.446762,-92.590996
2020-08-27T08:11:43.079272270,28.54719,-91.81556
2020-08-27T08:11:43.081179618,28.503622,-91.818016
2020-08-27T08:11:43.083468437,28.503298,-91.81605
2020-08-27T08:11:43.101397514,28.518333,-91.80993
2020-08-27T08:11:43.149082183,28.524654,-91.811134
2020-08-27T08:11:43.150989532,28.510876,-91.803986
2020-08-27T08:11:43.152896881,28.508385,-91.80466
2020-08-27T08:11:43.160907745,28.547104,-91.81552
2020-08-27T08:11:43.162815093,28.518112,-91.80981
2020-08-27T08:11:43.164722442,28.510227,-91.79593
2020-08-27T08:11:43.167011260,28.505981,-91.79218
2020-08-27T08:11:43.198673248,28.522171,-91.81065
2020-08-27T08:11:43.240254402,28.547052,-91.81553
2020-08-27T08:11:43.242543220,28.533337,-91.8138
2020-08-27T08:11:43.244450569,28.532867,-91.813805
2020-08-27T08:11:43.246357917,28.547058,-91.81553
2020-08-27T08:11:43.250172615,28.547077,-91.81554
2020-08-27T08:11:43.252461433,28.547092,-91.81554
2020-08-27T08:11:43.254368782,28.54711,-91.815544
2020-08-27T08:11:43.286031723,28.520786,-91.81032
2020-08-27T08:11:43.321889877,28.514385,-91.80914
2020-08-27T08:11:43.323798179,28.505753,-91.789795
2020-08-27T08:11:43.325705528,28.511398,-91.76885
2020-08-27T08:11:43.327994346,28.506266,-91.77829
2020-08-27T08:11:43.329901695,28.503057,-91.77749
2020-08-27T08:11:43.331809043,28.503672,-91.78157
2020-08-27T08:11:43.333716392,28.503872,-91.76344
2020-08-27T08:11:43.336005210,28.506182,-91.75844
2020-08-27T08:11:43.337912559,28.518612,-91.77605
2020-08-27T08:11:43.339819908,28.504522,-91.739624
2020-08-27T08:11:43.341727256,28.514448,-91.75778
2020-08-27T08:11:43.391319274,28.537441,-91.81372
2020-08-27T08:11:43.393608093,28.527159,-91.811745
2020-08-27T08:11:43.469140052,28.542414,-91.805466
2020-08-27T08:11:43.471047401,28.532717,-91.81277
2020-08-27T08:11:43.472954750,28.54718,-91.81562
2020-08-27T08:11:43.474862098,28.550076,-91.81084
2020-08-27T08:11:43.476769447,28.549421,-91.81515
2020-08-27T08:11:43.479058265,28.537376,-91.815445
2020-08-27T08:11:43.480965614,28.547161,-91.81563
2020-08-27T08:11:43.518732070,28.555317,-91.81078
2020-08-27T08:11:43.520639419,28.547071,-91.815544
2020-08-27T08:11:43.522546768,28.553131,-91.81023
2020-08-27T08:11:43.524835586,28.554907,-91.80985
2020-08-27T08:11:43.528650283,28.551514,-91.82308
2020-08-27T08:11:43.530557632,28.563286,-91.829216
2020-08-27T08:11:43.532464981,28.55448,-91.82349
2020-08-27T08:11:43.532846450,28.24191,-92.024574
2020-08-27T08:11:43.534753799,28.574327,-91.82092
2020-08-27T08:11:43.536661148,28.594223,-91.82482
2020-08-27T08:11:43.538568496,28.596052,-91.82518
2020-08-27T08:11:43.542383193,28.598015,-91.8256
2020-08-27T08:11:43.544672012,28.593134,-91.82465
2020-08-27T08:11:43.624018669,28.501226,-91.780495
2020-08-27T08:11:43.625926017,28.518923,-91.76764
2020-08-27T08:11:44.426643371,30.40073,-92.97532
2020-08-27T08:11:44.430839538,30.400793,-92.97789
2020-08-27T08:11:44.432746887,30.399403,-92.93484
2020-08-27T08:11:44.436561584,30.400652,-92.97383
2020-08-27T08:11:44.438851356,30.400541,-92.9702
2020-08-27T08:11:44.448769569,30.399485,-92.934845
2020-08-27T08:11:44.544137954,30.40118,-92.985725
2020-08-27T08:11:44.557870864,30.386349,-92.99079
2020-08-27T08:11:44.559778213,30.380915,-92.984726
2020-08-27T08:11:44.562067985,30.402409,-93.028114
2020-08-27T08:11:44.567790031,30.375734,-92.98526
2020-08-27T08:11:44.579997062,30.379736,-92.99361
2020-08-27T08:11:44.591822624,30.401155,-92.98516
2020-08-27T08:11:44.593729972,30.38064,-92.99009
2020-08-27T08:11:44.667354583,30.4012,-92.98997
2020-08-27T08:11:44.671169281,30.402424,-93.02808
2020-08-27T08:11:44.689099311,30.390997,-92.989075
2020-08-27T08:11:44.721142768,30.401411,-92.99146
2020-08-27T08:11:44.746702194,30.378534,-92.97702
2020-08-27T08:11:44.754713058,30.415207,-93.00416
2020-08-27T08:11:44.756620407,30.40114,-92.9851
2020-08-27T08:11:44.760816574,30.402525,-93.02814
2020-08-27T08:11:44.762723922,30.401299,-92.990105
2020-08-27T08:11:44.768827438,30.413416,-93.00352
2020-08-27T08:11:44.772642135,30.399525,-92.93498
2020-08-27T08:11:44.800489425,30.379581,-92.988976
2020-08-27T08:11:44.814604759,30.401102,-92.98512
2020-08-27T08:11:44.834441184,30.359776,-92.97317
2020-08-27T08:11:44.844359397,30.343176,-92.95042
2020-08-27T08:11:44.876022338,30.375828,-92.96162
2020-08-27T08:11:44.911880493,30.350376,-92.96702
2020-08-27T08:11:44.913787841,30.401205,-92.99004
2020-08-27T08:11:44.915695190,30.381231,-92.96363
2020-08-27T08:11:44.919891357,30.401022,-92.98416
2020-08-27T08:11:44.921798706,30.35938,-92.96744
2020-08-27T08:11:44.923706054,30.383715,-92.97051
2020-08-27T08:11:44.925613403,30.401106,-92.98821
2020-08-27T08:11:44.927902221,30.40129,-92.994446
2020-08-27T08:11:44.931716918,30.402416,-93.0281
2020-08-27T08:11:44.933625221,30.401398,-92.99588
2020-08-27T08:11:44.945832252,30.401453,-92.99834
2020-08-27T08:11:44.947739601,30.42027,-93.00665
2020-08-27T08:11:44.949646949,30.380062,-92.96816
2020-08-27T08:11:44.951554298,30.402391,-93.02814
2020-08-27T08:11:44.983216285,30.44995,-93.02199
2020-08-27T08:11:44.985505104,30.483316,-93.046555
2020-08-27T08:11:44.987412452,30.45176,-93.03729
2020-08-27T08:11:44.989319801,30.461666,-93.03514
2020-08-27T08:11:44.991227149,30.419106,-93.01155
2020-08-27T08:11:44.993515968,30.450022,-93.02291
2020-08-27T08:11:44.995424270,30.479382,-93.02131
2020-08-27T08:11:44.997331619,30.471893,-93.02201
2020-08-27T08:11:45.001146316,30.50711,-93.01659
2020-08-27T08:11:45.003435134,30.390455,-92.97933
2020-08-27T08:11:45.005342483,30.441746,-93.00699
2020-08-27T08:11:45.007249832,30.488752,-93.00837
2020-08-27T08:11:45.009157180,30.494617,-93.00513
2020-08-27T08:11:45.011064529,30.513075,-93.0112
2020-08-27T08:11:45.013353347,30.562,-92.993904
2020-08-27T08:11:45.015260696,30.562107,-92.99692
2020-08-27T08:11:45.017168045,30.374268,-92.954765
2020-08-27T08:11:45.017168045,30.561295,-92.97164
2020-08-27T08:11:45.019075393,30.561285,-92.97164
2020-08-27T08:11:45.020982742,30.561268,-92.97164
2020-08-27T08:11:45.035097122,30.561287,-92.97162
2020-08-27T08:11:45.041200637,30.5613,-92.97163
2020-08-27T08:11:45.051118850,30.561316,-92.97167
2020-08-27T08:11:45.056841850,30.384438,-92.97147
2020-08-27T08:11:45.096514701,30.64242,-92.99011
2020-08-27T08:11:45.102618217,30.642433,-92.99013
2020-08-27T08:11:45.104525566,30.352722,-92.96209
2020-08-27T08:11:45.225834846,30.350285,-92.95256
2020-08-27T08:11:45.496301651,30.401176,-92.99005
2020-08-27T08:11:45.498208999,30.397783,-92.997536
2020-08-27T08:11:45.522241592,30.318628,-92.91672
2020-08-27T08:11:57.003894805,27.625061,-92.40416
2020-08-27T08:11:57.005802154,27.633781,-92.42131
2020-08-27T08:11:57.008090972,27.63417,-92.40525
2020-08-27T08:11:57.009998321,27.712814,-92.45691
2020-08-27T08:11:57.011905670,27.646141,-92.41103
2020-08-27T08:11:57.013813018,27.66653,-92.42109
2020-08-27T08:11:57.018009185,27.673307,-92.42195
2020-08-27T08:11:57.025638580,27.694447,-92.43298
2020-08-27T08:11:57.065692901,27.672815,-92.42092
2020-08-27T08:11:57.067600250,27.674324,-92.41595
2020-08-27T08:11:57.069507598,27.665504,-92.41184
2020-08-27T08:11:57.089344024,27.712708,-92.45692
2020-08-27T08:11:57.091251373,27.685282,-92.42822
2020-08-27T08:11:57.093542098,27.68432,-92.42534
2020-08-27T08:11:57.095449447,27.688118,-92.426895
2020-08-27T08:11:57.097356796,27.712694,-92.456924
2020-08-27T08:11:57.119100570,27.693056,-92.442276
2020-08-27T08:11:57.121389389,27.696686,-92.439156
2020-08-27T08:11:57.123296737,27.71278,-92.456924
2020-08-27T08:11:57.133214950,27.712772,-92.4569
2020-08-27T08:12:25.049592971,28.626787,-91.897644
2020-08-27T08:12:25.373466491,28.551554,-91.99575
2020-08-27T08:12:25.389488220,28.626749,-91.8956
2020-08-27T08:12:25.409324645,28.562922,-91.98124
2020-08-27T08:12:25.411231994,28.626287,-91.880646
2020-08-27T08:12:25.448998451,28.626694,-91.89375
2020-08-27T08:12:39.763485909,28.521229,-91.81057
2020-08-27T08:12:39.765393258,28.509655,-91.80866
2020-08-27T08:12:39.775311471,28.547161,-91.81558
2020-08-27T08:12:39.791333676,28.536806,-91.79361
2020-08-27T08:12:39.793241025,28.531801,-91.794525
2020-08-27T08:12:39.795148373,28.546347,-91.79129
2020-08-27T08:12:39.797055722,28.523603,-91.794876
2020-08-27T08:12:39.798963070,28.53681,-91.782585
2020-08-27T08:12:39.801251889,28.533892,-91.789406
2020-08-27T08:12:39.805066586,28.546284,-91.78601
2020-08-27T08:12:39.806973935,28.537762,-91.78771
2020-08-27T08:12:39.808881283,28.539036,-91.786446
2020-08-27T08:12:39.811170102,28.547129,-91.81561
2020-08-27T08:12:39.821088791,28.546057,-91.77941
2020-08-27T08:12:39.831007004,28.54459,-91.72551
2020-08-27T08:12:39.832914353,28.54006,-91.776344
2020-08-27T08:12:39.842833043,28.545498,-91.758675
2020-08-27T08:12:39.856947423,28.544573,-91.72533
2020-08-27T08:12:39.878691674,28.544546,-91.72541
2020-08-27T08:12:39.880599022,28.552307,-91.749794
2020-08-27T08:12:39.882506371,28.545532,-91.76108
2020-08-27T08:12:39.890517235,28.544502,-91.7254
2020-08-27T08:12:39.892424584,28.555166,-91.74709
2020-08-27T08:12:39.894713402,28.55517,-91.75437
2020-08-27T08:12:39.896620751,28.54452,-91.72546
2020-08-27T08:12:39.938201905,28.571447,-91.730644
2020-08-27T08:12:39.940109253,28.559744,-91.743614
2020-08-27T08:12:39.942398072,28.55786,-91.75211
2020-08-27T08:12:39.944305420,28.563498,-91.7438
2020-08-27T08:12:39.946212769,28.564453,-91.74445
2020-08-27T08:12:39.948120118,28.557081,-91.75614
2020-08-27T08:12:39.950027466,28.544565,-91.72544
2020-08-27T08:12:39.960327149,28.572521,-91.737366
2020-08-27T08:12:39.962234498,28.563396,-91.75143
2020-08-27T08:12:39.964141846,28.553427,-91.76105
2020-08-27T08:12:39.966049672,28.545704,-91.768105
2020-08-27T08:12:39.967957020,28.522877,-91.76812
2020-08-27T08:12:39.970245839,28.512264,-91.773445
2020-08-27T08:12:39.972153187,28.527973,-91.79198
2020-08-27T08:12:39.982071400,28.587885,-91.74698
2020-08-27T08:12:39.983978749,28.579788,-91.75135
2020-08-27T08:12:39.985886097,28.569921,-91.75178
2020-08-27T08:12:39.995804310,28.624004,-91.77711
2020-08-27T08:12:40.015641212,28.592882,-91.76459
2020-08-27T08:12:40.017930030,28.545721,-91.76701
2020-08-27T08:12:40.035859584,28.624298,-91.78758
2020-08-27T08:12:40.037766933,28.608654,-91.766716
2020-08-27T08:12:40.039674282,28.58204,-91.76905
2020-08-27T08:12:40.041581630,28.565447,-91.766365
2020-08-27T08:12:40.043488979,28.54574,-91.76763
2020-08-27T08:12:40.049592494,28.588737,-91.78009
2020-08-27T08:12:40.051499843,28.584301,-91.769005
2020-08-27T08:12:40.053407192,28.545847,-91.77185
2020-08-27T08:12:40.093462467,28.51294,-91.77624
2020-08-27T08:12:40.097277164,28.545652,-91.7666
2020-08-27T08:12:40.144961357,28.468758,-91.80013
2020-08-27T08:12:40.146868705,28.49673,-91.77464
2020-08-27T08:12:40.149157524,28.49915,-91.77871
2020-08-27T08:12:40.151064872,28.499933,-91.779816
2020-08-27T08:12:40.152972698,28.49795,-91.78568
2020-08-27T08:12:40.154880046,28.519392,-91.78865
2020-08-27T08:12:48.534754753,27.639336,-92.59949
2020-08-27T08:12:48.542765617,27.639973,-92.62205
2020-08-27T08:12:48.544672966,27.639303,-92.598854
2020-08-27T08:12:48.570612907,27.639961,-92.62203
2020-08-27T08:12:48.608379364,27.63575,-92.604904
2020-08-27T08:12:48.616390228,27.640047,-92.6221
2020-08-27T08:12:48.618297576,27.640081,-92.62213
2020-08-27T08:12:48.620204925,27.636795,-92.60654
2020-08-27T08:12:48.622112274,27.639523,-92.604324
2020-08-27T08:12:48.624401092,27.640009,-92.6221
2020-08-27T08:12:48.657971382,27.640028,-92.62204
2020-08-27T08:12:48.659878730,27.627216,-92.606964
2020-08-27T08:12:48.662167549,27.624681,-92.60833
2020-08-27T08:12:48.664074897,27.62411,-92.60694
2020-08-27T08:12:48.751432418,27.640087,-92.622055
2020-08-27T08:12:48.757535934,27.64003,-92.62206
2020-08-27T08:12:48.759443283,27.640022,-92.62207
2020-08-27T08:12:48.761350631,27.640022,-92.62209
2020-08-27T08:12:48.763257980,27.640022,-92.62211
2020-08-27T08:12:48.765546798,27.640022,-92.62213
2020-08-27T08:12:48.767454147,27.662155,-92.62837
2020-08-27T08:12:48.769362449,27.640032,-92.62214
2020-08-27T08:12:48.789198875,27.67329,-92.62869
2020-08-27T08:12:48.791106224,27.676308,-92.64304
2020-08-27T08:12:48.793395042,27.683472,-92.66077
2020-08-27T08:12:48.841079711,27.652369,-92.63719
2020-08-27T08:12:48.866638183,27.63602,-92.600296
2020-08-27T08:12:48.868927001,27.63994,-92.62203
2020-08-27T08:12:48.952469825,27.487953,-92.68118
2020-08-27T08:12:48.964296340,27.641249,-92.64339
2020-08-27T08:12:48.966203689,27.652845,-92.6486
2020-08-27T08:12:48.968111038,27.673693,-92.665344
2020-08-27T08:12:48.970018386,27.617579,-92.653786
2020-08-27T08:12:49.067675590,27.551683,-92.675804
2020-08-27T08:12:49.069582939,27.638964,-92.58614
2020-08-27T08:12:49.073397636,27.66836,-92.65788
2020-08-27T08:13:15.302131652,28.707039,-91.69757
2020-08-27T08:13:15.336082458,28.70691,-91.71539
2020-08-27T08:13:15.357826232,28.699957,-91.71816
2020-08-27T08:13:15.359735488,28.715536,-91.75225
2020-08-27T08:13:15.415430068,28.699776,-91.71367
2020-08-27T08:13:15.421533584,28.699787,-91.71329
2020-08-27T08:13:15.423440933,28.704891,-91.693535
2020-08-27T08:13:15.423440933,28.551773,-91.99651
2020-08-27T08:13:15.425348281,28.689447,-91.740036
2020-08-27T08:13:15.467309951,28.69962,-91.706696
2020-08-27T08:13:15.487148284,28.715855,-91.770035
2020-08-27T08:13:15.498973846,28.710255,-91.74518
2020-08-27T08:13:15.500881195,28.666145,-91.79791
2020-08-27T08:13:15.564586639,28.699354,-91.70026
2020-08-27T08:13:15.566493988,28.661764,-91.7648
2020-08-27T08:13:15.568401336,28.65474,-91.759384
2020-08-27T08:13:15.699628829,28.665174,-91.7758
2020-08-27T08:13:15.739685058,28.711945,-91.71995
2020-08-27T08:13:15.749603271,28.669266,-91.76092
2020-08-27T08:13:15.749603271,28.55164,-91.9966
2020-08-27T08:13:15.755325317,28.732372,-91.75295
2020-08-27T08:13:15.757232666,28.623896,-91.83595
2020-08-27T08:13:15.759521484,28.551603,-91.99656
2020-08-27T08:13:15.759521484,28.625082,-91.79416
2020-08-27T08:13:15.828948974,28.687634,-91.689095
2020-08-27T08:13:15.906389236,28.694231,-91.686134
2020-08-27T08:13:15.908678054,28.675396,-91.77026
2020-08-27T08:13:15.910585403,28.591816,-91.888054
2020-08-27T08:13:15.912492752,28.61612,-91.75226
2020-08-27T08:13:15.914400100,28.651423,-91.72857
2020-08-27T08:13:16.031894683,28.71133,-91.69751
2020-08-27T08:13:16.033802032,28.689484,-91.71763
2020-08-27T08:13:16.035709381,28.606844,-91.76503
2020-08-27T08:13:16.037616729,28.64751,-91.71595
2020-08-27T08:13:16.037616729,28.47318,-91.981064
2020-08-27T08:13:16.039524078,28.661913,-91.702065
2020-08-27T08:13:28.349739074,28.545416,-91.815254
2020-08-27T08:13:28.352027893,28.514423,-91.81799
2020-08-27T08:13:28.353935241,28.529654,-91.812126
2020-08-27T08:13:28.403527259,28.545471,-91.81524
2020-08-27T08:13:28.453118324,28.529863,-91.81219
2020-08-27T08:13:28.455407142,28.545397,-91.81522
2020-08-27T08:13:28.463037490,28.545382,-91.81521
2020-08-27T08:13:28.465326309,28.545372,-91.8152
2020-08-27T08:13:28.467233657,28.535135,-91.81096
2020-08-27T08:13:28.493173599,28.543638,-91.809425
2020-08-27T08:13:28.495080947,28.536282,-91.81106
2020-08-27T08:13:28.508813858,28.55689,-91.804565
2020-08-27T08:13:28.511102676,28.545614,-91.80353
2020-08-27T08:13:28.518732070,28.545403,-91.81511
2020-08-27T08:13:28.521020889,28.573507,-91.810844
2020-08-27T08:13:28.522929191,28.561508,-91.7999
2020-08-27T08:13:28.524836540,28.545418,-91.81517
2020-08-27T08:13:28.542765617,28.583471,-91.80479
2020-08-27T08:13:28.544672966,28.56676,-91.80288
2020-08-27T08:13:28.574427604,28.622316,-91.77594
2020-08-27T08:13:28.576334953,28.579048,-91.80304
2020-08-27T08:13:28.634319305,28.597084,-91.79079
2020-08-27T08:13:28.636226654,28.556717,-91.79842
2020-08-27T08:13:28.471429824,27.652803,-92.605156
2020-08-27T08:13:28.481348037,27.638586,-92.59822
2020-08-27T08:13:28.521020889,27.639194,-92.62127
2020-08-27T08:13:28.540858268,27.65669,-92.61373
2020-08-27T08:13:28.556879997,27.638626,-92.60206
2020-08-27T08:13:28.578623771,27.629915,-92.58139
2020-08-27T08:13:28.582438468,27.638285,-92.59019
2020-08-27T08:13:28.588542938,27.638206,-92.58683
2020-08-27T08:13:28.590450286,27.63824,-92.58725
2020-08-27T08:13:28.594646453,27.638308,-92.58807
2020-08-27T08:13:28.626308441,27.623022,-92.56378
2020-08-27T08:13:28.628215789,27.62338,-92.555115
2020-08-27T08:13:28.632411956,27.618576,-92.54578
2020-08-27T08:13:28.636226654,27.621502,-92.545715
2020-08-27T08:13:28.640422821,27.636635,-92.53137
2020-08-27T08:13:28.731595993,27.638329,-92.58802
2020-08-27T08:13:28.735792160,27.638342,-92.58948
2020-08-27T08:13:28.737699508,27.638258,-92.58699
2020-08-27T08:13:28.783476829,27.639196,-92.6213
2020-08-27T08:13:28.785384178,27.637268,-92.61139
2020-08-27T08:13:28.829253196,27.629572,-92.62602
2020-08-27T08:13:28.892579078,27.639212,-92.62118
2020-08-27T08:13:28.912415504,27.639347,-92.62132
2020-08-27T08:13:28.916611671,27.638508,-92.59227
2020-08-27T08:13:28.918519020,27.594114,-92.561005
2020-08-27T08:13:28.922715187,27.636744,-92.53136
2020-08-27T08:13:28.924622535,27.603401,-92.51711
2020-08-27T08:13:30.645459175,30.561575,-93.0118
2020-08-27T08:13:30.647747993,30.560263,-92.97063
2020-08-27T08:13:30.649655342,30.561401,-93.00611
2020-08-27T08:13:30.651562690,30.560236,-92.97063
2020-08-27T08:13:30.653470039,30.56022,-92.97062
2020-08-27T08:13:30.655377388,30.560207,-92.97062
2020-08-27T08:13:30.657666206,30.561052,-92.99713
2020-08-27T08:13:30.659573554,30.560198,-92.97059
2020-08-27T08:13:30.705350875,30.560202,-92.97053
2020-08-27T08:13:30.720991134,30.594606,-92.97842
2020-08-27T08:13:30.723279953,30.594414,-92.978386
2020-08-27T08:13:30.725187301,30.560211,-92.970604
2020-08-27T08:13:30.776686668,30.522848,-92.98115
2020-08-27T08:13:30.846496582,30.47918,-92.95197
2020-08-27T08:13:30.848403930,30.47918,-92.951965
2020-08-27T08:13:30.866333007,30.582256,-92.98226
2020-08-27T08:13:30.868240356,30.64132,-92.98892
2020-08-27T08:13:30.872436523,30.44266,-92.94677
2020-08-27T08:13:30.874344825,30.494053,-92.96142
2020-08-27T08:13:30.876252174,30.490229,-92.963005
2020-08-27T08:13:30.878159523,30.480394,-92.95362
2020-08-27T08:13:30.880066871,30.487793,-92.95528
2020-08-27T08:13:30.882355690,30.487123,-92.966255
2020-08-27T08:13:30.884263038,30.455324,-92.94129
2020-08-27T08:13:30.886170387,30.470186,-92.95596
2020-08-27T08:13:30.888077735,30.448965,-92.92634
2020-08-27T08:13:30.889985084,30.457397,-92.93006
2020-08-27T08:13:30.892273902,30.423567,-92.916954
2020-08-27T08:13:30.894181251,30.451061,-92.9362
2020-08-27T08:13:30.897995948,30.398373,-92.93383
2020-08-27T08:13:30.899903297,30.443285,-92.923
2020-08-27T08:13:30.902192115,30.398315,-92.9338
2020-08-27T08:13:30.902192115,30.560232,-92.970505
2020-08-27T08:13:30.906006813,30.39826,-92.93378
2020-08-27T08:13:30.906006813,30.56109,-92.998665
2020-08-27T08:13:30.907914161,30.560152,-92.97047
2020-08-27T08:13:30.907914161,30.398237,-92.93376
2020-08-27T08:13:30.909821510,30.560154,-92.97046
2020-08-27T08:13:30.912110328,30.560154,-92.97046
2020-08-27T08:13:30.914017677,30.560154,-92.97045
2020-08-27T08:13:30.914017677,30.398237,-92.933754
2020-08-27T08:13:30.915925025,30.560154,-92.97045
2020-08-27T08:13:30.917832374,30.560158,-92.97044
2020-08-27T08:13:30.919739723,30.561068,-92.99781
2020-08-27T08:13:30.920121192,30.398262,-92.93374
2020-08-27T08:13:30.922028541,30.560202,-92.970436
2020-08-27T08:13:30.925843238,30.398329,-92.93372
2020-08-27T08:13:30.927750587,30.395939,-92.9134
2020-08-27T08:13:30.931946754,30.399984,-92.91767
2020-08-27T08:13:30.933854103,30.369514,-92.91272
2020-08-27T08:13:30.935762405,30.362741,-92.92571
2020-08-27T08:13:30.939958572,30.317541,-92.91553
2020-08-27T08:13:30.951784133,30.316166,-92.87119
2020-08-27T08:13:30.953691482,30.316198,-92.87212
2020-08-27T08:13:30.955598831,30.31759,-92.915596
2020-08-27T08:13:30.959794998,30.314608,-92.822586
2020-08-27T08:13:30.965898513,30.333725,-92.85901
2020-08-27T08:13:30.967805862,30.31579,-92.86169
2020-08-27T08:13:46.427483558,27.711712,-92.457054
2020-08-27T08:13:46.429390907,27.711712,-92.457054
2020-08-27T08:13:46.431679725,27.711702,-92.457054
2020-08-27T08:13:46.465249061,27.711628,-92.45707
2020-08-27T08:13:46.481271743,27.71163,-92.45702
2020-08-27T08:13:46.483179092,27.711624,-92.457016
2020-08-27T08:13:46.538873672,27.711637,-92.45711
2020-08-27T08:13:46.552607536,27.711615,-92.457115
2020-08-27T08:13:46.582743644,27.71161,-92.457054
2020-08-27T08:13:46.584650993,27.711624,-92.457054
2020-08-27T08:13:46.640346527,27.71166,-92.45703
2020-08-27T08:13:46.642253875,27.69392,-92.453674
2020-08-27T08:13:46.668194770,27.711632,-92.45711
2020-08-27T08:13:46.670102119,27.710905,-92.431404
2020-08-27T08:13:59.890898705,27.641233,-92.62206
2020-08-27T08:13:59.948501587,27.640526,-92.59999
2020-08-27T08:13:59.962234498,27.64055,-92.600586
2020-08-27T08:13:59.966431141,27.641178,-92.62211
2020-08-27T08:13:59.968338490,27.641182,-92.62211
2020-08-27T08:14:00.006104469,27.639978,-92.583176
2020-08-27T08:14:00.012207984,27.640106,-92.58643
2020-08-27T08:14:00.014115333,27.641148,-92.622086
2020-08-27T08:14:00.016022682,27.641165,-92.62209
2020-08-27T08:14:00.017930030,27.640125,-92.58535
2020-08-27T08:14:00.032044887,27.64118,-92.62207
2020-08-27T08:14:00.033952236,27.622856,-92.61269
2020-08-27T08:14:00.178912639,27.640236,-92.585945
2020-08-27T08:14:00.181201457,27.618135,-92.61245
2020-08-27T08:14:00.242619037,27.617264,-92.6182
2020-08-27T08:14:00.244526863,27.623316,-92.60705
2020-08-27T08:14:00.246815681,27.628153,-92.61223
2020-08-27T08:14:00.248723030,27.640678,-92.60249
2020-08-27T08:14:00.320058822,27.615587,-92.61985
2020-08-27T08:14:00.345999240,27.64038,-92.596924
2020-08-27T08:14:00.347906589,27.622034,-92.599365
2020-08-27T08:14:00.350195407,27.49047,-92.7295
2020-08-27T08:14:00.350195407,27.641108,-92.62218
2020-08-27T08:14:00.381857872,27.641132,-92.62214
2020-08-27T08:14:05.574503898,28.55579,-91.76056
2020-08-27T08:14:05.576411247,28.544872,-91.75379
2020-08-27T08:14:05.596629142,28.544151,-91.72624
2020-08-27T08:14:05.598536491,28.544743,-91.74717
2020-08-27T08:14:05.600443840,28.55103,-91.74619
2020-08-27T08:14:05.602351188,28.551401,-91.74849
2020-08-27T08:14:05.604258537,28.544537,-91.74274
2020-08-27T08:14:05.606547355,28.544043,-91.72618
2020-08-27T08:14:05.630199432,28.558023,-91.75384
2020-08-27T08:14:05.634395599,28.548286,-91.740326
2020-08-27T08:14:05.636302947,28.544579,-91.74549
2020-08-27T08:14:05.650035858,28.544136,-91.72634
2020-08-27T08:14:05.652324676,28.544104,-91.726326
2020-08-27T08:14:05.654232025,28.54407,-91.7263
2020-08-27T08:14:05.666057586,28.544043,-91.72627
2020-08-27T08:14:05.667964935,28.544054,-91.72627
2020-08-27T08:14:05.679791450,28.54411,-91.72628
2020-08-27T08:14:05.682080268,28.544127,-91.72627
2020-08-27T08:14:05.721753120,28.54411,-91.72636
2020-08-27T08:14:05.723660469,28.544373,-91.73595
2020-08-27T08:14:05.725567817,28.547329,-91.73423
2020-08-27T08:14:05.727856636,28.552828,-91.745056
2020-08-27T08:14:05.743497848,28.544052,-91.72633
2020-08-27T08:14:05.745405197,28.565884,-91.757385
2020-08-27T08:14:05.747694015,28.565067,-91.76095
2020-08-27T08:14:05.749601364,28.574104,-91.76444
2020-08-27T08:14:05.751508712,28.568842,-91.7615
2020-08-27T08:14:05.765623092,28.544128,-91.7264
2020-08-27T08:14:05.767530441,28.544138,-91.7264
2020-08-27T08:14:05.769437789,28.54413,-91.7264
2020-08-27T08:14:05.779356002,28.549574,-91.761215
2020-08-27T08:14:05.781263351,28.551167,-91.76303
2020-08-27T08:14:05.783170700,28.545101,-91.76447
2020-08-27T08:14:05.785459518,28.548368,-91.76691
2020-08-27T08:14:05.787366867,28.545118,-91.76571
2020-08-27T08:14:05.791181564,28.54558,-91.7811
2020-08-27T08:14:05.793470382,28.54376,-91.71594
2020-08-27T08:14:05.795377731,28.543756,-91.71504
2020-08-27T08:14:05.797285079,28.544094,-91.7264
2020-08-27T08:14:05.823225975,28.574799,-91.77167
2020-08-27T08:14:05.825133323,28.584513,-91.77299
2020-08-27T08:14:05.841155052,28.623745,-91.78735
2020-08-27T08:14:05.843062400,28.594528,-91.78267
2020-08-27T08:14:05.862899780,28.624033,-91.79879
2020-08-27T08:14:05.870910644,28.623901,-91.79624
2020-08-27T08:14:05.872817993,28.602701,-91.78859
2020-08-27T08:14:05.874725341,28.592188,-91.778984
2020-08-27T08:14:06.153202056,28.568785,-91.76962
2020-08-27T08:14:06.155109405,28.571564,-91.78849
2020-08-27T08:14:06.161212921,28.585785,-91.78098
2020-08-27T08:14:06.163120269,28.581335,-91.77702
2020-08-27T08:14:06.173039436,28.623737,-91.79039
2020-08-27T08:14:06.174946784,28.5895,-91.783455
2020-08-27T08:14:06.176854133,28.577572,-91.77882
2020-08-27T08:14:06.179142951,28.545135,-91.76814
2020-08-27T08:14:06.181050300,28.608711,-91.783264
2020-08-27T08:14:06.182957649,28.586956,-91.77763
2020-08-27T08:14:06.184864997,28.601603,-91.77907
2020-08-27T08:14:06.186772346,28.615583,-91.77321
2020-08-27T08:14:06.189061164,28.604183,-91.77931
2020-08-27T08:14:06.190968513,28.60957,-91.771255
2020-08-27T08:14:06.192875862,28.616879,-91.77289
2020-08-27T08:14:06.194783210,28.598764,-91.77258
2020-08-27T08:14:06.196690559,28.603418,-91.772804
2020-08-27T08:14:06.198979377,28.615494,-91.76742
2020-08-27T08:14:06.200886726,28.606226,-91.76688
2020-08-27T08:14:06.204701423,28.622322,-91.74162
2020-08-27T08:14:06.206608772,28.622314,-91.741585
2020-08-27T08:14:06.208897590,28.62231,-91.74156
2020-08-27T08:14:06.210804939,28.62282,-91.75944
2020-08-27T08:14:06.212712287,28.622316,-91.741585
2020-08-27T08:14:06.214619636,28.62232,-91.7416
2020-08-27T08:14:06.216908454,28.622324,-91.741615
2020-08-27T08:14:06.218815803,28.62184,-91.747536
2020-08-27T08:14:06.220723152,28.617281,-91.75113
2020-08-27T08:14:06.222630500,28.607702,-91.769844
2020-08-27T08:14:06.224537849,28.622347,-91.74164
2020-08-27T08:14:06.226826667,28.622355,-91.741646
2020-08-27T08:14:06.228734016,28.623999,-91.73505
2020-08-27T08:14:06.230641365,28.608425,-91.76717
2020-08-27T08:14:06.425576210,28.575483,-91.778854
2020-08-27T08:14:06.427483558,28.582424,-91.776596
2020-08-27T08:14:06.431298255,28.60867,-91.756615
2020-08-27T08:14:06.439309120,28.625147,-91.7112
2020-08-27T08:14:06.441216468,28.622206,-91.74157
2020-08-27T08:14:06.447319984,28.620792,-91.68965
2020-08-27T08:14:06.449227333,28.621054,-91.69921
2020-08-27T08:14:06.451516151,28.621534,-91.68965
2020-08-27T08:14:06.453423500,28.616638,-91.74656
2020-08-27T08:14:06.459145545,28.620548,-91.68531
2020-08-27T08:14:06.461434364,28.619608,-91.65132
2020-08-27T08:14:06.463341712,28.624971,-91.6845
2020-08-27T08:14:06.465249061,28.620293,-91.678505
2020-08-27T08:14:06.467156410,28.621227,-91.706894
2020-08-27T08:14:06.471352577,28.619642,-91.651375
2020-08-27T08:14:06.473259925,28.62029,-91.67506
2020-08-27T08:14:06.479364395,28.61958,-91.65133
2020-08-27T08:14:30.309760093,30.395098,-92.93816
2020-08-27T08:14:30.313574790,30.387653,-92.932175
2020-08-27T08:14:30.315864562,30.39862,-92.935425
2020-08-27T08:14:30.319679260,30.3986,-92.935425
2020-08-27T08:14:30.321586608,30.398602,-92.93542
2020-08-27T08:14:30.325782775,30.398607,-92.935394
2020-08-27T08:14:30.333412170,30.398596,-92.93545
2020-08-27T08:14:30.335700988,30.398592,-92.93547
2020-08-27T08:14:30.337608337,30.398561,-92.93551
2020-08-27T08:14:30.339515686,30.398573,-92.93547
2020-08-27T08:14:30.363548278,30.355015,-92.92549
2020-08-27T08:14:30.365455627,30.35557,-92.92564
2020-08-27T08:14:30.369270324,30.345724,-92.921814
2020-08-27T08:14:30.371559143,30.317867,-92.91718
2020-08-27T08:14:30.373466491,30.317875,-92.9172
2020-08-27T08:14:30.377281188,30.31789,-92.91722
2020-08-27T08:14:30.383385658,30.434958,-92.943665
2020-08-27T08:14:30.434884071,30.31782,-92.91718
2020-08-27T08:14:30.601970672,30.404106,-92.9397
2020-08-27T08:14:30.603878021,30.401701,-92.9408
2020-08-27T08:14:30.605785369,30.398508,-92.935295
2020-08-27T08:14:30.609981536,30.409107,-92.95404
2020-08-27T08:14:30.611888885,30.398546,-92.935326
2020-08-27T08:14:30.613796234,30.40869,-92.93522
2020-08-27T08:14:30.616085052,30.415989,-92.93432
2020-08-27T08:14:30.617992401,30.410112,-92.937874
2020-08-27T08:14:30.619899749,30.418055,-92.92699
2020-08-27T08:14:30.621807098,30.413887,-92.94174
2020-08-27T08:14:30.623714447,30.426077,-92.94044
2020-08-27T08:14:30.626004219,30.396664,-92.92891
2020-08-27T08:14:30.627911567,30.389027,-92.921616
2020-08-27T08:14:30.633633613,30.398561,-92.93537
2020-08-27T08:14:30.637829780,30.383482,-92.92746
2020-08-27T08:14:30.639737129,30.411182,-92.90845
2020-08-27T08:14:30.641644477,30.414465,-92.914314
2020-08-27T08:14:30.643551826,30.412762,-92.90175
2020-08-27T08:14:30.645840644,30.420809,-92.90488
2020-08-27T08:14:30.647747993,30.427223,-92.904366
2020-08-27T08:14:30.649655342,30.428225,-92.90679
2020-08-27T08:14:30.651562690,30.423544,-92.88896
2020-08-27T08:14:30.653851509,30.39857,-92.935295
2020-08-27T08:14:30.661480903,30.423399,-92.96654
2020-08-27T08:14:30.663769721,30.397291,-92.89825
2020-08-27T08:14:30.673687934,30.405853,-92.92217
2020-08-27T08:14:30.675595283,30.41058,-92.90495
2020-08-27T08:14:30.677502632,30.397327,-92.89589
2020-08-27T08:14:30.689329147,30.398535,-92.93533
2020-08-27T08:14:30.691617965,30.398565,-92.93534
2020-08-27T08:14:30.695432662,30.398626,-92.93536
2020-08-27T08:14:30.697340011,30.424948,-92.96628
2020-08-27T08:14:30.699247360,30.41735,-92.931755
2020-08-27T08:14:30.701536178,30.43705,-92.975815
2020-08-27T08:14:30.703443527,30.423706,-92.96929
2020-08-27T08:14:30.705350875,30.440563,-92.978386
2020-08-27T08:14:30.707258224,30.440708,-92.9794
2020-08-27T08:14:30.709165573,30.425806,-92.96839
2020-08-27T08:14:30.711454391,30.431044,-92.95764
2020-08-27T08:14:30.713361740,30.421509,-92.96935
2020-08-27T08:14:30.717176437,30.399849,-92.97579
2020-08-27T08:14:30.725187301,30.446943,-92.98908
2020-08-27T08:14:30.759139060,30.365253,-92.835556
2020-08-27T08:14:30.761046409,30.395584,-92.84236
2020-08-27T08:14:30.762953758,30.361275,-92.83469
2020-08-27T08:14:30.764861106,30.395586,-92.842384
2020-08-27T08:14:30.769057273,30.395592,-92.8424
2020-08-27T08:14:30.770964622,30.359617,-92.83433
2020-08-27T08:14:30.774779319,30.349764,-92.83209
2020-08-27T08:14:30.852600097,30.379433,-92.95093
2020-08-27T08:14:30.854507446,30.317825,-92.917366
2020-08-27T08:14:30.943773269,30.398657,-92.93554
2020-08-27T08:14:30.955980300,30.359955,-92.87971
2020-08-27T08:14:30.969713211,30.39716,-92.89243
2020-08-27T08:14:30.973527908,30.48246,-93.04707
2020-08-27T08:14:30.979631423,30.397465,-92.901726
2020-08-27T08:14:30.981538772,30.367048,-92.9136
2020-08-27T08:14:31.077289581,30.481018,-93.00198
2020-08-27T08:14:31.614406585,29.651691,-91.25918
2020-08-27T08:14:31.616313934,29.653635,-91.268906
2020-08-27T08:14:31.618221282,29.647568,-91.260895
2020-08-27T08:14:31.620128631,29.646807,-91.26689
2020-08-27T08:14:31.622035980,29.646664,-91.267395
2020-08-27T08:14:31.630046844,29.645353,-91.260635
2020-08-27T08:14:31.631954193,29.642763,-91.25687
2020-08-27T08:14:31.655988693,29.637579,-91.270515
2020-08-27T08:14:31.657896041,29.638058,-91.26765
2020-08-27T08:14:31.662092208,29.634539,-91.25477
2020-08-27T08:14:31.663999557,29.62952,-91.248474
2020-08-27T08:14:31.665906906,29.629059,-91.218834
2020-08-27T08:14:31.667814254,29.629847,-91.246666
2020-08-27T08:14:31.670103073,29.629055,-91.21884
2020-08-27T08:14:31.672010421,29.618622,-91.24475
2020-08-27T08:14:31.673917770,29.608585,-91.21483
2020-08-27T08:14:31.677732467,29.629047,-91.218864
2020-08-27T08:14:31.680021286,29.605753,-91.22503
2020-08-27T08:14:31.681928634,29.595499,-91.232666
2020-08-27T08:14:31.683835983,29.595749,-91.23333
2020-08-27T08:14:31.685743331,29.594408,-91.2348
2020-08-27T08:14:31.687650680,29.591797,-91.23772
2020-08-27T08:14:31.689939498,29.584242,-91.23453
2020-08-27T08:14:31.691846847,29.598892,-91.24685
2020-08-27T08:14:31.693754196,29.590595,-91.23612
2020-08-27T08:14:31.695661544,29.588306,-91.23322
2020-08-27T08:14:31.697568893,29.578285,-91.2364
2020-08-27T08:14:31.699857711,29.57204,-91.229034
2020-08-27T08:14:31.701765060,29.574165,-91.23939
2020-08-27T08:14:31.703672409,29.58186,-91.23682
2020-08-27T08:14:31.705579757,29.57073,-91.22798
2020-08-27T08:14:31.707868576,29.578966,-91.23404
2020-08-27T08:14:31.709775924,29.563753,-91.24581
2020-08-27T08:14:31.711683273,29.576618,-91.238976
2020-08-27T08:14:31.713590621,29.56845,-91.236885
2020-08-27T08:14:31.715497970,29.574446,-91.230125
2020-08-27T08:14:31.717786788,29.559301,-91.253204
2020-08-27T08:14:31.719694137,29.589792,-91.232956
2020-08-27T08:14:31.721601486,29.567694,-91.239716
2020-08-27T08:14:31.723508834,29.567984,-91.24386
2020-08-27T08:14:31.725416183,29.549437,-91.203156
2020-08-27T08:14:31.727705001,29.550331,-91.23487
2020-08-27T08:14:31.936372756,29.585224,-91.22187
2020-08-27T08:14:31.977952957,29.562893,-91.23899
2020-08-27T08:14:31.979860305,29.644363,-91.26352
2020-08-27T08:14:37.679868698,28.565659,-91.7747
2020-08-27T08:14:37.682157516,28.544687,-91.76931
2020-08-27T08:14:37.719924926,28.559324,-91.794266
2020-08-27T08:14:37.721832275,28.561676,-91.79024
2020-08-27T08:14:37.723739624,28.545353,-91.792305
2020-08-27T08:14:37.741668701,28.546038,-91.81655
2020-08-27T08:14:37.743576049,28.54603,-91.81654
2020-08-27T08:14:37.745483398,28.546022,-91.81653
2020-08-27T08:14:37.747772216,28.546015,-91.81651
2020-08-27T08:14:37.749679565,28.546013,-91.81651
2020-08-27T08:14:37.763412475,28.546011,-91.81652
2020-08-27T08:14:37.765319824,28.546011,-91.81651
2020-08-27T08:14:37.771423339,28.546022,-91.816505
2020-08-27T08:14:37.848863601,28.575686,-91.791595
2020-08-27T08:14:37.851152420,28.575045,-91.785324
2020-08-27T08:14:37.870988845,28.571697,-91.79588
2020-08-27T08:14:37.872896194,28.593788,-91.803795
2020-08-27T08:14:37.874803543,28.565975,-91.78851
2020-08-27T08:14:37.894639968,28.572569,-91.78221
2020-08-27T08:14:37.896547317,28.623198,-91.787605
2020-08-27T08:14:37.908754348,28.580433,-91.770744
2020-08-27T08:14:37.910661697,28.57696,-91.77218
2020-08-27T08:14:37.912569046,28.579315,-91.76663
2020-08-27T08:14:37.914476394,28.543486,-91.72639
2020-08-27T08:14:37.928590774,28.621893,-91.74173
2020-08-27T08:14:37.930498123,28.599272,-91.762146
2020-08-27T08:14:37.932405471,28.621897,-91.74174
2020-08-27T08:14:37.952241897,28.592323,-91.75014
2020-08-27T08:14:37.954530715,28.583235,-91.75747
2020-08-27T08:14:37.956438064,28.58739,-91.77575
2020-08-27T08:14:37.960254669,28.621935,-91.74164
2020-08-27T08:14:37.996112823,28.545963,-91.81657
2020-08-27T08:14:38.115514755,28.573353,-91.773026
2020-08-27T08:14:38.117422103,28.57805,-91.768936
2020-08-27T08:14:38.119329452,28.545944,-91.81654
2020-08-27T08:14:38.168920516,28.557653,-91.80422
2020-08-27T08:14:38.171209335,28.54598,-91.81656
2020-08-27T08:14:38.173116683,28.54597,-91.816574
2020-08-27T08:14:38.176931381,28.556465,-91.818665
2020-08-27T08:14:38.178838729,28.545952,-91.81658
2020-08-27T08:14:38.204778671,28.554672,-91.81792
2020-08-27T08:14:38.206687927,28.560976,-91.79974
2020-08-27T08:14:38.210884094,28.558596,-91.81843
2020-08-27T08:14:38.212791442,28.561024,-91.816475
2020-08-27T08:14:38.214698791,28.561855,-91.80987
2020-08-27T08:14:38.216606140,28.561953,-91.7994
2020-08-27T08:14:38.232627868,28.565868,-91.83074
2020-08-27T08:14:38.234535217,28.564884,-91.82209
2020-08-27T08:14:38.236824035,28.575544,-91.81286
2020-08-27T08:14:38.258567810,28.54595,-91.816505
2020-08-27T08:14:38.260475158,28.572548,-91.821724
2020-08-27T08:14:38.262382507,28.580526,-91.82327
2020-08-27T08:14:38.264671325,28.571365,-91.82829
2020-08-27T08:14:38.266578674,28.576336,-91.82842
2020-08-27T08:14:38.268486022,28.571432,-91.81482
2020-08-27T08:14:38.270393371,28.58053,-91.79716
2020-08-27T08:14:38.371866226,28.640284,-91.83593
2020-08-27T08:14:38.373773574,28.664616,-91.80761
2020-08-27T08:14:38.375680923,28.654118,-91.80029
2020-08-27T08:14:38.377969741,28.662632,-91.792435
2020-08-27T08:14:38.379877090,28.678251,-91.75499
2020-08-27T08:14:38.381784439,28.61525,-91.8429
2020-08-27T08:14:38.383691787,28.610083,-91.79594
2020-08-27T08:14:38.568706512,28.545979,-91.81647
2020-08-27T08:14:38.570613861,28.563702,-91.820854
2020-08-27T08:14:38.572521209,28.57579,-91.8291
2020-08-27T08:14:38.576717376,28.545942,-91.81651
2020-08-27T08:14:38.578626632,28.57305,-91.821846
2020-08-27T08:14:51.149387359,27.637764,-92.56712
2020-08-27T08:14:51.151296615,27.637703,-92.56553
2020-08-27T08:14:51.155111312,27.636724,-92.53244
2020-08-27T08:14:51.167318344,27.628649,-92.561455
2020-08-27T08:14:51.169225692,27.636744,-92.53245
2020-08-27T08:14:51.192876815,27.637877,-92.56984
2020-08-27T08:14:51.198980331,27.637926,-92.57253
2020-08-27T08:14:51.200887680,27.634367,-92.56885
2020-08-27T08:14:51.203176498,27.623676,-92.557526
2020-08-27T08:14:51.210805892,27.637953,-92.57366
2020-08-27T08:14:51.215002059,27.638292,-92.58465
2020-08-27T08:14:51.216909408,27.638283,-92.58391
2020-08-27T08:14:51.218816757,27.638243,-92.58216
2020-08-27T08:14:51.250860214,27.633383,-92.56623
2020-08-27T08:14:51.252767562,27.636808,-92.53246
2020-08-27T08:14:51.280616760,27.636662,-92.53235
2020-08-27T08:14:51.304267883,27.6382,-92.58684
2020-08-27T08:14:51.306556701,27.638563,-92.582
2020-08-27T08:14:51.308464050,27.629786,-92.573
2020-08-27T08:14:51.310371398,27.63813,-92.58334
2020-08-27T08:14:51.318382263,27.638514,-92.59509
2020-08-27T08:14:51.320289611,27.639292,-92.62237
2020-08-27T08:14:51.334022521,27.632345,-92.58513
2020-08-27T08:14:51.336311340,27.626059,-92.578705
2020-08-27T08:14:51.348136901,27.63823,-92.58714
2020-08-27T08:14:51.350044250,27.62638,-92.599625
2020-08-27T08:14:51.351951599,27.627216,-92.589714
2020-08-27T08:14:51.354240417,27.62028,-92.59187
2020-08-27T08:14:51.409936904,27.625748,-92.58882
2020-08-27T08:14:51.411844253,27.637995,-92.57928
2020-08-27T08:14:51.528957366,27.629807,-92.56726
2020-08-27T08:14:51.530864715,27.61306,-92.59086
2020-08-27T08:14:51.556804656,27.625753,-92.555466
2020-08-27T08:14:51.562908172,27.636703,-92.53251
2020-08-27T08:14:51.600673675,27.62652,-92.5557
2020-08-27T08:14:51.604488372,27.711588,-92.45795
2020-08-27T08:14:51.630428314,27.62288,-92.558716
2020-08-27T08:14:51.644161224,27.71165,-92.45796
2020-08-27T08:14:51.676206588,27.596312,-92.57278
2020-08-27T08:14:51.729993820,27.623104,-92.57438
2020-08-27T08:14:51.731901168,27.59046,-92.57436
2020-08-27T08:14:51.839096069,27.710804,-92.43017
2020-08-27T08:14:51.841003417,27.721548,-92.42831
2020-08-27T08:14:51.861221313,27.710548,-92.42096
2020-08-27T08:14:51.868850708,27.71067,-92.42294
2020-08-27T08:14:51.894792556,27.673313,-92.42816
2020-08-27T08:14:51.896699905,27.695568,-92.42928
2020-08-27T08:14:51.900896072,27.710468,-92.41969
2020-08-27T08:14:51.904710769,27.711597,-92.45792
2020-08-27T08:15:07.970170974,28.544947,-91.75963
2020-08-27T08:15:07.972459793,28.543987,-91.725845
2020-08-27T08:15:07.998018264,28.544386,-91.73682
2020-08-27T08:15:08.000307083,28.542852,-91.74921
2020-08-27T08:15:08.017854690,28.544027,-91.72583
2020-08-27T08:15:08.020143508,28.544516,-91.74335
2020-08-27T08:15:08.023958206,28.544006,-91.72583
2020-08-27T08:15:08.039980888,28.544048,-91.725746
2020-08-27T08:15:08.041888236,28.544031,-91.72578
2020-08-27T08:15:08.043795585,28.538015,-91.736694
2020-08-27T08:15:08.045702934,28.538063,-91.741
2020-08-27T08:15:08.063632011,28.544455,-91.7399
2020-08-27T08:15:08.065920829,28.535889,-91.738914
2020-08-27T08:15:08.093769073,28.544083,-91.7258
2020-08-27T08:15:08.095676422,28.544083,-91.725815
2020-08-27T08:15:08.125431060,28.544102,-91.72586
2020-08-27T08:15:08.127338409,28.544117,-91.725876
2020-08-27T08:15:08.232625961,28.545536,-91.776985
2020-08-27T08:15:08.234914779,28.545502,-91.77622
2020-08-27T08:15:08.282599449,28.546486,-91.81593
2020-08-27T08:15:08.284506797,28.546501,-91.81594
2020-08-27T08:15:08.290228843,28.544641,-91.748604
2020-08-27T08:15:08.298239707,28.544043,-91.72565
2020-08-27T08:15:08.302435874,28.54403,-91.725624
2020-08-27T08:15:08.304343223,28.544024,-91.72561
2020-08-27T08:15:08.306250572,28.54643,-91.73841
2020-08-27T08:15:08.308157920,28.54401,-91.725586
2020-08-27T08:15:08.348213195,28.566841,-91.76864
2020-08-27T08:15:08.350120544,28.544125,-91.73039
2020-08-27T08:15:08.352027893,28.543995,-91.725716
2020-08-27T08:15:08.353935241,28.544289,-91.736046
2020-08-27T08:15:08.355842590,28.544,-91.725716
2020-08-27T08:15:08.421456336,28.545485,-91.77836
2020-08-27T08:15:08.423745155,28.540384,-91.74353
2020-08-27T08:15:08.483255386,28.545677,-91.78302
2020-08-27T08:15:08.507287979,28.546524,-91.81585
2020-08-27T08:15:28.012132644,27.719168,-92.67261
2020-08-27T08:15:28.014039993,27.71707,-92.600624
2020-08-27T08:15:28.016328811,27.716934,-92.59664
2020-08-27T08:15:28.031970024,27.682625,-92.68208
2020-08-27T08:15:28.012132644,27.568565,-92.786736
2020-08-27T08:15:28.095676422,27.682764,-92.673386
2020-08-27T08:15:28.097583770,27.668179,-92.68081
2020-08-27T08:15:28.137256622,27.686975,-92.59783
2020-08-27T08:15:28.151371955,27.664778,-92.68396
2020-08-27T08:15:28.200963020,27.638063,-92.532196
2020-08-27T08:15:28.256658554,27.716633,-92.58456
2020-08-27T08:15:28.258565902,27.626156,-92.61547
2020-08-27T08:15:28.304343223,27.568598,-92.78672
2020-08-27T08:15:28.306250572,27.642498,-92.68281
2020-08-27T08:15:28.308539390,27.634424,-92.64965
2020-08-27T08:15:28.340202331,27.637487,-92.68923
2020-08-27T08:15:28.342109680,27.623291,-92.68289
2020-08-27T08:15:28.344017028,27.568537,-92.786705
2020-08-27T08:15:41.202793121,28.672846,-91.84406
2020-08-27T08:15:41.205082416,28.670897,-91.84281
2020-08-27T08:15:41.270696163,28.677008,-91.841965
2020-08-27T08:15:41.274510860,28.669966,-91.85213
2020-08-27T08:15:41.276418209,28.676691,-91.84186
2020-08-27T08:15:41.379797935,28.675917,-91.841835
2020-08-27T08:15:41.381705284,28.668222,-91.85446
2020-08-27T08:15:41.383994102,28.674362,-91.84583
2020-08-27T08:15:41.397727489,28.62409,-91.831566
2020-08-27T08:15:41.399634838,28.660168,-91.85456
2020-08-27T08:15:41.403831005,28.65793,-91.86085
2020-08-27T08:15:41.417563915,28.624098,-91.83152
2020-08-27T08:15:41.419471263,28.651339,-91.85736
2020-08-27T08:15:41.421760559,28.64706,-91.867455
2020-08-27T08:15:41.423667907,28.65177,-91.85783
2020-08-27T08:15:41.447319030,28.646309,-91.867836
2020-08-27T08:15:41.449607849,28.624964,-91.86396
2020-08-27T08:15:41.451515674,28.638464,-91.87096
2020-08-27T08:15:41.455330371,28.623997,-91.831604
2020-08-27T08:15:41.544977188,28.677511,-91.84224
2020-08-27T08:15:41.544977188,28.550709,-91.99684
2020-08-27T08:15:41.578547000,28.69133,-91.81999
2020-08-27T08:15:41.590754032,28.677227,-91.84213
2020-08-27T08:15:41.592661380,28.668123,-91.84882
2020-08-27T08:15:41.594568729,28.666906,-91.81949
2020-08-27T08:15:41.596476078,28.672947,-91.848625
2020-08-27T08:15:41.600672245,28.67003,-91.8233
2020-08-27T08:15:41.616312980,28.687153,-91.82572
2020-08-27T08:15:41.674297332,28.700724,-91.7815
2020-08-27T08:15:41.676204681,28.684717,-91.81707
2020-08-27T08:15:41.678112030,28.690113,-91.81885
2020-08-27T08:15:41.680019378,28.701277,-91.80019
2020-08-27T08:15:41.707867145,28.62406,-91.83162
2020-08-27T08:15:41.763562679,28.657064,-91.86142
2020-08-27T08:15:41.765470027,28.632927,-91.896484
2020-08-27T08:15:41.771573543,28.647512,-91.8622
2020-08-27T08:15:41.876860618,28.55102,-91.99692
2020-08-27T08:15:41.881056785,28.64077,-91.87462
2020-08-27T08:15:41.882964134,28.68269,-91.81242
2020-08-27T08:15:41.890975475,28.681221,-91.79238
2020-08-27T08:15:41.892882823,28.668383,-91.8453
2020-08-27T08:15:41.896697521,28.700682,-91.775185
2020-08-27T08:15:41.898604869,28.692692,-91.785286
2020-08-27T08:15:41.900893688,28.680935,-91.801414
2020-08-27T08:15:41.902801036,28.683598,-91.784325
2020-08-27T08:15:41.902801036,28.550928,-91.99701
2020-08-27T08:15:41.904708385,28.673006,-91.81348
2020-08-27T08:15:41.904708385,28.550928,-91.997025
2020-08-27T08:15:41.908904552,28.703384,-91.757675
2020-08-27T08:15:41.910811901,28.676529,-91.800186
2020-08-27T08:15:41.918823242,28.699976,-91.74847
2020-08-27T08:15:41.920730590,28.70019,-91.756966
2020-08-27T08:15:41.938659667,28.700178,-91.756966
2020-08-27T08:15:41.940567016,28.699135,-91.75156
2020-08-27T08:15:41.946671009,28.700176,-91.75704
2020-08-27T08:15:41.956589221,28.700085,-91.756996
2020-08-27T08:15:41.958496570,28.699665,-91.7428
2020-08-27T08:15:41.972229480,28.69939,-91.730644
2020-08-27T08:15:47.676053047,27.678995,-92.604546
2020-08-27T08:15:47.678341865,27.639383,-92.621895
2020-08-27T08:15:47.719923019,27.684832,-92.59283
2020-08-27T08:15:47.751966476,27.675327,-92.59308
2020-08-27T08:15:47.755781173,27.692112,-92.601006
2020-08-27T08:15:47.771802902,27.668337,-92.590996
2020-08-27T08:15:47.813384056,27.63926,-92.62175
2020-08-27T08:15:47.815291404,27.64842,-92.59068
2020-08-27T08:15:47.817580223,27.64764,-92.58839
2020-08-27T08:15:47.859161376,27.658775,-92.590866
2020-08-27T08:15:47.878997802,27.638388,-92.58677
2020-08-27T08:15:47.918671607,27.664312,-92.594925
2020-08-27T08:15:47.954529762,27.663546,-92.59505
2020-08-27T08:15:47.984285354,27.66175,-92.59386
2020-08-27T08:15:47.992296218,27.639448,-92.62177
2020-08-27T08:15:48.014039993,27.636868,-92.53188
2020-08-27T08:15:48.016328811,27.638556,-92.590805
2020-08-27T08:15:48.022050857,27.65605,-92.59606
2020-08-27T08:15:48.031970024,27.638117,-92.57497
2020-08-27T08:15:48.034258842,27.638353,-92.583244
2020-08-27T08:15:48.047991752,27.666576,-92.60445
2020-08-27T08:15:48.064013481,27.654434,-92.60092
2020-08-27T08:15:48.093769073,27.664343,-92.60556
2020-08-27T08:15:48.097583770,27.639496,-92.62185
2020-08-27T08:15:48.099872589,27.638674,-92.593285
2020-08-27T08:16:03.205159187,27.715498,-92.587036
2020-08-27T08:16:03.276494979,27.695705,-92.56988
2020-08-27T08:16:03.320363998,27.714466,-92.54817
2020-08-27T08:16:06.873046875,27.668703,-92.53956
2020-08-27T08:16:06.874954223,27.636955,-92.53323
2020-08-27T08:16:06.877243041,27.636946,-92.53321
2020-08-27T08:16:06.879150390,27.636944,-92.533195
2020-08-27T08:16:06.889068603,27.659485,-92.55861
2020-08-27T08:16:06.890975952,27.637014,-92.53324
2020-08-27T08:16:06.942856788,27.63714,-92.53326
2020-08-27T08:16:07.000459671,27.66319,-92.561264
2020-08-27T08:16:07.002367019,27.656038,-92.55518
2020-08-27T08:16:07.004274368,27.652899,-92.55818
2020-08-27T08:16:07.012285232,27.637053,-92.533295
2020-08-27T08:16:07.079806327,27.688713,-92.564735
2020-08-27T08:16:07.093920707,27.675758,-92.56638
2020-08-27T08:16:07.101551055,27.698587,-92.57188
2020-08-27T08:16:07.101551055,27.567549,-92.78774
2020-08-27T08:16:07.103839874,27.693094,-92.56969
2020-08-27T08:16:07.115665435,27.70873,-92.57169
2020-08-27T08:16:07.119480133,27.714516,-92.54861
2020-08-27T08:16:07.121768951,27.7048,-92.59109
2020-08-27T08:16:07.123676300,27.650906,-92.55463
2020-08-27T08:16:07.173268318,27.691128,-92.5764
2020-08-27T08:16:07.173268318,27.567547,-92.78773
2020-08-27T08:16:07.175175666,27.714529,-92.548645
2020-08-27T08:16:07.177083015,27.731384,-92.57961
2020-08-27T08:16:07.179371833,27.697802,-92.573425
2020-08-27T08:16:07.181279182,27.699646,-92.56188
2020-08-27T08:16:07.183186531,27.709507,-92.57045
2020-08-27T08:16:07.185093879,27.71452,-92.54862
2020-08-27T08:16:07.187382698,27.700989,-92.57152
2020-08-27T08:16:07.189290046,27.714516,-92.5486
2020-08-27T08:16:07.308310508,27.71548,-92.5782
2020-08-27T08:16:07.310599327,27.714626,-92.54859
2020-08-27T08:16:07.334250450,27.64384,-92.58392
2020-08-27T08:16:07.336157798,27.6746,-92.55987
2020-08-27T08:16:07.338446617,27.714468,-92.57064
2020-08-27T08:16:07.340353965,27.714687,-92.54854
2020-08-27T08:16:07.342261314,27.665369,-92.564896
2020-08-27T08:16:07.409783363,27.637154,-92.533195
2020-08-27T08:16:07.433815956,27.574875,-92.5474
2020-08-27T08:16:11.296638488,28.544521,-91.74411
2020-08-27T08:16:11.298545837,28.544031,-91.7263
2020-08-27T08:16:11.320289611,28.5441,-91.726295
2020-08-27T08:16:11.322196960,28.55502,-91.74396
2020-08-27T08:16:11.324485778,28.544052,-91.726265
2020-08-27T08:16:11.334403991,28.544014,-91.72619
2020-08-27T08:16:11.336311340,28.567081,-91.73069
2020-08-27T08:16:11.338218688,28.56673,-91.74244
2020-08-27T08:16:11.340126037,28.563438,-91.746796
2020-08-27T08:16:11.367973327,28.544008,-91.72627
2020-08-27T08:16:11.383995056,28.544033,-91.72623
2020-08-27T08:16:11.385902404,28.544044,-91.72623
2020-08-27T08:16:11.387809753,28.544058,-91.72622
2020-08-27T08:16:11.390098571,28.544062,-91.72622
2020-08-27T08:16:11.397727966,28.54407,-91.72623
2020-08-27T08:16:11.421762466,28.544052,-91.72621
2020-08-27T08:16:11.457620620,28.544067,-91.726265
2020-08-27T08:16:11.459527969,28.544065,-91.72627
2020-08-27T08:16:11.475549697,28.575397,-91.73243
2020-08-27T08:16:11.477457046,28.566628,-91.74454
2020-08-27T08:16:11.479364395,28.578323,-91.73298
2020-08-27T08:16:11.562908172,28.55159,-91.73893
2020-08-27T08:16:11.610591888,28.559267,-91.76716
2020-08-27T08:16:11.612499237,28.565992,-91.74096
2020-08-27T08:16:11.614406585,28.544094,-91.72622
2020-08-27T08:16:11.620510101,28.544096,-91.72622
2020-08-27T08:16:11.642253875,28.569818,-91.74399
2020-08-27T08:16:11.705961227,28.551662,-91.99705
2020-08-27T08:16:11.705961227,28.562141,-91.74882
2020-08-27T08:16:11.725797653,28.565289,-91.751434
2020-08-27T08:16:11.743726730,28.577366,-91.732704
2020-08-27T08:16:11.745634078,28.56425,-91.74369
2020-08-27T08:16:11.821166992,28.570326,-91.7414
2020-08-27T08:16:11.823455810,28.560183,-91.738556
2020-08-27T08:16:11.825363159,28.576666,-91.74507
2020-08-27T08:16:11.827270507,28.576065,-91.732445
2020-08-27T08:16:11.829177856,28.581215,-91.73345
2020-08-27T08:16:11.861221313,28.59621,-91.73647
2020-08-27T08:16:11.863128662,28.572117,-91.74552
2020-08-27T08:16:11.866943359,28.584276,-91.77789
2020-08-27T08:16:11.868850708,28.570978,-91.751976
2020-08-27T08:16:11.882965087,28.617674,-91.73632
2020-08-27T08:16:11.884872436,28.589464,-91.738365
2020-08-27T08:16:11.886779785,28.601532,-91.72985
2020-08-27T08:16:11.889068603,28.582685,-91.72401
2020-08-27T08:16:11.890975952,28.622337,-91.74155
2020-08-27T08:16:11.892883300,28.622742,-91.73273
2020-08-27T08:16:11.894792556,28.605906,-91.73588
2020-08-27T08:16:11.898988723,28.622316,-91.74155
2020-08-27T08:16:11.900896072,28.622307,-91.74153
2020-08-27T08:16:11.902803421,28.622295,-91.74152
2020-08-27T08:16:11.904710769,28.622286,-91.741516
2020-08-27T08:16:11.906618118,28.622276,-91.7415
2020-08-27T08:16:11.908906936,28.622274,-91.7415
2020-08-27T08:16:11.910814285,28.62137,-91.73141
2020-08-27T08:16:11.912721633,28.62231,-91.74155
2020-08-27T08:16:11.914628982,28.622328,-91.74157
2020-08-27T08:16:11.926836013,28.622288,-91.74148
2020-08-27T08:16:11.928743362,28.622276,-91.74146
2020-08-27T08:16:11.930650711,28.622282,-91.74146
2020-08-27T08:16:11.932558059,28.62229,-91.74147
2020-08-27T08:16:11.944383621,28.633465,-91.71742
2020-08-27T08:16:11.946672439,28.622242,-91.74149
2020-08-27T08:16:11.954683303,28.620468,-91.67673
2020-08-27T08:16:11.956590652,28.636793,-91.70967
2020-08-27T08:16:11.962312698,28.637842,-91.6998
2020-08-27T08:16:11.964601516,28.60477,-91.722046
2020-08-27T08:16:11.966508865,28.62036,-91.67381
2020-08-27T08:16:11.968416213,28.630026,-91.70999
2020-08-27T08:16:11.970323562,28.543875,-91.72622
2020-08-27T08:16:11.980241775,28.619843,-91.65135
2020-08-27T08:16:11.982530593,28.627964,-91.670006
2020-08-27T08:16:11.984437942,28.637156,-91.69238
2020-08-27T08:16:11.986345291,28.61975,-91.651276
2020-08-27T08:16:11.988252639,28.627785,-91.67867
2020-08-27T08:16:12.153432846,28.543983,-91.726204
2020-08-27T08:16:12.155340194,28.597885,-91.72465
2020-08-27T08:16:12.157247543,28.621397,-91.706825
2020-08-27T08:16:12.181280136,28.5715,-91.73582
2020-08-27T08:16:12.183187484,28.543926,-91.726135
2020-08-27T08:16:12.185094833,28.615623,-91.71549
2020-08-27T08:16:12.187002182,28.587297,-91.734604
2020-08-27T08:16:12.201116561,28.624496,-91.731735
2020-08-27T08:16:12.203023910,28.611053,-91.738754
2020-08-27T08:16:12.206838607,28.622334,-91.74157
2020-08-27T08:16:12.209127426,28.622324,-91.74156
2020-08-27T08:16:14.428934097,30.644148,-93.0508
2020-08-27T08:16:14.433130264,30.64433,-93.05736
2020-08-27T08:16:14.435037612,30.644262,-93.05586
2020-08-27T08:16:14.441141128,30.645174,-93.08403
2020-08-27T08:16:14.512477874,30.727514,-93.13304
2020-08-27T08:16:14.514766693,30.726507,-93.102776
2020-08-27T08:16:14.516674041,30.712084,-93.12033
2020-08-27T08:16:14.518581390,30.70663,-93.114586
2020-08-27T08:16:14.524684906,30.72644,-93.102745
2020-08-27T08:16:14.526592254,30.726427,-93.10273
2020-08-27T08:16:14.538417816,30.726402,-93.1027
2020-08-27T08:16:14.568172454,30.627176,-93.04977
2020-08-27T08:16:14.574275970,30.645227,-93.08408
2020-08-27T08:16:14.578090667,30.643509,-93.03151
2020-08-27T08:16:14.580379486,30.63152,-93.04103
2020-08-27T08:16:14.582286834,30.622768,-93.03247
2020-08-27T08:16:14.584194183,30.643621,-93.03644
2020-08-27T08:16:14.586101531,30.643532,-93.03415
2020-08-27T08:16:14.588008880,30.64359,-93.036194
2020-08-27T08:16:14.590297698,30.64347,-93.03184
2020-08-27T08:16:14.592205047,30.643425,-93.029816
2020-08-27T08:16:14.594112396,30.643482,-93.03096
2020-08-27T08:16:14.596019744,30.643381,-93.02723
2020-08-27T08:16:14.597927093,30.643436,-93.02844
2020-08-27T08:16:14.604030609,30.642206,-92.99051
2020-08-27T08:16:14.605937957,30.642208,-92.99051
2020-08-27T08:16:35.004199981,27.6465,-92.55892
2020-08-27T08:16:34.654386520,27.636429,-92.53261
2020-08-27T08:16:34.664304733,27.647224,-92.55055
2020-08-27T08:16:34.666212081,27.63647,-92.53265
2020-08-27T08:16:34.680326461,27.636402,-92.53252
2020-08-27T08:16:34.682233810,27.642826,-92.551
2020-08-27T08:16:34.684141159,27.636467,-92.53257
2020-08-27T08:16:34.716184616,27.636492,-92.53258
2020-08-27T08:16:34.759674072,27.636433,-92.53254
2020-08-27T08:16:34.761962890,27.636986,-92.551254
2020-08-27T08:16:34.841308593,27.636482,-92.53261
2020-08-27T08:16:34.843215942,27.636484,-92.5326
2020-08-27T08:16:35.006488800,27.637447,-92.5643
2020-08-27T08:16:35.016407012,27.64189,-92.55832
2020-08-27T08:16:35.018314361,27.639912,-92.56474
2020-08-27T08:16:35.020221710,27.640402,-92.56771
2020-08-27T08:16:35.022129058,27.637745,-92.572975
2020-08-27T08:16:35.024417877,27.636602,-92.5326
2020-08-27T08:16:35.079730987,27.636593,-92.53264
2020-08-27T08:16:35.082019805,27.640888,-92.56783
2020-08-27T08:16:35.175481796,27.642208,-92.56521
2020-08-27T08:16:35.177389144,27.636597,-92.5326
2020-08-27T08:16:44.391929626,28.706354,-91.766914
2020-08-27T08:16:44.423591613,28.775959,-91.68805
2020-08-27T08:16:44.425880432,28.744728,-91.70975
2020-08-27T08:16:44.429695129,28.77807,-91.720276
2020-08-27T08:16:44.960328102,28.705341,-91.6818
2020-08-27T08:16:44.962616920,28.692572,-91.745636
2020-08-27T08:16:44.964524269,28.702456,-91.69524
2020-08-27T08:16:44.966431617,28.724064,-91.695656
2020-08-27T08:16:45.033952713,28.70098,-91.68545
2020-08-27T08:16:45.036241531,28.702406,-91.721596
2020-08-27T08:16:45.038148880,28.69677,-91.728584
2020-08-27T08:16:45.040056228,28.70221,-91.748436
2020-08-27T08:17:00.644694328,27.72072,-92.65402
2020-08-27T08:17:00.646601676,27.736296,-92.71177
2020-08-27T08:17:00.680171966,27.715944,-92.59447
2020-08-27T08:17:00.704204559,27.716116,-92.597466
2020-08-27T08:17:00.706111907,27.7161,-92.59607
2020-08-27T08:17:00.735867023,27.709974,-92.63398
2020-08-27T08:17:00.737774372,27.70421,-92.66148
2020-08-27T08:17:00.785840511,27.693987,-92.64571
2020-08-27T08:17:00.831235885,27.719442,-92.60999
2020-08-27T08:17:00.833525180,27.669207,-92.665306
2020-08-27T08:17:00.835432529,27.717188,-92.63762
2020-08-27T08:17:00.837339878,27.700453,-92.64589
2020-08-27T08:17:00.839247226,27.689747,-92.66036
2020-08-27T08:17:00.841154575,27.719448,-92.70465
2020-08-27T08:17:00.873198509,27.717218,-92.63761
2020-08-27T08:17:00.952545166,27.664946,-92.68144
2020-08-27T08:17:00.954452514,27.7079,-92.711586
2020-08-27T08:17:00.956741809,27.695305,-92.63983
2020-08-27T08:17:01.050203323,27.53391,-92.74234
2020-08-27T08:17:01.052110671,27.717205,-92.637726
2020-08-27T08:17:01.054018020,27.692764,-92.67288
2020-08-27T08:17:01.055925369,27.682878,-92.66596
2020-08-27T08:17:01.058214187,27.663269,-92.67344
2020-08-27T08:17:01.060121536,27.655846,-92.67318
2020-08-27T08:17:01.062028884,27.56764,-92.78679
2020-08-27T08:17:01.155490398,27.63715,-92.53236
2020-08-27T08:17:01.167315959,27.63726,-92.53234
2020-08-27T08:17:01.177234649,27.637142,-92.53223
2020-08-27T08:17:01.179523468,27.63713,-92.53223
2020-08-27T08:17:01.199359893,27.637182,-92.532394
2020-08-27T08:17:01.221104145,27.534065,-92.64265
2020-08-27T08:17:01.223011493,27.667896,-92.64117
2020-08-27T08:17:01.239033699,27.52845,-92.62452
2020-08-27T08:17:01.304647445,27.525776,-92.63461
2020-08-27T08:17:17.630277633,30.441814,-91.2508
2020-08-27T08:17:17.632184982,30.44313,-91.25096
2020-08-27T08:17:17.634092330,30.444443,-91.2504
2020-08-27T08:17:17.636381149,30.442556,-91.24671
2020-08-27T08:17:17.638288497,30.443422,-91.24677
2020-08-27T08:17:17.640195846,30.479988,-91.250275
2020-08-27T08:17:17.642103195,30.44944,-91.23678
2020-08-27T08:17:17.644010543,30.44416,-91.23868
2020-08-27T08:17:17.646299362,30.445787,-91.22062
2020-08-27T08:17:17.648206710,30.468485,-91.22254
2020-08-27T08:17:17.650114059,30.468056,-91.21413
2020-08-27T08:17:17.652021408,30.462795,-91.21538
2020-08-27T08:17:17.653928756,30.425097,-91.26635
2020-08-27T08:17:17.684064865,30.425325,-91.196434
2020-08-27T08:17:17.684064865,30.457253,-91.26512
2020-08-27T08:17:17.691694259,30.58693,-91.22932
2020-08-27T08:17:17.769515991,30.455515,-91.27773
2020-08-27T08:17:17.771423339,30.487362,-91.263435
2020-08-27T08:17:17.773330688,30.45727,-91.257744
2020-08-27T08:17:17.775238037,30.445711,-91.25064
2020-08-27T08:17:17.777526855,30.435465,-91.25116
2020-08-27T08:17:17.779434204,30.43029,-91.23644
2020-08-27T08:17:17.781341552,30.401558,-91.180084
2020-08-27T08:17:17.783248901,30.395414,-91.16984
2020-08-27T08:17:17.785156250,30.394072,-91.177666
2020-08-27T08:17:17.787445068,30.388674,-91.166336
2020-08-27T08:17:17.789352416,30.380007,-91.17188
2020-08-27T08:17:17.791259765,30.397446,-91.173004
2020-08-27T08:17:17.793167114,30.408302,-91.16664
2020-08-27T08:17:17.795455932,30.424145,-91.15068
2020-08-27T08:17:17.942323684,30.416946,-91.18704
2020-08-27T08:17:18.027774810,30.476519,-91.28721
2020-08-27T08:17:18.101781845,27.637022,-92.53268
2020-08-27T08:17:18.115896224,27.637497,-92.55034
2020-08-27T08:17:18.117803573,27.636992,-92.53273
2020-08-27T08:17:18.119710922,27.636997,-92.53272
2020-08-27T08:17:18.121618270,27.637005,-92.53271
2020-08-27T08:17:18.226905822,27.63809,-92.56827
2020-08-27T08:17:18.229194641,27.63789,-92.56146
2020-08-27T08:17:18.274971008,27.638348,-92.57705
2020-08-27T08:17:18.276878356,27.63787,-92.56027
2020-08-27T08:17:18.278785705,27.63829,-92.57474
2020-08-27T08:17:18.292518615,27.637075,-92.53276
2020-08-27T08:17:18.416116714,27.644917,-92.56575
2020-08-27T08:17:18.418024063,27.637032,-92.5328
2020-08-27T08:17:18.419931411,27.637049,-92.53279
2020-08-27T08:17:18.443964004,27.638058,-92.56505
2020-08-27T08:17:18.485546112,27.638067,-92.56522
2020-08-27T08:17:18.487453460,27.638556,-92.58222
2020-08-27T08:17:18.489360809,27.648502,-92.56926
2020-08-27T08:17:18.541240692,27.63818,-92.56804
2020-08-27T08:17:35.180822372,30.479803,-92.95399
2020-08-27T08:17:35.184637069,30.479843,-92.95398
2020-08-27T08:17:35.194555282,30.479858,-92.95406
2020-08-27T08:17:35.198751449,30.479845,-92.95409
2020-08-27T08:17:35.200658798,30.479834,-92.954056
2020-08-27T08:17:35.204473495,30.471905,-92.95868
2020-08-27T08:17:35.206762313,30.478477,-92.95824
2020-08-27T08:17:35.208669662,30.47918,-92.93472
2020-08-27T08:17:35.210577011,30.473213,-92.953285
2020-08-27T08:17:35.218587875,30.479866,-92.95402
2020-08-27T08:17:35.220495223,30.479856,-92.95403
2020-08-27T08:17:35.222402572,30.478907,-92.924866
2020-08-27T08:17:35.224691390,30.478966,-92.92702
2020-08-27T08:17:35.226598739,30.479824,-92.95409
2020-08-27T08:17:35.230413436,30.479786,-92.95409
2020-08-27T08:17:35.232320785,30.479761,-92.95409
2020-08-27T08:17:35.234609603,30.479738,-92.95408
2020-08-27T08:17:35.236518859,30.47839,-92.91288
2020-08-27T08:17:35.300224304,30.438105,-92.85206
2020-08-27T08:17:35.304039001,30.396011,-92.8426
2020-08-27T08:17:35.305946350,30.435036,-92.85138
2020-08-27T08:17:35.312049865,30.42622,-92.84938
2020-08-27T08:17:35.315864562,30.423796,-92.86537
2020-08-27T08:17:35.318153381,30.39603,-92.84256
2020-08-27T08:17:35.320060729,30.396025,-92.842575
2020-08-27T08:17:35.321968078,30.396019,-92.8426
2020-08-27T08:17:35.323875427,30.397274,-92.88201
2020-08-27T08:17:35.325782775,30.397177,-92.879166
2020-08-27T08:17:35.331886291,30.395952,-92.84262
2020-08-27T08:17:35.343711853,30.479765,-92.95398
2020-08-27T08:17:35.345619201,30.479763,-92.95397
2020-08-27T08:17:35.347908020,30.429623,-92.91028
2020-08-27T08:17:35.349815368,30.479778,-92.95399
2020-08-27T08:17:35.353630065,30.44789,-92.94714
2020-08-27T08:17:35.361642837,30.395927,-92.84263
2020-08-27T08:17:35.363550186,30.4798,-92.95404
2020-08-27T08:17:35.367746353,30.395885,-92.8426
2020-08-27T08:17:35.371561050,30.39591,-92.84261
2020-08-27T08:17:35.375757217,30.395935,-92.84262
2020-08-27T08:17:35.435266494,30.481148,-92.99045
2020-08-27T08:17:35.437173843,30.462078,-93.00372
2020-08-27T08:17:35.439081192,30.481096,-92.99159
2020-08-27T08:17:35.441370010,30.481163,-92.99401
2020-08-27T08:17:35.443277359,30.497072,-92.99758
2020-08-27T08:17:35.445184707,30.485615,-92.99627
2020-08-27T08:17:35.447092056,30.48498,-92.99729
2020-08-27T08:17:35.448999404,30.481169,-92.99524
2020-08-27T08:17:35.451288223,30.481129,-92.99391
2020-08-27T08:17:35.453195571,30.491991,-92.99118
2020-08-27T08:17:35.455102920,30.49128,-92.99157
2020-08-27T08:17:35.457010269,30.499702,-92.995605
2020-08-27T08:17:35.459299087,30.481157,-92.993996
2020-08-27T08:17:35.461206436,30.48113,-92.992615
2020-08-27T08:17:35.463113784,30.481329,-92.99818
2020-08-27T08:17:35.465021133,30.481173,-92.99278
2020-08-27T08:17:35.466928482,30.48118,-92.992485
2020-08-27T08:17:35.469217300,30.481115,-92.99091
2020-08-27T08:17:35.471124649,30.479897,-92.95413
2020-08-27T08:17:35.473031997,30.48111,-92.99259
2020-08-27T08:17:35.474939346,30.481197,-92.99625
2020-08-27T08:17:35.476846694,30.480871,-92.98709
2020-08-27T08:17:35.479135513,30.481125,-92.99502
2020-08-27T08:17:35.489055633,30.478708,-92.91851
2020-08-27T08:17:35.490962982,30.478502,-92.91232
2020-08-27T08:17:35.492870330,30.479836,-92.95406
2020-08-27T08:17:35.497066497,30.481024,-92.99134
2020-08-27T08:17:35.498973846,30.528877,-92.959404
2020-08-27T08:17:35.500881195,30.525888,-92.97499
2020-08-27T08:17:35.502788543,30.516716,-92.96691
2020-08-27T08:17:35.532543182,30.563902,-93.06585
2020-08-27T08:17:35.534450531,30.563887,-93.06585
2020-08-27T08:17:35.536739349,30.530293,-93.05811
2020-08-27T08:17:35.538646697,30.479254,-93.001495
2020-08-27T08:17:35.540554046,30.514545,-93.022385
2020-08-27T08:17:35.542461395,30.563887,-93.06587
2020-08-27T08:17:35.548564910,30.563906,-93.06588
2020-08-27T08:17:35.556575775,30.481253,-92.998024
2020-08-27T08:17:35.648130416,30.583958,-92.95077
2020-08-27T08:17:35.701536178,30.479753,-92.95399
2020-08-27T08:17:35.781265258,30.476433,-92.96924
2020-08-27T08:17:35.783172607,30.47731,-92.944374
2020-08-27T08:17:35.785079956,30.46221,-92.9578
2020-08-27T08:17:35.786987304,30.456654,-92.91644
2020-08-27T08:17:35.789276123,30.426752,-92.88394
2020-08-27T08:17:35.791183471,30.43335,-92.90082
2020-08-27T08:17:35.793090820,30.461645,-92.90044
2020-08-27T08:17:35.827041625,30.397505,-92.89351
2020-08-27T08:17:52.855346679,27.733107,-92.61625
2020-08-27T08:17:52.628749847,27.74021,-92.57359
2020-08-27T08:17:52.511255264,27.662008,-92.537445
2020-08-27T08:17:52.513545989,27.637268,-92.53252
2020-08-27T08:17:52.607006072,27.714685,-92.54781
2020-08-27T08:17:52.608913421,27.714676,-92.54781
2020-08-27T08:17:52.610820770,27.715277,-92.56849
2020-08-27T08:17:52.612728118,27.7127,-92.56264
2020-08-27T08:17:52.614635467,27.715294,-92.5688
2020-08-27T08:17:52.616924285,27.715244,-92.56695
2020-08-27T08:17:52.618831634,27.715279,-92.56806
2020-08-27T08:17:52.620738983,27.715322,-92.56976
2020-08-27T08:17:52.622646331,27.714687,-92.54786
2020-08-27T08:17:52.624553680,27.714684,-92.54786
2020-08-27T08:17:52.626842498,27.714678,-92.54786
2020-08-27T08:17:52.630657196,27.678288,-92.53986
2020-08-27T08:17:52.672620773,27.67366,-92.53973
2020-08-27T08:17:52.678342819,27.685442,-92.54666
2020-08-27T08:17:52.680250167,27.703623,-92.54267
2020-08-27T08:17:52.682538986,27.72911,-92.56644
2020-08-27T08:17:52.684446334,27.720325,-92.56784
2020-08-27T08:17:52.686353683,27.714603,-92.547844
2020-08-27T08:17:52.819488525,27.63725,-92.53255
2020-08-27T08:17:52.857254028,27.674845,-92.54292
2020-08-27T08:17:52.885103225,27.71468,-92.54791
2020-08-27T08:17:52.887010574,27.693373,-92.54368
2020-08-27T08:17:52.940797805,27.653275,-92.613815
2020-08-27T08:17:52.942705154,27.717194,-92.625565
2020-08-27T08:17:52.944993972,27.727262,-92.55976
2020-08-27T08:17:52.988481521,27.490433,-92.77148
2020-08-27T08:17:52.996492385,27.569574,-92.73518
2020-08-27T08:17:52.996492385,27.714731,-92.5479
2020-08-27T08:17:53.105976104,27.68518,-92.61373
2020-08-27T08:17:53.107883453,27.694242,-92.63247
2020-08-27T08:17:53.109790802,27.714659,-92.54799
2020-08-27T08:17:53.159383773,27.558784,-92.751724
2020-08-27T08:17:53.201345443,27.563713,-92.69679
2020-08-27T08:17:53.201345443,27.637373,-92.5326
2020-08-27T08:17:54.527355194,28.543367,-91.726
2020-08-27T08:17:54.529262542,28.543375,-91.726006
2020-08-27T08:17:54.531169891,28.568514,-91.74194
2020-08-27T08:17:54.533077239,28.5674,-91.743996
2020-08-27T08:17:54.535366058,28.573528,-91.73192
2020-08-27T08:17:54.555202484,28.54327,-91.72603
2020-08-27T08:17:54.557109832,28.585125,-91.73421
2020-08-27T08:17:54.559017181,28.585121,-91.73419
2020-08-27T08:17:54.573131561,28.585707,-91.7342
2020-08-27T08:17:54.576946258,28.587008,-91.73445
2020-08-27T08:17:54.578853607,28.570726,-91.73311
2020-08-27T08:17:54.580760955,28.543278,-91.725914
2020-08-27T08:17:54.584957122,28.572296,-91.74103
2020-08-27T08:17:54.588771820,28.564835,-91.73017
2020-08-27T08:17:54.591060638,28.569155,-91.73103
2020-08-27T08:17:54.604793548,28.543253,-91.72603
2020-08-27T08:17:54.606700897,28.54323,-91.72602
2020-08-27T08:17:54.616619110,28.543215,-91.72594
2020-08-27T08:17:54.626539230,28.56624,-91.73043
2020-08-27T08:17:54.636457443,28.543262,-91.72594
2020-08-27T08:17:54.638746261,28.558937,-91.729004
2020-08-27T08:17:54.650571823,28.583916,-91.73383
2020-08-27T08:17:54.666593551,28.555956,-91.728455
2020-08-27T08:17:54.668500900,28.562597,-91.729774
2020-08-27T08:17:54.696348190,28.543306,-91.725914
2020-08-27T08:17:54.698255538,28.555279,-91.73049
2020-08-27T08:17:54.700162887,28.558067,-91.732994
2020-08-27T08:17:54.702070236,28.558104,-91.73579
2020-08-27T08:17:54.708173751,28.543331,-91.725876
2020-08-27T08:17:54.710081100,28.621721,-91.74123
2020-08-27T08:17:54.711988449,28.621696,-91.74125
2020-08-27T08:17:54.732206344,28.611109,-91.73916
2020-08-27T08:17:54.734113693,28.604692,-91.74372
2020-08-27T08:17:54.736021041,28.57431,-91.74322
2020-08-27T08:17:54.737928390,28.61343,-91.73961
2020-08-27T08:17:54.739835739,28.611238,-91.74517
2020-08-27T08:17:54.761962890,28.621595,-91.741234
2020-08-27T08:17:54.763870239,28.621876,-91.75036
2020-08-27T08:17:54.765777587,28.612024,-91.74886
2020-08-27T08:17:54.767684936,28.621662,-91.74118
2020-08-27T08:17:54.783706665,28.622248,-91.76336
2020-08-27T08:17:54.928667068,28.566984,-91.73278
2020-08-27T08:17:54.930955886,28.576677,-91.75999
2020-08-27T08:17:54.932863235,28.621706,-91.7412
2020-08-27T08:17:54.934770584,28.606419,-91.753006
2020-08-27T08:17:54.936677932,28.622412,-91.76656
2020-08-27T08:17:54.940874099,28.615902,-91.75872
2020-08-27T08:17:54.942781448,28.610697,-91.775444
2020-08-27T08:17:54.944688796,28.59631,-91.76574
2020-08-27T08:17:54.948884963,28.617603,-91.77215
2020-08-27T08:17:54.950792312,28.615301,-91.776276
2020-08-27T08:17:54.952699661,28.598478,-91.76831
2020-08-27T08:17:54.962617874,28.629173,-91.800644
2020-08-27T08:17:54.964525222,28.625183,-91.78405
2020-08-27T08:17:54.966432571,28.615807,-91.77124
2020-08-27T08:17:54.968721389,28.621687,-91.74124
2020-08-27T08:17:54.986650466,28.643955,-91.81663
2020-08-27T08:17:54.988559722,28.625957,-91.78902
2020-08-27T08:17:54.990467071,28.621696,-91.74133
2020-08-27T08:17:55.099948883,28.574736,-91.739456
2020-08-27T08:17:55.101856231,28.625414,-91.779564
2020-08-27T08:17:55.103763580,28.6117,-91.79085
2020-08-27T08:17:55.105670928,28.613184,-91.77267
2020-08-27T08:17:55.107578277,28.6236,-91.780174
2020-08-27T08:17:55.109867095,28.637825,-91.80021
2020-08-27T08:17:55.111776351,28.62327,-91.79934
2020-08-27T08:17:55.113683700,28.646044,-91.81152
2020-08-27T08:17:55.115591049,28.628977,-91.786095
2020-08-27T08:17:55.117879867,28.622658,-91.77811
2020-08-27T08:17:55.205236434,28.584908,-91.734184
2020-08-27T08:18:29.783705711,27.623163,-92.72959
2020-08-27T08:18:29.823760986,27.615742,-92.72388
2020-08-27T08:18:29.847412109,27.615719,-92.7251
2020-08-27T08:18:29.881362915,27.620472,-92.73071
2020-08-27T08:18:29.905014991,27.598408,-92.73099
2020-08-27T08:18:29.906922340,27.618559,-92.721
2020-08-27T08:18:30.002672195,27.602064,-92.70443
2020-08-27T08:18:30.088123321,27.610338,-92.70688
2020-08-27T08:18:30.091938018,27.653591,-92.6749
2020-08-27T08:18:30.177388191,27.602629,-92.71286
2020-08-27T08:18:30.193410873,27.649614,-92.662285
2020-08-27T08:18:30.241094589,27.610641,-92.68878
2020-08-27T08:18:30.310523033,27.578844,-92.69399
2020-08-27T08:18:30.312811851,27.626421,-92.66096
2020-08-27T08:18:30.382241249,27.566364,-92.721825
2020-08-27T08:18:30.384148597,27.561853,-92.680244
2020-08-27T08:18:30.475702285,27.542177,-92.67403
2020-08-27T08:18:30.477609634,27.550423,-92.66446
2020-08-27T08:18:30.479516983,27.572067,-92.7585
2020-08-27T08:18:46.058215141,27.713743,-92.54804
2020-08-27T08:18:46.060122489,27.693707,-92.55681
2020-08-27T08:18:46.062029838,27.68652,-92.5432
2020-08-27T08:18:46.102084159,27.685637,-92.5442
2020-08-27T08:18:46.103991508,27.713678,-92.54803
2020-08-27T08:18:46.105898857,27.68305,-92.54195
2020-08-27T08:18:46.110095977,27.6694,-92.52296
2020-08-27T08:18:46.127643585,27.636213,-92.53273
2020-08-27T08:18:46.165409088,27.679726,-92.54249
2020-08-27T08:18:46.173420906,27.636223,-92.53265
2020-08-27T08:18:46.175709724,27.679672,-92.532166
2020-08-27T08:18:46.211186408,27.713718,-92.54802
2020-08-27T08:18:46.332495689,27.713774,-92.54805
2020-08-27T08:18:46.334403038,27.688303,-92.53818
2020-08-27T08:18:46.350424766,27.680958,-92.536736
2020-08-27T08:18:46.352332115,27.682161,-92.55035
2020-08-27T08:18:46.427865028,27.713709,-92.54801
2020-08-27T08:18:46.430153846,27.636288,-92.532646
2020-08-27T08:18:49.481576919,27.789135,-92.473495
2020-08-27T08:18:49.507516860,27.789206,-92.47351
2020-08-27T08:18:49.527354240,27.731632,-92.47733
2020-08-27T08:18:49.535365104,27.743137,-92.471375
2020-08-27T08:18:49.561305046,27.789227,-92.47355
2020-08-27T08:18:49.563212394,27.789215,-92.47356
2020-08-27T08:18:49.565119743,27.789206,-92.473564
2020-08-27T08:18:49.567027091,27.765448,-92.48267
2020-08-27T08:18:49.584957122,27.692968,-92.47773
2020-08-27T08:18:49.592967987,27.789177,-92.47355
2020-08-27T08:18:49.599071502,27.684282,-92.46774
2020-08-27T08:18:49.600978851,27.68555,-92.44966
2020-08-27T08:18:49.602886199,27.679548,-92.4415
2020-08-27T08:18:49.604793548,27.700901,-92.44634
2020-08-27T08:18:49.851608276,27.64434,-92.38977
2020-08-27T08:18:49.853515625,27.685976,-92.42264
2020-08-27T08:19:05.624477386,29.708261,-91.259636
2020-08-27T08:19:05.630580902,29.711859,-91.255066
2020-08-27T08:19:05.634395599,29.680145,-91.24843
2020-08-27T08:19:05.640499114,29.702396,-91.24821
2020-08-27T08:19:05.642406463,29.67855,-91.24796
2020-08-27T08:19:05.644313812,29.705511,-91.25752
2020-08-27T08:19:05.646602630,29.71129,-91.25301
2020-08-27T08:19:05.648509979,29.697577,-91.246445
2020-08-27T08:19:05.650417327,29.671951,-91.24342
2020-08-27T08:19:05.652324676,29.692713,-91.246475
2020-08-27T08:19:05.654613494,29.6804,-91.238976
2020-08-27T08:19:05.656520843,29.66384,-91.23794
2020-08-27T08:19:05.658428192,29.660458,-91.23702
2020-08-27T08:19:05.660335540,29.65085,-91.231766
2020-08-27T08:19:05.662242889,29.652472,-91.23487
2020-08-27T08:19:05.664531707,29.65996,-91.23704
2020-08-27T08:19:05.666439056,29.653006,-91.231964
2020-08-27T08:19:05.668346405,29.649408,-91.22843
2020-08-27T08:19:05.670253753,29.653746,-91.23281
2020-08-27T08:19:05.672161102,29.652027,-91.228935
2020-08-27T08:19:05.674449920,29.655426,-91.234085
2020-08-27T08:19:05.680172920,29.629602,-91.22002
2020-08-27T08:19:05.682461738,29.629608,-91.22002
2020-08-27T08:19:05.684369087,29.629616,-91.22002
2020-08-27T08:19:05.686276435,29.629622,-91.22002
2020-08-27T08:19:05.688183784,29.62963,-91.22002
2020-08-27T08:19:05.749982833,29.627075,-91.129105
2020-08-27T08:19:05.751890182,29.627054,-91.12909
2020-08-27T08:19:05.753797531,29.627035,-91.12907
2020-08-27T08:19:05.755704879,29.64712,-91.14869
2020-08-27T08:19:05.757993698,29.650135,-91.13357
2020-08-27T08:19:05.759901046,29.627003,-91.12903
2020-08-27T08:19:05.982682228,29.589172,-91.18674
2020-08-27T08:19:06.010149002,29.628727,-91.18249
2020-08-27T08:19:12.082096099,27.583828,-92.557365
2020-08-27T08:19:12.084003448,27.58564,-92.56162
2020-08-27T08:19:12.191579818,27.559807,-92.51786
2020-08-27T08:19:12.193487167,27.591047,-92.546135
2020-08-27T08:19:12.195394515,27.590927,-92.55203
2020-08-27T08:19:12.207220077,27.637098,-92.53316
2020-08-27T08:19:12.215230941,27.60344,-92.542046
2020-08-27T08:19:12.249181747,27.63717,-92.53318
2020-08-27T08:19:12.251089096,27.595823,-92.54799
2020-08-27T08:19:12.252996444,27.604666,-92.54113
2020-08-27T08:19:12.255285263,27.59928,-92.53866
2020-08-27T08:19:12.257192611,27.592161,-92.550674
2020-08-27T08:19:12.265205383,27.637129,-92.53315
2020-08-27T08:19:12.267112731,27.609274,-92.52765
2020-08-27T08:19:12.310600280,27.63721,-92.533195
2020-08-27T08:19:12.312889099,27.623566,-92.55207
2020-08-27T08:19:12.314796447,27.62168,-92.559784
2020-08-27T08:19:12.316703796,27.618576,-92.554924
2020-08-27T08:19:12.318611145,27.625723,-92.55719
2020-08-27T08:19:12.320899963,27.611477,-92.57
2020-08-27T08:19:12.322807312,27.638277,-92.57159
2020-08-27T08:19:12.439920425,27.603025,-92.630775
2020-08-27T08:19:22.523461818,27.714533,-92.54889
2020-08-27T08:19:22.529565334,27.714561,-92.54889
2020-08-27T08:19:22.549402236,27.676235,-92.52082
2020-08-27T08:19:22.700466632,27.71446,-92.54884
2020-08-27T08:19:22.817579746,27.693624,-92.53344
2020-08-27T08:19:22.819868564,27.643822,-92.50158
2020-08-27T08:19:22.833601474,27.714428,-92.54877
2020-08-27T08:19:22.837797641,27.714422,-92.54876
2020-08-27T08:19:22.839704990,27.714413,-92.54876
2020-08-27T08:19:22.843519687,27.71439,-92.548744
2020-08-27T08:19:22.847716331,27.714369,-92.54873
2020-08-27T08:19:22.853438377,27.71437,-92.54879
2020-08-27T08:19:22.863356590,27.698849,-92.54572
2020-08-27T08:19:22.871367454,27.714376,-92.548805
2020-08-27T08:19:22.889297008,27.714428,-92.548836
2020-08-27T08:19:22.913330078,27.704102,-92.54875
2020-08-27T08:19:22.915237426,27.711391,-92.54811
2020-08-27T08:19:22.920959472,27.721203,-92.561104
2020-08-27T08:19:22.923248291,27.714443,-92.54884
2020-08-27T08:19:22.944992542,27.703894,-92.59692
2020-08-27T08:19:22.946899890,27.712305,-92.57179
2020-08-27T08:19:22.948807239,27.714388,-92.54889
2020-08-27T08:19:23.183414459,27.709494,-92.54838
2020-08-27T08:19:23.183414459,27.567339,-92.78794
2020-08-27T08:19:23.185703277,27.713299,-92.55122
2020-08-27T08:19:34.684522628,27.787899,-92.46892
2020-08-27T08:19:34.744033813,27.613474,-92.70174
2020-08-27T08:19:34.794006347,27.616146,-92.71094
2020-08-27T08:19:34.795913696,27.621357,-92.715034
2020-08-27T08:19:34.795913696,27.404512,-92.48768
2020-08-27T08:19:34.883272171,27.73854,-92.45593
2020-08-27T08:19:34.903108596,27.614283,-92.71534
2020-08-27T08:19:34.907304763,27.787292,-92.43802
2020-08-27T08:19:34.907304763,27.633413,-92.44339
2020-08-27T08:19:34.911119461,27.787634,-92.44965
2020-08-27T08:19:34.921037673,27.787474,-92.44332
2020-08-27T08:19:34.921037673,27.632183,-92.39905
2020-08-27T08:19:34.929048538,27.788313,-92.47405
2020-08-27T08:19:34.930955886,27.78832,-92.474045
2020-08-27T08:19:34.980928421,27.707815,-92.41244
2020-08-27T08:19:35.044254302,27.636032,-92.53326
2020-08-27T08:19:35.044254302,27.64245,-92.75594
2020-08-27T08:19:35.044254302,27.48918,-92.77224
2020-08-27T08:19:35.068286895,27.565075,-92.74274
2020-08-27T08:19:35.159841537,27.578632,-92.7437
2020-08-27T08:19:35.161748886,27.596634,-92.69347
2020-08-27T08:19:35.163656234,27.57767,-92.741974
2020-08-27T08:19:35.163656234,27.636114,-92.533226
2020-08-27T08:19:35.165563583,27.579681,-92.720406
2020-08-27T08:19:40.088121414,28.62211,-91.741806
2020-08-27T08:19:40.139620780,28.55135,-91.99729
2020-08-27T08:19:48.115894317,27.668846,-92.53992
2020-08-27T08:19:48.159764289,27.659407,-92.521614
2020-08-27T08:19:48.191426277,27.659737,-92.51847
2020-08-27T08:19:48.233388900,27.637365,-92.53367
2020-08-27T08:19:48.235296249,27.665258,-92.51053
2020-08-27T08:19:48.239110946,27.680832,-92.542336
2020-08-27T08:19:48.292899131,27.670145,-92.54022
2020-08-27T08:19:48.294806480,27.637415,-92.533714
2020-08-27T08:19:48.352409362,27.6803,-92.5423
2020-08-27T08:19:48.435952186,27.637438,-92.53372
2020-08-27T08:19:48.453881263,27.658243,-92.511505
2020-08-27T08:19:57.430002212,27.673786,-92.66452
2020-08-27T08:19:57.432291030,27.640375,-92.62363
2020-08-27T08:19:57.491802215,27.568245,-92.788055
2020-08-27T08:19:57.491802215,27.67741,-92.63091
2020-08-27T08:19:57.579158782,27.60688,-92.71043
2020-08-27T08:19:57.589078903,27.692936,-92.66271
2020-08-27T08:19:57.603193283,27.625326,-92.694466
2020-08-27T08:19:57.666517257,27.69741,-92.437805
2020-08-27T08:19:57.684446334,27.717255,-92.44829
2020-08-27T08:19:57.811859130,27.680317,-92.434685
2020-08-27T08:19:57.821777343,27.712797,-92.45902
2020-08-27T08:19:57.823684692,27.746977,-92.44489
2020-08-27T08:19:57.825592041,27.690205,-92.42077
2020-08-27T08:19:57.865648269,27.69692,-92.43697
2020-08-27T08:19:57.867555618,27.691736,-92.42972
2020-08-27T08:19:57.869462966,27.701824,-92.414894
2020-08-27T08:19:57.873277664,27.763739,-92.443634
2020-08-27T08:19:57.875566482,27.72656,-92.42637
2020-08-27T08:19:57.881288528,27.760752,-92.4426
2020-08-27T08:19:58.002597808,27.674831,-92.400505
2020-08-27T08:19:58.028537750,27.68036,-92.41539
2020-08-27T08:19:58.141836166,27.76273,-92.44447
2020-08-27T08:20:10.748075485,27.700642,-92.50921
2020-08-27T08:20:10.756087303,27.715542,-92.54854
2020-08-27T08:20:10.757994651,27.715551,-92.54854
2020-08-27T08:20:10.764098167,27.703531,-92.522804
2020-08-27T08:20:10.772109031,27.714815,-92.523575
2020-08-27T08:20:10.785841941,27.698572,-92.51643
2020-08-27T08:20:10.851455688,27.682917,-92.508415
2020-08-27T08:20:10.867477416,27.679157,-92.50067
2020-08-27T08:20:10.976961135,27.714718,-92.52123
2020-08-27T08:20:10.984972000,27.715418,-92.54853
2020-08-27T08:20:11.006715774,27.715412,-92.54851
2020-08-27T08:20:11.062412261,27.715454,-92.54857
2020-08-27T08:20:18.968109131,30.643635,-93.08456
2020-08-27T08:20:19.101625920,30.63589,-93.07549
2020-08-27T08:20:19.103533268,30.66294,-93.06444
2020-08-27T08:20:19.105440617,30.643616,-93.08466
2020-08-27T08:20:19.107347966,30.643654,-93.0847
2020-08-27T08:20:19.109255314,30.643646,-93.08468
2020-08-27T08:20:19.196994782,30.66784,-93.068665
2020-08-27T08:20:19.198902131,30.643599,-93.08452
2020-08-27T08:20:19.200809479,30.660118,-93.053696
2020-08-27T08:20:19.206912995,30.66425,-93.04894
2020-08-27T08:20:19.210727692,30.642124,-93.03758
2020-08-27T08:20:19.212635041,30.64061,-92.99112
2020-08-27T08:20:19.226749898,30.64361,-93.08455
2020-08-27T08:20:19.244678975,30.66305,-93.03214
2020-08-27T08:20:19.246586323,30.663042,-93.047195
2020-08-27T08:20:19.248493672,30.6405,-92.99105
2020-08-27T08:20:19.262608529,30.642086,-93.03932
2020-08-27T08:20:19.453346253,30.64627,-93.04727
2020-08-27T08:20:19.455253602,30.643063,-93.05734
2020-08-27T08:20:19.459449769,30.643465,-93.08452
2020-08-27T08:20:19.461357117,30.657251,-93.05599
2020-08-27T08:20:19.469367981,30.643515,-93.08458
2020-08-27T08:20:19.475090504,30.643475,-93.08461
2020-08-27T08:20:19.477379323,30.643461,-93.08462
2020-08-27T08:20:19.505227089,30.641956,-93.038536
2020-08-27T08:20:19.526970864,30.59596,-93.073746
2020-08-27T08:20:19.528878212,30.607319,-93.07635
2020-08-27T08:20:19.530785561,30.643507,-93.08463
2020-08-27T08:20:19.566644669,30.60068,-93.029106
2020-08-27T08:20:19.586481095,30.560652,-93.01573
2020-08-27T08:20:19.590677262,30.600471,-93.026855
2020-08-27T08:20:19.592584610,30.604317,-93.031586
2020-08-27T08:20:19.594491959,30.598991,-93.02572
2020-08-27T08:20:19.596399785,30.605959,-93.033676
2020-08-27T08:20:19.598688603,30.596334,-93.02484
2020-08-27T08:20:19.600595952,30.605494,-93.03354
2020-08-27T08:20:19.602503300,30.595795,-93.01939
2020-08-27T08:20:19.604410649,30.602257,-93.023476
2020-08-27T08:20:19.606317997,30.586597,-93.0145
2020-08-27T08:20:19.608606816,30.59929,-93.00958
2020-08-27T08:20:19.610514164,30.607395,-93.03384
2020-08-27T08:20:19.612421513,30.598873,-93.00587
2020-08-27T08:20:19.614328862,30.608969,-93.02977
2020-08-27T08:20:19.616236210,30.609224,-93.02956
2020-08-27T08:20:19.638361931,30.558018,-92.93181
2020-08-27T08:20:19.689861298,30.64342,-93.08455
2020-08-27T08:20:19.694057465,30.643415,-93.084526
2020-08-27T08:20:19.697872162,30.621208,-93.05436
2020-08-27T08:20:19.699779511,30.621672,-93.05061
2020-08-27T08:20:19.702068329,30.643404,-93.08452
2020-08-27T08:20:19.703975678,30.6128,-93.0775
2020-08-27T08:20:19.705883027,30.613543,-93.077675
2020-08-27T08:20:19.707790375,30.617632,-93.054665
2020-08-27T08:20:19.709697724,30.622297,-93.052605
2020-08-27T08:20:19.711986542,30.642221,-93.04811
2020-08-27T08:20:19.713893891,30.643412,-93.08455
2020-08-27T08:20:19.783322812,30.62352,-92.957466
2020-08-27T08:20:19.785230160,30.625454,-92.955414
2020-08-27T08:20:19.787518979,30.620783,-92.95631
2020-08-27T08:20:19.789426327,30.61904,-92.95744
2020-08-27T08:20:19.791333676,30.640242,-92.99084
2020-08-27T08:20:20.218967914,30.493332,-92.886154
2020-08-27T08:20:20.220875263,30.47514,-92.86086
2020-08-27T08:20:20.222782611,30.475151,-92.86087
2020-08-27T08:20:20.224689960,30.480158,-92.88793
2020-08-27T08:20:20.226597309,30.508856,-92.90461
2020-08-27T08:20:20.228886127,30.499443,-92.89744
2020-08-27T08:20:20.230793476,30.475174,-92.8609
2020-08-27T08:20:20.232700824,30.476368,-92.898155
2020-08-27T08:20:20.234608173,30.49413,-92.902885
2020-08-27T08:20:20.238804340,30.49588,-92.9022
2020-08-27T08:20:20.248723030,30.495785,-92.917816
2020-08-27T08:20:20.379950523,30.475048,-92.86074
2020-08-27T08:20:20.718319416,27.62293,-92.67507
2020-08-27T08:20:20.426108837,27.657927,-92.62665
2020-08-27T08:20:20.479897022,27.638453,-92.62276
2020-08-27T08:20:20.493630409,27.638433,-92.622826
2020-08-27T08:20:20.495919227,27.651316,-92.61355
2020-08-27T08:20:20.497826576,27.657238,-92.62661
2020-08-27T08:20:20.543603420,27.638378,-92.622826
2020-08-27T08:20:20.585184574,27.638374,-92.62281
2020-08-27T08:20:20.720226764,27.638395,-92.6229
2020-08-27T08:20:20.722515583,27.638372,-92.622894
2020-08-27T08:20:20.728237628,27.658825,-92.62696
2020-08-27T08:20:20.798047542,27.643822,-92.6347
2020-08-27T08:20:20.941101074,27.638336,-92.62297
2020-08-27T08:20:46.883346557,27.639505,-92.6755
2020-08-27T08:20:46.658657073,27.657427,-92.62721
2020-08-27T08:20:46.660945892,27.66199,-92.63123
2020-08-27T08:20:46.662853240,27.639893,-92.62374
2020-08-27T08:20:46.754407882,27.639772,-92.623695
2020-08-27T08:20:46.756315231,27.658241,-92.61485
2020-08-27T08:20:46.756315231,27.56761,-92.788216
2020-08-27T08:20:46.758222579,27.646942,-92.64657
2020-08-27T08:20:46.768140792,27.639849,-92.62375
2020-08-27T08:20:46.849776268,27.680311,-92.653625
2020-08-27T08:20:46.851684570,27.63983,-92.6237
2020-08-27T08:20:46.853591918,27.643452,-92.66147
2020-08-27T08:20:46.857788085,27.658949,-92.627464
2020-08-27T08:20:46.885635375,27.685345,-92.610016
2020-08-27T08:20:46.885635375,27.567638,-92.788216
2020-08-27T08:20:46.895553588,27.567621,-92.78824
2020-08-27T08:20:46.895553588,27.717215,-92.63917
2020-08-27T08:20:46.971085548,27.64478,-92.66145
2020-08-27T08:20:47.145801544,27.567612,-92.788155
2020-08-27T08:20:47.145801544,27.68561,-92.62485
2020-08-27T08:20:47.183568000,27.567503,-92.78811
2020-08-27T08:20:47.183568000,27.666073,-92.62885
2020-08-27T08:20:47.185475349,27.655573,-92.58413
2020-08-27T08:20:54.261085510,28.628368,-91.692535
2020-08-27T08:20:54.262992858,28.620083,-91.69443
2020-08-27T08:20:54.690626144,28.620083,-91.69745
2020-08-27T08:20:54.706647872,28.618738,-91.652084
2020-08-27T08:20:54.761962890,28.619898,-91.69073
2020-08-27T08:20:54.815750122,28.749249,-91.6394
2020-08-27T08:20:54.817657470,28.635914,-91.690956
2020-08-27T08:20:54.937059402,28.751925,-91.63893
2020-08-27T08:20:54.943162918,28.702118,-91.662476
2020-08-27T08:21:03.799879074,27.781254,-92.49599
2020-08-27T08:21:03.356604576,27.741568,-92.45703
2020-08-27T08:21:03.386360168,27.789331,-92.474304
2020-08-27T08:21:03.402381896,27.757107,-92.46792
2020-08-27T08:21:03.422218322,27.754011,-92.46723
2020-08-27T08:21:03.607234001,27.70782,-92.43211
2020-08-27T08:21:03.611048698,27.736132,-92.44557
2020-08-27T08:21:03.664836883,27.696253,-92.41944
2020-08-27T08:21:03.666744232,27.711897,-92.45891
2020-08-27T08:21:03.684673309,27.68086,-92.40632
2020-08-27T08:21:03.686580657,27.718208,-92.4311
2020-08-27T08:21:03.698788642,27.759018,-92.4683
2020-08-27T08:21:03.714428901,27.789364,-92.47426
2020-08-27T08:21:03.716336250,27.70303,-92.43548
2020-08-27T08:21:03.720532417,27.720345,-92.450905
2020-08-27T08:21:03.724347114,27.736563,-92.48198
2020-08-27T08:21:03.728543281,27.71187,-92.45885
2020-08-27T08:21:03.730450630,27.742153,-92.48995
2020-08-27T08:21:03.732357978,27.78936,-92.47422
2020-08-27T08:21:03.734265327,27.749166,-92.488495
2020-08-27T08:21:03.736554145,27.720745,-92.45039
2020-08-27T08:21:03.748379707,27.632992,-92.39187
2020-08-27T08:21:03.797971725,27.773514,-92.4933
2020-08-27T08:21:03.802167892,27.726452,-92.45942
2020-08-27T08:21:03.863585472,27.67968,-92.39803
2020-08-27T08:21:03.927291870,27.656912,-92.35814
2020-08-27T08:21:03.931106567,27.664925,-92.39544
2020-08-27T08:21:11.034564971,27.701166,-92.52675
2020-08-27T08:21:11.042575836,27.697565,-92.53257
2020-08-27T08:21:11.044483184,27.692432,-92.54494
2020-08-27T08:21:11.046390533,27.694742,-92.53152
2020-08-27T08:21:11.096363067,27.697298,-92.53165
2020-08-27T08:21:11.098270416,27.69749,-92.52631
2020-08-27T08:21:11.106281280,27.714602,-92.54937
2020-08-27T08:21:11.121921539,27.714628,-92.54931
2020-08-27T08:21:11.149768829,27.714624,-92.54928
2020-08-27T08:21:11.163885116,27.714634,-92.549286
2020-08-27T08:21:11.167699813,27.714584,-92.54929
2020-08-27T08:21:11.169607162,27.702595,-92.52948
2020-08-27T08:21:11.173803329,27.714603,-92.54924
2020-08-27T08:21:11.181814193,27.714626,-92.549225
2020-08-27T08:21:11.183721542,27.691887,-92.51357
2020-08-27T08:21:11.199743270,27.660875,-92.501396
2020-08-27T08:21:11.201650619,27.714638,-92.54926
2020-08-27T08:21:11.330970764,27.690248,-92.512596
2020-08-27T08:21:11.332878112,27.651731,-92.492256
2020-08-27T08:21:11.334785461,27.69312,-92.52405
2020-08-27T08:21:11.336692810,27.7147,-92.54931
2020-08-27T08:21:11.360725402,27.671947,-92.51657
2020-08-27T08:21:11.362632751,27.7146,-92.54929
2020-08-27T08:21:11.368736267,27.674114,-92.51837
2020-08-27T08:21:11.372550964,27.682,-92.5064
2020-08-27T08:21:11.374458312,27.714602,-92.54928
2020-08-27T08:21:11.384376525,27.637169,-92.53382
2020-08-27T08:21:11.386665344,27.676868,-92.52419
2020-08-27T08:21:11.388572692,27.669008,-92.5401
2020-08-27T08:21:11.392387390,27.661257,-92.462036
2020-08-27T08:21:11.406503677,27.66063,-92.51768
2020-08-27T08:21:11.410318374,27.601332,-92.40028
2020-08-27T08:21:11.469827651,27.714678,-92.54928
2020-08-27T08:21:11.487756729,27.634716,-92.44399
2020-08-27T08:21:11.615169525,27.714685,-92.54923
2020-08-27T08:21:11.618984222,27.654543,-92.47578
2020-08-27T08:21:11.623180389,27.71467,-92.54923
2020-08-27T08:21:11.625087738,27.647816,-92.46932
2020-08-27T08:21:11.628902435,27.697935,-92.50856
2020-08-27T08:21:11.638820648,27.651754,-92.482216
2020-08-27T08:21:11.649122238,27.697298,-92.50806
2020-08-27T08:21:11.651029586,27.714642,-92.549225
2020-08-27T08:21:11.652936935,27.727224,-92.53298
2020-08-27T08:21:11.654844284,27.714031,-92.52675
2020-08-27T08:21:11.656751632,27.708729,-92.52357
2020-08-27T08:21:11.659040451,27.706224,-92.52238
2020-08-27T08:21:11.660947799,27.703054,-92.51722
2020-08-27T08:21:11.662855148,27.705944,-92.52189
2020-08-27T08:21:11.664762496,27.719193,-92.53228
2020-08-27T08:21:11.666669845,27.714108,-92.52817
2020-08-27T08:21:11.668958663,27.714123,-92.52871
2020-08-27T08:21:11.670866012,27.726204,-92.53351
2020-08-27T08:21:11.672773361,27.71413,-92.529305
2020-08-27T08:21:11.674680709,27.732807,-92.538895
2020-08-27T08:21:11.676588058,27.728565,-92.53209
2020-08-27T08:21:11.678876876,27.687803,-92.5285
2020-08-27T08:21:11.680784225,27.679155,-92.54213
2020-08-27T08:21:11.742200851,27.724417,-92.53418
2020-08-27T08:21:11.782257080,27.67168,-92.492714
2020-08-27T08:21:11.784164428,27.635624,-92.49437
2020-08-27T08:21:11.813919067,27.680136,-92.50376
2020-08-27T08:21:11.881439208,27.618965,-92.47696
2020-08-27T08:21:11.895555496,27.71415,-92.524254
2020-08-27T08:21:11.905473709,27.7149,-92.54935
2020-08-27T08:21:11.907381057,27.714151,-92.52298
2020-08-27T08:21:11.909288406,27.74202,-92.55549
2020-08-27T08:21:11.911195755,27.690279,-92.53002
2020-08-27T08:21:11.913484573,27.664474,-92.52213
2020-08-27T08:21:11.915391921,27.714823,-92.549385
2020-08-27T08:21:11.981004714,27.54587,-92.448204
2020-08-27T08:21:11.981004714,27.487944,-92.68302
2020-08-27T08:21:12.034793853,27.701645,-92.51552
2020-08-27T08:21:12.036701202,27.739126,-92.52924
2020-08-27T08:21:12.038608551,27.714092,-92.522896
2020-08-27T08:21:12.040515899,27.700802,-92.51098
2020-08-27T08:21:12.042423248,27.730116,-92.53096
2020-08-27T08:21:12.044712066,27.705729,-92.514404
2020-08-27T08:21:12.046619415,27.653994,-92.52074
2020-08-27T08:21:12.048526763,27.695007,-92.514175
2020-08-27T08:21:12.050434112,27.673033,-92.50095
2020-08-27T08:21:12.050434112,27.539803,-92.728325
2020-08-27T08:21:12.052341461,27.68707,-92.50701
2020-08-27T08:21:12.054630279,27.726126,-92.53274
2020-08-27T08:21:12.056537628,27.714874,-92.54941
2020-08-27T08:21:24.038682937,28.699484,-91.66456
2020-08-27T08:21:23.458077430,28.698055,-91.6672
2020-08-27T08:21:23.459984779,28.698067,-91.66721
2020-08-27T08:21:23.461892127,28.71897,-91.67114
2020-08-27T08:21:23.463799476,28.711676,-91.66621
2020-08-27T08:21:23.466088294,28.698107,-91.667244
2020-08-27T08:21:23.467995643,28.69812,-91.66726
2020-08-27T08:21:23.471810340,28.698116,-91.66725
2020-08-27T08:21:23.473717689,28.708006,-91.66763
2020-08-27T08:21:23.476006507,28.702728,-91.666664
2020-08-27T08:21:23.477913856,28.704416,-91.664246
2020-08-27T08:21:23.479821205,28.698114,-91.66724
2020-08-27T08:21:23.481728553,28.698122,-91.66724
2020-08-27T08:21:23.484017372,28.699291,-91.66315
2020-08-27T08:21:23.485924720,28.692339,-91.66128
2020-08-27T08:21:23.487832069,28.698141,-91.66724
2020-08-27T08:21:23.491646766,28.698126,-91.66722
2020-08-27T08:21:23.493935585,28.698116,-91.66721
2020-08-27T08:21:23.495842933,28.69782,-91.65703
2020-08-27T08:21:23.497750282,28.6981,-91.6672
2020-08-27T08:21:23.499657630,28.687223,-91.66508
2020-08-27T08:21:23.501564979,28.690031,-91.66563
2020-08-27T08:21:23.505761146,28.687685,-91.65267
2020-08-27T08:21:23.507668495,28.698122,-91.667206
2020-08-27T08:21:23.509576797,28.698122,-91.6672
2020-08-27T08:21:23.523691177,28.659555,-91.63585
2020-08-27T08:21:23.525598526,28.67871,-91.64342
2020-08-27T08:21:23.529413223,28.645845,-91.62898
2020-08-27T08:21:23.535516738,28.639385,-91.61691
2020-08-27T08:21:23.537424087,28.658003,-91.63049
2020-08-27T08:21:23.543527603,28.617104,-91.56182
2020-08-27T08:21:23.545434951,28.661129,-91.63209
2020-08-27T08:21:23.547342300,28.698124,-91.66725
2020-08-27T08:21:23.551538467,28.617077,-91.56178
2020-08-27T08:21:23.553445816,28.652994,-91.60455
2020-08-27T08:21:23.555353164,28.666643,-91.62333
2020-08-27T08:21:23.559549331,28.649632,-91.59501
2020-08-27T08:21:23.565271377,28.644741,-91.56719
2020-08-27T08:21:23.577097892,28.678051,-91.66329
2020-08-27T08:21:23.589304924,28.619574,-91.651924
2020-08-27T08:21:23.601130485,28.617113,-91.561775
2020-08-27T08:21:23.609141349,28.617067,-91.5617
2020-08-27T08:21:23.612956047,28.617096,-91.56175
2020-08-27T08:21:23.615244865,28.617111,-91.561775
2020-08-27T08:21:23.617152214,28.63213,-91.56472
2020-08-27T08:21:23.619059562,28.61713,-91.56181
2020-08-27T08:21:23.620966911,28.63148,-91.57445
2020-08-27T08:21:23.622874259,28.643524,-91.59616
2020-08-27T08:21:23.625163078,28.619104,-91.564644
2020-08-27T08:21:23.627070426,28.630514,-91.586685
2020-08-27T08:21:23.628977775,28.617098,-91.56174
2020-08-27T08:21:23.630885124,28.616432,-91.57411
2020-08-27T08:21:23.632793426,28.617569,-91.57806
2020-08-27T08:21:23.635082244,28.61712,-91.56173
2020-08-27T08:21:23.636989593,28.617126,-91.56173
2020-08-27T08:21:23.732357978,28.53868,-91.546555
2020-08-27T08:21:23.734265327,28.538666,-91.546555
2020-08-27T08:21:23.736554145,28.538652,-91.546555
2020-08-27T08:21:23.738461494,28.559498,-91.56747
2020-08-27T08:21:23.740368843,28.54741,-91.56178
2020-08-27T08:21:23.742276191,28.541553,-91.56091
2020-08-27T08:21:23.744183540,28.565292,-91.57509
2020-08-27T08:21:23.746472358,28.559813,-91.581535
2020-08-27T08:21:23.748379707,28.558237,-91.574326
2020-08-27T08:21:23.750287055,28.54986,-91.56863
2020-08-27T08:21:23.752194404,28.550331,-91.57216
2020-08-27T08:21:23.754101753,28.565386,-91.57676
2020-08-27T08:21:23.756391525,28.655794,-91.61213
2020-08-27T08:21:23.758298873,28.69798,-91.66711
2020-08-27T08:21:23.788053512,28.460365,-91.531395
2020-08-27T08:21:23.791868209,28.460888,-91.55016
2020-08-27T08:21:23.837645530,28.438433,-91.59207
2020-08-27T08:21:23.839934349,28.45518,-91.57973
2020-08-27T08:21:23.841841697,28.462854,-91.62132
2020-08-27T08:21:23.843749046,28.45668,-91.58062
2020-08-27T08:21:23.845656394,28.652557,-91.60778
2020-08-27T08:21:23.845656394,28.384657,-91.6062
2020-08-27T08:21:23.847563743,28.520224,-91.593
2020-08-27T08:21:23.849852561,28.552233,-91.600685
2020-08-27T08:21:23.851759910,28.65506,-91.61101
2020-08-27T08:21:23.853667259,28.658796,-91.61585
2020-08-27T08:21:23.853667259,28.410656,-91.61121
2020-08-27T08:21:23.855574607,28.657478,-91.61411
2020-08-27T08:21:23.857481956,28.65249,-91.607605
2020-08-27T08:21:23.857481956,28.384737,-91.60622
2020-08-27T08:21:23.859770774,28.652802,-91.608025
2020-08-27T08:21:23.859770774,28.384731,-91.606224
2020-08-27T08:21:23.861678123,28.652864,-91.60813
2020-08-27T08:21:23.861678123,28.384718,-91.60624
2020-08-27T08:21:23.863585472,28.384703,-91.60625
2020-08-27T08:21:23.863585472,28.656582,-91.61301
2020-08-27T08:21:23.865492820,28.661287,-91.619156
2020-08-27T08:21:23.869688987,28.38467,-91.60628
2020-08-27T08:21:24.040590286,28.698114,-91.66708
2020-08-27T08:21:24.060426712,28.698141,-91.6671
2020-08-27T08:21:24.062334060,28.698124,-91.66709
2020-08-27T08:21:24.064241409,28.698109,-91.66708
2020-08-27T08:21:24.066149711,28.7126,-91.669975
2020-08-27T08:21:24.068438529,28.715467,-91.71393
2020-08-27T08:21:24.070345878,28.709044,-91.680916
2020-08-27T08:21:24.072253227,28.71532,-91.66623
2020-08-27T08:21:24.074160575,28.69876,-91.691505
2020-08-27T08:21:24.076449394,28.698668,-91.688354
2020-08-27T08:21:24.185550689,28.731281,-91.74619
2020-08-27T08:21:24.187458038,28.72346,-91.72972
2020-08-27T08:21:38.899443627,28.76517,-91.632
2020-08-27T08:21:38.955139161,28.69841,-91.7856
2020-08-27T08:21:39.243153096,28.782845,-91.643616
2020-08-27T08:21:39.245441914,28.662243,-91.761185
2020-08-27T08:21:39.247349263,28.633654,-91.7955
2020-08-27T08:21:39.382391930,28.697027,-91.66761
2020-08-27T08:21:39.386588097,28.684322,-91.75789
2020-08-27T08:21:39.499886036,28.767614,-91.68212
2020-08-27T08:21:39.501793385,28.69832,-91.71269
2020-08-27T08:21:39.631114007,28.8049,-91.68746
2020-08-27T08:21:39.686809063,28.723621,-91.76401
2020-08-27T08:21:39.688716889,28.730482,-91.769104
2020-08-27T08:21:45.094225883,27.712528,-92.52121
2020-08-27T08:21:45.110247611,27.713263,-92.548065
2020-08-27T08:21:45.116351127,27.696537,-92.51961
2020-08-27T08:21:45.126270294,27.71327,-92.548096
2020-08-27T08:21:45.140003204,27.713268,-92.54804
2020-08-27T08:21:45.141910552,27.713284,-92.54805
2020-08-27T08:21:45.143817901,27.713297,-92.54806
2020-08-27T08:21:45.169757843,27.712854,-92.52998
2020-08-27T08:21:45.171665191,27.712658,-92.52349
2020-08-27T08:21:45.173954010,27.713352,-92.54806
2020-08-27T08:21:45.199513435,27.71242,-92.51591
2020-08-27T08:21:45.201802253,27.71333,-92.548096
2020-08-27T08:21:45.205616950,27.71226,-92.51176
2020-08-27T08:21:45.213627815,27.698507,-92.53082
2020-08-27T08:21:45.215535163,27.68702,-92.523544
2020-08-27T08:21:45.217442512,27.692095,-92.52379
2020-08-27T08:21:45.221638679,27.694572,-92.52206
2020-08-27T08:21:45.231556892,27.713272,-92.54803
2020-08-27T08:21:45.263219833,27.713238,-92.54801
2020-08-27T08:21:45.277334213,27.672367,-92.523926
2020-08-27T08:21:45.279241561,27.713215,-92.54796
2020-08-27T08:21:45.315100669,27.713207,-92.548
2020-08-27T08:21:45.378425598,27.713255,-92.548004
2020-08-27T08:21:45.394447326,27.71275,-92.5188
2020-08-27T08:21:45.454339027,27.677784,-92.54103
2020-08-27T08:21:45.468071937,27.686586,-92.531654
2020-08-27T08:21:45.476082801,27.682344,-92.530876
2020-08-27T08:22:01.684978485,27.639818,-92.624084
2020-08-27T08:22:01.760510444,27.627682,-92.70047
2020-08-27T08:22:01.863890647,27.670067,-92.63018
2020-08-27T08:22:01.865797996,27.668154,-92.62981
2020-08-27T08:22:01.867705345,27.666674,-92.62951
2020-08-27T08:22:01.883727073,27.639742,-92.62407
2020-08-27T08:22:02.054628372,27.567572,-92.788506
2020-08-27T08:22:02.054628372,27.677,-92.644714
2020-08-27T08:22:02.060350418,27.63975,-92.62399
2020-08-27T08:22:02.062639236,27.63977,-92.62402
2020-08-27T08:22:02.181659698,27.641222,-92.62015
2020-08-27T08:22:05.262838363,30.72656,-93.10466
2020-08-27T08:22:05.306326866,30.726555,-93.104645
2020-08-27T08:22:05.308234214,30.72655,-93.10464
2020-08-27T08:22:05.310523033,30.72655,-93.10462
2020-08-27T08:22:05.437554359,30.705063,-93.106415
2020-08-27T08:22:05.455483436,30.693197,-93.114105
2020-08-27T08:22:05.461586952,30.726624,-93.10466
2020-08-27T08:22:05.590525627,30.698124,-93.09805
2020-08-27T08:22:05.660335540,30.701244,-93.08607
2020-08-27T08:22:08.792250633,27.714077,-92.548744
2020-08-27T08:22:08.802168846,27.714083,-92.54871
2020-08-27T08:22:08.804076194,27.71339,-92.52345
2020-08-27T08:22:08.822005271,27.71865,-92.52145
2020-08-27T08:22:08.845657348,27.714209,-92.54876
2020-08-27T08:22:08.909363746,27.71428,-92.54884
2020-08-27T08:22:08.913559913,27.713518,-92.523125
2020-08-27T08:22:08.923478126,27.714216,-92.54873
2020-08-27T08:22:08.925385475,27.714214,-92.54871
2020-08-27T08:22:08.951325416,27.714197,-92.548805
2020-08-27T08:22:08.990999221,27.713596,-92.524796
2020-08-27T08:22:21.644542217,30.337694,-92.963905
2020-08-27T08:22:21.646449565,30.338614,-92.95991
2020-08-27T08:22:21.648356914,30.337421,-92.96368
2020-08-27T08:22:21.652553081,30.345226,-92.963005
2020-08-27T08:22:21.654460430,30.340246,-92.96057
2020-08-27T08:22:21.656367778,30.317389,-92.91851
2020-08-27T08:22:21.658275127,30.33892,-92.9609
2020-08-27T08:22:21.660563945,30.334898,-92.961395
2020-08-27T08:22:21.662471294,30.333601,-92.966576
2020-08-27T08:22:21.664378643,30.331724,-92.97257
2020-08-27T08:22:21.666285991,30.318422,-92.95227
2020-08-27T08:22:21.668193817,30.32656,-92.980736
2020-08-27T08:22:21.670482635,30.332952,-92.9699
2020-08-27T08:22:21.672389984,30.320414,-92.978065
2020-08-27T08:22:21.674297332,30.319376,-92.98356
2020-08-27T08:22:21.678112030,30.331602,-92.967415
2020-08-27T08:22:21.680400848,30.315779,-92.977936
2020-08-27T08:22:21.682308197,30.306334,-92.984406
2020-08-27T08:22:21.684215545,30.302681,-92.988335
2020-08-27T08:22:21.686122894,30.301182,-92.98329
2020-08-27T08:22:21.688411712,30.239586,-92.993385
2020-08-27T08:22:21.720074176,30.278212,-93.00217
2020-08-27T08:22:21.721981525,30.287926,-93.00436
2020-08-27T08:22:21.726177692,30.268,-92.99984
2020-08-27T08:22:21.728085041,30.275126,-93.00144
2020-08-27T08:22:21.729992866,30.239613,-92.99342
2020-08-27T08:22:21.736096382,30.239603,-92.99339
2020-08-27T08:22:21.746014595,30.239586,-92.99335
2020-08-27T08:22:22.004273414,30.22978,-93.0039
2020-08-27T08:22:22.006180763,30.332214,-92.96473
2020-08-27T08:22:23.303197860,27.786715,-92.38484
2020-08-27T08:22:23.323034286,27.794119,-92.41656
2020-08-27T08:22:23.324942588,27.786718,-92.38486
2020-08-27T08:22:23.331046104,27.786736,-92.38486
2020-08-27T08:22:23.352789878,27.78673,-92.38483
2020-08-27T08:22:23.422218322,27.786793,-92.38491
2020-08-27T08:22:23.430229187,27.787687,-92.41727
2020-08-27T08:22:23.432518005,27.787922,-92.4253
2020-08-27T08:22:23.454262733,27.787855,-92.42347
2020-08-27T08:22:23.464180946,27.78801,-92.428925
2020-08-27T08:22:23.482110023,27.787764,-92.42049
2020-08-27T08:22:23.493935585,27.787737,-92.41703
2020-08-27T08:22:23.495842933,27.742817,-92.41737
2020-08-27T08:22:23.497750282,27.774641,-92.42585
2020-08-27T08:22:23.500039100,27.787798,-92.41871
2020-08-27T08:22:23.501946449,27.78771,-92.41614
2020-08-27T08:22:23.503853797,27.776573,-92.424736
2020-08-27T08:22:23.527887344,27.787851,-92.42589
2020-08-27T08:22:23.529794692,27.75655,-92.42903
2020-08-27T08:22:23.531702041,27.78671,-92.38486
2020-08-27T08:22:23.656826019,27.787796,-92.42265
2020-08-27T08:22:23.672847747,27.78768,-92.41883
2020-08-27T08:22:23.704892158,27.74566,-92.40964
2020-08-27T08:22:23.706799507,27.683268,-92.382576
2020-08-27T08:22:23.756391525,27.740904,-92.417885
2020-08-27T08:22:30.056460380,28.654793,-91.682724
2020-08-27T08:22:30.058367729,28.652431,-91.67864
2020-08-27T08:22:30.060656547,28.66075,-91.66073
2020-08-27T08:22:30.064471244,28.657393,-91.660065
2020-08-27T08:22:30.066378593,28.651247,-91.68166
2020-08-27T08:22:30.068285942,28.645388,-91.677284
2020-08-27T08:22:30.078205108,28.618662,-91.68292
2020-08-27T08:22:30.080493927,28.6408,-91.69149
2020-08-27T08:22:30.082401275,28.642967,-91.691605
2020-08-27T08:22:30.084308624,28.617823,-91.652336
2020-08-27T08:22:30.112155914,28.619394,-91.708694
2020-08-27T08:22:30.114063262,28.63498,-91.70182
2020-08-27T08:22:30.115970611,28.632334,-91.70345
2020-08-27T08:22:30.118259429,28.619143,-91.69876
2020-08-27T08:22:30.126270294,28.652042,-91.67284
2020-08-27T08:22:30.141911506,28.696377,-91.66777
2020-08-27T08:22:30.143818855,28.655344,-91.665855
2020-08-27T08:22:30.148015022,28.67434,-91.663445
2020-08-27T08:22:30.149922370,28.657257,-91.66317
2020-08-27T08:22:30.151829719,28.696316,-91.66771
2020-08-27T08:22:30.153737068,28.696299,-91.667694
2020-08-27T08:22:30.156025886,28.64346,-91.69035
2020-08-27T08:22:30.157933235,28.642118,-91.68593
2020-08-27T08:22:30.159840583,28.639969,-91.69585
2020-08-27T08:22:30.164036750,28.671776,-91.65839
2020-08-27T08:22:30.165944099,28.696323,-91.66768
2020-08-27T08:22:30.167851448,28.69634,-91.66768
2020-08-27T08:22:30.169758796,28.680819,-91.66465
2020-08-27T08:22:30.171666145,28.696363,-91.66769
2020-08-27T08:22:30.173954963,28.696373,-91.667694
2020-08-27T08:22:30.175862312,28.68576,-91.66562
2020-08-27T08:22:30.177769660,28.682999,-91.665085
2020-08-27T08:22:30.179677009,28.68695,-91.66586
2020-08-27T08:22:30.181584358,28.696383,-91.66771
2020-08-27T08:22:30.183873176,28.696373,-91.66772
2020-08-27T08:22:30.185780525,28.683989,-91.665306
2020-08-27T08:22:30.189595222,28.696363,-91.66772
2020-08-27T08:22:30.191884040,28.696377,-91.66771
2020-08-27T08:22:30.195699691,28.696066,-91.65569
2020-08-27T08:22:30.215536117,28.69634,-91.66768
2020-08-27T08:22:30.217443466,28.69634,-91.667694
2020-08-27T08:22:30.225454330,28.633911,-91.69923
2020-08-27T08:22:30.227361679,28.673819,-91.67497
2020-08-27T08:22:30.233465194,28.696394,-91.66766
2020-08-27T08:22:30.235372543,28.703518,-91.67912
2020-08-27T08:22:30.237279891,28.698341,-91.6775
2020-08-27T08:22:30.239568710,28.696423,-91.66768
2020-08-27T08:22:30.245290756,28.619846,-91.72109
2020-08-27T08:22:30.247198104,28.620445,-91.742546
2020-08-27T08:22:30.249486923,28.619493,-91.708755
2020-08-27T08:22:30.251394271,28.775,-91.68307
2020-08-27T08:22:30.251394271,28.619602,-91.71257
2020-08-27T08:22:30.253301620,28.715221,-91.68625
2020-08-27T08:22:30.255209922,28.692005,-91.6762
2020-08-27T08:22:30.269324302,28.734838,-91.70126
2020-08-27T08:22:30.271231651,28.72165,-91.693535
2020-08-27T08:22:30.273138999,28.696325,-91.667595
2020-08-27T08:22:30.284964561,28.776299,-91.731735
2020-08-27T08:22:30.287253379,28.749083,-91.708405
2020-08-27T08:22:30.289160728,28.696302,-91.66768
2020-08-27T08:22:30.308997154,28.74862,-91.72682
2020-08-27T08:22:30.310904502,28.723993,-91.70295
2020-08-27T08:22:30.312811851,28.696339,-91.667656
2020-08-27T08:22:30.320823669,28.69627,-91.66763
2020-08-27T08:22:30.330741882,28.661322,-91.65135
2020-08-27T08:22:30.336845397,28.677729,-91.64547
2020-08-27T08:22:30.342948913,28.675669,-91.64665
2020-08-27T08:22:30.344856262,28.665962,-91.66176
2020-08-27T08:22:30.362785339,28.662636,-91.61943
2020-08-27T08:22:30.370796203,28.671803,-91.63916
2020-08-27T08:22:30.372703552,28.66023,-91.62323
2020-08-27T08:22:30.374610900,28.617834,-91.65235
2020-08-27T08:22:30.378426551,28.63801,-91.60224
2020-08-27T08:22:30.380715370,28.65272,-91.61501
2020-08-27T08:22:30.382622718,28.635693,-91.60129
2020-08-27T08:22:30.386437416,28.64928,-91.6083
2020-08-27T08:22:30.390633583,28.615322,-91.56224
2020-08-27T08:22:30.396355628,28.64953,-91.61048
2020-08-27T08:22:30.398644447,28.637335,-91.615616
2020-08-27T08:22:30.400551795,28.63529,-91.613625
2020-08-27T08:22:30.404366493,28.615877,-91.584984
2020-08-27T08:22:30.408562660,28.615229,-91.562126
2020-08-27T08:22:30.412377357,28.615257,-91.56217
2020-08-27T08:22:30.414284706,28.616209,-91.59569
2020-08-27T08:22:30.426491737,28.615313,-91.56219
2020-08-27T08:22:30.434121131,28.615341,-91.562195
2020-08-27T08:22:30.442132949,28.615358,-91.56223
2020-08-27T08:22:30.464258193,28.615969,-91.58556
2020-08-27T08:22:30.947206497,27.713291,-92.548996
2020-08-27T08:22:30.979249954,27.715916,-92.530754
2020-08-27T08:22:31.048679351,27.716618,-92.531654
2020-08-27T08:22:31.056690216,27.713053,-92.52652
2020-08-27T08:22:31.064701080,27.713373,-92.54906
2020-08-27T08:22:31.082630157,27.713402,-92.54903
2020-08-27T08:22:31.084537506,27.713379,-92.549034
2020-08-27T08:22:31.086444854,27.713356,-92.549034
2020-08-27T08:22:31.088352203,27.713337,-92.54904
2020-08-27T08:22:31.094455718,27.703167,-92.53284
2020-08-27T08:22:31.096363067,27.701155,-92.532845
2020-08-27T08:22:31.098270416,27.713482,-92.54915
2020-08-27T08:22:31.126117706,27.690332,-92.53024
2020-08-27T08:22:31.128025054,27.693773,-92.53143
2020-08-27T08:22:31.130313873,27.713398,-92.54907
2020-08-27T08:22:31.213476181,27.700575,-92.533615
2020-08-27T08:22:31.259252548,27.713518,-92.54909
2020-08-27T08:22:31.261541366,27.7224,-92.52993
2020-08-27T08:22:31.263448715,27.71278,-92.52267
2020-08-27T08:22:31.265356063,27.711315,-92.514854
2020-08-27T08:22:31.269170761,27.702963,-92.50918
2020-08-27T08:22:31.281379699,27.694658,-92.50167
2020-08-27T08:22:31.283287048,27.692415,-92.489716
2020-08-27T08:22:31.287101745,27.68824,-92.48635
2020-08-27T08:22:31.295112609,27.697716,-92.50474
2020-08-27T08:22:31.297019958,27.686888,-92.48812
2020-08-27T08:22:31.330970764,27.633574,-92.4439
2020-08-27T08:22:31.332878112,27.662458,-92.47879
2020-08-27T08:22:31.334785461,27.693644,-92.49987
2020-08-27T08:22:31.342796325,27.682058,-92.487236
2020-08-27T08:22:31.344703674,27.689054,-92.49351
2020-08-27T08:22:31.358818054,27.63469,-92.48131
2020-08-27T08:22:31.360725402,27.692192,-92.49723
2020-08-27T08:22:31.364921569,27.673433,-92.49628
2020-08-27T08:22:31.370643615,27.713577,-92.54908
2020-08-27T08:22:31.480127334,27.713074,-92.52901
2020-08-27T08:22:31.482034683,27.684761,-92.5401
2020-08-27T08:22:31.483942031,27.694698,-92.54536
2020-08-27T08:22:31.485849380,27.701807,-92.541374
2020-08-27T08:22:31.490045547,27.654562,-92.599236
2020-08-27T08:22:31.491952896,27.674953,-92.54148
2020-08-27T08:22:31.571681976,27.69789,-92.53548
2020-08-27T08:22:32.165639877,29.789608,-91.24364
2020-08-27T08:22:32.167547225,29.786415,-91.24772
2020-08-27T08:22:32.173650741,29.781876,-91.23928
2020-08-27T08:22:32.175558090,29.767738,-91.25008
2020-08-27T08:22:32.177465438,29.756,-91.24538
2020-08-27T08:22:32.181661605,29.75752,-91.234634
2020-08-27T08:22:32.183568954,29.75605,-91.24399
2020-08-27T08:22:32.185476303,29.773712,-91.238304
2020-08-27T08:22:32.187383651,29.754444,-91.22611
2020-08-27T08:22:32.189672470,29.75715,-91.22865
2020-08-27T08:22:32.191579818,29.739588,-91.23502
2020-08-27T08:22:32.193487167,29.74333,-91.253075
2020-08-27T08:22:32.195394515,29.735136,-91.231636
2020-08-27T08:22:32.197683334,29.744398,-91.243126
2020-08-27T08:22:32.199590682,29.729313,-91.24013
2020-08-27T08:22:32.201498031,29.734722,-91.23246
2020-08-27T08:22:32.203405380,29.731201,-91.24033
2020-08-27T08:22:32.205312728,29.737465,-91.232895
2020-08-27T08:22:32.207601547,29.72884,-91.243866
2020-08-27T08:22:32.209508895,29.727825,-91.231834
2020-08-27T08:22:32.211416244,29.723064,-91.24435
2020-08-27T08:22:32.213323593,29.70823,-91.235954
2020-08-27T08:22:32.215230941,29.708235,-91.23597
2020-08-27T08:22:32.217519760,29.707813,-91.22083
2020-08-27T08:22:32.219427108,29.708588,-91.22357
2020-08-27T08:22:32.221334457,29.715849,-91.23153
2020-08-27T08:22:32.223241806,29.708271,-91.23602
2020-08-27T08:22:32.225530624,29.70828,-91.23604
2020-08-27T08:22:32.227437973,29.70829,-91.23605
2020-08-27T08:22:32.229345321,29.70758,-91.21098
2020-08-27T08:22:32.231252670,29.694826,-91.20028
2020-08-27T08:22:32.233160018,29.707468,-91.2074
2020-08-27T08:22:32.235448837,29.707483,-91.20816
2020-08-27T08:22:32.237356185,29.707556,-91.21087
2020-08-27T08:22:32.239263534,29.707561,-91.21111
2020-08-27T08:22:32.241170883,29.684124,-91.20468
2020-08-27T08:22:32.243078231,29.712343,-91.20377
2020-08-27T08:22:32.245367050,29.731009,-91.22324
2020-08-27T08:22:32.252996444,29.6821,-91.17861
2020-08-27T08:22:32.255285263,29.673708,-91.191154
2020-08-27T08:22:32.497522354,29.814394,-91.22579
2020-08-27T08:22:32.533382415,29.680899,-91.24322
2020-08-27T08:22:32.557415008,29.818592,-91.229126
2020-08-27T08:22:32.561229705,29.66579,-91.17627
2020-08-27T08:22:32.563518524,29.669363,-91.18758
2020-08-27T08:22:32.593273162,29.703188,-91.20348
2020-08-27T08:22:32.611202239,29.787199,-91.212845
2020-08-27T08:22:32.682538986,29.769238,-91.24218
2020-08-27T08:22:32.684446334,29.764494,-91.23826
2020-08-27T08:22:32.686735153,29.73958,-91.22853
2020-08-27T08:22:32.688642501,29.707727,-91.20993
2020-08-27T08:22:32.692457199,29.708508,-91.236015
2020-08-27T08:22:32.694364547,29.70853,-91.23603
2020-08-27T08:22:32.696653366,29.628834,-91.220314
2020-08-27T08:22:32.698560714,29.658989,-91.226265
2020-08-27T08:22:32.704664230,29.628853,-91.220276
2020-08-27T08:22:32.708478927,29.628855,-91.22025
2020-08-27T08:22:32.718397140,29.628849,-91.22028
2020-08-27T08:22:44.809645652,30.642244,-92.991425
2020-08-27T08:22:44.813460350,30.64221,-92.991356
2020-08-27T08:22:44.815367698,30.642193,-92.99132
2020-08-27T08:22:44.821471214,30.642181,-92.99129
2020-08-27T08:22:44.829482078,30.6422,-92.99132
2020-08-27T08:22:44.897003173,30.608469,-92.98362
2020-08-27T08:22:44.898910522,30.611097,-92.98422
2020-08-27T08:22:44.900817871,30.64226,-92.99133
2020-08-27T08:22:44.934769630,30.642282,-92.99134
2020-08-27T08:22:44.936676979,30.64228,-92.991356
2020-08-27T08:22:44.938584327,30.64228,-92.991356
2020-08-27T08:22:44.940873146,30.64228,-92.99135
2020-08-27T08:22:44.942780494,30.64228,-92.99133
2020-08-27T08:22:45.056078910,30.642616,-92.9993
2020-08-27T08:22:45.057986259,30.641333,-92.99625
2020-08-27T08:22:45.059893608,30.642174,-92.99131
2020-08-27T08:22:45.061800956,30.64219,-92.99134
2020-08-27T08:22:45.064089775,30.64221,-92.99136
2020-08-27T08:22:45.065997123,30.642227,-92.991394
2020-08-27T08:22:45.067904472,30.64224,-92.99142
2020-08-27T08:22:45.069811820,30.64223,-92.9914
2020-08-27T08:22:45.085833549,30.642237,-92.99138
2020-08-27T08:22:45.087740898,30.642246,-92.99138
2020-08-27T08:22:45.089648246,30.643078,-93.01749
2020-08-27T08:22:45.091937065,30.642967,-93.014656
2020-08-27T08:22:45.093844413,30.642899,-93.01309
2020-08-27T08:22:45.095751762,30.642172,-92.99132
2020-08-27T08:22:45.097659111,30.642157,-92.99131
2020-08-27T08:22:45.099566459,30.62948,-93.00819
2020-08-27T08:22:45.101855278,30.643026,-93.016136
2020-08-27T08:22:45.103762626,30.643017,-93.01482
2020-08-27T08:22:45.105669975,30.64311,-93.01674
2020-08-27T08:22:45.107577323,30.642317,-92.99141
2020-08-27T08:22:45.109484672,30.642303,-92.9914
2020-08-27T08:22:45.256734848,30.643652,-93.03491
2020-08-27T08:22:51.575496673,27.735157,-92.5197
2020-08-27T08:22:50.949113845,27.71463,-92.54896
2020-08-27T08:22:50.951402664,27.713804,-92.51928
2020-08-27T08:22:50.979249954,27.713797,-92.51861
2020-08-27T08:22:50.999087333,27.714676,-92.548965
2020-08-27T08:22:51.009004592,27.713964,-92.522354
2020-08-27T08:22:51.038761138,27.71412,-92.52668
2020-08-27T08:22:51.040668487,27.713905,-92.52016
2020-08-27T08:22:51.110477447,27.714716,-92.54899
2020-08-27T08:22:51.186010360,27.722918,-92.51048
2020-08-27T08:22:51.187917709,27.71364,-92.5128
2020-08-27T08:22:51.195928573,27.713633,-92.5113
2020-08-27T08:22:51.217672348,27.71355,-92.51155
2020-08-27T08:22:51.219579696,27.71371,-92.51677
2020-08-27T08:22:51.227590560,27.709435,-92.50158
2020-08-27T08:22:51.233694076,27.713694,-92.5135
2020-08-27T08:22:51.305030822,27.7135,-92.50955
2020-08-27T08:22:51.319145202,27.713531,-92.5105
2020-08-27T08:22:51.324867248,27.71388,-92.52268
2020-08-27T08:22:51.330970764,27.71327,-92.515335
2020-08-27T08:22:51.332878112,27.713486,-92.51036
2020-08-27T08:22:51.334785461,27.713793,-92.52175
2020-08-27T08:22:51.337074279,27.714556,-92.549
2020-08-27T08:22:51.346992492,27.713736,-92.51899
2020-08-27T08:22:51.376747131,27.71465,-92.549
2020-08-27T08:22:51.472116470,27.713825,-92.519455
2020-08-27T08:22:51.474023818,27.713577,-92.51061
2020-08-27T08:22:51.514078140,27.713524,-92.5081
2020-08-27T08:22:51.515985488,27.714695,-92.548996
2020-08-27T08:22:51.525905609,27.733292,-92.51023
2020-08-27T08:22:51.573589324,27.71337,-92.50045
2020-08-27T08:22:51.577404022,27.709572,-92.50116
2020-08-27T08:22:51.579311370,27.725754,-92.501564
2020-08-27T08:22:51.581600189,27.725483,-92.51239
2020-08-27T08:22:51.583507537,27.723373,-92.507225
2020-08-27T08:22:51.585414886,27.72461,-92.50377
2020-08-27T08:22:51.587322235,27.73251,-92.510376
2020-08-27T08:22:51.589611053,27.731989,-92.50925
2020-08-27T08:22:51.591518402,27.723186,-92.50442
2020-08-27T08:22:51.593425750,27.733368,-92.51043
2020-08-27T08:22:51.595333099,27.725073,-92.50342
2020-08-27T08:22:51.597240447,27.745716,-92.54267
2020-08-27T08:22:51.599529266,27.70696,-92.49154
2020-08-27T08:22:51.702909469,27.714386,-92.55577
2020-08-27T08:22:51.704816818,27.7101,-92.502045
2020-08-27T08:22:51.706724166,27.73838,-92.51585
2020-08-27T08:22:51.708631515,27.726912,-92.548454
2020-08-27T08:22:51.710538864,27.724203,-92.50297
2020-08-27T08:22:51.712827682,27.71343,-92.50314
2020-08-27T08:22:51.776153564,27.71357,-92.51002
2020-08-27T08:22:51.810104370,27.72213,-92.499985
2020-08-27T08:22:51.812011718,27.713446,-92.505424
2020-08-27T08:22:51.821929931,27.719772,-92.52896
2020-08-27T08:22:51.824218750,27.719927,-92.507706
2020-08-27T08:22:51.824218750,27.567669,-92.78813
2020-08-27T08:22:51.826126098,27.725302,-92.51647
2020-08-27T08:22:51.897462844,27.64358,-92.75322
2020-08-27T08:22:51.897462844,27.487808,-92.68272
2020-08-27T08:22:51.953157424,27.714668,-92.54902
2020-08-27T08:22:51.955064773,27.724825,-92.50685
2020-08-27T08:22:51.961168289,27.642454,-92.71359
2020-08-27T08:22:51.961168289,27.71352,-92.5078
2020-08-27T08:22:51.963075637,27.713243,-92.49821
2020-08-27T08:22:51.965364456,27.729824,-92.50143
2020-08-27T08:22:51.967271804,27.728357,-92.56902
2020-08-27T08:22:51.969179153,27.711344,-92.559616
2020-08-27T08:22:51.971086502,27.713501,-92.50538
2020-08-27T08:22:52.024875640,27.71363,-92.50682
2020-08-27T08:22:52.080570220,27.700428,-92.50611
2020-08-27T08:22:52.080570220,27.567812,-92.788185
2020-08-27T08:22:52.082477569,27.724588,-92.506996
2020-08-27T08:22:52.084384918,27.724037,-92.51624
2020-08-27T08:22:52.084384918,27.56779,-92.788185
2020-08-27T08:22:52.086292266,27.70513,-92.548904
2020-08-27T08:22:52.088581085,27.721338,-92.51235
2020-08-27T08:22:52.088581085,27.567766,-92.78819
2020-08-27T08:22:52.090488433,27.725336,-92.508835
2020-08-27T08:22:52.092395782,27.727259,-92.502495
2020-08-27T08:22:52.094303131,27.71338,-92.50065
2020-08-27T08:23:06.275274276,27.727404,-92.38648
2020-08-27T08:23:06.030748367,27.801054,-92.438614
2020-08-27T08:23:06.066607475,27.799507,-92.427376
2020-08-27T08:23:06.080340385,27.786873,-92.383865
2020-08-27T08:23:06.082629203,27.803083,-92.41815
2020-08-27T08:23:06.150150299,27.786968,-92.38384
2020-08-27T08:23:06.152057647,27.787998,-92.420166
2020-08-27T08:23:06.155872344,27.786943,-92.3838
2020-08-27T08:23:06.176091194,27.787588,-92.40664
2020-08-27T08:23:06.177998542,27.787518,-92.40433
2020-08-27T08:23:06.179905891,27.78692,-92.38387
2020-08-27T08:23:06.299307823,27.787231,-92.39213
2020-08-27T08:23:06.299307823,27.633286,-92.39497
2020-08-27T08:23:10.730527877,28.470625,-91.92963
2020-08-27T08:23:14.174108505,27.67993,-92.631775
2020-08-27T08:23:14.176015853,27.682226,-92.63224
2020-08-27T08:23:14.305335998,27.648703,-92.6646
2020-08-27T08:23:14.307243347,27.666666,-92.629
2020-08-27T08:23:14.348823547,27.684334,-92.63258
2020-08-27T08:23:14.529644012,27.63777,-92.69292
2020-08-27T08:23:14.531932830,27.66122,-92.64312
2020-08-27T08:23:14.533840179,27.68808,-92.63335
2020-08-27T08:23:14.535747528,27.638948,-92.62352
2020-08-27T08:23:14.587627410,27.675358,-92.655876
2020-08-27T08:23:14.601360321,27.71641,-92.63898
2020-08-27T08:23:14.603267669,27.663578,-92.65547
2020-08-27T08:23:14.617383956,27.67028,-92.69568
2020-08-27T08:23:14.643323898,27.68621,-92.63295
2020-08-27T08:23:14.702833175,27.690939,-92.633934
2020-08-27T08:23:17.438394546,27.712963,-92.517136
2020-08-27T08:23:17.448312759,27.713125,-92.517494
2020-08-27T08:23:17.487987518,27.713955,-92.54952
2020-08-27T08:23:17.533763885,27.713089,-92.51888
2020-08-27T08:23:17.535671234,27.713966,-92.54955
2020-08-27T08:23:17.539867401,27.713968,-92.54957
2020-08-27T08:23:17.673002243,27.712826,-92.50976
2020-08-27T08:23:17.674909591,27.680622,-92.48289
2020-08-27T08:23:17.736709594,27.713203,-92.52196
2020-08-27T08:23:21.427864074,30.725365,-93.10434
2020-08-27T08:23:21.429771423,30.725376,-93.10435
2020-08-27T08:23:21.433586120,30.725399,-93.10437
2020-08-27T08:23:21.499199867,30.725416,-93.10442
2020-08-27T08:23:21.501488685,30.71256,-93.08459
2020-08-27T08:23:21.511406898,30.725368,-93.10438
2020-08-27T08:23:21.513314723,30.725365,-93.10437
2020-08-27T08:23:21.527047634,30.7221,-93.09872
2020-08-27T08:23:21.529336452,30.725365,-93.10435
2020-08-27T08:23:21.536965847,30.72539,-93.10447
2020-08-27T08:23:21.549173355,30.7254,-93.10444
2020-08-27T08:23:23.754483222,28.697779,-91.667915
2020-08-27T08:23:23.756391525,28.697794,-91.667915
2020-08-27T08:23:23.762495040,28.697773,-91.66787
2020-08-27T08:23:23.766309738,28.697739,-91.66782
2020-08-27T08:23:23.768217086,28.697721,-91.6678
2020-08-27T08:23:23.770124435,28.697716,-91.66781
2020-08-27T08:23:23.774320602,28.697704,-91.66782
2020-08-27T08:23:23.782331466,28.697754,-91.66787
2020-08-27T08:23:23.794157028,28.69845,-91.6934
2020-08-27T08:23:23.796064376,28.681725,-91.69388
2020-08-27T08:23:23.841841697,28.697737,-91.66788
2020-08-27T08:23:23.849852561,28.698723,-91.70245
2020-08-27T08:23:23.851759910,28.675207,-91.70085
2020-08-27T08:23:23.861678123,28.62182,-91.742714
2020-08-27T08:23:23.869688987,28.652666,-91.712166
2020-08-27T08:23:23.871596336,28.654629,-91.7032
2020-08-27T08:23:23.873885154,28.667295,-91.697784
2020-08-27T08:23:23.885711669,28.65556,-91.708885
2020-08-27T08:23:23.887619018,28.659706,-91.70525
2020-08-27T08:23:23.899444580,28.644878,-91.706985
2020-08-27T08:23:23.901351928,28.663776,-91.70046
2020-08-27T08:23:23.905548095,28.620356,-91.69504
2020-08-27T08:23:23.907455444,28.645657,-91.69709
2020-08-27T08:23:23.909362792,28.66209,-91.69991
2020-08-27T08:23:23.929199218,28.62046,-91.69464
2020-08-27T08:23:23.931488037,28.662436,-91.702614
2020-08-27T08:23:23.933395385,28.697758,-91.667786
2020-08-27T08:23:23.935302734,28.690847,-91.67548
2020-08-27T08:23:23.937210083,28.697744,-91.66779
2020-08-27T08:23:23.939117431,28.692333,-91.67356
2020-08-27T08:23:23.941406250,28.69776,-91.66784
2020-08-27T08:23:23.943314552,28.697771,-91.66786
2020-08-27T08:23:23.945221900,28.697783,-91.66789
2020-08-27T08:23:23.947129249,28.697794,-91.667915
2020-08-27T08:23:23.949418067,28.6978,-91.667915
2020-08-27T08:23:23.951325416,28.697798,-91.66791
2020-08-27T08:23:23.953232765,28.697798,-91.66789
2020-08-27T08:23:23.955140113,28.697796,-91.66788
2020-08-27T08:23:23.957047462,28.697796,-91.66786
2020-08-27T08:23:23.961243629,28.697803,-91.66785
2020-08-27T08:23:23.963150978,28.697807,-91.66785
2020-08-27T08:23:23.965058326,28.697813,-91.66784
2020-08-27T08:23:23.966965675,28.697819,-91.66784
2020-08-27T08:23:23.974976539,28.69775,-91.66779
2020-08-27T08:23:23.979172706,28.697723,-91.66778
2020-08-27T08:23:23.987183570,28.697779,-91.66781
2020-08-27T08:23:23.989090919,28.69779,-91.66782
2020-08-27T08:23:23.990998268,28.698664,-91.69854
2020-08-27T08:23:23.992905616,28.698685,-91.69909
2020-08-27T08:23:23.994812965,28.698477,-91.69154
2020-08-27T08:23:23.997101783,28.697815,-91.6679
2020-08-27T08:23:24.000916481,28.688927,-91.65086
2020-08-27T08:23:24.007020950,28.685019,-91.6505
2020-08-27T08:23:24.008928298,28.697285,-91.651596
2020-08-27T08:23:24.010835647,28.697737,-91.667854
2020-08-27T08:23:24.012742996,28.697733,-91.66788
2020-08-27T08:23:24.062715530,28.699493,-91.72712
2020-08-27T08:23:24.064622879,28.699158,-91.71457
2020-08-27T08:23:24.066531181,28.693098,-91.702896
2020-08-27T08:23:24.068438529,28.69918,-91.71404
2020-08-27T08:23:24.070345878,28.697868,-91.66784
2020-08-27T08:23:24.082552909,28.700365,-91.75813
2020-08-27T08:23:24.084460258,28.700354,-91.75813
2020-08-27T08:23:24.086367607,28.699759,-91.7375
2020-08-27T08:23:24.088274955,28.69952,-91.729485
2020-08-27T08:23:24.090563774,28.696613,-91.73128
2020-08-27T08:23:24.092471122,28.699059,-91.71283
2020-08-27T08:23:24.106204032,28.700409,-91.758224
2020-08-27T08:23:24.110400199,28.699024,-91.70927
2020-08-27T08:23:24.134052276,28.700415,-91.75815
2020-08-27T08:23:24.135959625,28.701014,-91.779175
2020-08-27T08:23:24.163806915,28.701134,-91.78369
2020-08-27T08:23:24.166095733,28.700418,-91.75809
2020-08-27T08:23:32.774475097,27.744701,-92.37619
2020-08-27T08:23:32.832077026,27.743551,-92.375916
2020-08-27T08:23:32.833984375,27.711134,-92.37966
2020-08-27T08:23:32.861831665,27.709661,-92.36923
2020-08-27T08:23:32.863739013,27.724905,-92.38285
2020-08-27T08:23:32.891588211,27.7407,-92.37528
2020-08-27T08:23:32.937364578,27.690767,-92.38367
2020-08-27T08:23:32.973222732,27.681509,-92.38836
2020-08-27T08:23:33.002977371,27.695812,-92.37567
2020-08-27T08:23:33.022815704,27.720919,-92.38099
2020-08-27T08:23:33.027011871,27.7208,-92.37947
2020-08-27T08:23:33.028919219,27.732157,-92.373634
2020-08-27T08:23:33.030826568,27.73557,-92.37431
2020-08-27T08:23:33.072788238,27.70648,-92.39084
2020-08-27T08:23:33.092624664,27.652336,-92.36334
2020-08-27T08:23:38.332956314,27.71429,-92.522026
2020-08-27T08:23:38.352792739,27.714417,-92.52498
2020-08-27T08:23:38.398569107,27.713982,-92.5102
2020-08-27T08:23:38.404672622,27.714085,-92.51512
2020-08-27T08:23:38.410776138,27.714046,-92.5139
2020-08-27T08:23:38.420694351,27.715141,-92.5502
2020-08-27T08:23:38.422601699,27.714205,-92.517914
2020-08-27T08:23:38.434427261,27.715086,-92.55008
2020-08-27T08:23:38.514156341,27.689724,-92.47935
2020-08-27T08:23:38.551921844,27.701754,-92.51821
2020-08-27T08:23:38.553829193,27.704056,-92.519905
2020-08-27T08:23:38.555736541,27.714474,-92.52779
2020-08-27T08:23:38.557643890,27.715107,-92.550026
2020-08-27T08:23:38.559551239,27.714603,-92.53241
2020-08-27T08:23:38.561840057,27.693832,-92.527664
2020-08-27T08:23:38.563747406,27.69563,-92.526215
2020-08-27T08:23:38.617536544,27.635082,-92.444725
2020-08-27T08:23:38.655302047,27.69031,-92.52426
2020-08-27T08:23:38.680860519,27.703388,-92.530045
2020-08-27T08:23:38.770507812,27.702194,-92.499794
2020-08-27T08:23:38.790344238,27.715033,-92.55001
2020-08-27T08:23:38.836122512,27.715107,-92.550156
2020-08-27T08:23:55.173955917,27.72948,-92.52528
2020-08-27T08:23:55.211721420,27.738075,-92.52688
2020-08-27T08:23:55.217824935,27.727175,-92.52678
2020-08-27T08:23:55.227743148,27.736782,-92.52445
2020-08-27T08:23:55.235755920,27.71388,-92.54897
2020-08-27T08:23:55.241477966,27.713886,-92.54896
2020-08-27T08:23:55.243766784,27.713888,-92.548965
2020-08-27T08:23:55.305183410,27.713993,-92.54897
2020-08-27T08:23:55.337226867,27.713089,-92.521484
2020-08-27T08:23:55.341041564,27.713884,-92.54902
2020-08-27T08:23:55.349052429,27.729134,-92.52569
2020-08-27T08:23:55.416574478,27.713476,-92.531296
2020-08-27T08:23:55.418481826,27.727463,-92.53085
2020-08-27T08:23:55.436410903,27.713999,-92.54896
2020-08-27T08:23:55.438318252,27.713985,-92.54894
2020-08-27T08:23:55.468072891,27.72935,-92.53065
2020-08-27T08:23:55.503932952,27.722218,-92.52569
2020-08-27T08:23:55.506221771,27.712633,-92.51406
2020-08-27T08:23:55.510036468,27.724573,-92.52659
2020-08-27T08:23:55.577556610,27.728926,-92.53125
2020-08-27T08:23:55.579463958,27.713974,-92.54898
2020-08-27T08:24:09.756620407,27.712896,-92.51356
2020-08-27T08:24:09.758527755,27.712929,-92.51413
2020-08-27T08:24:09.770354270,27.712654,-92.5042
2020-08-27T08:24:09.772643089,27.712532,-92.49977
2020-08-27T08:24:09.776457786,27.713963,-92.54954
2020-08-27T08:24:09.824142456,27.71268,-92.50606
2020-08-27T08:24:09.850082397,27.712523,-92.499405
2020-08-27T08:24:09.897767066,27.712984,-92.511055
2020-08-27T08:24:09.901581764,27.714104,-92.54958
2020-08-27T08:24:09.921418190,27.714136,-92.54964
2020-08-27T08:24:09.923707008,27.722265,-92.53506
2020-08-27T08:24:09.925614356,27.722315,-92.53135
2020-08-27T08:24:09.983217239,27.712955,-92.50953
2020-08-27T08:24:09.985124588,27.713066,-92.5133
2020-08-27T08:24:10.024798393,27.708834,-92.49919
2020-08-27T08:24:10.027087211,27.712973,-92.51149
2020-08-27T08:24:10.037005424,27.71409,-92.54951
2020-08-27T08:24:10.082782745,27.717525,-92.504585
2020-08-27T08:24:10.090412139,27.703287,-92.49053
2020-08-27T08:24:10.092700958,27.712685,-92.501366
2020-08-27T08:24:10.108341217,27.724615,-92.530205
2020-08-27T08:24:10.112537384,27.730885,-92.54109
2020-08-27T08:24:10.114444732,27.730103,-92.539246
2020-08-27T08:24:10.116352081,27.725412,-92.53286
2020-08-27T08:24:10.120548248,27.714071,-92.54956
2020-08-27T08:24:10.122455596,27.714067,-92.549576
2020-08-27T08:24:10.124362945,27.714064,-92.54958
2020-08-27T08:24:10.126270294,27.71817,-92.53123
2020-08-27T08:24:10.128177642,27.716358,-92.53949
2020-08-27T08:24:10.130467414,27.714645,-92.54045
2020-08-27T08:24:10.299460411,27.71605,-92.56076
2020-08-27T08:24:10.319297790,27.720293,-92.55225
2020-08-27T08:24:10.321205139,27.708134,-92.58235
2020-08-27T08:24:10.323112487,27.711205,-92.55151
2020-08-27T08:24:10.329216003,27.731592,-92.53284
2020-08-27T08:24:23.567178726,30.69845,-93.04191
2020-08-27T08:24:23.569086074,30.707634,-93.03336
2020-08-27T08:24:23.572901725,30.722788,-93.01051
2020-08-27T08:24:23.580912590,30.722778,-93.01054
2020-08-27T08:24:23.582819938,30.70189,-93.02495
2020-08-27T08:24:23.588923454,30.72277,-93.010445
2020-08-27T08:24:23.861296653,30.722727,-93.01051
2020-08-27T08:24:23.863204002,30.692389,-93.03512
2020-08-27T08:24:23.865111351,30.687466,-93.002426
2020-08-27T08:24:23.867400169,30.679062,-93.02305
2020-08-27T08:24:23.869307518,30.69199,-93.00346
2020-08-27T08:24:23.871214866,30.72272,-93.01051
2020-08-27T08:24:23.885330200,30.701027,-93.029236
2020-08-27T08:24:25.740827560,27.726734,-92.52608
2020-08-27T08:24:25.764478683,27.714209,-92.548965
2020-08-27T08:24:25.788511276,27.731344,-92.526596
2020-08-27T08:24:25.816359519,27.714272,-92.54899
2020-08-27T08:24:25.941483497,27.714163,-92.54892
2020-08-27T08:24:25.943390846,27.729128,-92.53389
2020-08-27T08:24:25.945298194,27.71336,-92.51968
2020-08-27T08:24:25.953309059,27.72513,-92.52405
2020-08-27T08:24:25.977341651,27.714117,-92.54882
2020-08-27T08:24:26.033037185,27.714134,-92.54883
2020-08-27T08:24:30.400170326,30.397831,-92.93656
2020-08-27T08:24:30.402077674,30.374554,-92.95893
2020-08-27T08:24:30.403985023,30.383413,-92.97487
2020-08-27T08:24:30.408181190,30.398525,-92.961395
2020-08-27T08:24:30.410088539,30.367447,-92.96567
2020-08-27T08:24:35.434503555,27.6646,-92.629745
2020-08-27T08:24:35.511943817,27.638128,-92.62448
2020-08-27T08:24:35.514232635,27.638119,-92.624466
2020-08-27T08:24:35.516139984,27.671215,-92.63106
2020-08-27T08:24:35.629438400,27.679823,-92.63279
2020-08-27T08:24:35.667203903,27.649244,-92.662964
2020-08-27T08:24:35.744644165,27.629372,-92.66545
2020-08-27T08:24:35.746551513,27.6513,-92.64548
2020-08-27T08:24:35.748840332,27.64282,-92.64672
2020-08-27T08:24:35.824371337,27.643032,-92.65284
2020-08-27T08:24:35.838104248,27.66529,-92.62979
2020-08-27T08:24:35.841918945,27.637909,-92.64891
2020-08-27T08:24:35.849929809,27.638117,-92.62445
2020-08-27T08:24:35.862138748,27.638105,-92.62442
2020-08-27T08:24:35.887697219,27.638178,-92.62438
2020-08-27T08:24:35.903718948,27.638136,-92.624405
2020-08-27T08:24:35.963228225,27.686695,-92.64388
2020-08-27T08:24:35.973146438,27.65918,-92.62594
2020-08-27T08:24:35.983066558,27.665396,-92.61174
2020-08-27T08:24:35.983066558,27.565958,-92.788864
2020-08-27T08:24:36.007099151,27.677774,-92.63262
2020-08-27T08:24:36.056690216,27.658972,-92.615585
2020-08-27T08:24:36.062793731,27.638191,-92.62441
2020-08-27T08:24:36.084537506,27.638182,-92.624435
2020-08-27T08:24:36.086444854,27.638195,-92.62445
2020-08-27T08:24:36.160070419,27.64992,-92.61385
2020-08-27T08:24:36.179906845,27.649384,-92.60483
2020-08-27T08:24:36.235603332,27.654924,-92.598335
2020-08-27T08:24:36.273368835,27.63817,-92.624405
2020-08-27T08:24:36.272987365,30.724266,-93.10489
2020-08-27T08:24:36.296638488,30.725372,-93.139084
2020-08-27T08:24:36.527431488,30.739809,-93.14927
2020-08-27T08:24:36.601057052,30.725428,-93.14126
2020-08-27T08:24:38.163961410,28.687159,-91.66454
2020-08-27T08:24:38.165868759,28.696701,-91.6683
2020-08-27T08:24:38.168157577,28.696692,-91.66828
2020-08-27T08:24:38.170064926,28.696701,-91.6683
2020-08-27T08:24:38.171972274,28.68864,-91.65932
2020-08-27T08:24:38.173879623,28.696726,-91.66834
2020-08-27T08:24:38.181890487,28.696444,-91.658104
2020-08-27T08:24:38.183797836,28.696383,-91.65635
2020-08-27T08:24:38.186086654,28.69671,-91.66841
2020-08-27T08:24:38.191808700,28.69668,-91.66841
2020-08-27T08:24:38.193716049,28.691511,-91.65561
2020-08-27T08:24:38.196004867,28.691408,-91.65523
2020-08-27T08:24:38.199819564,28.696175,-91.650795
2020-08-27T08:24:38.201726913,28.696264,-91.65303
2020-08-27T08:24:38.204015731,28.69639,-91.65655
2020-08-27T08:24:38.205924987,28.696747,-91.66832
2020-08-27T08:24:38.207832336,28.696772,-91.668304
2020-08-27T08:24:38.211647033,28.696184,-91.64802
2020-08-27T08:24:38.213935852,28.694368,-91.65369
2020-08-27T08:24:38.215843200,28.69673,-91.66833
2020-08-27T08:24:38.217750549,28.696074,-91.645355
2020-08-27T08:24:38.219657897,28.695951,-91.64117
2020-08-27T08:24:38.223854064,28.696709,-91.66829
2020-08-27T08:24:38.225761413,28.66694,-91.65724
2020-08-27T08:24:38.227668762,28.669992,-91.66624
2020-08-27T08:24:38.229576110,28.653755,-91.66875
2020-08-27T08:24:38.235679626,28.64812,-91.67019
2020-08-27T08:24:38.237586975,28.672173,-91.647224
2020-08-27T08:24:38.239494323,28.695522,-91.6261
2020-08-27T08:24:38.249412536,28.653618,-91.6599
2020-08-27T08:24:38.251701354,28.648687,-91.67181
2020-08-27T08:24:38.261619567,28.694178,-91.578094
2020-08-27T08:24:38.263526916,28.618221,-91.65301
2020-08-27T08:24:38.265434265,28.639425,-91.68358
2020-08-27T08:24:38.281455993,28.643656,-91.68769
2020-08-27T08:24:38.287178039,28.696672,-91.66828
2020-08-27T08:24:38.293281555,28.696716,-91.66828
2020-08-27T08:24:38.295188903,28.696733,-91.66828
2020-08-27T08:24:38.299385070,28.696756,-91.66827
2020-08-27T08:24:38.305107116,28.696733,-91.66821
2020-08-27T08:24:38.307014465,28.713373,-91.67146
2020-08-27T08:24:38.309303283,28.696724,-91.66818
2020-08-27T08:24:38.311210632,28.69673,-91.66818
2020-08-27T08:24:38.313117980,28.696733,-91.668175
2020-08-27T08:24:38.317314147,28.72117,-91.67296
2020-08-27T08:24:38.319221496,28.696749,-91.668175
2020-08-27T08:24:38.321128845,28.69722,-91.68481
2020-08-27T08:24:38.323036193,28.696753,-91.66821
2020-08-27T08:24:38.324943542,28.711868,-91.671196
2020-08-27T08:24:38.327232360,28.72043,-91.66653
2020-08-27T08:24:38.329139709,28.696754,-91.66827
2020-08-27T08:24:38.342874526,28.735224,-91.67396
2020-08-27T08:24:38.345163345,28.720644,-91.672966
2020-08-27T08:24:38.406579971,28.647514,-91.677216
2020-08-27T08:24:38.408487319,28.63817,-91.67719
2020-08-27T08:24:38.410776138,28.639427,-91.67343
2020-08-27T08:24:38.412683486,28.633675,-91.68914
2020-08-27T08:24:38.414590835,28.637665,-91.69478
2020-08-27T08:24:38.416498184,28.633163,-91.69701
2020-08-27T08:24:38.418405532,28.639812,-91.68869
2020-08-27T08:24:38.599607467,28.683126,-91.67836
2020-08-27T08:24:38.601514816,28.702595,-91.6717
2020-08-27T08:24:38.603422164,28.696869,-91.66832
2020-08-27T08:24:38.607236862,28.695866,-91.63075
2020-08-27T08:24:38.615247726,28.706274,-91.65014
2020-08-27T08:24:38.617536544,28.704588,-91.66366
2020-08-27T08:24:38.619443893,28.703838,-91.67384
2020-08-27T08:24:38.621351242,28.701202,-91.64215
2020-08-27T08:24:38.625165939,28.69686,-91.66825
2020-08-27T08:24:38.627454757,28.697844,-91.70317
2020-08-27T08:24:38.629362106,28.697567,-91.651505
2020-08-27T08:24:38.631269454,28.697735,-91.69929
2020-08-27T08:24:38.633176803,28.702639,-91.67038
2020-08-27T08:24:38.635084152,28.703875,-91.62143
2020-08-27T08:24:38.639280319,28.706066,-91.60548
2020-08-27T08:24:38.641187667,28.697247,-91.69193
2020-08-27T08:24:38.643095016,28.704695,-91.61139
2020-08-27T08:24:38.649198532,28.694296,-91.57805
2020-08-27T08:24:38.653013229,28.699389,-91.758575
2020-08-27T08:24:38.655302047,28.696844,-91.668274
2020-08-27T08:24:38.659116744,28.699402,-91.758575
2020-08-27T08:24:38.659116744,28.694317,-91.57805
2020-08-27T08:24:38.661024093,28.696852,-91.66829
2020-08-27T08:24:38.669034957,28.6859,-91.75596
2020-08-27T08:24:38.670942306,28.696848,-91.66829
2020-08-27T08:24:38.778518676,28.73483,-91.63096
2020-08-27T08:24:41.229877948,27.786621,-92.38441
2020-08-27T08:24:41.317235946,27.787321,-92.40899
2020-08-27T08:24:41.319143295,27.786615,-92.38448
2020-08-27T08:24:41.321050643,27.786636,-92.38445
2020-08-27T08:24:41.379034996,27.739494,-92.40798
2020-08-27T08:24:41.382849693,27.78667,-92.38446
2020-08-27T08:24:41.400779247,27.787106,-92.39753
2020-08-27T08:24:41.402686595,27.787336,-92.40569
2020-08-27T08:24:41.406882762,27.786728,-92.3844
2020-08-27T08:24:41.408790111,27.786728,-92.3844
2020-08-27T08:24:41.410697460,27.786736,-92.3844
2020-08-27T08:24:41.444648742,27.78672,-92.384514
2020-08-27T08:24:41.458382129,27.786703,-92.384476
2020-08-27T08:24:41.462196826,27.78667,-92.38445
2020-08-27T08:24:41.472496509,27.786633,-92.38442
2020-08-27T08:24:41.474403858,27.798822,-92.381454
2020-08-27T08:24:41.476311206,27.786644,-92.38443
2020-08-27T08:24:41.486229896,27.798407,-92.374176
2020-08-27T08:24:41.488137245,27.78664,-92.38448
2020-08-27T08:24:41.522088527,27.785616,-92.34913
2020-08-27T08:24:41.523995876,27.78794,-92.376236
2020-08-27T08:24:41.533914089,27.786703,-92.38453
2020-08-27T08:24:41.591516971,27.739208,-92.37632
2020-08-27T08:24:41.595713138,27.78665,-92.3845
2020-08-27T08:24:41.597620487,27.764704,-92.40633
2020-08-27T08:24:49.991228103,27.715067,-92.54926
2020-08-27T08:24:50.045016288,27.706861,-92.509415
2020-08-27T08:24:50.046923637,27.715004,-92.54919
2020-08-27T08:24:50.082782745,27.714544,-92.51587
2020-08-27T08:24:50.084690093,27.71417,-92.52172
2020-08-27T08:24:50.134282112,27.715004,-92.5492
2020-08-27T08:24:50.158314704,27.703241,-92.5032
2020-08-27T08:24:50.204092025,27.714102,-92.51801
2020-08-27T08:24:50.225835800,27.71397,-92.51426
2020-08-27T08:24:50.227743148,27.723564,-92.50979
2020-08-27T08:24:50.229650497,27.714,-92.51427
2020-08-27T08:24:50.253683090,27.675926,-92.497826
2020-08-27T08:24:50.337226867,27.686258,-92.511765
2020-08-27T08:24:50.339134216,27.687016,-92.50882
2020-08-27T08:24:50.341041564,27.714022,-92.5154
2020-08-27T08:24:50.388726234,27.714073,-92.51537
2020-08-27T08:24:50.440607070,27.685347,-92.51493
2020-08-27T08:24:50.448617935,27.714996,-92.54922
2020-08-27T08:24:50.472269058,27.714016,-92.515305
2020-08-27T08:25:10.287634849,27.713524,-92.5487
2020-08-27T08:25:10.305182456,27.71365,-92.54867
2020-08-27T08:25:10.309378623,27.734032,-92.52341
2020-08-27T08:25:10.311285972,27.713627,-92.54863
2020-08-27T08:25:10.319297790,27.712383,-92.50848
2020-08-27T08:25:10.339134216,27.739475,-92.52269
2020-08-27T08:25:10.347145080,27.736456,-92.510864
2020-08-27T08:25:10.386818885,27.71239,-92.50565
2020-08-27T08:25:10.414666175,27.71274,-92.519775
2020-08-27T08:25:10.422677040,27.713549,-92.54867
2020-08-27T08:25:10.424584388,27.713554,-92.54868
2020-08-27T08:25:10.426491737,27.726923,-92.52785
2020-08-27T08:25:10.428780555,27.713568,-92.54872
2020-08-27T08:25:10.454339981,27.713572,-92.54871
2020-08-27T08:25:10.456628799,27.713594,-92.5487
2020-08-27T08:25:10.458536148,27.713615,-92.54868
2020-08-27T08:25:10.460443496,27.713604,-92.548706
2020-08-27T08:25:10.462350845,27.71314,-92.53297
2020-08-27T08:25:10.508128166,27.713541,-92.548645
2020-08-27T08:25:10.510035514,27.713531,-92.548645
2020-08-27T08:25:10.511942863,27.713522,-92.54865
2020-08-27T08:25:10.514231681,27.713512,-92.54866
2020-08-27T08:25:10.516139030,27.709812,-92.541565
2020-08-27T08:25:10.518046379,27.713493,-92.54867
2020-08-27T08:25:10.601589202,27.748077,-92.53071
2020-08-27T08:25:10.603496551,27.752878,-92.550705
2020-08-27T08:25:10.605403900,27.66908,-92.47786
2020-08-27T08:25:10.605403900,27.56399,-92.697754
2020-08-27T08:25:10.639355659,27.724089,-92.50753
2020-08-27T08:25:10.655377388,27.733837,-92.50108
2020-08-27T08:25:10.663388252,27.75051,-92.51067
2020-08-27T08:25:10.665295600,27.735668,-92.49517
2020-08-27T08:25:10.671017646,27.750528,-92.51201
2020-08-27T08:25:10.673306465,27.743715,-92.51595
2020-08-27T08:25:10.675213813,27.73311,-92.5017
2020-08-27T08:25:10.696958541,27.713547,-92.54866
2020-08-27T08:25:10.698865890,27.6987,-92.543304
2020-08-27T08:25:10.701154708,27.703508,-92.52215
2020-08-27T08:25:10.703062057,27.73642,-92.51396
2020-08-27T08:25:10.704969406,27.73084,-92.514175
2020-08-27T08:25:10.706876754,27.712242,-92.50212
2020-08-27T08:25:10.708784103,27.747673,-92.50705
2020-08-27T08:25:21.500344276,27.657244,-92.66186
2020-08-27T08:25:21.504158973,27.67802,-92.63115
2020-08-27T08:25:21.514077663,27.639193,-92.62337
2020-08-27T08:25:21.523995876,27.67625,-92.63077
2020-08-27T08:25:21.790647029,27.713257,-92.5237
2020-08-27T08:25:21.830320835,27.714104,-92.54891
2020-08-27T08:25:21.832228183,27.713305,-92.52143
2020-08-27T08:25:21.861983299,27.713926,-92.54895
2020-08-27T08:25:21.879912376,27.712986,-92.514755
2020-08-27T08:25:21.886016368,27.71323,-92.5228
2020-08-27T08:25:21.955444812,27.71309,-92.52062
2020-08-27T08:25:21.985199928,27.71296,-92.515114
2020-08-27T08:25:21.997406959,27.713942,-92.54885
2020-08-27T08:25:22.055009841,27.71318,-92.51855
2020-08-27T08:25:22.126345634,27.71397,-92.54898
2020-08-27T08:25:22.128634452,27.712854,-92.50964
2020-08-27T08:25:31.653318405,27.713026,-92.517296
2020-08-27T08:25:31.701002120,27.713907,-92.54949
2020-08-27T08:25:31.953538894,27.713898,-92.54956
2020-08-27T08:25:32.014955520,27.732038,-92.52653
2020-08-27T08:25:32.025257110,27.713911,-92.54958
2020-08-27T08:25:32.096591949,27.731768,-92.52685
2020-08-27T08:25:32.100788116,27.713043,-92.51746
2020-08-27T08:25:32.118335723,27.744047,-92.52196
2020-08-27T08:25:32.138553619,27.71412,-92.54971
2020-08-27T08:25:32.156103134,27.744644,-92.523254
2020-08-27T08:25:32.172124862,27.71311,-92.51555
2020-08-27T08:25:32.191961288,27.714115,-92.54977
2020-08-27T08:25:53.374916076,27.729467,-92.51546
2020-08-27T08:25:53.376823425,27.728909,-92.51596
2020-08-27T08:25:53.390939712,27.712494,-92.517555
2020-08-27T08:25:53.406961441,27.725113,-92.50769
2020-08-27T08:25:53.408868789,27.71215,-92.50281
2020-08-27T08:25:53.436716079,27.729269,-92.5077
2020-08-27T08:25:53.456552505,27.747734,-92.51132
2020-08-27T08:25:53.474481582,27.729317,-92.523636
2020-08-27T08:25:53.476388931,27.723312,-92.522865
2020-08-27T08:25:53.478296279,27.727604,-92.52381
2020-08-27T08:25:53.480203628,27.727346,-92.52145
2020-08-27T08:25:53.486307144,27.71356,-92.549644
2020-08-27T08:25:53.520259857,27.711819,-92.49173
2020-08-27T08:25:53.548107147,27.712933,-92.52763
2020-08-27T08:25:53.550014495,27.71276,-92.52212
2020-08-27T08:25:53.617534637,27.71355,-92.54976
2020-08-27T08:25:53.744947433,27.725681,-92.512665
2020-08-27T08:25:53.746854782,27.71236,-92.509
2020-08-27T08:25:56.611356735,28.780731,-91.66183
2020-08-27T08:25:56.613645553,28.775045,-91.68369
2020-08-27T08:25:56.615552902,28.774427,-91.66129
2020-08-27T08:25:56.617460250,28.776983,-91.66646
2020-08-27T08:25:56.619367599,28.764389,-91.66575
2020-08-27T08:25:56.625471115,28.774416,-91.66157
2020-08-27T08:25:56.627378463,28.754978,-91.65718
2020-08-27T08:25:56.631574630,28.747932,-91.67837
2020-08-27T08:25:56.633481979,28.734234,-91.65935
2020-08-27T08:25:56.635389328,28.754498,-91.66169
2020-08-27T08:25:56.637296676,28.746325,-91.6476
2020-08-27T08:25:56.639204025,28.743399,-91.6447
2020-08-27T08:25:56.641492843,28.743511,-91.652374
2020-08-27T08:25:56.643400192,28.73323,-91.637024
2020-08-27T08:25:56.645307540,28.7366,-91.64014
2020-08-27T08:25:56.647214889,28.72123,-91.641396
2020-08-27T08:25:56.649122238,28.728271,-91.631355
2020-08-27T08:25:56.651411056,28.6965,-91.66828
2020-08-27T08:25:56.655225753,28.69513,-91.620316
2020-08-27T08:25:56.661329269,28.693924,-91.57811
2020-08-27T08:25:56.663236618,28.714567,-91.62886
2020-08-27T08:25:56.665143966,28.721355,-91.63476
2020-08-27T08:25:56.667051315,28.719528,-91.628296
2020-08-27T08:25:56.669340133,28.722076,-91.63732
2020-08-27T08:25:56.671247482,28.71807,-91.62664
2020-08-27T08:25:56.673154830,28.69391,-91.57801
2020-08-27T08:25:56.675062179,28.715076,-91.641304
2020-08-27T08:25:56.676969528,28.724457,-91.6422
2020-08-27T08:25:56.679258346,28.730555,-91.63442
2020-08-27T08:25:56.681165695,28.704865,-91.61843
2020-08-27T08:25:56.683073043,28.694824,-91.61039
2020-08-27T08:25:56.684980392,28.710127,-91.63003
2020-08-27T08:25:56.689176559,28.69462,-91.6024
2020-08-27T08:25:56.691083908,28.709858,-91.642586
2020-08-27T08:25:56.692991256,28.696491,-91.66821
2020-08-27T08:25:56.694898605,28.695559,-91.63457
2020-08-27T08:25:56.696805953,28.710464,-91.63214
2020-08-27T08:25:56.699094772,28.696514,-91.66828
2020-08-27T08:25:56.701002120,28.69396,-91.57804
2020-08-27T08:25:56.704816818,28.693916,-91.578026
2020-08-27T08:25:56.707105636,28.693893,-91.57801
2020-08-27T08:25:56.712827682,28.693857,-91.578
2020-08-27T08:25:56.714735031,28.693848,-91.577995
2020-08-27T08:25:56.717023849,28.682634,-91.59218
2020-08-27T08:25:56.718931198,28.693842,-91.577995
2020-08-27T08:25:56.728851318,28.66808,-91.58998
2020-08-27T08:25:56.730758666,28.693977,-91.57798
2020-08-27T08:25:56.732666015,28.693972,-91.57799
2020-08-27T08:25:56.734954833,28.671871,-91.60673
2020-08-27T08:25:56.736862182,28.701338,-91.612434
2020-08-27T08:25:56.740676879,28.617983,-91.65293
2020-08-27T08:25:56.742584228,28.650803,-91.61695
2020-08-27T08:25:56.744873046,28.670946,-91.61574
2020-08-27T08:25:56.746780395,28.679293,-91.63096
2020-08-27T08:25:56.748687744,28.66068,-91.63072
2020-08-27T08:25:56.750595092,28.66384,-91.62672
2020-08-27T08:25:56.752502441,28.666239,-91.625854
2020-08-27T08:25:56.754791259,28.688278,-91.62353
2020-08-27T08:25:56.756698608,28.69641,-91.668175
2020-08-27T08:25:56.770431518,28.652378,-91.646904
2020-08-27T08:25:56.772720336,28.667286,-91.628716
2020-08-27T08:25:56.780349731,28.65539,-91.66765
2020-08-27T08:25:56.782638549,28.655016,-91.645645
2020-08-27T08:25:56.790267944,28.654371,-91.68387
2020-08-27T08:25:56.792556762,28.664768,-91.67039
2020-08-27T08:25:56.822311401,28.655073,-91.72163
2020-08-27T08:25:56.824218750,28.650396,-91.65926
2020-08-27T08:25:56.943620681,28.817,-91.64776
2020-08-27T08:25:56.945528030,28.787123,-91.6643
2020-08-27T08:25:56.947435379,28.773771,-91.69056
2020-08-27T08:25:56.949342727,28.774961,-91.68341
2020-08-27T08:25:56.955446243,28.783567,-91.68273
2020-08-27T08:25:56.957353591,28.791903,-91.666115
2020-08-27T08:25:56.959260940,28.775023,-91.67261
2020-08-27T08:25:56.961549758,28.774942,-91.68345
2020-08-27T08:25:56.963457107,28.774939,-91.68346
2020-08-27T08:25:56.965364456,28.784456,-91.69483
2020-08-27T08:25:56.967271804,28.783735,-91.690575
2020-08-27T08:25:56.969181060,28.787195,-91.68946
2020-08-27T08:25:56.971469879,28.78171,-91.69672
2020-08-27T08:25:56.973377227,28.78153,-91.68864
2020-08-27T08:25:56.975284576,28.792604,-91.68696
2020-08-27T08:25:56.977191925,28.794638,-91.68736
2020-08-27T08:25:56.979099273,28.795713,-91.678566
2020-08-27T08:25:56.989398956,28.7979,-91.68808
2020-08-27T08:25:56.991306304,28.797075,-91.676895
2020-08-27T08:25:56.997028350,28.7758,-91.71573
2020-08-27T08:25:56.999317169,28.795044,-91.68737
2020-08-27T08:25:57.001224517,28.80278,-91.6889
2020-08-27T08:25:57.003131866,28.774927,-91.68343
2020-08-27T08:25:57.005039215,28.776274,-91.730316
2020-08-27T08:25:57.006946563,28.784523,-91.718094
2020-08-27T08:25:57.009235382,28.774975,-91.68347
2020-08-27T08:25:57.013050079,28.776392,-91.7329
2020-08-27T08:25:57.014957427,28.784256,-91.71639
2020-08-27T08:25:57.017246246,28.77501,-91.683495
2020-08-27T08:25:57.024875640,28.776558,-91.73902
2020-08-27T08:25:57.029071807,28.77497,-91.6835
2020-08-27T08:25:57.030979156,28.77641,-91.734566
2020-08-27T08:25:57.032886505,28.779573,-91.73146
2020-08-27T08:25:57.034793853,28.781645,-91.71647
2020-08-27T08:25:57.037082672,28.77634,-91.73284
2020-08-27T08:25:57.038990020,28.776436,-91.73632
2020-08-27T08:25:57.112615585,28.773766,-91.59769
2020-08-27T08:25:57.273597717,28.85235,-91.64921
2020-08-27T08:26:32.026401519,30.721985,-93.00984
2020-08-27T08:26:32.028690338,30.721985,-93.00985
2020-08-27T08:26:32.030597686,30.721968,-93.00986
2020-08-27T08:26:32.034412384,30.721937,-93.009865
2020-08-27T08:26:32.038608551,30.72191,-93.009865
2020-08-27T08:26:32.233160018,30.723291,-93.05579
2020-08-27T08:26:32.261007308,30.724857,-93.10348
2020-08-27T08:26:32.880142211,27.763275,-92.49453
2020-08-27T08:26:32.882049560,27.757784,-92.503845
2020-08-27T08:26:32.885866165,27.759638,-92.49385
2020-08-27T08:26:32.888154983,27.74783,-92.465965
2020-08-27T08:26:32.890062332,27.711023,-92.45866
2020-08-27T08:26:32.895784378,27.76004,-92.49405
2020-08-27T08:26:32.901887893,27.75426,-92.50048
2020-08-27T08:26:32.907991409,27.753998,-92.50069
2020-08-27T08:26:32.909898757,27.754906,-92.48649
2020-08-27T08:26:32.911806106,27.75636,-92.48594
2020-08-27T08:26:32.916002273,27.74699,-92.48368
2020-08-27T08:26:32.917909622,27.746058,-92.49441
2020-08-27T08:26:32.919816970,27.788454,-92.474
2020-08-27T08:26:32.927827835,27.755543,-92.48349
2020-08-27T08:26:32.929735183,27.760775,-92.46849
2020-08-27T08:26:32.951478958,27.775301,-92.47134
2020-08-27T08:26:32.953767776,27.752113,-92.48222
2020-08-27T08:26:32.965593338,27.788626,-92.473946
2020-08-27T08:26:32.967500686,27.76332,-92.47959
2020-08-27T08:26:32.985429763,27.779694,-92.478226
2020-08-27T08:26:32.987337112,27.761421,-92.468575
2020-08-27T08:26:32.997255325,27.788473,-92.47397
2020-08-27T08:26:33.009082794,27.788485,-92.474014
2020-08-27T08:26:33.067066192,27.731949,-92.48259
2020-08-27T08:26:33.068973541,27.73015,-92.48677
2020-08-27T08:26:33.070880889,27.73147,-92.486885
2020-08-27T08:26:33.072788238,27.730927,-92.47592
2020-08-27T08:26:33.074695587,27.7241,-92.47037
2020-08-27T08:26:33.080799102,27.710955,-92.45865
2020-08-27T08:26:33.082706451,27.710978,-92.45861
2020-08-27T08:26:33.084995269,27.715736,-92.474884
2020-08-27T08:26:33.086902618,27.721098,-92.47839
2020-08-27T08:26:33.088809967,27.7217,-92.47998
2020-08-27T08:26:33.098728179,27.711002,-92.45866
2020-08-27T08:26:33.100635528,27.710997,-92.458626
2020-08-27T08:26:33.102542877,27.71099,-92.4586
2020-08-27T08:26:33.122760772,27.710953,-92.458565
2020-08-27T08:26:33.124668121,27.707678,-92.467705
2020-08-27T08:26:33.126575469,27.710888,-92.45851
2020-08-27T08:26:33.130390167,27.710875,-92.45851
2020-08-27T08:26:33.140310287,27.710947,-92.458595
2020-08-27T08:26:33.142599105,27.699347,-92.45633
2020-08-27T08:26:33.144506454,27.702578,-92.46459
2020-08-27T08:26:33.146413803,27.700504,-92.46624
2020-08-27T08:26:33.148321151,27.711025,-92.458694
2020-08-27T08:26:33.150609970,27.68687,-92.45391
2020-08-27T08:26:33.323417663,27.736095,-92.52159
2020-08-27T08:26:33.506145477,27.745874,-92.465576
2020-08-27T08:26:33.508434295,27.713234,-92.48165
2020-08-27T08:26:33.510341644,27.71375,-92.47635
2020-08-27T08:26:33.520259857,27.710867,-92.45868
2020-08-27T08:26:33.522167205,27.729862,-92.482445
2020-08-27T08:26:33.571758270,27.710882,-92.45868
2020-08-27T08:26:33.574047088,27.711685,-92.48753
2020-08-27T08:26:33.579769134,27.710814,-92.45869
2020-08-27T08:26:33.581676483,27.722368,-92.49833
2020-08-27T08:26:33.583965301,27.72375,-92.48884
2020-08-27T08:26:33.585872650,27.72376,-92.48833
2020-08-27T08:26:33.587779998,27.720062,-92.49997
2020-08-27T08:26:33.589687347,27.722448,-92.49881
2020-08-27T08:26:33.591976165,27.711824,-92.51134
2020-08-27T08:26:33.593883514,27.716513,-92.49848
2020-08-27T08:26:33.595790863,27.711933,-92.49566
2020-08-27T08:26:33.702985763,27.724339,-92.485085
2020-08-27T08:26:33.705274581,27.714548,-92.50489
2020-08-27T08:26:33.743040084,27.710863,-92.458786
2020-08-27T08:26:48.997484207,27.713642,-92.54947
2020-08-27T08:26:49.039065361,27.713684,-92.549576
2020-08-27T08:26:49.040972709,27.713692,-92.549576
2020-08-27T08:26:49.088657379,27.713696,-92.54955
2020-08-27T08:26:49.096668243,27.7136,-92.54953
2020-08-27T08:26:49.098575592,27.714205,-92.57111
2020-08-27T08:26:49.100864410,27.722338,-92.5703
2020-08-27T08:26:49.102771759,27.713596,-92.54953
2020-08-27T08:26:49.162281990,27.716238,-92.63952
2020-08-27T08:26:49.164189338,27.713648,-92.5495
2020-08-27T08:26:49.166478157,27.713648,-92.54951
2020-08-27T08:26:49.279776573,27.723116,-92.556946
2020-08-27T08:26:49.287787437,27.712393,-92.50756
2020-08-27T08:26:49.289694786,27.72487,-92.53195
2020-08-27T08:26:49.291602134,27.723646,-92.538795
2020-08-27T08:26:49.293509483,27.713606,-92.5493
2020-08-27T08:26:49.295416831,27.713615,-92.54931
2020-08-27T08:26:49.297705650,27.713623,-92.54931
2020-08-27T08:26:49.311438560,27.7185,-92.54651
2020-08-27T08:26:49.313345909,27.706947,-92.52512
2020-08-27T08:26:49.315634727,27.713652,-92.54938
2020-08-27T08:26:49.359123229,27.71359,-92.54937
2020-08-27T08:26:49.279776573,27.564045,-92.69844
2020-08-27T08:26:49.311438560,27.56402,-92.69847
2020-08-27T08:26:49.313345909,27.564034,-92.69847
2020-08-27T08:26:49.361030578,27.690271,-92.55595
2020-08-27T08:26:49.414818763,27.712835,-92.52235
2020-08-27T08:26:53.969636917,27.68551,-92.61342
2020-08-27T08:26:53.971544265,27.671072,-92.613945
2020-08-27T08:26:53.973451614,27.680471,-92.60817
2020-08-27T08:26:54.019229888,27.67575,-92.6315
2020-08-27T08:27:10.287634849,27.772034,-92.54671
2020-08-27T08:27:10.269705772,27.768805,-92.50395
2020-08-27T08:27:10.271613121,27.762886,-92.50936
2020-08-27T08:27:10.273901939,27.756786,-92.515144
2020-08-27T08:27:10.275809288,27.757362,-92.51463
2020-08-27T08:27:10.277716636,27.768574,-92.5043
2020-08-27T08:27:10.279623985,27.7682,-92.50649
2020-08-27T08:27:10.289542198,27.68068,-92.41953
2020-08-27T08:27:10.315482139,27.761751,-92.51056
2020-08-27T08:27:10.337226867,27.76435,-92.525475
2020-08-27T08:27:10.339515686,27.750708,-92.504906
2020-08-27T08:27:10.341423034,27.761984,-92.538506
2020-08-27T08:27:10.343330383,27.768457,-92.50453
2020-08-27T08:27:10.062563896,30.398096,-92.937584
2020-08-27T08:27:10.070575714,30.317266,-92.919365
2020-08-27T08:27:10.088123321,30.317284,-92.91935
2020-08-27T08:27:10.104145050,30.396984,-92.9045
2020-08-27T08:27:10.108341217,30.398033,-92.937584
2020-08-27T08:27:10.169758796,30.317131,-92.91934
2020-08-27T08:27:10.422295570,30.340666,-92.95513
2020-08-27T08:27:10.434121131,30.318363,-92.96094
2020-08-27T08:27:10.585186004,30.3968,-92.90551
2020-08-27T08:27:10.846496582,27.748943,-92.520294
2020-08-27T08:27:10.848403930,27.730762,-92.56027
2020-08-27T08:27:10.850311279,27.789919,-92.52089
2020-08-27T08:27:10.933854103,27.789867,-92.52012
2020-08-27T08:27:11.070804595,27.751272,-92.52457
2020-08-27T08:27:11.070804595,27.564049,-92.69895
2020-08-27T08:27:11.073093414,27.730515,-92.518394
2020-08-27T08:27:11.075000762,27.721184,-92.5526
2020-08-27T08:27:11.076908111,27.728098,-92.50544
2020-08-27T08:27:19.691387177,27.728699,-92.46318
2020-08-27T08:27:19.739071370,27.711576,-92.45979
2020-08-27T08:27:19.748989583,27.726538,-92.47899
2020-08-27T08:27:19.760815621,27.721708,-92.48327
2020-08-27T08:27:19.768826485,27.725521,-92.47917
2020-08-27T08:27:19.780652524,27.711443,-92.45978
2020-08-27T08:27:19.816511155,27.715021,-92.473274
2020-08-27T08:27:19.820325852,27.711508,-92.45982
2020-08-27T08:27:19.840543747,27.711502,-92.45981
2020-08-27T08:27:19.854277134,27.71143,-92.45971
2020-08-27T08:27:19.870298863,27.712114,-92.48272
2020-08-27T08:27:19.885939599,27.737278,-92.46491
2020-08-27T08:27:19.916076184,27.711447,-92.45973
2020-08-27T08:27:19.917983532,27.71146,-92.45972
2020-08-27T08:27:19.919890881,27.712238,-92.48732
2020-08-27T08:27:19.921798230,27.724722,-92.483536
2020-08-27T08:27:19.927901745,27.717615,-92.48855
2020-08-27T08:27:19.929809094,27.719772,-92.47932
2020-08-27T08:27:19.933623791,27.721975,-92.492424
2020-08-27T08:27:19.935913086,27.720484,-92.49798
2020-08-27T08:27:19.937820435,27.712145,-92.48478
2020-08-27T08:27:19.971390248,27.726181,-92.4927
2020-08-27T08:27:19.981689930,27.703026,-92.469826
2020-08-27T08:27:20.049211025,27.72634,-92.49665
2020-08-27T08:27:20.051118373,27.71263,-92.50476
2020-08-27T08:27:20.102617740,27.723614,-92.4842
2020-08-27T08:27:20.146487236,27.7123,-92.49603
2020-08-27T08:27:20.166324138,27.711391,-92.45971
2020-08-27T08:27:30.255972862,28.700794,-91.64469
2020-08-27T08:27:30.257880210,28.695375,-91.6392
2020-08-27T08:27:30.259787559,28.695597,-91.64763
2020-08-27T08:27:30.261694908,28.695654,-91.6503
2020-08-27T08:27:30.263602256,28.701818,-91.64974
2020-08-27T08:27:30.265891075,28.695608,-91.64986
2020-08-27T08:27:30.267798423,28.70814,-91.636734
2020-08-27T08:27:30.269705772,28.695366,-91.64196
2020-08-27T08:27:30.271613121,28.695566,-91.64908
2020-08-27T08:27:30.273520469,28.695763,-91.65599
2020-08-27T08:27:30.275809288,28.695631,-91.651245
2020-08-27T08:27:30.277716636,28.695583,-91.64953
2020-08-27T08:27:30.279623985,28.708492,-91.64536
2020-08-27T08:27:30.281531333,28.696339,-91.652
2020-08-27T08:27:30.283820152,28.694471,-91.65874
2020-08-27T08:27:30.285727500,28.713581,-91.64565
2020-08-27T08:27:30.287634849,28.695368,-91.640495
2020-08-27T08:27:30.289542198,28.7237,-91.63571
2020-08-27T08:27:30.291449546,28.727201,-91.636536
2020-08-27T08:27:30.293738365,28.724766,-91.62953
2020-08-27T08:27:30.295645713,28.729572,-91.62949
2020-08-27T08:27:30.297553062,28.670618,-91.66497
2020-08-27T08:27:30.299460411,28.691526,-91.648415
2020-08-27T08:27:30.301367759,28.696095,-91.66855
2020-08-27T08:27:30.303656578,28.731285,-91.636696
2020-08-27T08:27:30.307471275,28.77216,-91.59361
2020-08-27T08:27:30.309378623,28.723433,-91.62037
2020-08-27T08:27:30.311285972,28.733887,-91.61217
2020-08-27T08:27:30.315482139,28.744268,-91.613464
2020-08-27T08:27:30.317390441,28.73092,-91.61446
2020-08-27T08:27:30.319297790,28.670576,-91.66365
2020-08-27T08:27:30.321586608,28.665236,-91.66261
2020-08-27T08:27:30.323493957,28.657326,-91.66665
2020-08-27T08:27:30.325401306,28.667034,-91.66297
2020-08-27T08:27:30.327308654,28.657341,-91.66108
2020-08-27T08:27:30.331504821,28.757404,-91.58839
2020-08-27T08:27:30.337226867,28.774837,-91.68409
2020-08-27T08:27:30.343330383,28.774788,-91.684044
2020-08-27T08:27:30.345237731,28.734552,-91.65531
2020-08-27T08:27:30.347145080,28.755749,-91.6397
2020-08-27T08:27:30.351341247,28.759266,-91.670746
2020-08-27T08:27:30.353248596,28.759914,-91.630585
2020-08-27T08:27:30.366981506,28.696135,-91.668625
2020-08-27T08:27:30.371177673,28.785524,-91.58619
2020-08-27T08:27:30.373085021,28.77219,-91.5937
2020-08-27T08:27:30.381096839,28.788193,-91.586426
2020-08-27T08:27:30.383004188,28.772182,-91.59368
2020-08-27T08:27:30.384911537,28.77218,-91.59369
2020-08-27T08:27:30.386818885,28.793447,-91.597855
2020-08-27T08:27:30.389107704,28.772188,-91.5937
2020-08-27T08:27:30.392922401,28.794138,-91.59797
2020-08-27T08:27:30.399025917,28.772293,-91.59368
2020-08-27T08:27:30.400933265,28.792631,-91.59769
2020-08-27T08:27:30.436791419,28.664114,-91.66226
2020-08-27T08:27:30.438698768,28.655836,-91.66073
2020-08-27T08:27:30.440607070,28.651678,-91.65992
2020-08-27T08:27:30.446710586,28.634768,-91.66596
2020-08-27T08:27:30.448617935,28.6542,-91.66595
2020-08-27T08:27:30.450525283,28.663548,-91.66226
2020-08-27T08:27:30.464639663,28.631659,-91.667786
2020-08-27T08:27:30.466547012,28.656181,-91.66082
2020-08-27T08:27:30.468454360,28.646011,-91.65884
2020-08-27T08:27:30.520335197,28.696173,-91.66861
2020-08-27T08:27:30.522242546,28.689842,-91.66054
2020-08-27T08:27:30.524149894,28.690647,-91.6577
2020-08-27T08:27:30.526057243,28.695623,-91.6497
2020-08-27T08:27:30.528346061,28.696148,-91.66859
2020-08-27T08:27:30.530253410,28.679834,-91.65504
2020-08-27T08:27:30.532160758,28.683205,-91.65452
2020-08-27T08:27:30.534068107,28.69621,-91.66863
2020-08-27T08:27:30.540171623,28.69626,-91.66867
2020-08-27T08:27:30.543986320,28.674295,-91.653404
2020-08-27T08:27:30.545893669,28.668783,-91.6467
2020-08-27T08:27:30.548182487,28.696285,-91.66868
2020-08-27T08:27:30.571834564,28.657944,-91.66116
2020-08-27T08:27:30.573741912,28.675783,-91.65172
2020-08-27T08:27:30.576030731,28.656893,-91.63743
2020-08-27T08:27:30.577938079,28.664562,-91.640724
2020-08-27T08:27:30.579845428,28.696241,-91.66863
2020-08-27T08:27:30.581752777,28.617737,-91.65329
2020-08-27T08:27:30.585948944,28.65178,-91.62726
2020-08-27T08:27:30.587856292,28.686121,-91.63812
2020-08-27T08:27:30.593959808,28.616133,-91.59705
2020-08-27T08:27:30.601589202,28.615194,-91.56314
2020-08-27T08:27:30.603878021,28.615202,-91.56314
2020-08-27T08:27:30.607692718,28.696234,-91.6686
2020-08-27T08:27:30.609600067,28.615852,-91.58656
2020-08-27T08:27:30.611507415,28.615168,-91.563126
2020-08-27T08:27:30.615703582,28.61511,-91.56311
2020-08-27T08:27:30.621807098,28.61515,-91.5631
2020-08-27T08:27:30.623714447,28.615757,-91.58322
2020-08-27T08:27:30.625622749,28.64478,-91.60155
2020-08-27T08:27:30.629437446,28.637169,-91.595535
2020-08-27T08:27:30.631726264,28.696272,-91.66855
2020-08-27T08:27:30.637448310,28.615587,-91.57772
2020-08-27T08:27:30.639355659,28.615183,-91.56307
2020-08-27T08:27:30.643551826,28.727854,-91.67473
2020-08-27T08:27:30.645459175,28.666399,-91.617485
2020-08-27T08:27:30.649273872,28.675535,-91.59309
2020-08-27T08:27:30.653470039,28.693752,-91.57832
2020-08-27T08:27:30.653470039,28.539387,-91.63798
2020-08-27T08:27:30.653470039,28.622845,-91.599724
2020-08-27T08:27:30.655377388,28.664011,-91.63104
2020-08-27T08:27:30.657284736,28.694496,-91.605
2020-08-27T08:27:30.659573554,28.695225,-91.631004
2020-08-27T08:27:30.665295600,28.616026,-91.59072
2020-08-27T08:27:30.677121162,28.616022,-91.59274
2020-08-27T08:27:30.679409980,28.615995,-91.592026
2020-08-27T08:27:30.687421798,28.593983,-91.5963
2020-08-27T08:27:30.701154708,28.582806,-91.60367
2020-08-27T08:27:30.727094650,28.575583,-91.616165
2020-08-27T08:27:30.745023727,28.696249,-91.66855
2020-08-27T08:27:30.919739723,28.696278,-91.66857
2020-08-27T08:27:40.643549919,27.672712,-92.63074
2020-08-27T08:27:40.730907917,27.674234,-92.631065
2020-08-27T08:27:40.880064964,27.668818,-92.619896
2020-08-27T08:27:40.881972312,27.66986,-92.630264
2020-08-27T08:27:40.884261131,27.670858,-92.63046
2020-08-27T08:27:40.886168479,27.667557,-92.61357
2020-08-27T08:27:40.951782226,27.674963,-92.63087
2020-08-27T08:27:40.965515613,27.672447,-92.63085
2020-08-27T08:27:40.969711780,27.671835,-92.63075
2020-08-27T08:27:40.983444690,27.639177,-92.62412
2020-08-27T08:27:40.999466896,27.639273,-92.62412
2020-08-27T08:27:41.114672660,27.666449,-92.629585
2020-08-27T08:27:41.126498222,27.672155,-92.63072
2020-08-27T08:27:41.128787040,27.639225,-92.624146
2020-08-27T08:27:41.146716594,27.668695,-92.63004
2020-08-27T08:27:41.240178108,27.663885,-92.62908
2020-08-27T08:27:41.260014533,27.672577,-92.6308
2020-08-27T08:28:14.866106033,27.717093,-92.63982
2020-08-27T08:28:14.872209548,27.717072,-92.639824
2020-08-27T08:28:14.965669631,27.698956,-92.636185
2020-08-27T08:28:14.967576980,27.717003,-92.639786
2020-08-27T08:28:15.160604476,27.717066,-92.6399
2020-08-27T08:28:15.162511825,27.698908,-92.6234
2020-08-27T08:28:15.164419174,27.697042,-92.62319
2020-08-27T08:28:15.166326522,27.716995,-92.639885
2020-08-27T08:28:15.168615341,27.716974,-92.63988
2020-08-27T08:28:15.170522689,27.700953,-92.618935
2020-08-27T08:28:15.172430038,27.716951,-92.639885
2020-08-27T08:28:15.247962951,27.693104,-92.61204
2020-08-27T08:28:15.249870300,27.682085,-92.596825
2020-08-27T08:28:15.252159118,27.687653,-92.60698
2020-08-27T08:28:15.254066467,27.684069,-92.61097
2020-08-27T08:28:15.255973815,27.689137,-92.60476
2020-08-27T08:28:15.257881164,27.692095,-92.61006
2020-08-27T08:28:15.259788513,27.68617,-92.578285
2020-08-27T08:28:15.262077331,27.715914,-92.6
2020-08-27T08:28:15.305564880,27.713291,-92.5112
2020-08-27T08:28:15.307472229,27.690104,-92.56636
2020-08-27T08:28:15.309761047,27.689312,-92.58381
2020-08-27T08:28:15.311668395,27.690641,-92.564705
2020-08-27T08:28:15.313575744,27.694355,-92.5738
2020-08-27T08:28:15.315483093,27.682419,-92.609146
2020-08-27T08:28:15.317771911,27.685856,-92.59683
2020-08-27T08:28:15.337608337,27.712885,-92.49696
2020-08-27T08:28:15.339515686,27.700872,-92.52855
2020-08-27T08:28:15.341423034,27.679821,-92.601906
2020-08-27T08:28:15.343330383,27.715767,-92.59586
2020-08-27T08:28:15.421152114,27.71233,-92.477
2020-08-27T08:28:15.423059463,27.71308,-92.502625
2020-08-27T08:28:26.245519638,30.8073,-93.12389
2020-08-27T08:28:26.247426986,30.80818,-93.15096
2020-08-27T08:28:26.338980674,30.808775,-93.17509
2020-08-27T08:28:26.354620933,30.809172,-93.18576
2020-08-27T08:28:26.390480041,30.809023,-93.18297
2020-08-27T08:28:26.392387390,30.810198,-93.217606
2020-08-27T08:28:26.487756729,30.79997,-93.15017
2020-08-27T08:28:26.490045547,30.77837,-93.14542
2020-08-27T08:28:26.513696670,30.80838,-93.16241
2020-08-27T08:28:26.672772407,30.725777,-93.10499
2020-08-27T08:28:43.339438438,27.634243,-92.39038
2020-08-27T08:28:43.341345787,27.643938,-92.399796
2020-08-27T08:28:43.395133972,27.623064,-92.387276
2020-08-27T08:28:43.439002990,27.655825,-92.41411
2020-08-27T08:28:43.440910339,27.662678,-92.40311
2020-08-27T08:28:43.470665931,27.65441,-92.413246
2020-08-27T08:28:43.472573280,27.711142,-92.460236
2020-08-27T08:28:43.838408470,27.634579,-92.392204
2020-08-27T08:28:43.836501121,27.698822,-92.45164
2020-08-27T08:28:43.840697288,27.67422,-92.43742
2020-08-27T08:28:44.039445877,27.711006,-92.46028
2020-08-27T08:28:57.625699996,28.754734,-91.67957
2020-08-27T08:28:57.627607345,28.77625,-91.68376
2020-08-27T08:28:57.629514694,28.762817,-91.66304
2020-08-27T08:28:57.631803512,28.764046,-91.65872
2020-08-27T08:28:57.633710861,28.776262,-91.68384
2020-08-27T08:28:57.635618209,28.765427,-91.666756
2020-08-27T08:28:57.641721725,28.775206,-91.647
2020-08-27T08:28:57.645536422,28.775202,-91.648094
2020-08-27T08:28:57.647443771,28.776194,-91.68391
2020-08-27T08:28:57.649732589,28.766792,-91.6486
2020-08-27T08:28:57.651639938,28.774958,-91.6392
2020-08-27T08:28:57.653547286,28.774776,-91.632164
2020-08-27T08:28:57.655454635,28.774837,-91.633705
2020-08-27T08:28:57.657361984,28.77446,-91.619644
2020-08-27T08:28:57.659650802,28.774559,-91.62274
2020-08-27T08:28:57.661558151,28.775112,-91.64205
2020-08-27T08:28:57.665372848,28.774311,-91.612946
2020-08-27T08:28:57.667280197,28.774458,-91.617836
2020-08-27T08:28:57.669569015,28.774492,-91.61928
2020-08-27T08:28:57.671476364,28.78058,-91.62229
2020-08-27T08:28:57.673383712,28.774286,-91.6129
2020-08-27T08:28:57.675291061,28.773727,-91.593605
2020-08-27T08:28:57.677579879,28.773714,-91.5936
2020-08-27T08:28:57.679487228,28.785158,-91.62239
2020-08-27T08:28:57.685209274,28.788933,-91.621895
2020-08-27T08:28:57.687498092,28.781734,-91.630974
2020-08-27T08:28:57.691312789,28.794956,-91.627266
2020-08-27T08:28:57.693220138,28.774904,-91.63586
2020-08-27T08:28:57.695127487,28.80163,-91.63393
2020-08-27T08:28:57.697416305,28.814816,-91.64537
2020-08-27T08:28:57.707334518,28.817055,-91.64478
2020-08-27T08:28:57.709241867,28.822851,-91.63385
2020-08-27T08:28:57.711151123,28.808746,-91.645004
2020-08-27T08:28:57.713058471,28.773722,-91.5936
2020-08-27T08:28:57.717254638,28.83037,-91.65338
2020-08-27T08:28:57.719161987,28.8336,-91.65584
2020-08-27T08:28:57.721069335,28.812784,-91.66354
2020-08-27T08:28:57.722976684,28.800768,-91.64756
2020-08-27T08:28:57.725265502,28.756535,-91.679985
2020-08-27T08:28:57.727172851,28.77633,-91.68383
2020-08-27T08:28:57.729080200,28.776325,-91.683815
2020-08-27T08:28:57.732894897,28.776281,-91.68383
2020-08-27T08:28:57.735183715,28.747658,-91.698364
2020-08-27T08:28:57.748916625,28.77691,-91.70612
2020-08-27T08:28:57.750823974,28.769112,-91.70233
2020-08-27T08:28:57.753112792,28.776943,-91.7071
2020-08-27T08:28:57.755020141,28.776289,-91.683876
2020-08-27T08:28:57.770660400,28.777168,-91.715416
2020-08-27T08:28:57.772949218,28.777403,-91.723915
2020-08-27T08:28:57.808425903,28.774477,-91.61848
2020-08-27T08:28:57.818725585,28.823097,-91.64028
2020-08-27T08:28:57.820632934,28.791111,-91.63453
2020-08-27T08:28:57.828643798,28.853653,-91.65365
2020-08-27T08:28:57.830551147,28.840357,-91.64397
2020-08-27T08:28:57.834365844,28.853632,-91.6526
2020-08-27T08:28:57.836275100,28.853428,-91.64527
2020-08-27T08:28:57.842378616,28.853405,-91.64276
2020-08-27T08:28:57.844285964,28.852472,-91.60905
2020-08-27T08:28:57.850389480,28.852486,-91.60903
2020-08-27T08:28:57.852296829,28.840134,-91.63624
2020-08-27T08:28:57.854204177,28.852482,-91.609
2020-08-27T08:28:57.862215042,28.773829,-91.59359
2020-08-27T08:28:57.870225906,28.852545,-91.60898
2020-08-27T08:28:57.878236770,28.85254,-91.60894
2020-08-27T08:28:57.890062332,28.829079,-91.604416
2020-08-27T08:28:57.899980545,28.830349,-91.61867
2020-08-27T08:28:57.906084060,28.819777,-91.60258
2020-08-27T08:28:57.969791412,28.776882,-91.70534
2020-08-27T08:28:57.971698760,28.805529,-91.69566
2020-08-27T08:28:57.981616973,28.77728,-91.71824
2020-08-27T08:28:57.983524322,28.777584,-91.71554
2020-08-27T08:28:57.985431671,28.776295,-91.68382
2020-08-27T08:28:57.989627838,28.777367,-91.72172
2020-08-27T08:28:57.991535186,28.775654,-91.711365
2020-08-27T08:28:57.993442535,28.77716,-91.71375
2020-08-27T08:28:57.995349884,28.77662,-91.71634
2020-08-27T08:28:57.997638702,28.77703,-91.70851
2020-08-27T08:28:58.009464263,28.777637,-91.73032
2020-08-27T08:28:58.011371612,28.777313,-91.71904
2020-08-27T08:28:58.015186309,28.777739,-91.734406
2020-08-27T08:28:58.023197174,28.776352,-91.68385
2020-08-27T08:28:58.037311553,28.75618,-91.72303
2020-08-27T08:28:58.039218902,28.777887,-91.739586
2020-08-27T08:28:58.130773544,28.775526,-91.65453
2020-08-27T08:28:58.152517318,28.774944,-91.63679
2020-08-27T08:28:58.154424667,28.820906,-91.64109
2020-08-27T08:29:03.796827316,27.789206,-92.47495
2020-08-27T08:29:03.910125732,27.772474,-92.442665
2020-08-27T08:29:03.928054809,27.788195,-92.434364
2020-08-27T08:29:03.937973022,27.754004,-92.4288
2020-08-27T08:29:03.965821266,27.759983,-92.44171
2020-08-27T08:29:03.967728614,27.788368,-92.437195
2020-08-27T08:29:03.969635963,27.76052,-92.43737
2020-08-27T08:29:23.351645469,27.727924,-92.5324
2020-08-27T08:29:23.021287918,27.732592,-92.51175
2020-08-27T08:29:23.061342239,27.734991,-92.50069
2020-08-27T08:29:23.063249588,27.740686,-92.52188
2020-08-27T08:29:23.065156936,27.724184,-92.5059
2020-08-27T08:29:23.067064285,27.713411,-92.549644
2020-08-27T08:29:23.075075149,27.712364,-92.51285
2020-08-27T08:29:23.076983451,27.712433,-92.51523
2020-08-27T08:29:23.107119560,27.735832,-92.501396
2020-08-27T08:29:23.144886016,27.760893,-92.52911
2020-08-27T08:29:23.226140022,27.725863,-92.50092
2020-08-27T08:29:23.228428840,27.71205,-92.50349
2020-08-27T08:29:23.353552818,27.72555,-92.53164
2020-08-27T08:29:23.355460166,27.71238,-92.51945
2020-08-27T08:29:23.357367515,27.712278,-92.51631
2020-08-27T08:29:23.359274864,27.712355,-92.51894
2020-08-27T08:29:23.363471031,27.713253,-92.549736
2020-08-27T08:29:23.399330139,27.713274,-92.549736
2020-08-27T08:29:23.474862098,27.729391,-92.53033
2020-08-27T08:29:23.492791175,27.738522,-92.50757
2020-08-27T08:29:23.508431434,27.710804,-92.459755
2020-08-27T08:29:23.544290542,27.71328,-92.54971
2020-08-27T08:29:23.546197891,27.71193,-92.50227
2020-08-27T08:29:59.265278817,30.809362,-93.17589
2020-08-27T08:29:59.299230099,30.822035,-93.183334
2020-08-27T08:29:59.301137448,30.767103,-93.11455
2020-08-27T08:29:59.354925633,30.810778,-93.21783
2020-08-27T08:29:59.356832982,30.811388,-93.1737
2020-08-27T08:29:59.523919106,30.810678,-93.217804
2020-08-27T08:29:59.525826455,30.809439,-93.180046
2020-08-27T08:29:59.633021355,30.836308,-93.25174
2020-08-27T08:30:10.254065513,27.729372,-92.52511
2020-08-27T08:30:09.969865798,27.71915,-92.520035
2020-08-27T08:30:09.971773147,27.71243,-92.51635
2020-08-27T08:30:10.007632255,27.712513,-92.51777
2020-08-27T08:30:10.009539604,27.72186,-92.514046
2020-08-27T08:30:10.023653984,27.712448,-92.51827
2020-08-27T08:30:10.025561332,27.707813,-92.51956
2020-08-27T08:30:10.027468681,27.711006,-92.51672
2020-08-27T08:30:10.031664848,27.712425,-92.518654
2020-08-27T08:30:10.033572196,27.719126,-92.518394
2020-08-27T08:30:10.057223320,27.703815,-92.52695
2020-08-27T08:30:10.059512138,27.704872,-92.52422
2020-08-27T08:30:10.061419486,27.712564,-92.52097
2020-08-27T08:30:10.158696174,27.713427,-92.55014
2020-08-27T08:30:10.160603523,27.713428,-92.55016
2020-08-27T08:30:10.182728767,27.721067,-92.51486
2020-08-27T08:30:10.250249862,27.711775,-92.492096
2020-08-27T08:30:10.252157211,27.723207,-92.50316
2020-08-27T08:30:10.255972862,27.725006,-92.499504
2020-08-27T08:30:10.258261680,27.711826,-92.4964
2020-08-27T08:30:10.301749229,27.710703,-92.46011
2020-08-27T08:30:10.333793640,27.707853,-92.524315
2020-08-27T08:30:10.335700988,27.690723,-92.521
2020-08-27T08:30:10.335700988,27.563644,-92.69923
2020-08-27T08:30:10.337608337,27.712551,-92.5257
2020-08-27T08:30:10.339515686,27.713253,-92.55015
2020-08-27T08:30:10.349433898,27.702244,-92.523476
2020-08-27T08:30:10.363548278,27.721508,-92.5131
2020-08-27T08:30:10.365455627,27.713282,-92.5501
2020-08-27T08:30:10.423058509,27.725449,-92.50057
2020-08-27T08:30:10.424965858,27.710037,-92.52856
2020-08-27T08:30:10.516520500,27.697203,-92.523125
2020-08-27T08:30:10.001527786,28.694696,-91.59843
2020-08-27T08:30:10.003435134,28.694,-91.59821
2020-08-27T08:30:10.017550468,28.694874,-91.60431
2020-08-27T08:30:10.019457817,28.697325,-91.61212
2020-08-27T08:30:10.021365165,28.695475,-91.61208
2020-08-27T08:30:10.025561332,28.695383,-91.625374
2020-08-27T08:30:10.027468681,28.695265,-91.62195
2020-08-27T08:30:10.031283378,28.695642,-91.635086
2020-08-27T08:30:10.033572196,28.69542,-91.6267
2020-08-27T08:30:10.035479545,28.69553,-91.63031
2020-08-27T08:30:10.045397758,28.692661,-91.59626
2020-08-27T08:30:10.047305107,28.702206,-91.62689
2020-08-27T08:30:10.049212455,28.695389,-91.62195
2020-08-27T08:30:10.051119804,28.695467,-91.62497
2020-08-27T08:30:10.055315971,28.694859,-91.603745
2020-08-27T08:30:10.057223320,28.701937,-91.62522
2020-08-27T08:30:10.059130668,28.694603,-91.59512
2020-08-27T08:30:10.061419486,28.688732,-91.60138
2020-08-27T08:30:10.063326835,28.694128,-91.57871
2020-08-27T08:30:10.065234184,28.685007,-91.58953
2020-08-27T08:30:10.067141532,28.709068,-91.62353
2020-08-27T08:30:10.069049835,28.710617,-91.62233
2020-08-27T08:30:10.073246002,28.678839,-91.58978
2020-08-27T08:30:10.075153350,28.694042,-91.578705
2020-08-27T08:30:10.077060699,28.715704,-91.61157
2020-08-27T08:30:10.078968048,28.692665,-91.60208
2020-08-27T08:30:10.083164215,28.718441,-91.6133
2020-08-27T08:30:10.085071563,28.715273,-91.619965
2020-08-27T08:30:10.091175079,28.727402,-91.60781
2020-08-27T08:30:10.093082427,28.720947,-91.61045
2020-08-27T08:30:10.094989776,28.683397,-91.601555
2020-08-27T08:30:10.096897125,28.71594,-91.604294
2020-08-27T08:30:10.099185943,28.725729,-91.58489
2020-08-27T08:30:10.101093292,28.74452,-91.58854
2020-08-27T08:30:10.104907989,28.730463,-91.58785
2020-08-27T08:30:10.106815338,28.710823,-91.601906
2020-08-27T08:30:10.109104156,28.716894,-91.59203
2020-08-27T08:30:10.111011505,28.706177,-91.594826
2020-08-27T08:30:10.112918853,28.725035,-91.60591
2020-08-27T08:30:10.114826202,28.732578,-91.60418
2020-08-27T08:30:10.116733551,28.732296,-91.5981
2020-08-27T08:30:10.119022369,28.73431,-91.59261
2020-08-27T08:30:10.120929718,28.724228,-91.603584
2020-08-27T08:30:10.122837066,28.724722,-91.603264
2020-08-27T08:30:10.124744415,28.728653,-91.5963
2020-08-27T08:30:10.126651763,28.718298,-91.605576
2020-08-27T08:30:10.128940582,28.732924,-91.586365
2020-08-27T08:30:10.130848884,28.721518,-91.60117
2020-08-27T08:30:10.132756233,28.688074,-91.598656
2020-08-27T08:30:10.134663581,28.715591,-91.607254
2020-08-27T08:30:10.136952400,28.724205,-91.58462
2020-08-27T08:30:10.138859748,28.69415,-91.57875
2020-08-27T08:30:10.140767097,28.729836,-91.58572
2020-08-27T08:30:10.142674446,28.694164,-91.57877
2020-08-27T08:30:10.144581794,28.71542,-91.582924
2020-08-27T08:30:10.146870613,28.694834,-91.60212
2020-08-27T08:30:10.148777961,28.732052,-91.586174
2020-08-27T08:30:10.150685310,28.694178,-91.57877
2020-08-27T08:30:10.158696174,28.653679,-91.59517
2020-08-27T08:30:10.160603523,28.693453,-91.55321
2020-08-27T08:30:10.162510871,28.717133,-91.553085
2020-08-27T08:30:10.164799690,28.719894,-91.57653
2020-08-27T08:30:10.166707038,28.713036,-91.589485
2020-08-27T08:30:10.168614387,28.717873,-91.59281
2020-08-27T08:30:10.170521736,28.7248,-91.60615
2020-08-27T08:30:10.172429084,28.752985,-91.61067
2020-08-27T08:30:10.174717903,28.74437,-91.60718
2020-08-27T08:30:10.176625251,28.733452,-91.61447
2020-08-27T08:30:10.178532600,28.73833,-91.62571
2020-08-27T08:30:10.192266464,28.803144,-91.62124
2020-08-27T08:30:10.194555282,28.780516,-91.62088
2020-08-27T08:30:10.196462631,28.821547,-91.62556
2020-08-27T08:30:10.198369979,28.830471,-91.63641
2020-08-27T08:30:10.202184677,28.852846,-91.6605
2020-08-27T08:30:10.204473495,28.825827,-91.64077
2020-08-27T08:30:10.228124618,28.852814,-91.65703
2020-08-27T08:30:10.267798423,28.69653,-91.66894
2020-08-27T08:30:10.270087242,28.696085,-91.65282
2020-08-27T08:30:10.271994590,28.69603,-91.65049
2020-08-27T08:30:10.275809288,28.69657,-91.66892
2020-08-27T08:30:10.389107704,28.69655,-91.66891
2020-08-27T08:30:10.419243812,28.694025,-91.57868
2020-08-27T08:30:10.426873207,28.878437,-91.61413
2020-08-27T08:30:10.518427848,28.694042,-91.57882
2020-08-27T08:30:10.560389518,28.696577,-91.6689
2020-08-27T08:30:10.608074188,28.696548,-91.6689
2020-08-27T08:31:06.115055084,27.719212,-92.531006
2020-08-27T08:31:06.123065948,27.713726,-92.55102
2020-08-27T08:31:06.132984161,27.712986,-92.526505
2020-08-27T08:31:06.166934967,27.72067,-92.52191
2020-08-27T08:31:06.168842315,27.71534,-92.52166
2020-08-27T08:31:06.204701423,27.728182,-92.519424
2020-08-27T08:31:06.214619636,27.723269,-92.52317
2020-08-27T08:31:06.236364364,27.713747,-92.55099
2020-08-27T08:31:06.238271713,27.718513,-92.519035
2020-08-27T08:31:06.240179061,27.72567,-92.52016
2020-08-27T08:31:06.258108139,27.722784,-92.51393
2020-08-27T08:31:06.260396957,27.726149,-92.51518
2020-08-27T08:31:06.264211654,27.712383,-92.506
2020-08-27T08:31:06.371406555,27.712889,-92.52313
2020-08-27T08:31:06.373695373,27.71269,-92.51594
2020-08-27T08:31:06.389335632,27.713682,-92.55097
2020-08-27T08:31:06.391242980,27.724035,-92.54022
2020-08-27T08:31:06.393531799,27.719622,-92.55373
2020-08-27T08:31:06.395439147,27.713703,-92.55094
2020-08-27T08:31:06.419091224,27.713633,-92.551025
2020-08-27T08:31:06.421380043,27.713633,-92.550995
2020-08-27T08:31:06.423287391,27.713633,-92.550964
2020-08-27T08:31:06.425194740,27.720749,-92.533806
2020-08-27T08:31:06.427102088,27.71135,-92.54001
2020-08-27T08:31:06.429390907,27.712563,-92.5453
2020-08-27T08:31:06.431298255,27.712696,-92.55698
2020-08-27T08:31:06.433205604,27.701843,-92.54688
2020-08-27T08:31:06.435112953,27.698444,-92.547874
2020-08-27T08:31:06.520563125,27.712877,-92.52017
2020-08-27T08:31:06.522470474,27.720621,-92.555084
2020-08-27T08:31:06.558329582,27.698826,-92.54596
2020-08-27T08:31:06.560236930,27.718666,-92.54521
2020-08-27T08:31:06.574351310,27.712801,-92.5192
2020-08-27T08:31:06.681546211,27.716892,-92.57463
2020-08-27T08:31:06.683835029,27.69173,-92.5466
2020-08-27T08:31:06.689557075,27.677835,-92.54405
2020-08-27T08:31:06.691464424,27.690836,-92.56695
2020-08-27T08:31:06.693753242,27.676182,-92.531494
2020-08-27T08:31:06.840620994,27.691782,-92.57052
2020-08-27T08:31:06.842909812,27.678818,-92.53504
2020-08-27T08:31:10.991838455,28.903366,-91.550476
2020-08-27T08:31:11.033420562,28.928965,-91.56838
2020-08-27T08:31:26.106661796,30.810152,-93.218376
2020-08-27T08:31:26.177998542,30.835506,-93.21433
2020-08-27T08:31:26.179905891,30.831999,-93.20908
2020-08-27T08:31:26.182194709,30.828188,-93.194145
2020-08-27T08:31:26.184102058,30.833954,-93.21467
2020-08-27T08:31:26.187916755,30.83104,-93.19317
2020-08-27T08:31:26.189824104,30.808651,-93.17188
2020-08-27T08:31:26.195927619,30.808672,-93.17263
2020-08-27T08:31:26.239797592,30.80711,-93.124466
2020-08-27T08:31:26.243612289,30.808304,-93.15979
2020-08-27T08:31:26.245519638,30.80716,-93.1245
2020-08-27T08:31:26.269552230,30.807083,-93.12441
2020-08-27T08:31:26.291296005,30.810186,-93.21833
2020-08-27T08:31:26.490045547,30.832495,-93.201
2020-08-27T08:31:26.492334365,30.81932,-93.20469
2020-08-27T08:31:26.506067276,30.810137,-93.21839
2020-08-27T08:31:26.514078140,30.829966,-93.221306
2020-08-27T08:31:26.557948112,30.810183,-93.21839
2020-08-27T08:31:36.132986068,27.787252,-92.42382
2020-08-27T08:31:36.134893417,27.787338,-92.426956
2020-08-27T08:31:36.137182235,27.787315,-92.42628
2020-08-27T08:31:36.152822494,27.785667,-92.42321
2020-08-27T08:31:36.158926010,27.787247,-92.42431
2020-08-27T08:31:36.166936874,27.787157,-92.42374
2020-08-27T08:31:36.182577133,27.787308,-92.424835
2020-08-27T08:31:36.184865951,27.787516,-92.4319
2020-08-27T08:31:36.186773300,27.787462,-92.42986
2020-08-27T08:31:36.293968200,27.790201,-92.42524
2020-08-27T08:31:36.295875549,27.787355,-92.43038
2020-08-27T08:31:36.298164367,27.786085,-92.38613
2020-08-27T08:31:36.329826354,27.787449,-92.434944
2020-08-27T08:31:36.331733703,27.787525,-92.43728
2020-08-27T08:31:36.333641052,27.787699,-92.44309
2020-08-27T08:31:36.335929870,27.78854,-92.441315
2020-08-27T08:31:36.337837219,27.788658,-92.47604
2020-08-27T08:31:36.469064712,27.782541,-92.43392
2020-08-27T08:31:36.470972061,27.78781,-92.44529
2020-08-27T08:31:36.472879409,27.787457,-92.43261
2020-08-27T08:31:36.474788665,27.788706,-92.47604
2020-08-27T08:31:36.512935638,27.787163,-92.4252
2020-08-27T08:31:36.550701141,27.787271,-92.42582
2020-08-27T08:31:36.552608489,27.77849,-92.43658
2020-08-27T08:31:36.554515838,27.787754,-92.44348
2020-08-27T08:31:36.556423187,27.787655,-92.44035
2020-08-27T08:31:36.558330535,27.787672,-92.44131
2020-08-27T08:31:36.747543334,27.720781,-92.40711
2020-08-27T08:31:36.773101806,27.787302,-92.43127
2020-08-27T08:32:17.260246276,27.82715,-92.39415
2020-08-27T08:32:17.270164489,27.82572,-92.39385
2020-08-27T08:32:17.272071838,27.81871,-92.40671
2020-08-27T08:32:17.296104431,27.817034,-92.41289
2020-08-27T08:32:17.298011779,27.812614,-92.416595
2020-08-27T08:32:17.325859069,27.786997,-92.422646
2020-08-27T08:32:17.455179214,27.820824,-92.40206
2020-08-27T08:32:17.532619476,27.819006,-92.404686
2020-08-27T08:32:17.534526824,27.785963,-92.385994
2020-08-27T08:32:17.594419479,27.82595,-92.39394
2020-08-27T08:32:17.596326828,27.812445,-92.41914
2020-08-27T08:32:17.602430343,27.816545,-92.41169
2020-08-27T08:32:17.608152389,27.814482,-92.41615
2020-08-27T08:32:17.610059738,27.810057,-92.42321
2020-08-27T08:32:17.665754318,27.814363,-92.41249
2020-08-27T08:32:17.668043136,27.785961,-92.38593
2020-08-27T08:32:17.673765182,27.812664,-92.41948
2020-08-27T08:32:17.687879562,27.808228,-92.42055
2020-08-27T08:32:17.701612472,27.806467,-92.42446
2020-08-27T08:32:17.717636108,27.807264,-92.42491
2020-08-27T08:32:17.723739624,27.785917,-92.38599
2020-08-27T08:32:17.725646972,27.809555,-92.42222
2020-08-27T08:32:17.731369018,27.808376,-92.42072
2020-08-27T08:32:17.741287231,27.807005,-92.42165
2020-08-27T08:32:17.753494262,27.805668,-92.42238
2020-08-27T08:32:17.757308959,27.80971,-92.42065
2020-08-27T08:32:17.830932617,27.809172,-92.418625
2020-08-27T08:32:17.834749221,27.80816,-92.42191
2020-08-27T08:32:17.932405471,27.74887,-92.41949
2020-08-27T08:32:17.978183746,27.787172,-92.43061
2020-08-27T08:32:18.101400375,27.788363,-92.47587
2020-08-27T08:32:18.119329452,27.788416,-92.47585
2020-08-27T08:32:18.152898788,27.785738,-92.38585
2020-08-27T08:32:18.154806137,27.762066,-92.43206
2020-08-27T08:32:18.157094955,27.788734,-92.42082
2020-08-27T08:32:18.159002304,27.76158,-92.426834
2020-08-27T08:32:18.174642562,27.863384,-92.40117
2020-08-27T08:32:18.176931381,27.795876,-92.42011
2020-08-27T08:32:18.182653427,27.787268,-92.43732
2020-08-27T08:32:18.242546081,27.864435,-92.43843
2020-08-27T08:32:18.282218933,27.823076,-92.43538
2020-08-27T08:32:18.284126281,27.75754,-92.4448
2020-08-27T08:32:20.379569053,28.896412,-91.59987
2020-08-27T08:32:20.381476402,28.88038,-91.61444
2020-08-27T08:32:20.383383750,28.87498,-91.62829
2020-08-27T08:32:20.385291099,28.852104,-91.63856
2020-08-27T08:32:20.389487266,28.861528,-91.64243
2020-08-27T08:32:20.391394615,28.86765,-91.636665
2020-08-27T08:32:20.395590782,28.85255,-91.6548
2020-08-27T08:32:20.397498130,28.852318,-91.64684
2020-08-27T08:32:20.399405956,28.8593,-91.64315
2020-08-27T08:32:20.401313304,28.851229,-91.609184
2020-08-27T08:32:20.403220653,28.852005,-91.637184
2020-08-27T08:32:20.405509471,28.8512,-91.609146
2020-08-27T08:32:20.411231517,28.852606,-91.63757
2020-08-27T08:32:20.413138866,28.849655,-91.64078
2020-08-27T08:32:20.421149730,28.852549,-91.65595
2020-08-27T08:32:20.423057079,28.844465,-91.63923
2020-08-27T08:32:20.425345897,28.852083,-91.638466
2020-08-27T08:32:20.427253246,28.852144,-91.6401
2020-08-27T08:32:20.429160594,28.843672,-91.6435
2020-08-27T08:32:20.433357238,28.840086,-91.65481
2020-08-27T08:32:20.435264587,28.838797,-91.64685
2020-08-27T08:32:20.437171936,28.851212,-91.60915
2020-08-27T08:32:20.439079284,28.825787,-91.653725
2020-08-27T08:32:20.440986633,28.836304,-91.65628
2020-08-27T08:32:20.445182800,28.867527,-91.62052
2020-08-27T08:32:20.447090148,28.833433,-91.65366
2020-08-27T08:32:20.448997497,28.832478,-91.64818
2020-08-27T08:32:20.450904846,28.85127,-91.6091
2020-08-27T08:32:20.455101013,28.874796,-91.61373
2020-08-27T08:32:20.460823059,28.809055,-91.678955
2020-08-27T08:32:20.463112354,28.775116,-91.68404
2020-08-27T08:32:20.466927051,28.775173,-91.684044
2020-08-27T08:32:20.468834400,28.816076,-91.66938
2020-08-27T08:32:20.471123218,28.775183,-91.68404
2020-08-27T08:32:20.473030567,28.872017,-91.61318
2020-08-27T08:32:20.481041431,28.775146,-91.684
2020-08-27T08:32:20.488670825,28.775114,-91.68392
2020-08-27T08:32:20.492867469,28.870638,-91.612854
2020-08-27T08:32:20.494774818,28.775166,-91.68399
2020-08-27T08:32:20.496682167,28.804726,-91.66737
2020-08-27T08:32:20.498970985,28.819746,-91.66745
2020-08-27T08:32:20.500878334,28.799765,-91.66474
2020-08-27T08:32:20.502785682,28.864405,-91.601906
2020-08-27T08:32:20.504693031,28.850052,-91.62945
2020-08-27T08:32:20.506600379,28.775164,-91.68398
2020-08-27T08:32:20.510796546,28.792137,-91.645836
2020-08-27T08:32:20.512703895,28.853506,-91.60769
2020-08-27T08:32:20.514611244,28.85135,-91.60904
2020-08-27T08:32:20.516518592,28.85081,-91.58918
2020-08-27T08:32:20.518807411,28.774166,-91.64606
2020-08-27T08:32:20.520714759,28.7752,-91.683945
2020-08-27T08:32:20.522622108,28.774231,-91.65065
2020-08-27T08:32:20.524529933,28.7899,-91.63312
2020-08-27T08:32:20.526818752,28.816383,-91.6161
2020-08-27T08:32:20.528726100,28.80087,-91.64248
2020-08-27T08:32:20.530633449,28.790096,-91.629654
2020-08-27T08:32:20.532540798,28.793432,-91.641754
2020-08-27T08:32:20.534448146,28.77325,-91.617935
2020-08-27T08:32:20.536736965,28.828245,-91.57721
2020-08-27T08:32:20.538644313,28.780012,-91.61659
2020-08-27T08:32:20.540551662,28.805182,-91.64425
2020-08-27T08:32:20.542459011,28.773077,-91.611885
2020-08-27T08:32:20.544366359,28.773031,-91.610565
2020-08-27T08:32:20.546655178,28.773354,-91.62232
2020-08-27T08:32:20.552377223,28.772554,-91.59363
2020-08-27T08:32:20.554285049,28.778175,-91.61346
2020-08-27T08:32:20.558481216,28.772572,-91.59365
2020-08-27T08:32:20.568399429,28.772917,-91.60716
2020-08-27T08:32:20.570306777,28.773586,-91.63136
2020-08-27T08:32:20.576410293,28.773045,-91.61336
2020-08-27T08:32:20.578317642,28.774517,-91.61912
2020-08-27T08:32:20.580224990,28.79149,-91.6535
2020-08-27T08:32:20.586328983,28.772924,-91.60897
2020-08-27T08:32:20.588236331,28.764833,-91.61395
2020-08-27T08:32:20.590143680,28.752384,-91.61637
2020-08-27T08:32:20.592051029,28.782206,-91.62663
2020-08-27T08:32:20.600061893,28.722029,-91.6018
2020-08-27T08:32:20.602350711,28.74158,-91.613976
2020-08-27T08:32:20.606165409,28.694016,-91.5783
2020-08-27T08:32:20.608072757,28.694792,-91.60578
2020-08-27T08:32:20.630198478,28.694761,-91.60498
2020-08-27T08:32:20.632105827,28.719006,-91.60626
2020-08-27T08:32:20.640116691,28.71237,-91.60975
2020-08-27T08:32:20.642024040,28.72342,-91.61317
2020-08-27T08:32:20.643931388,28.775154,-91.683945
2020-08-27T08:32:20.647746562,28.695295,-91.6218
2020-08-27T08:32:20.665675640,28.69518,-91.62103
2020-08-27T08:32:20.671779155,28.695517,-91.634254
2020-08-27T08:32:20.677883148,28.68676,-91.635605
2020-08-27T08:32:20.691616058,28.875826,-91.62573
2020-08-27T08:32:20.691616058,28.696432,-91.668465
2020-08-27T08:32:20.693523406,28.870348,-91.64314
2020-08-27T08:32:20.739300251,28.852495,-91.652565
2020-08-27T08:32:20.778974056,28.870066,-91.61257
2020-08-27T08:32:20.789273738,28.693935,-91.57816
2020-08-27T08:32:20.804914474,28.69397,-91.578156
2020-08-27T08:32:20.806821823,28.772556,-91.59346
2020-08-27T08:32:20.811017990,28.709894,-91.56704
2020-08-27T08:32:20.812925338,28.693966,-91.57815
2020-08-27T08:32:20.819028854,28.693956,-91.57816
2020-08-27T08:32:20.820936203,28.69396,-91.578156
2020-08-27T08:32:20.820936203,28.731897,-91.54061
2020-08-27T08:32:20.824750900,28.69397,-91.57815
2020-08-27T08:32:20.830854415,28.693966,-91.57813
2020-08-27T08:32:20.846876621,28.69394,-91.57808
2020-08-27T08:32:20.852598667,28.69393,-91.57812
2020-08-27T08:32:20.860609531,28.6939,-91.57811
2020-08-27T08:32:20.868620872,28.694004,-91.57813
2020-08-27T08:32:20.988022804,28.712767,-91.6202
2020-08-27T08:32:21.031510829,28.822147,-91.66691
2020-08-27T08:32:21.033418178,28.789959,-91.64251
2020-08-27T08:32:21.035706996,28.80892,-91.65043
2020-08-27T08:32:21.037614345,28.91441,-91.59539
2020-08-27T08:32:21.039521694,28.903322,-91.57111
2020-08-27T08:32:21.041429042,28.906343,-91.56842
2020-08-27T08:32:21.043336391,28.908354,-91.5568
2020-08-27T08:32:21.045625209,28.928478,-91.57186
2020-08-27T08:32:21.057451248,28.717106,-91.62834
2020-08-27T08:32:21.059358596,28.851236,-91.608765
2020-08-27T08:32:21.129168510,28.934269,-91.554245
2020-08-27T08:32:21.131075859,28.956968,-91.55377
2020-08-27T08:32:21.132983207,28.932316,-91.582924
2020-08-27T08:32:21.134890556,28.925903,-91.578476
2020-08-27T08:32:21.136797904,28.942398,-91.54232
2020-08-27T08:32:21.139086723,28.916395,-91.545235
2020-08-27T08:32:21.140994071,28.95927,-91.546394
2020-08-27T08:32:21.142901897,28.92744,-91.533905
2020-08-27T08:32:21.313802719,28.807693,-91.70851
2020-08-27T08:32:21.339743137,28.852858,-91.66371
2020-08-27T08:32:21.341650485,28.835257,-91.666794
2020-08-27T08:32:43.528650283,27.789888,-92.52918
2020-08-27T08:32:43.530557632,27.820503,-92.53735
2020-08-27T08:32:43.532846450,27.791016,-92.56669
2020-08-27T08:32:43.534753799,27.82449,-92.53342
2020-08-27T08:32:43.536661148,27.791065,-92.56667
2020-08-27T08:32:43.550775527,27.823002,-92.53487
2020-08-27T08:32:43.552682876,27.852428,-92.554985
2020-08-27T08:32:43.586253166,27.788406,-92.476585
2020-08-27T08:32:43.622111320,27.841898,-92.55724
2020-08-27T08:32:43.624018669,27.83969,-92.551926
2020-08-27T08:32:43.626307487,27.845621,-92.57656
2020-08-27T08:32:43.628214836,27.828993,-92.52638
2020-08-27T08:32:43.705655097,27.837584,-92.56246
2020-08-27T08:32:43.707562446,27.845098,-92.54412
2020-08-27T08:32:43.709469795,27.868027,-92.46639
2020-08-27T08:32:43.711758613,27.839796,-92.544945
2020-08-27T08:32:43.753338813,27.824398,-92.524345
2020-08-27T08:32:43.858626365,27.785788,-92.38669
2020-08-27T08:32:43.860915184,27.80942,-92.53684
2020-08-27T08:32:43.864729881,27.84372,-92.54577
2020-08-27T08:32:43.866637229,27.84306,-92.52281
2020-08-27T08:32:43.868544578,27.829716,-92.528534
2020-08-27T08:32:43.948273658,27.841738,-92.541176
2020-08-27T08:32:43.950181007,27.833258,-92.4844
2020-08-27T08:32:43.978028297,27.809288,-92.42509
2020-08-27T08:32:43.979935646,27.840456,-92.536705
2020-08-27T08:32:43.981842994,27.838873,-92.55196
2020-08-27T08:32:43.984131813,27.836502,-92.55842
2020-08-27T08:32:43.986039161,27.828705,-92.51791
2020-08-27T08:32:43.987946510,27.805082,-92.48831
2020-08-27T08:32:44.111163139,27.827131,-92.50298
2020-08-27T08:32:44.113070487,27.828655,-92.55327
2020-08-27T08:32:44.115359306,27.837332,-92.522964
2020-08-27T08:32:44.117266654,27.831522,-92.52461
2020-08-27T08:32:44.119174003,27.834454,-92.51345
2020-08-27T08:32:44.121081352,27.81839,-92.498116
2020-08-27T08:32:44.122988700,27.811848,-92.51997
2020-08-27T08:32:44.254217147,27.8202,-92.53426
2020-08-27T08:32:44.256505966,27.83251,-92.5505
2020-08-27T08:32:44.258413314,27.800941,-92.5101
2020-08-27T08:32:44.260320663,27.806929,-92.508896
2020-08-27T08:32:44.262228012,27.78955,-92.51415
2020-08-27T08:32:44.341956138,27.781658,-92.49637
2020-08-27T08:32:44.343863487,27.823038,-92.551186
2020-08-27T08:32:44.345770835,27.794544,-92.51341
2020-08-27T08:32:44.347678184,27.823969,-92.509285
2020-08-27T08:32:44.409477233,27.673445,-92.38481
2020-08-27T08:32:44.417488098,27.788218,-92.46961
2020-08-27T08:32:44.423210144,27.826744,-92.531364
2020-08-27T08:32:44.502939224,27.59008,-92.35232
2020-08-27T08:32:44.508661270,27.841454,-92.57364
2020-08-27T08:32:44.510950088,27.796852,-92.51219
2020-08-27T08:32:44.512857437,27.80471,-92.52924
2020-08-27T08:32:44.514764785,27.78134,-92.504814
2020-08-27T08:32:44.516672134,27.766415,-92.49376
2020-08-27T08:32:44.518960952,27.794165,-92.4947
2020-08-27T08:32:44.520868301,27.760979,-92.46935
2020-08-27T08:32:44.522775650,27.764904,-92.465195
2020-08-27T08:32:44.524682998,27.789724,-92.520454
2020-08-27T08:32:44.681850433,27.594582,-92.37723
2020-08-27T08:32:44.683757781,27.6926,-92.43526
2020-08-27T08:33:18.817047119,27.729445,-92.51711
2020-08-27T08:33:18.818954467,27.726871,-92.51814
2020-08-27T08:33:18.876558303,27.712217,-92.51282
2020-08-27T08:33:18.878847122,27.713285,-92.550446
2020-08-27T08:33:18.880754470,27.726738,-92.52326
2020-08-27T08:33:18.882661819,27.72696,-92.52286
2020-08-27T08:33:18.884569168,27.712381,-92.52036
2020-08-27T08:33:18.916612625,27.712101,-92.50931
2020-08-27T08:33:18.918519973,27.712236,-92.51388
2020-08-27T08:33:18.944459915,27.712486,-92.5227
2020-08-27T08:33:18.946367263,27.712324,-92.517914
2020-08-27T08:33:19.023807525,27.710676,-92.46058
2020-08-27T08:33:19.025714874,27.729721,-92.504875
2020-08-27T08:33:19.028003692,27.728716,-92.502686
2020-08-27T08:33:19.029911041,27.72525,-92.5088
2020-08-27T08:33:19.067676544,27.720388,-92.524284
2020-08-27T08:33:19.069583892,27.734097,-92.52176
2020-08-27T08:33:19.071491241,27.713238,-92.550545
2020-08-27T08:33:19.121084213,27.728996,-92.5142
2020-08-27T08:33:19.145116806,27.713177,-92.550476
2020-08-27T08:33:19.196617126,27.788195,-92.47595
2020-08-27T08:33:19.230567932,27.788292,-92.47598
2020-08-27T08:33:19.256507873,27.734333,-92.51921
2020-08-27T08:33:19.258415222,27.723957,-92.5137
2020-08-27T08:33:19.258415222,27.641018,-92.715065
2020-08-27T08:33:19.262229919,27.73022,-92.51055
2020-08-27T08:33:19.266426086,27.713314,-92.55047
2020-08-27T08:33:19.268333435,27.713541,-92.530975
2020-08-27T08:33:19.270240783,27.733498,-92.51989
2020-08-27T08:33:19.272529602,27.71256,-92.52406
2020-08-27T08:33:19.304191589,27.735102,-92.49301
2020-08-27T08:33:19.306098937,27.737772,-92.49934
2020-08-27T08:33:19.353784561,27.732101,-92.51649
2020-08-27T08:33:19.355691909,27.735031,-92.49565
2020-08-27T08:33:19.361795425,27.713243,-92.55052
2020-08-27T08:33:19.375909805,27.73465,-92.51397
2020-08-27T08:33:19.399560928,27.75704,-92.50171
2020-08-27T08:33:38.600370407,27.89544,-92.40838
2020-08-27T08:33:38.602277755,27.863367,-92.40201
2020-08-27T08:33:38.604566574,27.863365,-92.402016
2020-08-27T08:33:38.606473922,27.863363,-92.40202
2020-08-27T08:33:38.608381271,27.863363,-92.40203
2020-08-27T08:33:38.610288619,27.891579,-92.41689
2020-08-27T08:33:38.612195968,27.865467,-92.42534
2020-08-27T08:33:39.127184392,27.884624,-92.388985
2020-08-27T08:33:39.129091740,27.893147,-92.40802
2020-08-27T08:33:39.131381035,27.863426,-92.40211
2020-08-27T08:33:39.155032158,27.873457,-92.42141
2020-08-27T08:33:39.206912995,27.863317,-92.40207
2020-08-27T08:33:39.228657246,27.863323,-92.40215
2020-08-27T08:33:39.230564595,27.88402,-92.40847
2020-08-27T08:33:39.232471943,27.86169,-92.42008
2020-08-27T08:33:39.300374508,27.863338,-92.401985
2020-08-27T08:33:39.312200070,27.87755,-92.42008
2020-08-27T08:33:39.314107419,27.838696,-92.41329
2020-08-27T08:33:39.389639855,27.862,-92.385765
2020-08-27T08:33:39.391547204,27.84991,-92.395775
2020-08-27T08:33:39.441520691,27.86329,-92.402
2020-08-27T08:33:39.445335389,27.863298,-92.401985
2020-08-27T08:33:39.604410649,27.78563,-92.386604
2020-08-27T08:33:39.606317997,27.830751,-92.408394
2020-08-27T08:33:39.683757306,27.82825,-92.39505
2020-08-27T08:33:39.904632092,27.800644,-92.40609
2020-08-27T08:33:39.906539441,27.798088,-92.41111
2020-08-27T08:33:39.940490723,27.785627,-92.38671
2020-08-27T08:33:39.982071400,27.7709,-92.391655
2020-08-27T08:33:39.983978749,27.7897,-92.38963
2020-08-27T08:33:40.037766933,27.829767,-92.40026
2020-08-27T08:33:40.069429397,27.815899,-92.40137
2020-08-27T08:33:40.071718215,27.767479,-92.39394
2020-08-27T08:33:40.073625564,27.792671,-92.404884
2020-08-27T08:33:40.075532913,27.827724,-92.41697
2020-08-27T08:33:40.077440261,27.828854,-92.39526
2020-08-27T08:33:40.147250175,27.708035,-92.37139
2020-08-27T08:33:40.186923980,27.788073,-92.47677
2020-08-27T08:33:40.188831329,27.824865,-92.39898
2020-08-27T08:33:40.258641242,27.7855,-92.38677
2020-08-27T08:33:40.264363288,27.822418,-92.41048
2020-08-27T08:33:40.266270637,27.793625,-92.41456
2020-08-27T08:33:40.268559455,27.759745,-92.400055
2020-08-27T08:33:40.270466804,27.707184,-92.37752
2020-08-27T08:33:40.272374153,27.705559,-92.382195
2020-08-27T08:33:40.274281501,27.785587,-92.38679
2020-08-27T08:33:40.411612987,27.630608,-92.35632
2020-08-27T08:33:40.411612987,27.788063,-92.47676
2020-08-27T08:33:40.594339847,27.674334,-92.367455
2020-08-27T08:33:40.596247196,27.862955,-92.40217
2020-08-27T08:33:40.604258060,27.747627,-92.42433
2020-08-27T08:33:40.691997528,27.617262,-92.35858
2020-08-27T08:33:40.795377254,27.553156,-92.34121
2020-08-27T08:33:40.964371204,27.647594,-92.374176
2020-08-27T08:34:13.763641357,27.864294,-92.44096
2020-08-27T08:34:13.765548706,27.863165,-92.40182
2020-08-27T08:34:13.815139770,27.864426,-92.42913
2020-08-27T08:34:13.817047119,27.850122,-92.42737
2020-08-27T08:34:13.819335937,27.855057,-92.43015
2020-08-27T08:34:13.912416458,27.863241,-92.40192
2020-08-27T08:34:14.067676544,27.844234,-92.42135
2020-08-27T08:34:14.069583892,27.860777,-92.43302
2020-08-27T08:34:14.073780059,27.86376,-92.41947
2020-08-27T08:34:14.075687408,27.826124,-92.41673
2020-08-27T08:34:14.093616485,27.863947,-92.42592
2020-08-27T08:34:14.125280380,27.863918,-92.42638
2020-08-27T08:34:14.127187728,27.863245,-92.40194
2020-08-27T08:34:14.155035018,27.86388,-92.424614
2020-08-27T08:34:14.163045883,27.864294,-92.43899
2020-08-27T08:34:14.236669540,27.827404,-92.4375
2020-08-27T08:34:14.240484237,27.850624,-92.43801
2020-08-27T08:34:14.286262512,27.82467,-92.435974
2020-08-27T08:34:14.429315567,27.82787,-92.43708
2020-08-27T08:34:14.485010147,27.810379,-92.4282
2020-08-27T08:34:14.525066375,27.82942,-92.43544
2020-08-27T08:34:39.341573716,30.816515,-93.14812
2020-08-27T08:34:39.343481064,30.807707,-93.16667
2020-08-27T08:34:39.406805993,30.822803,-93.16232
2020-08-27T08:34:39.409094811,30.824215,-93.18016
2020-08-27T08:34:39.411002636,30.806456,-93.12538
2020-08-27T08:34:39.414817334,30.807669,-93.16224
2020-08-27T08:34:39.430839062,30.806446,-93.12533
2020-08-27T08:34:39.432746411,30.796503,-93.15652
2020-08-27T08:34:39.450675965,30.806433,-93.125336
2020-08-27T08:34:39.452583313,30.810307,-93.155556
2020-08-27T08:34:39.462501526,30.806473,-93.1254
2020-08-27T08:34:39.575799943,30.821993,-93.16344
2020-08-27T08:34:39.721905232,27.786161,-92.38668
2020-08-27T08:34:39.779507638,27.810167,-92.40643
2020-08-27T08:34:39.799344540,27.786135,-92.38669
2020-08-27T08:34:39.801251889,27.805523,-92.408
2020-08-27T08:34:39.803159237,27.803442,-92.41007
2020-08-27T08:34:39.805448056,27.786179,-92.386696
2020-08-27T08:34:39.942398072,27.798346,-92.412346
2020-08-27T08:34:39.944305420,27.808073,-92.40885
2020-08-27T08:34:39.946594239,27.816147,-92.39261
2020-08-27T08:34:40.027848243,27.786303,-92.38677
2020-08-27T08:34:40.040055751,27.81041,-92.4168
2020-08-27T08:34:40.041963100,27.806856,-92.411125
2020-08-27T08:34:40.043870449,27.786304,-92.386734
2020-08-27T08:34:40.061800003,27.787424,-92.42665
2020-08-27T08:34:40.063707351,27.805267,-92.42063
2020-08-27T08:34:40.065614700,27.803734,-92.42268
2020-08-27T08:34:40.067903518,27.786278,-92.38675
2020-08-27T08:34:40.087739944,27.792366,-92.43836
2020-08-27T08:34:40.089647293,27.802153,-92.43237
2020-08-27T08:34:40.091555118,27.804865,-92.41915
2020-08-27T08:34:40.093462467,27.788853,-92.47669
2020-08-27T08:34:40.095369815,27.787895,-92.44236
2020-08-27T08:34:40.097658634,27.793306,-92.439514
2020-08-27T08:34:40.099565982,27.787865,-92.44076
2020-08-27T08:34:40.101473331,27.792225,-92.43744
2020-08-27T08:34:40.103380680,27.789476,-92.43674
2020-08-27T08:34:40.105669498,27.787584,-92.43335
2020-08-27T08:34:40.155261516,27.7898,-92.436516
2020-08-27T08:34:40.157168865,27.801836,-92.43079
2020-08-27T08:34:40.167087078,27.78754,-92.432495
2020-08-27T08:34:40.168994426,27.787537,-92.43233
2020-08-27T08:34:40.171283245,27.787464,-92.429886
2020-08-27T08:34:40.173190593,27.787642,-92.43623
2020-08-27T08:34:40.175097942,27.773499,-92.43342
2020-08-27T08:34:40.177005290,27.789907,-92.42916
2020-08-27T08:34:40.178912639,27.787449,-92.42956
2020-08-27T08:34:40.181201457,27.711311,-92.4613
2020-08-27T08:34:40.183109283,27.756128,-92.43234
2020-08-27T08:34:40.185016632,27.791842,-92.4282
2020-08-27T08:34:40.294499874,27.78812,-92.453896
2020-08-27T08:34:40.300221920,27.78877,-92.476746
2020-08-27T08:34:40.302129268,27.778963,-92.435875
2020-08-27T08:34:40.310140609,27.77919,-92.44808
2020-08-27T08:34:40.322347640,27.787598,-92.437195
2020-08-27T08:34:40.324254989,27.787588,-92.43573
2020-08-27T08:34:40.345999240,27.7862,-92.38664
2020-08-27T08:34:40.357824802,27.786215,-92.38663
2020-08-27T08:34:40.415809154,27.788836,-92.47664
2020-08-27T08:34:40.417716503,27.787458,-92.42828
2020-08-27T08:34:40.439460754,27.788889,-92.476654
2020-08-27T08:34:40.481422901,27.800861,-92.42087
2020-08-27T08:34:40.534829616,27.774612,-92.44949
2020-08-27T08:34:40.556955337,27.787617,-92.436615
2020-08-27T08:34:40.614557743,27.78781,-92.44116
2020-08-27T08:34:40.690090179,27.788738,-92.47663
2020-08-27T08:34:42.701992511,28.790304,-91.59824
2020-08-27T08:34:42.703899860,28.792467,-91.598656
2020-08-27T08:34:42.705807209,28.773312,-91.594894
2020-08-27T08:34:42.707714557,28.792177,-91.59858
2020-08-27T08:34:42.709621906,28.773308,-91.59489
2020-08-27T08:34:42.713818073,28.773287,-91.59491
2020-08-27T08:34:42.715725421,28.786116,-91.59422
2020-08-27T08:34:42.717632770,28.773268,-91.594925
2020-08-27T08:34:42.719540119,28.784575,-91.58647
2020-08-27T08:34:42.721829414,28.773314,-91.594955
2020-08-27T08:34:42.723736763,28.785309,-91.58429
2020-08-27T08:34:42.725644111,28.78621,-91.587105
2020-08-27T08:34:42.727551460,28.773396,-91.59499
2020-08-27T08:34:42.729458808,28.78854,-91.59795
2020-08-27T08:34:42.731747627,28.77337,-91.59496
2020-08-27T08:34:42.733654975,28.773352,-91.59494
2020-08-27T08:34:42.735562324,28.773333,-91.59492
2020-08-27T08:34:42.737469673,28.759493,-91.5922
2020-08-27T08:34:42.739758491,28.773954,-91.584915
2020-08-27T08:34:42.741665840,28.806255,-91.57689
2020-08-27T08:34:42.743573188,28.799273,-91.60004
2020-08-27T08:34:42.745480537,28.808931,-91.5846
2020-08-27T08:34:42.747387886,28.773327,-91.595
2020-08-27T08:34:42.749676704,28.773325,-91.59499
2020-08-27T08:34:42.751584529,28.759241,-91.59223
2020-08-27T08:34:42.761502742,28.773314,-91.594925
2020-08-27T08:34:42.765317440,28.738092,-91.58808
2020-08-27T08:34:42.767606258,28.799452,-91.5583
2020-08-27T08:34:42.769513607,28.805984,-91.60181
2020-08-27T08:34:42.771420955,28.803791,-91.61921
2020-08-27T08:34:42.775235652,28.805182,-91.62718
2020-08-27T08:34:42.777524471,28.796179,-91.62159
2020-08-27T08:34:42.779431819,28.793669,-91.62253
2020-08-27T08:34:42.781339168,28.80734,-91.62901
2020-08-27T08:34:42.801176071,28.694635,-91.57961
2020-08-27T08:34:42.803083419,28.77323,-91.59495
2020-08-27T08:34:42.807279586,28.770725,-91.50472
2020-08-27T08:34:42.809186935,28.850471,-91.55803
2020-08-27T08:34:42.811094284,28.721369,-91.59305
2020-08-27T08:34:42.813002109,28.773281,-91.59493
2020-08-27T08:34:42.817198276,28.85056,-91.5596
2020-08-27T08:34:42.819105625,28.710243,-91.597206
2020-08-27T08:34:42.821012973,28.71952,-91.59427
2020-08-27T08:34:42.822920322,28.716183,-91.59377
2020-08-27T08:34:42.827116489,28.694742,-91.57964
2020-08-27T08:34:42.829023838,28.694746,-91.57965
2020-08-27T08:34:42.830931186,28.850748,-91.56522
2020-08-27T08:34:42.840849399,28.850485,-91.568565
2020-08-27T08:34:42.843138217,28.834925,-91.56593
2020-08-27T08:34:42.845046043,28.840052,-91.57049
2020-08-27T08:34:42.846953392,28.850891,-91.5696
2020-08-27T08:34:42.846953392,28.69477,-91.579605
2020-08-27T08:34:42.848860740,28.851093,-91.57658
2020-08-27T08:34:42.850768089,28.848766,-91.57254
2020-08-27T08:34:42.853056907,28.839056,-91.57721
2020-08-27T08:34:42.854964256,28.853823,-91.58184
2020-08-27T08:34:42.856871604,28.851088,-91.57607
2020-08-27T08:34:42.858778953,28.852049,-91.610214
2020-08-27T08:34:42.860686302,28.865055,-91.59049
2020-08-27T08:34:42.862975120,28.861078,-91.589195
2020-08-27T08:34:42.864882469,28.858091,-91.58668
2020-08-27T08:34:42.866789817,28.851185,-91.57886
2020-08-27T08:34:42.868697166,28.862324,-91.587494
2020-08-27T08:34:42.870604515,28.86871,-91.598816
2020-08-27T08:34:42.872893333,28.86396,-91.59106
2020-08-27T08:34:42.882812023,28.852081,-91.61028
2020-08-27T08:34:42.890822887,28.717152,-91.59367
2020-08-27T08:34:42.976273536,28.798964,-91.622086
2020-08-27T08:34:42.981995582,28.81743,-91.64319
2020-08-27T08:34:42.984284400,28.801733,-91.625946
2020-08-27T08:34:42.990006446,28.80338,-91.64016
2020-08-27T08:34:42.998017311,28.81555,-91.647156
2020-08-27T08:34:43.007935523,28.834377,-91.67862
2020-08-27T08:34:43.035783767,28.737734,-91.59794
2020-08-27T08:34:43.037691116,28.774305,-91.62723
2020-08-27T08:34:43.045701980,28.773453,-91.594986
2020-08-27T08:34:43.059816360,28.77342,-91.59487
2020-08-27T08:34:43.065538406,28.74522,-91.58938
2020-08-27T08:34:43.071641921,28.973757,-91.5594
2020-08-27T08:34:43.073549270,28.947733,-91.541534
2020-08-27T08:34:43.073549270,28.732927,-91.59455
2020-08-27T08:34:43.075456619,28.928303,-91.53533
2020-08-27T08:34:43.075456619,28.75351,-91.591
2020-08-27T08:34:43.077364921,28.928223,-91.53279
2020-08-27T08:34:43.077746391,28.737255,-91.597145
2020-08-27T08:34:43.079653739,28.947845,-91.54605
2020-08-27T08:34:43.079653739,28.74529,-91.58941
2020-08-27T08:34:43.081561088,28.903116,-91.60087
2020-08-27T08:34:43.083468437,28.802132,-91.65159
2020-08-27T08:34:43.085375785,28.76223,-91.63172
2020-08-27T08:34:43.089571952,28.738672,-91.61216
2020-08-27T08:34:43.091479301,28.753471,-91.59102
2020-08-27T08:34:43.093386650,28.754375,-91.60376
2020-08-27T08:34:43.095293998,28.742851,-91.611786
2020-08-27T08:34:43.097582817,28.756615,-91.606384
2020-08-27T08:34:43.099490165,28.774143,-91.6221
2020-08-27T08:34:43.103304862,28.774784,-91.64512
2020-08-27T08:34:43.113223075,28.775908,-91.68525
2020-08-27T08:34:43.113223075,28.962698,-91.52516
2020-08-27T08:34:43.113223075,28.773365,-91.594925
2020-08-27T08:34:43.121233940,28.775911,-91.68526
2020-08-27T08:34:43.123141288,28.774767,-91.64453
2020-08-27T08:34:43.123141288,28.929537,-91.57986
2020-08-27T08:34:43.125430107,28.756727,-91.63552
2020-08-27T08:34:43.127337455,28.77337,-91.59485
2020-08-27T08:34:43.133059501,28.775219,-91.661125
2020-08-27T08:34:43.141071319,28.775883,-91.685165
2020-08-27T08:34:43.142978668,28.767363,-91.67044
2020-08-27T08:34:43.145267486,28.755468,-91.63787
2020-08-27T08:34:43.149082183,28.759968,-91.6593
2020-08-27T08:34:43.150989532,28.75023,-91.629776
2020-08-27T08:34:43.153278350,28.758938,-91.61418
2020-08-27T08:34:43.159000396,28.775858,-91.68521
2020-08-27T08:34:43.170825958,28.775946,-91.685196
2020-08-27T08:34:43.270391464,28.774746,-91.64587
2020-08-27T08:34:43.272298812,28.774632,-91.64187
2020-08-27T08:34:43.445487976,28.770563,-91.612434
2020-08-27T08:34:43.447396278,28.78978,-91.64834
2020-08-27T08:34:43.449303627,28.834705,-91.60699
2020-08-27T08:34:43.451210975,28.948025,-91.53931
2020-08-27T08:34:43.457314491,28.946062,-91.54879
2020-08-27T08:34:58.934541702,27.86873,-92.397934
2020-08-27T08:34:58.954380035,27.864264,-92.40221
2020-08-27T08:34:59.071872711,27.834345,-92.430725
2020-08-27T08:34:59.103536605,27.865368,-92.44328
2020-08-27T08:34:59.270622253,27.78658,-92.38676
2020-08-27T08:35:04.099719047,27.650389,-92.538734
2020-08-27T08:35:04.101626396,27.654896,-92.53961
2020-08-27T08:35:04.157321929,27.635544,-92.535736
2020-08-27T08:35:04.167240142,27.635426,-92.535866
2020-08-27T08:35:04.169147491,27.635422,-92.53587
2020-08-27T08:35:04.172962188,27.635462,-92.53582
2020-08-27T08:35:04.175251007,27.635483,-92.53579
2020-08-27T08:35:04.195088386,27.63547,-92.53572
2020-08-27T08:35:04.196995735,27.635466,-92.535736
2020-08-27T08:35:04.198903083,27.635462,-92.53574
2020-08-27T08:35:04.200810432,27.635458,-92.53576
2020-08-27T08:35:04.221028327,27.635424,-92.53572
2020-08-27T08:35:04.222935676,27.635445,-92.53574
2020-08-27T08:35:04.224843025,27.635466,-92.535774
2020-08-27T08:35:04.349967002,27.635508,-92.53559
2020-08-27T08:35:04.399940490,27.655449,-92.53897
2020-08-27T08:35:04.401847839,27.655836,-92.55802
2020-08-27T08:35:04.403755187,27.657122,-92.54231
2020-08-27T08:35:04.409858703,27.65984,-92.540535
2020-08-27T08:35:04.413673400,27.635351,-92.53568
2020-08-27T08:35:04.487298011,27.635414,-92.535645
2020-08-27T08:35:04.489205360,27.673943,-92.55121
2020-08-27T08:35:04.495308876,27.635334,-92.53569
2020-08-27T08:35:04.497216224,27.63531,-92.535706
2020-08-27T08:35:04.499124526,27.635307,-92.53571
2020-08-27T08:35:04.533075332,27.666931,-92.55038
2020-08-27T08:35:04.534982681,27.65998,-92.54059
2020-08-27T08:35:04.538797378,27.63538,-92.535736
2020-08-27T08:35:04.586482048,27.635326,-92.535645
2020-08-27T08:35:04.588770866,27.661106,-92.54076
2020-08-27T08:35:04.620432853,27.654297,-92.53944
2020-08-27T08:35:08.183033943,27.884136,-92.39989
2020-08-27T08:35:08.228811264,27.898258,-92.40573
2020-08-27T08:35:08.230718612,27.940186,-92.41753
2020-08-27T08:35:08.270391464,27.86251,-92.40211
2020-08-27T08:35:08.298239707,27.883272,-92.415245
2020-08-27T08:35:12.834365844,30.624119,-92.96502
2020-08-27T08:35:12.836654663,30.61852,-92.95812
2020-08-27T08:35:12.838562011,30.617393,-92.954666
2020-08-27T08:35:12.840469360,30.612295,-92.95002
2020-08-27T08:35:12.842376708,30.615349,-92.955154
2020-08-27T08:35:12.844665527,30.610376,-92.949005
2020-08-27T08:35:12.846572875,30.599785,-92.93908
2020-08-27T08:35:12.848480224,30.600046,-92.94121
2020-08-27T08:35:12.850387573,30.601744,-92.93992
2020-08-27T08:35:12.852294921,30.601957,-92.942024
2020-08-27T08:35:12.854583740,30.610956,-92.949165
2020-08-27T08:35:12.856491088,30.598469,-92.93963
2020-08-27T08:35:12.858398437,30.605814,-92.93767
2020-08-27T08:35:12.860305786,30.600998,-92.94328
2020-08-27T08:35:12.862213134,30.598347,-92.94065
2020-08-27T08:35:12.864501953,30.594788,-92.938034
2020-08-27T08:35:12.866409301,30.605066,-92.94441
2020-08-27T08:35:12.868316650,30.60631,-92.93926
2020-08-27T08:35:12.870223999,30.625061,-92.951126
2020-08-27T08:35:12.872512817,30.61493,-92.94393
2020-08-27T08:35:12.874420166,30.610903,-92.94269
2020-08-27T08:35:12.876327514,30.606628,-92.9224
2020-08-27T08:35:12.961778640,30.553587,-92.94355
2020-08-27T08:35:12.963685989,30.556526,-92.88178
2020-08-27T08:35:12.991533279,30.478556,-92.95661
2020-08-27T08:35:12.997636795,30.640379,-92.98402
2020-08-27T08:35:12.999544143,30.52171,-92.92832
2020-08-27T08:35:13.001451492,30.556507,-92.88161
2020-08-27T08:35:13.003740310,30.478476,-92.9565
2020-08-27T08:35:13.005647659,30.521223,-92.92821
2020-08-27T08:35:13.009464263,30.517263,-92.92834
2020-08-27T08:35:13.011371612,30.55758,-92.928154
2020-08-27T08:35:13.013660430,30.520483,-92.92358
2020-08-27T08:35:13.015567779,30.615154,-92.93
2020-08-27T08:35:13.017475128,30.51434,-92.922195
2020-08-27T08:35:13.029300689,30.520308,-92.886635
2020-08-27T08:35:13.283744812,30.475492,-92.86342
2020-08-27T08:35:13.297859191,30.526297,-92.89846
2020-08-27T08:35:13.397043228,30.425957,-92.85232
2020-08-27T08:35:13.399332046,30.450302,-92.882195
2020-08-27T08:35:13.484781265,30.394474,-92.84524
2020-08-27T08:35:13.647672653,30.39432,-92.84513
2020-08-27T08:35:13.683530807,30.435547,-92.859726
2020-08-27T08:35:13.685438156,30.43493,-92.85434
2020-08-27T08:35:13.685438156,30.638857,-92.9487
2020-08-27T08:35:13.705274581,30.531569,-92.9032
2020-08-27T08:35:13.926149368,30.641172,-92.96582
2020-08-27T08:35:13.928056716,30.72144,-93.012184
2020-08-27T08:35:13.939882278,30.639036,-92.95405
2020-08-27T08:35:13.961626052,30.621231,-92.949524
2020-08-27T08:35:13.963914871,30.644909,-92.97124
2020-08-27T08:35:14.027240753,30.625412,-92.95553
2020-08-27T08:35:14.029529571,30.646488,-92.97124
2020-08-27T08:35:14.035251617,30.721394,-93.01218
2020-08-27T08:35:14.047077178,30.708948,-93.01012
2020-08-27T08:35:14.053180694,30.721489,-93.01212
2020-08-27T08:35:14.055088043,30.705292,-92.99508
2020-08-27T08:35:14.087131500,30.629768,-92.953995
2020-08-27T08:35:14.089038848,30.667683,-92.985016
2020-08-27T08:35:14.102771759,30.72145,-93.01213
2020-08-27T08:35:14.105060577,30.721443,-93.012115
2020-08-27T08:35:47.841232299,27.893381,-92.426414
2020-08-27T08:35:47.835127830,27.902441,-92.36607
2020-08-27T08:35:47.837035179,27.905663,-92.37034
2020-08-27T08:35:47.839323997,27.909784,-92.37576
2020-08-27T08:35:47.914856910,27.900263,-92.451454
2020-08-27T08:35:48.015947341,27.896229,-92.40426
2020-08-27T08:35:48.018236160,27.867651,-92.360344
2020-08-27T08:35:48.075839042,27.892824,-92.36972
2020-08-27T08:35:48.083849906,27.904863,-92.368935
2020-08-27T08:35:48.085757255,27.899792,-92.42426
2020-08-27T08:35:48.087664604,27.862404,-92.35907
2020-08-27T08:35:48.503091812,27.799126,-92.380974
2020-08-27T08:35:48.505380630,27.77638,-92.37517
2020-08-27T08:35:48.507287979,27.831583,-92.36631
2020-08-27T08:35:48.662167549,27.735449,-92.35913
2020-08-27T08:35:48.664074897,27.811708,-92.41734
2020-08-27T08:35:48.666363716,27.761286,-92.39843
2020-08-27T08:35:48.725873947,27.786303,-92.38568
2020-08-27T08:35:48.765546798,27.708818,-92.37037
2020-08-27T08:35:48.767454147,27.941559,-92.41643
2020-08-27T08:35:48.767454147,27.786306,-92.38562
2020-08-27T08:35:48.769743919,27.81422,-92.39816
2020-08-27T08:35:48.771651268,27.772919,-92.40578
2020-08-27T08:35:48.773558616,27.772928,-92.38769
2020-08-27T08:35:48.775465965,27.785288,-92.349365
2020-08-27T08:35:50.010302543,27.786592,-92.385544
2020-08-27T08:35:50.014117240,27.815222,-92.39589
2020-08-27T08:35:50.022128105,27.786572,-92.38558
2020-08-27T08:35:50.024035453,27.818377,-92.39188
2020-08-27T08:35:50.033953666,27.814388,-92.40847
2020-08-27T08:35:50.035861015,27.815546,-92.40977
2020-08-27T08:35:50.057986259,27.829174,-92.420456
2020-08-27T08:35:50.059893608,27.822596,-92.39263
2020-08-27T08:35:50.151448249,27.828402,-92.42522
2020-08-27T08:35:50.153355598,27.817825,-92.41689
2020-08-27T08:35:50.262839317,27.86269,-92.346146
2020-08-27T08:35:51.680021286,28.773342,-91.59447
2020-08-27T08:35:51.731901168,28.786446,-91.618835
2020-08-27T08:35:51.751737594,28.774534,-91.63562
2020-08-27T08:35:51.789505004,28.77445,-91.62997
2020-08-27T08:35:51.791412353,28.774502,-91.63221
2020-08-27T08:35:51.797515869,28.77341,-91.59459
2020-08-27T08:35:51.811248779,28.775911,-91.68485
2020-08-27T08:35:51.813156127,28.774612,-91.63818
2020-08-27T08:35:51.831085205,28.739603,-91.64636
2020-08-27T08:35:51.832992553,28.773396,-91.5946
2020-08-27T08:35:51.837188720,28.721733,-91.65886
2020-08-27T08:35:51.839096069,28.697327,-91.669426
2020-08-27T08:35:51.841003417,28.73007,-91.675835
2020-08-27T08:35:51.850921630,28.717102,-91.6733
2020-08-27T08:35:51.853210449,28.743658,-91.65434
2020-08-27T08:35:51.868850708,28.773218,-91.59449
2020-08-27T08:35:51.874954223,28.79901,-91.61879
2020-08-27T08:35:51.876861572,28.799555,-91.61849
2020-08-27T08:35:51.878768920,28.773235,-91.594444
2020-08-27T08:35:51.880676269,28.817755,-91.603165
2020-08-27T08:35:51.882965087,28.800858,-91.6212
2020-08-27T08:35:51.886779785,28.81083,-91.610275
2020-08-27T08:35:51.888687133,28.806578,-91.622154
2020-08-27T08:35:51.890594482,28.851885,-91.60987
2020-08-27T08:35:51.894792556,28.834892,-91.60655
2020-08-27T08:35:51.896699905,28.823027,-91.60423
2020-08-27T08:35:51.898607254,28.85194,-91.60989
2020-08-27T08:35:51.900896072,28.851933,-91.60988
2020-08-27T08:35:51.902803421,28.838953,-91.61254
2020-08-27T08:35:51.904710769,28.826416,-91.616905
2020-08-27T08:35:51.906618118,28.82732,-91.61454
2020-08-27T08:35:51.910814285,28.851929,-91.60983
2020-08-27T08:35:51.912721633,28.851946,-91.60985
2020-08-27T08:35:51.914628982,28.8437,-91.61325
2020-08-27T08:35:51.916536331,28.841408,-91.60781
2020-08-27T08:35:51.920732498,28.8622,-91.611885
2020-08-27T08:35:51.926454544,28.851948,-91.60984
2020-08-27T08:35:51.928361892,28.867386,-91.61287
2020-08-27T08:35:51.940568923,28.85194,-91.609924
2020-08-27T08:35:51.980241775,28.894089,-91.63164
2020-08-27T08:35:52.035938262,28.759968,-91.63428
2020-08-27T08:35:52.115283966,28.760674,-91.63332
2020-08-27T08:35:52.117572784,28.774115,-91.6257
2020-08-27T08:35:52.119480133,28.773252,-91.59457
2020-08-27T08:35:52.121387481,28.77411,-91.62455
2020-08-27T08:35:52.123294830,28.781311,-91.62264
2020-08-27T08:35:52.125202178,28.793865,-91.62583
2020-08-27T08:35:52.127490997,28.77746,-91.61275
2020-08-27T08:35:52.129398345,28.773611,-91.61634
2020-08-27T08:35:52.131305694,28.777435,-91.61713
2020-08-27T08:35:52.133213043,28.7803,-91.60757
2020-08-27T08:35:52.135501861,28.772463,-91.60285
2020-08-27T08:35:52.137409210,28.77853,-91.601006
2020-08-27T08:35:52.139316558,28.773722,-91.5967
2020-08-27T08:35:52.141223907,28.765717,-91.595024
2020-08-27T08:35:52.143133163,28.770275,-91.59115
2020-08-27T08:35:52.145421981,28.770828,-91.58912
2020-08-27T08:35:52.147329330,28.766327,-91.5887
2020-08-27T08:35:52.149236679,28.772676,-91.58201
2020-08-27T08:35:52.151144027,28.76767,-91.57232
2020-08-27T08:35:52.153051376,28.771894,-91.57117
2020-08-27T08:35:52.155340194,28.772697,-91.57481
2020-08-27T08:35:52.157247543,28.767075,-91.568565
2020-08-27T08:35:52.159154891,28.770857,-91.57924
2020-08-27T08:35:52.161062240,28.772745,-91.57712
2020-08-27T08:35:52.163351058,28.746994,-91.57786
2020-08-27T08:35:52.165258407,28.766975,-91.58274
2020-08-27T08:35:52.167165756,28.772911,-91.58244
2020-08-27T08:35:52.169073104,28.77234,-91.561775
2020-08-27T08:35:52.170980453,28.772526,-91.56793
2020-08-27T08:35:52.173269271,28.772556,-91.568596
2020-08-27T08:35:52.175176620,28.75816,-91.57826
2020-08-27T08:35:52.177083969,28.772778,-91.575645
2020-08-27T08:35:52.178991317,28.745928,-91.57089
2020-08-27T08:35:52.180898666,28.773304,-91.594765
2020-08-27T08:35:52.183187484,28.750595,-91.54984
2020-08-27T08:35:52.185094833,28.74507,-91.55801
2020-08-27T08:35:52.187002182,28.74575,-91.55887
2020-08-27T08:35:52.208745956,28.705887,-91.535385
2020-08-27T08:35:52.214849472,28.694687,-91.57933
2020-08-27T08:35:52.218664169,28.693693,-91.54231
2020-08-27T08:35:52.234685897,28.694616,-91.5793
2020-08-27T08:35:52.481119155,28.791698,-91.6183
2020-08-27T08:35:52.483407974,28.781357,-91.5947
2020-08-27T08:35:52.485315322,28.781937,-91.58526
2020-08-27T08:35:52.487222671,28.773155,-91.594635
2020-08-27T08:35:52.505151748,28.722265,-91.53076
2020-08-27T08:35:52.644392013,28.783804,-91.61185
2020-08-27T08:35:52.646299362,28.773264,-91.594734
2020-08-27T08:35:54.059665679,28.016115,-92.32264
2020-08-27T08:35:54.089801788,28.01666,-92.34304
2020-08-27T08:35:54.107730865,28.015484,-92.30357
2020-08-27T08:35:54.109638214,28.016619,-92.34299
2020-08-27T08:35:54.115360260,28.015282,-92.29346
2020-08-27T08:35:54.119556427,28.015276,-92.29216
2020-08-27T08:35:54.153127670,28.016659,-92.343056
2020-08-27T08:35:54.214925765,27.997927,-92.28611
2020-08-27T08:35:54.216833114,28.014023,-92.25297
2020-08-27T08:35:54.218740463,28.015467,-92.30387
2020-08-27T08:35:54.221029281,28.015966,-92.32158
2020-08-27T08:35:54.224843978,28.016565,-92.34298
2020-08-27T08:35:54.229040145,27.990187,-92.308334
2020-08-27T08:35:54.230947494,28.01669,-92.34678
2020-08-27T08:35:54.232854843,28.016596,-92.34297
2020-08-27T08:35:54.234762191,28.017601,-92.37732
2020-08-27T08:35:54.236669540,28.001543,-92.38442
2020-08-27T08:35:54.238958358,28.000134,-92.38496
2020-08-27T08:35:54.240865707,28.000675,-92.385345
2020-08-27T08:35:54.242773056,27.998327,-92.3767
2020-08-27T08:35:54.244680404,27.998693,-92.38682
2020-08-27T08:35:54.246589660,27.996176,-92.388596
2020-08-27T08:35:54.248878479,27.990559,-92.40075
2020-08-27T08:35:54.250785827,27.99434,-92.388626
2020-08-27T08:35:54.252693176,27.991333,-92.38836
2020-08-27T08:35:54.254600524,27.990288,-92.39058
2020-08-27T08:35:54.256507873,27.992758,-92.39002
2020-08-27T08:35:54.258796691,27.989326,-92.39519
2020-08-27T08:35:54.260704040,27.990627,-92.41664
2020-08-27T08:35:54.262611389,27.971828,-92.3595
2020-08-27T08:35:54.302284240,27.966238,-92.24346
2020-08-27T08:35:54.304573059,27.998247,-92.27563
2020-08-27T08:35:54.306480407,28.001844,-92.33102
2020-08-27T08:36:30.481424331,27.919151,-92.39333
2020-08-27T08:36:30.483331680,27.88426,-92.43224
2020-08-27T08:36:31.863128662,27.733517,-92.341675
2020-08-27T08:36:31.047916412,27.894417,-92.40585
2020-08-27T08:36:31.049823760,27.831903,-92.36632
2020-08-27T08:36:31.075763702,27.906546,-92.411865
2020-08-27T08:36:31.077671051,27.851368,-92.38793
2020-08-27T08:36:31.115436553,27.87855,-92.41011
2020-08-27T08:36:31.155492782,27.94153,-92.41821
2020-08-27T08:36:31.157400131,27.870518,-92.365005
2020-08-27T08:36:31.224920272,27.86903,-92.3925
2020-08-27T08:36:31.346229553,27.85599,-92.36622
2020-08-27T08:36:31.348136901,27.859894,-92.38449
2020-08-27T08:36:31.594570159,27.806976,-92.341896
2020-08-27T08:36:31.602581024,27.842989,-92.37063
2020-08-27T08:36:31.604869842,27.785025,-92.3473
2020-08-27T08:36:31.865036010,27.77391,-92.36448
2020-08-27T08:36:31.866943359,27.793673,-92.36588
2020-08-27T08:36:31.869232177,27.813787,-92.35979
2020-08-27T08:36:31.871139526,27.80059,-92.34849
2020-08-27T08:36:31.976427078,27.729069,-92.34306
2020-08-27T08:36:31.978334426,27.785952,-92.38735
2020-08-27T08:36:32.048145294,27.725828,-92.349106
2020-08-27T08:36:32.053867340,27.784855,-92.3445
2020-08-27T08:36:32.059970855,27.786222,-92.36987
2020-08-27T08:36:32.061878204,27.738543,-92.34744
2020-08-27T08:36:32.063785552,27.738619,-92.34639
2020-08-27T08:36:32.066074371,27.79112,-92.36537
2020-08-27T08:36:32.067981719,27.786028,-92.38731
2020-08-27T08:36:32.189291000,27.706062,-92.3501
2020-08-27T08:36:32.191198348,27.813742,-92.359726
2020-08-27T08:36:32.238882064,27.786028,-92.38736
2020-08-27T08:37:04.063859939,27.86204,-92.544945
2020-08-27T08:37:04.065768241,27.862999,-92.56217
2020-08-27T08:37:04.068057060,27.84758,-92.54618
2020-08-27T08:37:04.069964408,27.866993,-92.538445
2020-08-27T08:37:04.071871757,27.863554,-92.5829
2020-08-27T08:37:04.073779106,27.788055,-92.47627
2020-08-27T08:37:06.195164680,27.737686,-92.46666
2020-08-27T08:37:06.197072029,27.736149,-92.46634
2020-08-27T08:37:06.198979377,27.736635,-92.46643
2020-08-27T08:37:06.201268196,27.73605,-92.466324
2020-08-27T08:37:06.252767562,27.71075,-92.46136
2020-08-27T08:37:06.254674911,27.733479,-92.46586
2020-08-27T08:37:06.256963729,27.732725,-92.465706
2020-08-27T08:37:06.258871078,27.733124,-92.465775
2020-08-27T08:37:06.260778427,27.731352,-92.47518
2020-08-27T08:37:06.262685775,27.732288,-92.475525
2020-08-27T08:37:06.278707504,27.710825,-92.46132
2020-08-27T08:37:06.280614852,27.733932,-92.4659
2020-08-27T08:37:06.318381309,27.735466,-92.4663
2020-08-27T08:37:06.320288658,27.710833,-92.46139
2020-08-27T08:37:06.362251281,27.736216,-92.466324
2020-08-27T08:37:06.364158630,27.710823,-92.461296
2020-08-27T08:37:06.382087707,27.7301,-92.471596
2020-08-27T08:37:06.383995056,27.736744,-92.47146
2020-08-27T08:37:06.385902404,27.741043,-92.46738
2020-08-27T08:37:06.408027648,27.741962,-92.46754
2020-08-27T08:37:06.409934997,27.730274,-92.46536
2020-08-27T08:37:06.411842346,27.710758,-92.46135
2020-08-27T08:37:06.427865028,27.710781,-92.46135
2020-08-27T08:37:06.429772377,27.738409,-92.44912
2020-08-27T08:37:06.431679725,27.734215,-92.461136
2020-08-27T08:37:06.433587074,27.710789,-92.46132
2020-08-27T08:37:06.437783241,27.709604,-92.419464
2020-08-27T08:37:06.439690589,27.742533,-92.434135
2020-08-27T08:37:06.441597938,27.710814,-92.46131
2020-08-27T08:37:06.453804969,27.72708,-92.398224
2020-08-27T08:37:06.455712318,27.732939,-92.43864
2020-08-27T08:37:06.501489639,27.747293,-92.46866
2020-08-27T08:37:06.554896354,27.737465,-92.481995
2020-08-27T08:37:06.557185173,27.74412,-92.47396
2020-08-27T08:37:06.559092521,27.741278,-92.47624
2020-08-27T08:37:06.560999870,27.71087,-92.46134
2020-08-27T08:37:06.572825431,27.710796,-92.461334
2020-08-27T08:37:06.574732780,27.727505,-92.47005
2020-08-27T08:37:06.577021598,27.73587,-92.48887
2020-08-27T08:37:06.577021598,27.641068,-92.715836
2020-08-27T08:37:06.578928947,27.710745,-92.46134
2020-08-27T08:37:06.646450042,27.73023,-92.48807
2020-08-27T08:37:06.662471771,27.736868,-92.466545
2020-08-27T08:37:06.664379119,27.738907,-92.47118
2020-08-27T08:37:06.680401802,27.788235,-92.47681
2020-08-27T08:37:06.684216499,27.788263,-92.47678
2020-08-27T08:37:06.686123847,27.731956,-92.45838
2020-08-27T08:37:06.787595748,27.743134,-92.471375
2020-08-27T08:37:06.789504051,27.740189,-92.46882
2020-08-27T08:37:06.805525779,27.73417,-92.4702
2020-08-27T08:37:06.807433128,27.72717,-92.46763
2020-08-27T08:37:06.809340476,27.727945,-92.49029
2020-08-27T08:37:06.811629295,27.710785,-92.46151
2020-08-27T08:37:06.813536643,27.723251,-92.46399
2020-08-27T08:37:06.815443992,27.741066,-92.46752
2020-08-27T08:37:06.831465721,27.71075,-92.46148
2020-08-27T08:37:06.839476585,27.720009,-92.47002
2020-08-27T08:37:06.841383934,27.710814,-92.461494
2020-08-27T08:37:06.843291282,27.710815,-92.46152
2020-08-27T08:37:06.845198631,27.69836,-92.459076
2020-08-27T08:37:06.847105979,27.72999,-92.474464
2020-08-27T08:37:06.863128662,27.710802,-92.46159
2020-08-27T08:37:06.865036010,27.730719,-92.472275
2020-08-27T08:37:06.874954223,27.674994,-92.454506
2020-08-27T08:37:06.887161254,27.673944,-92.45428
2020-08-27T08:37:06.952775001,27.7323,-92.4771
2020-08-27T08:37:06.954682350,27.716671,-92.44376
2020-08-27T08:37:18.887239456,27.83109,-92.4111
2020-08-27T08:37:18.889146804,27.829435,-92.40965
2020-08-27T08:37:18.891054153,27.83326,-92.4029
2020-08-27T08:37:18.970401763,27.82794,-92.39583
2020-08-27T08:37:18.972690582,27.822187,-92.403946
2020-08-27T08:37:18.974597930,27.822851,-92.40019
2020-08-27T08:37:19.081792831,27.863855,-92.40295
2020-08-27T08:37:19.083700180,27.86387,-92.402954
2020-08-27T08:37:19.121847152,27.78627,-92.387596
2020-08-27T08:37:53.006410598,27.894348,-92.14708
2020-08-27T08:37:51.924928665,27.91608,-92.362404
2020-08-27T08:37:51.926836013,27.937765,-92.40045
2020-08-27T08:37:51.928743362,27.937954,-92.398605
2020-08-27T08:37:51.930650711,27.912342,-92.43452
2020-08-27T08:37:51.958498001,27.943918,-92.40683
2020-08-27T08:37:51.992448806,27.941307,-92.417816
2020-08-27T08:37:51.994356155,27.939676,-92.4364
2020-08-27T08:37:51.996263504,27.94614,-92.4172
2020-08-27T08:37:52.000459671,27.941324,-92.417816
2020-08-27T08:37:52.002367019,27.936232,-92.41235
2020-08-27T08:37:52.010377883,27.941294,-92.41793
2020-08-27T08:37:52.223241806,27.861023,-92.31246
2020-08-27T08:37:52.320518493,27.893124,-92.35475
2020-08-27T08:37:52.322425842,27.91774,-92.423676
2020-08-27T08:37:52.324333190,27.891272,-92.4456
2020-08-27T08:37:52.326622009,27.848246,-92.38692
2020-08-27T08:37:52.380027770,27.785816,-92.38707
2020-08-27T08:37:52.404062271,27.860888,-92.312416
2020-08-27T08:37:52.405969619,27.86088,-92.31245
2020-08-27T08:37:52.410165786,27.860868,-92.31248
2020-08-27T08:37:52.412073135,27.910343,-92.39411
2020-08-27T08:37:52.413980484,27.888416,-92.38054
2020-08-27T08:37:52.415887832,27.877375,-92.338165
2020-08-27T08:37:52.417795181,27.88492,-92.350334
2020-08-27T08:37:52.420083999,27.883207,-92.34287
2020-08-27T08:37:52.421991348,27.840698,-92.367805
2020-08-27T08:37:52.423898696,27.831282,-92.38926
2020-08-27T08:37:52.425806045,27.872349,-92.34982
2020-08-27T08:37:52.427713394,27.87905,-92.336174
2020-08-27T08:37:52.430002212,27.883408,-92.341934
2020-08-27T08:37:52.431909561,27.860878,-92.312355
2020-08-27T08:37:52.433816909,27.860874,-92.31237
2020-08-27T08:37:52.459756851,27.725815,-92.357315
2020-08-27T08:37:52.509347915,27.703308,-92.33696
2020-08-27T08:37:52.511255264,27.756723,-92.35656
2020-08-27T08:37:52.513545989,27.734219,-92.354965
2020-08-27T08:37:52.515453338,27.818085,-92.35489
2020-08-27T08:37:52.517360687,27.78576,-92.38702
2020-08-27T08:37:52.727933883,27.838816,-92.150734
2020-08-27T08:37:52.730222702,27.84321,-92.167274
2020-08-27T08:37:52.732130050,27.84027,-92.16788
2020-08-27T08:37:52.734037399,27.843119,-92.172615
2020-08-27T08:37:52.735944747,27.821629,-92.1963
2020-08-27T08:37:52.738233566,27.82903,-92.197624
2020-08-27T08:37:52.740140914,27.842789,-92.209785
2020-08-27T08:37:52.742048263,27.84654,-92.21876
2020-08-27T08:37:52.743955612,27.847343,-92.19308
2020-08-27T08:37:52.745862960,27.857779,-92.22755
2020-08-27T08:37:52.747770309,27.859772,-92.263954
2020-08-27T08:37:52.751966476,27.859837,-92.27817
2020-08-27T08:37:52.753873825,27.846619,-92.28297
2020-08-27T08:37:52.755781173,27.847973,-92.26264
2020-08-27T08:37:52.759977340,27.845419,-92.28252
2020-08-27T08:37:52.761886596,27.842016,-92.29235
2020-08-27T08:37:52.763793945,27.842638,-92.275375
2020-08-27T08:37:52.765701293,27.85064,-92.26541
2020-08-27T08:37:52.767990112,27.829212,-92.30627
2020-08-27T08:37:52.769897460,27.835737,-92.30755
2020-08-27T08:37:52.771804809,27.859219,-92.25835
2020-08-27T08:37:52.773712158,27.839697,-92.28181
2020-08-27T08:37:52.775619506,27.837065,-92.291664
2020-08-27T08:37:52.789733886,27.836905,-92.265854
2020-08-27T08:37:52.895021438,27.90003,-92.14659
2020-08-27T08:37:52.958726882,27.898483,-92.175
2020-08-27T08:37:52.960634231,27.873589,-92.16107
2020-08-27T08:37:52.962541580,27.87281,-92.17877
2020-08-27T08:37:52.970552444,27.934761,-92.19738
2020-08-27T08:37:52.972459793,27.934616,-92.19179
2020-08-27T08:37:52.986574172,27.871313,-92.1718
2020-08-27T08:37:52.988481521,27.870394,-92.16585
2020-08-27T08:37:52.990388870,27.896502,-92.20178
2020-08-27T08:37:52.992296218,27.911339,-92.17102
2020-08-27T08:37:52.994585037,27.881119,-92.14374
2020-08-27T08:37:52.996492385,27.873684,-92.155136
2020-08-27T08:37:52.998399734,27.875208,-92.15176
2020-08-27T08:37:53.000307083,27.879107,-92.15238
2020-08-27T08:37:53.002595901,27.874226,-92.16303
2020-08-27T08:37:53.004503250,27.890383,-92.15755
2020-08-27T08:37:53.008319854,27.893656,-92.2215
2020-08-27T08:37:53.042270660,27.934576,-92.19427
2020-08-27T08:37:53.044178009,27.883781,-92.14935
2020-08-27T08:37:53.046085357,27.878147,-92.160194
2020-08-27T08:37:53.047992706,27.855595,-92.13269
2020-08-27T08:37:53.111698150,27.869999,-92.12898
2020-08-27T08:37:53.113605499,27.856443,-92.151215
2020-08-27T08:37:53.115894317,27.867779,-92.15614
2020-08-27T08:37:53.117801666,27.881649,-92.16835
2020-08-27T08:37:53.119709014,27.88603,-92.16235
2020-08-27T08:37:53.121616363,27.855604,-92.13273
2020-08-27T08:37:53.229192733,27.955414,-92.18971
2020-08-27T08:37:53.306632995,27.972075,-92.189766
2020-08-27T08:37:53.308540344,27.907051,-92.18681
2020-08-27T08:38:17.290763854,27.898277,-92.51872
2020-08-27T08:38:17.292671203,27.93209,-92.555405
2020-08-27T08:38:17.356378555,27.902367,-92.52264
2020-08-27T08:38:17.358285903,27.916687,-92.507545
2020-08-27T08:38:17.360193252,27.908571,-92.54032
2020-08-27T08:38:17.362100601,27.906805,-92.540825
2020-08-27T08:38:17.364389419,27.910002,-92.52422
2020-08-27T08:38:17.415887832,27.919569,-92.497284
2020-08-27T08:38:17.463573455,27.918781,-92.565414
2020-08-27T08:38:17.465480804,27.911827,-92.50895
2020-08-27T08:38:17.521175384,27.91189,-92.51103
2020-08-27T08:38:17.523464202,27.906174,-92.55234
2020-08-27T08:38:17.525371551,27.90796,-92.53239
2020-08-27T08:38:17.527278900,27.937246,-92.50703
2020-08-27T08:38:17.624555587,27.897888,-92.36205
2020-08-27T08:38:17.654691696,27.917406,-92.55508
2020-08-27T08:38:17.656599044,27.903582,-92.49812
2020-08-27T08:38:17.730224609,27.891064,-92.50399
2020-08-27T08:38:17.732131958,27.903938,-92.55184
2020-08-27T08:38:17.734039306,27.90227,-92.50829
2020-08-27T08:38:17.735946655,27.906286,-92.49664
2020-08-27T08:38:17.819488525,27.78504,-92.38711
2020-08-27T08:38:46.121921539,27.94126,-92.41871
2020-08-27T08:38:46.123828887,27.927797,-92.40613
2020-08-27T08:38:46.141757965,27.938614,-92.39023
2020-08-27T08:38:46.497674942,27.860962,-92.31322
2020-08-27T08:38:46.553370475,27.78593,-92.387886
2020-08-27T08:38:46.734189987,27.78598,-92.38791
2020-08-27T08:38:46.799803733,27.838478,-92.44919
2020-08-27T08:38:46.801711082,27.81851,-92.44153
2020-08-27T08:38:46.803618431,27.848772,-92.45402
2020-08-27T08:38:46.807814598,27.78712,-92.42845
2020-08-27T08:38:47.034410476,27.868122,-92.50936
2020-08-27T08:38:47.036318778,27.802187,-92.47538
2020-08-27T08:38:47.038226127,27.749214,-92.40157
2020-08-27T08:38:47.040133476,27.8162,-92.44735
2020-08-27T08:38:47.139698028,27.74938,-92.42413
2020-08-27T08:38:47.624935150,27.694578,-92.41453
2020-08-27T08:38:47.626842498,27.644838,-92.430305
2020-08-27T08:38:47.628749847,27.6846,-92.41163
2020-08-27T08:38:47.630657196,27.709776,-92.416954
2020-08-27T08:38:47.634853363,27.634968,-92.43027
2020-08-27T08:38:47.636760711,27.651394,-92.453804
2020-08-27T08:38:47.700467109,27.690426,-92.46464
2020-08-27T08:38:54.620817184,28.014727,-92.31148
2020-08-27T08:38:54.644468307,28.013065,-92.25329
2020-08-27T08:38:54.710081100,28.013,-92.25317
2020-08-27T08:38:54.712369918,28.013992,-92.28738
2020-08-27T08:38:54.714277267,28.013033,-92.253204
2020-08-27T08:38:54.736021041,28.01306,-92.25323
2020-08-27T08:38:54.771881103,28.013708,-92.27722
2020-08-27T08:38:54.773788452,28.005795,-92.27518
2020-08-27T08:38:54.775695800,28.013851,-92.2819
2020-08-27T08:38:57.194631576,30.557064,-92.91507
2020-08-27T08:38:57.196920394,30.557043,-92.91459
2020-08-27T08:38:57.198827743,30.557034,-92.914604
2020-08-27T08:38:57.200735092,30.551163,-92.91401
2020-08-27T08:38:57.202642440,30.551466,-92.91293
2020-08-27T08:38:57.204549789,30.548292,-92.92017
2020-08-27T08:38:57.206838607,30.540293,-92.92177
2020-08-27T08:38:57.208745956,30.552656,-92.918495
2020-08-27T08:38:57.210653305,30.555351,-92.91826
2020-08-27T08:38:57.212560653,30.562813,-92.91567
2020-08-27T08:38:57.214468002,30.564816,-92.91349
2020-08-27T08:38:57.216758728,30.570936,-92.9104
2020-08-27T08:38:57.218666076,30.567429,-92.90513
2020-08-27T08:38:57.220573425,30.572235,-92.90668
2020-08-27T08:38:57.222480773,30.580084,-92.909164
2020-08-27T08:38:57.224769592,30.580967,-92.90985
2020-08-27T08:38:57.226676940,30.580273,-92.91083
2020-08-27T08:38:57.228584289,30.582499,-92.916145
2020-08-27T08:38:57.230491638,30.58261,-92.91023
2020-08-27T08:38:57.232398986,30.588179,-92.90851
2020-08-27T08:38:57.234687805,30.589872,-92.890274
2020-08-27T08:38:57.236595153,30.58447,-92.90709
2020-08-27T08:38:57.238502502,30.590723,-92.908226
2020-08-27T08:38:57.240409851,30.598331,-92.91594
2020-08-27T08:38:57.242317199,30.591782,-92.90543
2020-08-27T08:38:57.244606018,30.61201,-92.91641
2020-08-27T08:38:57.246513366,30.593193,-92.90562
2020-08-27T08:38:57.248420715,30.59638,-92.908226
2020-08-27T08:38:57.250328063,30.602953,-92.893234
2020-08-27T08:38:57.252235412,30.637074,-92.900986
2020-08-27T08:38:57.650114059,30.653395,-92.97694
2020-08-27T08:38:57.652021408,30.557142,-92.919685
2020-08-27T08:38:57.683683395,30.721434,-93.01305
2020-08-27T08:39:06.127643585,27.863478,-92.402855
2020-08-27T08:39:06.129932403,27.863478,-92.40287
2020-08-27T08:39:06.163501739,27.863497,-92.40294
2020-08-27T08:39:06.165409088,27.863512,-92.40293
2020-08-27T08:39:06.177617073,27.829592,-92.396164
2020-08-27T08:39:06.179524421,27.828062,-92.39585
2020-08-27T08:39:06.181431770,27.827698,-92.39576
2020-08-27T08:39:06.219197273,27.825897,-92.39552
2020-08-27T08:39:06.255056381,27.818243,-92.386986
2020-08-27T08:39:06.256963729,27.82787,-92.3958
2020-08-27T08:39:06.330588340,27.823961,-92.39499
2020-08-27T08:39:06.350424766,27.803396,-92.39088
2020-08-27T08:39:06.352332115,27.81474,-92.39315
2020-08-27T08:39:06.354239463,27.814545,-92.393135
2020-08-27T08:39:06.356529235,27.785967,-92.3875
2020-08-27T08:39:06.376365661,27.785854,-92.3875
2020-08-27T08:39:06.378273010,27.820953,-92.38358
2020-08-27T08:39:06.380180358,27.818933,-92.38064
2020-08-27T08:39:06.382087707,27.821957,-92.38462
2020-08-27T08:39:06.384376525,27.82999,-92.39624
2020-08-27T08:39:34.608989715,27.862951,-92.40282
2020-08-27T08:39:34.799728393,27.86304,-92.4028
2020-08-27T08:39:34.801635742,27.863605,-92.42288
2020-08-27T08:39:34.803924560,27.86302,-92.40284
2020-08-27T08:39:34.805831909,27.863008,-92.402855
2020-08-27T08:39:34.922945022,27.862871,-92.40272
2020-08-27T08:39:34.924852371,27.862886,-92.4027
2020-08-27T08:39:34.927141189,27.8629,-92.40269
2020-08-27T08:39:34.929048538,27.862913,-92.40268
2020-08-27T08:39:34.932863235,27.863188,-92.41156
2020-08-27T08:39:34.935152053,27.862946,-92.40274
2020-08-27T08:39:34.937059402,27.862957,-92.402756
2020-08-27T08:39:34.938966751,27.862957,-92.40276
2020-08-27T08:39:34.940874099,27.865322,-92.40597
2020-08-27T08:39:34.942781448,27.862907,-92.40272
2020-08-27T08:39:34.980546951,27.86288,-92.40266
2020-08-27T08:39:34.982835769,27.862875,-92.402664
2020-08-27T08:39:34.984743118,27.86287,-92.402664
2020-08-27T08:39:35.119787216,27.847317,-92.40232
2020-08-27T08:39:35.121694564,27.862827,-92.396286
2020-08-27T08:39:35.123983383,27.863018,-92.40278
2020-08-27T08:39:35.197607040,27.8197,-92.41182
2020-08-27T08:39:35.233083724,27.86304,-92.40278
2020-08-27T08:39:35.314720153,27.838266,-92.412346
2020-08-27T08:39:51.626995086,27.921099,-92.37943
2020-08-27T08:39:51.658658981,27.861214,-92.313416
2020-08-27T08:39:51.672391891,27.931458,-92.398766
2020-08-27T08:39:51.744108200,27.931263,-92.396454
2020-08-27T08:39:51.746015548,27.927174,-92.35602
2020-08-27T08:39:51.795989990,27.918793,-92.396965
2020-08-27T08:39:51.829559326,27.942421,-92.39286
2020-08-27T08:39:51.833755493,27.922464,-92.39101
2020-08-27T08:39:52.187383651,27.880924,-92.31719
2020-08-27T08:39:52.191579818,27.861095,-92.31328
2020-08-27T08:39:52.193487167,27.89275,-92.319534
2020-08-27T08:39:52.195394515,27.858162,-92.35443
2020-08-27T08:39:52.197301864,27.893824,-92.31975
2020-08-27T08:39:52.199590682,27.86116,-92.31329
2020-08-27T08:39:52.203405380,27.82606,-92.3482
2020-08-27T08:39:52.290763854,27.910957,-92.34066
2020-08-27T08:39:52.293052673,27.879118,-92.35291
2020-08-27T08:39:52.294960021,27.885447,-92.33284
2020-08-27T08:39:52.296867370,27.8874,-92.34593
2020-08-27T08:39:52.298774719,27.895336,-92.31992
2020-08-27T08:39:52.300682067,27.861132,-92.31316
2020-08-27T08:39:52.302970886,27.89227,-92.31932
2020-08-27T08:40:00.376517295,27.478956,-92.369125
2020-08-27T08:40:00.378424644,27.581068,-92.41923
2020-08-27T08:40:13.770126342,28.014984,-92.31007
2020-08-27T08:40:13.785766601,28.016027,-92.34318
2020-08-27T08:40:13.788055419,28.015156,-92.31145
2020-08-27T08:40:13.789962768,28.021997,-92.315636
2020-08-27T08:40:13.791870117,28.015146,-92.31236
2020-08-27T08:40:13.867401123,28.014751,-92.30443
2020-08-27T08:40:13.869308471,28.0148,-92.30603
2020-08-27T08:40:13.871597290,28.014732,-92.30364
2020-08-27T08:40:13.919282913,28.014843,-92.30521
2020-08-27T08:40:13.980699539,28.015047,-92.315636
2020-08-27T08:40:13.982606887,28.015827,-92.34324
2020-08-27T08:40:14.090183258,28.01177,-92.27041
2020-08-27T08:40:16.217290878,27.862803,-92.403145
2020-08-27T08:40:16.219198226,27.862799,-92.40315
2020-08-27T08:40:16.290916442,27.862726,-92.403076
2020-08-27T08:40:16.292823791,27.862722,-92.40308
2020-08-27T08:40:16.338600158,27.862751,-92.40308
2020-08-27T08:40:16.340507507,27.837868,-92.39816
2020-08-27T08:40:16.362634658,27.83215,-92.39708
2020-08-27T08:40:16.364542007,27.785292,-92.387794
2020-08-27T08:40:16.366449356,27.81831,-92.39432
2020-08-27T08:40:16.428247451,27.785252,-92.387825
2020-08-27T08:40:16.430154800,27.807547,-92.38343
2020-08-27T08:40:16.432062149,27.816277,-92.38548
2020-08-27T08:40:16.433969497,27.817348,-92.386314
2020-08-27T08:40:16.435876846,27.785213,-92.38774
2020-08-27T08:40:16.448083877,27.823421,-92.371155
2020-08-27T08:40:16.449991226,27.817501,-92.374466
2020-08-27T08:40:16.511791229,27.818321,-92.39431
2020-08-27T08:40:16.513698577,27.785265,-92.38777
2020-08-27T08:40:16.630811691,27.884846,-92.34647
2020-08-27T08:40:16.635007858,27.832705,-92.39733
2020-08-27T08:40:16.644926071,27.86285,-92.40319
2020-08-27T08:40:16.664762496,27.841215,-92.422005
2020-08-27T08:40:16.666669845,27.842815,-92.40268
2020-08-27T08:40:16.668577194,27.845175,-92.3973
2020-08-27T08:40:16.690702438,27.862732,-92.4033
2020-08-27T08:40:20.781262874,30.413645,-93.00796
2020-08-27T08:40:20.783551692,30.411732,-93.005936
2020-08-27T08:40:20.785459041,30.399654,-93.03283
2020-08-27T08:40:20.787366390,30.420424,-93.0015
2020-08-27T08:40:20.789273738,30.39861,-92.99947
2020-08-27T08:40:20.795377254,30.39832,-92.98961
2020-08-27T08:40:20.799191951,30.398638,-92.99935
2020-08-27T08:40:20.801099300,30.424128,-92.99487
2020-08-27T08:40:20.803388595,30.39842,-92.99309
2020-08-27T08:40:20.805295944,30.421942,-92.999054
2020-08-27T08:40:20.807203292,30.409504,-92.99504
2020-08-27T08:40:20.811399459,30.398659,-93.001595
2020-08-27T08:40:20.815214157,30.39814,-92.98612
2020-08-27T08:40:20.817121505,30.420935,-92.98288
2020-08-27T08:40:20.819028854,30.39665,-92.9397
2020-08-27T08:40:20.823225021,30.398775,-93.00466
2020-08-27T08:40:20.825132369,30.3997,-93.03282
2020-08-27T08:40:20.831235885,30.396732,-92.93958
2020-08-27T08:40:20.839247226,30.434278,-92.96859
2020-08-27T08:40:20.843061923,30.416046,-92.993515
2020-08-27T08:40:20.849165439,30.39902,-93.01122
2020-08-27T08:40:20.851072788,30.399706,-93.03278
2020-08-27T08:40:20.860991001,30.45192,-92.982605
2020-08-27T08:40:20.866713523,30.477654,-92.95794
2020-08-27T08:40:20.886931419,30.435986,-92.99814
2020-08-27T08:40:20.908675670,30.477581,-92.957954
2020-08-27T08:40:20.918593883,30.513868,-92.966255
2020-08-27T08:40:20.922408580,30.50601,-92.99203
2020-08-27T08:40:20.928512573,30.502481,-92.99072
2020-08-27T08:40:20.930419921,30.47761,-92.95787
2020-08-27T08:40:21.020066738,30.321962,-93.107605
2020-08-27T08:40:21.025788784,30.321957,-93.10759
2020-08-27T08:40:21.189060211,30.432636,-92.980095
2020-08-27T08:40:21.190967559,30.434858,-92.9775
2020-08-27T08:40:21.224918842,30.35312,-93.071815
2020-08-27T08:40:21.226826190,30.353844,-93.07674
2020-08-27T08:40:21.262684822,30.437077,-92.98377
2020-08-27T08:40:21.264592170,30.398409,-92.98591
2020-08-27T08:40:21.314184188,30.449827,-92.971306
2020-08-27T08:40:21.361868858,30.45261,-92.94932
2020-08-27T08:40:21.409553050,30.503387,-92.90488
2020-08-27T08:40:21.413749217,30.395922,-93.01797
2020-08-27T08:40:21.415656566,30.387753,-93.00004
2020-08-27T08:40:21.417563915,30.425125,-92.98677
2020-08-27T08:40:21.419471263,30.433,-92.99874
2020-08-27T08:40:21.421760559,30.382404,-93.00879
2020-08-27T08:40:21.423667907,30.371347,-93.06017
2020-08-27T08:40:21.514840602,30.463223,-92.954315
2020-08-27T08:40:21.517129421,30.39994,-93.03271
2020-08-27T08:40:21.522851467,30.399925,-93.032684
2020-08-27T08:40:21.540780544,30.414284,-92.99834
2020-08-27T08:40:21.542687892,30.475357,-92.93059
2020-08-27T08:40:21.616312980,30.51421,-92.87333
2020-08-27T08:40:45.374610900,27.984615,-92.40096
2020-08-27T08:40:45.376518249,27.962606,-92.41533
2020-08-27T08:40:45.378425598,27.94894,-92.44885
2020-08-27T08:40:45.432213783,27.953762,-92.40374
2020-08-27T08:40:45.509653091,27.965424,-92.3981
2020-08-27T08:40:45.511560440,27.938297,-92.40331
2020-08-27T08:40:45.513467788,27.959333,-92.393715
2020-08-27T08:40:45.571452140,27.860313,-92.31313
2020-08-27T08:40:45.587092399,27.936771,-92.42679
2020-08-27T08:40:45.634777069,27.958862,-92.390434
2020-08-27T08:40:45.637065887,27.922537,-92.41566
2020-08-27T08:40:45.688565254,27.931604,-92.444786
2020-08-27T08:40:45.690472602,27.939226,-92.36813
2020-08-27T08:40:45.740446090,27.95562,-92.38674
2020-08-27T08:40:45.742353439,27.94932,-92.38247
2020-08-27T08:40:45.744260787,27.860453,-92.31312
2020-08-27T08:40:45.746168136,27.939043,-92.448105
2020-08-27T08:40:46.078051567,27.88789,-92.37482
2020-08-27T08:40:46.080340385,27.881924,-92.50819
2020-08-27T08:40:46.082247734,27.860575,-92.3132
2020-08-27T08:40:46.082247734,27.7907,-92.567795
2020-08-27T08:40:46.084155082,27.868286,-92.58333
2020-08-27T08:40:46.129932403,27.86715,-92.543076
2020-08-27T08:40:46.231404304,27.864119,-92.549126
2020-08-27T08:40:46.233312606,27.868835,-92.52649
2020-08-27T08:40:46.289007186,27.831387,-92.57885
2020-08-27T08:40:46.396202087,27.82629,-92.52796
2020-08-27T08:41:01.958878040,28.030006,-92.198074
2020-08-27T08:41:01.960785388,28.028584,-92.18335
2020-08-27T08:41:01.963074207,27.99635,-92.19779
2020-08-27T08:41:02.012666225,27.981009,-92.18483
2020-08-27T08:41:02.070269107,28.0036,-92.16727
2020-08-27T08:41:02.072176456,27.99645,-92.18099
2020-08-27T08:41:02.100023746,27.99268,-92.163574
2020-08-27T08:41:02.102313041,27.98579,-92.20591
2020-08-27T08:41:02.175556182,28.0303,-92.2362
2020-08-27T08:41:02.193485260,27.995745,-92.18762
2020-08-27T08:41:02.195393085,27.982681,-92.19871
2020-08-27T08:41:02.597086906,28.057146,-92.1969
2020-08-27T08:41:02.598994255,28.031292,-92.18382
2020-08-27T08:41:02.601283073,28.055847,-92.194305
2020-08-27T08:41:02.603190422,28.034676,-92.193306
2020-08-27T08:41:02.605097770,28.010752,-92.16343
2020-08-27T08:41:02.607005119,28.010761,-92.16345
2020-08-27T08:41:02.636760234,27.963253,-92.13194
2020-08-27T08:41:02.639049053,27.9677,-92.177986
2020-08-27T08:41:02.640956401,28.010763,-92.16343
2020-08-27T08:41:09.946977615,27.863928,-92.40278
2020-08-27T08:41:09.948884963,27.863926,-92.40278
2020-08-27T08:41:09.966814041,27.863964,-92.40271
2020-08-27T08:41:09.969102859,27.864376,-92.41674
2020-08-27T08:41:09.971010208,27.863976,-92.40272
2020-08-27T08:41:10.044634819,27.863907,-92.402756
2020-08-27T08:41:10.046542167,27.863905,-92.40277
2020-08-27T08:41:10.048449516,27.8486,-92.395836
2020-08-27T08:41:10.050356864,27.84986,-92.39648
2020-08-27T08:41:10.052264213,27.843575,-92.39873
2020-08-27T08:41:10.054553031,27.840261,-92.39806
2020-08-27T08:41:10.068285942,27.841797,-92.3982
2020-08-27T08:41:10.070194244,27.833189,-92.38829
2020-08-27T08:41:10.072483062,27.863941,-92.40268
2020-08-27T08:41:10.092319488,27.851751,-92.39142
2020-08-27T08:41:10.094226837,27.85105,-92.3879
2020-08-27T08:41:10.096134185,27.863976,-92.40263
2020-08-27T08:41:10.243383407,27.86401,-92.40272
2020-08-27T08:41:10.245290756,27.86601,-92.4063
2020-08-27T08:41:10.283057212,27.863386,-92.38322
2020-08-27T08:41:32.008852005,27.962748,-92.423355
2020-08-27T08:41:32.006563186,27.988428,-92.37052
2020-08-27T08:41:32.052341461,27.983093,-92.36467
2020-08-27T08:41:32.056537628,27.94952,-92.388
2020-08-27T08:41:32.143896102,27.938725,-92.36663
2020-08-27T08:41:32.145803451,27.929712,-92.41701
2020-08-27T08:41:32.237356185,27.938961,-92.370895
2020-08-27T08:41:32.239263534,27.926533,-92.43184
2020-08-27T08:41:32.241170883,27.821957,-92.35085
2020-08-27T08:41:32.294960021,27.908085,-92.37486
2020-08-27T08:41:32.296867370,27.960627,-92.405205
2020-08-27T08:41:32.438013076,27.894032,-92.44779
2020-08-27T08:41:32.440301895,27.835295,-92.37012
2020-08-27T08:41:32.483789443,27.860054,-92.312775
2020-08-27T08:41:32.485696792,27.893845,-92.376816
2020-08-27T08:41:32.487985610,27.861067,-92.36085
2020-08-27T08:41:32.585262298,27.891783,-92.37594
2020-08-27T08:41:32.587169647,27.844404,-92.372795
2020-08-27T08:41:32.589076995,27.884613,-92.35435
2020-08-27T08:41:32.728315353,27.852947,-92.42284
2020-08-27T08:41:32.730222702,27.854895,-92.36393
2020-08-27T08:41:32.891588211,27.937737,-92.32815
2020-08-27T08:41:32.893495559,27.834442,-92.42079
2020-08-27T08:41:32.895402908,27.817383,-92.35527
2020-08-27T08:41:33.020526885,27.746935,-92.42388
2020-08-27T08:41:33.630506515,30.600958,-92.895996
2020-08-27T08:41:33.632413864,30.602304,-92.898506
2020-08-27T08:41:33.634321212,30.607864,-92.90515
2020-08-27T08:41:33.636228561,30.611422,-92.90117
2020-08-27T08:41:33.638517379,30.617224,-92.9042
2020-08-27T08:41:33.640424728,30.619543,-92.90364
2020-08-27T08:41:33.642332077,30.631624,-92.907455
2020-08-27T08:41:33.644239425,30.633347,-92.907394
2020-08-27T08:41:33.646146774,30.6297,-92.91574
2020-08-27T08:41:33.648435592,30.636173,-92.91717
2020-08-27T08:41:33.650342941,30.633726,-92.91739
2020-08-27T08:41:33.652250289,30.655642,-92.92151
2020-08-27T08:41:33.654157638,30.63645,-92.91754
2020-08-27T08:41:33.656064987,30.656267,-92.92327
2020-08-27T08:41:33.658353805,30.64236,-92.91974
2020-08-27T08:41:33.660261154,30.636631,-92.90136
2020-08-27T08:41:33.662168502,30.647919,-92.917854
2020-08-27T08:41:33.666364669,30.654562,-92.92609
2020-08-27T08:41:33.668272018,30.658224,-92.90637
2020-08-27T08:41:33.670179367,30.659355,-92.92456
2020-08-27T08:41:33.672086715,30.66386,-92.92431
2020-08-27T08:41:33.673994064,30.681446,-92.92724
2020-08-27T08:41:33.676282882,30.636648,-92.901375
2020-08-27T08:41:33.678190231,30.681011,-92.92916
2020-08-27T08:41:33.680097579,30.636625,-92.90137
2020-08-27T08:41:33.682004928,30.636618,-92.90138
2020-08-27T08:41:33.683912277,30.669724,-92.908936
2020-08-27T08:41:33.852905273,30.636635,-92.90137
2020-08-27T08:41:33.970399856,30.536354,-92.85608
2020-08-27T08:41:33.972307205,30.573792,-92.88867
2020-08-27T08:41:34.016178131,30.636608,-92.901215
2020-08-27T08:41:34.018085479,30.55141,-92.86186
2020-08-27T08:41:34.019992828,30.555525,-92.88285
2020-08-27T08:41:34.031818389,30.636663,-92.90142
2020-08-27T08:41:34.075687408,30.730724,-93.00207
2020-08-27T08:41:34.077594757,30.708614,-92.97971
2020-08-27T08:41:34.079502105,30.678392,-92.9682
2020-08-27T08:41:34.081790924,30.680418,-92.95691
2020-08-27T08:41:34.083698272,30.674232,-92.95569
2020-08-27T08:41:34.085605621,30.67328,-92.952156
2020-08-27T08:41:34.087512969,30.659605,-92.95386
2020-08-27T08:41:34.089801788,30.65862,-92.954384
2020-08-27T08:41:34.091709136,30.676346,-92.95694
2020-08-27T08:41:34.093616485,30.677078,-92.95726
2020-08-27T08:41:34.095523834,30.67827,-92.95802
2020-08-27T08:41:34.097431182,30.673035,-92.95551
2020-08-27T08:41:34.099720001,30.638117,-92.94398
2020-08-27T08:41:34.101627349,30.637884,-92.93739
2020-08-27T08:41:34.103534698,30.636702,-92.90137
2020-08-27T08:41:34.141302108,30.554707,-92.86737
2020-08-27T08:41:34.143209457,30.60858,-92.918465
2020-08-27T08:41:34.145498275,30.63668,-92.901405
2020-08-27T08:41:34.151220321,30.55553,-92.88299
2020-08-27T08:41:34.155416488,30.580956,-92.86246
2020-08-27T08:41:34.157323837,30.600504,-92.89317
2020-08-27T08:41:34.280540466,30.523422,-92.83687
2020-08-27T08:41:34.282447814,30.637966,-92.94158
2020-08-27T08:41:34.300376892,30.508886,-92.831535
2020-08-27T08:41:34.302284240,30.659445,-92.96746
2020-08-27T08:41:34.336235046,30.638369,-92.95282
2020-08-27T08:41:48.577479362,27.91148,-92.43521
2020-08-27T08:41:48.579386711,27.903711,-92.41085
2020-08-27T08:41:48.625164031,27.863667,-92.40289
2020-08-27T08:41:48.849853515,27.896656,-92.40951
2020-08-27T08:41:48.851760864,27.898102,-92.428505
2020-08-27T08:41:48.853668212,27.902336,-92.43054
2020-08-27T08:41:48.855575561,27.902802,-92.42762
2020-08-27T08:41:48.857482910,27.922615,-92.41818
2020-08-27T08:41:48.981081008,27.902014,-92.43918
2020-08-27T08:41:48.982988357,27.889105,-92.422455
2020-08-27T08:41:48.984895706,27.863699,-92.40293
2020-08-27T08:41:49.086368560,27.902359,-92.415535
2020-08-27T08:41:49.088275909,27.86468,-92.4343
2020-08-27T08:41:49.096286773,27.88555,-92.43045
2020-08-27T08:41:49.119937896,27.905363,-92.40925
2020-08-27T08:41:49.122226715,27.889767,-92.4081
2020-08-27T08:41:49.275198936,27.893497,-92.40898
2020-08-27T08:41:56.529720306,28.831066,-91.61933
2020-08-27T08:41:56.531627655,28.809355,-91.61638
2020-08-27T08:41:56.533535003,28.808561,-91.616
2020-08-27T08:41:56.535442352,28.805841,-91.61235
2020-08-27T08:41:56.537349700,28.815104,-91.61379
2020-08-27T08:41:56.539638519,28.810013,-91.60313
2020-08-27T08:41:56.541545867,28.812883,-91.60369
2020-08-27T08:41:56.543453216,28.802052,-91.607216
2020-08-27T08:41:56.547267913,28.820484,-91.605194
2020-08-27T08:41:56.551464080,28.804184,-91.602
2020-08-27T08:41:56.553371429,28.811058,-91.60334
2020-08-27T08:41:56.555278778,28.809002,-91.60426
2020-08-27T08:41:56.557567596,28.773577,-91.59599
2020-08-27T08:41:56.559474945,28.798302,-91.60084
2020-08-27T08:41:56.565196990,28.796879,-91.59514
2020-08-27T08:41:56.567485809,28.810665,-91.59757
2020-08-27T08:41:56.571300506,28.813774,-91.59065
2020-08-27T08:41:56.573207855,28.827364,-91.59521
2020-08-27T08:41:56.575115203,28.813742,-91.582535
2020-08-27T08:41:56.577404022,28.852257,-91.6114
2020-08-27T08:41:56.579311370,28.816044,-91.57514
2020-08-27T08:41:56.581218719,28.852224,-91.6114
2020-08-27T08:41:56.585414886,28.825722,-91.571
2020-08-27T08:41:56.587322235,28.833496,-91.57795
2020-08-27T08:41:56.589229583,28.83543,-91.57775
2020-08-27T08:41:56.591136932,28.850275,-91.54413
2020-08-27T08:41:56.593044281,28.835405,-91.57604
2020-08-27T08:41:56.595333099,28.849655,-91.521
2020-08-27T08:41:56.597242355,28.84967,-91.52098
2020-08-27T08:41:56.599149703,28.836338,-91.55642
2020-08-27T08:41:56.601057052,28.851149,-91.57319
2020-08-27T08:41:56.602964401,28.842236,-91.55473
2020-08-27T08:41:56.605253219,28.808643,-91.56155
2020-08-27T08:41:56.607160568,28.837076,-91.554634
2020-08-27T08:41:56.609067916,28.850306,-91.5424
2020-08-27T08:41:56.610975265,28.840908,-91.55842
2020-08-27T08:41:56.612882614,28.849716,-91.52114
2020-08-27T08:41:56.615171432,28.83748,-91.530785
2020-08-27T08:41:56.617078781,28.850225,-91.538956
2020-08-27T08:41:56.620893478,28.830355,-91.54195
2020-08-27T08:41:56.625089645,28.841942,-91.50454
2020-08-27T08:41:56.626996994,28.833702,-91.53296
2020-08-27T08:41:56.628904342,28.837164,-91.53402
2020-08-27T08:41:56.630811691,28.834587,-91.55196
2020-08-27T08:41:56.633100509,28.833931,-91.53019
2020-08-27T08:41:56.635007858,28.840275,-91.532104
2020-08-27T08:41:56.636915206,28.8255,-91.55471
2020-08-27T08:41:56.638822555,28.83988,-91.54191
2020-08-27T08:41:56.640729904,28.835567,-91.54016
2020-08-27T08:41:56.643018722,28.834122,-91.540054
2020-08-27T08:41:56.644926071,28.835373,-91.526276
2020-08-27T08:41:56.646833419,28.848461,-91.53576
2020-08-27T08:41:56.648740768,28.83864,-91.52175
2020-08-27T08:41:56.650648117,28.83645,-91.52356
2020-08-27T08:41:56.652936935,28.849678,-91.52097
2020-08-27T08:41:56.662855148,28.849699,-91.520996
2020-08-27T08:41:56.664762496,28.85057,-91.55208
2020-08-27T08:41:56.666669845,28.849703,-91.52106
2020-08-27T08:41:56.684598922,28.890572,-91.51094
2020-08-27T08:41:56.686506271,28.864534,-91.507545
2020-08-27T08:41:56.692609786,28.873787,-91.5225
2020-08-27T08:41:56.694517135,28.90128,-91.508934
2020-08-27T08:41:56.696424484,28.855574,-91.52254
2020-08-27T08:41:56.700620651,28.886591,-91.51764
2020-08-27T08:41:56.702527999,28.875383,-91.52057
2020-08-27T08:41:56.704435348,28.892153,-91.52397
2020-08-27T08:41:56.706342697,28.885004,-91.5183
2020-08-27T08:41:56.708631515,28.86615,-91.53612
2020-08-27T08:41:56.710538864,28.904764,-91.53178
2020-08-27T08:41:56.712446212,28.886894,-91.52564
2020-08-27T08:41:56.714353561,28.867962,-91.538124
2020-08-27T08:41:56.716260910,28.861713,-91.544075
2020-08-27T08:41:56.718549728,28.863714,-91.545105
2020-08-27T08:41:56.720457077,28.864386,-91.54418
2020-08-27T08:41:56.722366333,28.85356,-91.54673
2020-08-27T08:41:56.724273681,28.857182,-91.54557
2020-08-27T08:41:56.726181030,28.894066,-91.52971
2020-08-27T08:41:56.728469848,28.89841,-91.517624
2020-08-27T08:41:56.730377197,28.89006,-91.53132
2020-08-27T08:41:56.732284545,28.899551,-91.530785
2020-08-27T08:41:56.734191894,28.928493,-91.536446
2020-08-27T08:41:56.736480712,28.917635,-91.53432
2020-08-27T08:41:56.738388061,28.928452,-91.53643
2020-08-27T08:41:56.740295410,28.919024,-91.53169
2020-08-27T08:41:56.742202758,28.928488,-91.536446
2020-08-27T08:41:56.744110107,28.941345,-91.515205
2020-08-27T08:41:56.746398925,28.918427,-91.53231
2020-08-27T08:41:56.748306274,28.916868,-91.53418
2020-08-27T08:41:56.750213623,28.92638,-91.53685
2020-08-27T08:41:56.752120971,28.933254,-91.51913
2020-08-27T08:41:56.754028320,28.880026,-91.58089
2020-08-27T08:41:56.756317138,28.943756,-91.53943
2020-08-27T08:41:56.758224487,28.928448,-91.53642
2020-08-27T08:41:56.762039184,28.928469,-91.53646
2020-08-27T08:41:56.763946533,28.946827,-91.54822
2020-08-27T08:41:56.766235351,28.928488,-91.5365
2020-08-27T08:41:56.768142700,28.946138,-91.54969
2020-08-27T08:41:56.779968261,28.96556,-91.55567
2020-08-27T08:41:56.809722900,28.962366,-91.54309
2020-08-27T08:41:56.812011718,28.88638,-91.57795
2020-08-27T08:41:56.813919067,28.97514,-91.56914
2020-08-27T08:41:56.819641113,28.927885,-91.51293
2020-08-27T08:41:56.825744628,28.793743,-91.59854
2020-08-27T08:41:56.831848144,28.807877,-91.49605
2020-08-27T08:41:56.833755493,28.74362,-91.50039
2020-08-27T08:41:56.923021316,28.926048,-91.44607
2020-08-27T08:41:56.932939529,28.799492,-91.60101
2020-08-27T08:41:56.935228347,28.786327,-91.58145
2020-08-27T08:41:56.937135696,28.773605,-91.59593
2020-08-27T08:41:57.283134460,28.82107,-91.57086
2020-08-27T08:41:57.285041809,28.850908,-91.55773
2020-08-27T08:41:57.288856506,28.849882,-91.52104
2020-08-27T08:42:09.944688796,30.47959,-92.99335
2020-08-27T08:42:09.952699661,30.478386,-92.95688
2020-08-27T08:42:10.032046318,30.454844,-93.00912
2020-08-27T08:42:10.033953666,30.443737,-92.996956
2020-08-27T08:42:10.036242485,30.441357,-92.9946
2020-08-27T08:42:10.038149833,30.422844,-92.98663
2020-08-27T08:42:10.040057182,30.437744,-92.99527
2020-08-27T08:42:10.041964530,30.399284,-92.992226
2020-08-27T08:42:10.043871879,30.433992,-92.99955
2020-08-27T08:42:10.046160697,30.428665,-93.00354
2020-08-27T08:42:10.049975395,30.399633,-93.00444
2020-08-27T08:42:10.051882743,30.39971,-93.00729
2020-08-27T08:42:10.053790092,30.421112,-93.00805
2020-08-27T08:42:10.056078910,30.426071,-93.0087
2020-08-27T08:42:10.057986259,30.414068,-93.01692
2020-08-27T08:42:10.063708305,30.40048,-93.03183
2020-08-27T08:42:10.071720123,30.400507,-93.03178
2020-08-27T08:42:10.074008941,30.40051,-93.03175
2020-08-27T08:42:10.079730987,30.400524,-93.03174
2020-08-27T08:42:10.081638336,30.40053,-93.03177
2020-08-27T08:42:10.083927154,30.400536,-93.03179
2020-08-27T08:42:10.085834503,30.400541,-93.031815
2020-08-27T08:42:10.113681793,30.400574,-93.0318
2020-08-27T08:42:10.183110237,30.322752,-93.10672
2020-08-27T08:42:10.278479576,30.479586,-92.99467
2020-08-27T08:42:10.280768394,30.43664,-92.99704
2020-08-27T08:42:10.405892372,30.431767,-92.98621
2020-08-27T08:42:10.407799720,30.42461,-92.978584
2020-08-27T08:42:10.427636146,30.44001,-92.98965
2020-08-27T08:42:10.471506118,30.440357,-92.993454
2020-08-27T08:42:10.473413467,30.479586,-92.99459
2020-08-27T08:42:10.519190788,30.439913,-92.99107
2020-08-27T08:42:10.521098136,30.435194,-93.0012
2020-08-27T08:42:10.525294303,30.400488,-93.03176
2020-08-27T08:42:10.531016349,30.40131,-93.05692
2020-08-27T08:42:10.620662689,30.437113,-92.988075
2020-08-27T08:42:34.877550125,27.963705,-92.35501
2020-08-27T08:42:34.879457473,27.979977,-92.34908
2020-08-27T08:42:34.881746292,27.977543,-92.37942
2020-08-27T08:42:34.883653640,27.958542,-92.400696
2020-08-27T08:42:34.943162918,27.954666,-92.37414
2020-08-27T08:42:34.945070266,27.952322,-92.375854
2020-08-27T08:42:34.988941192,27.960443,-92.434364
2020-08-27T08:42:35.012973785,27.938364,-92.32847
2020-08-27T08:42:35.014881134,27.970201,-92.3348
2020-08-27T08:42:35.016788482,27.93732,-92.350525
2020-08-27T08:42:35.078586578,27.939611,-92.35643
2020-08-27T08:42:35.080493927,27.938406,-92.32846
2020-08-27T08:42:35.724042892,30.63891,-92.9533
2020-08-27T08:42:35.725950241,30.638884,-92.95238
2020-08-27T08:42:35.727857589,30.638885,-92.95239
2020-08-27T08:42:35.729764938,30.638884,-92.95238
2020-08-27T08:42:35.785461425,30.64035,-92.995476
2020-08-27T08:42:35.837341308,30.638971,-92.95533
2020-08-27T08:42:35.875108718,30.615492,-92.91688
2020-08-27T08:42:35.877016067,30.61549,-92.91441
2020-08-27T08:42:35.878923416,30.6373,-92.90202
2020-08-27T08:42:35.885026931,30.637342,-92.90199
2020-08-27T08:42:35.886934280,30.637358,-92.901985
2020-08-27T08:42:35.944536209,30.65373,-92.92741
2020-08-27T08:42:35.946443557,30.638756,-92.94861
2020-08-27T08:42:35.986499786,30.63431,-92.80864
2020-08-27T08:42:35.994510650,30.589289,-92.82146
2020-08-27T08:42:35.996417999,30.617846,-92.92867
2020-08-27T08:42:35.998325347,30.606457,-92.823616
2020-08-27T08:42:36.008243560,30.55323,-92.79039
2020-08-27T08:42:36.022357940,30.553185,-92.790375
2020-08-27T08:42:36.029987335,30.553205,-92.790375
2020-08-27T08:42:36.047916412,30.553135,-92.79043
2020-08-27T08:42:36.055927276,30.61124,-92.94215
2020-08-27T08:42:36.057834625,30.622787,-92.94141
2020-08-27T08:42:36.059741973,30.638626,-92.940865
2020-08-27T08:42:36.065845489,30.638906,-92.95247
2020-08-27T08:42:36.067752838,30.615133,-92.92579
2020-08-27T08:42:36.070041656,30.63867,-92.94512
2020-08-27T08:42:36.073856353,30.601114,-92.893715
2020-08-27T08:42:36.075763702,30.618717,-92.92988
2020-08-27T08:42:36.081867218,30.637327,-92.90202
2020-08-27T08:42:36.083774566,30.615915,-92.92579
2020-08-27T08:42:36.085681915,30.610477,-92.91828
2020-08-27T08:42:36.087589263,30.608345,-92.93171
2020-08-27T08:42:36.091785430,30.63726,-92.90208
2020-08-27T08:42:36.095600128,30.586006,-92.91584
2020-08-27T08:42:36.117727279,30.721521,-93.014046
2020-08-27T08:42:36.290534973,30.635801,-92.853546
2020-08-27T08:42:36.413751602,30.6771,-93.003845
2020-08-27T08:42:43.996720314,28.015926,-92.34385
2020-08-27T08:42:44.010835647,28.015951,-92.34393
2020-08-27T08:42:44.012742996,28.015924,-92.34391
2020-08-27T08:42:44.016939163,28.01916,-92.355316
2020-08-27T08:42:44.034486770,28.023144,-92.36942
2020-08-27T08:42:44.036775588,28.016182,-92.362755
2020-08-27T08:42:44.038682937,28.016014,-92.34403
2020-08-27T08:42:44.040590286,28.015997,-92.34399
2020-08-27T08:42:44.042497634,28.01598,-92.34393
2020-08-27T08:42:44.056612014,28.015984,-92.34386
2020-08-27T08:42:44.058519363,28.015993,-92.34387
2020-08-27T08:42:44.060426712,28.01599,-92.34389
2020-08-27T08:42:44.062334060,28.016546,-92.36341
2020-08-27T08:42:44.064622879,28.015984,-92.34392
2020-08-27T08:42:44.066531181,28.0165,-92.3621
2020-08-27T08:42:44.068438529,28.016573,-92.36486
2020-08-27T08:42:44.070345878,28.012318,-92.37602
2020-08-27T08:42:44.072634696,28.011312,-92.377014
2020-08-27T08:42:44.074542045,28.016678,-92.37106
2020-08-27T08:42:44.076449394,28.024784,-92.36898
2020-08-27T08:42:44.078356742,28.012436,-92.37859
2020-08-27T08:42:44.080264091,28.016594,-92.36925
2020-08-27T08:42:44.082552909,28.026176,-92.36992
2020-08-27T08:42:44.084460258,28.024975,-92.36999
2020-08-27T08:42:44.086367607,28.014744,-92.388664
2020-08-27T08:42:44.088274955,28.013382,-92.39615
2020-08-27T08:42:44.090182304,28.028116,-92.43618
2020-08-27T08:42:44.092471122,28.015932,-92.34382
2020-08-27T08:42:44.135959625,28.01873,-92.333534
2020-08-27T08:42:44.137866973,28.01516,-92.31335
2020-08-27T08:42:44.140155792,28.022009,-92.35871
2020-08-27T08:42:44.143970489,28.01941,-92.36432
2020-08-27T08:42:44.151981353,28.017073,-92.38523
2020-08-27T08:42:44.153888702,28.019022,-92.38071
2020-08-27T08:42:44.155796051,28.012667,-92.42992
2020-08-27T08:42:44.158084869,28.010296,-92.39165
2020-08-27T08:42:44.159992218,28.016603,-92.36997
2020-08-27T08:42:44.161899566,28.01587,-92.34382
2020-08-27T08:42:44.309148788,28.036804,-92.28056
2020-08-27T08:42:44.319067955,28.009003,-92.41325
2020-08-27T08:42:44.320975303,28.01782,-92.347275
2020-08-27T08:42:44.322882652,28.02281,-92.37415
2020-08-27T08:42:44.324790000,28.019928,-92.351295
2020-08-27T08:42:44.327078819,28.019367,-92.37483
2020-08-27T08:42:44.328986167,28.017817,-92.330246
2020-08-27T08:42:44.330893516,28.016787,-92.3724
2020-08-27T08:42:44.332800865,28.015945,-92.343834
2020-08-27T08:42:44.370566368,28.010765,-92.163704
2020-08-27T08:42:44.521631240,28.074667,-92.18589
2020-08-27T08:42:44.527734756,28.003798,-92.22919
2020-08-27T08:42:44.531549453,28.018944,-92.38844
2020-08-27T08:42:44.533838272,28.017004,-92.38186
2020-08-27T08:42:44.539560317,28.007797,-92.25375
2020-08-27T08:42:44.541467666,28.01478,-92.28592
2020-08-27T08:42:44.543756484,28.01591,-92.34382
2020-08-27T08:42:44.545663833,28.01663,-92.36973
2020-08-27T08:42:44.547571182,28.015863,-92.3438
2020-08-27T08:42:44.549478530,27.932999,-92.14846
2020-08-27T08:42:44.549478530,28.015846,-92.34378
2020-08-27T08:42:44.551385879,28.01583,-92.34376
2020-08-27T08:42:44.551767349,28.010712,-92.16368
2020-08-27T08:42:44.649044036,28.01198,-92.143684
2020-08-27T08:42:44.684903144,27.983603,-92.14506
2020-08-27T08:42:45.736248970,29.767092,-92.56008
2020-08-27T08:42:45.738157272,29.745266,-92.52016
2020-08-27T08:42:45.754179000,29.7123,-92.53419
2020-08-27T08:42:45.782026290,29.734701,-92.55533
2020-08-27T08:42:58.099874496,30.753931,-91.452156
2020-08-27T08:42:58.101781845,30.75394,-91.45215
2020-08-27T08:42:58.103689193,30.753948,-91.45214
2020-08-27T08:42:58.105978012,30.753958,-91.45213
2020-08-27T08:42:58.107885360,30.753965,-91.452126
2020-08-27T08:42:58.157476425,30.753948,-91.45217
2020-08-27T08:42:58.171590805,30.754002,-91.45218
2020-08-27T08:43:15.859849929,27.863398,-92.40306
2020-08-27T08:43:15.887697219,27.863363,-92.40299
2020-08-27T08:43:15.889604568,27.86284,-92.38468
2020-08-27T08:43:15.891511917,27.86277,-92.382614
2020-08-27T08:43:15.893419265,27.86334,-92.40301
2020-08-27T08:43:15.901430130,27.86334,-92.40301
2020-08-27T08:43:15.903718948,27.863356,-92.40301
2020-08-27T08:43:15.905626296,27.863369,-92.40301
2020-08-27T08:43:15.907533645,27.863384,-92.403
2020-08-27T08:43:15.909440994,27.874758,-92.39097
2020-08-27T08:43:16.040668487,27.891127,-92.40854
2020-08-27T08:43:16.042575836,27.884918,-92.39743
2020-08-27T08:43:16.044864654,27.882029,-92.393906
2020-08-27T08:43:16.046772003,27.863485,-92.40305
2020-08-27T08:43:16.130315780,27.863516,-92.40302
2020-08-27T08:43:16.134130477,27.863518,-92.403
2020-08-27T08:43:16.136037826,27.864954,-92.376465
2020-08-27T08:43:16.137945175,27.86352,-92.402985
2020-08-27T08:43:16.160070419,27.84174,-92.38107
2020-08-27T08:43:16.161977767,27.826319,-92.3751
2020-08-27T08:43:16.163885116,27.828863,-92.375565
2020-08-27T08:43:16.165792465,27.841707,-92.37568
2020-08-27T08:43:16.291297912,27.870033,-92.39626
2020-08-27T08:43:16.293205261,27.867512,-92.387054
2020-08-27T08:43:38.385980606,30.364254,-93.065216
2020-08-27T08:43:38.393991470,30.366873,-93.06966
2020-08-27T08:43:38.398187637,30.371338,-93.07086
2020-08-27T08:43:38.400094985,30.378822,-93.08395
2020-08-27T08:43:38.429849624,30.344093,-93.08809
2020-08-27T08:43:38.439767837,30.32212,-93.10917
2020-08-27T08:43:38.485546112,30.401152,-93.074814
2020-08-27T08:43:38.487453460,30.380724,-93.07583
2020-08-27T08:43:38.489360809,30.380697,-93.08064
2020-08-27T08:43:38.491649627,30.389025,-93.07644
2020-08-27T08:43:38.493556976,30.391182,-93.07146
2020-08-27T08:43:38.495464324,30.400955,-93.06617
2020-08-27T08:43:38.497371673,30.399954,-93.034294
2020-08-27T08:43:38.499279022,30.401918,-93.06447
2020-08-27T08:43:38.501567840,30.401941,-93.06153
2020-08-27T08:43:38.503475189,30.401466,-93.06269
2020-08-27T08:43:38.505382537,30.395874,-93.05639
2020-08-27T08:43:38.507289886,30.399845,-93.03422
2020-08-27T08:43:38.509197235,30.411898,-93.03698
2020-08-27T08:43:38.511486053,30.399914,-93.03427
2020-08-27T08:43:38.513393402,30.399954,-93.0343
2020-08-27T08:43:38.517208099,30.400032,-93.03436
2020-08-27T08:43:38.519496917,30.400023,-93.03435
2020-08-27T08:43:38.527126312,30.39994,-93.03424
2020-08-27T08:43:38.529415130,30.399935,-93.03425
2020-08-27T08:43:38.533229827,30.399935,-93.03426
2020-08-27T08:43:38.535137176,30.399935,-93.03427
2020-08-27T08:43:38.543148040,30.39994,-93.03431
2020-08-27T08:43:38.551158905,30.399902,-93.0343
2020-08-27T08:43:38.690397262,30.399956,-93.03424
2020-08-27T08:43:38.722061157,30.417934,-92.99273
2020-08-27T08:43:38.723968505,30.399015,-93.00568
2020-08-27T08:43:38.726257324,30.419865,-92.99066
2020-08-27T08:43:38.728164672,30.416882,-93.01872
2020-08-27T08:43:38.730072021,30.421701,-92.98692
2020-08-27T08:43:38.731979370,30.42531,-93.01028
2020-08-27T08:43:38.733886718,30.399944,-93.0343
2020-08-27T08:43:38.746093750,30.39697,-92.94109
2020-08-27T08:43:38.867403030,30.39998,-93.03425
2020-08-27T08:43:38.869310379,30.428144,-93.02362
2020-08-27T08:43:38.879228591,30.400047,-93.03421
2020-08-27T08:43:50.448236465,27.86361,-92.4034
2020-08-27T08:43:50.450143814,27.863586,-92.4034
2020-08-27T08:43:50.452432632,27.863565,-92.40339
2020-08-27T08:43:50.454339981,27.873072,-92.41028
2020-08-27T08:43:50.456247329,27.874321,-92.41315
2020-08-27T08:43:50.458154678,27.863499,-92.40338
2020-08-27T08:43:50.543604850,27.863575,-92.403465
2020-08-27T08:43:50.545893669,27.86358,-92.40345
2020-08-27T08:43:50.547801017,27.863588,-92.40344
2020-08-27T08:43:50.553523063,27.863602,-92.403465
2020-08-27T08:43:50.555811882,27.863605,-92.40348
2020-08-27T08:43:50.557719230,27.86361,-92.40349
2020-08-27T08:43:50.646985054,27.863543,-92.40358
2020-08-27T08:43:50.987260818,27.908075,-92.41249
2020-08-27T08:43:50.989168167,27.896114,-92.37843
2020-08-27T08:43:50.991075515,27.863623,-92.40367
2020-08-27T08:43:50.992982864,27.941277,-92.41911
2020-08-27T08:43:50.994890213,27.909155,-92.412735
2020-08-27T08:43:50.997179985,27.895905,-92.42155
2020-08-27T08:43:50.999087333,27.907503,-92.41241
2020-08-27T08:43:51.183721542,27.814636,-92.48132
2020-08-27T08:44:02.871748924,28.025928,-92.21855
2020-08-27T08:44:02.873656272,28.018835,-92.21628
2020-08-27T08:44:02.875945568,28.034851,-92.26542
2020-08-27T08:44:02.973221778,28.016336,-92.3449
2020-08-27T08:44:02.973221778,28.040754,-92.143074
2020-08-27T08:44:02.975129127,28.021275,-92.208885
2020-08-27T08:44:02.977036476,28.015043,-92.29893
2020-08-27T08:44:03.002976417,28.043846,-92.22524
2020-08-27T08:44:03.076601982,28.044374,-92.14537
2020-08-27T08:44:03.076601982,28.016392,-92.3449
2020-08-27T08:44:03.102541923,28.089106,-92.18018
2020-08-27T08:44:03.102541923,28.016403,-92.34492
2020-08-27T08:44:03.122378349,28.039982,-92.21588
2020-08-27T08:44:03.124285697,28.016392,-92.34491
2020-08-27T08:44:03.124285697,28.046013,-92.14504
2020-08-27T08:44:03.251317024,28.089092,-92.18012
2020-08-27T08:44:03.466088294,28.029024,-92.174835
2020-08-27T08:44:03.468377113,28.007658,-92.16788
2020-08-27T08:44:03.517969131,28.015476,-92.14161
2020-08-27T08:44:08.834213256,27.928137,-92.30912
2020-08-27T08:44:08.897538185,27.93907,-92.33001
2020-08-27T08:44:08.899445533,27.939064,-92.33001
2020-08-27T08:44:08.917374610,27.917496,-92.30462
2020-08-27T08:44:08.919663429,27.916712,-92.300575
2020-08-27T08:44:09.023043632,27.910542,-92.31101
2020-08-27T08:44:09.024950981,27.910141,-92.309784
2020-08-27T08:44:09.026858329,27.920103,-92.30993
2020-08-27T08:44:09.030673027,27.93907,-92.33006
2020-08-27T08:44:09.034869194,27.910671,-92.32443
2020-08-27T08:44:09.036776542,27.907932,-92.32389
2020-08-27T08:44:09.038683891,27.90644,-92.32359
2020-08-27T08:44:09.040972709,27.900778,-92.31283
2020-08-27T08:44:09.042880058,27.907852,-92.31569
2020-08-27T08:44:09.044787406,27.895624,-92.316185
2020-08-27T08:44:09.046694755,27.892025,-92.31435
2020-08-27T08:44:09.048602104,27.893524,-92.32111
2020-08-27T08:44:09.140156745,27.89714,-92.312584
2020-08-27T08:44:09.142064094,27.861355,-92.31475
2020-08-27T08:44:09.213781356,27.939096,-92.33013
2020-08-27T08:44:09.257650375,27.961931,-92.311584
2020-08-27T08:44:09.323264122,27.909473,-92.32393
2020-08-27T08:44:09.325171470,27.891417,-92.31813
2020-08-27T08:44:09.327079772,27.89709,-92.31718
2020-08-27T08:44:09.328987121,27.904726,-92.3234
2020-08-27T08:44:09.336997985,27.907827,-92.31101
2020-08-27T08:44:09.366752624,27.89481,-92.32182
2020-08-27T08:44:09.368659973,27.883213,-92.33086
2020-08-27T08:44:09.370948791,27.883514,-92.33021
2020-08-27T08:44:09.372856140,27.895,-92.32426
2020-08-27T08:44:09.374763488,27.897875,-92.322014
2020-08-27T08:44:09.527735710,27.938948,-92.33026
2020-08-27T08:44:09.530024528,27.89065,-92.32819
2020-08-27T08:44:09.571604728,27.873346,-92.351616
2020-08-27T08:44:09.573513031,27.861265,-92.31487
2020-08-27T08:44:09.575420379,27.891012,-92.33082
2020-08-27T08:44:09.577709197,27.86128,-92.3149
2020-08-27T08:44:09.587627410,27.883402,-92.33722
2020-08-27T08:44:09.589534759,27.874638,-92.33728
2020-08-27T08:44:09.591442108,27.86286,-92.37166
2020-08-27T08:44:09.593349456,27.878674,-92.34364
2020-08-27T08:44:09.595638275,27.88064,-92.34299
2020-08-27T08:44:09.597545623,27.878317,-92.34122
2020-08-27T08:44:09.599452972,27.883053,-92.350395
2020-08-27T08:44:09.655148506,27.861267,-92.31483
2020-08-27T08:44:09.657055854,27.938946,-92.330185
2020-08-27T08:44:09.658963203,27.865425,-92.33813
2020-08-27T08:44:09.661252021,27.82838,-92.34756
2020-08-27T08:44:09.663159370,27.876778,-92.34878
2020-08-27T08:44:09.665066719,27.86327,-92.360725
2020-08-27T08:44:09.668881416,27.832697,-92.374374
2020-08-27T08:44:09.671170234,27.84589,-92.36379
2020-08-27T08:44:09.673077583,27.84537,-92.36304
2020-08-27T08:44:09.674984931,27.860945,-92.34902
2020-08-27T08:44:09.676892280,27.869312,-92.35445
2020-08-27T08:44:09.790190696,27.873962,-92.32475
2020-08-27T08:44:09.865722656,27.9389,-92.33019
2020-08-27T08:44:09.868011474,27.893307,-92.32118
2020-08-27T08:44:09.871826171,27.833952,-92.372345
2020-08-27T08:44:09.873733520,27.863777,-92.342735
2020-08-27T08:44:09.941254615,27.89737,-92.31105
2020-08-27T08:44:09.943543434,27.881632,-92.346146
2020-08-27T08:44:09.945451736,27.861313,-92.36345
2020-08-27T08:44:21.511788368,27.985798,-92.36637
2020-08-27T08:44:21.575495243,27.993763,-92.39169
2020-08-27T08:44:21.577402591,27.987679,-92.369675
2020-08-27T08:44:21.668956756,27.976236,-92.36936
2020-08-27T08:44:21.670864105,27.970448,-92.347916
2020-08-27T08:44:21.728847980,27.999088,-92.41881
2020-08-27T08:44:21.784162044,28.016888,-92.3853
2020-08-27T08:44:22.291143417,27.846169,-92.58032
2020-08-27T08:44:22.305257797,27.867867,-92.58376
2020-08-27T08:44:26.022356033,30.399563,-93.033646
2020-08-27T08:44:26.024263381,30.399567,-93.03364
2020-08-27T08:44:26.026170730,30.399569,-93.03362
2020-08-27T08:44:26.058215141,30.39952,-93.033516
2020-08-27T08:44:26.070040702,30.479176,-93.013794
2020-08-27T08:44:26.071948051,30.440876,-93.04296
2020-08-27T08:44:26.401924133,30.399452,-93.03353
2020-08-27T08:44:26.404212951,30.399471,-93.03351
2020-08-27T08:44:26.416038513,30.414185,-93.01344
2020-08-27T08:44:26.429772377,30.39954,-93.03356
2020-08-27T08:44:26.432061195,30.39955,-93.033554
2020-08-27T08:44:26.437783241,30.399574,-93.03353
2020-08-27T08:44:26.451897621,30.404106,-93.03341
2020-08-27T08:44:26.491571426,30.39944,-93.03348
2020-08-27T08:44:26.521326065,30.419342,-93.040825
2020-08-27T08:44:26.523233413,30.417088,-93.03588
2020-08-27T08:44:26.696423530,30.39947,-93.03339
2020-08-27T08:44:26.728086471,30.433811,-92.97846
2020-08-27T08:44:26.729993820,30.442947,-92.98787
2020-08-27T08:44:26.732282638,30.42741,-92.98103
2020-08-27T08:44:26.734189987,30.440569,-92.993935
2020-08-27T08:44:26.736097335,30.441166,-92.98969
2020-08-27T08:44:26.738004684,30.439327,-92.99574
2020-08-27T08:44:26.739912033,30.434263,-93.0
2020-08-27T08:44:26.742200851,30.399542,-93.03335
2020-08-27T08:44:26.744108200,30.436611,-92.997696
2020-08-27T08:44:26.970704078,30.450817,-93.007286
2020-08-27T08:44:26.972611427,30.42015,-92.999405
2020-08-27T08:44:26.974519729,30.39668,-92.94015
2020-08-27T08:44:27.525751113,28.884401,-91.52842
2020-08-27T08:44:27.527658462,28.892313,-91.52997
2020-08-27T08:44:27.529947280,28.893337,-91.53017
2020-08-27T08:44:27.533762931,28.895292,-91.53056
2020-08-27T08:44:27.535670280,28.879429,-91.527466
2020-08-27T08:44:27.537577629,28.875002,-91.5266
2020-08-27T08:44:27.539866447,28.848274,-91.52138
2020-08-27T08:44:27.541773796,28.874533,-91.5265
2020-08-27T08:44:27.543681144,28.8483,-91.52137
2020-08-27T08:44:27.545588493,28.848314,-91.52136
2020-08-27T08:44:27.559702873,28.848299,-91.52136
2020-08-27T08:44:27.561610221,28.84832,-91.521355
2020-08-27T08:44:27.563517570,28.848341,-91.521355
2020-08-27T08:44:27.565424919,28.86828,-91.525246
2020-08-27T08:44:27.567713737,28.888681,-91.52922
2020-08-27T08:44:27.569621086,28.861523,-91.523926
2020-08-27T08:44:27.571528434,28.900509,-91.52038
2020-08-27T08:44:27.575343132,28.84836,-91.52139
2020-08-27T08:44:27.577631950,28.89565,-91.530655
2020-08-27T08:44:27.585261344,28.92714,-91.536835
2020-08-27T08:44:27.587550163,28.910528,-91.51648
2020-08-27T08:44:27.591364860,28.890285,-91.51736
2020-08-27T08:44:27.593273162,28.926472,-91.51427
2020-08-27T08:44:27.597469329,28.927065,-91.53668
2020-08-27T08:44:27.599376678,28.912373,-91.51559
2020-08-27T08:44:27.601284027,28.848291,-91.5213
2020-08-27T08:44:27.603191375,28.89334,-91.53012
2020-08-27T08:44:27.605480194,28.848736,-91.511345
2020-08-27T08:44:27.607387542,28.927055,-91.53674
2020-08-27T08:44:27.609294891,28.900553,-91.51371
2020-08-27T08:44:27.611202239,28.879873,-91.527534
2020-08-27T08:44:27.613109588,28.926344,-91.51043
2020-08-27T08:44:27.615398406,28.890251,-91.51035
2020-08-27T08:44:27.617305755,28.848331,-91.521385
2020-08-27T08:44:27.619213104,28.84833,-91.521385
2020-08-27T08:44:27.621120452,28.848316,-91.521385
2020-08-27T08:44:27.635234832,28.88445,-91.48584
2020-08-27T08:44:27.696652412,28.91589,-91.54772
2020-08-27T08:44:27.698941230,28.927113,-91.536804
2020-08-27T08:44:27.704663276,28.912483,-91.513954
2020-08-27T08:44:27.706570625,28.848328,-91.521484
2020-08-27T08:44:27.708859443,28.86452,-91.52466
2020-08-27T08:44:27.710766792,28.861776,-91.538345
2020-08-27T08:44:27.712674140,28.885971,-91.528824
2020-08-27T08:44:27.714581489,28.885754,-91.53075
2020-08-27T08:44:27.716488838,28.870022,-91.53969
2020-08-27T08:44:27.718778610,28.88141,-91.530716
2020-08-27T08:44:27.720685958,28.884678,-91.52853
2020-08-27T08:44:27.722593307,28.848404,-91.52143
2020-08-27T08:44:27.724500656,28.929216,-91.51124
2020-08-27T08:44:27.726789474,28.926481,-91.51131
2020-08-27T08:44:27.728696823,28.92654,-91.51301
2020-08-27T08:44:27.730604171,28.926592,-91.51469
2020-08-27T08:44:27.732511520,28.926455,-91.50962
2020-08-27T08:44:27.734418869,28.926468,-91.50994
2020-08-27T08:44:27.736707687,28.926495,-91.51075
2020-08-27T08:44:27.740522384,28.92721,-91.53684
2020-08-27T08:44:27.742429733,28.949343,-91.51659
2020-08-27T08:44:27.744337081,28.926542,-91.51397
2020-08-27T08:44:27.746625900,28.96041,-91.52283
2020-08-27T08:44:27.748533248,28.937891,-91.51732
2020-08-27T08:44:27.750440597,28.950012,-91.5197
2020-08-27T08:44:27.752347946,28.945837,-91.52507
2020-08-27T08:44:27.754255294,28.95132,-91.523926
2020-08-27T08:44:27.756544113,28.947351,-91.52301
2020-08-27T08:44:27.758451461,28.957888,-91.542786
2020-08-27T08:44:27.760358810,28.98496,-91.5481
2020-08-27T08:44:27.762266159,28.971897,-91.54555
2020-08-27T08:44:27.764554977,28.963507,-91.534836
2020-08-27T08:44:27.766462326,28.983248,-91.54778
2020-08-27T08:44:27.768369674,28.968699,-91.54494
2020-08-27T08:44:27.784392356,28.967024,-91.54467
2020-08-27T08:44:27.963303565,28.848547,-91.521324
2020-08-27T08:44:27.965211868,28.848541,-91.52134
2020-08-27T08:44:27.967119216,28.849426,-91.55306
2020-08-27T08:44:27.969026565,28.86588,-91.54966
2020-08-27T08:44:27.971315383,28.848534,-91.52135
2020-08-27T08:44:27.973222732,28.842646,-91.55138
2020-08-27T08:44:27.975130081,28.83994,-91.55414
2020-08-27T08:44:27.977037429,28.849367,-91.55105
2020-08-27T08:44:27.981233596,28.848507,-91.52132
2020-08-27T08:44:27.986955642,28.82457,-91.56794
2020-08-27T08:44:27.988862991,28.84959,-91.562294
2020-08-27T08:44:27.993059158,28.829733,-91.57324
2020-08-27T08:44:28.004884719,28.772367,-91.59624
2020-08-27T08:44:28.010988235,28.802296,-91.60214
2020-08-27T08:44:28.012895584,28.772379,-91.59634
2020-08-27T08:44:28.020906448,28.772377,-91.59643
2020-08-27T08:44:28.058672904,28.965002,-91.545
2020-08-27T08:44:52.759977340,30.799028,-91.475464
2020-08-27T08:44:52.761886596,30.781624,-91.46851
2020-08-27T08:44:52.764175415,30.78603,-91.47293
2020-08-27T08:44:52.766082763,30.791496,-91.45996
2020-08-27T08:44:52.767990112,30.789202,-91.45949
2020-08-27T08:44:52.769897460,30.753035,-91.45191
2020-08-27T08:44:52.772186279,30.786665,-91.45892
2020-08-27T08:44:52.774093627,30.753046,-91.45189
2020-08-27T08:44:52.776000976,30.753052,-91.45187
2020-08-27T08:44:52.777908325,30.753056,-91.45186
2020-08-27T08:44:53.016712188,30.809776,-91.48487
2020-08-27T08:44:53.022434234,30.835264,-91.50619
2020-08-27T08:44:53.030445098,30.785378,-91.475006
2020-08-27T08:44:55.730911254,27.86162,-92.354614
2020-08-27T08:44:55.732818603,27.86171,-92.35771
2020-08-27T08:44:55.734725952,27.861795,-92.36068
2020-08-27T08:44:55.736633300,27.861948,-92.36599
2020-08-27T08:44:55.738540649,27.877754,-92.37139
2020-08-27T08:44:55.740829467,27.880955,-92.367714
2020-08-27T08:44:55.788513183,27.86304,-92.40241
2020-08-27T08:44:55.790420532,27.861979,-92.36562
2020-08-27T08:44:55.865953445,27.872972,-92.350395
2020-08-27T08:44:55.867860794,27.860409,-92.31247
2020-08-27T08:44:55.885789871,27.860392,-92.31246
2020-08-27T08:44:55.887697219,27.885191,-92.350426
2020-08-27T08:44:55.889604568,27.860361,-92.31248
2020-08-27T08:44:55.945299148,27.86043,-92.31258
2020-08-27T08:44:55.947587966,27.860413,-92.312584
2020-08-27T08:44:55.949495315,27.880398,-92.33828
2020-08-27T08:44:55.957506179,27.860424,-92.3125
2020-08-27T08:44:55.959413528,27.860422,-92.3125
2020-08-27T08:44:55.961320877,27.881784,-92.31673
2020-08-27T08:44:55.963228225,27.879593,-92.32881
2020-08-27T08:44:55.965517044,27.88215,-92.32576
2020-08-27T08:44:55.967424392,27.882187,-92.33985
2020-08-27T08:45:12.664991378,28.16613,-92.19547
2020-08-27T08:45:12.667280197,28.08822,-92.18006
2020-08-27T08:45:12.792404174,28.146988,-92.16411
2020-08-27T08:45:12.794311523,28.134287,-92.15366
2020-08-27T08:45:16.992450714,30.637438,-92.902664
2020-08-27T08:45:16.994739532,30.637438,-92.90267
2020-08-27T08:45:16.996646881,30.63744,-92.90269
2020-08-27T08:45:16.998554229,30.637436,-92.90269
2020-08-27T08:45:17.000461578,30.637424,-92.90269
2020-08-27T08:45:17.002368927,30.637413,-92.90268
2020-08-27T08:45:17.016483306,30.637445,-92.902664
2020-08-27T08:45:17.022586822,30.637405,-92.902626
2020-08-27T08:45:17.082096099,30.718658,-92.92107
2020-08-27T08:45:17.084003448,30.718655,-92.921074
2020-08-27T08:45:17.298774719,30.669891,-92.95244
2020-08-27T08:45:17.326622009,30.700945,-92.95308
2020-08-27T08:45:17.366296768,30.72018,-92.968925
2020-08-27T08:45:17.467769622,30.70067,-92.95626
2020-08-27T08:45:17.469676971,30.664389,-92.93837
2020-08-27T08:45:17.471584320,30.685028,-92.93484
2020-08-27T08:45:17.473873138,30.687685,-92.93686
2020-08-27T08:45:17.475780487,30.694689,-92.93566
2020-08-27T08:45:17.477687835,30.719513,-92.94966
2020-08-27T08:45:17.479595184,30.71858,-92.92095
2020-08-27T08:45:17.656599044,30.720104,-92.96579
2020-08-27T08:45:17.724121093,30.720037,-92.96278
2020-08-27T08:45:17.748153686,30.695816,-92.945816
2020-08-27T08:45:17.799652099,30.720093,-92.96134
2020-08-27T08:45:17.871370315,30.638727,-92.935356
2020-08-27T08:45:17.877092361,30.677616,-92.955635
2020-08-27T08:45:17.891206741,30.690695,-92.95388
2020-08-27T08:45:17.893114089,30.691341,-92.9516
2020-08-27T08:45:17.895021438,30.676722,-92.950195
2020-08-27T08:45:17.897310256,30.639095,-92.94435
2020-08-27T08:45:17.899217605,30.63911,-92.94473
2020-08-27T08:45:17.922868728,30.702261,-92.98424
2020-08-27T08:45:17.925157546,30.720854,-92.98225
2020-08-27T08:45:18.406198501,30.645115,-92.91151
2020-08-27T08:45:18.408105850,30.627981,-92.927956
2020-08-27T08:45:18.410013198,30.613173,-92.921265
2020-08-27T08:45:18.411920547,30.626965,-92.91059
2020-08-27T08:45:18.414209365,30.638964,-92.93792
2020-08-27T08:45:18.416116714,30.62083,-92.92529
2020-08-27T08:45:18.418024063,30.638933,-92.93594
2020-08-27T08:45:18.419931411,30.637823,-92.90238
2020-08-27T08:45:18.426034927,30.638802,-92.93524
2020-08-27T08:45:18.427942276,30.637718,-92.90237
2020-08-27T08:45:18.434045791,30.63773,-92.902374
2020-08-27T08:45:18.437860488,30.637737,-92.90238
2020-08-27T08:45:18.439767837,30.63503,-92.90457
2020-08-27T08:45:18.442056655,30.638191,-92.902336
2020-08-27T08:45:18.443964004,30.632498,-92.908394
2020-08-27T08:45:18.445871353,30.654432,-92.900475
2020-08-27T08:45:18.447778701,30.641863,-92.89751
2020-08-27T08:45:18.449686050,30.659634,-92.90312
2020-08-27T08:45:18.451974868,30.649986,-92.894806
2020-08-27T08:45:18.453884124,30.661753,-92.904526
2020-08-27T08:45:18.455791473,30.676119,-92.90289
2020-08-27T08:45:18.457698822,30.678144,-92.8774
2020-08-27T08:45:18.459606170,30.674562,-92.902756
2020-08-27T08:45:18.461894989,30.669449,-92.90951
2020-08-27T08:45:18.463802337,30.637815,-92.902275
2020-08-27T08:45:18.465709686,30.63782,-92.90226
2020-08-27T08:45:18.467617034,30.637825,-92.902245
2020-08-27T08:45:18.469905853,30.637823,-92.902275
2020-08-27T08:45:18.471813201,30.63782,-92.90231
2020-08-27T08:45:18.473720550,30.637817,-92.90234
2020-08-27T08:45:18.475627899,30.637815,-92.90238
2020-08-27T08:45:18.477535247,30.637814,-92.90241
2020-08-27T08:45:25.724804878,27.907171,-92.4278
2020-08-27T08:45:25.448616981,27.897419,-92.41084
2020-08-27T08:45:25.514230728,27.899525,-92.411285
2020-08-27T08:45:25.516138076,27.863089,-92.404015
2020-08-27T08:45:25.573740959,27.908417,-92.41304
2020-08-27T08:45:25.651180267,27.89847,-92.41107
2020-08-27T08:45:25.726712226,27.940706,-92.4195
2020-08-27T08:45:25.844206809,27.923552,-92.42008
2020-08-27T08:45:25.846114158,27.906511,-92.41453
2020-08-27T08:45:25.848021507,27.86315,-92.404045
2020-08-27T08:45:25.849928855,27.88773,-92.40894
2020-08-27T08:45:25.852217674,27.891033,-92.4096
2020-08-27T08:45:25.854125022,27.886415,-92.40867
2020-08-27T08:45:25.999086380,27.869593,-92.47988
2020-08-27T08:45:26.031129837,27.872185,-92.46309
2020-08-27T08:45:26.050967216,27.86311,-92.40403
2020-08-27T08:45:26.090640068,27.885578,-92.40847
2020-08-27T08:45:26.150150299,27.88947,-92.409294
2020-08-27T08:45:52.287330627,27.862843,-92.40314
2020-08-27T08:45:52.289619445,27.861975,-92.37258
2020-08-27T08:45:52.323188781,27.862818,-92.40309
2020-08-27T08:45:52.406732559,27.86291,-92.403206
2020-08-27T08:45:52.408639907,27.862896,-92.403206
2020-08-27T08:45:52.458612442,27.880249,-92.37385
2020-08-27T08:45:52.460519790,27.88401,-92.372795
2020-08-27T08:45:52.462427139,27.86185,-92.36891
2020-08-27T08:45:52.478448867,27.86146,-92.35348
2020-08-27T08:45:52.480356216,27.878765,-92.35044
2020-08-27T08:45:52.482263565,27.886211,-92.358025
2020-08-27T08:45:52.484170913,27.8615,-92.355774
2020-08-27T08:45:52.521938323,27.86285,-92.40312
2020-08-27T08:45:52.524227142,27.862852,-92.403145
2020-08-27T08:45:52.577632904,27.861368,-92.35055
2020-08-27T08:45:52.579921722,27.86153,-92.35635
2020-08-27T08:46:01.752881050,28.019392,-92.18902
2020-08-27T08:46:01.754788398,28.023943,-92.208336
2020-08-27T08:46:31.072711944,27.996933,-92.36354
2020-08-27T08:46:31.075000762,27.991533,-92.346275
2020-08-27T08:46:31.076908111,28.002392,-92.39673
2020-08-27T08:46:31.078815460,27.971071,-92.31801
2020-08-27T08:46:31.124591827,28.018293,-92.39104
2020-08-27T08:46:31.132602691,28.016272,-92.34425
2020-08-27T08:46:31.134510040,27.99807,-92.37892
2020-08-27T08:46:31.136417388,28.017273,-92.37958
2020-08-27T08:46:31.177999496,28.017345,-92.381996
2020-08-27T08:46:31.182195663,28.016254,-92.34421
2020-08-27T08:46:31.186010360,28.017374,-92.3836
2020-08-27T08:46:31.188299179,27.994223,-92.3908
2020-08-27T08:46:31.219961166,28.016167,-92.344185
2020-08-27T08:46:31.221868515,28.016172,-92.3442
2020-08-27T08:46:31.247808456,27.992933,-92.39384
2020-08-27T08:46:31.249715805,28.017399,-92.38523
2020-08-27T08:46:31.309226989,28.017296,-92.38219
2020-08-27T08:46:31.311515808,28.01738,-92.384796
2020-08-27T08:46:31.313423156,28.017206,-92.37837
2020-08-27T08:46:31.372932434,28.016178,-92.344185
2020-08-27T08:46:31.641490936,27.929152,-92.49426
2020-08-27T08:46:31.643398284,27.83085,-92.37253
2020-08-27T08:46:31.645305633,27.810003,-92.3164
2020-08-27T08:46:31.692991256,27.891909,-92.52983
2020-08-27T08:46:31.695280075,27.937893,-92.45216
2020-08-27T08:46:31.697187423,27.980822,-92.43238
2020-08-27T08:46:31.705198287,27.759466,-92.32467
2020-08-27T08:46:31.788742065,27.756386,-92.31927
2020-08-27T08:46:31.788742065,27.54835,-92.163376
2020-08-27T08:46:31.822311401,27.706825,-92.32753
2020-08-27T08:46:31.842147827,27.745277,-92.29083
2020-08-27T08:46:31.957735061,27.757479,-92.31317
2020-08-27T08:46:31.957735061,27.548386,-92.16335
2020-08-27T08:46:31.997407913,27.689936,-92.26514
2020-08-27T08:46:32.038990020,27.78419,-92.33817
2020-08-27T08:46:32.088962554,27.738129,-92.31098
2020-08-27T08:46:32.110706329,27.783026,-92.29831
2020-08-27T08:46:32.190053939,27.548405,-92.16348
2020-08-27T08:46:32.190053939,27.758682,-92.28742
2020-08-27T08:46:32.191961288,27.784159,-92.33794
2020-08-27T08:46:32.255666732,27.744473,-92.29142
2020-08-27T08:46:32.464334487,27.78295,-92.2985
2020-08-27T08:46:55.363168716,27.894638,-92.37869
2020-08-27T08:46:55.374994277,27.863068,-92.4041
2020-08-27T08:46:55.376901626,27.86309,-92.40412
2020-08-27T08:46:55.383005142,27.8631,-92.40413
2020-08-27T08:46:55.430688858,27.889803,-92.40941
2020-08-27T08:46:55.542079925,27.862997,-92.404106
2020-08-27T08:46:55.550090789,27.86293,-92.40409
2020-08-27T08:46:55.551998138,27.86292,-92.4041
2020-08-27T08:46:55.615705490,27.884056,-92.39138
2020-08-27T08:46:55.617612838,27.893301,-92.379944
2020-08-27T08:46:55.677122116,27.862926,-92.40412
2020-08-27T08:46:55.679410934,27.862928,-92.40412
2020-08-27T08:46:55.681318283,27.862925,-92.40412
2020-08-27T08:46:55.687040328,27.86291,-92.40413
2020-08-27T08:46:55.746932983,27.895514,-92.3751
2020-08-27T08:46:55.748840332,27.895716,-92.38365
2020-08-27T08:46:55.750747680,27.8959,-92.398705
2020-08-27T08:46:55.794616699,27.86295,-92.40402
2020-08-27T08:46:55.872056961,27.862974,-92.404015
2020-08-27T08:46:55.875871658,27.862972,-92.404
2020-08-27T08:46:55.878160476,27.891626,-92.39245
2020-08-27T08:46:55.880067825,27.86296,-92.40397
2020-08-27T08:46:55.943773269,27.895605,-92.41048
2020-08-27T08:46:55.945680618,27.89776,-92.41089
2020-08-27T08:46:55.947587966,27.899467,-92.41121
2020-08-27T08:46:55.949495315,27.887194,-92.40202
2020-08-27T08:46:55.953691482,27.895123,-92.4104
2020-08-27T08:47:10.788512229,28.849785,-91.57288
2020-08-27T08:47:10.790419578,28.86635,-91.572845
2020-08-27T08:47:10.792326927,28.84974,-91.57093
2020-08-27T08:47:10.798430442,28.849699,-91.5692
2020-08-27T08:47:10.800337791,28.849838,-91.57465
2020-08-27T08:47:10.802245140,28.865564,-91.58121
2020-08-27T08:47:10.808348655,28.868437,-91.58374
2020-08-27T08:47:10.812545776,28.86673,-91.59681
2020-08-27T08:47:10.814453125,28.8509,-91.613205
2020-08-27T08:47:10.818267822,28.850924,-91.61322
2020-08-27T08:47:10.822463989,28.850912,-91.61319
2020-08-27T08:47:10.824371337,28.850906,-91.61318
2020-08-27T08:47:10.838104248,28.85084,-91.61319
2020-08-27T08:47:10.848022460,28.85086,-91.613106
2020-08-27T08:47:10.856033325,28.850899,-91.61314
2020-08-27T08:47:10.857940673,28.850061,-91.58272
2020-08-27T08:47:10.888077735,28.84829,-91.522835
2020-08-27T08:47:10.891892433,28.848314,-91.52281
2020-08-27T08:47:10.897995948,28.84836,-91.52278
2020-08-27T08:47:10.901810646,28.848316,-91.522804
2020-08-27T08:47:10.903717994,28.881737,-91.52935
2020-08-27T08:47:10.907914161,28.871803,-91.55098
2020-08-27T08:47:10.911728858,28.848253,-91.522835
2020-08-27T08:47:10.913636207,28.878683,-91.52878
2020-08-27T08:47:10.917832374,28.848282,-91.52283
2020-08-27T08:47:10.919739723,28.865808,-91.52626
2020-08-27T08:47:10.921647071,28.867945,-91.52669
2020-08-27T08:47:10.923554420,28.883013,-91.541916
2020-08-27T08:47:10.925843238,28.848288,-91.52287
2020-08-27T08:47:10.927750587,28.885958,-91.53024
2020-08-27T08:47:10.933472633,28.927101,-91.53826
2020-08-27T08:47:10.937669754,28.902353,-91.5334
2020-08-27T08:47:10.939577102,28.92712,-91.53823
2020-08-27T08:47:10.941484451,28.927094,-91.53821
2020-08-27T08:47:10.943391799,28.911026,-91.53505
2020-08-27T08:47:10.945680618,28.909742,-91.52458
2020-08-27T08:47:10.953691482,28.926441,-91.5148
2020-08-27T08:47:10.959413528,28.927158,-91.538246
2020-08-27T08:47:11.052875518,28.92453,-91.447815
2020-08-27T08:47:11.054782867,28.92453,-91.44783
2020-08-27T08:47:11.066989898,28.924528,-91.4479
2020-08-27T08:47:11.068897247,28.946022,-91.47139
2020-08-27T08:47:11.070804595,28.924536,-91.4479
2020-08-27T08:47:11.072711944,28.951723,-91.45319
2020-08-27T08:47:11.078815460,28.960331,-91.45485
2020-08-27T08:47:11.150150299,28.92452,-91.44779
2020-08-27T08:47:11.156255722,29.004723,-91.5112
2020-08-27T08:47:11.170370101,29.005049,-91.52422
2020-08-27T08:47:11.174184799,29.00508,-91.523926
2020-08-27T08:47:11.223775863,28.886024,-91.51423
2020-08-27T08:47:11.301597595,28.927038,-91.538
2020-08-27T08:47:11.303504943,28.927011,-91.53801
2020-08-27T08:47:11.305412292,28.926987,-91.538025
2020-08-27T08:47:11.307319641,28.926962,-91.53803
2020-08-27T08:47:11.309226989,28.926958,-91.53804
2020-08-27T08:47:11.311515808,28.926968,-91.53803
2020-08-27T08:47:11.313423156,28.900303,-91.53282
2020-08-27T08:47:11.315330505,28.926987,-91.53803
2020-08-27T08:47:11.317237854,28.902693,-91.53328
2020-08-27T08:47:11.319145202,28.897333,-91.532234
2020-08-27T08:47:11.321434020,28.902851,-91.533325
2020-08-27T08:47:11.323341369,28.90128,-91.53303
2020-08-27T08:47:11.325248718,28.927004,-91.53807
2020-08-27T08:47:11.372932434,28.900028,-91.540344
2020-08-27T08:47:11.374839782,28.901243,-91.53291
2020-08-27T08:47:11.377128601,28.926958,-91.53793
2020-08-27T08:47:11.379035949,28.92696,-91.537926
2020-08-27T08:47:11.382850646,28.958826,-91.54418
2020-08-27T08:47:11.589611053,28.887667,-91.530235
2020-08-27T08:47:11.591518402,28.927006,-91.53794
2020-08-27T08:47:16.066226959,30.500544,-93.00309
2020-08-27T08:47:16.078433990,30.496347,-93.00421
2020-08-27T08:47:16.082248687,30.479828,-93.01177
2020-08-27T08:47:16.084156036,30.47985,-93.01295
2020-08-27T08:47:16.086063385,30.479605,-93.00573
2020-08-27T08:47:16.088352203,30.47983,-93.01292
2020-08-27T08:47:16.090259552,30.479914,-93.01507
2020-08-27T08:47:16.092166900,30.47981,-93.011375
2020-08-27T08:47:16.094074249,30.47983,-93.01149
2020-08-27T08:47:16.096363067,30.479671,-93.006096
2020-08-27T08:47:16.098270416,30.496294,-93.00647
2020-08-27T08:47:16.100177764,30.499475,-93.00602
2020-08-27T08:47:16.102087020,30.479504,-93.001686
2020-08-27T08:47:16.103994369,30.47962,-93.00578
2020-08-27T08:47:16.110097885,30.479334,-92.99725
2020-08-27T08:47:16.175710678,30.50046,-93.013
2020-08-27T08:47:16.183721542,30.479687,-93.00801
2020-08-27T08:47:16.213476181,30.48112,-93.0526
2020-08-27T08:47:16.215383529,30.508446,-92.997574
2020-08-27T08:47:16.217290878,30.519903,-93.00703
2020-08-27T08:47:16.219579696,30.478155,-92.95929
2020-08-27T08:47:16.221487045,30.479357,-92.99598
2020-08-27T08:47:16.229499816,30.478231,-92.959305
2020-08-27T08:47:16.310752868,30.481194,-93.05267
2020-08-27T08:47:16.330589294,30.481136,-93.05266
2020-08-27T08:47:16.348518371,30.481146,-93.052536
2020-08-27T08:47:16.354623794,30.481146,-93.052605
2020-08-27T08:47:16.356531143,30.481146,-93.05263
2020-08-27T08:47:16.358438491,30.46245,-93.03144
2020-08-27T08:47:16.360727310,30.480202,-93.02361
2020-08-27T08:47:16.441980361,30.481146,-93.05263
2020-08-27T08:47:16.444269180,30.481123,-93.05261
2020-08-27T08:47:16.456094741,30.481224,-93.0527
2020-08-27T08:47:16.472116470,30.480259,-93.02111
2020-08-27T08:47:16.482036590,30.481218,-93.05263
2020-08-27T08:47:16.527431488,30.48118,-93.052704
2020-08-27T08:47:16.529720306,30.50935,-93.01512
2020-08-27T08:47:16.531627655,30.480156,-93.020905
2020-08-27T08:47:16.541545867,30.481178,-93.05264
2020-08-27T08:47:16.543453216,30.431856,-93.02191
2020-08-27T08:47:16.545360565,30.525993,-93.00241
2020-08-27T08:47:16.547649383,30.524635,-92.98268
2020-08-27T08:47:16.561382293,30.59003,-92.9848
2020-08-27T08:47:16.575496673,30.478233,-92.9593
2020-08-27T08:47:16.676588058,30.576828,-92.92544
2020-08-27T08:47:16.678876876,30.512041,-93.02304
2020-08-27T08:47:16.720457077,30.557573,-92.92512
2020-08-27T08:47:16.738388061,30.53755,-92.96668
2020-08-27T08:47:25.587855339,28.018375,-92.17146
2020-08-27T08:47:25.589762687,28.020668,-92.1572
2020-08-27T08:47:25.591670036,28.025566,-92.20691
2020-08-27T08:47:41.538110256,27.898977,-92.359505
2020-08-27T08:47:41.540017604,27.888968,-92.35918
2020-08-27T08:47:41.542306423,27.88749,-92.36051
2020-08-27T08:47:41.581980228,27.894966,-92.369095
2020-08-27T08:47:41.583887577,27.893562,-92.36779
2020-08-27T08:47:41.625468254,27.939806,-92.41874
2020-08-27T08:47:41.631571769,27.91972,-92.38785
2020-08-27T08:47:41.633479118,27.90924,-92.380356
2020-08-27T08:47:41.635386466,27.913015,-92.38013
2020-08-27T08:47:41.705196857,27.921803,-92.3881
2020-08-27T08:47:41.707104206,27.901865,-92.37842
2020-08-27T08:47:41.758984565,27.898731,-92.3211
2020-08-27T08:47:41.760892391,27.888298,-92.35492
2020-08-27T08:47:41.762799739,27.900192,-92.36548
2020-08-27T08:47:41.776914119,27.903576,-92.32212
2020-08-27T08:47:41.778821468,27.901169,-92.348015
2020-08-27T08:47:41.780728816,27.892462,-92.34257
2020-08-27T08:47:41.782636165,27.891615,-92.34579
2020-08-27T08:47:41.784543514,27.900724,-92.3472
2020-08-27T08:47:41.820402145,27.859581,-92.31331
2020-08-27T08:47:41.822309494,27.901491,-92.3216
2020-08-27T08:47:41.874190330,27.90412,-92.37983
2020-08-27T08:47:41.876097679,27.939796,-92.41882
2020-08-27T08:47:41.878005027,27.924128,-92.39396
2020-08-27T08:47:41.880293846,27.918886,-92.386375
2020-08-27T08:47:41.882201194,27.92282,-92.39166
2020-08-27T08:47:42.003510475,27.890007,-92.367096
2020-08-27T08:47:42.005417823,27.875933,-92.35327
2020-08-27T08:47:42.007325172,27.93717,-92.3288
2020-08-27T08:47:42.013429164,27.889185,-92.35817
2020-08-27T08:47:42.031358242,27.889622,-92.337036
2020-08-27T08:47:42.033265590,27.882221,-92.34381
2020-08-27T08:47:42.035172939,27.888582,-92.33143
2020-08-27T08:47:42.037080287,27.885635,-92.329155
2020-08-27T08:47:42.038987636,27.887928,-92.33287
2020-08-27T08:47:42.041276931,27.893642,-92.33738
2020-08-27T08:47:42.043184280,27.883713,-92.328445
2020-08-27T08:47:42.045091629,27.883965,-92.31826
2020-08-27T08:47:42.069124221,27.875559,-92.31662
2020-08-27T08:47:42.071032047,27.880869,-92.31848
2020-08-27T08:47:42.072939395,27.881733,-92.31778
2020-08-27T08:47:42.076754093,27.859507,-92.313324
2020-08-27T08:47:42.079042911,27.881058,-92.30411
2020-08-27T08:47:42.080950260,27.884136,-92.30894
2020-08-27T08:47:42.082857608,27.88849,-92.32398
2020-08-27T08:47:42.084764957,27.883621,-92.310135
2020-08-27T08:47:42.087053775,27.883814,-92.307076
2020-08-27T08:47:42.245747566,27.883955,-92.32734
2020-08-27T08:47:42.248036384,27.885792,-92.31767
2020-08-27T08:47:42.249943733,27.859493,-92.313385
2020-08-27T08:47:42.251851081,27.886955,-92.31884
2020-08-27T08:47:42.253758430,27.859476,-92.31343
2020-08-27T08:48:25.197606086,30.480526,-93.05226
2020-08-27T08:48:25.199513435,30.479383,-93.01637
2020-08-27T08:48:25.245290756,30.477606,-92.95902
2020-08-27T08:48:25.326926231,30.428156,-93.00176
2020-08-27T08:48:25.328833580,30.43159,-93.00234
2020-08-27T08:48:25.330740928,30.43621,-93.0034
2020-08-27T08:48:25.333029747,30.399672,-93.0339
2020-08-27T08:48:25.461968421,30.476585,-92.929504
2020-08-27T08:48:25.476082801,30.425531,-93.011826
2020-08-27T08:48:25.477990150,30.477524,-92.95897
2020-08-27T08:48:25.489816665,30.425312,-93.010315
2020-08-27T08:48:25.672924041,30.477558,-92.95903
2020-08-27T08:48:25.674832344,30.477493,-92.98817
2020-08-27T08:48:25.676739692,30.47901,-93.00296
2020-08-27T08:48:25.678647041,30.478865,-92.99852
2020-08-27T08:48:25.680935859,30.478844,-92.99841
2020-08-27T08:48:25.682843208,30.479082,-93.00634
2020-08-27T08:48:25.684750556,30.479017,-93.004845
2020-08-27T08:48:25.686657905,30.47891,-93.00205
2020-08-27T08:48:25.688565254,30.479012,-93.00541
2020-08-27T08:48:25.690854072,30.478962,-93.003815
2020-08-27T08:48:25.692761421,30.47874,-92.99683
2020-08-27T08:48:25.694668769,30.478724,-92.99625
2020-08-27T08:48:25.702679634,30.477547,-92.959
2020-08-27T08:48:25.708783149,30.479103,-93.00664
2020-08-27T08:48:25.710690498,30.478899,-93.00002
2020-08-27T08:48:25.752271652,30.480606,-93.05232
2020-08-27T08:48:25.754179000,30.480625,-93.05235
2020-08-27T08:48:25.756467819,30.480642,-93.05238
2020-08-27T08:48:27.581828117,27.893436,-92.35214
2020-08-27T08:48:27.584116935,27.881853,-92.347595
2020-08-27T08:48:27.597850799,27.860369,-92.3136
2020-08-27T08:48:27.647441864,27.861795,-92.36629
2020-08-27T08:48:27.649730682,27.875378,-92.370384
2020-08-27T08:48:27.651638031,27.861725,-92.36349
2020-08-27T08:48:27.653545379,27.862864,-92.40348
2020-08-27T08:48:27.669568061,27.888786,-92.31916
2020-08-27T08:48:27.671475410,27.889318,-92.340385
2020-08-27T08:48:27.673382759,27.896017,-92.345245
2020-08-27T08:48:27.675290107,27.897182,-92.32083
2020-08-27T08:48:27.677578926,27.895657,-92.33203
2020-08-27T08:48:27.679486274,27.860352,-92.31355
2020-08-27T08:48:27.695126533,27.90803,-92.32293
2020-08-27T08:48:27.697415351,27.906609,-92.32264
2020-08-27T08:48:27.699322700,27.896973,-92.33255
2020-08-27T08:48:27.701230049,27.897242,-92.33463
2020-08-27T08:48:27.722974777,27.93797,-92.32892
2020-08-27T08:48:27.725263595,27.920649,-92.325485
2020-08-27T08:48:27.727170944,27.937962,-92.3289
2020-08-27T08:48:27.784773826,27.873758,-92.37241
2020-08-27T08:48:27.786681175,27.861729,-92.36198
2020-08-27T08:48:27.838561058,27.937958,-92.32887
2020-08-27T08:48:27.840468406,27.925167,-92.323555
2020-08-27T08:48:27.842376708,27.925983,-92.32843
2020-08-27T08:48:27.844284057,27.913172,-92.33116
2020-08-27T08:48:27.846572875,27.937975,-92.328926
2020-08-27T08:48:27.878234863,27.860258,-92.31355
2020-08-27T08:48:27.880142211,27.877829,-92.34927
2020-08-27T08:48:27.937745094,27.915947,-92.32727
2020-08-27T08:48:27.939652442,27.895134,-92.33465
2020-08-27T08:48:27.941941261,27.937943,-92.328995
2020-08-27T08:48:27.965593338,27.937994,-92.32893
2020-08-27T08:48:27.967500686,27.938005,-92.32892
2020-08-27T08:48:28.140689849,27.8602,-92.313576
2020-08-27T08:48:42.951858997,28.037048,-92.21307
2020-08-27T08:48:42.953766345,28.034817,-92.21849
2020-08-27T08:48:57.005039215,30.69542,-92.953804
2020-08-27T08:48:56.696805953,30.717552,-92.92252
2020-08-27T08:48:56.698713302,30.717554,-92.92252
2020-08-27T08:48:56.704816818,30.718641,-92.95527
2020-08-27T08:48:56.706724166,30.750376,-92.930046
2020-08-27T08:48:56.708631515,30.749605,-92.92987
2020-08-27T08:48:56.714735031,30.717543,-92.92253
2020-08-27T08:48:56.724655151,30.717592,-92.92259
2020-08-27T08:48:56.740295410,30.717564,-92.92249
2020-08-27T08:48:57.006946563,30.684307,-92.96467
2020-08-27T08:48:57.008853912,30.717577,-92.92258
2020-08-27T08:48:57.012668609,30.718744,-92.95898
2020-08-27T08:48:57.014957427,30.718733,-92.95877
2020-08-27T08:48:57.016864776,30.718624,-92.95555
2020-08-27T08:48:57.018772125,30.717552,-92.92247
2020-08-27T08:48:57.020679473,30.701977,-92.942955
2020-08-27T08:48:57.022586822,30.701187,-92.94288
2020-08-27T08:48:57.024875640,30.717562,-92.92256
2020-08-27T08:48:57.028690338,30.736465,-92.95495
2020-08-27T08:48:57.060352325,30.664675,-92.94063
2020-08-27T08:48:57.064548492,30.681646,-92.95373
2020-08-27T08:48:57.066455841,30.683155,-92.95021
2020-08-27T08:48:57.068363189,30.687593,-92.95234
2020-08-27T08:48:57.070652008,30.682848,-92.95651
2020-08-27T08:48:57.072559356,30.681486,-92.95714
2020-08-27T08:48:57.094305038,30.738888,-92.96778
2020-08-27T08:48:57.096212387,30.743881,-92.95527
2020-08-27T08:48:57.328910827,30.684393,-92.967064
2020-08-27T08:48:57.386514663,30.719326,-92.97593
2020-08-27T08:48:59.619669438,27.995983,-92.42321
2020-08-27T08:48:59.621576787,27.997719,-92.419
2020-08-27T08:48:59.623865605,28.01677,-92.391205
2020-08-27T08:48:59.629588128,27.97301,-92.49211
2020-08-27T08:48:59.693294526,28.021957,-92.42099
2020-08-27T08:48:59.695201874,27.970392,-92.470436
2020-08-27T08:48:59.697490693,28.015486,-92.34563
2020-08-27T08:48:59.701305390,28.016563,-92.38433
2020-08-27T08:48:59.703212739,28.015438,-92.34562
2020-08-27T08:48:59.705120087,28.015423,-92.34562
2020-08-27T08:48:59.882124901,27.98022,-92.44945
2020-08-27T08:49:00.236134052,27.960733,-92.31723
2020-08-27T08:49:00.238041400,27.957607,-92.471085
2020-08-27T08:49:00.239948749,27.921326,-92.49494
2020-08-27T08:49:00.242237567,27.972023,-92.340645
2020-08-27T08:49:00.244144916,28.0155,-92.34537
2020-08-27T08:49:00.244144916,27.860088,-92.314575
2020-08-27T08:49:00.387198448,27.93596,-92.26986
2020-08-27T08:49:00.393301963,27.921543,-92.51841
2020-08-27T08:49:00.395209312,27.91409,-92.463165
2020-08-27T08:49:00.397116661,27.96462,-92.32638
2020-08-27T08:49:00.408942699,27.828053,-92.53245
2020-08-27T08:49:00.514611244,27.93421,-92.20829
2020-08-27T08:49:21.757077217,28.101309,-92.25236
2020-08-27T08:49:21.758984565,28.11047,-92.2461
2020-08-27T08:49:21.760892391,28.110142,-92.24616
2020-08-27T08:49:21.762799739,28.106014,-92.239456
2020-08-27T08:49:21.808576583,28.091084,-92.27048
2020-08-27T08:49:21.810483932,28.090364,-92.24591
2020-08-27T08:49:21.812772750,28.091045,-92.270515
2020-08-27T08:49:21.814680099,28.112112,-92.25657
2020-08-27T08:49:21.816587448,28.118748,-92.251724
2020-08-27T08:49:21.818494796,28.090992,-92.27055
2020-08-27T08:49:21.896316051,28.089808,-92.225494
2020-08-27T08:49:21.902038097,28.108644,-92.223145
2020-08-27T08:49:21.903945446,28.115398,-92.234634
2020-08-27T08:49:21.906234264,28.109663,-92.22422
2020-08-27T08:49:21.908141613,28.120832,-92.22534
2020-08-27T08:49:21.910048961,28.122557,-92.22031
2020-08-27T08:49:21.937896728,28.088537,-92.180374
2020-08-27T08:49:21.939804077,28.124086,-92.21607
2020-08-27T08:49:21.941711425,28.112444,-92.21401
2020-08-27T08:49:21.949722766,28.125566,-92.1877
2020-08-27T08:49:21.997406959,28.11998,-92.27613
2020-08-27T08:49:22.045091629,28.113346,-92.19981
2020-08-27T08:49:22.047380447,28.110483,-92.19939
2020-08-27T08:49:22.049287796,28.11511,-92.197815
2020-08-27T08:49:22.051195144,28.111338,-92.205696
2020-08-27T08:49:22.053102493,28.088531,-92.180374
2020-08-27T08:49:22.080950260,28.088564,-92.18041
2020-08-27T08:49:22.082857608,28.107105,-92.18814
2020-08-27T08:49:22.085146427,28.106573,-92.19326
2020-08-27T08:49:22.087053775,28.102444,-92.188416
2020-08-27T08:49:22.088961124,28.105888,-92.191025
2020-08-27T08:49:22.090868473,28.104435,-92.18703
2020-08-27T08:49:22.093157291,28.103397,-92.18623
2020-08-27T08:49:22.095064640,28.101213,-92.19187
2020-08-27T08:49:22.096971988,28.088556,-92.18039
2020-08-27T08:49:22.116808891,28.088594,-92.18045
2020-08-27T08:49:22.118716239,28.095997,-92.18453
2020-08-27T08:49:22.120623588,28.102415,-92.1891
2020-08-27T08:49:22.122912406,28.088583,-92.18043
2020-08-27T08:49:22.124819755,28.088577,-92.18041
2020-08-27T08:49:22.126727104,28.088573,-92.180405
2020-08-27T08:49:22.275884151,28.120287,-92.23142
2020-08-27T08:49:22.295721054,28.091215,-92.27047
2020-08-27T08:49:22.333487033,28.121794,-92.21641
2020-08-27T08:49:22.335394382,28.104296,-92.19296
2020-08-27T08:49:22.387275218,28.107151,-92.20506
2020-08-27T08:49:22.389182567,28.088781,-92.1804
2020-08-27T08:49:22.405204296,28.10662,-92.19732
2020-08-27T08:49:22.407111644,28.106617,-92.20702
2020-08-27T08:49:22.460899829,28.121647,-92.21964
2020-08-27T08:49:22.462807178,28.102234,-92.195175
2020-08-27T08:49:22.468910694,28.08865,-92.18041
2020-08-27T08:49:22.492562294,28.10531,-92.19546
2020-08-27T08:49:22.550165176,28.119804,-92.2172
2020-08-27T08:49:22.552072525,28.100418,-92.19054
2020-08-27T08:49:30.355537414,27.900587,-92.53976
2020-08-27T08:49:30.309760093,28.01611,-92.34545
2020-08-27T08:49:30.429162025,27.884726,-92.54165
2020-08-27T08:49:30.468835830,27.790838,-92.56923
2020-08-27T08:49:30.514613151,27.88614,-92.56455
2020-08-27T08:49:30.514613151,28.016123,-92.34549
2020-08-27T08:49:32.212179183,28.90859,-91.53452
2020-08-27T08:49:32.214086532,28.92774,-91.53826
2020-08-27T08:49:32.215993881,28.927725,-91.53826
2020-08-27T08:49:32.222097396,28.91265,-91.54897
2020-08-27T08:49:32.226293563,28.891916,-91.5472
2020-08-27T08:49:32.230108261,28.906385,-91.556786
2020-08-27T08:49:32.232015609,28.927668,-91.53823
2020-08-27T08:49:32.236211776,28.88313,-91.546844
2020-08-27T08:49:32.238119125,28.848892,-91.52286
2020-08-27T08:49:32.249944686,28.873655,-91.54754
2020-08-27T08:49:32.254140853,28.84892,-91.52273
2020-08-27T08:49:32.259862899,28.848951,-91.52275
2020-08-27T08:49:32.269783020,28.92771,-91.53821
2020-08-27T08:49:32.293815612,28.849922,-91.55687
2020-08-27T08:49:32.321662902,28.910704,-91.55874
2020-08-27T08:49:32.323570251,28.90953,-91.56101
2020-08-27T08:49:32.325477600,28.891516,-91.56174
2020-08-27T08:49:32.331581115,28.927694,-91.53815
2020-08-27T08:49:32.333488464,28.916113,-91.56148
2020-08-27T08:49:32.337303161,28.929012,-91.58513
2020-08-27T08:49:32.339591979,28.927704,-91.53821
2020-08-27T08:49:32.341499328,28.90186,-91.578094
2020-08-27T08:49:32.345314025,28.929207,-91.58956
2020-08-27T08:49:43.303579330,28.055344,-92.35301
2020-08-27T08:49:43.345541954,28.1486,-92.26761
2020-08-27T08:49:59.508660317,27.94071,-92.419464
2020-08-27T08:49:59.510567666,27.919771,-92.40086
2020-08-27T08:49:59.512475014,27.918577,-92.40205
2020-08-27T08:49:59.514382363,27.904764,-92.40065
2020-08-27T08:49:59.516671181,27.902842,-92.40374
2020-08-27T08:49:59.556344510,27.863098,-92.40394
2020-08-27T08:49:59.558251858,27.909307,-92.41311
2020-08-27T08:49:59.562066556,27.940714,-92.41936
2020-08-27T08:49:59.566263199,27.898352,-92.410934
2020-08-27T08:49:59.568170548,27.897718,-92.410805
2020-08-27T08:49:59.570077897,27.862974,-92.403915
2020-08-27T08:49:59.572366715,27.892996,-92.40991
2020-08-27T08:49:59.574274064,27.895227,-92.41038
2020-08-27T08:49:59.703212739,27.905325,-92.41241
2020-08-27T08:49:59.705501557,27.886827,-92.398384
2020-08-27T08:49:59.707408906,27.893282,-92.39325
2020-08-27T08:49:59.709316254,27.89247,-92.39588
2020-08-27T08:49:59.711223603,27.895723,-92.410484
2020-08-27T08:49:59.713512421,27.901909,-92.4117
2020-08-27T08:49:59.790952206,27.863207,-92.40399
2020-08-27T08:49:59.792859555,27.901083,-92.411545
2020-08-27T08:49:59.834440232,27.916985,-92.41462
2020-08-27T08:49:59.844358922,27.94088,-92.41938
2020-08-27T08:49:59.846647740,27.91807,-92.41483
2020-08-27T08:49:59.848555089,27.940859,-92.41936
2020-08-27T08:49:59.850462437,27.92282,-92.41578
2020-08-27T08:49:59.852369786,27.940872,-92.41937
2020-08-27T08:49:59.880217553,27.913486,-92.40691
2020-08-27T08:49:59.882124901,27.940903,-92.41944
2020-08-27T08:49:59.884413720,27.928709,-92.408005
2020-08-27T08:49:59.886321068,27.928219,-92.406044
2020-08-27T08:49:59.888228417,27.922274,-92.4157
2020-08-27T08:49:59.943923951,27.899874,-92.41132
2020-08-27T08:49:59.955749512,27.863232,-92.404015
2020-08-27T08:49:59.958038331,27.899082,-92.38384
2020-08-27T08:49:59.981689930,27.861969,-92.35827
2020-08-27T08:49:59.983597279,27.862177,-92.36535
2020-08-27T08:49:59.985886097,27.879848,-92.37361
2020-08-27T08:49:59.987793446,27.88539,-92.37773
2020-08-27T08:49:59.989700795,27.879225,-92.363625
2020-08-27T08:49:59.991608143,27.893805,-92.37353
2020-08-27T08:49:59.993515492,27.885687,-92.369934
2020-08-27T08:50:00.037385463,27.877844,-92.36289
2020-08-27T08:50:00.039292812,27.860716,-92.31397
2020-08-27T08:50:00.045396327,27.861647,-92.34741
2020-08-27T08:50:00.047303676,27.879667,-92.34987
2020-08-27T08:50:00.049211025,27.879784,-92.35842
2020-08-27T08:50:00.051118373,27.888271,-92.36506
2020-08-27T08:50:00.053407192,27.889425,-92.37745
2020-08-27T08:50:00.055314540,27.861666,-92.34725
2020-08-27T08:50:00.067140579,27.876726,-92.31723
2020-08-27T08:50:00.069047927,27.881525,-92.34474
2020-08-27T08:50:00.071336746,27.88857,-92.358536
2020-08-27T08:50:00.073244094,27.889982,-92.357254
2020-08-27T08:50:00.150683403,27.940958,-92.419495
2020-08-27T08:50:00.255970954,27.883566,-92.35357
2020-08-27T08:50:00.258259773,27.860779,-92.31398
2020-08-27T08:50:00.385291099,27.937002,-92.27529
2020-08-27T08:50:00.387198448,27.899864,-92.41119
2020-08-27T08:50:33.448923110,28.061579,-92.310776
2020-08-27T08:50:33.450830459,28.087635,-92.18105
2020-08-27T08:50:59.188601971,28.121883,-92.212296
2020-08-27T08:50:59.190509320,28.117886,-92.211334
2020-08-27T08:50:59.192416668,28.116814,-92.207016
2020-08-27T08:50:59.194705964,28.12151,-92.21654
2020-08-27T08:50:59.196613312,28.110626,-92.210396
2020-08-27T08:50:59.244297505,28.125618,-92.21667
2020-08-27T08:50:59.246204854,28.12643,-92.22002
2020-08-27T08:50:59.248112202,28.11842,-92.21148
2020-08-27T08:50:59.250019551,28.117994,-92.212166
2020-08-27T08:50:59.252308369,28.11514,-92.21244
2020-08-27T08:50:59.285878659,28.167885,-92.239815
2020-08-27T08:50:59.287786007,28.133936,-92.23139
2020-08-27T08:50:59.290074826,28.134817,-92.235634
2020-08-27T08:50:59.319829941,28.169117,-92.28504
2020-08-27T08:50:59.405280114,28.089521,-92.20894
2020-08-27T08:50:59.407187462,28.110981,-92.21409
2020-08-27T08:50:59.409094811,28.109716,-92.21432
2020-08-27T08:50:59.431220532,28.106384,-92.21437
2020-08-27T08:50:59.436942578,28.089724,-92.21708
2020-08-27T08:50:59.439231396,28.088665,-92.179474
2020-08-27T08:50:59.444953919,28.118269,-92.2081
2020-08-27T08:50:59.446861268,28.08866,-92.17954
2020-08-27T08:50:59.449150086,28.109165,-92.221825
2020-08-27T08:50:59.451057435,28.109093,-92.21871
2020-08-27T08:50:59.468986512,28.091085,-92.26959
2020-08-27T08:50:59.470893860,28.091148,-92.22147
2020-08-27T08:50:59.472801686,28.104567,-92.210045
2020-08-27T08:50:59.484627247,28.089762,-92.22055
2020-08-27T08:50:59.486916066,28.086979,-92.21586
2020-08-27T08:50:59.488823414,28.095396,-92.21924
2020-08-27T08:50:59.490730763,28.088598,-92.17952
2020-08-27T08:50:59.510567666,28.082687,-92.23502
2020-08-27T08:50:59.512475014,28.092703,-92.22824
2020-08-27T08:50:59.558251858,28.091127,-92.26963
2020-08-27T08:50:59.576181412,28.076254,-92.21296
2020-08-27T08:50:59.629969597,28.126066,-92.14199
2020-08-27T08:50:59.739452839,28.084751,-92.2182
2020-08-27T08:50:59.741360188,28.104706,-92.22099
2020-08-27T08:50:59.745174885,28.106207,-92.20285
2020-08-27T08:50:59.747082234,28.119528,-92.22115
2020-08-27T08:51:06.083392143,27.896069,-92.41137
2020-08-27T08:51:06.085299491,27.89093,-92.39408
2020-08-27T08:51:06.087206840,27.890566,-92.39472
2020-08-27T08:51:06.089114189,27.89129,-92.3922
2020-08-27T08:51:06.091021537,27.86202,-92.40465
2020-08-27T08:51:06.100939750,27.882195,-92.40865
2020-08-27T08:51:06.103228569,27.862059,-92.40465
2020-08-27T08:51:06.105135917,27.862078,-92.40465
2020-08-27T08:51:06.128787994,27.862064,-92.40465
2020-08-27T08:51:06.131076812,27.862053,-92.40465
2020-08-27T08:51:06.132984161,27.861263,-92.37723
2020-08-27T08:51:06.134891510,27.861216,-92.375916
2020-08-27T08:51:06.142902374,27.862045,-92.404625
2020-08-27T08:51:06.154727935,27.86207,-92.4046
2020-08-27T08:51:06.160831451,27.903782,-92.40615
2020-08-27T08:51:06.162738800,27.901453,-92.40737
2020-08-27T08:51:06.164646148,27.902922,-92.40447
2020-08-27T08:51:06.166553497,27.914558,-92.40381
2020-08-27T08:51:06.172657966,27.939749,-92.41999
2020-08-27T08:51:06.194401741,27.927849,-92.4082
2020-08-27T08:51:06.196690559,27.913803,-92.40421
2020-08-27T08:51:06.198597908,27.939663,-92.4201
2020-08-27T08:51:06.226445198,27.862036,-92.4046
2020-08-27T08:51:06.230259895,27.939713,-92.420044
2020-08-27T08:51:06.232168197,27.923557,-92.416824
2020-08-27T08:51:06.234457015,27.939714,-92.42003
2020-08-27T08:51:06.236364364,27.9284,-92.41778
2020-08-27T08:51:06.238271713,27.939714,-92.42002
2020-08-27T08:51:06.258108139,27.860502,-92.351746
2020-08-27T08:51:06.260015487,27.873716,-92.3559
2020-08-27T08:51:06.262304306,27.876234,-92.35781
2020-08-27T08:51:06.264211654,27.878265,-92.36071
2020-08-27T08:51:06.266119003,27.859447,-92.31456
2020-08-27T08:51:06.321814537,27.9397,-92.41998
2020-08-27T08:51:06.409172058,27.87474,-92.39115
2020-08-27T08:51:06.411079406,27.883873,-92.38439
2020-08-27T08:51:06.413368225,27.882298,-92.40513
2020-08-27T08:51:06.415275573,27.862087,-92.40449
2020-08-27T08:51:06.417182922,27.862095,-92.40448
2020-08-27T08:51:06.544596672,27.974836,-92.29278
2020-08-27T08:51:06.604106903,27.893343,-92.38488
2020-08-27T08:51:06.606014251,27.904081,-92.393555
2020-08-27T08:51:06.607921600,27.87851,-92.37916
2020-08-27T08:51:06.610210418,27.861954,-92.40443
2020-08-27T08:51:06.620128631,27.907074,-92.41342
2020-08-27T08:51:06.622035980,27.897953,-92.40043
2020-08-27T08:51:06.623943328,27.900234,-92.403465
2020-08-27T08:51:06.625850677,27.906366,-92.41327
2020-08-27T08:51:06.627758026,27.917318,-92.49062
2020-08-27T08:51:06.737241744,27.89837,-92.3803
2020-08-27T08:51:06.741437911,27.861944,-92.40439
2020-08-27T08:51:06.743345260,27.861954,-92.4044
2020-08-27T08:51:06.765089035,27.885412,-92.38361
2020-08-27T08:51:06.766996383,27.936964,-92.3298
2020-08-27T08:51:13.164342880,30.558275,-92.97837
2020-08-27T08:51:13.332954406,30.637623,-92.94725
2020-08-27T08:51:13.335243225,30.639215,-92.996895
2020-08-27T08:51:13.420694351,30.636124,-92.90336
2020-08-27T08:51:13.422601699,30.665071,-92.909966
2020-08-27T08:51:13.424509048,30.636135,-92.90337
2020-08-27T08:51:13.428705215,30.658945,-92.90858
2020-08-27T08:51:13.430612564,30.636175,-92.90339
2020-08-27T08:51:13.432519912,30.660204,-92.90886
2020-08-27T08:51:13.434427261,30.63622,-92.90339
2020-08-27T08:51:13.436334609,30.65576,-92.88767
2020-08-27T08:51:13.438623428,30.636248,-92.9034
2020-08-27T08:51:13.440530776,30.636229,-92.903404
2020-08-27T08:51:13.442438125,30.661997,-92.90929
2020-08-27T08:51:13.444345474,30.63619,-92.90342
2020-08-27T08:51:13.446634292,30.63617,-92.90343
2020-08-27T08:51:13.448541641,30.636158,-92.90343
2020-08-27T08:51:13.450448989,30.63616,-92.90341
2020-08-27T08:51:13.452356338,30.63616,-92.9034
2020-08-27T08:51:13.454263687,30.636162,-92.90337
2020-08-27T08:51:13.472192764,30.636154,-92.903435
2020-08-27T08:51:13.712903976,30.532097,-92.972496
2020-08-27T08:51:13.714811325,30.636068,-92.90344
2020-08-27T08:51:13.802169799,30.686691,-92.94879
2020-08-27T08:51:13.806365966,30.6362,-92.90349
2020-08-27T08:51:13.931489944,30.698135,-92.94229
2020-08-27T08:51:14.034870147,30.63743,-92.939156
2020-08-27T08:51:14.036777496,30.657145,-92.9336
2020-08-27T08:51:14.039066314,30.651163,-92.923454
2020-08-27T08:51:14.040973663,30.664017,-92.904465
2020-08-27T08:51:14.042881011,30.67477,-92.905045
2020-08-27T08:51:14.044788360,30.668558,-92.90571
2020-08-27T08:51:14.046695709,30.673792,-92.902824
2020-08-27T08:51:14.048984527,30.677923,-92.91083
2020-08-27T08:51:14.050891876,30.667328,-92.91061
2020-08-27T08:51:14.052799224,30.636173,-92.90351
2020-08-27T08:51:14.172201156,30.55803,-92.9785
2020-08-27T08:51:14.174108505,30.558031,-92.97847
2020-08-27T08:51:14.192037582,30.506384,-93.002495
2020-08-27T08:51:14.434656143,30.585438,-92.97636
2020-08-27T08:51:53.820861816,27.966328,-92.35105
2020-08-27T08:51:53.822769165,27.937431,-92.32964
2020-08-27T08:51:53.826965332,27.93741,-92.32965
2020-08-27T08:51:53.828872680,27.957993,-92.33374
2020-08-27T08:51:53.830780029,27.954924,-92.336845
2020-08-27T08:51:53.832687377,27.955315,-92.33964
2020-08-27T08:51:53.840698242,27.93742,-92.32965
2020-08-27T08:51:53.908220291,27.96096,-92.33423
2020-08-27T08:51:53.910509109,27.937346,-92.329544
2020-08-27T08:51:53.918138504,27.937359,-92.32957
2020-08-27T08:51:53.920427322,27.93736,-92.32955
2020-08-27T08:51:53.968111038,27.937317,-92.329506
2020-08-27T08:51:53.970018386,27.937317,-92.329506
2020-08-27T08:51:53.973833084,27.93732,-92.32953
2020-08-27T08:51:53.991762161,27.937391,-92.32953
2020-08-27T08:51:53.993669509,27.944494,-92.32875
2020-08-27T08:51:53.995958328,27.95189,-92.33106
2020-08-27T08:51:53.997867584,27.946167,-92.32611
2020-08-27T08:51:53.999774932,27.944416,-92.3264
2020-08-27T08:51:54.001682281,27.945759,-92.32619
2020-08-27T08:51:54.003589630,27.937273,-92.329544
2020-08-27T08:51:54.005878448,27.937271,-92.32953
2020-08-27T08:51:54.033725738,27.934248,-92.322815
2020-08-27T08:51:54.035633087,27.937431,-92.32956
2020-08-27T08:51:54.037540435,27.93747,-92.32956
2020-08-27T08:51:54.089420318,27.937405,-92.329506
2020-08-27T08:51:54.099338531,27.892878,-92.32071
2020-08-27T08:51:54.103153228,27.937435,-92.32953
2020-08-27T08:51:54.107349395,27.910093,-92.32414
2020-08-27T08:51:54.109256744,27.937433,-92.329544
2020-08-27T08:51:54.111164093,27.964216,-92.334854
2020-08-27T08:51:54.113071441,27.949707,-92.330666
2020-08-27T08:51:54.164953231,27.97635,-92.33726
2020-08-27T08:51:54.166860580,27.936388,-92.29208
2020-08-27T08:51:54.168767929,27.95683,-92.30595
2020-08-27T08:51:54.170675277,27.95659,-92.30823
2020-08-27T08:51:54.172582626,27.954334,-92.30654
2020-08-27T08:51:54.174871444,27.954449,-92.315025
2020-08-27T08:51:54.176778793,27.937416,-92.32956
2020-08-27T08:51:54.246208190,27.971975,-92.36504
2020-08-27T08:51:54.248115539,27.965298,-92.41071
2020-08-27T08:51:54.250404357,27.988346,-92.35868
2020-08-27T08:51:54.270240783,27.937454,-92.32951
2020-08-27T08:51:54.299995422,27.973612,-92.36273
2020-08-27T08:51:54.324028015,27.95721,-92.31987
2020-08-27T08:51:54.325935363,27.937496,-92.32949
2020-08-27T08:51:54.327842712,27.953947,-92.31933
2020-08-27T08:51:54.357597351,27.936424,-92.29189
2020-08-27T08:51:54.359504699,27.959631,-92.32197
2020-08-27T08:51:54.361793518,27.952648,-92.31398
2020-08-27T08:51:54.379343032,27.936125,-92.28212
2020-08-27T08:51:54.387353897,27.954626,-92.31503
2020-08-27T08:51:54.389642715,27.936441,-92.29002
2020-08-27T08:51:54.391550064,27.936811,-92.30419
2020-08-27T08:51:54.429315567,27.940624,-92.28622
2020-08-27T08:51:54.431222915,27.949152,-92.33689
2020-08-27T08:51:54.433130264,27.94584,-92.29928
2020-08-27T08:51:54.433130264,27.867577,-92.5843
2020-08-27T08:51:54.435037612,27.954199,-92.31695
2020-08-27T08:51:54.435037612,27.867613,-92.5843
2020-08-27T08:51:54.437326431,27.937592,-92.32953
2020-08-27T08:51:54.439233779,27.953049,-92.31188
2020-08-27T08:51:59.590295792,26.822474,-93.53717
2020-08-27T08:51:59.604410649,26.822432,-93.53716
2020-08-27T08:52:01.560617446,28.048227,-92.37199
2020-08-27T08:52:01.562524795,28.049988,-92.37277
2020-08-27T08:52:01.564432144,28.049374,-92.36919
2020-08-27T08:52:01.566339492,28.062698,-92.36319
2020-08-27T08:52:01.568246841,28.058523,-92.36397
2020-08-27T08:52:01.570535659,28.054867,-92.35719
2020-08-27T08:52:01.572443008,28.05618,-92.3612
2020-08-27T08:52:01.574350357,28.04912,-92.361824
2020-08-27T08:52:01.576258182,28.05414,-92.358604
2020-08-27T08:52:01.578165531,28.060823,-92.369644
2020-08-27T08:52:01.580454349,28.063171,-92.38068
2020-08-27T08:52:01.582361698,28.101269,-92.41722
2020-08-27T08:52:01.584269046,28.01133,-92.3049
2020-08-27T08:52:01.623942375,28.02072,-92.32294
2020-08-27T08:52:01.626231193,27.992107,-92.28496
2020-08-27T08:52:01.673915863,28.0514,-92.36134
2020-08-27T08:52:01.675823211,28.052515,-92.37765
2020-08-27T08:52:01.677730560,28.085125,-92.41954
2020-08-27T08:52:01.679637908,28.055733,-92.38227
2020-08-27T08:52:01.681545257,28.058426,-92.36015
2020-08-27T08:52:01.683834075,28.056559,-92.354195
2020-08-27T08:52:01.685741424,28.015467,-92.345985
2020-08-27T08:52:01.838713169,28.030544,-92.33491
2020-08-27T08:52:01.840620517,28.089787,-92.41161
2020-08-27T08:52:01.840620517,27.915876,-92.78707
2020-08-27T08:52:01.842527866,28.06727,-92.400764
2020-08-27T08:52:01.844816684,28.048576,-92.35922
2020-08-27T08:52:01.846724033,28.035715,-92.3491
2020-08-27T08:52:01.848631381,28.040503,-92.34952
2020-08-27T08:52:01.932174682,28.014229,-92.302826
2020-08-27T08:52:01.934082031,28.015312,-92.303154
2020-08-27T08:52:01.956207752,27.992685,-92.28082
2020-08-27T08:52:01.981766700,28.024992,-92.3262
2020-08-27T08:52:01.985962867,28.067526,-92.35651
2020-08-27T08:52:01.987870216,28.038237,-92.32306
2020-08-27T08:52:01.989777565,28.062834,-92.37106
2020-08-27T08:52:01.991684913,28.015408,-92.34611
2020-08-27T08:52:01.993973731,28.062525,-92.36865
2020-08-27T08:52:01.995881080,28.068129,-92.381226
2020-08-27T08:52:01.997788429,28.067183,-92.39803
2020-08-27T08:52:01.999695777,28.063665,-92.39843
2020-08-27T08:52:02.001603126,28.058397,-92.378235
2020-08-27T08:52:02.003891944,28.05542,-92.367775
2020-08-27T08:52:02.005799293,28.053337,-92.35815
2020-08-27T08:52:02.007706642,28.051317,-92.36147
2020-08-27T08:52:02.009614467,28.056816,-92.35436
2020-08-27T08:52:02.011903285,28.054647,-92.35392
2020-08-27T08:52:50.015261650,30.610363,-92.97123
2020-08-27T08:52:50.048830986,30.637955,-92.9366
2020-08-27T08:52:50.086597442,30.61863,-92.97626
2020-08-27T08:52:50.164418220,30.61089,-92.95703
2020-08-27T08:52:50.223928451,30.636955,-92.90404
2020-08-27T08:52:50.168995857,27.898973,-92.5511
2020-08-27T08:52:50.170903205,27.89788,-92.588745
2020-08-27T08:52:50.230413436,27.887388,-92.586494
2020-08-27T08:53:08.771269798,28.097164,-92.17976
2020-08-27T08:53:08.773177146,28.098783,-92.18574
2020-08-27T08:53:08.775084495,28.10066,-92.18004
2020-08-27T08:53:08.777373313,28.104162,-92.18441
2020-08-27T08:53:08.779280662,28.088308,-92.18128
2020-08-27T08:53:08.781188011,28.113335,-92.18625
2020-08-27T08:53:08.783095359,28.10523,-92.17919
2020-08-27T08:53:08.785384178,28.106228,-92.178535
2020-08-27T08:53:08.787291526,28.088291,-92.18133
2020-08-27T08:53:08.826964378,28.088314,-92.18141
2020-08-27T08:53:08.828871726,28.117136,-92.187126
2020-08-27T08:53:08.830780029,28.08832,-92.181404
2020-08-27T08:53:08.833068847,28.119022,-92.18746
2020-08-27T08:53:08.834976196,28.117243,-92.1754
2020-08-27T08:53:08.836883544,28.111313,-92.17199
2020-08-27T08:53:08.850997924,28.131859,-92.17353
2020-08-27T08:53:08.852905273,28.088223,-92.18132
2020-08-27T08:53:08.866638183,28.130386,-92.17067
2020-08-27T08:53:08.868545532,28.117676,-92.16836
2020-08-27T08:53:08.870834350,28.095171,-92.18613
2020-08-27T08:53:08.872741699,28.096186,-92.18847
2020-08-27T08:53:08.874649047,28.09916,-92.18974
2020-08-27T08:53:08.876556396,28.088186,-92.18138
2020-08-27T08:53:08.912415504,28.127462,-92.17561
2020-08-27T08:53:09.147023200,28.088074,-92.18137
2020-08-27T08:53:09.147023200,28.005207,-91.98626
2020-08-27T08:53:16.556423187,28.0145,-92.30877
2020-08-27T08:53:16.560619354,28.003586,-92.31682
2020-08-27T08:53:16.600294113,28.014685,-92.312485
2020-08-27T08:53:16.631956100,27.983685,-92.30337
2020-08-27T08:53:16.721603393,28.015688,-92.34526
2020-08-27T08:53:16.723510742,27.99179,-92.28679
2020-08-27T08:53:16.725418090,28.014427,-92.30185
2020-08-27T08:53:16.789123535,28.0084,-92.296265
2020-08-27T08:53:16.791030883,27.990864,-92.27851
2020-08-27T08:53:16.793319702,27.935408,-92.23986
2020-08-27T08:53:17.359811782,27.830769,-92.281456
2020-08-27T08:53:17.133214950,27.96841,-92.24629
2020-08-27T08:53:17.361719131,27.899925,-92.29452
2020-08-27T08:54:20.976196765,28.050531,-92.370255
2020-08-27T08:54:20.129321098,28.013027,-92.282135
2020-08-27T08:54:20.131228446,28.012299,-92.25621
2020-08-27T08:54:20.137331962,28.012327,-92.25627
2020-08-27T08:54:20.143054008,28.012312,-92.25626
2020-08-27T08:54:20.151064872,28.0123,-92.256226
2020-08-27T08:54:20.157168865,28.012321,-92.25618
2020-08-27T08:54:20.165179729,28.01229,-92.256165
2020-08-27T08:54:20.168994426,28.012268,-92.256165
2020-08-27T08:54:20.220875263,28.013376,-92.2915
2020-08-27T08:54:20.222782611,28.030935,-92.293495
2020-08-27T08:54:20.234608173,28.013361,-92.29242
2020-08-27T08:54:20.236515522,28.013206,-92.28674
2020-08-27T08:54:20.238422870,28.024439,-92.29662
2020-08-27T08:54:20.240711688,28.021511,-92.29045
2020-08-27T08:54:20.242619037,28.013084,-92.28331
2020-08-27T08:54:20.264363288,28.012999,-92.28336
2020-08-27T08:54:20.266270637,28.00582,-92.27917
2020-08-27T08:54:20.268559455,28.011053,-92.2829
2020-08-27T08:54:20.270466804,28.022945,-92.29336
2020-08-27T08:54:20.272374153,28.016943,-92.28192
2020-08-27T08:54:20.296407222,27.979025,-92.26177
2020-08-27T08:54:20.298314571,28.007376,-92.28264
2020-08-27T08:54:20.300221920,28.017344,-92.29535
2020-08-27T08:54:20.302129268,27.9945,-92.26946
2020-08-27T08:54:20.318151473,27.934437,-92.24081
2020-08-27T08:54:20.320058822,27.97044,-92.24791
2020-08-27T08:54:20.321966171,27.976751,-92.271484
2020-08-27T08:54:20.324254989,27.974457,-92.26964
2020-08-27T08:54:20.326162338,27.985094,-92.27322
2020-08-27T08:54:20.328069686,27.988628,-92.251495
2020-08-27T08:54:20.344091892,27.93451,-92.24087
2020-08-27T08:54:20.345999240,27.972815,-92.24844
2020-08-27T08:54:20.347906589,27.974182,-92.24873
2020-08-27T08:54:20.355917453,27.95446,-92.24488
2020-08-27T08:54:20.357824802,27.964329,-92.25985
2020-08-27T08:54:20.359732151,27.97387,-92.2656
2020-08-27T08:54:20.362020969,27.995874,-92.271576
2020-08-27T08:54:20.437553405,27.9345,-92.240974
2020-08-27T08:54:20.467308521,27.934425,-92.24093
2020-08-27T08:54:20.469215869,27.954817,-92.25296
2020-08-27T08:54:20.471123218,27.994993,-92.267654
2020-08-27T08:54:20.475319385,28.01323,-92.29437
2020-08-27T08:54:20.498970985,27.934423,-92.24097
2020-08-27T08:54:20.500878334,27.934439,-92.24096
2020-08-27T08:54:20.503167152,27.975655,-92.24909
2020-08-27T08:54:20.516900062,27.934391,-92.24085
2020-08-27T08:54:20.518807411,27.926971,-92.23939
2020-08-27T08:54:20.521096229,27.933825,-92.234665
2020-08-27T08:54:20.523004055,27.956099,-92.25503
2020-08-27T08:54:20.524911403,28.012123,-92.25626
2020-08-27T08:54:20.588617801,28.012138,-92.2563
2020-08-27T08:54:20.640116691,27.934435,-92.24095
2020-08-27T08:54:20.767529487,27.998745,-92.39514
2020-08-27T08:54:20.926605224,28.022423,-92.29062
2020-08-27T08:54:20.928512573,28.009403,-92.282
2020-08-27T08:54:20.930419921,27.986141,-92.26877
2020-08-27T08:54:20.932327270,27.980824,-92.26441
2020-08-27T08:54:20.934616088,27.972456,-92.24834
2020-08-27T08:54:20.936523437,28.012754,-92.28277
2020-08-27T08:54:20.954452514,28.027832,-92.30958
2020-08-27T08:54:20.956360340,28.03551,-92.323395
2020-08-27T08:54:20.958267688,28.02749,-92.32338
2020-08-27T08:54:20.960175037,28.034695,-92.32574
2020-08-27T08:54:20.962082386,28.034578,-92.324585
2020-08-27T08:54:20.964371204,28.03099,-92.32778
2020-08-27T08:54:20.966278553,28.034554,-92.32309
2020-08-27T08:54:20.968185901,28.029682,-92.32077
2020-08-27T08:54:20.970093250,28.03193,-92.32465
2020-08-27T08:54:20.972000598,28.031929,-92.323395
2020-08-27T08:54:20.974289417,28.034372,-92.32753
2020-08-27T08:54:20.978104114,27.992105,-92.28608
2020-08-27T08:54:21.047532558,28.045706,-92.35248
2020-08-27T08:54:21.049821853,28.044455,-92.38093
2020-08-27T08:54:21.051729202,28.020288,-92.32789
2020-08-27T08:54:21.053636550,28.03529,-92.32419
2020-08-27T08:54:21.055543899,28.013233,-92.30046
2020-08-27T08:54:21.125353813,28.014444,-92.3424
2020-08-27T08:54:21.145190715,28.002037,-92.372696
2020-08-27T08:54:21.214619159,27.984327,-92.47366
2020-08-27T08:54:21.226826190,28.014597,-92.34639
2020-08-27T08:55:00.196842193,26.965498,-93.20883
2020-08-27T08:55:00.204853057,26.965544,-93.20881
2020-08-27T08:55:00.210956573,26.992771,-93.214294
2020-08-27T08:55:00.212863922,26.993668,-93.21449
2020-08-27T08:55:00.217060565,26.986519,-93.21929
2020-08-27T08:55:00.222782611,26.99664,-93.21506
2020-08-27T08:55:00.256733894,26.996521,-93.21501
2020-08-27T08:55:00.284581661,26.965508,-93.20886
2020-08-27T08:55:00.332265853,26.999182,-93.236694
2020-08-27T08:55:16.399637222,27.939116,-92.37932
2020-08-27T08:55:16.401544570,27.911371,-92.37586
2020-08-27T08:55:16.403833389,27.939018,-92.37727
2020-08-27T08:55:16.443506240,27.939308,-92.38654
2020-08-27T08:55:16.445413589,27.925459,-92.38806
2020-08-27T08:55:16.469446182,27.940197,-92.420296
2020-08-27T08:55:16.471353530,27.92581,-92.40087
2020-08-27T08:55:16.497295379,27.940174,-92.42023
2020-08-27T08:55:16.503017425,27.940147,-92.42022
2020-08-27T08:55:16.515224456,27.940125,-92.42024
2020-08-27T08:55:16.540782928,27.940163,-92.4202
2020-08-27T08:55:16.542690277,27.929123,-92.40471
2020-08-27T08:55:16.574733734,27.93874,-92.37119
2020-08-27T08:55:16.580455780,27.938692,-92.368744
2020-08-27T08:55:16.582744598,27.921387,-92.37955
2020-08-27T08:55:16.584651947,27.922207,-92.364006
2020-08-27T08:55:16.624326705,27.93761,-92.33019
2020-08-27T08:55:16.654081344,27.937597,-92.33015
2020-08-27T08:55:16.656370162,27.929756,-92.34896
2020-08-27T08:55:16.658277511,27.937622,-92.330154
2020-08-27T08:55:16.715879440,27.918682,-92.41004
2020-08-27T08:55:16.727706909,27.937668,-92.33028
2020-08-27T08:55:16.729614257,27.937658,-92.33026
2020-08-27T08:55:16.781494140,27.940212,-92.42035
2020-08-27T08:55:16.783401489,27.939726,-92.40438
2020-08-27T08:55:16.785308837,27.940147,-92.4203
2020-08-27T08:55:16.884874343,27.927053,-92.423874
2020-08-27T08:55:16.886781692,27.933006,-92.39206
2020-08-27T08:55:16.888689041,27.936235,-92.36568
2020-08-27T08:55:16.890596389,27.938116,-92.35104
2020-08-27T08:55:16.892885208,27.937529,-92.3303
2020-08-27T08:55:16.894792556,27.937532,-92.330284
2020-08-27T08:55:16.926454544,27.937654,-92.33039
2020-08-27T08:55:16.928361892,27.93594,-92.36935
2020-08-27T08:55:16.930650711,27.939165,-92.384544
2020-08-27T08:55:16.932558059,27.940798,-92.354706
2020-08-27T08:55:16.932558059,27.867706,-92.58513
2020-08-27T08:55:16.934465408,27.937645,-92.33032
2020-08-27T08:55:16.948579788,27.937582,-92.33024
2020-08-27T08:55:16.950487136,27.937597,-92.33025
2020-08-27T08:55:16.952394485,27.937614,-92.33027
2020-08-27T08:55:16.954301834,27.93763,-92.330284
2020-08-27T08:55:16.958498001,27.93643,-92.32787
2020-08-27T08:55:16.960405349,27.935349,-92.34293
2020-08-27T08:55:16.962312698,27.936462,-92.34519
2020-08-27T08:55:16.964220046,27.936588,-92.36771
2020-08-27T08:55:16.966508865,27.937326,-92.32927
2020-08-27T08:55:16.968418121,27.9376,-92.33031
2020-08-27T08:55:16.978336334,27.936256,-92.28085
2020-08-27T08:55:16.980243682,27.936401,-92.28624
2020-08-27T08:55:16.982151031,27.936407,-92.286766
2020-08-27T08:55:16.984058380,27.936348,-92.28501
2020-08-27T08:55:16.986347198,27.936657,-92.29626
2020-08-27T08:55:17.006183624,27.935118,-92.240364
2020-08-27T08:55:17.085529327,28.014168,-92.301796
2020-08-27T08:55:17.087436676,27.936577,-92.29175
2020-08-27T08:55:17.091632843,27.940386,-92.33848
2020-08-27T08:55:17.093542098,27.942837,-92.30524
2020-08-27T08:55:17.095449447,27.94261,-92.30557
2020-08-27T08:55:17.099645614,27.937586,-92.33032
2020-08-27T08:55:17.101552963,27.937582,-92.33033
2020-08-27T08:55:17.123296737,27.95382,-92.26123
2020-08-27T08:55:17.127492904,27.95302,-92.34657
2020-08-27T08:55:17.129400253,27.937666,-92.33035
2020-08-27T08:55:33.550777435,28.136862,-92.188614
2020-08-27T08:55:33.552684783,28.129978,-92.191666
2020-08-27T08:55:33.616390228,28.244106,-92.21186
2020-08-27T08:55:33.680097579,28.244228,-92.211945
2020-08-27T08:55:33.970399856,28.194277,-92.24429
2020-08-27T08:55:33.972307205,28.218473,-92.20676
2020-08-27T08:55:34.248497009,28.115747,-92.096375
2020-08-27T08:55:34.250785827,28.161528,-92.162254
2020-08-27T08:55:34.268714904,28.063576,-91.99597
2020-08-27T08:55:34.332038879,28.08318,-92.00092
2020-08-27T08:55:34.374002456,28.14127,-92.10019
2020-08-27T08:55:34.382013320,28.135103,-92.09586
2020-08-27T08:55:34.383920669,28.150393,-92.0989
2020-08-27T08:55:34.383920669,28.093252,-92.36106
2020-08-27T08:55:34.385828018,28.108946,-92.09467
2020-08-27T08:55:34.387735366,28.08433,-92.08181
2020-08-27T08:55:34.389642715,28.067438,-92.04287
2020-08-27T08:55:34.391931533,28.166046,-92.19623
2020-08-27T08:55:34.391931533,28.083065,-92.000854
2020-08-27T08:55:34.630353927,28.159842,-92.01135
2020-08-27T08:55:34.674222946,28.195633,-92.074295
2020-08-27T08:55:34.695966720,28.163147,-92.0051
2020-08-27T08:55:34.710081100,28.181551,-92.04204
2020-08-27T08:55:34.727628707,28.151756,-92.082146
2020-08-27T08:55:34.743652343,28.1327,-92.05689
2020-08-27T08:55:34.791336059,28.154474,-92.00902
2020-08-27T08:55:34.793243408,28.163475,-92.106026
2020-08-27T08:55:34.801254272,28.175259,-92.07197
2020-08-27T08:55:50.598537445,28.033417,-92.29361
2020-08-27T08:55:50.217061996,28.013042,-92.25618
2020-08-27T08:55:50.222784042,28.01311,-92.256256
2020-08-27T08:55:50.228887557,28.013191,-92.256325
2020-08-27T08:55:50.320442199,28.013073,-92.256195
2020-08-27T08:55:50.322349548,28.023806,-92.27472
2020-08-27T08:55:50.375755310,28.012266,-92.22336
2020-08-27T08:55:50.378045082,28.030407,-92.24806
2020-08-27T08:55:50.391777992,28.01314,-92.25624
2020-08-27T08:55:50.393685340,28.012327,-92.22822
2020-08-27T08:55:50.397881507,28.012472,-92.23486
2020-08-27T08:55:50.411614418,28.012064,-92.21551
2020-08-27T08:55:50.413521766,28.01222,-92.22089
2020-08-27T08:55:50.415810585,28.01211,-92.21681
2020-08-27T08:55:50.417717933,28.011673,-92.22906
2020-08-27T08:55:50.419625282,28.01193,-92.21084
2020-08-27T08:55:50.425728797,28.011637,-92.20267
2020-08-27T08:55:50.427636146,28.000395,-92.20233
2020-08-27T08:55:50.431450843,27.980852,-92.19586
2020-08-27T08:55:50.433739662,28.011965,-92.21295
2020-08-27T08:55:50.447473526,28.010592,-92.16624
2020-08-27T08:55:50.449380874,27.989105,-92.18608
2020-08-27T08:55:50.455484390,27.966902,-92.15766
2020-08-27T08:55:50.461587905,27.96423,-92.1805
2020-08-27T08:55:50.467309951,27.958035,-92.15601
2020-08-27T08:55:50.469217300,27.968973,-92.180176
2020-08-27T08:55:50.485239028,27.950666,-92.15454
2020-08-27T08:55:50.487146377,27.991,-92.19406
2020-08-27T08:55:50.521098136,27.94939,-92.17139
2020-08-27T08:55:50.523005485,27.97895,-92.20707
2020-08-27T08:55:50.527201652,27.93287,-92.150986
2020-08-27T08:55:50.529109001,27.932875,-92.150986
2020-08-27T08:55:50.531016349,27.932875,-92.15101
2020-08-27T08:55:50.547038078,27.932861,-92.1511
2020-08-27T08:55:50.548945426,27.943855,-92.17095
2020-08-27T08:55:50.568782806,28.013172,-92.256325
2020-08-27T08:55:50.576793670,28.013134,-92.25631
2020-08-27T08:55:50.578701019,28.013676,-92.27549
2020-08-27T08:55:50.580608367,28.013866,-92.281654
2020-08-27T08:55:50.594722747,27.962208,-92.20436
2020-08-27T08:55:50.596630096,28.018705,-92.27587
2020-08-27T08:55:50.600444793,28.013731,-92.2791
2020-08-27T08:55:50.602733612,28.013086,-92.256256
2020-08-27T08:55:50.604640960,28.013739,-92.27892
2020-08-27T08:55:50.606548309,28.013683,-92.27682
2020-08-27T08:55:50.608455657,28.010065,-92.27414
2020-08-27T08:55:50.610363006,28.013674,-92.27677
2020-08-27T08:55:50.656140327,27.973473,-92.18883
2020-08-27T08:55:50.658429145,27.932913,-92.151024
2020-08-27T08:55:50.670254707,27.906088,-92.145744
2020-08-27T08:55:50.672162055,27.932842,-92.15097
2020-08-27T08:55:50.680172920,27.889711,-92.147995
2020-08-27T08:55:50.682080268,27.96549,-92.157394
2020-08-27T08:55:50.683987617,28.01218,-92.22199
2020-08-27T08:55:50.690092086,27.892729,-92.14316
2020-08-27T08:55:50.691999435,27.932861,-92.150986
2020-08-27T08:55:50.700010299,27.888763,-92.1423
2020-08-27T08:55:50.701917648,27.898722,-92.149216
2020-08-27T08:55:50.703824996,27.93284,-92.15095
2020-08-27T08:55:50.714124679,27.855246,-92.1358
2020-08-27T08:55:50.727857589,27.855186,-92.13582
2020-08-27T08:55:50.733961105,27.883884,-92.12941
2020-08-27T08:55:50.735868453,27.932854,-92.151
2020-08-27T08:55:50.743879318,27.854237,-92.10084
2020-08-27T08:55:50.898758888,28.02209,-92.29132
2020-08-27T08:55:50.900666236,28.0192,-92.3161
2020-08-27T08:55:50.902573585,28.013866,-92.28205
2020-08-27T08:55:50.904862403,28.013128,-92.256355
2020-08-27T08:56:14.616619110,27.862883,-92.4054
2020-08-27T08:56:14.630353927,27.861902,-92.37075
2020-08-27T08:56:14.632261276,27.86179,-92.367035
2020-08-27T08:56:14.674222946,27.8629,-92.405396
2020-08-27T08:56:14.773788452,27.861647,-92.365105
2020-08-27T08:56:14.775695800,27.87561,-92.37297
2020-08-27T08:56:14.795532226,27.861618,-92.363594
2020-08-27T08:56:14.797439575,27.861504,-92.359924
2020-08-27T08:56:14.799346923,27.884518,-92.38718
2020-08-27T08:56:14.801254272,27.88858,-92.36044
2020-08-27T08:56:14.803543090,27.88391,-92.357056
2020-08-27T08:56:14.803543090,27.867998,-92.58562
2020-08-27T08:56:14.805450439,27.882248,-92.34931
2020-08-27T08:56:14.819183349,27.894901,-92.35007
2020-08-27T08:56:14.821472167,27.897324,-92.36865
2020-08-27T08:56:14.934770584,27.890615,-92.35161
2020-08-27T08:56:14.936677932,27.89407,-92.42165
2020-08-27T08:56:14.938585281,27.892672,-92.38169
2020-08-27T08:56:14.942399978,27.891615,-92.321724
2020-08-27T08:56:15.033954620,27.862713,-92.40543
2020-08-27T08:56:15.035861968,27.901674,-92.42644
2020-08-27T08:56:15.038150787,27.893343,-92.474365
2020-08-27T08:56:15.040058135,28.018173,-92.43642
2020-08-27T08:56:15.171285629,27.900208,-92.45244
2020-08-27T08:56:15.173192977,27.888927,-92.35194
2020-08-27T08:56:15.175100326,27.889893,-92.3939
2020-08-27T08:56:15.177007675,27.860144,-92.31552
2020-08-27T08:56:15.179296493,27.86014,-92.31552
2020-08-27T08:56:15.181203842,27.889694,-92.32135
2020-08-27T08:56:15.183111190,27.889233,-92.34693
2020-08-27T08:56:15.185018539,27.890415,-92.404945
2020-08-27T08:56:15.186925888,27.882586,-92.34396
2020-08-27T08:56:15.212865829,27.860086,-92.31554
2020-08-27T08:56:15.270469665,27.888351,-92.32111
2020-08-27T08:56:15.272758483,27.897972,-92.3877
2020-08-27T08:56:15.274665832,27.889189,-92.34216
2020-08-27T08:56:15.276573181,27.891207,-92.40599
2020-08-27T08:56:15.278480529,27.892534,-92.389145
2020-08-27T08:56:15.280387878,27.878086,-92.34226
2020-08-27T08:56:15.310523986,27.878628,-92.31081
2020-08-27T08:56:15.312431335,27.875988,-92.34533
2020-08-27T08:56:15.314338684,27.885813,-92.347786
2020-08-27T08:56:15.316246032,27.860086,-92.315445
2020-08-27T08:56:15.318153381,27.889994,-92.367905
2020-08-27T08:56:15.320442199,27.882172,-92.33371
2020-08-27T08:56:15.322349548,27.89249,-92.39517
2020-08-27T08:56:15.324256896,27.873604,-92.32132
2020-08-27T08:56:15.326164245,27.860052,-92.31547
2020-08-27T08:56:15.332267761,27.872623,-92.28858
2020-08-27T08:56:15.334175109,27.890884,-92.37467
2020-08-27T08:56:15.336082458,27.87435,-92.323135
2020-08-27T08:56:15.338371276,27.860086,-92.315544
2020-08-27T08:56:15.354011535,27.858032,-92.24438
2020-08-27T08:56:15.355918884,27.870846,-92.26831
2020-08-27T08:56:15.358207702,27.876822,-92.34799
2020-08-27T08:56:15.447473526,27.861439,-92.36338
2020-08-27T08:56:15.548946380,27.878649,-92.32683
2020-08-27T08:56:15.550853729,27.89907,-92.3377
2020-08-27T08:56:15.550853729,27.867682,-92.58568
2020-08-27T08:56:15.552761077,27.882063,-92.3085
2020-08-27T08:56:15.555049896,27.873512,-92.30765
2020-08-27T08:56:15.556957244,27.860044,-92.31552
2020-08-27T08:56:37.282752990,27.563051,-92.77518
2020-08-27T08:56:37.284660339,27.60297,-92.756516
2020-08-27T08:56:37.288475036,27.592215,-92.74139
2020-08-27T08:56:37.290382385,27.53635,-92.75458
2020-08-27T08:56:37.292671203,27.548319,-92.76521
2020-08-27T08:56:37.304496765,27.604567,-92.75486
2020-08-27T08:56:37.531093597,27.638111,-92.628876
2020-08-27T08:56:58.857103347,26.879856,-93.20824
2020-08-27T08:56:58.652631759,26.995764,-93.21523
2020-08-27T08:56:58.656446456,26.992996,-93.224
2020-08-27T08:56:58.666364669,26.999699,-93.23361
2020-08-27T08:56:58.668272018,27.008532,-93.21778
2020-08-27T08:56:58.710235595,26.965673,-93.20919
2020-08-27T08:56:58.712142944,26.988237,-93.21372
2020-08-27T08:56:58.714050292,26.965662,-93.20915
2020-08-27T08:56:58.718246459,26.986824,-93.21339
2020-08-27T08:56:58.720153808,26.965645,-93.20912
2020-08-27T08:56:58.756011962,26.965584,-93.20926
2020-08-27T08:56:58.799499511,26.991457,-93.20595
2020-08-27T08:56:58.803695678,26.995424,-93.21526
2020-08-27T08:56:58.807510375,26.965574,-93.20925
2020-08-27T08:56:58.809417724,26.96779,-93.19486
2020-08-27T08:56:58.813613891,26.9656,-93.2093
2020-08-27T08:56:58.821624755,26.965641,-93.2093
2020-08-27T08:56:58.823532104,26.96565,-93.20928
2020-08-27T08:56:58.859392166,26.918459,-93.20638
2020-08-27T08:56:58.861299514,26.90986,-93.207695
2020-08-27T08:56:58.863206863,26.965673,-93.2093
2020-08-27T08:56:58.970401763,26.931658,-93.1999
2020-08-27T08:56:58.972690582,26.978941,-93.212
2020-08-27T08:57:13.688108444,27.924295,-92.348236
2020-08-27T08:57:13.690015792,27.921995,-92.35885
2020-08-27T08:57:13.707944869,27.937124,-92.3301
2020-08-27T08:57:13.775848388,27.937107,-92.330124
2020-08-27T08:57:13.777755737,27.937538,-92.34494
2020-08-27T08:57:13.825439453,27.937073,-92.33019
2020-08-27T08:57:13.827346801,27.925623,-92.35987
2020-08-27T08:57:13.829254150,27.917416,-92.366
2020-08-27T08:57:13.839172363,27.908958,-92.37467
2020-08-27T08:57:13.841461181,27.909163,-92.37083
2020-08-27T08:57:13.876939773,27.937428,-92.339165
2020-08-27T08:57:13.879228591,27.93904,-92.3649
2020-08-27T08:57:13.881135940,27.937588,-92.34448
2020-08-27T08:57:13.883043289,27.937191,-92.33022
2020-08-27T08:57:13.884950637,27.9372,-92.33019
2020-08-27T08:57:13.889146804,27.937212,-92.33016
2020-08-27T08:57:13.891054153,27.943893,-92.34467
2020-08-27T08:57:13.892961502,27.937197,-92.330246
2020-08-27T08:57:13.902879714,27.93717,-92.33029
2020-08-27T08:57:13.906694412,27.950926,-92.33297
2020-08-27T08:57:13.908983230,27.94492,-92.348656
2020-08-27T08:57:13.910890579,27.945017,-92.34254
2020-08-27T08:57:13.918901443,27.966015,-92.33602
2020-08-27T08:57:13.920808792,27.956734,-92.33416
2020-08-27T08:57:13.936830520,27.966616,-92.33619
2020-08-27T08:57:13.938737869,27.965576,-92.336006
2020-08-27T08:57:13.940645217,27.937181,-92.33034
2020-08-27T08:57:13.994432449,27.937178,-92.3302
2020-08-27T08:57:13.996339797,27.94306,-92.33903
2020-08-27T08:57:13.998249053,27.943066,-92.37644
2020-08-27T08:57:14.000156402,27.937195,-92.343475
2020-08-27T08:57:14.002445220,27.937162,-92.33022
2020-08-27T08:57:14.053943634,27.966413,-92.33599
2020-08-27T08:57:14.055850982,27.960861,-92.33487
2020-08-27T08:57:14.079883575,27.937178,-92.330185
2020-08-27T08:57:14.081790924,27.941484,-92.36631
2020-08-27T08:57:14.083698272,27.940638,-92.422005
2020-08-27T08:57:14.085987091,27.93716,-92.33024
2020-08-27T08:57:14.135580062,27.937168,-92.33014
2020-08-27T08:57:14.145498275,27.938368,-92.370926
2020-08-27T08:57:14.147405624,27.938332,-92.36926
2020-08-27T08:57:14.149312973,27.937206,-92.330154
2020-08-27T08:57:14.151220321,27.948967,-92.34358
2020-08-27T08:57:14.153509140,27.944748,-92.355156
2020-08-27T08:57:14.157323837,27.943289,-92.29848
2020-08-27T08:57:14.159231185,27.948198,-92.32342
2020-08-27T08:57:14.161520004,27.95159,-92.34063
2020-08-27T08:57:14.163427352,27.936565,-92.31052
2020-08-27T08:57:14.165334701,27.937134,-92.330154
2020-08-27T08:57:14.201192855,27.86212,-92.4047
2020-08-27T08:57:14.203100204,27.901127,-92.38471
2020-08-27T08:57:14.205007553,27.901571,-92.40459
2020-08-27T08:57:14.206914901,27.923368,-92.397316
2020-08-27T08:57:14.209203720,27.912708,-92.39141
2020-08-27T08:57:14.324409484,28.01373,-92.30161
2020-08-27T08:57:14.326316833,27.935976,-92.382286
2020-08-27T08:57:14.328224182,27.942257,-92.39711
2020-08-27T08:57:14.330513000,27.947754,-92.32757
2020-08-27T08:57:14.332420349,27.944925,-92.32773
2020-08-27T08:57:14.334327697,27.936562,-92.30703
2020-08-27T08:57:14.336235046,27.937216,-92.330284
2020-08-27T08:57:14.344245910,27.94698,-92.29376
2020-08-27T08:57:14.346153259,27.947485,-92.30599
2020-08-27T08:57:14.348060607,27.946533,-92.30395
2020-08-27T08:57:14.350349426,27.94742,-92.330215
2020-08-27T08:57:14.352256774,27.946323,-92.350685
2020-08-27T08:57:14.354164123,27.951004,-92.34855
2020-08-27T08:57:14.356071472,27.936197,-92.29524
2020-08-27T08:57:14.370187759,27.950144,-92.243286
2020-08-27T08:57:14.372095108,27.934675,-92.24023
2020-08-27T08:57:14.375909805,27.935843,-92.28183
2020-08-27T08:57:14.378198623,27.935747,-92.27869
2020-08-27T08:57:14.380105972,27.945503,-92.27521
2020-08-27T08:57:14.382013320,27.950531,-92.265884
2020-08-27T08:57:14.383920669,27.945295,-92.293106
2020-08-27T08:57:14.385828018,27.937172,-92.33014
2020-08-27T08:57:14.399942398,27.951015,-92.239555
2020-08-27T08:57:14.401849746,27.93718,-92.33017
2020-08-27T08:57:14.403757095,27.937162,-92.33018
2020-08-27T08:57:14.409860610,27.933563,-92.20378
2020-08-27T08:57:14.411767959,27.952707,-92.23112
2020-08-27T08:57:14.413675308,27.943691,-92.24711
2020-08-27T08:57:14.415964126,27.949594,-92.24776
2020-08-27T08:57:14.417871475,27.935997,-92.287476
2020-08-27T08:57:14.419778823,27.937206,-92.33016
2020-08-27T08:57:14.437707901,27.933138,-92.18994
2020-08-27T08:57:14.439615249,27.9594,-92.205605
2020-08-27T08:57:14.445718765,27.95779,-92.2182
2020-08-27T08:57:14.453729629,27.93212,-92.150246
2020-08-27T08:57:14.455636978,27.967682,-92.1918
2020-08-27T08:57:14.457544326,27.960697,-92.23024
2020-08-27T08:57:14.461740493,27.973486,-92.187225
2020-08-27T08:57:14.465555191,28.009827,-92.1655
2020-08-27T08:57:14.467462539,27.975422,-92.193825
2020-08-27T08:57:14.471658706,28.009829,-92.1655
2020-08-27T08:57:14.485391616,27.984217,-92.16052
2020-08-27T08:57:14.487298965,28.009811,-92.165565
2020-08-27T08:57:14.491495132,27.966724,-92.165825
2020-08-27T08:57:14.501415252,28.009897,-92.16547
2020-08-27T08:57:14.503322601,27.966677,-92.17157
2020-08-27T08:57:14.505229949,28.009836,-92.165405
2020-08-27T08:57:14.505229949,27.948025,-92.23686
2020-08-27T08:57:14.507137298,27.937162,-92.33
2020-08-27T08:57:14.507137298,27.987173,-92.14394
2020-08-27T08:57:14.509426116,27.964125,-92.1873
2020-08-27T08:57:14.513240814,27.97313,-92.120445
2020-08-27T08:57:14.515148162,27.9666,-92.15855
2020-08-27T08:57:14.521251678,27.971493,-92.124435
2020-08-27T08:57:14.525066375,27.950012,-92.18934
2020-08-27T08:57:14.527355194,27.9372,-92.330055
2020-08-27T08:57:14.529262542,27.937193,-92.33006
2020-08-27T08:57:14.557109832,27.930525,-92.09629
2020-08-27T08:57:14.559017181,27.94978,-92.11622
2020-08-27T08:57:30.149540901,28.137,-92.190445
2020-08-27T08:57:30.151448249,28.139894,-92.191025
2020-08-27T08:57:30.153355598,28.166567,-92.19631
2020-08-27T08:57:30.155262947,28.166569,-92.19632
2020-08-27T08:57:35.475702285,27.636875,-92.57328
2020-08-27T08:57:35.477609634,27.637032,-92.57811
2020-08-27T08:57:35.656522750,27.63695,-92.57476
2020-08-27T08:57:35.658430099,27.659632,-92.57811
2020-08-27T08:58:32.523464202,27.691723,-92.712776
2020-08-27T08:58:32.320518493,27.635338,-92.53999
2020-08-27T08:58:32.380027770,27.664595,-92.58805
2020-08-27T08:58:32.382316589,27.636557,-92.58195
2020-08-27T08:58:32.525371551,27.67448,-92.70822
2020-08-27T08:58:32.714200973,27.60535,-92.75516
2020-08-27T08:58:32.716108322,27.627462,-92.70867
2020-08-27T08:58:32.726026535,27.65911,-92.70706
2020-08-27T08:58:32.727933883,27.669273,-92.71583
2020-08-27T08:58:32.730222702,27.651108,-92.69841
2020-08-27T08:58:32.732130050,27.674341,-92.67367
2020-08-27T08:58:37.164876937,30.560492,-93.023056
2020-08-27T08:58:37.166784286,30.59314,-93.02829
2020-08-27T08:58:37.168691635,30.593355,-93.0297
2020-08-27T08:58:37.170980453,30.595339,-93.03465
2020-08-27T08:58:37.172887802,30.594496,-93.0268
2020-08-27T08:58:37.176702499,30.599804,-93.02969
2020-08-27T08:58:37.178609848,30.604727,-93.03359
2020-08-27T08:58:37.180898666,30.585829,-93.021065
2020-08-27T08:58:37.182806015,30.589212,-93.02171
2020-08-27T08:58:37.184713363,30.594978,-92.988655
2020-08-27T08:58:37.186620712,30.609182,-93.02877
2020-08-27T08:58:37.188909530,30.606794,-93.032005
2020-08-27T08:58:37.192724227,30.64018,-92.999
2020-08-27T08:58:37.198827743,30.607374,-93.030426
2020-08-27T08:58:37.200735092,30.618744,-93.04075
2020-08-27T08:58:37.202642440,30.608404,-93.02952
2020-08-27T08:58:37.232398986,30.559078,-92.98052
2020-08-27T08:58:37.397577285,30.7449,-92.94825
2020-08-27T08:58:37.399484634,30.747473,-92.94652
2020-08-27T08:58:37.401391983,30.69816,-92.9554
2020-08-27T08:58:37.403299331,30.675991,-92.97725
2020-08-27T08:58:37.405588150,30.695372,-92.964325
2020-08-27T08:58:37.407495498,30.722612,-92.94827
2020-08-27T08:58:37.409402847,30.719803,-92.950134
2020-08-27T08:58:37.411310195,30.718418,-92.92401
2020-08-27T08:58:37.413217544,30.718433,-92.924
2020-08-27T08:58:37.415506362,30.718449,-92.924
2020-08-27T08:58:37.419321060,30.718445,-92.92401
2020-08-27T08:58:37.655836105,30.510645,-93.01126
2020-08-27T08:58:37.657743453,30.597431,-92.98925
2020-08-27T08:58:37.661939620,30.55919,-92.98056
2020-08-27T08:58:52.662321090,28.040083,-92.24542
2020-08-27T08:58:52.664609909,28.012491,-92.228874
2020-08-27T08:58:52.666517257,28.030931,-92.23813
2020-08-27T08:58:52.674528121,28.012316,-92.221306
2020-08-27T08:58:52.690168380,28.013336,-92.25623
2020-08-27T08:58:52.692457199,28.012259,-92.21833
2020-08-27T08:58:52.694364547,28.031836,-92.21642
2020-08-27T08:58:52.696271896,28.033709,-92.21797
2020-08-27T08:58:52.720304489,28.012238,-92.21526
2020-08-27T08:58:52.750059127,28.027298,-92.24863
2020-08-27T08:58:52.751966476,28.027632,-92.2531
2020-08-27T08:58:52.753873825,28.013273,-92.256294
2020-08-27T08:58:52.761886596,28.013292,-92.2563
2020-08-27T08:58:52.763793945,28.01332,-92.25631
2020-08-27T08:58:52.766082763,28.01335,-92.25631
2020-08-27T08:58:52.767990112,28.012936,-92.24072
2020-08-27T08:58:52.769897460,28.01292,-92.2401
2020-08-27T08:58:52.771804809,28.020544,-92.24569
2020-08-27T08:58:52.773712158,28.013374,-92.256256
2020-08-27T08:58:52.789733886,28.010815,-92.16633
2020-08-27T08:58:52.851531982,28.035315,-92.2035
2020-08-27T08:58:52.853439331,28.034534,-92.2128
2020-08-27T08:58:52.867172241,28.026693,-92.19185
2020-08-27T08:58:52.869079589,28.032446,-92.200035
2020-08-27T08:58:52.871368408,28.0118,-92.20049
2020-08-27T08:58:52.891206741,28.01088,-92.166336
2020-08-27T08:58:52.893114089,28.027884,-92.189644
2020-08-27T08:58:52.895021438,28.032137,-92.203995
2020-08-27T08:58:52.896928787,28.027428,-92.18839
2020-08-27T08:58:52.909135818,28.013334,-92.256226
2020-08-27T08:58:52.912950515,28.013407,-92.25623
2020-08-27T08:58:52.914857864,28.013443,-92.25624
2020-08-27T08:58:52.917146682,28.000395,-92.25367
2020-08-27T08:58:52.919054031,28.009775,-92.24583
2020-08-27T08:58:52.920961380,28.005802,-92.24958
2020-08-27T08:58:52.922868728,28.00784,-92.24796
2020-08-27T08:58:52.924776077,27.987858,-92.24217
2020-08-27T08:58:52.928972244,27.973766,-92.248474
2020-08-27T08:58:52.954912185,27.972292,-92.24744
2020-08-27T08:58:52.956819534,27.977255,-92.2465
2020-08-27T08:58:52.958726882,27.980202,-92.24864
2020-08-27T08:58:52.960634231,27.983421,-92.25035
2020-08-27T08:58:52.984666824,28.033014,-92.19684
2020-08-27T08:58:52.986574172,28.011768,-92.20011
2020-08-27T08:58:53.004503250,28.032898,-92.17064
2020-08-27T08:58:53.024341583,28.013365,-92.2563
2020-08-27T08:58:53.101779937,28.029688,-92.20273
2020-08-27T08:58:53.103687286,28.042223,-92.208115
2020-08-27T08:58:53.105976104,28.029327,-92.187584
2020-08-27T08:58:53.107883453,28.033745,-92.202286
2020-08-27T08:58:53.109790802,28.010849,-92.16631
2020-08-27T08:58:53.111698150,28.010847,-92.16631
2020-08-27T08:58:53.121616363,28.010836,-92.16634
2020-08-27T08:58:53.123905181,28.008942,-92.18912
2020-08-27T08:58:53.125812530,28.031242,-92.19018
2020-08-27T08:58:53.127719879,28.016298,-92.20586
2020-08-27T08:58:53.129627227,27.908789,-92.26859
2020-08-27T08:58:53.171590805,27.935589,-92.24103
2020-08-27T08:58:53.173498153,27.90085,-92.23621
2020-08-27T08:58:53.175405502,27.889187,-92.24028
2020-08-27T08:58:53.187231063,27.935696,-92.24116
2020-08-27T08:58:53.189519882,27.935692,-92.24115
2020-08-27T08:58:53.191427230,27.934698,-92.21791
2020-08-27T08:58:53.193334579,27.968874,-92.20811
2020-08-27T08:58:53.197149276,27.935646,-92.24099
2020-08-27T08:58:53.199438095,27.905544,-92.23352
2020-08-27T08:58:53.201345443,27.915598,-92.22884
2020-08-27T08:58:53.203252792,27.935638,-92.24099
2020-08-27T08:58:53.205160140,27.924063,-92.223045
2020-08-27T08:58:53.211263656,27.903131,-92.23461
2020-08-27T08:58:53.215078353,27.858028,-92.22573
2020-08-27T08:58:53.217367172,27.885878,-92.2312
2020-08-27T08:58:53.219274520,27.858034,-92.22572
2020-08-27T08:58:53.221181869,27.87613,-92.229294
2020-08-27T08:58:53.223089218,27.88577,-92.23119
2020-08-27T08:58:53.224996566,27.88257,-92.230576
2020-08-27T08:58:53.233007431,27.87657,-92.22654
2020-08-27T08:58:53.235296249,27.882898,-92.22551
2020-08-27T08:58:53.255132675,27.857943,-92.225716
2020-08-27T08:58:53.257041931,27.857964,-92.22574
2020-08-27T08:58:53.258949279,27.857973,-92.22576
2020-08-27T08:58:53.265052795,27.857933,-92.2258
2020-08-27T08:58:53.266960144,27.85792,-92.22581
2020-08-27T08:58:53.273063659,27.857906,-92.22584
2020-08-27T08:58:53.322654724,27.857613,-92.2126
2020-08-27T08:58:53.324562072,27.8774,-92.22079
2020-08-27T08:58:53.326469421,27.884443,-92.230995
2020-08-27T08:58:53.328376770,27.857918,-92.22579
2020-08-27T08:58:53.336387634,27.857286,-92.20272
2020-08-27T08:58:53.338676452,27.866922,-92.21381
2020-08-27T08:58:53.340583801,27.868416,-92.214005
2020-08-27T08:58:53.342491149,27.858706,-92.20479
2020-08-27T08:58:53.344398498,27.862474,-92.207466
2020-08-27T08:58:53.346305847,27.91975,-92.21496
2020-08-27T08:58:53.348594665,27.877186,-92.20523
2020-08-27T08:58:53.348213195,28.091003,-92.26316
2020-08-27T08:58:53.350502014,27.854912,-92.20118
2020-08-27T08:58:53.352409362,27.926622,-92.186134
2020-08-27T08:58:53.354316711,27.908068,-92.22005
2020-08-27T08:58:53.358512878,27.780373,-92.21056
2020-08-27T08:58:53.360420227,27.8554,-92.13594
2020-08-27T08:58:53.360420227,27.825382,-92.20214
2020-08-27T08:58:53.366523742,27.810938,-92.18271
2020-08-27T08:58:53.368431091,27.843681,-92.20703
2020-08-27T08:58:53.370338439,27.815763,-92.19183
2020-08-27T08:58:53.372245788,27.856567,-92.212944
2020-08-27T08:58:53.378349304,27.804653,-92.18591
2020-08-27T08:58:53.384073257,27.798702,-92.18808
2020-08-27T08:58:53.386362075,27.857887,-92.225876
2020-08-27T08:58:53.390176773,27.779865,-92.19379
2020-08-27T08:58:53.393991470,27.780344,-92.210655
2020-08-27T08:58:53.396280288,27.780346,-92.21063
2020-08-27T08:58:53.398187637,27.78035,-92.21062
2020-08-27T08:58:53.400094985,27.776077,-92.195244
2020-08-27T08:58:53.608760833,27.885315,-92.22831
2020-08-27T08:58:53.678571701,27.904242,-92.23498
2020-08-27T08:59:20.670634746,27.0188,-93.34168
2020-08-27T08:59:20.672542095,27.02363,-93.336815
2020-08-27T08:59:20.674449443,26.994757,-93.33003
2020-08-27T08:59:20.690471649,27.045156,-93.31529
2020-08-27T08:59:20.694286346,27.045158,-93.31529
2020-08-27T08:59:20.696575164,27.045158,-93.315285
2020-08-27T08:59:20.714123249,27.015192,-93.34544
2020-08-27T08:59:20.728237628,27.043985,-93.2769
2020-08-27T08:59:20.909057140,26.997072,-93.28943
2020-08-27T08:59:20.943008422,26.99215,-93.18748
2020-08-27T08:59:20.944915771,27.044043,-93.28115
2020-08-27T08:59:20.980774402,26.983713,-93.25547
2020-08-27T08:59:20.994507789,26.96566,-93.20991
2020-08-27T08:59:21.026551723,26.97827,-93.19997
2020-08-27T08:59:21.028459072,26.997927,-93.25651
2020-08-27T08:59:21.040284633,26.965672,-93.2099
2020-08-27T08:59:35.817504882,28.183167,-92.166954
2020-08-27T08:59:35.819793701,28.165464,-92.19757
2020-08-27T08:59:35.823608398,28.164644,-92.169266
2020-08-27T08:59:35.849548339,28.165428,-92.19766
2020-08-27T08:59:35.855272293,28.164228,-92.156746
2020-08-27T08:59:35.869386672,28.16417,-92.15666
2020-08-27T08:59:35.871294021,28.16419,-92.15696
2020-08-27T08:59:35.873201370,28.164118,-92.153984
2020-08-27T08:59:35.875108718,28.164146,-92.15459
2020-08-27T08:59:35.877397537,28.16409,-92.1522
2020-08-27T08:59:35.910966873,28.181381,-92.15581
2020-08-27T08:59:35.912874221,28.16415,-92.154816
2020-08-27T08:59:35.915163040,28.16534,-92.197525
2020-08-27T08:59:35.940721511,28.165394,-92.1975
2020-08-27T08:59:35.943010330,28.173632,-92.18158
2020-08-27T08:59:35.944917678,28.17762,-92.18586
2020-08-27T08:59:35.946825027,28.164747,-92.17474
2020-08-27T08:59:35.952928543,28.165346,-92.197556
2020-08-27T08:59:35.954835891,28.167854,-92.19059
2020-08-27T08:59:35.956743240,28.165304,-92.19754
2020-08-27T08:59:35.994510650,28.165346,-92.19757
2020-08-27T08:59:35.996417999,28.16533,-92.19755
2020-08-27T08:59:36.016254425,28.165392,-92.19758
2020-08-27T08:59:36.018543243,28.16517,-92.189674
2020-08-27T08:59:36.020450592,28.16451,-92.18771
2020-08-27T08:59:36.022357940,28.167225,-92.19532
2020-08-27T08:59:36.024265289,28.164972,-92.19235
2020-08-27T08:59:36.026554107,28.165401,-92.19758
2020-08-27T08:59:36.032276153,28.143824,-92.19333
2020-08-27T08:59:36.036472320,28.136168,-92.1901
2020-08-27T08:59:36.038379669,28.153389,-92.18861
2020-08-27T08:59:36.040287017,28.147457,-92.19405
2020-08-27T08:59:36.042194366,28.165386,-92.19757
2020-08-27T08:59:36.044101715,28.135033,-92.19153
2020-08-27T08:59:36.046390533,28.13302,-92.1911
2020-08-27T08:59:36.092166900,28.087421,-92.18208
2020-08-27T08:59:36.095981597,28.165325,-92.19751
2020-08-27T08:59:36.097888946,28.16532,-92.19751
2020-08-27T08:59:36.161596298,28.182686,-92.15741
2020-08-27T08:59:36.163503646,28.164137,-92.15139
2020-08-27T08:59:36.169607162,28.164103,-92.148445
2020-08-27T08:59:36.171514511,28.179497,-92.15236
2020-08-27T08:59:36.173421859,28.164062,-92.149254
2020-08-27T08:59:36.175329208,28.163937,-92.14594
2020-08-27T08:59:58.135732650,27.981297,-92.46519
2020-08-27T08:59:57.235069274,28.055994,-92.40512
2020-08-27T08:59:57.223243713,28.065393,-92.390236
2020-08-27T08:59:57.225151062,28.052673,-92.377495
2020-08-27T08:59:57.227058410,28.09343,-92.362404
2020-08-27T08:59:57.229347229,28.09343,-92.362404
2020-08-27T08:59:57.231254577,28.093428,-92.36243
2020-08-27T08:59:57.290763854,28.06212,-92.36807
2020-08-27T08:59:57.292671203,28.03809,-92.40412
2020-08-27T08:59:57.294960021,28.093365,-92.362366
2020-08-27T08:59:57.338447570,28.051641,-92.40385
2020-08-27T08:59:57.360574722,28.025417,-92.441605
2020-08-27T08:59:57.362482070,28.066431,-92.374565
2020-08-27T08:59:57.404062271,28.011803,-92.439674
2020-08-27T08:59:57.405969619,28.093468,-92.36241
2020-08-27T08:59:57.447931289,28.00373,-92.45847
2020-08-27T08:59:57.505535125,28.093372,-92.36238
2020-08-27T08:59:57.507442474,28.022167,-92.43046
2020-08-27T08:59:57.513545989,28.05568,-92.39976
2020-08-27T08:59:57.515453338,27.997496,-92.4698
2020-08-27T08:59:57.517360687,28.052887,-92.40255
2020-08-27T08:59:57.615018844,28.01698,-92.39708
2020-08-27T08:59:57.837419509,27.996117,-92.41746
2020-08-27T08:59:57.839708328,28.016642,-92.404915
2020-08-27T08:59:57.839708328,27.867867,-92.58623
2020-08-27T08:59:57.841615676,28.048729,-92.406746
2020-08-27T08:59:58.133825302,27.986856,-92.41962
2020-08-27T08:59:58.137639999,27.98453,-92.43726
2020-08-27T08:59:58.139928817,27.977064,-92.43802
2020-08-27T08:59:58.141836166,27.99627,-92.38254
2020-08-27T08:59:58.143743515,28.027306,-92.38253
2020-08-27T08:59:58.145650863,28.057596,-92.3979
2020-08-27T08:59:58.326469421,28.070337,-92.407814
2020-08-27T08:59:58.328758239,27.996977,-92.43933
2020-08-27T08:59:58.330667495,27.97414,-92.43842
2020-08-27T08:59:58.332574844,27.971136,-92.435394
2020-08-27T08:59:58.334482192,28.037691,-92.39297
2020-08-27T08:59:58.336389541,28.053757,-92.40157
