Date,Lat,Long
2020-09-02T05:59:59.432364941,18.370682,-83.24076
2020-09-02T05:59:59.577707291,18.359364,-83.24501
2020-09-02T05:59:59.593347550,18.370806,-83.24159
2020-09-02T06:00:03.508049964,17.977718,-83.322754
2020-09-02T06:00:03.577479362,17.977749,-83.32282
2020-09-02T06:00:03.615244865,17.977728,-83.3228
2020-09-02T06:00:03.617533683,17.977715,-83.32279
2020-09-02T06:00:03.673229217,17.977562,-83.322784
2020-09-02T06:00:03.675136566,17.981642,-83.32356
2020-09-02T06:00:03.677043914,17.977581,-83.322754
2020-09-02T06:00:03.678951263,17.977589,-83.32274
2020-09-02T06:00:03.680858612,17.977604,-83.32273
2020-09-02T06:00:03.708706855,17.97767,-83.32268
2020-09-02T06:00:03.710995674,17.977718,-83.32879
2020-09-02T06:00:03.746472358,17.977524,-83.315506
2020-09-02T06:00:03.748761177,17.977568,-83.32271
2020-09-02T06:00:03.750668525,17.977556,-83.3227
2020-09-02T06:00:03.752575874,17.977566,-83.32269
2020-09-02T06:00:03.766691207,17.97748,-83.313576
2020-09-02T06:00:03.768598556,17.977533,-83.32264
2020-09-02T06:00:03.834212303,17.977514,-83.322624
2020-09-02T06:00:03.836119651,17.980474,-83.325775
2020-09-02T06:00:03.838027000,17.977642,-83.3418
2020-09-02T06:00:03.873885154,17.980515,-83.32758
2020-09-02T06:00:03.905548095,17.977673,-83.32265
2020-09-02T06:00:03.907836914,17.977676,-83.32264
2020-09-02T06:00:03.945603370,17.977781,-83.33116
2020-09-02T06:00:03.947510719,17.977627,-83.32268
2020-09-02T06:00:04.008928298,17.97778,-83.32855
2020-09-02T06:00:04.011217117,17.977612,-83.322655
2020-09-02T06:00:04.021135330,17.977608,-83.32265
2020-09-02T06:00:04.028764724,17.977661,-83.32263
2020-09-02T06:00:04.034868240,17.977528,-83.307655
2020-09-02T06:00:04.036775588,17.982872,-83.316734
2020-09-02T06:00:04.048982620,17.984064,-83.30976
2020-09-02T06:00:04.472420692,18.304129,-83.17394
2020-09-02T06:00:04.474328041,18.292105,-83.18559
2020-09-02T06:00:04.505990982,18.292082,-83.18563
2020-09-02T06:00:04.507898330,18.292057,-83.18562
2020-09-02T06:00:04.512094497,18.292032,-83.18561
2020-09-02T06:00:04.539941787,18.304605,-83.174774
2020-09-02T06:00:04.547952651,18.291967,-83.17183
2020-09-02T06:00:04.565501213,18.303244,-83.17335
2020-09-02T06:00:04.631114959,18.301748,-83.175316
2020-09-02T06:00:04.633403778,18.292059,-83.18543
2020-09-02T06:00:04.637218475,18.292076,-83.18545
2020-09-02T06:00:04.708935737,18.305037,-83.18621
2020-09-02T06:00:04.710843086,18.292076,-83.18545
2020-09-02T06:00:04.738690376,18.292168,-83.18536
2020-09-02T06:00:04.794385910,18.301065,-83.17588
2020-09-02T06:00:04.800107955,18.292133,-83.18541
2020-09-02T06:00:04.802396774,18.29213,-83.1854
2020-09-02T06:00:04.804304122,18.292124,-83.18539
2020-09-02T06:00:04.827956199,18.292116,-83.185394
2020-09-02T06:00:04.871826171,18.292204,-83.185356
2020-09-02T06:00:04.873733520,18.292036,-83.16844
2020-09-02T06:00:04.834441184,18.337168,-77.07528
2020-09-02T06:00:04.838255882,18.346153,-77.10183
2020-09-02T06:00:04.840163230,18.346157,-77.078896
2020-09-02T06:00:04.842070579,18.346153,-77.07942
2020-09-02T06:00:04.848174095,18.346128,-77.10182
2020-09-02T06:00:04.854277610,18.346106,-77.06848
2020-09-02T06:00:04.858092308,18.346128,-77.066864
2020-09-02T06:00:04.862288475,18.346155,-77.068665
2020-09-02T06:00:04.864195823,18.346174,-77.06058
2020-09-02T06:00:04.866103172,18.342266,-77.06314
2020-09-02T06:00:04.869917869,18.34623,-77.048836
2020-09-02T06:00:04.872207641,18.343546,-77.052
2020-09-02T06:00:04.874114990,18.34618,-77.02526
2020-09-02T06:00:04.895858764,18.346052,-77.02526
2020-09-02T06:00:04.897766113,18.346046,-77.05182
2020-09-02T06:00:04.900054931,18.346035,-77.05374
2020-09-02T06:00:04.901962280,18.346031,-77.02525
2020-09-02T06:00:04.903869628,18.34604,-77.02525
2020-09-02T06:00:04.907684326,18.346066,-77.046684
2020-09-02T06:00:04.909973144,18.346071,-77.02525
2020-09-02T06:00:04.911880493,18.34608,-77.04299
2020-09-02T06:00:04.937821388,18.346111,-77.045166
2020-09-02T06:00:04.957657814,18.346115,-77.10186
2020-09-02T06:00:04.975586891,18.346142,-77.02528
2020-09-02T06:00:04.981308937,18.346125,-77.05943
2020-09-02T06:00:05.007249832,18.288822,-77.04365
2020-09-02T06:00:05.009157180,18.34716,-77.04971
2020-09-02T06:00:05.021364212,18.333004,-77.04543
2020-09-02T06:00:05.038911819,18.321995,-77.04745
2020-09-02T06:00:05.051118850,18.346148,-77.02522
2020-09-02T06:00:05.061038017,18.346153,-77.02525
2020-09-02T06:00:07.162205696,18.092636,-83.37169
2020-09-02T06:00:07.255666732,18.056595,-83.37864
2020-09-02T06:00:08.949418067,19.626234,-78.35231
2020-09-02T06:00:08.951325416,19.617281,-78.36017
2020-09-02T06:00:08.953232765,19.61727,-78.36017
2020-09-02T06:00:08.955522537,19.617258,-78.36017
2020-09-02T06:00:08.957429885,19.623402,-78.354416
2020-09-02T06:00:08.959337234,19.622042,-78.35365
2020-09-02T06:00:08.961244583,19.617228,-78.36017
2020-09-02T06:00:08.963151931,19.621025,-78.355705
2020-09-02T06:00:08.975358963,19.617224,-78.36019
2020-09-02T06:00:08.977266311,19.6279,-78.3558
2020-09-02T06:00:08.979173660,19.617224,-78.3602
2020-09-02T06:00:08.987184524,19.63129,-78.3606
2020-09-02T06:00:08.989091873,19.635118,-78.36072
2020-09-02T06:00:08.999010086,19.617275,-78.36024
2020-09-02T06:00:09.000917434,19.627178,-78.353264
2020-09-02T06:00:09.003206253,19.617239,-78.35412
2020-09-02T06:00:09.005113601,19.617233,-78.36022
2020-09-02T06:00:09.016940116,19.617182,-78.353775
2020-09-02T06:00:09.018847465,19.61998,-78.352745
2020-09-02T06:00:09.023043632,19.617216,-78.3602
2020-09-02T06:00:09.026858329,19.617212,-78.347404
2020-09-02T06:00:09.028765678,19.61725,-78.36023
2020-09-02T06:00:09.031054496,19.617245,-78.3514
2020-09-02T06:00:09.032961845,19.617256,-78.35188
2020-09-02T06:00:09.046694755,19.634438,-78.36062
2020-09-02T06:00:09.052798271,19.64856,-78.36098
2020-09-02T06:00:09.056612968,19.6173,-78.36019
2020-09-02T06:00:09.058901786,19.617304,-78.36021
2020-09-02T06:00:09.062716484,19.697233,-78.36231
2020-09-02T06:00:09.068819999,19.61729,-78.36025
2020-09-02T06:00:09.074542045,19.62446,-78.3604
2020-09-02T06:00:09.082553863,19.624132,-78.36033
2020-09-02T06:00:09.084461212,19.617357,-78.36016
2020-09-02T06:00:09.086750030,19.617329,-78.36016
2020-09-02T06:00:09.094379425,19.617271,-78.36022
2020-09-02T06:00:09.106586456,19.617287,-78.36031
2020-09-02T06:00:09.120319366,19.654335,-78.35514
2020-09-02T06:00:09.122226715,19.648125,-78.35298
2020-09-02T06:00:09.124515533,19.631227,-78.35116
2020-09-02T06:00:09.126422882,19.643478,-78.341484
2020-09-02T06:00:09.128330230,19.648342,-78.34111
2020-09-02T06:00:09.130237579,19.646385,-78.33966
2020-09-02T06:00:09.132144927,19.644165,-78.33331
2020-09-02T06:00:09.134433746,19.645685,-78.32249
2020-09-02T06:00:09.144352912,19.617132,-78.282776
2020-09-02T06:00:09.146260261,19.649855,-78.30871
2020-09-02T06:00:09.148167610,19.650593,-78.32208
2020-09-02T06:00:09.150074958,19.641762,-78.36084
2020-09-02T06:00:09.152363777,19.660965,-78.29766
2020-09-02T06:00:09.154271125,19.648008,-78.33145
2020-09-02T06:00:09.164189338,19.667164,-78.29756
2020-09-02T06:00:09.187840461,19.697037,-78.28483
2020-09-02T06:00:09.192036628,19.69702,-78.284805
2020-09-02T06:00:09.193943977,19.672266,-78.30671
2020-09-02T06:00:09.207677841,19.617262,-78.360245
2020-09-02T06:00:09.259557723,19.643087,-78.33251
2020-09-02T06:00:09.285498619,19.617203,-78.36027
2020-09-02T06:00:09.321356773,19.651484,-78.3612
2020-09-02T06:00:11.943239212,18.33416,-83.187744
2020-09-02T06:00:11.973375320,18.344572,-83.1884
2020-09-02T06:00:11.975282669,18.337805,-83.186806
2020-09-02T06:00:12.104602813,18.37037,-83.18992
2020-09-02T06:00:12.106510162,18.338007,-83.18803
2020-09-02T06:00:12.199972152,18.34329,-83.18832
2020-09-02T06:00:12.233541488,18.333355,-83.17595
2020-09-02T06:00:13.621349334,19.48078,-78.70647
2020-09-02T06:00:13.625545501,19.486675,-78.71265
2020-09-02T06:00:13.627454757,19.482386,-78.71975
2020-09-02T06:00:13.647291183,19.457561,-78.74248
2020-09-02T06:00:13.649198532,19.491577,-78.72862
2020-09-02T06:00:13.680860519,19.537405,-78.74477
2020-09-02T06:00:13.685056686,19.513588,-78.72194
2020-09-02T06:00:13.686964035,19.483828,-78.71582
2020-09-02T06:00:13.702985763,19.5113,-78.73831
2020-09-02T06:00:13.708707809,19.537373,-78.7448
2020-09-02T06:00:13.710996627,19.512457,-78.744095
2020-09-02T06:00:13.722822189,19.537342,-78.74477
2020-09-02T06:00:13.724729537,19.537258,-78.70853
2020-09-02T06:00:13.728925704,19.537363,-78.74478
2020-09-02T06:00:13.762496948,19.457415,-78.69959
2020-09-02T06:00:13.842224121,19.49787,-78.72869
2020-09-02T06:00:13.844131469,19.50741,-78.74385
2020-09-02T06:00:13.875795364,19.537336,-78.7447
2020-09-02T06:00:13.925386428,19.537306,-78.74475
2020-09-02T06:00:13.927675247,19.53729,-78.744736
2020-09-02T06:00:13.929582595,19.519218,-78.734604
2020-09-02T06:00:13.931489944,19.513186,-78.72765
2020-09-02T06:00:13.933397293,19.537264,-78.744736
2020-09-02T06:00:13.935686111,19.537262,-78.74475
2020-09-02T06:00:13.937593460,19.53726,-78.74477
2020-09-02T06:00:14.032962799,19.502998,-78.72293
2020-09-02T06:00:14.042881011,19.511408,-78.74398
2020-09-02T06:00:14.070728302,19.537294,-78.74472
2020-09-02T06:00:14.130239486,19.497204,-78.720634
2020-09-02T06:00:14.132146835,19.527328,-78.73489
2020-09-02T06:00:14.192037582,19.501266,-78.736725
2020-09-02T06:00:14.193944931,19.53721,-78.74474
2020-09-02T06:00:14.205770492,19.506409,-78.731255
2020-09-02T06:00:14.223699569,19.508894,-78.73984
2020-09-02T06:00:14.225606918,19.509855,-78.74393
2020-09-02T06:00:14.239721298,19.537191,-78.744774
2020-09-02T06:00:14.257652282,19.537258,-78.776344
2020-09-02T06:00:14.277488708,19.53727,-78.78443
2020-09-02T06:00:14.309150695,19.537302,-78.78424
2020-09-02T06:00:14.325172424,19.496634,-78.70438
2020-09-02T06:00:14.333183288,19.503862,-78.73012
2020-09-02T06:00:14.336997985,19.487976,-78.70696
2020-09-02T06:00:14.338905334,19.498024,-78.74444
2020-09-02T06:00:14.341194152,19.474455,-78.7175
2020-09-02T06:00:14.349205017,19.468264,-78.719826
2020-09-02T06:00:14.359123229,19.457333,-78.7268
2020-09-02T06:00:14.366752624,19.457245,-78.725395
2020-09-02T06:00:14.369041442,19.467907,-78.72024
2020-09-02T06:00:14.370950698,19.464087,-78.71997
2020-09-02T06:00:14.372858047,19.498755,-78.72913
2020-09-02T06:00:14.374765396,19.45724,-78.7424
2020-09-02T06:00:14.382776260,19.45722,-78.720634
2020-09-02T06:00:14.384683609,19.457249,-78.72246
2020-09-02T06:00:14.386972427,19.462687,-78.72086
2020-09-02T06:00:14.388879776,19.457296,-78.72256
2020-09-02T06:00:14.390787124,19.457369,-78.742516
2020-09-02T06:00:14.392694473,19.45736,-78.74249
2020-09-02T06:00:14.402612686,19.457325,-78.74241
2020-09-02T06:00:14.410623550,19.457314,-78.742424
2020-09-02T06:00:14.412530899,19.457287,-78.73192
2020-09-02T06:00:14.414819717,19.457314,-78.742424
2020-09-02T06:00:14.416727066,19.457312,-78.74242
2020-09-02T06:00:14.418634414,19.457277,-78.72932
2020-09-02T06:00:14.432367324,19.457296,-78.74238
2020-09-02T06:00:14.434656143,19.457287,-78.74238
2020-09-02T06:00:14.438470840,19.457266,-78.74238
2020-09-02T06:00:14.442285537,19.457273,-78.742386
2020-09-02T06:00:14.444574356,19.457294,-78.74239
2020-09-02T06:00:14.446481704,19.457315,-78.74241
2020-09-02T06:00:14.448389053,19.457336,-78.74242
2020-09-02T06:00:14.450296401,19.457357,-78.742424
2020-09-02T06:00:14.452585220,19.45734,-78.742424
2020-09-02T06:00:14.456399917,19.457293,-78.74241
2020-09-02T06:00:14.462503433,19.457296,-78.758514
2020-09-02T06:00:14.464410781,19.457268,-78.74239
2020-09-02T06:00:14.466318130,19.457323,-78.75782
2020-09-02T06:00:14.468225479,19.463083,-78.74706
2020-09-02T06:00:14.470132827,19.457312,-78.742386
2020-09-02T06:00:14.474328994,19.461922,-78.76086
2020-09-02T06:00:14.476236343,19.457354,-78.76793
2020-09-02T06:00:14.478143692,19.457338,-78.76598
2020-09-02T06:00:14.480051040,19.46581,-78.76504
2020-09-02T06:00:14.486154556,19.457468,-78.79869
2020-09-02T06:00:14.488061904,19.457441,-78.781044
2020-09-02T06:00:14.490350723,19.45748,-78.78786
2020-09-02T06:00:14.494167327,19.467146,-78.78714
2020-09-02T06:00:14.502178192,19.468699,-78.82013
2020-09-02T06:00:14.504085540,19.470718,-78.80495
2020-09-02T06:00:14.505992889,19.469723,-78.78378
2020-09-02T06:00:14.510189056,19.457373,-78.793755
2020-09-02T06:00:14.512096405,19.471624,-78.80068
2020-09-02T06:00:14.520107269,19.477812,-78.82039
2020-09-02T06:00:14.522014617,19.469091,-78.79803
2020-09-02T06:00:14.563594818,19.473848,-78.82022
2020-09-02T06:00:14.597545623,19.537266,-78.82215
2020-09-02T06:00:17.299156188,18.290127,-83.15882
2020-09-02T06:00:17.305259704,18.312529,-83.16655
2020-09-02T06:00:17.321281433,18.290144,-83.155304
2020-09-02T06:00:16.842147827,17.97635,-83.36218
2020-09-02T06:00:16.885637283,17.976408,-83.367836
2020-09-02T06:00:16.919588088,17.976091,-83.322395
2020-09-02T06:00:16.921495437,17.976093,-83.32239
2020-09-02T06:00:16.945528030,17.993969,-83.34
2020-09-02T06:00:16.947435379,17.97606,-83.322464
2020-09-02T06:00:16.951250076,17.976091,-83.32248
2020-09-02T06:00:16.953538894,17.99751,-83.33641
2020-09-02T06:00:16.955446243,18.002893,-83.335304
2020-09-02T06:00:16.957353591,18.00092,-83.34334
2020-09-02T06:00:17.001224517,17.976093,-83.32246
2020-09-02T06:00:17.042804718,18.01587,-83.32476
2020-09-02T06:00:17.044712066,18.006397,-83.33761
2020-09-02T06:00:17.047000885,18.054832,-83.32705
2020-09-02T06:00:17.048908233,17.976017,-83.32243
2020-09-02T06:00:17.122533798,18.013653,-83.3247
2020-09-02T06:00:17.215995788,17.996708,-83.36766
2020-09-02T06:00:17.217903137,17.998793,-83.36722
2020-09-02T06:00:17.219810485,17.9995,-83.364365
2020-09-02T06:00:17.277412414,17.976313,-83.36629
2020-09-02T06:00:17.279319763,18.001513,-83.3524
2020-09-02T06:00:17.313270568,17.976614,-83.40018
2020-09-02T06:00:17.315177917,17.997808,-83.367355
2020-09-02T06:00:17.370874404,17.999132,-83.355934
2020-09-02T06:00:17.372781753,18.014652,-83.33701
2020-09-02T06:00:17.374689102,18.01389,-83.334724
2020-09-02T06:00:17.376977920,18.006037,-83.34481
2020-09-02T06:00:17.382699966,17.975992,-83.32255
2020-09-02T06:00:17.466243743,18.007643,-83.33502
2020-09-02T06:00:17.468151092,18.014317,-83.340904
2020-09-02T06:00:17.476161956,18.013985,-83.33881
2020-09-02T06:00:17.510112762,18.025303,-83.32548
2020-09-02T06:00:17.512020111,18.022165,-83.328926
2020-09-02T06:00:17.513927459,18.023285,-83.330185
2020-09-02T06:00:17.516216278,18.02913,-83.32183
2020-09-02T06:00:17.518123626,18.029243,-83.32751
2020-09-02T06:00:17.520030975,18.0272,-83.32792
2020-09-02T06:00:17.521938323,18.027065,-83.32557
2020-09-02T06:00:17.539867401,18.054808,-83.32713
2020-09-02T06:00:17.541774749,18.03006,-83.31535
2020-09-02T06:00:17.543682098,18.012604,-83.338356
2020-09-02T06:00:17.589460372,18.046944,-83.30485
2020-09-02T06:00:17.591749191,18.016323,-83.33332
2020-09-02T06:00:17.593656539,18.0181,-83.3456
2020-09-02T06:00:17.595563888,18.003374,-83.33858
2020-09-02T06:00:17.597471237,18.010801,-83.34164
2020-09-02T06:00:17.657361984,18.000648,-83.33658
2020-09-02T06:00:17.659269332,18.03146,-83.31978
2020-09-02T06:00:20.480278491,19.497612,-82.13854
2020-09-02T06:00:20.482185840,19.47447,-82.16207
2020-09-02T06:00:20.518044471,19.516056,-82.15083
2020-09-02T06:00:20.521859169,19.474398,-82.16202
2020-09-02T06:00:20.531777858,19.474293,-82.16202
2020-09-02T06:00:20.533685207,19.474298,-82.16202
2020-09-02T06:00:20.543603420,19.474337,-82.16203
2020-09-02T06:00:20.545892238,19.510145,-82.145424
2020-09-02T06:00:20.547799587,19.507313,-82.16383
2020-09-02T06:00:20.549706935,19.47437,-82.16203
2020-09-02T06:00:20.561532974,19.474379,-82.16206
2020-09-02T06:00:20.563440322,19.510384,-82.164024
2020-09-02T06:00:20.565729141,19.510584,-82.14782
2020-09-02T06:00:20.605402469,19.510183,-82.141426
2020-09-02T06:00:20.607309818,19.514374,-82.16427
2020-09-02T06:00:20.613413333,19.474068,-82.12238
2020-09-02T06:00:20.615320682,19.525179,-82.13993
2020-09-02T06:00:20.637064933,19.503191,-82.162674
2020-09-02T06:00:20.638972282,19.50877,-82.15469
2020-09-02T06:00:20.649272441,19.516384,-82.086235
2020-09-02T06:00:20.651179790,19.515827,-82.11578
2020-09-02T06:00:20.696956634,19.507391,-82.13125
2020-09-02T06:00:20.710690021,19.473759,-82.083855
2020-09-02T06:00:20.712597370,19.499348,-82.12726
2020-09-02T06:00:20.716793537,19.504436,-82.14688
2020-09-02T06:00:20.718700885,19.51678,-82.120155
2020-09-02T06:00:20.720608234,19.47386,-82.08398
2020-09-02T06:00:20.722515583,19.50993,-82.164
2020-09-02T06:00:20.726711750,19.506605,-82.15625
2020-09-02T06:00:20.728619098,19.51353,-82.14613
2020-09-02T06:00:20.730526447,19.515165,-82.143486
2020-09-02T06:00:20.732433795,19.522375,-82.147865
2020-09-02T06:00:20.738537311,19.511137,-82.16403
2020-09-02T06:00:20.744641304,19.513344,-82.13653
2020-09-02T06:00:20.746548652,19.513622,-82.16415
2020-09-02T06:00:20.772489070,19.506842,-82.085686
2020-09-02T06:00:20.778211116,19.508572,-82.07662
2020-09-02T06:00:20.782407283,19.515963,-82.086136
2020-09-02T06:00:20.792325496,19.518368,-82.086266
2020-09-02T06:00:20.796140193,19.521217,-82.08645
2020-09-02T06:00:23.291372299,18.558975,-82.4585
2020-09-02T06:00:23.293279647,18.570707,-82.46541
2020-09-02T06:00:23.295186996,18.568327,-82.46767
2020-09-02T06:00:23.301290512,18.554947,-82.48067
2020-09-02T06:00:23.325324058,18.56753,-82.46613
2020-09-02T06:00:23.364996910,18.522821,-82.421326
2020-09-02T06:00:23.378729820,18.575762,-82.45011
2020-09-02T06:00:23.380637168,18.56275,-82.47907
2020-09-02T06:00:23.386741638,18.602549,-82.503296
2020-09-02T06:00:23.388648986,18.57173,-82.4601
2020-09-02T06:00:23.422599792,18.60255,-82.50334
2020-09-02T06:00:23.424507141,18.558474,-82.476746
2020-09-02T06:00:23.426414489,18.572811,-82.501724
2020-09-02T06:00:25.386817932,18.291626,-83.18519
2020-09-02T06:00:25.388725280,18.29162,-83.185196
2020-09-02T06:00:25.390632629,18.291616,-83.1852
2020-09-02T06:00:25.615322113,18.302576,-83.19768
2020-09-02T06:00:25.639354705,18.291676,-83.18518
2020-09-02T06:00:25.657283782,18.291674,-83.18514
2020-09-02T06:00:25.682843208,18.29171,-83.185135
2020-09-02T06:00:25.708783149,18.291582,-83.18516
2020-09-02T06:00:25.748456954,18.29177,-83.18517
2020-09-02T06:00:25.808348655,18.303505,-83.19415
2020-09-02T06:00:25.810256004,18.291893,-83.18514
2020-09-02T06:00:27.780577659,18.317682,-83.186424
2020-09-02T06:00:27.782485008,18.314346,-83.198395
2020-09-02T06:00:27.943467140,18.31732,-83.19444
2020-09-02T06:00:27.955292701,18.292181,-83.1849
2020-09-02T06:00:28.022813796,18.3174,-83.18632
2020-09-02T06:00:28.025102615,18.320341,-83.1865
2020-09-02T06:00:30.730909347,18.079552,-83.371925
2020-09-02T06:00:30.732816696,18.07983,-83.37299
2020-09-02T06:00:30.734724044,18.074688,-83.36588
2020-09-02T06:00:30.736631393,18.056608,-83.36599
2020-09-02T06:00:30.738538742,18.071651,-83.37543
2020-09-02T06:00:30.849929809,18.056864,-83.40411
2020-09-02T06:00:30.854125976,17.97743,-83.32179
2020-09-02T06:00:30.856033325,17.97754,-83.33566
2020-09-02T06:00:30.897614479,17.977392,-83.32176
2020-09-02T06:00:30.899903297,17.98224,-83.33273
2020-09-02T06:00:30.929657936,17.981447,-83.33664
2020-09-02T06:00:30.933472633,17.97744,-83.33479
2020-09-02T06:00:30.945299148,17.977377,-83.32177
2020-09-02T06:00:30.953310012,17.977358,-83.32176
2020-09-02T06:00:30.963228225,17.977314,-83.32178
2020-09-02T06:00:30.971239089,17.97736,-83.32177
2020-09-02T06:00:30.981157302,17.97738,-83.3217
2020-09-02T06:00:30.989168167,17.977352,-83.321724
2020-09-02T06:00:30.991075515,17.98564,-83.33231
2020-09-02T06:00:31.025026321,17.977455,-83.33612
2020-09-02T06:00:31.026933670,17.97735,-83.32179
2020-09-02T06:00:31.028842926,17.977493,-83.33871
2020-09-02T06:00:31.031131744,17.977507,-83.339806
2020-09-02T06:00:31.074619293,17.987566,-83.331535
2020-09-02T06:00:31.076526641,17.977306,-83.321785
2020-09-02T06:00:31.078815460,17.977425,-83.33447
2020-09-02T06:00:31.096744537,17.977392,-83.33677
2020-09-02T06:00:31.152059555,17.977274,-83.32185
2020-09-02T06:00:31.162359237,17.977427,-83.33501
2020-09-02T06:00:31.164266586,17.9773,-83.32182
2020-09-02T06:00:31.166173934,17.97728,-83.32179
2020-09-02T06:00:31.168081283,17.97747,-83.34833
2020-09-02T06:00:31.172277450,17.977343,-83.33473
2020-09-02T06:00:31.174184799,17.977245,-83.32174
2020-09-02T06:00:31.241704940,17.977238,-83.32184
2020-09-02T06:00:31.265737533,17.977251,-83.32185
2020-09-02T06:00:31.309226989,17.977148,-83.32179
2020-09-02T06:00:32.341117858,18.28355,-82.916435
2020-09-02T06:00:32.370872497,18.283216,-82.91518
2020-09-02T06:00:32.372779846,18.289488,-82.95208
2020-09-02T06:00:35.979251861,18.291676,-83.185425
2020-09-02T06:00:36.026935577,18.291622,-83.18544
2020-09-02T06:00:36.549938201,18.13448,-83.26871
2020-09-02T06:00:36.551845550,18.134365,-83.25397
2020-09-02T06:00:36.553752899,18.134377,-83.25397
2020-09-02T06:00:36.555660247,18.13447,-83.26412
2020-09-02T06:00:36.557949066,18.1344,-83.25397
2020-09-02T06:00:36.629285812,18.134357,-83.25398
2020-09-02T06:00:36.631193161,18.134363,-83.253975
2020-09-02T06:00:36.633481979,18.134367,-83.25399
2020-09-02T06:00:36.635389328,18.134369,-83.25401
2020-09-02T06:00:36.637296676,18.134476,-83.26677
2020-09-02T06:00:36.639204025,18.134474,-83.26616
2020-09-02T06:00:36.641111373,18.134378,-83.25405
2020-09-02T06:00:36.647214889,18.134476,-83.2663
2020-09-02T06:00:36.657133102,18.134497,-83.2715
2020-09-02T06:00:36.659040451,18.134502,-83.27314
2020-09-02T06:00:36.661329269,18.134495,-83.27217
2020-09-02T06:00:36.694898605,18.134367,-83.25399
2020-09-02T06:00:36.736862182,18.134375,-83.253944
2020-09-02T06:00:36.738769531,18.13438,-83.253944
2020-09-02T06:00:36.740676879,18.134388,-83.25395
2020-09-02T06:00:36.790267944,18.13436,-83.25403
2020-09-02T06:00:36.796371459,18.1344,-83.254
2020-09-02T06:00:36.800186157,18.134428,-83.253975
2020-09-02T06:00:36.869997024,18.128468,-83.260124
2020-09-02T06:00:36.871904373,18.134542,-83.26535
2020-09-02T06:00:36.873811721,18.129324,-83.256386
2020-09-02T06:00:36.875719070,18.134447,-83.253914
2020-09-02T06:00:36.921495437,18.134453,-83.25396
2020-09-02T06:00:36.923784255,18.134441,-83.25396
2020-09-02T06:00:36.929506301,18.134403,-83.253944
2020-09-02T06:00:36.937517166,18.134438,-83.253845
2020-09-02T06:00:36.941331863,18.134432,-83.25115
2020-09-02T06:00:36.943620681,18.135572,-83.25254
2020-09-02T06:00:36.945528030,18.133806,-83.251434
2020-09-02T06:00:36.947435379,18.134436,-83.253815
2020-09-02T06:00:36.949342727,18.13443,-83.25382
2020-09-02T06:00:37.013050079,18.13433,-83.25387
2020-09-02T06:00:37.014957427,18.134478,-83.27187
2020-09-02T06:00:37.016864776,18.134338,-83.25386
2020-09-02T06:00:37.019153594,18.134344,-83.25385
2020-09-02T06:00:37.021060943,18.134352,-83.25385
2020-09-02T06:00:37.110326766,18.13401,-83.251465
2020-09-02T06:00:37.112615585,18.134401,-83.25381
2020-09-02T06:00:37.114522933,18.13439,-83.25379
2020-09-02T06:00:37.118337631,18.134363,-83.25376
2020-09-02T06:00:37.142370223,18.13437,-83.25376
2020-09-02T06:00:37.191961288,18.130524,-83.24591
2020-09-02T06:00:37.193868637,18.134386,-83.25377
2020-09-02T06:00:36.794464111,19.617174,-78.360176
2020-09-02T06:00:36.796371459,19.61719,-78.36016
2020-09-02T06:00:36.798278808,19.617203,-78.36015
2020-09-02T06:00:36.802474975,19.617203,-78.36013
2020-09-02T06:00:36.804382324,19.617182,-78.360115
2020-09-02T06:00:36.806289672,19.617138,-78.348175
2020-09-02T06:00:36.814300537,19.617142,-78.3601
2020-09-02T06:00:36.816207885,19.617153,-78.36011
2020-09-02T06:00:36.822311401,19.617168,-78.36011
2020-09-02T06:00:36.824218750,19.61714,-78.35344
2020-09-02T06:00:36.852067947,19.617199,-78.3601
2020-09-02T06:00:36.855882644,19.617188,-78.360054
2020-09-02T06:00:36.858171463,19.61719,-78.36002
2020-09-02T06:00:36.860078811,19.617178,-78.353386
2020-09-02T06:00:36.861986160,19.617199,-78.36
2020-09-02T06:00:36.863893508,19.617208,-78.36002
2020-09-02T06:00:36.865800857,19.617197,-78.34861
2020-09-02T06:00:36.868089675,19.6172,-78.34585
2020-09-02T06:00:36.875719070,19.617235,-78.36008
2020-09-02T06:00:36.881822586,19.61723,-78.36005
2020-09-02T06:00:36.885637283,19.617231,-78.36002
2020-09-02T06:00:36.887926101,19.61721,-78.34886
2020-09-02T06:00:36.889833450,19.619024,-78.33506
2020-09-02T06:00:36.891740798,19.618736,-78.34317
2020-09-02T06:00:36.893648147,19.61723,-78.35429
2020-09-02T06:00:36.895936965,19.617235,-78.355316
2020-09-02T06:00:36.903566360,19.617254,-78.36006
2020-09-02T06:00:36.905855178,19.617252,-78.36005
2020-09-02T06:00:36.911577224,19.623144,-78.31993
2020-09-02T06:00:36.917680740,19.626305,-78.31282
2020-09-02T06:00:36.919588088,19.617163,-78.31798
2020-09-02T06:00:36.925691604,19.636227,-78.28319
2020-09-02T06:00:36.929506301,19.617035,-78.28269
2020-09-02T06:00:36.935609817,19.640093,-78.30602
2020-09-02T06:00:36.941331863,19.617245,-78.35997
2020-09-02T06:00:36.947435379,19.619457,-78.35842
2020-09-02T06:00:36.949342727,19.61722,-78.359985
2020-09-02T06:00:36.963457107,19.617165,-78.35997
2020-09-02T06:00:36.969181060,19.623554,-78.36009
2020-09-02T06:00:36.971469879,19.617203,-78.359924
2020-09-02T06:00:36.993213653,19.617134,-78.3599
2020-09-02T06:00:36.995121002,19.617138,-78.35993
2020-09-02T06:00:37.003131866,19.617142,-78.36001
2020-09-02T06:00:37.013050079,19.630573,-78.31096
2020-09-02T06:00:37.014957427,19.617125,-78.36003
2020-09-02T06:00:37.029071807,19.617231,-78.35998
2020-09-02T06:00:37.030979156,19.617851,-78.359825
2020-09-02T06:00:37.032886505,19.617226,-78.35819
2020-09-02T06:00:37.037082672,19.61611,-78.35873
2020-09-02T06:00:37.038990020,19.616768,-78.35928
2020-09-02T06:00:37.040897369,19.617144,-78.35301
2020-09-02T06:00:37.042804718,19.617147,-78.35994
2020-09-02T06:00:37.047000885,19.606575,-78.35967
2020-09-02T06:00:37.048908233,19.616896,-78.35889
2020-09-02T06:00:37.050815582,19.616602,-78.357
2020-09-02T06:00:37.052722930,19.611042,-78.3598
2020-09-02T06:00:37.068744659,19.6019,-78.34343
2020-09-02T06:00:37.070652008,19.611448,-78.34759
2020-09-02T06:00:37.072559356,19.61718,-78.3504
2020-09-02T06:00:37.086673736,19.585157,-78.32247
2020-09-02T06:00:37.088581085,19.603651,-78.340546
2020-09-02T06:00:37.090488433,19.60267,-78.33447
2020-09-02T06:00:37.092397689,19.617077,-78.35169
2020-09-02T06:00:37.100408554,19.587399,-78.313774
2020-09-02T06:00:37.102697372,19.617191,-78.35989
2020-09-02T06:00:37.104604721,19.617193,-78.35992
2020-09-02T06:00:37.198064804,19.617165,-78.35993
2020-09-02T06:00:37.209890365,19.61705,-78.33519
2020-09-02T06:00:37.211797714,19.627476,-78.321075
2020-09-02T06:00:37.213705062,19.627632,-78.31248
2020-09-02T06:00:37.215995788,19.616993,-78.3142
2020-09-02T06:00:37.231636047,19.617014,-78.321175
2020-09-02T06:00:37.468151092,18.370731,-83.189865
2020-09-02T06:00:37.470439910,18.370749,-83.18984
2020-09-02T06:00:37.571529388,18.370714,-83.18989
2020-09-02T06:00:37.673002243,18.37656,-83.199356
2020-09-02T06:00:37.677198410,18.37064,-83.18984
2020-09-02T06:00:37.705045700,18.336992,-83.18788
2020-09-02T06:00:37.714965820,18.381905,-83.20742
2020-09-02T06:00:37.762649536,18.370712,-83.2043
2020-09-02T06:00:37.786300659,18.370615,-83.18982
2020-09-02T06:00:37.825973510,18.370596,-83.18982
2020-09-02T06:00:37.833984375,18.370647,-83.189835
2020-09-02T06:00:40.371176719,18.27517,-77.10689
2020-09-02T06:00:40.373084068,18.266264,-77.1006
2020-09-02T06:00:40.374991416,18.293303,-77.10671
2020-09-02T06:00:40.377280235,18.303602,-77.10119
2020-09-02T06:00:40.383002281,18.31324,-77.10136
2020-09-02T06:00:40.387198448,18.345121,-77.10186
2020-09-02T06:00:40.408942699,18.325975,-77.101524
2020-09-02T06:00:40.412757396,18.345152,-77.10184
2020-09-02T06:00:40.420768260,18.325367,-77.10153
2020-09-02T06:00:40.436790466,18.32805,-77.093315
2020-09-02T06:00:40.452812194,18.31625,-77.08966
2020-09-02T06:00:40.454719543,18.315794,-77.101395
2020-09-02T06:00:40.458534240,18.345139,-77.1019
2020-09-02T06:00:40.478371143,18.329824,-77.10168
2020-09-02T06:00:40.496300697,18.330587,-77.09074
2020-09-02T06:00:40.498208045,18.317945,-77.08969
2020-09-02T06:00:40.500496864,18.324032,-77.08297
2020-09-02T06:00:40.502404212,18.315744,-77.08784
2020-09-02T06:00:40.504311561,18.327118,-77.06996
2020-09-02T06:00:40.506218910,18.345173,-77.061424
2020-09-02T06:00:40.508126258,18.326685,-77.07013
2020-09-02T06:00:40.510415077,18.345219,-77.10187
2020-09-02T06:00:40.542077541,18.33525,-77.07629
2020-09-02T06:00:40.545892238,18.307077,-77.10125
2020-09-02T06:00:40.571832656,18.309376,-77.101295
2020-09-02T06:00:40.573740005,18.309843,-77.101326
2020-09-02T06:00:40.576028823,18.313745,-77.10141
2020-09-02T06:00:40.577936172,18.345041,-77.10192
2020-09-02T06:00:40.585947513,18.323988,-77.12168
2020-09-02T06:00:40.587854862,18.325705,-77.12258
2020-09-02T06:00:40.589762210,18.318373,-77.13019
2020-09-02T06:00:40.591669559,18.313332,-77.14093
2020-09-02T06:00:40.593958377,18.29814,-77.13754
2020-09-02T06:00:40.595865726,18.317625,-77.10148
2020-09-02T06:00:40.633631706,18.316893,-77.09799
2020-09-02T06:00:40.637446403,18.320156,-77.08222
2020-09-02T06:00:40.707256317,18.28941,-77.0788
2020-09-02T06:00:40.778592586,18.291676,-77.09469
2020-09-02T06:00:40.780499935,18.3195,-77.13691
2020-09-02T06:00:40.782788753,18.318073,-77.13267
2020-09-02T06:00:40.784696102,18.296484,-77.1298
2020-09-02T06:00:40.786603450,18.315868,-77.12481
2020-09-02T06:00:40.868239402,18.275043,-77.08014
2020-09-02T06:00:40.929656982,18.288332,-77.07216
2020-09-02T06:00:40.975433826,18.288952,-77.05667
2020-09-02T06:00:41.057069778,18.269833,-77.05547
2020-09-02T06:00:41.074998855,18.30961,-77.10148
2020-09-02T06:00:41.076906204,18.34506,-77.102
2020-09-02T06:00:41.084917545,18.264017,-77.06663
2020-09-02T06:00:41.086824893,18.318659,-77.13186
2020-09-02T06:00:41.088732242,18.307257,-77.12316
2020-09-02T06:00:41.090639591,18.30282,-77.1026
2020-09-02T06:00:41.092928409,18.297716,-77.11029
2020-09-02T06:00:41.094835758,18.304724,-77.11583
2020-09-02T06:00:41.096743106,18.305767,-77.118515
2020-09-02T06:00:41.098650455,18.315266,-77.12377
2020-09-02T06:00:41.100557804,18.31987,-77.11624
2020-09-02T06:00:41.102846622,18.34507,-77.10206
2020-09-02T06:00:43.168155670,19.537582,-78.74541
2020-09-02T06:00:43.181888580,19.537653,-78.74549
2020-09-02T06:00:43.273443222,19.544895,-78.68331
2020-09-02T06:00:43.275350570,19.539228,-78.65583
2020-09-02T06:00:43.319219589,19.537615,-78.74547
2020-09-02T06:00:43.325324058,19.53763,-78.74547
2020-09-02T06:00:43.329138755,19.537655,-78.74547
2020-09-02T06:00:43.366904258,19.53764,-78.745415
2020-09-02T06:00:43.381018638,19.537756,-78.74553
2020-09-02T06:00:43.390937805,19.537611,-78.74541
2020-09-02T06:00:43.402763366,19.53757,-78.71841
2020-09-02T06:00:43.432518005,19.537718,-78.74544
2020-09-02T06:00:43.434425354,19.537704,-78.74543
2020-09-02T06:00:43.438621520,19.537678,-78.74542
2020-09-02T06:00:43.440528869,19.537664,-78.74542
2020-09-02T06:00:43.442436218,19.525196,-78.7544
2020-09-02T06:00:43.444343566,19.53767,-78.74543
2020-09-02T06:00:43.480202674,19.548838,-78.75761
2020-09-02T06:00:43.484398841,19.5291,-78.70205
2020-09-02T06:00:43.486306190,19.53751,-78.66803
2020-09-02T06:00:43.488213539,19.540903,-78.65927
2020-09-02T06:00:43.490120887,19.543167,-78.68481
2020-09-02T06:00:43.492028236,19.537685,-78.74543
2020-09-02T06:00:43.494317054,19.537687,-78.745415
2020-09-02T06:00:43.595408439,19.537796,-78.75996
2020-09-02T06:00:43.669033050,19.537788,-78.71742
2020-09-02T06:00:43.671321868,19.534773,-78.66682
2020-09-02T06:00:43.673229217,19.535326,-78.67901
2020-09-02T06:00:43.677043914,19.53786,-78.77199
2020-09-02T06:00:43.709088325,19.519896,-78.76223
2020-09-02T06:00:43.764402389,19.53777,-78.71825
2020-09-02T06:00:43.766691207,19.537733,-78.69899
2020-09-02T06:00:43.776609420,19.537737,-78.70839
2020-09-02T06:00:43.893722534,19.519243,-78.717155
2020-09-02T06:00:43.895629882,19.51864,-78.74276
2020-09-02T06:00:44.029146194,19.54183,-78.665054
2020-09-02T06:00:44.031053543,19.535753,-78.69958
2020-09-02T06:00:44.032960891,19.521248,-78.68973
2020-09-02T06:00:44.148166656,19.53163,-78.74826
2020-09-02T06:00:44.170291900,19.538088,-78.82263
2020-09-02T06:00:44.172199249,19.53797,-78.777
2020-09-02T06:00:44.203862190,19.538109,-78.82277
2020-09-02T06:00:44.245823860,19.538124,-78.822716
2020-09-02T06:00:44.591441154,18.471972,-83.23668
2020-09-02T06:00:44.625392913,18.451939,-83.26491
2020-09-02T06:00:44.778364181,18.431108,-83.264565
2020-09-02T06:00:46.955445289,18.056448,-83.40437
2020-09-02T06:00:46.957352638,18.05644,-83.40436
2020-09-02T06:00:46.959259986,18.056433,-83.40434
2020-09-02T06:00:47.078661918,18.052526,-83.396286
2020-09-02T06:00:47.080569267,18.056377,-83.40433
2020-09-02T06:00:47.082476615,18.056385,-83.40431
2020-09-02T06:00:47.148090362,18.04903,-83.39561
2020-09-02T06:00:47.150379180,18.056467,-83.40431
2020-09-02T06:00:47.152286529,18.05647,-83.40433
2020-09-02T06:00:47.154193878,18.056475,-83.40434
2020-09-02T06:00:47.160298347,18.05649,-83.40439
2020-09-02T06:00:47.190052986,18.056437,-83.40432
2020-09-02T06:00:47.191960334,18.056438,-83.40432
2020-09-02T06:00:47.193867683,18.041729,-83.39123
2020-09-02T06:00:47.196156501,18.044504,-83.39118
2020-09-02T06:00:47.198063850,18.04627,-83.39539
2020-09-02T06:00:47.227819442,18.028063,-83.38189
2020-09-02T06:00:47.229726791,18.032423,-83.38334
2020-09-02T06:00:47.263677597,18.056438,-83.40434
2020-09-02T06:00:47.265584945,18.056429,-83.40437
2020-09-02T06:00:47.295340538,18.056429,-83.40433
2020-09-02T06:00:47.351036071,18.044003,-83.393326
2020-09-02T06:00:47.416649818,18.042618,-83.38805
2020-09-02T06:00:47.418557167,18.03011,-83.37765
2020-09-02T06:00:47.420464515,18.040865,-83.3925
2020-09-02T06:00:47.430764198,18.03807,-83.38581
2020-09-02T06:00:47.436486244,18.041979,-83.39456
2020-09-02T06:00:47.442589759,18.056385,-83.40424
2020-09-02T06:00:47.448311805,18.024542,-83.3878
2020-09-02T06:00:47.452507972,18.0176,-83.378914
2020-09-02T06:00:47.454415321,18.014114,-83.36671
2020-09-02T06:00:47.456322669,18.033865,-83.38476
2020-09-02T06:00:47.534144401,18.031313,-83.378624
2020-09-02T06:00:47.561610221,18.02871,-83.377235
2020-09-02T06:00:47.664990425,18.030037,-83.380775
2020-09-02T06:00:51.885635375,18.309269,-83.18586
2020-09-02T06:00:51.887924194,18.291327,-83.18481
2020-09-02T06:00:52.126346588,18.305937,-83.18564
2020-09-02T06:00:52.128253936,18.291267,-83.18479
2020-09-02T06:00:52.130542755,18.291252,-83.1848
2020-09-02T06:00:52.146184921,18.291216,-83.18488
2020-09-02T06:00:56.388956069,18.36962,-83.20903
2020-09-02T06:00:56.394678115,18.369621,-83.20972
2020-09-02T06:00:56.410699844,18.369492,-83.18986
2020-09-02T06:00:56.466394424,18.369488,-83.189804
2020-09-02T06:00:56.498058319,18.369436,-83.18978
2020-09-02T06:00:56.545742034,18.369484,-83.18982
2020-09-02T06:00:56.812393188,19.615911,-78.35989
2020-09-02T06:00:56.814300537,19.615906,-78.359924
2020-09-02T06:00:56.822311401,19.615904,-78.36001
2020-09-02T06:00:56.834136962,19.616014,-78.35995
2020-09-02T06:00:56.840240478,19.616003,-78.35995
2020-09-02T06:00:56.879915237,19.615936,-78.35998
2020-09-02T06:00:56.881822586,19.622797,-78.36016
2020-09-02T06:00:56.883729934,19.615944,-78.35996
2020-09-02T06:00:56.901659011,19.61599,-78.35996
2020-09-02T06:00:56.903566360,19.615974,-78.35995
2020-09-02T06:00:56.905855178,19.615957,-78.35993
2020-09-02T06:00:56.907762527,19.615942,-78.35992
2020-09-02T06:00:56.927598953,19.616016,-78.359985
2020-09-02T06:00:56.941331863,19.615976,-78.359955
2020-09-02T06:00:56.975284576,19.61599,-78.35997
2020-09-02T06:00:56.977191925,19.615982,-78.35998
2020-09-02T06:00:56.979099273,19.615953,-78.35091
2020-09-02T06:00:56.981388092,19.627193,-78.360275
2020-09-02T06:00:56.991306304,19.615871,-78.339
2020-09-02T06:00:57.001224517,19.615896,-78.34003
2020-09-02T06:00:57.006946563,19.615963,-78.36005
2020-09-02T06:00:57.009235382,19.61976,-78.35544
2020-09-02T06:00:57.011142730,19.61957,-78.355194
2020-09-02T06:00:57.013050079,19.615974,-78.36007
2020-09-02T06:00:57.014957427,19.61597,-78.360054
2020-09-02T06:00:57.021060943,19.61596,-78.360016
2020-09-02T06:00:57.022968292,19.615953,-78.36002
2020-09-02T06:00:57.030979156,19.615852,-78.31904
2020-09-02T06:00:57.042804718,19.615965,-78.36
2020-09-02T06:00:57.044712066,19.6195,-78.355804
2020-09-02T06:00:57.047000885,19.615946,-78.36003
2020-09-02T06:00:57.056919097,19.615992,-78.36003
2020-09-02T06:00:57.086673736,19.62633,-78.36024
2020-09-02T06:00:57.088581085,19.628143,-78.35456
2020-09-02T06:00:57.094686508,19.616007,-78.36
2020-09-02T06:00:57.096593856,19.616003,-78.36002
2020-09-02T06:00:57.098501205,19.616,-78.36004
2020-09-02T06:00:57.100408554,19.630917,-78.36044
2020-09-02T06:00:57.108419418,19.629293,-78.35286
2020-09-02T06:00:57.110326766,19.616049,-78.360176
2020-09-02T06:00:57.175939559,19.625664,-78.352486
2020-09-02T06:00:57.178228378,19.621424,-78.354805
2020-09-02T06:00:57.180135726,19.616028,-78.36013
2020-09-02T06:00:57.182043075,19.62485,-78.360344
2020-09-02T06:00:57.183950424,19.62065,-78.35739
2020-09-02T06:00:57.185857772,19.616058,-78.36008
2020-09-02T06:00:57.188146591,19.622423,-78.36022
2020-09-02T06:00:57.190053939,19.61608,-78.36003
2020-09-02T06:00:57.196157455,19.620981,-78.36127
2020-09-02T06:00:57.198064804,19.615973,-78.36006
2020-09-02T06:00:57.207983016,19.616058,-78.36017
2020-09-02T06:00:57.215995788,19.616093,-78.36016
2020-09-02T06:00:57.263679504,19.61605,-78.36006
2020-09-02T06:00:57.349130630,19.624023,-78.36023
2020-09-02T06:00:57.414743423,19.61609,-78.36016
2020-09-02T06:00:57.917909622,17.193352,-83.52712
2020-09-02T06:00:57.945756912,17.193192,-83.50946
2020-09-02T06:00:58.146413803,17.193373,-83.52805
2020-09-02T06:00:58.150228500,17.19325,-83.509476
2020-09-02T06:00:58.158239364,17.193241,-83.50947
2020-09-02T06:00:58.170064926,17.19323,-83.50949
2020-09-02T06:00:58.187994003,17.193277,-83.50943
2020-09-02T06:00:58.213935852,17.182024,-83.52467
2020-09-02T06:00:58.228050231,17.193256,-83.50943
2020-09-02T06:00:58.229957580,17.193415,-83.53361
2020-09-02T06:00:58.249794006,17.193468,-83.530014
2020-09-02T06:00:58.261619567,17.193283,-83.509445
2020-09-02T06:00:58.269630432,17.185863,-83.53307
2020-09-02T06:00:58.271537780,17.193375,-83.50951
2020-09-02T06:00:58.283744812,17.193495,-83.53019
2020-09-02T06:00:58.331430435,17.18316,-83.528755
2020-09-02T06:00:58.335245132,17.19351,-83.53199
2020-09-02T06:00:58.337152481,17.193512,-83.53313
2020-09-02T06:00:58.343255996,17.19331,-83.50949
2020-09-02T06:00:58.349359512,17.1933,-83.50947
2020-09-02T06:00:58.351266860,17.183363,-83.51771
2020-09-02T06:00:58.359277725,17.193314,-83.509445
2020-09-02T06:00:58.374917984,17.193384,-83.50948
2020-09-02T06:00:58.376825332,17.175825,-83.55227
2020-09-02T06:00:58.379114151,17.1934,-83.50949
2020-09-02T06:00:58.468379974,17.19311,-83.48962
2020-09-02T06:00:58.470287322,17.193235,-83.50947
2020-09-02T06:00:58.472576141,17.18353,-83.52277
2020-09-02T06:00:58.474483489,17.18877,-83.50916
2020-09-02T06:00:58.476390838,17.193272,-83.50949
2020-09-02T06:00:58.891817092,18.055988,-83.40468
2020-09-02T06:00:58.909746170,18.055908,-83.40464
2020-09-02T06:00:58.973453521,18.055817,-83.37572
2020-09-02T06:00:58.975360870,18.080786,-83.37684
2020-09-02T06:00:58.977268218,18.056076,-83.40465
2020-09-02T06:00:58.981464385,18.055895,-83.37937
2020-09-02T06:00:59.211875915,18.07921,-83.37753
2020-09-02T06:00:59.213783264,18.05588,-83.371826
2020-09-02T06:00:59.215690612,18.05587,-83.37112
2020-09-02T06:00:59.221794128,18.07197,-83.380806
2020-09-02T06:00:59.223701477,18.055914,-83.374344
2020-09-02T06:00:59.241630554,18.080458,-83.37434
2020-09-02T06:00:59.265663146,18.08082,-83.37392
2020-09-02T06:00:59.279396057,18.055845,-83.37286
2020-09-02T06:00:59.301521301,18.078682,-83.37348
2020-09-02T06:00:59.327081680,18.055922,-83.372795
2020-09-02T06:00:59.353021621,18.055973,-83.37455
2020-09-02T06:00:59.062717437,19.538136,-78.899895
2020-09-02T06:00:59.084844589,19.538113,-78.89999
2020-09-02T06:00:59.090566635,19.53816,-78.899956
2020-09-02T06:00:59.096670150,19.538061,-78.89992
2020-09-02T06:00:59.130239486,19.538155,-78.899826
2020-09-02T06:00:59.148168563,19.538086,-78.89992
2020-09-02T06:00:59.166097640,19.53804,-78.89988
2020-09-02T06:00:59.235908508,19.538105,-78.89991
2020-09-02T06:00:59.275581359,19.538052,-78.89995
2020-09-02T06:00:59.279396057,19.537996,-78.899925
2020-09-02T06:00:59.293510437,19.538033,-78.89994
2020-09-02T06:00:59.390787124,19.53816,-78.89994
2020-09-02T06:00:59.402612686,19.538229,-78.89995
2020-09-02T06:00:59.414819717,19.538284,-78.921814
2020-09-02T06:00:59.462505340,19.538292,-78.899895
2020-09-02T06:00:59.482341766,19.538252,-78.9
2020-09-02T06:01:00.633250236,17.982527,-83.33501
2020-09-02T06:01:00.653087139,17.977179,-83.32206
2020-09-02T06:01:00.655375957,17.977177,-83.32208
2020-09-02T06:01:00.685131072,17.977213,-83.3221
2020-09-02T06:01:00.687038421,17.977285,-83.33082
2020-09-02T06:01:00.688945770,17.977217,-83.32206
2020-09-02T06:01:00.695049285,17.977224,-83.32206
2020-09-02T06:01:00.696956634,17.977226,-83.32207
2020-09-02T06:01:00.768673896,17.977337,-83.33034
2020-09-02T06:01:00.774396419,17.977272,-83.32205
2020-09-02T06:01:00.776685237,17.977272,-83.32206
2020-09-02T06:01:00.798429012,17.977264,-83.32201
2020-09-02T06:01:00.800336360,17.977331,-83.33067
2020-09-02T06:01:00.802244186,17.977257,-83.32199
2020-09-02T06:01:00.834288120,17.977322,-83.32206
2020-09-02T06:01:00.836195468,17.977135,-83.298416
2020-09-02T06:01:00.838102817,17.977322,-83.322044
2020-09-02T06:01:00.854124546,17.977274,-83.322105
2020-09-02T06:01:00.856031894,17.977262,-83.322105
2020-09-02T06:01:00.893797874,17.977295,-83.322105
2020-09-02T06:01:00.911727428,17.966251,-83.32147
2020-09-02T06:01:00.913634777,17.973747,-83.326324
2020-09-02T06:01:00.915542125,17.976654,-83.33133
2020-09-02T06:01:00.917830944,17.963228,-83.32834
2020-09-02T06:01:00.919738292,17.960608,-83.32116
2020-09-02T06:01:00.977341175,17.977316,-83.32206
2020-09-02T06:01:00.983444690,17.97734,-83.32204
2020-09-02T06:01:00.991074562,17.977333,-83.32211
2020-09-02T06:01:01.007096290,17.953804,-83.32072
2020-09-02T06:01:01.009003639,17.966242,-83.32714
2020-09-02T06:01:01.046769618,17.97732,-83.322044
2020-09-02T06:01:01.060884475,17.97741,-83.32205
2020-09-02T06:01:01.086824893,17.97732,-83.32207
2020-09-02T06:01:01.130312919,17.97739,-83.32978
2020-09-02T06:01:01.132220268,17.98092,-83.32566
2020-09-02T06:01:01.134509086,17.977354,-83.322
2020-09-02T06:01:01.140231132,17.89864,-83.31743
2020-09-02T06:01:01.144427776,17.97737,-83.32202
2020-09-02T06:01:01.158160686,17.977453,-83.33948
2020-09-02T06:01:01.160068035,17.98112,-83.340126
2020-09-02T06:01:01.162356853,17.981445,-83.341644
2020-09-02T06:01:01.164264202,17.983345,-83.343994
2020-09-02T06:01:01.166171550,17.977346,-83.32198
2020-09-02T06:01:01.225681781,17.97739,-83.32201
2020-09-02T06:01:01.227970600,17.97756,-83.34375
2020-09-02T06:01:01.273366451,17.982752,-83.33616
2020-09-02T06:01:01.325246810,17.9775,-83.33962
2020-09-02T06:01:01.346991062,17.977333,-83.322
2020-09-02T06:01:01.349279880,17.977322,-83.322014
2020-09-02T06:01:07.009233474,19.538479,-78.977585
2020-09-02T06:01:07.160298347,19.538404,-78.94773
2020-09-02T06:01:07.183949470,19.538488,-78.97761
2020-09-02T06:01:10.355155944,18.174644,-83.186104
2020-09-02T06:01:10.353248596,18.073534,-83.298965
2020-09-02T06:01:10.357063293,18.170774,-83.2001
2020-09-02T06:01:10.450525283,18.05607,-83.30215
2020-09-02T06:01:10.452432632,18.114988,-83.251945
2020-09-02T06:01:10.454339981,18.175968,-83.19904
2020-09-02T06:01:10.488290786,18.056265,-83.3266
2020-09-02T06:01:10.543986320,18.056269,-83.326584
2020-09-02T06:01:10.545893669,18.072552,-83.3069
2020-09-02T06:01:10.547801017,18.056034,-83.29727
2020-09-02T06:01:10.560008049,18.2128,-83.18036
2020-09-02T06:01:10.641263008,18.073147,-83.30532
2020-09-02T06:01:10.643170356,18.075321,-83.304375
2020-09-02T06:01:10.645459175,18.056253,-83.32657
2020-09-02T06:01:10.756468772,18.056166,-83.32653
2020-09-02T06:01:11.000993728,18.056189,-83.32654
2020-09-02T06:01:11.003282546,18.055979,-83.30005
2020-09-02T06:01:11.009004592,18.071777,-83.316475
2020-09-02T06:01:11.011293411,18.058147,-83.33271
2020-09-02T06:01:11.893646240,18.2915,-83.18493
2020-09-02T06:01:11.907762527,18.291496,-83.184845
2020-09-02T06:01:11.957353591,18.313715,-83.16607
2020-09-02T06:01:12.044712066,18.291449,-83.184944
2020-09-02T06:01:12.047000885,18.291456,-83.18494
2020-09-02T06:01:12.110324859,18.291555,-83.18499
2020-09-02T06:01:12.190053939,18.32094,-83.186676
2020-09-02T06:01:16.941331863,18.370434,-83.19049
2020-09-02T06:01:16.971469879,18.370493,-83.1904
2020-09-02T06:01:16.973377227,18.357376,-83.206116
2020-09-02T06:01:16.975284576,18.370588,-83.20541
2020-09-02T06:01:16.987110137,18.37057,-83.207664
2020-09-02T06:01:16.999317169,18.370405,-83.19044
2020-09-02T06:01:17.048908233,18.361303,-83.20529
2020-09-02T06:01:17.055011749,18.370481,-83.19053
2020-09-02T06:01:17.066837310,18.362883,-83.20586
2020-09-02T06:01:17.080570220,18.370457,-83.2061
2020-09-02T06:01:17.114522933,18.359594,-83.20677
2020-09-02T06:01:17.156103134,18.370565,-83.20903
2020-09-02T06:01:17.174032211,18.37042,-83.19044
2020-09-02T06:01:17.237739562,18.370398,-83.19038
2020-09-02T06:01:17.257575988,18.370396,-83.190445
2020-09-02T06:01:22.484169960,18.290873,-83.18587
2020-09-02T06:01:22.531854152,18.2909,-83.185844
2020-09-02T06:01:22.641337871,18.290903,-83.1859
2020-09-02T06:01:22.748532295,18.290903,-83.185905
2020-09-02T06:01:22.750821590,18.290916,-83.18592
2020-09-02T06:01:22.790494918,18.29089,-83.18587
2020-09-02T06:01:22.836271762,18.290964,-83.185875
2020-09-02T06:01:24.253835678,18.067095,-83.39108
2020-09-02T06:01:24.299230575,18.056198,-83.40511
2020-09-02T06:01:24.301519393,18.056198,-83.405106
2020-09-02T06:01:24.303426742,18.056192,-83.405106
2020-09-02T06:01:24.305334091,18.056185,-83.40511
2020-09-02T06:01:24.362936973,18.05622,-83.405045
2020-09-02T06:01:24.432746887,18.056122,-83.3861
2020-09-02T06:01:24.526208877,18.056093,-83.38657
2020-09-02T06:01:29.190129280,18.517706,-82.50957
2020-09-02T06:01:29.192036628,18.522367,-82.49898
2020-09-02T06:01:29.193943977,18.558748,-82.50095
2020-09-02T06:01:29.203863143,18.568537,-82.50148
2020-09-02T06:01:29.213781356,18.558216,-82.49203
2020-09-02T06:01:29.221792221,18.553413,-82.49034
2020-09-02T06:01:31.617458343,18.30884,-83.198616
2020-09-02T06:01:31.619365692,18.290255,-83.1853
2020-09-02T06:01:31.621654510,18.29025,-83.18531
2020-09-02T06:01:31.673154830,18.290314,-83.185356
2020-09-02T06:01:31.762800216,18.290329,-83.18535
2020-09-02T06:01:31.764707565,18.290325,-83.185326
2020-09-02T06:01:31.770431518,18.290314,-83.18524
2020-09-02T06:01:31.774627685,18.307407,-83.196075
2020-09-02T06:01:31.790267944,18.290277,-83.185265
2020-09-02T06:01:31.798278808,18.307755,-83.18627
2020-09-02T06:01:31.810485839,18.290209,-83.185234
2020-09-02T06:01:35.919740676,18.368996,-83.11222
2020-09-02T06:01:35.951402664,18.435053,-83.13003
2020-09-02T06:01:36.005191802,18.442358,-83.15106
2020-09-02T06:01:36.054782867,18.445171,-83.15318
2020-09-02T06:01:36.056690216,18.368963,-83.11221
2020-09-02T06:01:36.102468490,18.427258,-83.121605
2020-09-02T06:01:36.104375839,18.407455,-83.11565
2020-09-02T06:01:36.218053817,18.457317,-83.157166
2020-09-02T06:01:36.219961166,18.424755,-83.15687
2020-09-02T06:01:36.299308776,18.431599,-83.16818
2020-09-02T06:01:36.528194427,18.458292,-83.152374
2020-09-02T06:01:36.377130508,19.60336,-78.329475
2020-09-02T06:01:36.379037857,19.60438,-78.330925
2020-09-02T06:01:36.380945205,19.60124,-78.334854
2020-09-02T06:01:36.382852554,19.601551,-78.33673
2020-09-02T06:01:36.384759902,19.616095,-78.36003
2020-09-02T06:01:36.388956069,19.580608,-78.3591
2020-09-02T06:01:36.390863418,19.584324,-78.3592
2020-09-02T06:01:36.418710708,19.60818,-78.334854
2020-09-02T06:01:36.420618057,19.607134,-78.337105
2020-09-02T06:01:36.422525405,19.60385,-78.3391
2020-09-02T06:01:36.424814224,19.616007,-78.33923
2020-09-02T06:01:36.430536270,19.616089,-78.35119
2020-09-02T06:01:36.432443618,19.616072,-78.34644
2020-09-02T06:01:36.434732437,19.614822,-78.34877
2020-09-02T06:01:36.436639785,19.616083,-78.360054
2020-09-02T06:01:36.444650650,19.61604,-78.360054
2020-09-02T06:01:36.446557998,19.616003,-78.349266
2020-09-02T06:01:36.448465347,19.615992,-78.35077
2020-09-02T06:01:36.450372695,19.615976,-78.35124
2020-09-02T06:01:36.452661514,19.615997,-78.3513
2020-09-02T06:01:36.454568862,19.61604,-78.36004
2020-09-02T06:01:36.464487075,19.616104,-78.36011
2020-09-02T06:01:36.470209121,19.616096,-78.36015
2020-09-02T06:01:36.472497940,19.616087,-78.36014
2020-09-02T06:01:36.474407196,19.61606,-78.35176
2020-09-02T06:01:36.480510711,19.616049,-78.360054
2020-09-02T06:01:36.482418060,19.616041,-78.36005
2020-09-02T06:01:36.498058319,19.639378,-78.3606
2020-09-02T06:01:36.500347137,19.61599,-78.35999
2020-09-02T06:01:36.548030853,19.631714,-78.36043
2020-09-02T06:01:36.549938201,19.615969,-78.34659
2020-09-02T06:01:36.551845550,19.615992,-78.36002
2020-09-02T06:01:36.553752899,19.622343,-78.36022
2020-09-02T06:01:36.593807220,19.5362,-78.35796
2020-09-02T06:01:36.607542037,19.61603,-78.360016
2020-09-02T06:01:36.613645553,19.616013,-78.35196
2020-09-02T06:01:36.615552902,19.615992,-78.33828
2020-09-02T06:01:36.617460250,19.616043,-78.360085
2020-09-02T06:01:36.627378463,19.616043,-78.36004
2020-09-02T06:01:36.629285812,19.619284,-78.3501
2020-09-02T06:01:36.631574630,19.61936,-78.34534
2020-09-02T06:01:36.633481979,19.62107,-78.34486
2020-09-02T06:01:36.635389328,19.622574,-78.340454
2020-09-02T06:01:36.637296676,19.621616,-78.342316
2020-09-02T06:01:36.639204025,19.616022,-78.342804
2020-09-02T06:01:36.641492843,19.630484,-78.32871
2020-09-02T06:01:36.643400192,19.620485,-78.33724
2020-09-02T06:01:36.645307540,19.616034,-78.36005
2020-09-02T06:01:36.651411056,19.641182,-78.322876
2020-09-02T06:01:36.653318405,19.63219,-78.333664
2020-09-02T06:01:36.655225753,19.635563,-78.33344
2020-09-02T06:01:36.657133102,19.653791,-78.325066
2020-09-02T06:01:36.659421920,19.638556,-78.33316
2020-09-02T06:01:36.661329269,19.636703,-78.340454
2020-09-02T06:01:36.663236618,19.658112,-78.324646
2020-09-02T06:01:36.669340133,19.689575,-78.3167
2020-09-02T06:01:36.676969528,19.695793,-78.318794
2020-09-02T06:01:36.679258346,19.683846,-78.32646
2020-09-02T06:01:36.681165695,19.64878,-78.32899
2020-09-02T06:01:36.683073043,19.677612,-78.331696
2020-09-02T06:01:36.684980392,19.615984,-78.36005
2020-09-02T06:01:36.689176559,19.695906,-78.32842
2020-09-02T06:01:36.694898605,19.695887,-78.32742
2020-09-02T06:01:36.794464111,19.616016,-78.36
2020-09-02T06:01:36.800567626,19.619673,-78.34851
2020-09-02T06:01:36.818496704,19.615936,-78.360054
2020-09-02T06:01:36.832229614,19.615929,-78.36008
2020-09-02T06:01:36.858171463,19.637104,-78.33826
2020-09-02T06:01:36.860078811,19.624699,-78.34286
2020-09-02T06:01:36.861986160,19.61591,-78.36002
2020-09-02T06:01:37.011142730,19.607887,-78.36692
2020-09-02T06:01:37.013050079,19.615952,-78.36004
2020-09-02T06:01:37.030979156,19.625456,-78.34451
2020-09-02T06:01:37.055011749,19.615955,-78.36007
2020-09-02T06:01:37.056919097,19.615957,-78.36006
2020-09-02T06:01:39.500270843,18.369331,-83.19033
2020-09-02T06:01:39.541851043,18.3349,-83.18835
2020-09-02T06:01:42.438774108,16.813128,-81.95179
2020-09-02T06:01:42.440681457,16.814962,-81.95188
2020-09-02T06:01:42.442970752,16.793192,-81.95087
2020-09-02T06:01:42.444878101,16.793188,-81.95084
2020-09-02T06:01:42.472725868,16.79321,-81.950905
2020-09-02T06:01:42.478447914,16.793192,-81.9509
2020-09-02T06:01:42.480736732,16.793186,-81.9509
2020-09-02T06:01:42.492562294,16.809938,-81.94415
2020-09-02T06:01:42.494469642,16.819115,-81.931404
2020-09-02T06:01:42.584116458,16.813038,-81.951706
2020-09-02T06:01:42.586023807,16.79326,-81.9508
2020-09-02T06:01:42.653544902,16.813267,-81.95173
2020-09-02T06:01:42.655452251,16.809542,-81.95156
2020-09-02T06:01:42.657359600,16.811752,-81.94051
2020-09-02T06:01:42.659648895,16.810223,-81.93952
2020-09-02T06:01:42.661556243,16.793251,-81.95082
2020-09-02T06:01:42.856108665,18.28822,-77.109795
2020-09-02T06:01:42.858397483,18.296597,-77.1079
2020-09-02T06:01:42.860304832,18.308651,-77.10161
2020-09-02T06:01:42.862212181,18.266777,-77.10097
2020-09-02T06:01:42.874037742,18.345598,-77.1023
2020-09-02T06:01:42.876327037,18.323801,-77.10195
2020-09-02T06:01:42.878234386,18.313976,-77.10829
2020-09-02T06:01:42.898070812,18.345633,-77.10229
2020-09-02T06:01:42.899978160,18.310673,-77.101746
2020-09-02T06:01:42.906082153,18.345644,-77.10226
2020-09-02T06:01:42.909896850,18.32305,-77.101875
2020-09-02T06:01:42.911804199,18.329159,-77.10076
2020-09-02T06:01:42.917907714,18.345606,-77.102234
2020-09-02T06:01:42.921722412,18.345594,-77.10225
2020-09-02T06:01:42.924011230,18.329588,-77.102
2020-09-02T06:01:42.927825927,18.341858,-77.091545
2020-09-02T06:01:42.929733276,18.345644,-77.10225
2020-09-02T06:01:42.935836791,18.345654,-77.08125
2020-09-02T06:01:42.937744617,18.332315,-77.08745
2020-09-02T06:01:42.939651966,18.341663,-77.07862
2020-09-02T06:01:42.951858997,18.345661,-77.10234
2020-09-02T06:01:42.953766345,18.341496,-77.07751
2020-09-02T06:01:42.955673694,18.341984,-77.07498
2020-09-02T06:01:42.957581043,18.339308,-77.081924
2020-09-02T06:01:42.959488391,18.339775,-77.070366
2020-09-02T06:01:42.961777210,18.345646,-77.0641
2020-09-02T06:01:42.963684558,18.345655,-77.05526
2020-09-02T06:01:42.965591907,18.345669,-77.06106
2020-09-02T06:01:42.967499732,18.345682,-77.06925
2020-09-02T06:01:42.969788551,18.345688,-77.02567
2020-09-02T06:01:42.971695899,18.345694,-77.05041
2020-09-02T06:01:42.973603248,18.34568,-77.06562
2020-09-02T06:01:42.979706764,18.34563,-77.02566
2020-09-02T06:01:42.987336158,18.345623,-77.05653
2020-09-02T06:01:42.989624977,18.336016,-77.07278
2020-09-02T06:01:42.991532325,18.338638,-77.071625
2020-09-02T06:01:42.993439674,18.331694,-77.055855
2020-09-02T06:01:42.995347023,18.335665,-77.072685
2020-09-02T06:01:43.021287918,18.345589,-77.025665
2020-09-02T06:01:43.110934257,18.34578,-77.071625
2020-09-02T06:01:43.112841606,18.340752,-77.060684
2020-09-02T06:01:43.114748954,18.32969,-77.073006
2020-09-02T06:01:43.122759819,18.345718,-77.04928
2020-09-02T06:01:43.124667167,18.323652,-77.08553
2020-09-02T06:01:43.130770683,18.345709,-77.04212
2020-09-02T06:01:43.132678031,18.32891,-77.06621
2020-09-02T06:01:43.134585380,18.326704,-77.08097
2020-09-02T06:01:43.142597198,18.306396,-77.10156
2020-09-02T06:01:43.150608062,18.34564,-77.02555
2020-09-02T06:01:43.339438438,18.243313,-77.07377
2020-09-02T06:01:43.341345787,18.266882,-77.100975
2020-09-02T06:01:42.949570178,17.97785,-83.40042
2020-09-02T06:01:42.953384876,17.960966,-83.38058
2020-09-02T06:01:42.955673694,17.962273,-83.383705
2020-09-02T06:01:42.957581043,17.977839,-83.400375
2020-09-02T06:01:43.046846389,17.97761,-83.367744
2020-09-02T06:01:43.049135208,17.95329,-83.367165
2020-09-02T06:01:43.078890800,17.963596,-83.387924
2020-09-02T06:01:43.080798149,17.977875,-83.400276
2020-09-02T06:01:43.106738090,17.89914,-83.39564
2020-09-02T06:01:43.112460136,17.977657,-83.36229
2020-09-02T06:01:43.114367485,17.977596,-83.35614
2020-09-02T06:01:43.116656303,17.960255,-83.360115
2020-09-02T06:01:43.118563652,17.96071,-83.356285
2020-09-02T06:01:43.120471000,17.96634,-83.353264
2020-09-02T06:01:43.122378349,17.97752,-83.351234
2020-09-02T06:01:43.124667167,17.977448,-83.34234
2020-09-02T06:01:43.126574516,17.977402,-83.33698
2020-09-02T06:01:43.128481864,17.97608,-83.34803
2020-09-02T06:01:43.130389213,17.968494,-83.35339
2020-09-02T06:01:43.132296562,17.977291,-83.322624
2020-09-02T06:01:43.134585380,17.9773,-83.322624
2020-09-02T06:01:43.144504547,17.985615,-83.3231
2020-09-02T06:01:43.146411895,17.978806,-83.344536
2020-09-02T06:01:43.148319244,17.977242,-83.322586
2020-09-02T06:01:43.174259185,17.977846,-83.40027
2020-09-02T06:01:43.182270050,17.977837,-83.40023
2020-09-02T06:01:43.190280914,17.985098,-83.33545
2020-09-02T06:01:43.192188262,17.97178,-83.34871
2020-09-02T06:01:43.194095611,17.973007,-83.35217
2020-09-02T06:01:43.212025642,17.990614,-83.32342
2020-09-02T06:01:43.213932991,17.977478,-83.34522
2020-09-02T06:01:43.243687629,17.962517,-83.39924
2020-09-02T06:01:43.247883796,17.977936,-83.40018
2020-09-02T06:01:43.297475814,17.977268,-83.32266
2020-09-02T06:01:43.299383163,17.977463,-83.34637
2020-09-02T06:01:43.301290512,17.977098,-83.34523
2020-09-02T06:01:43.303579330,17.974493,-83.35201
2020-09-02T06:01:43.305486679,17.973413,-83.35104
2020-09-02T06:01:43.307394027,17.978289,-83.35297
2020-09-02T06:01:43.309301376,17.982859,-83.34831
2020-09-02T06:01:43.311208724,17.972645,-83.35299
2020-09-02T06:01:43.313497543,17.977268,-83.3226
2020-09-02T06:01:43.315404891,17.977257,-83.3226
2020-09-02T06:01:43.317312240,17.97749,-83.353485
2020-09-02T06:01:43.319219589,17.98962,-83.35459
2020-09-02T06:01:43.321126937,17.985657,-83.35966
2020-09-02T06:01:43.323416709,17.977497,-83.35496
2020-09-02T06:01:43.416877746,17.96472,-83.38064
2020-09-02T06:01:43.434806823,17.966951,-83.37539
2020-09-02T06:01:43.436714172,17.977821,-83.38107
2020-09-02T06:01:43.438621520,17.977974,-83.40026
2020-09-02T06:01:43.440528869,17.977972,-83.40026
2020-09-02T06:01:43.444725036,17.966753,-83.37904
2020-09-02T06:01:43.488213539,17.966185,-83.3832
2020-09-02T06:01:43.494317054,17.966328,-83.38611
2020-09-02T06:01:43.569849014,17.96667,-83.38747
2020-09-02T06:01:43.571757316,17.977709,-83.373634
2020-09-02T06:01:43.585871696,17.98306,-83.34871
2020-09-02T06:01:43.587779045,17.984413,-83.351006
2020-09-02T06:01:43.589686393,17.98615,-83.34303
2020-09-02T06:01:43.591593742,17.989212,-83.33335
2020-09-02T06:01:43.593501091,17.989319,-83.335655
2020-09-02T06:01:43.595789909,17.98958,-83.33748
2020-09-02T06:01:43.597697257,17.995373,-83.33826
2020-09-02T06:01:43.599604606,17.977386,-83.32259
2020-09-02T06:01:43.601511955,18.017506,-83.3178
2020-09-02T06:01:43.603800773,18.001984,-83.330414
2020-09-02T06:01:43.605708122,17.99067,-83.33775
2020-09-02T06:01:43.607615470,17.977371,-83.32258
2020-09-02T06:01:43.617533683,18.056183,-83.3272
2020-09-02T06:01:43.619441032,17.9954,-83.32365
2020-09-02T06:01:43.621348381,17.991808,-83.33697
2020-09-02T06:01:43.625544548,18.009556,-83.32828
2020-09-02T06:01:43.627451896,18.005535,-83.33016
2020-09-02T06:01:43.629359245,18.014568,-83.322754
2020-09-02T06:01:43.631266593,17.995815,-83.3372
2020-09-02T06:01:43.633556365,18.009518,-83.32981
2020-09-02T06:01:43.635463714,17.977325,-83.32247
2020-09-02T06:01:43.704892158,17.978014,-83.40013
2020-09-02T06:01:43.736935615,17.977692,-83.36299
2020-09-02T06:01:43.738842964,17.970995,-83.35215
2020-09-02T06:01:43.740750312,17.977697,-83.36797
2020-09-02T06:01:43.758680343,17.977636,-83.355675
2020-09-02T06:01:45.223927497,19.456049,-77.23423
2020-09-02T06:01:45.225834846,19.456055,-77.23933
2020-09-02T06:01:45.230031013,19.449547,-77.229324
2020-09-02T06:01:45.231938362,19.451424,-77.219734
2020-09-02T06:01:45.233845710,19.456043,-77.20939
2020-09-02T06:01:45.235753059,19.45604,-77.205025
2020-09-02T06:01:45.237660408,19.456038,-77.203156
2020-09-02T06:01:45.239949226,19.456036,-77.2035
2020-09-02T06:01:45.241857528,19.456034,-77.19688
2020-09-02T06:01:45.243764877,19.45301,-77.21008
2020-09-02T06:01:45.245672225,19.453527,-77.20618
2020-09-02T06:01:45.247961044,19.456045,-77.20252
2020-09-02T06:01:45.249868392,19.456047,-77.20372
2020-09-02T06:01:45.251775741,19.456036,-77.19694
2020-09-02T06:01:45.253683090,19.456017,-77.19693
2020-09-02T06:01:45.255590438,19.455997,-77.196915
2020-09-02T06:01:45.257879257,19.45598,-77.1969
2020-09-02T06:01:45.259786605,19.455963,-77.20091
2020-09-02T06:01:45.261693954,19.455948,-77.196884
2020-09-02T06:01:45.263601303,19.455938,-77.1969
2020-09-02T06:01:45.265508651,19.444324,-77.19671
2020-09-02T06:01:45.267797470,19.455917,-77.19059
2020-09-02T06:01:45.269704818,19.455908,-77.189545
2020-09-02T06:01:45.271612167,19.455917,-77.19693
2020-09-02T06:01:45.273519515,19.447655,-77.18354
2020-09-02T06:01:45.275426864,19.455952,-77.17256
2020-09-02T06:01:45.277715682,19.455984,-77.196915
2020-09-02T06:01:45.279623031,19.45599,-77.1572
2020-09-02T06:01:45.281530380,19.456009,-77.17401
2020-09-02T06:01:45.283437728,19.456005,-77.1668
2020-09-02T06:01:45.285726547,19.456001,-77.15986
2020-09-02T06:01:45.287633895,19.43189,-77.19648
2020-09-02T06:01:45.289541244,19.456015,-77.19689
2020-09-02T06:01:45.291448593,19.429983,-77.19645
2020-09-02T06:01:45.293355941,19.455961,-77.11971
2020-09-02T06:01:45.297552108,19.422684,-77.19639
2020-09-02T06:01:45.301366806,19.412863,-77.178795
2020-09-02T06:01:45.303274154,19.455925,-77.19697
2020-09-02T06:01:45.311285972,19.455847,-77.11969
2020-09-02T06:01:45.317389488,19.455866,-77.11968
2020-09-02T06:01:45.319296836,19.376186,-77.19552
2020-09-02T06:01:45.496301651,18.056526,-83.404594
2020-09-02T06:01:45.529870986,18.056526,-83.404564
2020-09-02T06:01:45.534067153,18.056545,-83.404594
2020-09-02T06:01:45.595484733,18.05653,-83.40463
2020-09-02T06:01:45.655376434,18.056503,-83.404594
2020-09-02T06:01:45.712979316,18.056505,-83.40456
2020-09-02T06:01:45.720990180,18.056501,-83.404625
2020-09-02T06:01:45.808348655,18.056576,-83.41225
2020-09-02T06:01:45.810256004,18.05651,-83.40453
2020-09-02T06:01:45.824370384,18.05651,-83.40456
2020-09-02T06:01:45.838103294,18.056503,-83.40453
2020-09-02T06:01:45.864044189,18.056555,-83.40452
2020-09-02T06:01:45.963608741,18.056534,-83.40455
2020-09-02T06:01:45.995271682,18.056517,-83.404526
2020-09-02T06:01:47.547877311,18.291689,-83.18538
2020-09-02T06:01:47.549784660,18.327555,-83.18746
2020-09-02T06:01:47.581828117,18.326818,-83.20434
2020-09-02T06:01:47.583735466,18.370768,-83.18999
2020-09-02T06:01:47.637523651,18.291637,-83.18531
2020-09-02T06:01:47.724882125,18.328773,-83.20487
2020-09-02T06:01:47.726789474,18.312803,-83.205284
2020-09-02T06:01:47.736707687,18.319786,-83.20082
2020-09-02T06:01:47.792403221,18.322683,-83.202484
2020-09-02T06:01:47.824446678,18.321972,-83.20228
2020-09-02T06:01:47.858016967,18.291758,-83.18536
2020-09-02T06:01:53.748762130,18.317646,-83.18778
2020-09-02T06:01:53.784622192,18.290993,-83.18634
2020-09-02T06:01:56.792556762,19.554226,-78.93605
2020-09-02T06:01:56.794464111,19.538132,-78.95117
2020-09-02T06:01:56.834136962,19.527449,-78.94809
2020-09-02T06:01:56.886018753,19.5383,-78.97833
2020-09-02T06:01:56.895936965,19.552908,-78.92799
2020-09-02T06:01:56.897844314,19.554863,-78.92492
2020-09-02T06:01:56.899751663,19.538258,-78.937965
2020-09-02T06:01:58.587781906,18.388891,-82.62734
2020-09-02T06:01:58.589689254,18.39551,-82.61209
2020-09-02T06:01:58.623640060,18.390268,-82.61621
2020-09-02T06:01:58.712905883,18.42469,-82.62803
2020-09-02T06:01:58.746856689,18.421568,-82.60646
2020-09-02T06:01:58.800262451,18.404202,-82.62179
2020-09-02T06:01:58.504238128,18.056765,-83.4054
2020-09-02T06:01:58.540096282,18.056814,-83.40539
2020-09-02T06:01:58.542003631,18.056814,-83.40538
2020-09-02T06:01:58.543910980,18.056648,-83.3856
2020-09-02T06:01:58.657209396,18.056557,-83.375595
2020-09-02T06:01:58.728927612,18.056892,-83.405426
2020-09-02T06:01:58.730834960,18.056898,-83.40543
2020-09-02T06:01:58.732742309,18.05671,-83.38463
2020-09-02T06:01:58.768600463,18.056541,-83.36858
2020-09-02T06:01:58.770507812,18.05662,-83.376915
2020-09-02T06:01:58.844133377,18.056925,-83.40538
2020-09-02T06:01:58.868165969,18.071363,-83.368744
2020-09-02T06:01:58.917757034,18.056868,-83.40533
2020-09-02T06:01:58.919664382,18.056683,-83.380646
2020-09-02T06:01:58.921571731,18.05688,-83.40531
2020-09-02T06:01:58.923860549,18.056871,-83.40531
2020-09-02T06:01:58.925767898,18.060524,-83.39403
2020-09-02T06:01:58.927675247,18.056667,-83.38197
2020-09-02T06:01:58.971546173,18.056566,-83.3735
2020-09-02T06:01:59.003208160,18.05685,-83.405235
2020-09-02T06:01:59.013126373,18.056734,-83.393845
2020-09-02T06:01:59.024951934,18.056824,-83.40535
2020-09-02T06:01:59.031055450,18.056879,-83.40534
2020-09-02T06:01:59.058902740,18.063066,-83.388885
2020-09-02T06:01:59.060810089,18.0568,-83.393394
2020-09-02T06:01:59.062717437,18.056885,-83.405235
2020-09-02T06:01:59.134435653,18.064844,-83.384766
2020-09-02T06:01:59.229804992,18.05674,-83.3927
2020-09-02T06:01:59.239723205,18.05688,-83.40523
2020-09-02T06:01:59.247734069,18.056864,-83.40529
2020-09-02T06:01:59.249641418,18.056858,-83.405304
2020-09-02T06:01:59.337381362,18.056839,-83.405136
2020-09-02T06:01:59.339288711,18.056835,-83.405136
2020-09-02T06:02:00.325399398,18.30536,-83.19922
2020-09-02T06:02:00.327306747,18.303106,-83.19937
2020-09-02T06:02:04.084841728,18.369781,-83.19046
2020-09-02T06:02:04.104678153,18.36988,-83.20156
2020-09-02T06:02:04.118411064,18.369795,-83.19037
2020-09-02T06:02:04.120318412,18.369804,-83.19036
2020-09-02T06:02:04.134433746,18.3698,-83.1904
2020-09-02T06:02:04.136341094,18.369808,-83.1904
2020-09-02T06:02:04.158084869,18.369783,-83.19042
2020-09-02T06:02:04.162281036,18.369778,-83.19044
2020-09-02T06:02:04.231709480,18.36977,-83.19041
2020-09-02T06:02:04.233998298,18.36978,-83.190414
2020-09-02T06:02:04.235905647,18.369787,-83.190414
2020-09-02T06:02:04.249638557,18.369762,-83.1904
2020-09-02T06:02:04.251546859,18.369759,-83.19039
2020-09-02T06:02:04.253835678,18.369759,-83.190384
2020-09-02T06:02:04.255743026,18.369759,-83.190384
2020-09-02T06:02:04.345007896,18.378067,-83.207184
2020-09-02T06:02:04.364844322,18.36975,-83.1904
2020-09-02T06:02:04.518198013,19.537212,-78.715836
2020-09-02T06:02:04.528116226,19.537287,-78.74536
2020-09-02T06:02:04.530023574,19.551132,-78.68588
2020-09-02T06:02:04.554056167,19.537218,-78.717255
2020-09-02T06:02:04.555963516,19.537283,-78.745384
2020-09-02T06:02:04.557870864,19.55678,-78.75615
2020-09-02T06:02:04.788663864,19.53725,-78.74532
2020-09-02T06:02:04.790571212,19.53607,-78.69605
2020-09-02T06:02:04.850081443,19.539677,-78.705414
2020-09-02T06:02:04.905776977,19.537374,-78.74534
2020-09-02T06:02:04.907684326,19.551382,-78.76538
2020-09-02T06:02:04.909973144,19.53733,-78.72078
2020-09-02T06:02:04.991227149,19.551228,-78.769516
2020-09-02T06:02:04.993134498,19.537437,-78.78154
2020-09-02T06:02:05.056841850,19.551294,-78.76779
2020-09-02T06:02:05.058749198,19.539799,-78.77829
2020-09-02T06:02:05.074770927,19.537388,-78.7453
2020-09-02T06:02:05.106432914,19.529263,-78.80644
2020-09-02T06:02:05.108721733,19.537458,-78.80426
2020-09-02T06:02:05.110629081,19.537468,-78.806404
2020-09-02T06:02:05.112536430,19.537489,-78.80724
2020-09-02T06:02:05.114443778,19.537506,-78.80667
2020-09-02T06:02:05.116732597,19.537567,-78.822685
2020-09-02T06:02:05.118640899,19.540863,-78.808914
2020-09-02T06:02:05.120548248,19.53756,-78.80496
2020-09-02T06:02:05.122455596,19.537558,-78.80638
2020-09-02T06:02:05.124362945,19.537552,-78.806244
2020-09-02T06:02:05.126651763,19.537548,-78.80757
2020-09-02T06:02:05.128559112,19.537582,-78.82275
2020-09-02T06:02:05.130466461,19.540272,-78.80623
2020-09-02T06:02:05.132373809,19.537514,-78.802444
2020-09-02T06:02:05.134281158,19.537558,-78.82274
2020-09-02T06:02:05.162128448,19.537527,-78.82266
2020-09-02T06:02:05.168231964,19.502003,-78.80147
2020-09-02T06:02:05.172046661,19.487791,-78.821236
2020-09-02T06:02:05.182347297,19.457747,-78.82036
2020-09-02T06:02:05.188069343,19.457647,-78.79253
2020-09-02T06:02:05.205998420,19.537497,-78.8227
2020-09-02T06:02:05.207905769,19.541122,-78.81464
2020-09-02T06:02:05.209813117,19.540915,-78.81567
2020-09-02T06:02:05.212101936,19.54289,-78.81551
2020-09-02T06:02:05.214009284,19.542694,-78.815704
2020-09-02T06:02:05.215916633,19.542355,-78.81688
2020-09-02T06:02:05.217823982,19.540995,-78.818756
2020-09-02T06:02:05.220112800,19.540764,-78.8196
2020-09-02T06:02:05.225834846,19.54022,-78.82928
2020-09-02T06:02:05.230031013,19.537561,-78.822655
2020-09-02T06:02:05.231938362,19.537563,-78.82266
2020-09-02T06:02:05.233845710,19.53756,-78.82268
2020-09-02T06:02:05.235753059,19.537554,-78.822685
2020-09-02T06:02:05.237660408,19.53755,-78.8227
2020-09-02T06:02:05.247579574,19.537554,-78.82273
2020-09-02T06:02:05.249868392,19.537556,-78.82274
2020-09-02T06:02:05.251775741,19.537552,-78.82273
2020-09-02T06:02:05.253683090,19.53754,-78.82272
2020-09-02T06:02:05.255590438,19.53753,-78.82271
2020-09-02T06:02:05.257879257,19.537521,-78.8227
2020-09-02T06:02:05.259786605,19.53751,-78.82269
2020-09-02T06:02:05.261693954,19.53751,-78.82269
2020-09-02T06:02:05.263601303,19.537518,-78.82269
2020-09-02T06:02:05.265508651,19.537527,-78.8227
2020-09-02T06:02:05.267797470,19.537535,-78.82271
2020-09-02T06:02:05.269704818,19.537542,-78.822716
2020-09-02T06:02:05.271612167,19.537542,-78.822716
2020-09-02T06:02:05.273519515,19.537535,-78.82272
2020-09-02T06:02:05.275426864,19.537525,-78.82272
2020-09-02T06:02:05.277715682,19.537518,-78.82273
2020-09-02T06:02:05.339133262,19.509043,-78.80047
2020-09-02T06:02:05.345236778,19.457615,-78.7819
2020-09-02T06:02:05.347144126,19.457687,-78.79766
2020-09-02T06:02:05.351340293,19.457706,-78.7852
2020-09-02T06:02:05.353247642,19.457796,-78.820366
2020-09-02T06:02:05.358969688,19.508154,-78.798325
2020-09-02T06:02:05.361258506,19.4892,-78.80184
2020-09-02T06:02:05.366981506,19.47671,-78.78546
2020-09-02T06:02:05.368888854,19.483221,-78.78978
2020-09-02T06:02:05.371177673,19.457563,-78.74297
2020-09-02T06:02:05.376899719,19.4824,-78.786995
2020-09-02T06:02:05.392921447,19.457552,-78.743004
2020-09-02T06:02:05.482186317,19.537573,-78.80239
2020-09-02T06:02:09.593730926,19.615953,-78.34012
2020-09-02T06:02:09.605556488,19.616007,-78.35997
2020-09-02T06:02:09.607463836,19.61596,-78.34905
2020-09-02T06:02:09.609752655,19.615921,-78.34383
2020-09-02T06:02:09.619670867,19.61593,-78.35032
2020-09-02T06:02:09.621578216,19.615932,-78.35297
2020-09-02T06:02:09.623485565,19.615915,-78.35026
2020-09-02T06:02:09.625392913,19.608774,-78.35302
2020-09-02T06:02:09.627681732,19.60544,-78.352196
2020-09-02T06:02:09.631496429,19.615902,-78.35987
2020-09-02T06:02:09.637600898,19.615963,-78.35988
2020-09-02T06:02:09.639508247,19.615982,-78.35988
2020-09-02T06:02:09.641415596,19.603596,-78.35297
2020-09-02T06:02:09.643322944,19.615995,-78.359886
2020-09-02T06:02:09.645230293,19.615992,-78.357376
2020-09-02T06:02:09.651333808,19.578632,-78.35893
2020-09-02T06:02:09.653241157,19.58558,-78.35912
2020-09-02T06:02:09.659344673,19.61598,-78.359924
2020-09-02T06:02:09.661252021,19.61597,-78.359924
2020-09-02T06:02:09.663159370,19.615953,-78.35992
2020-09-02T06:02:09.665448188,19.617199,-78.358086
2020-09-02T06:02:09.667355537,19.615908,-78.35344
2020-09-02T06:02:09.671170234,19.565905,-78.358604
2020-09-02T06:02:09.673077583,19.568575,-78.35868
2020-09-02T06:02:09.675366401,19.562954,-78.34466
2020-09-02T06:02:09.677273750,19.615955,-78.35992
2020-09-02T06:02:09.679181098,19.615973,-78.359924
2020-09-02T06:02:09.687191963,19.61596,-78.35987
2020-09-02T06:02:09.689099311,19.619297,-78.357086
2020-09-02T06:02:09.691006660,19.615944,-78.35984
2020-09-02T06:02:09.692914009,19.565617,-78.33065
2020-09-02T06:02:09.695202827,19.591526,-78.33845
2020-09-02T06:02:09.707029342,19.566395,-78.31955
2020-09-02T06:02:09.708936691,19.580627,-78.33492
2020-09-02T06:02:09.715040206,19.562725,-78.28108
2020-09-02T06:02:09.716947555,19.622486,-78.3563
2020-09-02T06:02:09.718854904,19.625212,-78.36013
2020-09-02T06:02:09.720762252,19.622944,-78.35499
2020-09-02T06:02:09.723051071,19.623524,-78.35531
2020-09-02T06:02:09.726865768,19.561928,-78.302635
2020-09-02T06:02:09.728773117,19.536024,-78.31945
2020-09-02T06:02:09.731061935,19.535938,-78.28045
2020-09-02T06:02:09.732969284,19.615955,-78.359886
2020-09-02T06:02:09.734876632,19.630108,-78.36024
2020-09-02T06:02:09.736783981,19.633821,-78.342186
2020-09-02T06:02:09.738691329,19.62439,-78.34955
2020-09-02T06:02:09.742887496,19.64045,-78.32328
2020-09-02T06:02:09.744794845,19.629246,-78.32062
2020-09-02T06:02:09.746702194,19.629725,-78.31873
2020-09-02T06:02:09.756620407,19.615763,-78.28247
2020-09-02T06:02:09.758527755,19.634823,-78.30086
2020-09-02T06:02:09.764632225,19.652092,-78.28339
2020-09-02T06:02:09.782561302,19.564621,-78.32297
2020-09-02T06:02:09.794386863,19.579674,-78.30113
2020-09-02T06:02:09.796294212,19.584673,-78.35903
2020-09-02T06:02:09.804305076,19.564867,-78.28892
2020-09-02T06:02:09.806593894,19.569698,-78.316216
2020-09-02T06:02:09.810408592,19.571718,-78.29916
2020-09-02T06:02:09.814223289,19.695688,-78.284485
2020-09-02T06:02:09.816512107,19.535892,-78.28042
2020-09-02T06:02:09.818419456,19.576843,-78.29278
2020-09-02T06:02:09.820326805,19.58521,-78.31113
2020-09-02T06:02:09.822235107,19.569118,-78.32973
2020-09-02T06:02:09.826431274,19.695717,-78.28447
2020-09-02T06:02:09.834060668,19.682613,-78.284134
2020-09-02T06:02:09.840164184,19.667952,-78.31071
2020-09-02T06:02:09.842071533,19.666124,-78.28373
2020-09-02T06:02:09.844360351,19.615728,-78.28245
2020-09-02T06:02:09.846267700,19.684053,-78.284195
2020-09-02T06:02:09.848175048,19.695597,-78.28449
2020-09-02T06:02:09.850082397,19.695566,-78.28449
2020-09-02T06:02:09.851989746,19.676495,-78.29194
2020-09-02T06:02:09.854278564,19.615812,-78.35988
2020-09-02T06:02:09.860000610,19.695572,-78.28454
2020-09-02T06:02:09.861907958,19.695568,-78.28454
2020-09-02T06:02:09.866104125,19.69556,-78.284515
2020-09-02T06:02:09.868011474,19.61563,-78.28247
2020-09-02T06:02:09.871826171,19.695549,-78.284515
2020-09-02T06:02:09.874114990,19.615618,-78.28251
2020-09-02T06:02:09.876022338,19.615616,-78.28254
2020-09-02T06:02:09.879837036,19.695538,-78.284645
2020-09-02T06:02:09.884034156,19.615599,-78.2826
2020-09-02T06:02:09.889756202,19.695509,-78.28461
2020-09-02T06:02:09.895859718,19.615593,-78.28253
2020-09-02T06:02:09.901963233,19.695538,-78.28455
2020-09-02T06:02:09.921799659,19.615633,-78.2825
2020-09-02T06:02:09.923707008,19.535837,-78.312225
2020-09-02T06:02:09.929810523,19.61565,-78.282455
2020-09-02T06:02:09.935532569,19.53572,-78.280426
2020-09-02T06:02:10.043108940,19.6195,-78.354355
2020-09-02T06:02:10.045016288,19.647902,-78.31225
2020-09-02T06:02:10.046923637,19.615639,-78.32893
2020-09-02T06:02:10.048830986,19.608837,-78.344986
2020-09-02T06:02:10.051119804,19.695473,-78.28455
2020-09-02T06:02:10.064852714,19.62585,-78.34739
2020-09-02T06:02:10.066760063,19.60462,-78.32228
2020-09-02T06:02:10.074771881,19.59007,-78.28185
2020-09-02T06:02:08.989473342,18.319334,-83.18704
2020-09-02T06:02:09.034869194,18.290575,-83.185295
2020-09-02T06:02:11.235982894,18.077492,-83.39333
2020-09-02T06:02:11.255819320,18.05507,-83.40432
2020-09-02T06:02:11.267644882,18.05498,-83.40426
2020-09-02T06:02:11.295494079,18.054937,-83.404274
2020-09-02T06:02:11.297401428,18.054924,-83.404305
2020-09-02T06:02:11.307319641,18.073738,-83.40543
2020-09-02T06:02:11.309226989,18.072361,-83.39053
2020-09-02T06:02:11.317237854,18.054926,-83.40427
2020-09-02T06:02:11.341270446,18.054974,-83.40426
2020-09-02T06:02:11.371025085,18.054941,-83.40427
2020-09-02T06:02:11.379035949,18.054903,-83.404205
2020-09-02T06:02:11.382850646,18.071955,-83.391525
2020-09-02T06:02:11.392768859,18.074627,-83.39315
2020-09-02T06:02:11.404977798,18.054806,-83.38456
2020-09-02T06:02:11.422906875,18.054981,-83.4043
2020-09-02T06:02:11.438547134,18.054993,-83.40435
2020-09-02T06:02:11.374839782,18.438456,-83.148285
2020-09-02T06:02:11.412607192,18.427326,-83.15366
2020-09-02T06:02:11.446557998,18.45462,-83.15033
2020-09-02T06:02:11.899751663,18.37513,-83.13764
2020-09-02T06:02:11.901659011,18.289816,-83.18504
2020-09-02T06:02:12.166402816,18.407555,-83.152435
2020-09-02T06:02:12.172124862,18.289751,-83.14935
2020-09-02T06:02:12.172124862,18.447554,-83.11668
2020-09-02T06:02:12.430765151,18.294487,-83.14883
2020-09-02T06:02:12.432672500,18.336575,-83.12965
2020-09-02T06:02:12.434579849,18.338064,-83.13155
2020-09-02T06:02:12.436487197,18.289766,-83.14764
2020-09-02T06:02:12.726789474,18.355398,-83.126274
2020-09-02T06:02:12.728696823,18.337507,-83.122604
2020-09-02T06:02:12.730985641,18.338821,-83.133125
2020-09-02T06:02:12.732892990,18.31375,-83.146255
2020-09-02T06:02:12.734800338,18.289959,-83.14975
2020-09-02T06:02:12.533763885,19.550512,-81.74973
2020-09-02T06:02:12.544063568,19.55054,-81.75109
2020-09-02T06:02:12.547878265,19.550564,-81.74854
2020-09-02T06:02:12.559703826,19.550627,-81.7505
2020-09-02T06:02:12.569622039,19.550777,-81.7755
2020-09-02T06:02:12.581829071,19.550709,-81.77547
2020-09-02T06:02:12.601665496,19.521654,-81.78661
2020-09-02T06:02:12.607387542,19.550745,-81.775444
2020-09-02T06:02:12.615398406,19.550762,-81.775406
2020-09-02T06:02:12.619594573,19.520866,-81.773834
2020-09-02T06:02:12.621501922,19.512411,-81.796364
2020-09-02T06:02:12.623409271,19.519081,-81.78301
2020-09-02T06:02:12.629512786,19.549072,-81.77032
2020-09-02T06:02:12.631420135,19.534071,-81.76023
2020-09-02T06:02:12.633327484,19.501387,-81.7975
2020-09-02T06:02:12.635234832,19.551092,-81.7771
2020-09-02T06:02:12.637144088,19.548515,-81.77029
2020-09-02T06:02:12.639432907,19.550741,-81.77544
2020-09-02T06:02:12.641340255,19.493612,-81.79806
2020-09-02T06:02:12.649351119,19.47089,-81.77133
2020-09-02T06:02:12.651258468,19.4891,-81.79543
2020-09-02T06:02:12.679105758,19.557709,-81.77328
2020-09-02T06:02:12.682920455,19.551003,-81.80442
2020-09-02T06:02:12.685209274,19.50956,-81.791245
2020-09-02T06:02:12.687116622,19.5508,-81.775444
2020-09-02T06:02:12.710767745,19.550816,-81.77543
2020-09-02T06:02:12.724882125,19.550861,-81.77547
2020-09-02T06:02:12.726789474,19.550728,-81.756134
2020-09-02T06:02:12.728696823,19.550852,-81.77547
2020-09-02T06:02:12.730604171,19.550848,-81.77547
2020-09-02T06:02:12.752729415,19.55082,-81.77545
2020-09-02T06:02:12.754636764,19.574915,-81.79223
2020-09-02T06:02:12.768371582,19.582722,-81.8091
2020-09-02T06:02:12.772567749,19.551067,-81.80703
2020-09-02T06:02:12.774475097,19.579847,-81.81514
2020-09-02T06:02:12.784393310,19.58097,-81.82027
2020-09-02T06:02:12.790496826,19.55136,-81.853584
2020-09-02T06:02:12.792404174,19.578205,-81.82067
2020-09-02T06:02:12.794311523,19.551163,-81.81744
2020-09-02T06:02:12.796218872,19.573624,-81.81491
2020-09-02T06:02:12.808425903,19.55137,-81.85353
2020-09-02T06:02:12.810333251,19.572123,-81.83703
2020-09-02T06:02:12.812240600,19.55114,-81.82112
2020-09-02T06:02:12.814147949,19.55138,-81.853516
2020-09-02T06:02:12.816055297,19.571623,-81.82199
2020-09-02T06:02:12.818344116,19.560751,-81.78762
2020-09-02T06:02:12.832077026,19.551409,-81.85351
2020-09-02T06:02:16.917680740,18.291784,-83.21989
2020-09-02T06:02:16.919588088,18.291761,-83.21647
2020-09-02T06:02:17.007328033,18.2917,-83.21932
2020-09-02T06:02:17.009235382,18.291698,-83.219025
2020-09-02T06:02:17.013050079,18.291422,-83.18553
2020-09-02T06:02:17.045093536,18.291674,-83.217545
2020-09-02T06:02:17.098501205,18.291616,-83.21364
2020-09-02T06:02:19.961471558,18.03762,-83.40386
2020-09-02T06:02:19.993134022,18.025995,-83.39634
2020-09-02T06:02:19.995422841,18.020685,-83.391335
2020-09-02T06:02:19.997330666,17.977919,-83.40036
2020-09-02T06:02:20.019074440,18.056702,-83.40493
2020-09-02T06:02:20.020981788,18.056705,-83.40493
2020-09-02T06:02:20.069047927,18.0564,-83.36813
2020-09-02T06:02:20.070955276,18.04059,-83.3932
2020-09-02T06:02:20.106813907,18.056654,-83.38663
2020-09-02T06:02:20.108721256,18.034891,-83.403625
2020-09-02T06:02:20.150301933,18.056799,-83.404915
2020-09-02T06:02:20.152209758,18.03146,-83.39494
2020-09-02T06:02:20.154498577,18.027939,-83.403206
2020-09-02T06:02:20.156405925,18.02908,-83.40327
2020-09-02T06:02:20.158313274,18.03225,-83.40346
2020-09-02T06:02:20.210193634,18.023893,-83.396515
2020-09-02T06:02:20.212100982,18.02242,-83.40282
2020-09-02T06:02:20.217823505,18.01706,-83.40255
2020-09-02T06:02:20.220112323,18.017622,-83.4026
2020-09-02T06:02:20.222019672,17.978012,-83.40026
2020-09-02T06:02:20.223927021,18.007505,-83.40199
2020-09-02T06:02:20.225834369,18.012152,-83.393486
2020-09-02T06:02:20.227741718,18.013828,-83.38713
2020-09-02T06:02:20.230030536,18.013844,-83.39448
2020-09-02T06:02:20.231937885,17.999752,-83.3942
2020-09-02T06:02:20.233845233,18.004877,-83.39519
2020-09-02T06:02:20.235752582,18.015385,-83.38884
2020-09-02T06:02:20.255589485,17.99522,-83.385155
2020-09-02T06:02:20.257878303,18.000673,-83.38479
2020-09-02T06:02:20.259785652,17.977924,-83.40015
2020-09-02T06:02:20.269703865,17.977867,-83.400185
2020-09-02T06:02:20.313573837,17.977413,-83.322525
2020-09-02T06:02:20.315481185,17.977718,-83.36157
2020-09-02T06:02:20.317388534,18.004152,-83.38234
2020-09-02T06:02:20.319295883,18.00226,-83.37481
2020-09-02T06:02:20.321203231,18.00622,-83.3711
2020-09-02T06:02:20.323492050,18.004772,-83.36907
2020-09-02T06:02:20.325399398,17.977337,-83.322495
2020-09-02T06:02:20.327306747,17.977312,-83.32248
2020-09-02T06:02:20.335317611,17.977285,-83.322464
2020-09-02T06:02:20.337224960,17.993336,-83.348595
2020-09-02T06:02:20.339132785,18.007084,-83.3718
2020-09-02T06:02:20.341421604,17.995872,-83.368904
2020-09-02T06:02:20.345236301,17.977324,-83.322464
2020-09-02T06:02:20.353247165,17.977354,-83.322464
2020-09-02T06:02:20.355154514,17.977472,-83.33757
2020-09-02T06:02:20.357061862,17.99224,-83.346695
2020-09-02T06:02:20.358969211,17.997772,-83.370674
2020-09-02T06:02:20.418860912,18.056534,-83.37459
2020-09-02T06:02:20.428779125,18.012007,-83.40216
2020-09-02T06:02:20.430686950,17.998358,-83.3921
2020-09-02T06:02:20.480278491,18.056623,-83.38059
2020-09-02T06:02:20.482567310,17.978006,-83.40009
2020-09-02T06:02:20.484474658,17.993708,-83.36095
2020-09-02T06:02:20.486382007,18.013582,-83.36083
2020-09-02T06:02:20.488289356,17.977667,-83.35632
2020-09-02T06:02:20.490196704,17.99914,-83.372955
2020-09-02T06:02:20.500115394,17.995722,-83.359856
2020-09-02T06:02:20.502404212,17.988808,-83.34597
2020-09-02T06:02:20.504311561,17.977562,-83.33879
2020-09-02T06:02:20.506218910,17.99839,-83.37536
2020-09-02T06:02:20.512322425,17.977459,-83.32248
2020-09-02T06:02:20.520333290,17.99118,-83.3474
2020-09-02T06:02:20.522240638,17.999283,-83.354004
2020-09-02T06:02:20.524148464,18.000061,-83.36249
2020-09-02T06:02:20.530251979,17.977398,-83.3225
2020-09-02T06:02:20.601587772,18.037268,-83.385445
2020-09-02T06:02:20.603495121,18.019684,-83.377075
2020-09-02T06:02:20.706874847,17.997194,-83.36946
2020-09-02T06:02:20.709164142,17.9925,-83.342415
2020-09-02T06:02:20.768673896,18.013319,-83.38878
2020-09-02T06:02:22.406730175,18.32862,-83.20022
2020-09-02T06:02:22.408637523,18.29228,-83.1852
2020-09-02T06:02:22.573816776,18.329786,-83.20045
2020-09-02T06:02:22.649348735,18.336926,-83.1877
2020-09-02T06:02:23.397041320,18.603872,-82.50332
2020-09-02T06:02:23.398948669,18.603859,-82.503296
2020-09-02T06:02:23.432518005,18.603828,-82.50331
2020-09-02T06:02:23.444725036,18.584715,-82.463524
2020-09-02T06:02:23.504235267,18.603807,-82.50327
2020-09-02T06:02:23.543909072,18.575054,-82.47397
2020-09-02T06:02:23.575953483,18.524698,-82.49898
2020-09-02T06:02:32.963685989,15.711411,-82.63562
2020-09-02T06:02:32.965974807,15.728888,-82.64127
2020-09-02T06:02:32.967882156,15.711582,-82.665245
2020-09-02T06:02:32.969789505,15.711579,-82.66524
2020-09-02T06:02:32.971696853,15.731355,-82.64176
2020-09-02T06:02:32.973604202,15.738707,-82.64193
2020-09-02T06:02:32.975893020,15.745463,-82.642204
2020-09-02T06:02:32.977800369,15.737064,-82.64806
2020-09-02T06:02:32.979707717,15.749085,-82.66697
2020-09-02T06:02:32.981615066,15.7385025,-82.65007
2020-09-02T06:02:32.983903884,15.736796,-82.650055
2020-09-02T06:02:32.985811233,15.711584,-82.66521
2020-09-02T06:02:33.027393341,15.711505,-82.66515
2020-09-02T06:02:33.029300689,15.760166,-82.64585
2020-09-02T06:02:33.031589508,15.711479,-82.66518
2020-09-02T06:02:33.037311553,15.770593,-82.642914
2020-09-02T06:02:35.144582748,18.395594,-82.72597
2020-09-02T06:02:35.182348251,18.387526,-82.71872
2020-09-02T06:02:35.202184677,18.366184,-82.724365
2020-09-02T06:02:35.205999374,18.366207,-82.72435
2020-09-02T06:02:35.207906723,18.38015,-82.72222
2020-09-02T06:02:35.210195541,18.36397,-82.73144
2020-09-02T06:02:35.212102890,18.366175,-82.730576
2020-09-02T06:02:35.214010238,18.361568,-82.73439
2020-09-02T06:02:35.215917587,18.366236,-82.72433
2020-09-02T06:02:35.217824935,18.366236,-82.72433
2020-09-02T06:02:35.265510559,18.36625,-82.72428
2020-09-02T06:02:35.319297790,18.372898,-82.74018
2020-09-02T06:02:35.363168716,18.359129,-82.736
2020-09-02T06:02:35.416955947,18.356373,-82.73619
2020-09-02T06:02:35.617612838,18.290674,-83.18605
2020-09-02T06:02:35.740829467,18.29066,-83.186104
2020-09-02T06:02:36.333259582,18.7593,-82.35742
2020-09-02T06:02:36.341270446,18.759264,-82.35742
2020-09-02T06:02:39.003208160,18.29146,-83.23005
2020-09-02T06:02:39.058902740,18.291513,-83.22872
2020-09-02T06:02:39.060810089,18.291523,-83.22988
2020-09-02T06:02:38.647672653,18.268997,-77.04861
2020-09-02T06:02:38.695356369,18.266245,-77.057045
2020-09-02T06:02:38.709091186,18.266323,-77.046616
2020-09-02T06:02:38.711380004,18.265427,-77.05691
2020-09-02T06:02:38.713287353,18.2789,-77.04323
2020-09-02T06:02:38.715194702,18.262802,-77.04824
2020-09-02T06:02:38.717102050,18.26636,-77.02451
2020-09-02T06:02:38.719009399,18.280958,-77.04441
2020-09-02T06:02:38.721298217,18.282566,-77.04681
2020-09-02T06:02:38.723205566,18.29228,-77.0249
2020-09-02T06:02:38.727020263,18.294142,-77.04394
2020-09-02T06:02:38.731216430,18.305622,-77.03794
2020-09-02T06:02:38.733123779,18.292076,-77.0418
2020-09-02T06:02:38.759063720,18.299187,-77.040985
2020-09-02T06:02:38.760971069,18.284605,-77.04175
2020-09-02T06:02:38.764785766,18.307789,-77.037125
2020-09-02T06:02:38.767074584,18.2933,-77.04207
2020-09-02T06:02:38.774703979,18.345127,-77.02584
2020-09-02T06:02:38.782714843,18.292278,-77.04788
2020-09-02T06:02:38.790725708,18.345074,-77.02589
2020-09-02T06:02:38.792633056,18.345097,-77.02588
2020-09-02T06:02:38.800643920,18.345194,-77.045784
2020-09-02T06:02:38.802551269,18.345188,-77.04886
2020-09-02T06:02:38.804840087,18.345175,-77.025826
2020-09-02T06:02:38.810562133,18.345152,-77.064255
2020-09-02T06:02:38.834596633,18.345158,-77.071976
2020-09-02T06:02:38.836503982,18.31195,-77.025314
2020-09-02T06:02:38.844514846,18.345142,-77.102394
2020-09-02T06:02:38.846422195,18.345161,-77.07442
2020-09-02T06:02:38.858247756,18.345276,-77.10235
2020-09-02T06:02:38.860155105,18.345293,-77.08627
2020-09-02T06:02:38.862443923,18.330727,-77.06747
2020-09-02T06:02:38.866258621,18.34526,-77.10244
2020-09-02T06:02:38.870454788,18.34523,-77.10251
2020-09-02T06:02:38.872362136,18.345232,-77.1025
2020-09-02T06:02:38.882280349,18.345263,-77.102425
2020-09-02T06:02:38.886095046,18.345247,-77.02582
2020-09-02T06:02:38.888002395,18.307999,-77.03584
2020-09-02T06:02:38.904024124,18.316742,-77.03135
2020-09-02T06:02:38.905931472,18.276789,-77.04094
2020-09-02T06:02:38.921953201,18.307411,-77.03722
2020-09-02T06:02:38.923860549,18.295061,-77.038
2020-09-02T06:02:38.925767898,18.266415,-77.02466
2020-09-02T06:02:38.929964065,18.321999,-77.014946
2020-09-02T06:02:38.933778762,18.345251,-77.10243
2020-09-02T06:02:38.936067581,18.329699,-77.00606
2020-09-02T06:02:38.945985794,18.345173,-76.9882
2020-09-02T06:02:38.947893142,18.314646,-77.00457
2020-09-02T06:02:38.949802398,18.296099,-77.041565
2020-09-02T06:02:38.951709747,18.302643,-77.00831
2020-09-02T06:02:38.953617095,18.296085,-77.01184
2020-09-02T06:02:38.955905914,18.296495,-77.02063
2020-09-02T06:02:38.957813262,18.295698,-77.00601
2020-09-02T06:02:38.959720611,18.292805,-77.01556
2020-09-02T06:02:38.961627960,18.297148,-77.00512
2020-09-02T06:02:38.963535308,18.30311,-77.0061
2020-09-02T06:02:38.965824127,18.310736,-76.99792
2020-09-02T06:02:38.967731475,18.312737,-76.99152
2020-09-02T06:02:38.969638824,18.300224,-76.98625
2020-09-02T06:02:38.971546173,18.31261,-76.99239
2020-09-02T06:02:38.973834991,18.313646,-76.991165
2020-09-02T06:02:38.975742340,18.317411,-76.983665
2020-09-02T06:02:38.977649688,18.315252,-76.983086
2020-09-02T06:02:38.979557037,18.309496,-76.98326
2020-09-02T06:02:38.981464385,18.345179,-76.94915
2020-09-02T06:02:39.138631820,18.26986,-77.02702
2020-09-02T06:02:39.174489974,18.26557,-77.03892
2020-09-02T06:02:39.378958703,18.0562,-83.405
2020-09-02T06:02:39.380866051,18.056196,-83.40501
2020-09-02T06:02:39.383154870,18.05623,-83.40502
2020-09-02T06:02:39.488441945,18.056213,-83.40497
2020-09-02T06:02:39.490349293,18.056208,-83.40497
2020-09-02T06:02:39.522011757,18.056269,-83.405014
2020-09-02T06:02:39.562066556,18.05627,-83.40492
2020-09-02T06:02:39.563974381,18.05627,-83.40493
2020-09-02T06:02:39.571985245,18.056267,-83.40496
2020-09-02T06:02:39.573892594,18.05626,-83.404976
2020-09-02T06:02:39.621576787,18.05634,-83.4049
2020-09-02T06:02:39.661250592,18.056309,-83.40501
2020-09-02T06:02:39.663157940,18.0563,-83.40499
2020-09-02T06:02:39.667354107,18.05628,-83.40497
2020-09-02T06:02:39.669261456,18.05627,-83.40495
2020-09-02T06:02:39.679179669,18.056316,-83.40493
2020-09-02T06:02:39.742886067,18.056223,-83.40488
2020-09-02T06:02:39.744793416,18.056227,-83.40487
2020-09-02T06:02:39.746700764,18.043247,-83.4041
2020-09-02T06:02:39.750897408,18.056238,-83.404854
2020-09-02T06:02:39.752804757,18.03941,-83.40388
2020-09-02T06:02:39.848173619,18.056377,-83.41355
2020-09-02T06:02:39.854277134,18.056313,-83.40493
2020-09-02T06:02:44.347296714,19.616022,-78.36001
2020-09-02T06:02:44.349204063,19.616013,-78.359985
2020-09-02T06:02:44.353018760,19.633444,-78.36045
2020-09-02T06:02:44.355307579,19.632223,-78.3494
2020-09-02T06:02:44.359122276,19.630804,-78.360435
2020-09-02T06:02:44.361029624,19.615992,-78.36006
2020-09-02T06:02:44.365225791,19.634344,-78.36053
2020-09-02T06:02:44.367133140,19.633228,-78.355545
2020-09-02T06:02:44.370947837,19.61597,-78.36002
2020-09-02T06:02:44.373236656,19.636026,-78.36055
2020-09-02T06:02:44.378959655,19.641808,-78.3607
2020-09-02T06:02:44.380867004,19.615984,-78.36003
2020-09-02T06:02:44.383155822,19.623508,-78.36023
2020-09-02T06:02:44.385063171,19.616028,-78.36003
2020-09-02T06:02:44.386970520,19.61605,-78.36004
2020-09-02T06:02:44.388877868,19.616072,-78.36004
2020-09-02T06:02:44.390785217,19.616087,-78.36004
2020-09-02T06:02:44.393074035,19.616068,-78.360016
2020-09-02T06:02:44.400703430,19.616007,-78.3669
2020-09-02T06:02:44.402992248,19.616032,-78.36843
2020-09-02T06:02:44.404899597,19.616058,-78.37071
2020-09-02T06:02:44.406806945,19.616081,-78.372215
2020-09-02T06:02:44.408714294,19.616104,-78.372505
2020-09-02T06:02:44.411003112,19.616095,-78.36006
2020-09-02T06:02:44.412910461,19.616114,-78.37112
2020-09-02T06:02:44.414817810,19.616087,-78.36003
2020-09-02T06:02:44.418632507,19.616077,-78.36001
2020-09-02T06:02:44.420921325,19.616095,-78.37113
2020-09-02T06:02:44.422828674,19.616062,-78.36
2020-09-02T06:02:44.424736022,19.616053,-78.36001
2020-09-02T06:02:44.426643371,19.616043,-78.360016
2020-09-02T06:02:44.428550720,19.616058,-78.3724
2020-09-02T06:02:44.430839538,19.616045,-78.369865
2020-09-02T06:02:44.432746887,19.61604,-78.36953
2020-09-02T06:02:44.434654235,19.616014,-78.360016
2020-09-02T06:02:44.436561584,19.616009,-78.36001
2020-09-02T06:02:44.438851356,19.612173,-78.36897
2020-09-02T06:02:44.440758705,19.616022,-78.37005
2020-09-02T06:02:44.444573402,19.615986,-78.359985
2020-09-02T06:02:44.452584266,19.615969,-78.35998
2020-09-02T06:02:44.468605995,19.581884,-78.359085
2020-09-02T06:02:44.502176284,19.536137,-78.3579
2020-09-02T06:02:44.510187149,19.615993,-78.35989
2020-09-02T06:02:44.512094497,19.616007,-78.3599
2020-09-02T06:02:44.520105361,19.651875,-78.36088
2020-09-02T06:02:44.522012710,19.560827,-78.36256
2020-09-02T06:02:44.524301528,19.616037,-78.35996
2020-09-02T06:02:44.528116226,19.645683,-78.36075
2020-09-02T06:02:44.534219741,19.653429,-78.36092
2020-09-02T06:02:44.536127090,19.650702,-78.36083
2020-09-02T06:02:44.552148818,19.53616,-78.35792
2020-09-02T06:02:44.554056167,19.566162,-78.35867
2020-09-02T06:02:44.703213691,19.620121,-78.35982
2020-09-02T06:02:44.705121040,19.652937,-78.360886
2020-09-02T06:02:44.707028388,19.616024,-78.35995
2020-09-02T06:02:44.713131904,19.655077,-78.35911
2020-09-02T06:02:44.715039253,19.616018,-78.35997
2020-09-02T06:02:44.716946601,19.667393,-78.361305
2020-09-02T06:02:44.718853950,19.66008,-78.35919
2020-09-02T06:02:44.721142768,19.63105,-78.368256
2020-09-02T06:02:44.723050117,19.669634,-78.36035
2020-09-02T06:02:44.724957466,19.642332,-78.34863
2020-09-02T06:02:44.726864814,19.684124,-78.355606
2020-09-02T06:02:44.728772163,19.648634,-78.35956
2020-09-02T06:02:44.750898361,19.695896,-78.348015
2020-09-02T06:02:44.754713058,19.695866,-78.337585
2020-09-02T06:02:44.762723922,19.640003,-78.360504
2020-09-02T06:02:44.764631271,19.677023,-78.353516
2020-09-02T06:02:44.766538619,19.613731,-78.371704
2020-09-02T06:02:44.605555534,18.369495,-83.18982
2020-09-02T06:02:44.659343719,18.369528,-83.18983
2020-09-02T06:02:44.707028388,18.369526,-83.18987
2020-09-02T06:02:44.734875679,18.369465,-83.18981
2020-09-02T06:02:44.740979194,18.369501,-83.18982
2020-09-02T06:02:44.776456832,18.36945,-83.18977
2020-09-02T06:02:44.810408592,18.369478,-83.18983
2020-09-02T06:02:44.828337669,18.369501,-83.18985
2020-09-02T06:02:44.842070579,18.36953,-83.18983
2020-09-02T06:02:44.844359397,18.369524,-83.18983
2020-09-02T06:02:44.892044067,18.369389,-83.18986
2020-09-02T06:02:44.969483375,18.369417,-83.18982
2020-09-02T06:02:45.027086257,18.379112,-83.2024
2020-09-02T06:02:47.864120483,18.290596,-83.21425
2020-09-02T06:02:47.901885986,18.29061,-83.21856
2020-09-02T06:02:48.046847343,18.29039,-83.18504
2020-09-02T06:02:48.060961723,18.290556,-83.21692
2020-09-02T06:02:48.076983451,18.29039,-83.185005
2020-09-02T06:02:53.196004867,18.288347,-82.95242
2020-09-02T06:02:53.205923080,18.288338,-82.952415
2020-09-02T06:02:53.213933944,18.293425,-82.93685
2020-09-02T06:02:53.215841293,18.28832,-82.952415
2020-09-02T06:02:53.221944808,18.288338,-82.952415
2020-09-02T06:02:53.387125015,18.288418,-82.97068
2020-09-02T06:02:53.389032363,18.288439,-82.97426
2020-09-02T06:02:53.397043228,18.288237,-82.952446
2020-09-02T06:02:55.897996902,18.291222,-83.18567
2020-09-02T06:02:55.901811599,18.291224,-83.18568
2020-09-02T06:02:55.981540679,18.291254,-83.18571
2020-09-02T06:02:56.033039093,18.306421,-83.19777
2020-09-02T06:02:56.065082550,18.30623,-83.19398
2020-09-02T06:02:58.536281585,18.367043,-82.724
2020-09-02T06:02:58.611814498,18.36702,-82.723976
2020-09-02T06:02:58.702987670,18.368624,-82.71466
2020-09-02T06:02:58.705276489,18.348738,-82.72633
2020-09-02T06:02:58.735031127,18.367048,-82.72402
2020-09-02T06:02:58.961627960,19.538826,-78.93597
2020-09-02T06:02:58.969638824,19.538786,-78.931114
2020-09-02T06:02:58.971546173,19.53878,-78.92856
2020-09-02T06:02:58.975360870,19.538801,-78.93007
2020-09-02T06:02:58.979557037,19.538734,-78.90033
2020-09-02T06:02:59.003208160,19.538671,-78.90028
2020-09-02T06:02:59.005115509,19.538744,-78.927284
2020-09-02T06:02:59.007404327,19.538729,-78.92394
2020-09-02T06:02:59.021137237,19.538786,-78.92669
2020-09-02T06:02:59.025333404,19.527473,-78.928955
2020-09-02T06:02:59.027240753,19.53876,-78.93107
2020-09-02T06:02:59.066913604,19.538816,-78.926346
2020-09-02T06:02:59.068820953,19.538752,-78.90025
2020-09-02T06:03:03.110552787,18.057047,-83.404724
2020-09-02T06:03:03.192188262,18.036135,-83.40342
2020-09-02T06:03:03.194095611,18.035522,-83.40338
2020-09-02T06:03:03.196002960,18.057022,-83.404655
2020-09-02T06:03:03.237965583,18.045834,-83.396576
2020-09-02T06:03:03.239872932,18.042673,-83.38901
2020-09-02T06:03:03.241780281,18.057014,-83.40463
2020-09-02T06:03:03.243687629,18.05701,-83.40462
2020-09-02T06:03:03.245976448,18.057007,-83.4046
2020-09-02T06:03:03.289464950,18.057093,-83.404785
2020-09-02T06:03:03.291753768,18.057095,-83.40478
2020-09-02T06:03:03.293661117,18.057095,-83.40476
2020-09-02T06:03:03.295568466,18.057096,-83.404755
2020-09-02T06:03:03.297475814,18.057096,-83.40475
2020-09-02T06:03:03.307394027,18.057043,-83.40475
2020-09-02T06:03:03.309301376,18.057028,-83.40475
2020-09-02T06:03:03.311590194,18.056946,-83.39596
2020-09-02T06:03:03.345160484,18.057133,-83.40479
2020-09-02T06:03:03.371100425,18.057106,-83.40476
2020-09-02T06:03:03.373007774,18.057089,-83.40476
2020-09-02T06:03:03.408866882,18.057056,-83.404755
2020-09-02T06:03:03.410774230,18.025347,-83.38642
2020-09-02T06:03:03.412681579,18.032383,-83.38525
2020-09-02T06:03:03.414970397,18.026682,-83.3814
2020-09-02T06:03:03.416877746,18.021687,-83.37632
2020-09-02T06:03:03.458458900,18.057161,-83.40477
2020-09-02T06:03:03.460747718,18.057152,-83.40476
2020-09-02T06:03:03.470665931,18.017551,-83.37536
2020-09-02T06:03:03.472573280,18.017159,-83.376915
2020-09-02T06:03:03.474480628,18.015821,-83.369576
2020-09-02T06:03:03.476387977,18.015594,-83.3675
2020-09-02T06:03:03.478295326,18.02434,-83.37892
2020-09-02T06:03:03.488595008,17.977821,-83.334015
2020-09-02T06:03:03.490502357,17.999607,-83.351555
2020-09-02T06:03:03.492409706,18.003815,-83.355125
2020-09-02T06:03:03.494317054,18.002247,-83.352356
2020-09-02T06:03:03.496224403,17.977898,-83.345634
2020-09-02T06:03:03.498513221,17.977707,-83.322426
2020-09-02T06:03:03.500420570,17.977701,-83.32244
2020-09-02T06:03:03.512247085,17.977684,-83.32252
2020-09-02T06:03:03.514154434,17.97768,-83.32252
2020-09-02T06:03:03.516061782,17.99334,-83.35337
2020-09-02T06:03:03.518350601,17.999235,-83.35185
2020-09-02T06:03:03.520257949,18.00667,-83.362335
2020-09-02T06:03:03.522165298,17.99854,-83.36066
2020-09-02T06:03:03.540094375,17.977718,-83.32237
2020-09-02T06:03:03.542001724,17.977732,-83.32238
2020-09-02T06:03:03.543909072,18.004093,-83.35538
2020-09-02T06:03:03.546197891,18.002499,-83.353096
2020-09-02T06:03:03.548105239,17.999594,-83.34479
2020-09-02T06:03:03.550012588,18.008232,-83.35711
2020-09-02T06:03:03.551919937,18.011547,-83.36347
2020-09-02T06:03:03.553827285,18.011913,-83.36677
2020-09-02T06:03:03.558023452,17.970964,-83.33105
2020-09-02T06:03:03.559930801,17.98679,-83.34779
2020-09-02T06:03:03.561838150,17.996658,-83.35759
2020-09-02T06:03:03.567941665,17.960672,-83.33266
2020-09-02T06:03:03.569849014,17.97769,-83.32243
2020-09-02T06:03:03.575953483,17.938871,-83.331116
2020-09-02T06:03:03.593882560,18.001165,-83.32383
2020-09-02T06:03:03.595789909,18.000626,-83.32111
2020-09-02T06:03:03.597697257,18.010798,-83.355896
2020-09-02T06:03:03.599604606,17.97834,-83.40011
2020-09-02T06:03:03.673229217,18.057121,-83.404686
2020-09-02T06:03:03.675136566,18.057116,-83.40469
2020-09-02T06:03:03.705273628,17.990227,-83.34974
2020-09-02T06:03:03.707180976,18.005205,-83.37331
2020-09-02T06:03:03.709088325,17.949818,-83.32082
2020-09-02T06:03:03.712903022,17.999083,-83.354576
2020-09-02T06:03:03.715191841,17.949163,-83.32077
2020-09-02T06:03:03.717099189,17.944511,-83.3205
2020-09-02T06:03:03.738842964,18.003452,-83.345406
2020-09-02T06:03:03.740750312,18.015444,-83.37352
2020-09-02T06:03:03.746853828,17.977648,-83.32242
2020-09-02T06:03:03.748761177,18.009796,-83.35025
2020-09-02T06:03:03.750668525,18.005198,-83.32401
2020-09-02T06:03:03.852141380,18.018528,-83.373604
2020-09-02T06:03:03.854048728,18.005217,-83.35214
2020-09-02T06:03:03.856337547,17.981619,-83.34901
2020-09-02T06:03:03.858244895,17.964254,-83.33798
2020-09-02T06:03:03.860152244,17.977757,-83.32233
2020-09-02T06:03:03.876173973,18.003048,-83.318436
2020-09-02T06:03:03.878081321,18.008396,-83.32416
2020-09-02T06:03:03.879988670,18.00824,-83.333176
2020-09-02T06:03:03.881896972,18.01178,-83.34351
2020-09-02T06:03:03.884185791,18.015505,-83.33593
2020-09-02T06:03:03.886093139,18.015703,-83.34053
2020-09-02T06:03:03.888000488,18.016161,-83.33364
2020-09-02T06:03:03.889907836,18.016312,-83.3404
2020-09-02T06:03:03.891815185,18.012802,-83.347206
2020-09-02T06:03:03.894104003,18.01212,-83.3466
2020-09-02T06:03:03.896011352,17.95657,-83.33611
2020-09-02T06:03:03.897918701,17.955667,-83.3385
2020-09-02T06:03:03.899826049,17.949326,-83.336975
2020-09-02T06:03:03.902114868,17.943756,-83.34139
2020-09-02T06:03:03.904022216,17.982103,-83.33441
2020-09-02T06:03:03.905929565,18.02162,-83.32101
2020-09-02T06:03:03.907836914,18.025133,-83.32632
2020-09-02T06:03:03.909744262,18.029108,-83.333405
2020-09-02T06:03:03.912033081,18.057205,-83.404686
2020-09-02T06:03:03.912033081,17.977156,-83.24476
2020-09-02T06:03:03.912033081,18.015955,-83.33089
2020-09-02T06:03:03.913940429,18.020966,-83.344315
2020-09-02T06:03:03.915847778,18.007652,-83.33757
2020-09-02T06:03:03.919662475,18.056501,-83.32707
2020-09-02T06:03:03.921951293,18.056332,-83.30641
2020-09-02T06:03:03.923858642,18.03779,-83.3105
2020-09-02T06:03:04.063097000,18.001602,-83.35824
2020-09-02T06:03:04.065004348,17.957977,-83.35272
2020-09-02T06:03:04.073016166,18.056906,-83.37122
2020-09-02T06:03:04.081027030,17.977726,-83.32234
2020-09-02T06:03:04.092852592,17.977722,-83.32241
2020-09-02T06:03:04.096667289,17.990282,-83.33991
2020-09-02T06:03:04.098574638,17.994764,-83.3429
2020-09-02T06:03:04.182117462,18.008234,-83.354195
2020-09-02T06:03:04.184406280,18.02258,-83.33434
2020-09-02T06:03:04.186313629,18.0209,-83.34713
2020-09-02T06:03:04.188220977,18.024885,-83.34518
2020-09-02T06:03:04.279775619,18.056581,-83.32708
2020-09-02T06:03:04.458687782,19.538546,-78.74521
2020-09-02T06:03:04.462502479,19.53856,-78.74522
2020-09-02T06:03:04.464409828,19.538572,-78.7452
2020-09-02T06:03:04.466698646,19.538586,-78.74519
2020-09-02T06:03:04.468605995,19.538597,-78.74518
2020-09-02T06:03:04.470513343,19.538609,-78.74516
2020-09-02T06:03:04.474328041,19.538603,-78.74513
2020-09-02T06:03:04.476616859,19.538599,-78.74512
2020-09-02T06:03:04.482338905,19.538591,-78.745094
2020-09-02T06:03:04.488442420,19.538588,-78.74514
2020-09-02T06:03:04.494545936,19.53859,-78.745155
2020-09-02T06:03:04.500268936,19.538591,-78.745155
2020-09-02T06:03:04.516290664,19.538591,-78.74515
2020-09-02T06:03:04.518198013,19.538588,-78.74515
2020-09-02T06:03:04.522012710,19.538574,-78.74514
2020-09-02T06:03:04.524301528,19.53856,-78.74513
2020-09-02T06:03:04.539941787,19.538568,-78.74513
2020-09-02T06:03:04.559778213,19.538506,-78.74517
2020-09-02T06:03:04.562067985,19.538511,-78.74517
2020-09-02T06:03:04.563975334,19.538527,-78.745155
2020-09-02T06:03:04.570078849,19.538572,-78.74512
2020-09-02T06:03:04.577708244,19.522154,-78.74468
2020-09-02T06:03:04.581904411,19.538614,-78.74517
2020-09-02T06:03:04.587626457,19.538591,-78.745155
2020-09-02T06:03:04.677272796,19.538565,-78.74517
2020-09-02T06:03:05.255590438,18.29188,-83.18575
2020-09-02T06:03:05.297552108,18.291946,-83.18575
2020-09-02T06:03:05.303656578,18.291952,-83.185776
2020-09-02T06:03:05.315482139,18.291906,-83.18573
2020-09-02T06:03:05.323493003,18.291931,-83.185715
2020-09-02T06:03:05.325400352,18.291943,-83.18574
2020-09-02T06:03:05.327307701,18.291954,-83.18575
2020-09-02T06:03:05.329215049,18.291965,-83.185776
2020-09-02T06:03:05.333411216,18.291952,-83.18579
2020-09-02T06:03:05.345236778,18.291895,-83.18578
2020-09-02T06:03:05.365073204,18.3043,-83.1865
2020-09-02T06:03:05.369270324,18.291988,-83.185745
2020-09-02T06:03:05.379188537,18.291895,-83.18578
2020-09-02T06:03:05.394828796,18.291904,-83.185776
2020-09-02T06:03:05.407035827,18.291939,-83.185745
2020-09-02T06:03:05.408943176,18.291964,-83.18574
2020-09-02T06:03:05.424583435,18.305313,-83.18658
2020-09-02T06:03:05.438698768,18.291851,-83.185715
2020-09-02T06:03:05.440606117,18.291836,-83.18571
2020-09-02T06:03:05.458535194,18.291922,-83.18579
2020-09-02T06:03:05.470360755,18.291918,-83.18578
2020-09-02T06:03:05.484475135,18.291924,-83.18577
2020-09-02T06:03:05.543985366,18.291924,-83.18582
2020-09-02T06:03:09.613567352,18.3706,-83.24289
2020-09-02T06:03:09.615474700,18.37079,-83.268326
2020-09-02T06:03:09.715040206,18.366886,-83.251595
2020-09-02T06:03:09.744794845,18.358715,-83.246414
2020-09-02T06:03:09.782561302,18.35947,-83.249146
2020-09-02T06:03:09.812315940,18.36271,-83.251076
2020-09-02T06:03:13.563747406,18.290768,-83.18634
2020-09-02T06:03:13.645383834,18.290766,-83.186264
2020-09-02T06:03:13.694974899,18.290926,-83.20499
2020-09-02T06:03:13.840316772,18.29099,-83.2045
2020-09-02T06:03:13.863967895,18.29084,-83.1865
2020-09-02T06:03:13.751052856,17.13783,-83.447174
2020-09-02T06:03:13.752960205,17.146015,-83.44006
2020-09-02T06:03:13.754867553,17.141441,-83.44403
2020-09-02T06:03:13.756774902,17.142864,-83.44245
2020-09-02T06:03:13.759063720,17.145605,-83.441895
2020-09-02T06:03:13.760971069,17.15179,-83.43078
2020-09-02T06:03:13.762878417,17.147993,-83.43996
2020-09-02T06:03:13.764785766,17.15305,-83.43288
2020-09-02T06:03:13.766693115,17.15036,-83.440125
2020-09-02T06:03:13.768981933,17.141178,-83.44286
2020-09-02T06:03:13.770889282,17.159912,-83.42729
2020-09-02T06:03:13.772796630,17.157635,-83.42458
2020-09-02T06:03:13.774703979,17.160675,-83.4243
2020-09-02T06:03:13.776611328,17.161154,-83.42353
2020-09-02T06:03:13.778900146,17.170095,-83.41129
2020-09-02T06:03:13.780807495,17.167542,-83.41238
2020-09-02T06:03:13.782714843,17.156551,-83.432686
2020-09-02T06:03:13.784622192,17.17631,-83.41578
2020-09-02T06:03:13.786911010,17.152725,-83.436905
2020-09-02T06:03:13.788818359,17.178669,-83.42723
2020-09-02T06:03:13.790725708,17.182863,-83.43121
2020-09-02T06:03:13.792633056,17.182646,-83.43151
2020-09-02T06:03:13.796829223,17.192726,-83.44263
2020-09-02T06:03:13.798736572,17.192717,-83.4424
2020-09-02T06:03:13.806747436,17.192884,-83.45338
2020-09-02T06:03:13.822387695,17.201332,-83.4502
2020-09-02T06:03:13.824676513,17.192862,-83.46152
2020-09-02T06:03:13.826583862,17.168285,-83.47302
2020-09-02T06:03:13.828491210,17.192915,-83.46528
2020-09-02T06:03:13.830398559,17.207115,-83.464424
2020-09-02T06:03:13.834594726,17.210148,-83.46847
2020-09-02T06:03:13.836502075,17.190462,-83.442566
2020-09-02T06:03:13.846420288,17.22056,-83.483116
2020-09-02T06:03:13.848327636,17.211926,-83.470665
2020-09-02T06:03:13.856338500,17.22764,-83.487236
2020-09-02T06:03:13.961626052,17.204872,-83.4536
2020-09-02T06:03:13.963533401,17.194038,-83.45249
2020-09-02T06:03:13.965822219,17.208956,-83.46858
2020-09-02T06:03:13.967729568,17.207466,-83.461586
2020-09-02T06:03:13.969636917,17.21095,-83.47649
2020-09-02T06:03:13.971544265,17.171265,-83.414085
2020-09-02T06:03:13.973451614,17.16343,-83.405
2020-09-02T06:03:13.975740432,17.17217,-83.40294
2020-09-02T06:03:13.979555130,17.234583,-83.4976
2020-09-02T06:03:13.999393463,17.113836,-83.35151
2020-09-02T06:03:14.001300811,17.173815,-83.37773
2020-09-02T06:03:14.003589630,17.164383,-83.38938
2020-09-02T06:03:14.005496978,17.163013,-83.393654
2020-09-02T06:03:14.007404327,17.160511,-83.39139
2020-09-02T06:03:14.009311676,17.160923,-83.38813
2020-09-02T06:03:14.011219024,17.163218,-83.390175
2020-09-02T06:03:14.013507843,17.162714,-83.39373
2020-09-02T06:03:14.015415191,17.160648,-83.391624
2020-09-02T06:03:14.017322540,17.160168,-83.391106
2020-09-02T06:03:14.019229888,17.16022,-83.39088
2020-09-02T06:03:14.021518707,17.151865,-83.37198
2020-09-02T06:03:14.023426055,17.155972,-83.376854
2020-09-02T06:03:14.025333404,17.154871,-83.39078
2020-09-02T06:03:14.144735336,17.16005,-83.47601
2020-09-02T06:03:14.146642684,17.158024,-83.47392
2020-09-02T06:03:14.148550033,17.151468,-83.48186
2020-09-02T06:03:14.150457382,17.165121,-83.50879
2020-09-02T06:03:14.152364730,17.140894,-83.48127
2020-09-02T06:03:14.156560897,17.164938,-83.48987
2020-09-02T06:03:14.160375595,17.19325,-83.51039
2020-09-02T06:03:14.178304672,17.193249,-83.51043
2020-09-02T06:03:23.074693679,18.309805,-83.23754
2020-09-02T06:03:23.076983451,18.320362,-83.22564
2020-09-02T06:03:23.082705497,18.312124,-83.21011
2020-09-02T06:03:23.120471000,18.291164,-83.225555
2020-09-02T06:03:23.122759819,18.309547,-83.21469
2020-09-02T06:03:23.154422760,18.291077,-83.215706
2020-09-02T06:03:23.192188262,18.312014,-83.21028
2020-09-02T06:03:23.194095611,18.290827,-83.18554
2020-09-02T06:03:23.229954719,18.321087,-83.22438
2020-09-02T06:03:23.249791145,18.291481,-83.26331
2020-09-02T06:03:24.510187149,19.554752,-82.16775
2020-09-02T06:03:24.512094497,19.554111,-82.17262
2020-09-02T06:03:24.514001846,19.55227,-82.16714
2020-09-02T06:03:24.516290664,19.554018,-82.166046
2020-09-02T06:03:24.518198013,19.548306,-82.166046
2020-09-02T06:03:24.526208877,19.539898,-82.165306
2020-09-02T06:03:24.528116226,19.541304,-82.16059
2020-09-02T06:03:24.531930923,19.53541,-82.165054
2020-09-02T06:03:24.533838272,19.554064,-82.16605
2020-09-02T06:03:24.549860000,19.529825,-82.16473
2020-09-02T06:03:24.551767349,19.554071,-82.16604
2020-09-02T06:03:24.557870864,19.526388,-82.16448
2020-09-02T06:03:24.565882682,19.536322,-82.155556
2020-09-02T06:03:24.567790031,19.513954,-82.159355
2020-09-02T06:03:24.573893547,19.554073,-82.166016
2020-09-02T06:03:24.575800895,19.538662,-82.153496
2020-09-02T06:03:24.577708244,19.554068,-82.16604
2020-09-02T06:03:24.629589080,19.553455,-82.0879
2020-09-02T06:03:24.734875679,19.532026,-82.16643
2020-09-02T06:03:24.744793891,19.54649,-82.16319
2020-09-02T06:03:24.768445968,19.53819,-82.148674
2020-09-02T06:03:24.770734786,19.540743,-82.151596
2020-09-02T06:03:24.778364181,19.553854,-82.13504
2020-09-02T06:03:24.806211471,19.553751,-82.12998
2020-09-02T06:03:24.808501243,19.538725,-82.15239
2020-09-02T06:03:24.810408592,19.536798,-82.15231
2020-09-02T06:03:24.812315940,19.5255,-82.16444
2020-09-02T06:03:24.814223289,19.532352,-82.13964
2020-09-02T06:03:24.816512107,19.474127,-82.161644
2020-09-02T06:03:24.836348533,19.517643,-82.13071
2020-09-02T06:03:27.983522415,18.288254,-82.952034
2020-09-02T06:03:27.985429763,18.288269,-82.95201
2020-09-02T06:03:28.049136161,18.293156,-82.93262
2020-09-02T06:03:29.250020980,18.054918,-83.37781
2020-09-02T06:03:29.337379455,18.054901,-83.38092
2020-09-02T06:03:29.339286804,18.06936,-83.37873
2020-09-02T06:03:29.341194152,18.054836,-83.37354
2020-09-02T06:03:29.345390319,18.055117,-83.40495
2020-09-02T06:03:29.347297668,18.054968,-83.38481
2020-09-02T06:03:29.383155822,18.067787,-83.38452
2020-09-02T06:03:29.385063171,18.054844,-83.37637
2020-09-02T06:03:29.386970520,18.062124,-83.383606
2020-09-02T06:03:29.388878822,18.05509,-83.40512
2020-09-02T06:03:29.412911415,18.054892,-83.38135
2020-09-02T06:03:29.500268936,18.055067,-83.40501
2020-09-02T06:03:29.518198966,18.05511,-83.405045
2020-09-02T06:03:29.520106315,18.055113,-83.40505
2020-09-02T06:03:29.539942741,18.05505,-83.40499
2020-09-02T06:03:29.542231559,18.054947,-83.39286
2020-09-02T06:03:29.605556488,18.05509,-83.40506
2020-09-02T06:03:29.607845306,18.054905,-83.38081
2020-09-02T06:03:29.609752655,18.058552,-83.38277
2020-09-02T06:03:29.611660003,18.055119,-83.40511
2020-09-02T06:03:29.647519111,18.054417,-83.32734
2020-09-02T06:03:29.649426460,18.054857,-83.3793
2020-09-02T06:03:29.651333808,18.0549,-83.382965
2020-09-02T06:03:29.766921043,18.056486,-83.37913
2020-09-02T06:03:29.768828392,18.052553,-83.381294
2020-09-02T06:03:29.778746604,18.055014,-83.40497
2020-09-02T06:03:29.780653953,18.05485,-83.38659
2020-09-02T06:03:30.009158134,18.29005,-83.1858
2020-09-02T06:03:30.011446952,18.290028,-83.18581
2020-09-02T06:03:30.100711822,18.290174,-83.185844
2020-09-02T06:03:30.917832374,18.36565,-82.72427
2020-09-02T06:03:30.919739723,18.365654,-82.72429
2020-09-02T06:03:30.921647071,18.36566,-82.724304
2020-09-02T06:03:31.052875518,18.365685,-82.72425
2020-09-02T06:03:32.279701232,18.601616,-82.504135
2020-09-02T06:03:32.281608581,18.522438,-82.49982
2020-09-02T06:03:32.283515930,18.601643,-82.50412
2020-09-02T06:03:32.307548522,18.572634,-82.50252
2020-09-02T06:03:32.309455871,18.601658,-82.50409
2020-09-02T06:03:32.351417541,18.566174,-82.490555
2020-09-02T06:03:32.384986877,18.601694,-82.50405
2020-09-02T06:03:32.399103164,18.55866,-82.48872
2020-09-02T06:03:32.401010513,18.601713,-82.5042
2020-09-02T06:03:32.450601577,18.55273,-82.47906
2020-09-02T06:03:32.452508926,18.55135,-82.46758
2020-09-02T06:03:32.464715957,18.601723,-82.50405
2020-09-02T06:03:32.575725555,18.552458,-82.47474
2020-09-02T06:03:34.757003784,17.033049,-82.96035
2020-09-02T06:03:34.758911132,17.033052,-82.960365
2020-09-02T06:03:34.760818481,17.049507,-82.97653
2020-09-02T06:03:34.763107299,17.043837,-82.97638
2020-09-02T06:03:34.765014648,17.044933,-82.98097
2020-09-02T06:03:34.766921997,17.03316,-82.97675
2020-09-02T06:03:34.768829345,17.033041,-82.96036
2020-09-02T06:03:34.770736694,17.033161,-82.97775
2020-09-02T06:03:34.773025512,17.033222,-82.98334
2020-09-02T06:03:34.774932861,17.033081,-82.96038
2020-09-02T06:03:34.776840209,17.033281,-82.985565
2020-09-02T06:03:34.778747558,17.033125,-82.9604
2020-09-02T06:03:34.780654907,17.033344,-82.98856
2020-09-02T06:03:34.788665771,17.033403,-82.99881
2020-09-02T06:03:34.790954589,17.033413,-83.000885
2020-09-02T06:03:34.792861938,17.033373,-82.99681
2020-09-02T06:03:34.794769287,17.033447,-83.009125
2020-09-02T06:03:34.798583984,17.033623,-83.0374
2020-09-02T06:03:34.818420410,17.033686,-83.03735
2020-09-02T06:03:34.820709228,17.033712,-83.037346
2020-09-02T06:03:34.828720092,17.033575,-83.03737
2020-09-02T06:03:34.856567382,16.999435,-83.07852
2020-09-02T06:03:34.935914993,17.033398,-83.00176
2020-09-02T06:03:34.937822341,17.011202,-82.99094
2020-09-02T06:03:34.939729690,17.013538,-83.02837
2020-09-02T06:03:34.942018508,17.033363,-82.99761
2020-09-02T06:03:34.943925857,17.01199,-83.02607
2020-09-02T06:03:34.945833206,17.015564,-83.04862
2020-09-02T06:03:34.947740554,17.011541,-83.03643
2020-09-02T06:03:34.949647903,17.033667,-83.03737
2020-09-02T06:03:36.311515808,19.537947,-78.76155
2020-09-02T06:03:36.313423156,19.537905,-78.74492
2020-09-02T06:03:36.315330505,19.537905,-78.74492
2020-09-02T06:03:36.317619323,19.537907,-78.74491
2020-09-02T06:03:36.321434020,19.537909,-78.74491
2020-09-02T06:03:36.325248718,19.537903,-78.74493
2020-09-02T06:03:36.327537536,19.5379,-78.74493
2020-09-02T06:03:36.335166931,19.537912,-78.744965
2020-09-02T06:03:36.343177795,19.537943,-78.744965
2020-09-02T06:03:36.528194427,19.537973,-78.74497
2020-09-02T06:03:36.615552902,19.522377,-78.76491
2020-09-02T06:03:36.617841720,19.537952,-78.74489
2020-09-02T06:03:36.271842956,18.245884,-77.11292
2020-09-02T06:03:36.273750305,18.255396,-77.10924
2020-09-02T06:03:36.276039123,18.263401,-77.113686
2020-09-02T06:03:36.361490249,18.2666,-77.10071
2020-09-02T06:03:36.383234024,18.30156,-77.13514
2020-09-02T06:03:36.385141372,18.285135,-77.12128
2020-09-02T06:03:36.387430191,18.26657,-77.10063
2020-09-02T06:03:36.407266616,18.261034,-77.10741
2020-09-02T06:03:36.411081314,18.249252,-77.086426
2020-09-02T06:03:36.448846817,18.273222,-77.08453
2020-09-02T06:03:36.450754165,18.28418,-77.08699
2020-09-02T06:03:36.453042984,18.324066,-77.098
2020-09-02T06:03:36.454950332,18.310896,-77.09111
2020-09-02T06:03:36.456857681,18.330305,-77.09466
2020-09-02T06:03:36.458765029,18.338018,-77.087265
2020-09-02T06:03:36.460672378,18.345488,-77.08582
2020-09-02T06:03:36.462961196,18.345478,-77.10182
2020-09-02T06:03:36.466775894,18.309956,-77.08546
2020-09-02T06:03:36.468683242,18.325678,-77.083916
2020-09-02T06:03:36.472879409,18.345432,-77.10186
2020-09-02T06:03:36.474788665,18.314869,-77.0792
2020-09-02T06:03:36.476696014,18.317488,-77.07071
2020-09-02T06:03:36.480510711,18.325981,-77.059685
2020-09-02T06:03:36.482799530,18.323385,-77.06534
2020-09-02T06:03:36.484706878,18.345388,-77.02525
2020-09-02T06:03:36.494625091,18.345379,-77.02524
2020-09-02T06:03:36.500728607,18.345472,-77.05229
2020-09-02T06:03:36.508358001,18.345402,-77.02528
2020-09-02T06:03:36.512554168,18.345404,-77.04413
2020-09-02T06:03:36.516368865,18.282024,-77.12926
2020-09-02T06:03:36.518276214,18.345467,-77.0253
2020-09-02T06:03:36.520565032,18.345491,-77.038025
2020-09-02T06:03:36.538494110,18.345411,-77.025276
2020-09-02T06:03:36.568248748,18.34545,-77.02527
2020-09-02T06:03:36.572063446,18.345423,-77.025246
2020-09-02T06:03:36.578166961,18.345392,-77.02524
2020-09-02T06:03:36.581981658,18.345385,-77.02523
2020-09-02T06:03:36.695280075,18.187756,-77.02294
2020-09-02T06:03:36.713209152,18.307505,-77.101234
2020-09-02T06:03:36.717405319,18.229902,-77.08059
2020-09-02T06:03:36.719312667,18.282896,-77.08161
2020-09-02T06:03:36.721221923,18.266552,-77.10053
2020-09-02T06:03:36.723129272,18.266546,-77.10056
2020-09-02T06:03:36.725418090,18.281473,-77.05409
2020-09-02T06:03:36.727325439,18.240211,-77.05582
2020-09-02T06:03:36.830703735,18.34538,-77.02523
2020-09-02T06:03:36.830703735,18.18774,-77.022865
2020-09-02T06:03:38.158239364,18.291372,-83.18561
2020-09-02T06:03:38.162435531,18.29139,-83.185616
2020-09-02T06:03:38.164342880,18.30801,-83.19866
2020-09-02T06:03:38.263908386,18.311413,-83.186714
2020-09-02T06:03:38.265815734,18.291359,-83.18554
2020-09-02T06:03:38.329521179,18.29137,-83.18551
2020-09-02T06:03:38.331430435,18.307623,-83.195595
2020-09-02T06:03:38.335245132,18.291355,-83.185524
2020-09-02T06:03:38.337152481,18.30804,-83.201805
2020-09-02T06:03:38.347452163,18.291412,-83.185585
2020-09-02T06:03:38.377206802,18.307116,-83.201965
2020-09-02T06:03:38.381021499,18.312695,-83.1868
2020-09-02T06:03:38.424890518,18.30704,-83.195984
2020-09-02T06:03:38.428705215,18.291372,-83.185524
2020-09-02T06:03:38.434808731,18.291384,-83.18555
2020-09-02T06:03:38.440530776,18.291376,-83.18561
2020-09-02T06:03:38.442819595,18.29138,-83.18562
2020-09-02T06:03:38.448541641,18.291388,-83.18567
2020-09-02T06:03:38.450830459,18.29139,-83.18568
2020-09-02T06:03:38.456554412,18.307037,-83.201744
2020-09-02T06:03:38.464565277,18.291336,-83.18556
2020-09-02T06:03:38.468379974,18.310055,-83.2005
2020-09-02T06:03:38.542003631,18.310795,-83.19289
2020-09-02T06:03:38.543910980,18.291328,-83.1857
2020-09-02T06:03:38.554210662,18.308218,-83.20179
2020-09-02T06:03:40.548181056,18.056448,-83.40499
2020-09-02T06:03:40.550088405,18.056446,-83.40498
2020-09-02T06:03:40.687419891,18.070272,-83.40014
2020-09-02T06:03:40.689327239,18.056458,-83.404976
2020-09-02T06:03:40.754940986,18.056494,-83.40502
2020-09-02T06:03:40.756848335,18.072466,-83.39696
2020-09-02T06:03:40.758755683,18.056475,-83.40501
2020-09-02T06:03:40.796521663,18.070797,-83.396286
2020-09-02T06:03:40.798429012,18.056406,-83.40496
2020-09-02T06:03:40.858320713,18.056448,-83.40494
2020-09-02T06:03:40.860228061,18.072716,-83.38885
2020-09-02T06:03:40.864043235,18.05627,-83.38007
2020-09-02T06:03:40.872054100,18.074984,-83.39839
2020-09-02T06:03:40.896087169,18.072193,-83.39532
2020-09-02T06:03:40.897994518,18.05653,-83.404884
2020-09-02T06:03:40.899901866,18.056528,-83.404854
2020-09-02T06:03:40.901809215,18.071802,-83.38982
2020-09-02T06:03:40.933853149,18.056505,-83.405
2020-09-02T06:03:40.991456031,18.056503,-83.40501
2020-09-02T06:03:40.993363380,18.072098,-83.39539
2020-09-02T06:03:40.995270729,18.072065,-83.38723
2020-09-02T06:03:40.997559547,18.056538,-83.40494
2020-09-02T06:03:40.999466896,18.073126,-83.4059
2020-09-02T06:03:41.001374244,18.056551,-83.4049
2020-09-02T06:03:41.007477760,18.072977,-83.39097
2020-09-02T06:03:41.021211147,18.056482,-83.404915
2020-09-02T06:03:41.025025844,18.070845,-83.39201
2020-09-02T06:03:41.037232875,18.056381,-83.39021
2020-09-02T06:03:41.042954921,18.056528,-83.404945
2020-09-02T06:03:41.130694389,18.070505,-83.39613
2020-09-02T06:03:41.140612602,18.0747,-83.38669
2020-09-02T06:03:41.142520427,18.055801,-83.32721
2020-09-02T06:03:41.144427776,18.056442,-83.404915
2020-09-02T06:03:41.150531291,18.056494,-83.40495
2020-09-02T06:03:41.152438640,18.078733,-83.406265
2020-09-02T06:03:41.166553020,18.069012,-83.39476
2020-09-02T06:03:41.168460369,18.07175,-83.389175
2020-09-02T06:03:41.188297271,18.06974,-83.39939
2020-09-02T06:03:41.202030181,18.076178,-83.38822
2020-09-02T06:03:41.221867084,18.05636,-83.39344
2020-09-02T06:03:41.224155902,18.056206,-83.372284
2020-09-02T06:03:41.243992805,18.0696,-83.3993
2020-09-02T06:03:41.271840572,18.056551,-83.40499
2020-09-02T06:03:41.313421249,18.07038,-83.393524
2020-09-02T06:03:41.337454319,18.056412,-83.379105
2020-09-02T06:03:41.339361667,18.076397,-83.38908
2020-09-02T06:03:41.363013267,18.073023,-83.39219
2020-09-02T06:03:41.365302085,18.083755,-83.37581
2020-09-02T06:03:41.605631351,18.072231,-83.39263
2020-09-02T06:03:41.607539176,18.08004,-83.37919
2020-09-02T06:03:41.609827995,18.056581,-83.4049
2020-09-02T06:03:41.611735343,18.056574,-83.40489
2020-09-02T06:03:41.613642692,18.056555,-83.404884
2020-09-02T06:03:41.615550041,18.056538,-83.40488
2020-09-02T06:03:41.617838859,18.056519,-83.40487
2020-09-02T06:03:41.619746208,18.056501,-83.40486
2020-09-02T06:03:41.621653556,18.0565,-83.40486
2020-09-02T06:03:41.625468254,18.056528,-83.40488
2020-09-02T06:03:41.665523052,18.056515,-83.404945
2020-09-02T06:03:41.667430400,18.056501,-83.404945
2020-09-02T06:03:41.669338226,18.056486,-83.40495
2020-09-02T06:03:41.671245574,18.056479,-83.40495
2020-09-02T06:03:41.673152923,18.056484,-83.404945
2020-09-02T06:03:41.675441741,18.056488,-83.404945
2020-09-02T06:03:41.677349090,18.056494,-83.40494
2020-09-02T06:03:45.478371620,18.292131,-83.22024
2020-09-02T06:03:45.522241592,18.292274,-83.22856
2020-09-02T06:03:45.540170669,18.292517,-83.26352
2020-09-02T06:03:45.577937126,18.29228,-83.2307
2020-09-02T06:03:45.584040641,18.292246,-83.227684
2020-09-02T06:03:45.601588249,18.292261,-83.23416
2020-09-02T06:03:45.603877067,18.2923,-83.23944
2020-09-02T06:03:45.605784416,18.296148,-83.23504
2020-09-02T06:03:45.607691764,18.29248,-83.26356
2020-09-02T06:03:45.647365570,18.29224,-83.2381
2020-09-02T06:03:45.649272918,18.292244,-83.23622
2020-09-02T06:03:45.703061103,18.29241,-83.24839
2020-09-02T06:03:45.704968452,18.292381,-83.24395
2020-09-02T06:03:45.707257270,18.292492,-83.25683
2020-09-02T06:03:45.709164619,18.292603,-83.24226
2020-09-02T06:03:45.754941940,18.292677,-83.246895
2020-09-02T06:03:45.756849288,18.292538,-83.263466
2020-09-02T06:03:45.786603927,18.292437,-83.247536
2020-09-02T06:03:45.796522140,18.337435,-83.18838
2020-09-02T06:03:45.814452171,18.29246,-83.250046
2020-09-02T06:03:45.816359519,18.292385,-83.23825
2020-09-02T06:03:45.824370384,18.292452,-83.24673
2020-09-02T06:03:45.826277732,18.292562,-83.26349
2020-09-02T06:03:45.828566551,18.287443,-83.245766
2020-09-02T06:03:45.832381248,18.292374,-83.244705
2020-09-02T06:03:45.842299461,18.338028,-83.18842
2020-09-02T06:03:45.881973266,18.329834,-83.20295
2020-09-02T06:03:45.921646118,18.292427,-83.24522
2020-09-02T06:03:45.923935890,18.28662,-83.24727
2020-09-02T06:03:45.977341651,18.292341,-83.24039
2020-09-02T06:03:45.979630470,18.292381,-83.24877
2020-09-02T06:03:44.838255882,18.027304,-83.40313
2020-09-02T06:03:44.840163230,18.057087,-83.4049
2020-09-02T06:03:44.983597755,18.029547,-83.40316
2020-09-02T06:03:44.985505104,18.023777,-83.41314
2020-09-02T06:03:44.987412452,18.02785,-83.40309
2020-09-02T06:03:45.037004470,18.05695,-83.40486
2020-09-02T06:03:45.039293289,18.031675,-83.41195
2020-09-02T06:03:45.041200637,18.0276,-83.40315
2020-09-02T06:03:45.043107986,18.056942,-83.40487
2020-09-02T06:03:45.112536430,18.032385,-83.40345
2020-09-02T06:03:45.114825248,18.03342,-83.40353
2020-09-02T06:03:45.116732597,18.029097,-83.40328
2020-09-02T06:03:45.182347297,18.019863,-83.404396
2020-09-02T06:03:45.184254646,18.020565,-83.40279
2020-09-02T06:03:45.186161994,18.021036,-83.40282
2020-09-02T06:03:45.188069343,18.022167,-83.402885
2020-09-02T06:03:45.190358161,18.020166,-83.40277
2020-09-02T06:03:45.247961044,18.021929,-83.41298
2020-09-02T06:03:45.249868392,18.056921,-83.40495
2020-09-02T06:03:45.251775741,18.036592,-83.414894
2020-09-02T06:03:45.253683090,18.028837,-83.40328
2020-09-02T06:03:45.333411216,18.019186,-83.405396
2020-09-02T06:03:45.335318565,18.014542,-83.40343
2020-09-02T06:03:45.337225914,18.011328,-83.403625
2020-09-02T06:03:45.341422080,18.014666,-83.41117
2020-09-02T06:03:45.373085021,18.001131,-83.40159
2020-09-02T06:03:45.374992370,18.006596,-83.397285
2020-09-02T06:03:45.377281188,18.003378,-83.39941
2020-09-02T06:03:45.379188537,18.005209,-83.39972
2020-09-02T06:03:45.381095886,18.001326,-83.39862
2020-09-02T06:03:45.383003234,18.00399,-83.39686
2020-09-02T06:03:45.391014099,17.978148,-83.40024
2020-09-02T06:03:45.392921447,17.99058,-83.395035
2020-09-02T06:03:45.394828796,17.993252,-83.4011
2020-09-02T06:03:45.397117614,17.978134,-83.40019
2020-09-02T06:03:45.399024963,17.97813,-83.40018
2020-09-02T06:03:45.408943176,17.978045,-83.381256
2020-09-02T06:03:45.410850524,17.99029,-83.39
2020-09-02T06:03:45.412757873,17.991745,-83.38785
2020-09-02T06:03:45.415046691,18.003542,-83.40173
2020-09-02T06:03:45.512323379,18.000536,-83.39597
2020-09-02T06:03:45.514230728,17.99412,-83.40003
2020-09-02T06:03:45.516138076,17.993118,-83.401215
2020-09-02T06:03:45.518426895,17.996109,-83.39007
2020-09-02T06:03:45.520334243,17.978195,-83.40036
2020-09-02T06:03:45.528345108,17.99667,-83.39408
2020-09-02T06:03:45.530252456,17.991297,-83.37576
2020-09-02T06:03:45.532159805,17.996305,-83.39056
2020-09-02T06:03:45.534067153,17.991728,-83.381004
2020-09-02T06:03:45.536355972,17.99652,-83.38521
2020-09-02T06:03:45.538263320,17.99482,-83.38332
2020-09-02T06:03:45.540170669,17.97784,-83.36047
2020-09-02T06:03:45.542078018,17.977795,-83.35342
2020-09-02T06:03:45.556193351,17.987282,-83.34288
2020-09-02T06:03:45.558100700,17.987587,-83.35011
2020-09-02T06:03:45.560008049,17.990437,-83.37243
2020-09-02T06:03:45.561915397,17.97813,-83.40031
2020-09-02T06:03:45.715268135,18.01332,-83.40241
2020-09-02T06:03:45.717175483,18.002123,-83.39004
2020-09-02T06:03:45.764860153,18.015768,-83.40252
2020-09-02T06:03:45.832381248,18.002958,-83.40176
2020-09-02T06:03:45.834288597,17.990452,-83.3726
2020-09-02T06:03:45.931946754,18.010899,-83.402374
2020-09-02T06:03:45.933854103,18.001839,-83.40183
2020-09-02T06:03:45.935761451,17.977812,-83.35466
2020-09-02T06:03:45.937668800,18.015392,-83.402626
2020-09-02T06:03:45.957505226,18.013412,-83.40253
2020-09-02T06:03:45.959794044,18.011396,-83.40241
2020-09-02T06:03:46.049059867,18.013338,-83.4026
2020-09-02T06:03:46.050967216,17.978214,-83.40053
2020-09-02T06:03:54.452585220,18.304674,-83.19829
2020-09-02T06:03:54.460596084,18.290901,-83.186356
2020-09-02T06:03:54.472421646,18.305635,-83.20156
2020-09-02T06:03:54.482339859,18.29104,-83.18635
2020-09-02T06:03:54.502178192,18.29114,-83.202576
2020-09-02T06:03:54.601741790,18.291029,-83.18635
2020-09-02T06:03:54.639509201,18.305439,-83.199585
2020-09-02T06:03:54.655530929,18.290972,-83.186356
2020-09-02T06:03:54.657438278,18.290976,-83.18637
2020-09-02T06:04:01.565958023,19.634052,-78.35922
2020-09-02T06:04:01.567865371,19.635847,-78.36062
2020-09-02T06:04:01.570154190,19.616518,-78.36013
2020-09-02T06:04:01.572061538,19.616503,-78.36014
2020-09-02T06:04:01.625468254,19.616425,-78.36018
2020-09-02T06:04:01.915771484,19.62793,-78.35324
2020-09-02T06:04:01.949722766,19.630579,-78.3473
2020-09-02T06:04:01.959640979,19.616343,-78.360374
2020-09-02T06:04:01.965744495,19.616337,-78.36037
2020-09-02T06:04:01.985581398,19.629848,-78.34477
2020-09-02T06:04:02.029069423,19.631027,-78.34468
2020-09-02T06:04:02.064928054,19.630692,-78.34279
2020-09-02T06:04:02.066835403,19.616264,-78.335266
2020-09-02T06:04:02.144656658,18.133423,-83.25415
2020-09-02T06:04:02.196156024,18.13314,-83.22408
2020-09-02T06:04:02.198063373,18.133375,-83.254196
2020-09-02T06:04:02.228199958,18.133444,-83.254265
2020-09-02T06:04:02.184329986,18.055807,-83.4049
2020-09-02T06:04:02.228199958,18.055817,-83.40502
2020-09-02T06:04:02.243840217,18.055786,-83.404945
2020-09-02T06:04:02.245747566,18.047369,-83.39683
2020-09-02T06:04:02.248036384,18.055779,-83.40493
2020-09-02T06:04:02.269780635,18.055779,-83.40489
2020-09-02T06:04:02.271687984,18.045658,-83.39497
2020-09-02T06:04:02.273595333,18.041735,-83.40407
2020-09-02T06:04:02.299535751,18.045967,-83.40436
2020-09-02T06:04:02.301443099,18.05569,-83.40492
2020-09-02T06:04:02.303731918,18.055706,-83.40491
2020-09-02T06:04:02.339209079,18.055752,-83.40498
2020-09-02T06:04:02.341497898,18.05576,-83.405
2020-09-02T06:04:02.345312595,18.05574,-83.405014
2020-09-02T06:04:02.347219944,18.05573,-83.40503
2020-09-02T06:04:02.375067710,18.055733,-83.40498
2020-09-02T06:04:02.376975059,18.055733,-83.404976
2020-09-02T06:04:02.379263877,18.055735,-83.40496
2020-09-02T06:04:02.410926818,18.055653,-83.40504
2020-09-02T06:04:02.412834167,18.055664,-83.40502
2020-09-02T06:04:02.456703662,18.040216,-83.40407
2020-09-02T06:04:02.464714527,18.055687,-83.40502
2020-09-02T06:04:02.488366127,18.055735,-83.40498
2020-09-02T06:04:02.490273475,18.055758,-83.405
2020-09-02T06:04:02.492562294,18.055748,-83.40501
2020-09-02T06:04:02.494469642,18.034054,-83.403725
2020-09-02T06:04:02.609675407,18.032907,-83.38911
2020-09-02T06:04:02.732892036,18.032495,-83.38568
2020-09-02T06:04:02.148471355,18.289305,-82.99889
2020-09-02T06:04:02.182422637,18.289299,-83.00069
2020-09-02T06:04:02.285802364,18.289234,-82.99912
2020-09-02T06:04:02.337301731,18.289177,-82.99674
2020-09-02T06:04:02.454796314,18.289139,-82.995
2020-09-02T06:04:02.464714527,18.278704,-82.97576
2020-09-02T06:04:02.476540565,18.28924,-82.972496
2020-09-02T06:04:02.478447914,18.289082,-82.9924
2020-09-02T06:04:02.735180854,18.124762,-83.23284
2020-09-02T06:04:02.737088203,18.163164,-83.24623
2020-09-02T06:04:02.808423995,18.054327,-83.249756
2020-09-02T06:04:03.172351837,18.08571,-83.283
2020-09-02T06:04:03.269628524,17.975456,-83.245285
2020-09-02T06:04:03.408866882,18.133064,-83.25441
2020-09-02T06:04:03.410774230,18.054726,-83.2915
2020-09-02T06:04:03.413063049,18.092693,-83.29212
2020-09-02T06:04:03.518350601,18.003742,-83.29774
2020-09-02T06:04:03.520257949,18.082355,-83.301346
2020-09-02T06:04:03.522165298,18.044022,-83.291
2020-09-02T06:04:03.524072647,18.093433,-83.29146
2020-09-02T06:04:09.136722564,19.450289,-79.29236
2020-09-02T06:04:09.138629913,19.45834,-79.29129
2020-09-02T06:04:09.140538215,19.45834,-79.290955
2020-09-02T06:04:09.142445564,19.458324,-79.284775
2020-09-02T06:04:09.144352912,19.45833,-79.28479
2020-09-02T06:04:09.146641731,19.458336,-79.284805
2020-09-02T06:04:09.148549079,19.45834,-79.28482
2020-09-02T06:04:09.150456428,19.458345,-79.284836
2020-09-02T06:04:09.152363777,19.45835,-79.28486
2020-09-02T06:04:09.154652595,19.458353,-79.28488
2020-09-02T06:04:09.156559944,19.458357,-79.284904
2020-09-02T06:04:09.158467292,19.458382,-79.2911
2020-09-02T06:04:09.160374641,19.458364,-79.28495
2020-09-02T06:04:09.162281990,19.458363,-79.28492
2020-09-02T06:04:09.164570808,19.45836,-79.28489
2020-09-02T06:04:09.168385505,19.458359,-79.28482
2020-09-02T06:04:09.170292854,19.458357,-79.28478
2020-09-02T06:04:09.172200202,19.458357,-79.28478
2020-09-02T06:04:09.174489021,19.446085,-79.28438
2020-09-02T06:04:09.186314582,19.458399,-79.28482
2020-09-02T06:04:09.188221931,19.458416,-79.284836
2020-09-02T06:04:09.190129280,19.458431,-79.28485
2020-09-02T06:04:09.192418098,19.45841,-79.28486
2020-09-02T06:04:09.194325447,19.458384,-79.28486
2020-09-02T06:04:09.216070175,19.4582,-79.24249
2020-09-02T06:04:09.217977523,19.467852,-79.24295
2020-09-02T06:04:09.220266342,19.47044,-79.24442
2020-09-02T06:04:09.222173690,19.470205,-79.254745
2020-09-02T06:04:09.224081039,19.475649,-79.24859
2020-09-02T06:04:09.225988388,19.477205,-79.24843
2020-09-02T06:04:09.227895736,19.474648,-79.25449
2020-09-02T06:04:09.230184555,19.483425,-79.24699
2020-09-02T06:04:09.232091903,19.487263,-79.24323
2020-09-02T06:04:09.233999252,19.480097,-79.24973
2020-09-02T06:04:09.235906600,19.470505,-79.25875
2020-09-02T06:04:09.237813949,19.45826,-79.24938
2020-09-02T06:04:09.240102767,19.458271,-79.249664
2020-09-02T06:04:09.323645591,19.458092,-79.207275
2020-09-02T06:04:09.331275939,19.53795,-79.209854
2020-09-02T06:04:11.086826324,18.289625,-83.18581
2020-09-02T06:04:11.088733673,18.289848,-83.21344
2020-09-02T06:04:11.120777130,18.289852,-83.21715
2020-09-02T06:04:11.275657653,18.289946,-83.213135
2020-09-02T06:04:11.277565002,18.289944,-83.21297
2020-09-02T06:04:11.279853820,18.289904,-83.208206
2020-09-02T06:04:11.281761169,18.298393,-83.20878
2020-09-02T06:04:11.283668518,18.289719,-83.18588
2020-09-02T06:04:11.323341369,18.289677,-83.18593
2020-09-02T06:04:11.325248718,18.310373,-83.215836
2020-09-02T06:04:11.363395690,18.289896,-83.21553
2020-09-02T06:04:11.365303039,18.289669,-83.18588
2020-09-02T06:04:11.367210388,18.289946,-83.21953
2020-09-02T06:04:11.369117736,18.31845,-83.21565
2020-09-02T06:04:11.434732437,18.289846,-83.217545
2020-09-02T06:04:11.456476211,18.327477,-83.2206
2020-09-02T06:04:15.983448028,18.055088,-83.404564
2020-09-02T06:04:16.096744537,18.055132,-83.40464
2020-09-02T06:04:16.142522811,18.042088,-83.40396
2020-09-02T06:04:16.144430160,18.055098,-83.40473
2020-09-02T06:04:16.208135604,18.039898,-83.41163
2020-09-02T06:04:16.269935607,18.04115,-83.41837
2020-09-02T06:04:16.271842956,18.055109,-83.404686
2020-09-02T06:04:16.273750305,18.055101,-83.404686
2020-09-02T06:04:16.275657653,18.055094,-83.40468
2020-09-02T06:04:16.329444885,18.05508,-83.404625
2020-09-02T06:04:16.331352233,18.034952,-83.41838
2020-09-02T06:04:16.333259582,18.04106,-83.41565
2020-09-02T06:04:16.353479385,18.055061,-83.40467
2020-09-02T06:04:16.422906875,18.050228,-83.41338
2020-09-02T06:04:16.424814224,18.042158,-83.420784
2020-09-02T06:04:16.426721572,18.043085,-83.422035
2020-09-02T06:04:16.448846817,18.055094,-83.40478
2020-09-02T06:04:16.508358001,18.055151,-83.4155
2020-09-02T06:04:16.510265350,18.055048,-83.404755
2020-09-02T06:04:16.514461517,18.055086,-83.40477
2020-09-02T06:04:16.530101776,18.043156,-83.41703
2020-09-02T06:04:16.536205291,18.05512,-83.404755
2020-09-02T06:04:16.609830856,18.05515,-83.404724
2020-09-02T06:04:18.800643920,18.291258,-83.263916
2020-09-02T06:04:18.876176834,18.291403,-83.26401
2020-09-02T06:04:18.882280349,18.2914,-83.26398
2020-09-02T06:04:23.490502357,18.300201,-83.17588
2020-09-02T06:04:23.494317054,18.290993,-83.152115
2020-09-02T06:04:23.496605873,18.291252,-83.18551
2020-09-02T06:04:23.500420570,18.290964,-83.149734
2020-09-02T06:04:23.508431434,18.290583,-83.10785
2020-09-02T06:04:23.550012588,18.290699,-83.128365
2020-09-02T06:04:23.551919937,18.290882,-83.14986
2020-09-02T06:04:23.558023452,18.290731,-83.120995
2020-09-02T06:04:23.559930801,18.295698,-83.13582
2020-09-02T06:04:23.562219619,18.291248,-83.18549
2020-09-02T06:04:23.611811637,18.290943,-83.14223
2020-09-02T06:04:23.613718986,18.29092,-83.140945
2020-09-02T06:04:23.657588958,18.282734,-83.14727
2020-09-02T06:04:23.446632385,18.056318,-83.4048
2020-09-02T06:04:23.448922157,18.056335,-83.40481
2020-09-02T06:04:23.619822502,18.05631,-83.40481
2020-09-02T06:04:23.621729850,18.056309,-83.4048
2020-09-02T06:04:23.671321868,18.056297,-83.40466
2020-09-02T06:04:23.673229217,18.056293,-83.404686
2020-09-02T06:04:23.675518035,18.056288,-83.40472
2020-09-02T06:04:23.778898239,18.05635,-83.4047
2020-09-02T06:04:23.780805587,18.05634,-83.4047
2020-09-02T06:04:23.905929565,18.056164,-83.3977
2020-09-02T06:04:23.907836914,18.056158,-83.39613
2020-09-02T06:04:23.910125732,18.056137,-83.392555
2020-09-02T06:04:23.921951293,18.056273,-83.40476
2020-09-02T06:04:23.923858642,18.056158,-83.39249
2020-09-02T06:04:23.941787719,18.056194,-83.40471
2020-09-02T06:04:23.967728614,18.056168,-83.39449
2020-09-02T06:04:24.001297950,18.05625,-83.40475
2020-09-02T06:04:24.051271438,18.05618,-83.40472
2020-09-02T06:04:24.275579452,18.32349,-82.802376
2020-09-02T06:04:24.277868270,18.322508,-82.79455
2020-09-02T06:04:24.279775619,18.32323,-82.78253
2020-09-02T06:04:24.393074035,18.307764,-82.78971
2020-09-02T06:04:24.393074035,18.445707,-82.72821
2020-09-02T06:04:24.394981384,18.28789,-82.75503
2020-09-02T06:04:24.411003112,18.315765,-82.79147
2020-09-02T06:04:24.427024841,18.288269,-82.7971
2020-09-02T06:04:24.484627723,18.348642,-82.79191
2020-09-02T06:04:24.506372451,18.345804,-82.80004
2020-09-02T06:04:24.506372451,18.02633,-82.68105
2020-09-02T06:04:24.508279800,18.307787,-82.78982
2020-09-02T06:04:24.563975334,18.339996,-82.80687
2020-09-02T06:04:24.565882682,18.336876,-82.791336
2020-09-02T06:04:24.663539886,18.343864,-82.812996
2020-09-02T06:04:24.665447235,18.34811,-82.80387
2020-09-02T06:04:24.758909225,18.324379,-82.8345
2020-09-02T06:04:24.826430320,18.335999,-82.81513
2020-09-02T06:04:24.828337669,18.344494,-82.81242
2020-09-02T06:04:25.357443809,19.492582,-78.989235
2020-09-02T06:04:25.359351158,19.490253,-78.982834
2020-09-02T06:04:25.361258506,19.471504,-78.98574
2020-09-02T06:04:25.912109375,19.537777,-78.76181
2020-09-02T06:04:25.914016723,19.537773,-78.766014
2020-09-02T06:04:25.915924072,19.537735,-78.75592
2020-09-02T06:04:25.919738769,19.53768,-78.74553
2020-09-02T06:04:25.933854103,19.537596,-78.745575
2020-09-02T06:04:25.945679664,19.53766,-78.745575
2020-09-02T06:04:25.973526954,19.53772,-78.75441
2020-09-02T06:04:25.995271682,19.537668,-78.74567
2020-09-02T06:04:26.066988945,19.537735,-78.76704
2020-09-02T06:04:26.084918022,19.53761,-78.74566
2020-09-02T06:04:26.096743583,19.53758,-78.75486
2020-09-02T06:04:26.106661796,19.537647,-78.74566
2020-09-02T06:04:26.132602691,19.53773,-78.761894
2020-09-02T06:04:26.134510040,19.537722,-78.757935
2020-09-02T06:04:26.142520904,19.537691,-78.745674
2020-09-02T06:04:27.188145637,18.449633,-83.27355
2020-09-02T06:04:29.411004066,18.290745,-83.186745
2020-09-02T06:04:29.440758705,18.29069,-83.18683
2020-09-02T06:04:30.599681854,18.05576,-83.36184
2020-09-02T06:04:30.681317329,18.088161,-83.37824
2020-09-02T06:04:30.683224678,18.08008,-83.37149
2020-09-02T06:04:30.720991134,18.097172,-83.39944
2020-09-02T06:04:30.723279953,18.055782,-83.36529
2020-09-02T06:04:30.802626609,18.085136,-83.38683
2020-09-02T06:04:30.804533958,18.05555,-83.327995
2020-09-02T06:04:31.260015487,18.010216,-83.37009
2020-09-02T06:04:33.476388931,18.420313,-82.70659
2020-09-02T06:04:33.478677749,18.405878,-82.716515
2020-09-02T06:04:33.480585098,18.445755,-82.72866
2020-09-02T06:04:33.532085418,18.449522,-82.74643
2020-09-02T06:04:33.534374237,18.430172,-82.723236
2020-09-02T06:04:35.251777648,18.312199,-82.984245
2020-09-02T06:04:35.285728454,18.289206,-82.99188
2020-09-02T06:04:35.363168716,18.289177,-82.98677
2020-09-02T06:04:37.418939590,19.435541,-82.013535
2020-09-02T06:04:37.422754287,19.472649,-82.0066
2020-09-02T06:04:37.426950454,19.432262,-82.00445
2020-09-02T06:04:37.478450775,19.472694,-82.006584
2020-09-02T06:04:39.355691909,15.732179,-82.68935
2020-09-02T06:04:39.357599258,15.730657,-82.68668
2020-09-02T06:04:39.359506607,15.7296915,-82.665764
2020-09-02T06:04:39.361795425,15.72719,-82.657425
2020-09-02T06:04:39.363702774,15.73666,-82.64209
2020-09-02T06:04:39.365610122,15.739955,-82.66623
2020-09-02T06:04:39.367517471,15.710858,-82.66486
2020-09-02T06:04:39.369424819,15.710848,-82.66486
2020-09-02T06:04:39.371713638,15.710843,-82.66486
2020-09-02T06:04:39.373620986,15.710851,-82.664856
2020-09-02T06:04:39.375528335,15.710859,-82.66485
2020-09-02T06:04:39.429315567,15.710897,-82.6649
2020-09-02T06:04:39.435037612,15.710883,-82.66487
2020-09-02T06:04:39.437326431,15.747561,-82.63897
2020-09-02T06:04:39.439233779,15.742897,-82.65125
2020-09-02T06:04:39.441141128,15.748707,-82.63849
2020-09-02T06:04:39.443048477,15.732038,-82.64359
2020-09-02T06:04:39.444957733,15.710835,-82.66484
2020-09-02T06:04:39.447246551,15.710838,-82.66486
2020-09-02T06:04:40.518425941,19.615889,-78.36006
2020-09-02T06:04:40.520333290,19.626001,-78.36668
2020-09-02T06:04:40.522240638,19.625963,-78.36444
2020-09-02T06:04:40.524148464,19.615862,-78.36008
2020-09-02T06:04:40.526437282,19.620565,-78.366516
2020-09-02T06:04:40.528344631,19.622509,-78.368034
2020-09-02T06:04:40.530251979,19.615847,-78.369934
2020-09-02T06:04:40.532159328,19.615843,-78.36782
2020-09-02T06:04:40.534066677,19.615831,-78.36011
2020-09-02T06:04:40.536355495,19.620646,-78.370895
2020-09-02T06:04:40.538262844,19.619888,-78.37093
2020-09-02T06:04:40.540170192,19.615868,-78.36992
2020-09-02T06:04:40.542077541,19.615854,-78.360146
2020-09-02T06:04:40.544366359,19.615862,-78.36013
2020-09-02T06:04:40.546273708,19.61587,-78.360115
2020-09-02T06:04:40.548181056,19.618647,-78.36832
2020-09-02T06:04:40.550088405,19.618872,-78.367645
2020-09-02T06:04:40.551995754,19.61589,-78.36008
2020-09-02T06:04:40.554285049,19.615894,-78.36008
2020-09-02T06:04:40.556192398,19.615898,-78.36008
2020-09-02T06:04:40.558099746,19.615902,-78.36008
2020-09-02T06:04:40.560007095,19.615906,-78.36008
2020-09-02T06:04:40.566110610,19.615877,-78.360085
2020-09-02T06:04:40.568017959,19.615877,-78.3651
2020-09-02T06:04:40.569925308,19.615856,-78.3601
2020-09-02T06:04:40.571832656,19.615864,-78.363914
2020-09-02T06:04:40.574121475,19.615862,-78.36011
2020-09-02T06:04:40.579843521,19.615881,-78.36012
2020-09-02T06:04:40.582132339,19.61588,-78.364174
2020-09-02T06:04:40.584039688,19.615852,-78.360085
2020-09-02T06:04:40.589762210,19.613256,-78.36274
2020-09-02T06:04:40.592051029,19.615795,-78.36002
2020-09-02T06:04:40.595865726,19.615812,-78.36008
2020-09-02T06:04:40.597773075,19.59987,-78.35969
2020-09-02T06:04:40.599680423,19.615828,-78.36013
2020-09-02T06:04:40.601969242,19.615835,-78.36014
2020-09-02T06:04:40.613794803,19.615871,-78.36008
2020-09-02T06:04:40.615702152,19.615887,-78.36402
2020-09-02T06:04:40.617609977,19.615896,-78.36641
2020-09-02T06:04:40.625620841,19.586174,-78.37174
2020-09-02T06:04:40.627528190,19.615854,-78.364174
2020-09-02T06:04:40.629817008,19.617754,-78.36242
2020-09-02T06:04:40.631724357,19.615839,-78.359985
2020-09-02T06:04:40.637446403,19.6159,-78.349594
2020-09-02T06:04:40.643549919,19.587805,-78.368385
2020-09-02T06:04:40.645457267,19.615915,-78.35551
2020-09-02T06:04:40.647365093,19.619728,-78.36342
2020-09-02T06:04:40.653468608,19.615871,-78.335686
2020-09-02T06:04:40.655375957,19.615898,-78.347725
2020-09-02T06:04:40.657664775,19.615925,-78.36005
2020-09-02T06:04:40.659572124,19.6159,-78.34709
2020-09-02T06:04:40.661479473,19.61591,-78.35081
2020-09-02T06:04:40.663386821,19.615881,-78.33261
2020-09-02T06:04:40.665294170,19.616222,-78.350464
2020-09-02T06:04:40.667582988,19.615906,-78.3391
2020-09-02T06:04:40.669490337,19.612186,-78.33955
2020-09-02T06:04:40.671397686,19.611881,-78.342064
2020-09-02T06:04:40.673305034,19.611055,-78.33943
2020-09-02T06:04:40.675212383,19.615808,-78.352936
2020-09-02T06:04:40.677501201,19.61595,-78.33793
2020-09-02T06:04:40.679409027,19.60964,-78.33088
2020-09-02T06:04:40.681316375,19.612347,-78.3317
2020-09-02T06:04:40.683223724,19.618818,-78.337006
2020-09-02T06:04:40.685512542,19.592339,-78.328995
2020-09-02T06:04:40.687419891,19.613762,-78.31486
2020-09-02T06:04:40.689327239,19.618134,-78.33507
2020-09-02T06:04:40.691234588,19.59217,-78.32746
2020-09-02T06:04:40.693141937,19.615839,-78.32039
2020-09-02T06:04:40.695430755,19.623367,-78.31447
2020-09-02T06:04:40.697338104,19.61584,-78.32595
2020-09-02T06:04:40.699245452,19.604015,-78.34507
2020-09-02T06:04:40.701152801,19.624073,-78.33121
2020-09-02T06:04:40.703060150,19.615915,-78.36002
2020-09-02T06:04:40.705348968,19.63569,-78.31644
2020-09-02T06:04:40.707256317,19.63204,-78.32168
2020-09-02T06:04:40.709164142,19.63016,-78.33264
2020-09-02T06:04:40.711071491,19.615913,-78.33948
2020-09-02T06:04:40.715267658,19.55971,-78.34421
2020-09-02T06:04:40.717175006,19.648565,-78.33025
2020-09-02T06:04:40.719082355,19.631004,-78.33335
2020-09-02T06:04:40.720989704,19.655016,-78.33753
2020-09-02T06:04:40.723278522,19.615887,-78.33298
2020-09-02T06:04:40.725185871,19.661987,-78.3406
2020-09-02T06:04:40.727093219,19.615896,-78.3419
2020-09-02T06:04:40.729000568,19.615927,-78.36005
2020-09-02T06:04:40.730907917,19.695858,-78.36213
2020-09-02T06:04:40.738918781,19.695951,-78.36214
2020-09-02T06:04:40.740826606,19.695967,-78.36214
2020-09-02T06:04:40.743115425,19.679546,-78.345856
2020-09-02T06:04:40.745022773,19.695929,-78.36213
2020-09-02T06:04:40.746930122,19.686893,-78.35317
2020-09-02T06:04:40.748837471,19.69589,-78.362114
2020-09-02T06:04:40.750744819,19.695875,-78.362114
2020-09-02T06:04:40.756848335,19.695856,-78.344
2020-09-02T06:04:40.758755683,19.695858,-78.3428
2020-09-02T06:04:40.774777889,19.695793,-78.31366
2020-09-02T06:04:40.776685237,19.574158,-78.28159
2020-09-02T06:04:40.778592586,19.660578,-78.314644
2020-09-02T06:04:40.780881404,19.665297,-78.31341
2020-09-02T06:04:40.782788753,19.68812,-78.31299
2020-09-02T06:04:40.784696102,19.695692,-78.28467
2020-09-02T06:04:40.784696102,19.665146,-78.35019
2020-09-02T06:04:40.786603450,19.695698,-78.28465
2020-09-02T06:04:40.788892269,19.6214,-78.3108
2020-09-02T06:04:40.790799617,19.68598,-78.30517
2020-09-02T06:04:40.792706966,19.66856,-78.31027
2020-09-02T06:04:40.794614315,19.669147,-78.331085
2020-09-02T06:04:40.796521663,19.678108,-78.30125
2020-09-02T06:04:40.798810482,19.695723,-78.2846
2020-09-02T06:04:40.800717830,19.695724,-78.2846
2020-09-02T06:04:40.802625656,19.69572,-78.2846
2020-09-02T06:04:40.804533004,19.695717,-78.2846
2020-09-02T06:04:40.806440353,19.695715,-78.2846
2020-09-02T06:04:40.808729171,19.695711,-78.2846
2020-09-02T06:04:40.820554733,19.695719,-78.28466
2020-09-02T06:04:40.824369430,19.695738,-78.28462
2020-09-02T06:04:40.828565597,19.695759,-78.284584
2020-09-02T06:04:40.830472946,19.695768,-78.28456
2020-09-02T06:04:40.836576938,19.695755,-78.28456
2020-09-02T06:04:40.838484287,19.69575,-78.28455
2020-09-02T06:04:40.856413364,19.69566,-78.20725
2020-09-02T06:04:40.915923595,19.695654,-78.20724
2020-09-02T06:04:40.939956665,19.695713,-78.207214
2020-09-02T06:04:40.949874877,19.695642,-78.20727
2020-09-02T06:04:40.975433826,19.665535,-78.206505
2020-09-02T06:04:40.619517326,18.340675,-83.1883
2020-09-02T06:04:40.623713493,18.369339,-83.18995
2020-09-02T06:04:40.625620841,18.369326,-83.18993
2020-09-02T06:04:40.627528190,18.369312,-83.18992
2020-09-02T06:04:40.637446403,18.369389,-83.18998
2020-09-02T06:04:40.754940986,18.369423,-83.18996
2020-09-02T06:04:40.969711780,18.360458,-83.20484
2020-09-02T06:04:40.971619129,18.323666,-83.1873
2020-09-02T06:04:40.975433826,18.357769,-83.21024
2020-09-02T06:04:41.229877948,18.328367,-83.147514
2020-09-02T06:04:41.359198570,17.999565,-83.40133
2020-09-02T06:04:41.361105918,18.004118,-83.41458
2020-09-02T06:04:41.416800975,18.00045,-83.41113
2020-09-02T06:04:41.492333412,17.996767,-83.40113
2020-09-02T06:04:41.494622230,17.976952,-83.39998
2020-09-02T06:04:41.506447792,17.99221,-83.40091
2020-09-02T06:04:41.508355140,17.993153,-83.4077
2020-09-02T06:04:41.510262489,17.97685,-83.399994
2020-09-02T06:04:41.534295558,17.992895,-83.40602
2020-09-02T06:04:41.536202907,17.996176,-83.40635
2020-09-02T06:04:41.538110256,17.97681,-83.400024
2020-09-02T06:04:41.562143325,17.998281,-83.41328
2020-09-02T06:04:41.580072879,18.001303,-83.41266
2020-09-02T06:04:41.581980228,17.976826,-83.40009
2020-09-02T06:04:41.606013298,17.976854,-83.40006
2020-09-02T06:04:41.607920646,17.976854,-83.40004
2020-09-02T06:04:41.617838859,17.976868,-83.40003
2020-09-02T06:04:41.619746208,17.976871,-83.40004
2020-09-02T06:04:41.621653556,17.976871,-83.40004
2020-09-02T06:04:41.643779277,17.976791,-83.38206
2020-09-02T06:04:41.645686626,17.991188,-83.40149
2020-09-02T06:04:41.647593975,17.976873,-83.40002
2020-09-02T06:04:41.667430400,17.990925,-83.40086
2020-09-02T06:04:41.669338226,17.993437,-83.40101
2020-09-02T06:04:41.729229450,17.99814,-83.409424
2020-09-02T06:04:41.731137275,17.97689,-83.40006
2020-09-02T06:04:41.733044624,17.976898,-83.40006
2020-09-02T06:04:41.734951972,17.976904,-83.400055
2020-09-02T06:04:41.736859321,17.97691,-83.400055
2020-09-02T06:04:41.742962837,17.976772,-83.379654
2020-09-02T06:04:41.754788398,17.989525,-83.396454
2020-09-02T06:04:41.757077217,17.976921,-83.40008
2020-09-02T06:04:41.834517002,17.992691,-83.403854
2020-09-02T06:04:41.836424350,17.999527,-83.401375
2020-09-02T06:04:41.852446079,17.993328,-83.400986
2020-09-02T06:04:41.874190330,17.976864,-83.4
2020-09-02T06:04:41.886016368,17.976791,-83.400024
2020-09-02T06:04:41.943618774,18.004145,-83.40164
2020-09-02T06:04:41.993592262,17.998669,-83.41451
2020-09-02T06:04:43.844511985,18.3345,-77.123535
2020-09-02T06:04:43.846419334,18.338211,-77.114975
2020-09-02T06:04:43.848708152,18.344553,-77.10255
2020-09-02T06:04:43.850615501,18.344538,-77.10974
2020-09-02T06:04:43.852522850,18.337534,-77.11294
2020-09-02T06:04:43.862441062,18.332975,-77.1075
2020-09-02T06:04:43.864348411,18.33098,-77.108826
2020-09-02T06:04:43.866637229,18.344496,-77.10258
2020-09-02T06:04:43.868544578,18.324196,-77.10226
2020-09-02T06:04:43.872359275,18.344458,-77.10256
2020-09-02T06:04:43.874266624,18.31812,-77.105835
2020-09-02T06:04:43.876555442,18.344427,-77.10255
2020-09-02T06:04:43.880371093,18.313301,-77.10204
2020-09-02T06:04:43.882278442,18.310328,-77.102005
2020-09-02T06:04:43.884185791,18.319092,-77.10215
2020-09-02T06:04:43.890289306,18.313896,-77.09851
2020-09-02T06:04:43.892196655,18.322517,-77.10338
2020-09-02T06:04:43.894104003,18.315866,-77.10215
2020-09-02T06:04:43.900207519,18.318825,-77.096054
2020-09-02T06:04:43.902114868,18.3229,-77.10051
2020-09-02T06:04:43.904403686,18.32406,-77.09662
2020-09-02T06:04:43.906311035,18.32652,-77.10277
2020-09-02T06:04:43.934158325,18.265642,-77.10132
2020-09-02T06:04:43.936065673,18.322329,-77.09587
2020-09-02T06:04:43.937973022,18.324434,-77.09227
2020-09-02T06:04:43.939880371,18.327667,-77.08488
2020-09-02T06:04:43.942170143,18.329403,-77.07835
2020-09-02T06:04:43.952088356,18.32436,-77.07014
2020-09-02T06:04:43.953995704,18.326315,-77.07621
2020-09-02T06:04:43.955903053,18.32325,-77.06472
2020-09-02T06:04:43.957810401,18.344559,-77.10258
2020-09-02T06:04:43.965821266,18.344545,-77.049324
2020-09-02T06:04:43.967728614,18.329409,-77.06978
2020-09-02T06:04:43.970017433,18.344553,-77.10261
2020-09-02T06:04:44.037538528,18.287176,-77.081505
2020-09-02T06:04:44.039445877,18.344498,-77.0712
2020-09-02T06:04:44.041353225,18.34449,-77.06337
2020-09-02T06:04:44.043260574,18.310503,-77.08081
2020-09-02T06:04:44.045549392,18.310566,-77.10089
2020-09-02T06:04:44.051271438,18.344576,-77.02598
2020-09-02T06:04:44.053178787,18.344574,-77.07085
2020-09-02T06:04:44.057374954,18.344555,-77.05423
2020-09-02T06:04:44.059282302,18.344555,-77.1026
2020-09-02T06:04:44.069201469,18.34452,-77.10264
2020-09-02T06:04:44.075304985,18.344494,-77.10264
2020-09-02T06:04:44.085223197,18.344465,-77.1026
2020-09-02T06:04:44.259939193,18.055433,-83.39689
2020-09-02T06:04:44.327460289,18.05549,-83.40523
2020-09-02T06:04:44.345389366,18.05548,-83.40526
2020-09-02T06:04:44.375144958,18.055529,-83.40524
2020-09-02T06:04:44.414817810,18.055498,-83.4053
2020-09-02T06:04:44.440758705,18.055471,-83.405266
2020-09-02T06:04:47.301825523,18.132992,-83.254
2020-09-02T06:04:47.321661949,18.132977,-83.25396
2020-09-02T06:04:47.323569297,18.132963,-83.25396
2020-09-02T06:04:47.335394859,18.117794,-83.28681
2020-09-02T06:04:47.353324890,18.133183,-83.280266
2020-09-02T06:04:47.462807655,18.13314,-83.27971
2020-09-02T06:04:47.464715003,18.123512,-83.28209
2020-09-02T06:04:47.466622352,18.13318,-83.27856
2020-09-02T06:04:47.472726821,18.133041,-83.253975
2020-09-02T06:04:47.474634170,18.133049,-83.253975
2020-09-02T06:04:47.492563247,18.133667,-83.3317
2020-09-02T06:04:47.502481460,18.123684,-83.29781
2020-09-02T06:04:47.504388809,18.118423,-83.293816
2020-09-02T06:04:47.586024284,18.126127,-83.278114
2020-09-02T06:04:47.594036102,18.12083,-83.289825
2020-09-02T06:04:47.603954315,18.123085,-83.29582
2020-09-02T06:04:47.605861663,18.112041,-83.297676
2020-09-02T06:04:47.609676361,18.133324,-83.29647
2020-09-02T06:04:47.611965179,18.133299,-83.29289
2020-09-02T06:04:47.623790740,18.133347,-83.29634
2020-09-02T06:04:47.625698089,18.133436,-83.30812
2020-09-02T06:04:47.627605438,18.128424,-83.309784
2020-09-02T06:04:47.629512786,18.119743,-83.298065
2020-09-02T06:04:52.532238006,18.291397,-83.218315
2020-09-02T06:04:52.649732589,18.291285,-83.213524
2020-09-02T06:04:52.727170944,18.291386,-83.208206
2020-09-02T06:04:52.729078292,18.29151,-83.22528
2020-09-02T06:04:52.764938354,18.291363,-83.21623
2020-09-02T06:04:55.804534912,18.05658,-83.404526
2020-09-02T06:04:55.806442260,18.056587,-83.40453
2020-09-02T06:04:55.808731079,18.056595,-83.40455
2020-09-02T06:04:55.931947708,18.026052,-83.40269
2020-09-02T06:04:55.933855056,18.022423,-83.3964
2020-09-02T06:04:55.935762405,18.027622,-83.40273
2020-09-02T06:04:56.058979034,18.056648,-83.404495
2020-09-02T06:04:56.061267852,18.056654,-83.4045
2020-09-02T06:04:56.130697250,18.02198,-83.39523
2020-09-02T06:04:56.132604598,18.020515,-83.39565
2020-09-02T06:04:56.144430160,18.024584,-83.39219
2020-09-02T06:04:56.218053817,18.035555,-83.40314
2020-09-02T06:04:56.220342636,18.017057,-83.38842
2020-09-02T06:04:56.242088317,18.032892,-83.40305
2020-09-02T06:04:56.293586730,18.056593,-83.40432
2020-09-02T06:04:56.373315811,18.03422,-83.403046
2020-09-02T06:04:56.429010391,18.035723,-83.392426
2020-09-02T06:05:03.035402297,18.291319,-83.24748
2020-09-02T06:05:03.067064285,18.291452,-83.26339
2020-09-02T06:05:03.068971633,18.291346,-83.248405
2020-09-02T06:05:03.080798149,18.291359,-83.250824
2020-09-02T06:05:09.144734382,18.312492,-83.22845
2020-09-02T06:05:09.146641731,18.309715,-83.224495
2020-09-02T06:05:09.148549079,18.306654,-83.22536
2020-09-02T06:05:09.162663459,18.31941,-83.23468
2020-09-02T06:05:09.164570808,18.291058,-83.22602
2020-09-02T06:05:09.186314582,18.29138,-83.26374
2020-09-02T06:05:09.188221931,18.331245,-83.266106
2020-09-02T06:05:09.386970520,18.328068,-83.24453
2020-09-02T06:05:09.389260292,18.344385,-83.24354
2020-09-02T06:05:09.391167640,18.29105,-83.22474
2020-09-02T06:05:09.407189369,18.322947,-83.24838
2020-09-02T06:05:09.424736976,18.336857,-83.26647
2020-09-02T06:05:10.357444763,18.055729,-83.40536
2020-09-02T06:05:10.359352111,18.055725,-83.40532
2020-09-02T06:05:10.361259460,18.055859,-83.42189
2020-09-02T06:05:10.415047645,18.055767,-83.40535
2020-09-02T06:05:10.426873207,18.05571,-83.405365
2020-09-02T06:05:10.428780555,18.055878,-83.42595
2020-09-02T06:05:10.556193351,18.055693,-83.40534
2020-09-02T06:05:10.558100700,18.055845,-83.42586
2020-09-02T06:05:10.566112518,18.055662,-83.40536
2020-09-02T06:05:10.568019866,18.055664,-83.40537
2020-09-02T06:05:10.727094650,18.055782,-83.4172
2020-09-02T06:05:10.737012863,18.055677,-83.405365
2020-09-02T06:05:10.741209030,18.05582,-83.422935
2020-09-02T06:05:10.746931076,18.055706,-83.40539
2020-09-02T06:05:10.758757591,18.0557,-83.40532
2020-09-02T06:05:10.790801048,18.055801,-83.42505
2020-09-02T06:05:10.826660156,18.055706,-83.40532
2020-09-02T06:05:10.897995948,18.05559,-83.405174
2020-09-02T06:05:13.293663024,18.759077,-82.356804
2020-09-02T06:05:13.301673889,18.759083,-82.35691
2020-09-02T06:05:18.190282821,19.457443,-78.66648
2020-09-02T06:05:18.194478988,19.457453,-78.66646
2020-09-02T06:05:18.196386337,19.45746,-78.66644
2020-09-02T06:05:18.202108383,19.457474,-78.66642
2020-09-02T06:05:18.204397201,19.457474,-78.666435
2020-09-02T06:05:18.220039367,19.457493,-78.66644
2020-09-02T06:05:21.663615703,18.387016,-83.269325
2020-09-02T06:05:21.665523052,18.370417,-83.26833
2020-09-02T06:05:21.691463470,18.383524,-83.26911
2020-09-02T06:05:21.693370819,18.370367,-83.26834
2020-09-02T06:05:21.695278167,18.37038,-83.26835
2020-09-02T06:05:21.747159004,18.38467,-83.27912
2020-09-02T06:05:21.784924983,18.370346,-83.26827
2020-09-02T06:05:21.810483932,18.383211,-83.269035
2020-09-02T06:05:21.824598789,18.370277,-83.26826
2020-09-02T06:05:21.850538730,18.370436,-83.28203
2020-09-02T06:05:21.866179466,18.370281,-83.26822
2020-09-02T06:05:21.892119884,18.370283,-83.26824
2020-09-02T06:05:21.910048961,18.370277,-83.268326
2020-09-02T06:05:22.005417823,18.396772,-83.28091
2020-09-02T06:05:22.009232997,18.37031,-83.26828
2020-09-02T06:05:22.059206008,18.412638,-83.277794
2020-09-02T06:05:22.090868473,18.370268,-83.26831
2020-09-02T06:05:22.114901542,18.370321,-83.2682
2020-09-02T06:05:22.007325172,18.356083,-82.75336
2020-09-02T06:05:22.009614467,18.35464,-82.75302
2020-09-02T06:05:22.011521816,18.3547,-82.75613
2020-09-02T06:05:22.013429164,18.357471,-82.754814
2020-09-02T06:05:22.096971988,18.355118,-82.75286
2020-09-02T06:05:22.182422637,18.362267,-82.761665
2020-09-02T06:05:23.979554176,19.458496,-79.28553
2020-09-02T06:05:23.981461524,19.45848,-79.28552
2020-09-02T06:05:23.983750343,19.458471,-79.2855
2020-09-02T06:05:23.985657691,19.45846,-79.28547
2020-09-02T06:05:23.987565040,19.45845,-79.285446
2020-09-02T06:05:23.989472389,19.458439,-79.285416
2020-09-02T06:05:23.991379737,19.458439,-79.28541
2020-09-02T06:05:23.993668556,19.45845,-79.285416
2020-09-02T06:05:23.995575904,19.458464,-79.285416
2020-09-02T06:05:23.997483253,19.458477,-79.28542
2020-09-02T06:05:24.003586769,19.458492,-79.28544
2020-09-02T06:05:24.005495071,19.45849,-79.285446
2020-09-02T06:05:24.009309768,19.458487,-79.28545
2020-09-02T06:05:24.011598587,19.458485,-79.28545
2020-09-02T06:05:24.013505935,19.458437,-79.271484
2020-09-02T06:05:24.015413284,19.458479,-79.28547
2020-09-02T06:05:24.224080085,19.451479,-79.27726
2020-09-02T06:05:24.225987434,19.45849,-79.28545
2020-09-02T06:05:24.242009162,19.458458,-79.28548
2020-09-02T06:05:24.333563804,19.537426,-78.97836
2020-09-02T06:05:24.335471153,19.537363,-78.96809
2020-09-02T06:05:24.337378501,19.537329,-78.96683
2020-09-02T06:05:24.339285850,19.53729,-78.96523
2020-09-02T06:05:24.341574668,19.537317,-78.97834
2020-09-02T06:05:24.349585533,19.537397,-78.97828
2020-09-02T06:05:24.351492881,19.537369,-78.96431
2020-09-02T06:05:24.353400230,19.537403,-78.9783
2020-09-02T06:05:24.361411094,19.537384,-78.97839
2020-09-02T06:05:24.363318443,19.537354,-78.96285
2020-09-02T06:05:24.369421958,19.537395,-78.96531
2020-09-02T06:05:24.394981384,19.537325,-78.97828
2020-09-02T06:05:24.412910461,19.53728,-78.955
2020-09-02T06:05:24.415199279,19.533276,-78.951416
2020-09-02T06:05:24.417106628,19.532291,-78.959206
2020-09-02T06:05:24.573893547,19.523897,-78.957436
2020-09-02T06:05:24.653621673,19.537247,-78.95368
2020-09-02T06:05:24.393074035,17.976326,-83.40088
2020-09-02T06:05:24.394981384,17.976337,-83.40088
2020-09-02T06:05:24.476616859,17.9764,-83.40089
2020-09-02T06:05:24.478524208,17.976398,-83.40089
2020-09-02T06:05:24.480813026,17.990965,-83.40795
2020-09-02T06:05:24.482720375,17.976381,-83.40089
2020-09-02T06:05:24.588007926,17.976393,-83.40098
2020-09-02T06:05:24.589915275,17.976385,-83.401
2020-09-02T06:05:24.591822624,17.99234,-83.40195
2020-09-02T06:05:24.594111442,17.976404,-83.40099
2020-09-02T06:05:24.639507293,17.97634,-83.40094
2020-09-02T06:05:24.641796112,17.989082,-83.393425
2020-09-02T06:05:24.643703460,17.988548,-83.39836
2020-09-02T06:05:24.645610809,17.993338,-83.40194
2020-09-02T06:05:24.683376312,17.976345,-83.40093
2020-09-02T06:05:24.713131904,17.976355,-83.400925
2020-09-02T06:05:24.715039253,17.995699,-83.402084
2020-09-02T06:05:24.717328071,17.998161,-83.40225
2020-09-02T06:05:24.748991012,17.976416,-83.40101
2020-09-02T06:05:24.750898361,17.97642,-83.401
2020-09-02T06:05:24.753187179,17.976402,-83.401
2020-09-02T06:05:24.784849166,17.97631,-83.401
2020-09-02T06:05:24.786756515,17.994656,-83.402084
2020-09-02T06:05:24.788663864,17.994955,-83.40211
2020-09-02T06:05:24.790952682,17.97629,-83.401
2020-09-02T06:05:24.792860031,17.976309,-83.40099
2020-09-02T06:05:24.794767379,17.97633,-83.40099
2020-09-02T06:05:24.874114990,17.976423,-83.40089
2020-09-02T06:05:24.876403808,17.990368,-83.39627
2020-09-02T06:05:24.878311157,17.976437,-83.4009
2020-09-02T06:05:24.880218505,17.987741,-83.39127
2020-09-02T06:05:24.886322021,17.97647,-83.4009
2020-09-02T06:05:24.888229370,17.97648,-83.4009
2020-09-02T06:05:24.890136718,17.995731,-83.3987
2020-09-02T06:05:24.925994873,17.97647,-83.40101
2020-09-02T06:05:24.929809570,17.976501,-83.400986
2020-09-02T06:05:24.937821388,17.988577,-83.40168
2020-09-02T06:05:24.939728736,17.976456,-83.40096
2020-09-02T06:05:25.017549514,17.976398,-83.40094
2020-09-02T06:05:25.039293289,17.97638,-83.4009
2020-09-02T06:05:25.041200637,17.97638,-83.400894
2020-09-02T06:05:25.699246406,18.316383,-83.16715
2020-09-02T06:05:25.711071968,18.29005,-83.18646
2020-09-02T06:05:25.743116378,18.289816,-83.14413
2020-09-02T06:05:25.745023727,18.303015,-83.15635
2020-09-02T06:05:25.772871017,18.290098,-83.18652
2020-09-02T06:05:25.888076782,18.329323,-83.18863
2020-09-02T06:05:25.922027587,18.320631,-83.202034
2020-09-02T06:05:25.925843238,18.349068,-83.18003
2020-09-02T06:05:25.927750587,18.365097,-83.1892
2020-09-02T06:05:25.930039405,18.315075,-83.195206
2020-09-02T06:05:25.955597877,18.351925,-83.196266
2020-09-02T06:05:25.957886695,18.319479,-83.19289
2020-09-02T06:05:25.959794044,18.329758,-83.18879
2020-09-02T06:05:26.015489578,18.334396,-83.18778
2020-09-02T06:05:26.017396926,18.34534,-83.18213
2020-09-02T06:05:26.058978080,18.334812,-83.18901
2020-09-02T06:05:26.061266899,18.321783,-83.19936
2020-09-02T06:05:26.742963790,19.529076,-81.79157
2020-09-02T06:05:26.766614913,19.550793,-81.776596
2020-09-02T06:05:26.768903732,19.520674,-81.80454
2020-09-02T06:05:26.772718429,19.52293,-81.80632
2020-09-02T06:05:26.780729293,19.523882,-81.80935
2020-09-02T06:05:26.784543991,19.526268,-81.812805
2020-09-02T06:05:26.786832809,19.470907,-81.772484
2020-09-02T06:05:26.790648460,19.528843,-81.818405
2020-09-02T06:05:26.792555809,19.527525,-81.81448
2020-09-02T06:05:26.794463157,19.527555,-81.82105
2020-09-02T06:05:26.796751976,19.515718,-81.80794
2020-09-02T06:05:26.802474021,19.509018,-81.80567
2020-09-02T06:05:26.804381370,19.494,-81.80058
2020-09-02T06:05:26.808577537,19.502634,-81.80258
2020-09-02T06:05:26.810484886,19.510294,-81.804436
2020-09-02T06:05:26.818495750,19.512922,-81.8149
2020-09-02T06:05:26.820403099,19.470894,-81.77256
2020-09-02T06:05:26.824599266,19.53917,-81.836235
2020-09-02T06:05:26.826506614,19.530136,-81.826385
2020-09-02T06:05:26.832228660,19.551224,-81.83676
2020-09-02T06:05:26.834517478,19.514738,-81.818504
2020-09-02T06:05:26.840239524,19.551163,-81.84023
2020-09-02T06:05:26.846343040,19.551306,-81.85473
2020-09-02T06:05:26.848250389,19.551323,-81.854744
2020-09-02T06:05:26.894027709,19.573803,-81.838936
2020-09-02T06:05:26.903945922,19.551203,-81.829956
2020-09-02T06:05:26.947815895,19.497934,-81.81379
2020-09-02T06:05:26.951630592,19.50313,-81.811104
2020-09-02T06:05:26.953537940,19.505207,-81.812614
2020-09-02T06:05:26.955826759,19.49551,-81.80628
2020-09-02T06:05:26.967652320,19.551352,-81.85472
2020-09-02T06:05:26.969559669,19.55136,-81.85471
2020-09-02T06:05:26.971467018,19.55136,-81.854706
2020-09-02T06:05:26.973374366,19.56795,-81.837265
2020-09-02T06:05:26.983293533,19.55131,-81.854645
2020-09-02T06:05:26.987489700,19.576845,-81.85597
2020-09-02T06:05:26.995500564,19.551247,-81.85461
2020-09-02T06:05:27.027162551,19.551283,-81.8547
2020-09-02T06:05:27.037081718,19.551502,-81.89067
2020-09-02T06:05:27.164494514,19.509151,-81.8109
2020-09-02T06:05:27.186238288,19.519526,-81.81049
2020-09-02T06:05:27.241933822,19.551056,-81.8137
2020-09-02T06:05:27.243841171,19.550463,-81.83414
2020-09-02T06:05:27.245748519,19.566391,-81.82043
2020-09-02T06:05:27.248037338,19.569153,-81.83567
2020-09-02T06:05:27.249944686,19.551374,-81.85467
2020-09-02T06:05:27.251852035,19.551376,-81.85466
2020-09-02T06:05:27.253759384,19.55122,-81.83168
2020-09-02T06:05:27.257955551,19.568918,-81.83262
2020-09-02T06:05:27.259862899,19.571568,-81.8295
2020-09-02T06:05:27.261770248,19.551186,-81.82681
2020-09-02T06:05:27.265966415,19.551205,-81.82875
2020-09-02T06:05:27.267873764,19.55119,-81.82606
2020-09-02T06:05:27.269781112,19.551212,-81.82907
2020-09-02T06:05:27.271688461,19.551388,-81.85467
2020-09-02T06:05:27.275884628,19.551228,-81.83
2020-09-02T06:05:27.279699325,19.551184,-81.82252
2020-09-02T06:05:27.293433189,19.551073,-81.81052
2020-09-02T06:05:28.987565994,19.630968,-78.34839
2020-09-02T06:05:28.989473342,19.615875,-78.34506
2020-09-02T06:05:28.991380691,19.624931,-78.35477
2020-09-02T06:05:28.993669509,19.62767,-78.350685
2020-09-02T06:05:28.995576858,19.615974,-78.36077
2020-09-02T06:05:28.997484207,19.616003,-78.36077
2020-09-02T06:05:28.999391555,19.622606,-78.35738
2020-09-02T06:05:29.001680374,19.616043,-78.36077
2020-09-02T06:05:29.003587722,19.616032,-78.36076
2020-09-02T06:05:29.005495071,19.62147,-78.36091
2020-09-02T06:05:29.007402420,19.622963,-78.35163
2020-09-02T06:05:29.009309768,19.615984,-78.354935
2020-09-02T06:05:29.011598587,19.62032,-78.35602
2020-09-02T06:05:29.013505935,19.61597,-78.36076
2020-09-02T06:05:29.015413284,19.619843,-78.363106
2020-09-02T06:05:29.017321586,19.615944,-78.36077
2020-09-02T06:05:29.019228935,19.61593,-78.36078
2020-09-02T06:05:29.021517753,19.618761,-78.359085
2020-09-02T06:05:29.023425102,19.615929,-78.360756
2020-09-02T06:05:29.025332450,19.615898,-78.34257
2020-09-02T06:05:29.029147148,19.615944,-78.36071
2020-09-02T06:05:29.031435966,19.615948,-78.358116
2020-09-02T06:05:29.033343315,19.61597,-78.36073
2020-09-02T06:05:29.035250663,19.615988,-78.360756
2020-09-02T06:05:29.039446830,19.616024,-78.3608
2020-09-02T06:05:29.041354179,19.624355,-78.333115
2020-09-02T06:05:29.045168876,19.615976,-78.34425
2020-09-02T06:05:29.047076225,19.619553,-78.3245
2020-09-02T06:05:29.051272392,19.615988,-78.36514
2020-09-02T06:05:29.053179740,19.615955,-78.34867
2020-09-02T06:05:29.055087089,19.615877,-78.30975
2020-09-02T06:05:29.059283256,19.623594,-78.31121
2020-09-02T06:05:29.061190605,19.615921,-78.33129
2020-09-02T06:05:29.069201469,19.632227,-78.38001
2020-09-02T06:05:29.071108818,19.615927,-78.3607
2020-09-02T06:05:29.074923515,19.62875,-78.301155
2020-09-02T06:05:29.077212333,19.624403,-78.341156
2020-09-02T06:05:29.079120635,19.615978,-78.33443
2020-09-02T06:05:29.087131500,19.615957,-78.337456
2020-09-02T06:05:29.089038848,19.615988,-78.36074
2020-09-02T06:05:29.090946197,19.615976,-78.36073
2020-09-02T06:05:29.092853546,19.615976,-78.36074
2020-09-02T06:05:29.094760894,19.615976,-78.36075
2020-09-02T06:05:29.097049713,19.615976,-78.360756
2020-09-02T06:05:29.100864410,19.61582,-78.28335
2020-09-02T06:05:29.102771759,19.615847,-78.29803
2020-09-02T06:05:29.105060577,19.61597,-78.360756
2020-09-02T06:05:29.108875274,19.618116,-78.37011
2020-09-02T06:05:29.110782623,19.61581,-78.283325
2020-09-02T06:05:29.112689971,19.615852,-78.29224
2020-09-02T06:05:29.116886138,19.616081,-78.3809
2020-09-02T06:05:29.122608184,19.616173,-78.40467
2020-09-02T06:05:29.124897003,19.61602,-78.33431
2020-09-02T06:05:29.126804351,19.615913,-78.283295
2020-09-02T06:05:29.128711700,19.615908,-78.28328
2020-09-02T06:05:29.130619049,19.615902,-78.283264
2020-09-02T06:05:29.136722564,19.615837,-78.28325
2020-09-02T06:05:29.138629913,19.615816,-78.28324
2020-09-02T06:05:29.140538215,19.615795,-78.28324
2020-09-02T06:05:29.144734382,19.615791,-78.28324
2020-09-02T06:05:29.148549079,19.61579,-78.28324
2020-09-02T06:05:29.154652595,19.615822,-78.28326
2020-09-02T06:05:29.156559944,19.615839,-78.28326
2020-09-02T06:05:29.158467292,19.615843,-78.27584
2020-09-02T06:05:29.160374641,19.615875,-78.28327
2020-09-02T06:05:29.164570808,19.61585,-78.28328
2020-09-02T06:05:29.166478157,19.615839,-78.28329
2020-09-02T06:05:29.170292854,19.615814,-78.283295
2020-09-02T06:05:29.172581672,19.61578,-78.26777
2020-09-02T06:05:29.174489021,19.615807,-78.28332
2020-09-02T06:05:29.178303718,19.615799,-78.28334
2020-09-02T06:05:29.180592536,19.612059,-78.267105
2020-09-02T06:05:29.184407234,19.61582,-78.28332
2020-09-02T06:05:29.186314582,19.615831,-78.283295
2020-09-02T06:05:29.192418098,19.586004,-78.282486
2020-09-02T06:05:29.194325447,19.582956,-78.282394
2020-09-02T06:05:29.196232795,19.615835,-78.28322
2020-09-02T06:05:29.206151962,19.555336,-78.28171
2020-09-02T06:05:29.208440780,19.535946,-78.28123
2020-09-02T06:05:29.214162826,19.615845,-78.28328
2020-09-02T06:05:29.232091903,19.536009,-78.281204
2020-09-02T06:05:29.233999252,19.55683,-78.281746
2020-09-02T06:05:29.240102767,19.535984,-78.281235
2020-09-02T06:05:29.251928329,19.535994,-78.28123
2020-09-02T06:05:29.353401184,19.615921,-78.33903
2020-09-02T06:05:29.369422912,19.620588,-78.35608
2020-09-02T06:05:29.371330261,19.615953,-78.36063
2020-09-02T06:05:29.381248474,19.615885,-78.35788
2020-09-02T06:05:29.383155822,19.619324,-78.35618
2020-09-02T06:05:29.385063171,19.615881,-78.36061
2020-09-02T06:05:29.391167640,19.610636,-78.36049
2020-09-02T06:05:29.393074989,19.615906,-78.36063
2020-09-02T06:05:29.394982337,19.615934,-78.36063
2020-09-02T06:05:29.415200233,19.578451,-78.35965
2020-09-02T06:05:29.417107582,19.606636,-78.36039
2020-09-02T06:05:29.427025794,19.536037,-78.35851
2020-09-02T06:05:29.458688735,19.622097,-78.34811
2020-09-02T06:05:29.530405998,19.622776,-78.353195
2020-09-02T06:05:29.532313346,19.615976,-78.34643
2020-09-02T06:05:29.560160636,19.615921,-78.32548
2020-09-02T06:05:29.562067985,19.615988,-78.36054
2020-09-02T06:05:29.102771759,19.441906,-82.00463
2020-09-02T06:05:29.233999252,19.455599,-81.985016
2020-09-02T06:05:29.573894500,19.615833,-78.313805
2020-09-02T06:05:29.576183319,19.615768,-78.28318
2020-09-02T06:05:29.599834442,19.615942,-78.360466
2020-09-02T06:05:29.601741790,19.61582,-78.3025
2020-09-02T06:05:39.256123543,18.416878,-83.21179
2020-09-02T06:05:39.258030892,18.411777,-83.24192
2020-09-02T06:05:39.313725949,18.256739,-83.13594
2020-09-02T06:05:39.341573716,18.266335,-83.13213
2020-09-02T06:05:39.536126614,18.23951,-83.169014
2020-09-02T06:05:39.538415432,18.245178,-83.186905
2020-09-02T06:05:39.540322781,18.244677,-83.18742
2020-09-02T06:05:39.768826485,18.238653,-83.17168
2020-09-02T06:05:39.770733834,18.243813,-83.14605
2020-09-02T06:05:39.773022652,18.244308,-83.185905
2020-09-02T06:05:39.802777768,18.055918,-83.42547
2020-09-02T06:05:39.804685116,18.055906,-83.42593
2020-09-02T06:05:39.806592465,18.055876,-83.42435
2020-09-02T06:05:39.894331933,18.055683,-83.40507
2020-09-02T06:05:39.900053978,18.055656,-83.40507
2020-09-02T06:05:39.917983532,18.055767,-83.40508
2020-09-02T06:05:39.919890881,18.055956,-83.424904
2020-09-02T06:05:40.031281948,18.055738,-83.40499
2020-09-02T06:05:40.033189296,18.05574,-83.405
2020-09-02T06:05:40.162509441,18.059546,-83.42262
2020-09-02T06:05:40.164416790,18.05569,-83.40506
2020-09-02T06:05:40.172427654,18.055832,-83.41986
2020-09-02T06:05:40.174335002,18.055876,-83.42553
2020-09-02T06:05:40.176623821,18.055708,-83.40508
2020-09-02T06:05:40.222019672,18.055897,-83.42223
2020-09-02T06:05:40.273900032,18.055939,-83.42291
2020-09-02T06:05:40.309759140,18.055754,-83.40523
2020-09-02T06:05:40.311666488,18.055769,-83.40522
2020-09-02T06:05:40.343328952,18.056017,-83.42489
2020-09-02T06:05:40.102999210,18.211971,-83.21652
2020-09-02T06:05:40.104906558,18.243061,-83.18662
2020-09-02T06:05:40.231937885,18.211975,-83.22227
2020-09-02T06:05:40.357443332,18.220825,-83.16174
2020-09-02T06:05:40.359350681,18.23573,-83.15461
2020-09-02T06:05:40.361258029,18.22265,-83.167366
2020-09-02T06:05:40.363165378,18.212088,-83.220345
2020-09-02T06:05:40.400931835,18.055834,-83.40514
2020-09-02T06:05:40.528344631,18.055801,-83.405174
2020-09-02T06:05:40.600061893,18.240833,-83.12844
2020-09-02T06:05:40.601969242,18.215096,-83.17258
2020-09-02T06:05:40.603876590,18.205791,-83.17193
2020-09-02T06:05:40.605783939,18.222067,-83.186295
2020-09-02T06:05:40.607691287,18.201,-83.21332
2020-09-02T06:05:54.470895767,18.0559,-83.404854
2020-09-02T06:05:54.472803115,18.055912,-83.40484
2020-09-02T06:05:54.474710464,18.055874,-83.39859
2020-09-02T06:05:54.476617813,18.055935,-83.40481
2020-09-02T06:05:54.478525161,18.055948,-83.40479
2020-09-02T06:05:54.480813980,18.05596,-83.40477
2020-09-02T06:05:54.629590988,18.055824,-83.404816
2020-09-02T06:05:54.631879806,18.055826,-83.40482
2020-09-02T06:05:54.748992919,18.055794,-83.40477
2020-09-02T06:05:54.750900268,18.055603,-83.401146
2020-09-02T06:05:54.753189086,18.055809,-83.40477
2020-09-02T06:05:54.755096435,18.05582,-83.40477
2020-09-02T06:05:54.758911132,18.055841,-83.40477
2020-09-02T06:05:54.766921997,18.055841,-83.40482
2020-09-02T06:05:54.848556518,18.055752,-83.39597
2020-09-02T06:05:54.882127761,18.055777,-83.404724
2020-09-02T06:05:54.953844070,18.05578,-83.404785
2020-09-02T06:05:54.961854934,18.055798,-83.404724
2020-09-02T06:05:54.969865798,18.055794,-83.40471
2020-09-02T06:05:54.985506057,18.055813,-83.40471
2020-09-02T06:05:55.013355255,18.055834,-83.40474
2020-09-02T06:05:56.606016159,18.30783,-83.242966
2020-09-02T06:05:56.607923507,18.291046,-83.26341
2020-09-02T06:05:58.247886657,19.56437,-82.20577
2020-09-02T06:05:58.249794006,19.553865,-82.20027
2020-09-02T06:05:58.252082824,19.553854,-82.198746
2020-09-02T06:05:58.253990173,19.55383,-82.19607
2020-09-02T06:05:58.255897521,19.56022,-82.194984
2020-09-02T06:05:58.257804870,19.558874,-82.19345
2020-09-02T06:05:58.259712219,19.559336,-82.194244
2020-09-02T06:05:58.262001037,19.55015,-82.19044
2020-09-02T06:05:58.263908386,19.548105,-82.18931
2020-09-02T06:05:58.265815734,19.54254,-82.18136
2020-09-02T06:05:58.269630432,19.542685,-82.184364
2020-09-02T06:05:58.279548645,19.540642,-82.182655
2020-09-02T06:05:58.281837463,19.55376,-82.1907
2020-09-02T06:05:58.289848327,19.553583,-82.16668
2020-09-02T06:05:58.291755676,19.528189,-82.16529
2020-09-02T06:05:58.303581237,19.526241,-82.1652
2020-09-02T06:05:58.305488586,19.533953,-82.17771
2020-09-02T06:05:58.307395935,19.540134,-82.18439
2020-09-02T06:05:58.309684753,19.538746,-82.1812
2020-09-02T06:05:58.311592102,19.553635,-82.16667
2020-09-02T06:05:58.315406799,19.553621,-82.166664
2020-09-02T06:05:58.339441299,19.531292,-82.16549
2020-09-02T06:05:58.341348648,19.539625,-82.18233
2020-09-02T06:05:58.345163345,19.553541,-82.16672
2020-09-02T06:05:58.353174209,19.553717,-82.18892
2020-09-02T06:05:58.377206802,19.519835,-82.19029
2020-09-02T06:05:58.379114151,19.55379,-82.196495
2020-09-02T06:05:58.389032363,19.516394,-82.19613
2020-09-02T06:05:58.403146743,19.507545,-82.209526
2020-09-02T06:05:58.405054092,19.507378,-82.20054
2020-09-02T06:05:58.406961441,19.523996,-82.196434
2020-09-02T06:05:58.420694351,19.503359,-82.210815
2020-09-02T06:05:58.422983169,19.473703,-82.16235
2020-09-02T06:05:58.432901382,19.508905,-82.213295
2020-09-02T06:05:58.434808731,19.523325,-82.19793
2020-09-02T06:05:58.436716079,19.553843,-82.203186
2020-09-02T06:05:58.572139739,19.570751,-82.16925
2020-09-02T06:05:58.585874557,19.553383,-82.139946
2020-09-02T06:05:58.593885421,19.55357,-82.1667
2020-09-02T06:05:58.681241989,19.540071,-82.194626
2020-09-02T06:05:58.683149337,19.525349,-82.16524
2020-09-02T06:05:59.242012023,19.456753,-78.66597
2020-09-02T06:05:59.275962829,19.456738,-78.66597
2020-09-02T06:06:02.526513576,19.59981,-78.44833
2020-09-02T06:06:02.528420925,19.597683,-78.44781
2020-09-02T06:06:02.530328273,19.59525,-78.444565
2020-09-02T06:06:02.532235622,19.616201,-78.43817
2020-09-02T06:06:02.534524917,19.616184,-78.438156
2020-09-02T06:06:02.536432266,19.616169,-78.43814
2020-09-02T06:06:02.538339614,19.588531,-78.4374
2020-09-02T06:06:02.542154312,19.588306,-78.437386
2020-09-02T06:06:02.544443130,19.5893,-78.43742
2020-09-02T06:06:02.546350479,19.586983,-78.43737
2020-09-02T06:06:02.550165176,19.57374,-78.43704
2020-09-02T06:06:02.552072525,19.577168,-78.43713
2020-09-02T06:06:02.554361343,19.53634,-78.43605
2020-09-02T06:06:02.556268692,19.53635,-78.43605
2020-09-02T06:06:02.572290897,19.536362,-78.43604
2020-09-02T06:06:02.574198246,19.536356,-78.43603
2020-09-02T06:06:02.578012943,19.536346,-78.436005
2020-09-02T06:06:02.597849845,19.616224,-78.43819
2020-09-02T06:06:02.615778923,19.600464,-78.43775
2020-09-02T06:06:02.617686271,19.592981,-78.43755
2020-09-02T06:06:02.627604961,19.61622,-78.43818
2020-09-02T06:06:02.631801128,19.616209,-78.43818
2020-09-02T06:06:02.633708477,19.601557,-78.437775
2020-09-02T06:06:02.635615825,19.616161,-78.43815
2020-09-02T06:06:02.637904644,19.616137,-78.43813
2020-09-02T06:06:02.641719341,19.61612,-78.43811
2020-09-02T06:06:02.651637554,19.616264,-78.43811
2020-09-02T06:06:02.653544902,19.601976,-78.43774
2020-09-02T06:06:02.663463592,19.616177,-78.421135
2020-09-02T06:06:02.665370941,19.607645,-78.41942
2020-09-02T06:06:02.675670623,19.616158,-78.39999
2020-09-02T06:06:02.677577972,19.603935,-78.42082
2020-09-02T06:06:02.679485321,19.616117,-78.387985
2020-09-02T06:06:02.681392669,19.613825,-78.4072
2020-09-02T06:06:02.685588836,19.616112,-78.39403
2020-09-02T06:06:02.687496185,19.612637,-78.400444
2020-09-02T06:06:02.689404010,19.602644,-78.41814
2020-09-02T06:06:02.691311359,19.60652,-78.40387
2020-09-02T06:06:02.693218708,19.616125,-78.393814
2020-09-02T06:06:02.695507526,19.613731,-78.39862
2020-09-02T06:06:02.697414875,19.598337,-78.42765
2020-09-02T06:06:02.699322223,19.616121,-78.36066
2020-09-02T06:06:02.842375278,19.583836,-78.43718
2020-09-02T06:06:02.844664573,19.563797,-78.422745
2020-09-02T06:06:02.864500999,19.567532,-78.42188
2020-09-02T06:06:02.922103881,19.61222,-78.413605
2020-09-02T06:06:02.924011230,19.602703,-78.40919
2020-09-02T06:06:02.925918579,19.614315,-78.39202
2020-09-02T06:06:02.927825927,19.61162,-78.40138
2020-09-02T06:06:02.930114746,19.606726,-78.4066
2020-09-02T06:06:02.932022094,19.616188,-78.3982
2020-09-02T06:06:02.941940784,19.616207,-78.37422
2020-09-02T06:06:02.943848133,19.61366,-78.39662
2020-09-02T06:06:02.945755481,19.607462,-78.405045
2020-09-02T06:06:02.948044300,19.616259,-78.41141
2020-09-02T06:06:02.963684558,19.61614,-78.360695
2020-09-02T06:06:02.965591907,19.616314,-78.4381
2020-09-02T06:06:02.975510597,19.616232,-78.38922
2020-09-02T06:06:02.979706764,19.616226,-78.385704
2020-09-02T06:06:02.981614112,19.61624,-78.39356
2020-09-02T06:06:02.983521461,19.616215,-78.38642
2020-09-02T06:06:02.989624977,19.616135,-78.360695
2020-09-02T06:06:03.005646705,19.61622,-78.36069
2020-09-02T06:06:03.130770683,19.616173,-78.36068
2020-09-02T06:06:03.140689849,19.584543,-78.40375
2020-09-02T06:06:03.142597198,19.600557,-78.41599
2020-09-02T06:06:03.144504547,19.616142,-78.38283
2020-09-02T06:06:03.192569732,18.598742,-82.07546
2020-09-02T06:06:03.214314460,18.598783,-82.073395
2020-09-02T06:06:03.240254402,18.598701,-82.07386
2020-09-02T06:06:03.278020858,18.598795,-82.07708
2020-09-02T06:06:03.279928207,18.60951,-82.077965
2020-09-02T06:06:03.295949935,18.59903,-82.11598
2020-09-02T06:06:03.333716392,18.59877,-82.07783
2020-09-02T06:06:03.437095642,19.537867,-78.977974
2020-09-02T06:06:03.452736854,19.501566,-78.99685
2020-09-02T06:06:03.494698524,19.508661,-79.00101
2020-09-02T06:06:03.520257949,19.498066,-78.993645
2020-09-02T06:06:03.544290542,19.506304,-79.0029
2020-09-02T06:06:03.546197891,19.49699,-78.99734
2020-09-02T06:06:03.568323135,19.49672,-78.99134
2020-09-02T06:06:03.570230484,19.50664,-78.993416
2020-09-02T06:06:03.619822502,19.537975,-78.97798
2020-09-02T06:06:03.659496307,19.500307,-78.98294
2020-09-02T06:06:03.717099189,19.537876,-78.97796
2020-09-02T06:06:03.719388008,19.497726,-78.98383
2020-09-02T06:06:03.721295356,19.497705,-78.951775
2020-09-02T06:06:03.814756393,19.518742,-78.996
2020-09-02T06:06:03.816663742,19.511105,-78.993515
2020-09-02T06:06:03.836501121,19.515635,-78.987946
2020-09-02T06:06:03.910125732,19.537987,-78.97792
2020-09-02T06:06:03.912033081,19.50836,-78.98885
2020-09-02T06:06:04.174869537,18.247396,-77.113
2020-09-02T06:06:04.176776885,18.274511,-77.126884
2020-09-02T06:06:04.178684234,18.257437,-77.1233
2020-09-02T06:06:04.228276252,18.265985,-77.17784
2020-09-02T06:06:04.230565071,18.238852,-77.12344
2020-09-02T06:06:04.236287117,18.26598,-77.140465
2020-09-02T06:06:04.238194465,18.245543,-77.13262
2020-09-02T06:06:04.240483283,18.265982,-77.144775
2020-09-02T06:06:04.242390632,18.231087,-77.11668
2020-09-02T06:06:04.258031845,18.248564,-77.11584
2020-09-02T06:06:04.264135360,18.274805,-77.11874
2020-09-02T06:06:04.266042709,18.282574,-77.13908
2020-09-02T06:06:04.268331527,18.255272,-77.12805
2020-09-02T06:06:04.270238876,18.290627,-77.15136
2020-09-02T06:06:04.272146224,18.290918,-77.15056
2020-09-02T06:06:04.325934410,18.305737,-77.1019
2020-09-02T06:06:04.327841758,18.310646,-77.12561
2020-09-02T06:06:04.331656455,18.275301,-77.11446
2020-09-02T06:06:04.333945274,18.285728,-77.10902
2020-09-02T06:06:04.335852622,18.329308,-77.10196
2020-09-02T06:06:04.337759971,18.303009,-77.106064
2020-09-02T06:06:04.341574668,18.30847,-77.11189
2020-09-02T06:06:04.343863487,18.300898,-77.09926
2020-09-02T06:06:04.345770835,18.34483,-77.10251
2020-09-02T06:06:04.347678184,18.344843,-77.10251
2020-09-02T06:06:04.349585533,18.344856,-77.10251
2020-09-02T06:06:04.351492881,18.329369,-77.089714
2020-09-02T06:06:04.353781700,18.324738,-77.10219
2020-09-02T06:06:04.355689048,18.310446,-77.08551
2020-09-02T06:06:04.357596397,18.308994,-77.08662
2020-09-02T06:06:04.361411094,18.33398,-77.044395
2020-09-02T06:06:04.363699913,18.324776,-77.06652
2020-09-02T06:06:04.367514610,18.344786,-77.02592
2020-09-02T06:06:04.369421958,18.34477,-77.025925
2020-09-02T06:06:04.377433776,18.344772,-77.02587
2020-09-02T06:06:04.379341125,18.344776,-77.025856
2020-09-02T06:06:04.383537292,18.344797,-77.02586
2020-09-02T06:06:04.391548156,18.344849,-77.02594
2020-09-02T06:06:04.393455505,18.344849,-77.02593
2020-09-02T06:06:04.395362854,18.34485,-77.042465
2020-09-02T06:06:04.399177551,18.344849,-77.025925
2020-09-02T06:06:04.403373718,18.344822,-77.03843
2020-09-02T06:06:04.405281066,18.344797,-77.02591
2020-09-02T06:06:04.407188415,18.344774,-77.0259
2020-09-02T06:06:04.411384582,18.344738,-77.025894
2020-09-02T06:06:04.413291931,18.344757,-77.0259
2020-09-02T06:06:04.417106628,18.344795,-77.02592
2020-09-02T06:06:04.431221008,18.344883,-77.02586
2020-09-02T06:06:04.433128356,18.344883,-77.02588
2020-09-02T06:06:04.436943054,18.344883,-77.02591
2020-09-02T06:06:04.439232826,18.344885,-77.02592
2020-09-02T06:06:04.492638587,18.34487,-77.000465
2020-09-02T06:06:04.494927406,18.344841,-76.99748
2020-09-02T06:06:04.498742103,18.344786,-77.0018
2020-09-02T06:06:04.500650405,18.344757,-77.00554
2020-09-02T06:06:04.502557754,18.344778,-77.02412
2020-09-02T06:06:04.512857437,18.339874,-77.02525
2020-09-02T06:06:04.514764785,18.338999,-77.0295
2020-09-02T06:06:04.516672134,18.338617,-77.02678
2020-09-02T06:06:04.522775650,18.34483,-77.02599
2020-09-02T06:06:04.524682998,18.344828,-77.02598
2020-09-02T06:06:04.526590347,18.344826,-77.02596
2020-09-02T06:06:04.528497695,18.344824,-77.02595
2020-09-02T06:06:04.657817840,18.306486,-76.99325
2020-09-02T06:06:04.671932220,18.187187,-77.023674
2020-09-02T06:06:06.204319953,18.03497,-83.41877
2020-09-02T06:06:06.206227302,18.037537,-83.425
2020-09-02T06:06:06.419091224,18.028358,-83.425224
2020-09-02T06:06:06.420998573,18.022243,-83.42289
2020-09-02T06:06:06.422905921,18.023664,-83.42727
2020-09-02T06:06:06.425194740,18.025217,-83.42877
2020-09-02T06:06:06.506448745,18.028683,-83.4303
2020-09-02T06:06:06.510644912,18.05536,-83.40561
2020-09-02T06:06:06.518274307,18.055475,-83.40556
2020-09-02T06:06:06.542307853,18.0383,-83.429
2020-09-02T06:06:06.586176872,18.055452,-83.40549
2020-09-02T06:06:06.591898918,17.976639,-83.40084
2020-09-02T06:06:06.593806266,18.013004,-83.41453
2020-09-02T06:06:06.596095085,18.019514,-83.41681
2020-09-02T06:06:06.598002433,18.017986,-83.4192
2020-09-02T06:06:06.599909782,18.017494,-83.42127
2020-09-02T06:06:06.647594451,18.008646,-83.413055
2020-09-02T06:06:06.649501800,18.003847,-83.41118
2020-09-02T06:06:06.651790618,18.005714,-83.413704
2020-09-02T06:06:06.653697967,17.999073,-83.40998
2020-09-02T06:06:06.655605316,18.002531,-83.41026
2020-09-02T06:06:06.657512664,17.988148,-83.402435
2020-09-02T06:06:06.659420013,17.986826,-83.40677
2020-09-02T06:06:06.661708831,17.991188,-83.4098
2020-09-02T06:06:06.663616180,17.976662,-83.400925
2020-09-02T06:06:06.665524482,17.955608,-83.39967
2020-09-02T06:06:06.667431831,17.976671,-83.40091
2020-09-02T06:06:06.671627998,17.92218,-83.38476
2020-09-02T06:06:06.673535346,17.967531,-83.395905
2020-09-02T06:06:06.675442695,18.003963,-83.41842
2020-09-02T06:06:06.689557075,17.92763,-83.374985
2020-09-02T06:06:06.691464424,17.965876,-83.39225
2020-09-02T06:06:06.693371772,18.010561,-83.42166
2020-09-02T06:06:06.705197334,17.897253,-83.31864
2020-09-02T06:06:06.707486152,17.897532,-83.35643
2020-09-02T06:06:06.709393501,17.926464,-83.3648
2020-09-02T06:06:06.711300849,17.968761,-83.39032
2020-09-02T06:06:06.713208198,17.944841,-83.379166
2020-09-02T06:06:06.715115547,17.949867,-83.37673
2020-09-02T06:06:06.717404365,18.001184,-83.40233
2020-09-02T06:06:06.719311714,17.976614,-83.40088
2020-09-02T06:06:06.729230880,17.914125,-83.3364
2020-09-02T06:06:06.731138229,17.9297,-83.35592
2020-09-02T06:06:06.733045578,17.933395,-83.36321
2020-09-02T06:06:06.735334396,17.988604,-83.39976
2020-09-02T06:06:06.737241744,17.977934,-83.38247
2020-09-02T06:06:06.739149093,17.939442,-83.358795
2020-09-02T06:06:06.741056442,17.976625,-83.40086
2020-09-02T06:06:06.765089035,17.9325,-83.32069
2020-09-02T06:06:06.766996383,17.932093,-83.34625
2020-09-02T06:06:06.768903732,17.95281,-83.37054
2020-09-02T06:06:06.770811080,18.02176,-83.42067
2020-09-02T06:06:06.773099899,17.97667,-83.40088
2020-09-02T06:06:06.890213012,18.018324,-83.42246
2020-09-02T06:06:06.900131225,17.974337,-83.391335
2020-09-02T06:06:06.902038574,17.95536,-83.37888
2020-09-02T06:06:06.903945922,17.998539,-83.41249
2020-09-02T06:06:06.906234741,17.943419,-83.36912
2020-09-02T06:06:06.945908546,17.93855,-83.36507
2020-09-02T06:06:06.947815895,17.962332,-83.36473
2020-09-02T06:06:06.949723243,17.967718,-83.37994
2020-09-02T06:06:06.952012062,17.973953,-83.38558
2020-09-02T06:06:06.953919410,17.983906,-83.37631
2020-09-02T06:06:06.955826759,17.985891,-83.38788
2020-09-02T06:06:06.957734107,17.96733,-83.37029
2020-09-02T06:06:07.216374397,18.017546,-83.40335
2020-09-02T06:06:07.218281745,17.976715,-83.40093
2020-09-02T06:06:07.311743736,17.991112,-83.401764
2020-09-02T06:06:07.313651084,17.96935,-83.39546
2020-09-02T06:06:07.315558433,17.934477,-83.37607
2020-09-02T06:06:10.548563957,17.157404,-83.51886
2020-09-02T06:06:10.550471305,17.192446,-83.509605
2020-09-02T06:06:10.552378654,17.157503,-83.50762
2020-09-02T06:06:10.554286003,17.114265,-83.50517
2020-09-02T06:06:10.558482170,17.147394,-83.507095
2020-09-02T06:06:10.560389518,17.114307,-83.505226
2020-09-02T06:06:10.564205169,17.158396,-83.517265
2020-09-02T06:06:10.568401336,17.160069,-83.50781
2020-09-02T06:06:10.570308685,17.19249,-83.50966
2020-09-02T06:06:10.574123382,17.164038,-83.50832
2020-09-02T06:06:10.576030731,17.159754,-83.508965
2020-09-02T06:06:10.578319549,17.162216,-83.50794
2020-09-02T06:06:10.580226898,17.169401,-83.500984
2020-09-02T06:06:10.582134246,17.166433,-83.50817
2020-09-02T06:06:10.586330413,17.170599,-83.495224
2020-09-02T06:06:10.588237762,17.156311,-83.493324
2020-09-02T06:06:10.590145111,17.192482,-83.50955
2020-09-02T06:06:10.617992401,17.192307,-83.47849
2020-09-02T06:06:10.619899749,17.170155,-83.479065
2020-09-02T06:06:10.621807098,17.192566,-83.50967
2020-09-02T06:06:10.626004219,17.171946,-83.465256
2020-09-02T06:06:10.627911567,17.163422,-83.479546
2020-09-02T06:06:10.629818916,17.169992,-83.46929
2020-09-02T06:06:10.631726264,17.167799,-83.47033
2020-09-02T06:06:10.634015083,17.17069,-83.462074
2020-09-02T06:06:10.635922431,17.171936,-83.456856
2020-09-02T06:06:10.637829780,17.192087,-83.46085
2020-09-02T06:06:10.639737129,17.178467,-83.44421
2020-09-02T06:06:10.641644477,17.192022,-83.45797
2020-09-02T06:06:10.645840644,17.191818,-83.43227
2020-09-02T06:06:10.647747993,17.191814,-83.43229
2020-09-02T06:06:10.649655342,17.174784,-83.45147
2020-09-02T06:06:10.651944160,17.174992,-83.469025
2020-09-02T06:06:10.653851509,17.167292,-83.484985
2020-09-02T06:06:10.655758857,17.154362,-83.5039
2020-09-02T06:06:10.657666206,17.172853,-83.452545
2020-09-02T06:06:10.659573554,17.155384,-83.50022
2020-09-02T06:06:10.661862373,17.146807,-83.50698
2020-09-02T06:06:10.663769721,17.173367,-83.44962
2020-09-02T06:06:10.665677070,17.135586,-83.51626
2020-09-02T06:06:10.669491767,17.11429,-83.50511
2020-09-02T06:06:10.671780586,17.146498,-83.4749
2020-09-02T06:06:10.673687934,17.129927,-83.51486
2020-09-02T06:06:10.675595283,17.191677,-83.40601
2020-09-02T06:06:10.677502632,17.11426,-83.505165
2020-09-02T06:06:10.681698799,17.114248,-83.50518
2020-09-02T06:06:10.683606147,17.114138,-83.488846
2020-09-02T06:06:10.685513496,17.114367,-83.517136
2020-09-02T06:06:10.689710617,17.1143,-83.50512
2020-09-02T06:06:10.695432662,17.114532,-83.53473
2020-09-02T06:06:10.697340011,17.114128,-83.48245
2020-09-02T06:06:10.703443527,17.191883,-83.43235
2020-09-02T06:06:10.705350875,17.167997,-83.43896
2020-09-02T06:06:10.707258224,17.167194,-83.43091
2020-09-02T06:06:10.709547042,17.133392,-83.49831
2020-09-02T06:06:10.711454391,17.114458,-83.535904
2020-09-02T06:06:10.715269088,17.145731,-83.47556
2020-09-02T06:06:10.717176437,17.131529,-83.544395
2020-09-02T06:06:10.725187301,17.132072,-83.5644
2020-09-02T06:06:10.727476119,17.130482,-83.557846
2020-09-02T06:06:10.777068138,17.19153,-83.386894
2020-09-02T06:06:10.778975486,17.191545,-83.389786
2020-09-02T06:06:10.785079002,17.19187,-83.43228
2020-09-02T06:06:10.814834594,17.191685,-83.401825
2020-09-02T06:06:10.816741943,17.191628,-83.39589
2020-09-02T06:06:10.822845458,17.24271,-83.41088
2020-09-02T06:06:10.824752807,17.191654,-83.40046
2020-09-02T06:06:10.826660156,17.19169,-83.4045
2020-09-02T06:06:10.828567504,17.191654,-83.39889
2020-09-02T06:06:10.830856323,17.191914,-83.43219
2020-09-02T06:06:10.832763671,17.222553,-83.40346
2020-09-02T06:06:10.834671020,17.225706,-83.401505
2020-09-02T06:06:10.836578369,17.191603,-83.39645
2020-09-02T06:06:10.838485717,17.19186,-83.43228
2020-09-02T06:06:10.888459205,17.19157,-83.39402
2020-09-02T06:06:11.063175201,17.16096,-83.48465
2020-09-02T06:06:11.065464019,17.162569,-83.4662
2020-09-02T06:06:11.067371368,17.167646,-83.44947
2020-09-02T06:06:11.069278717,17.17234,-83.467094
2020-09-02T06:06:11.071186065,17.165585,-83.469925
2020-09-02T06:06:11.073093414,17.192114,-83.46222
2020-09-02T06:06:11.075382232,17.175102,-83.43584
2020-09-02T06:06:11.077289581,17.153585,-83.4681
2020-09-02T06:06:11.218435287,17.144115,-83.525635
2020-09-02T06:06:11.220342636,17.14699,-83.50685
2020-09-02T06:06:11.222249984,17.141241,-83.50652
2020-09-02T06:06:11.224157333,17.114244,-83.50499
2020-09-02T06:06:11.250097274,17.139427,-83.50647
2020-09-02T06:06:11.254293441,17.114283,-83.50503
2020-09-02T06:06:11.260015487,17.114237,-83.505
2020-09-02T06:06:11.261922836,17.137691,-83.50634
2020-09-02T06:06:11.264211654,17.114191,-83.505005
2020-09-02T06:06:11.266119003,17.136387,-83.50628
2020-09-02T06:06:11.268026351,17.114141,-83.50502
2020-09-02T06:06:11.269933700,17.114119,-83.50503
2020-09-02T06:06:11.272222518,17.114134,-83.50503
2020-09-02T06:06:11.274129867,17.114172,-83.50503
2020-09-02T06:06:11.276039123,17.138796,-83.506424
2020-09-02T06:06:11.277946472,17.114246,-83.50502
2020-09-02T06:06:11.303886413,17.113594,-83.42779
2020-09-02T06:06:14.579998016,19.53744,-78.82731
2020-09-02T06:06:14.581905364,19.537443,-78.82644
2020-09-02T06:06:14.584194183,19.537447,-78.82279
2020-09-02T06:06:14.586101531,19.542116,-78.82292
2020-09-02T06:06:14.588008880,19.537476,-78.82278
2020-09-02T06:06:14.589916229,19.54355,-78.82295
2020-09-02T06:06:14.591823577,19.542183,-78.82292
2020-09-02T06:06:14.594112396,19.537502,-78.8228
2020-09-02T06:06:14.596019744,19.537508,-78.82282
2020-09-02T06:06:14.597927093,19.537512,-78.82284
2020-09-02T06:06:14.599834442,19.537518,-78.82286
2020-09-02T06:06:14.663541793,19.537502,-78.82282
2020-09-02T06:06:14.665449142,19.537525,-78.82284
2020-09-02T06:06:14.667737960,19.537548,-78.82285
2020-09-02T06:06:14.669645309,19.537607,-78.83543
2020-09-02T06:06:14.671552658,19.537607,-78.83775
2020-09-02T06:06:14.673460006,19.537567,-78.8377
2020-09-02T06:06:14.675367355,19.537537,-78.841896
2020-09-02T06:06:14.677656173,19.53749,-78.83996
2020-09-02T06:06:14.679563522,19.537447,-78.83862
2020-09-02T06:06:14.681470870,19.53739,-78.82291
2020-09-02T06:06:14.709318161,19.537539,-78.82277
2020-09-02T06:06:14.711225509,19.537546,-78.82276
2020-09-02T06:06:14.713132858,19.537521,-78.81606
2020-09-02T06:06:14.715421676,19.537535,-78.82282
2020-09-02T06:06:14.717329025,19.537529,-78.82285
2020-09-02T06:06:14.719236373,19.537523,-78.82288
2020-09-02T06:06:14.721143722,19.537521,-78.8229
2020-09-02T06:06:14.723051071,19.537525,-78.82289
2020-09-02T06:06:14.725339889,19.53753,-78.822876
2020-09-02T06:06:14.727247238,19.537535,-78.82287
2020-09-02T06:06:14.729154586,19.537539,-78.82286
2020-09-02T06:06:14.731061935,19.537539,-78.82286
2020-09-02T06:06:14.733350753,19.537521,-78.82287
2020-09-02T06:06:14.735258102,19.537502,-78.822876
2020-09-02T06:06:14.842453002,19.546202,-78.81344
2020-09-02T06:06:14.934007644,19.542439,-78.8064
2020-09-02T06:06:14.935914993,19.537437,-78.82293
2020-09-02T06:06:15.353248596,18.38439,-82.98675
2020-09-02T06:06:15.450906753,18.447197,-82.99803
2020-09-02T06:06:15.452814102,18.412733,-82.98185
2020-09-02T06:06:15.601970672,18.404396,-82.990944
2020-09-02T06:06:15.657667160,18.368464,-83.034935
2020-09-02T06:06:15.667585372,18.389185,-82.988464
2020-09-02T06:06:15.669492721,18.380285,-82.99071
2020-09-02T06:06:15.719083786,18.387342,-82.97639
2020-09-02T06:06:15.721372604,18.371016,-82.98048
2020-09-02T06:06:15.802627563,18.363796,-82.967804
2020-09-02T06:06:18.757156372,18.333607,-83.18846
2020-09-02T06:06:18.759063720,18.323414,-83.18784
2020-09-02T06:06:18.775085449,18.325575,-83.18806
2020-09-02T06:06:18.786911010,18.344072,-83.173546
2020-09-02T06:06:18.788818359,18.31946,-83.187645
2020-09-02T06:06:18.878465652,18.322357,-83.174545
2020-09-02T06:06:22.202259540,18.055807,-83.41683
2020-09-02T06:06:22.204166889,18.055775,-83.41557
2020-09-02T06:06:22.262151241,18.055693,-83.40538
2020-09-02T06:06:22.264058589,18.055687,-83.40536
2020-09-02T06:06:22.353323936,18.055738,-83.40537
2020-09-02T06:06:22.434959411,18.063831,-83.41307
2020-09-02T06:06:22.436866760,18.055824,-83.40541
2020-09-02T06:06:22.441062927,18.05584,-83.405426
2020-09-02T06:06:22.442970752,18.055824,-83.40542
2020-09-02T06:06:22.444878101,18.055809,-83.40541
2020-09-02T06:06:22.446785449,18.063711,-83.40406
2020-09-02T06:06:22.448692798,18.055777,-83.405396
2020-09-02T06:06:22.520410060,18.05587,-83.40548
2020-09-02T06:06:22.536432266,18.055784,-83.40531
2020-09-02T06:06:22.605860710,18.055775,-83.405426
2020-09-02T06:06:23.341345787,19.459316,-79.285675
2020-09-02T06:06:23.343634605,19.459322,-79.285706
2020-09-02T06:06:23.345541954,19.459328,-79.285736
2020-09-02T06:06:23.347449302,19.459333,-79.28577
2020-09-02T06:06:23.349356651,19.45934,-79.2858
2020-09-02T06:06:23.351645469,19.459337,-79.28581
2020-09-02T06:06:23.355460166,19.459314,-79.28582
2020-09-02T06:06:23.381400108,19.459341,-79.28576
2020-09-02T06:06:26.168460845,18.10752,-83.28358
2020-09-02T06:06:26.170750617,18.099516,-83.284355
2020-09-02T06:06:26.182576179,18.134268,-83.255264
2020-09-02T06:06:26.184483528,18.100435,-83.28687
2020-09-02T06:06:26.186390876,18.113249,-83.2905
2020-09-02T06:06:26.210423469,18.111338,-83.29147
2020-09-02T06:06:26.226063728,18.107843,-83.288704
2020-09-02T06:06:26.228352546,18.11061,-83.29039
2020-09-02T06:06:26.242086410,18.13475,-83.2983
2020-09-02T06:06:26.258108139,18.111256,-83.299194
2020-09-02T06:06:26.260015487,18.110943,-83.30013
2020-09-02T06:06:26.261922836,18.134573,-83.29408
2020-09-02T06:06:26.284048080,18.134624,-83.30221
2020-09-02T06:06:26.285955429,18.119104,-83.29595
2020-09-02T06:06:26.301596641,18.134605,-83.298416
2020-09-02T06:06:26.331732749,18.134895,-83.33296
2020-09-02T06:06:26.363395690,18.100147,-83.30099
2020-09-02T06:06:26.365303039,18.10382,-83.29673
2020-09-02T06:06:26.411079406,18.095972,-83.298935
2020-09-02T06:06:26.412986755,18.096329,-83.30422
2020-09-02T06:06:26.415275573,18.093887,-83.30242
2020-09-02T06:06:26.417182922,18.097136,-83.29873
2020-09-02T06:06:26.432824134,18.056091,-83.32835
2020-09-02T06:06:26.435112953,18.080112,-83.31515
2020-09-02T06:06:26.437020301,18.09805,-83.303604
2020-09-02T06:06:26.438927650,18.056105,-83.32834
2020-09-02T06:06:26.635768890,18.095219,-83.300575
2020-09-02T06:06:26.637676239,18.09746,-83.30033
2020-09-02T06:06:26.643779754,18.105703,-83.302666
2020-09-02T06:06:26.645687103,18.097765,-83.29754
2020-09-02T06:06:26.747159957,18.410572,-83.21127
2020-09-02T06:06:26.808577537,18.450186,-83.234665
2020-09-02T06:06:26.997407913,18.39658,-83.21045
2020-09-02T06:06:27.228200912,18.261324,-83.236176
2020-09-02T06:06:31.156637191,19.653341,-78.29025
2020-09-02T06:06:31.158544540,19.652618,-78.284775
2020-09-02T06:06:31.160451889,19.653315,-78.28477
2020-09-02T06:06:31.162740707,19.654068,-78.28479
2020-09-02T06:06:31.164648056,19.654415,-78.2962
2020-09-02T06:06:31.166555404,19.652374,-78.28476
2020-09-02T06:06:31.168462753,19.648176,-78.297775
2020-09-02T06:06:31.170370101,19.616325,-78.283844
2020-09-02T06:06:31.180669784,19.654137,-78.30827
2020-09-02T06:06:31.184484481,19.661575,-78.32448
2020-09-02T06:06:31.190587997,19.669706,-78.33329
2020-09-02T06:06:31.194402694,19.696285,-78.36336
2020-09-02T06:06:31.198217391,19.696295,-78.36341
2020-09-02T06:06:31.200506210,19.66904,-78.33637
2020-09-02T06:06:31.202413558,19.680624,-78.33033
2020-09-02T06:06:31.204320907,19.696287,-78.35287
2020-09-02T06:06:31.206228256,19.696293,-78.354355
2020-09-02T06:06:31.208135604,19.656965,-78.32434
2020-09-02T06:06:31.210424423,19.696321,-78.363396
2020-09-02T06:06:31.214239120,19.696302,-78.3634
2020-09-02T06:06:31.220342636,19.616186,-78.28391
2020-09-02T06:06:31.226064682,19.635925,-78.2844
2020-09-02T06:06:31.228353500,19.69622,-78.363396
2020-09-02T06:06:31.232168197,19.616125,-78.28389
2020-09-02T06:06:31.234075546,19.616135,-78.2839
2020-09-02T06:06:31.238271713,19.616152,-78.283905
2020-09-02T06:06:31.243993759,19.616186,-78.28391
2020-09-02T06:06:31.250097274,19.616224,-78.283905
2020-09-02T06:06:31.253911972,19.616209,-78.2839
2020-09-02T06:06:31.256200790,19.651924,-78.34141
2020-09-02T06:06:31.258108139,19.651842,-78.34266
2020-09-02T06:06:31.260015487,19.648615,-78.34346
2020-09-02T06:06:31.261922836,19.647034,-78.34519
2020-09-02T06:06:31.266119003,19.616348,-78.36131
2020-09-02T06:06:31.268026351,19.63185,-78.361725
2020-09-02T06:06:31.269933700,19.62365,-78.36152
2020-09-02T06:06:31.271841049,19.634287,-78.3618
2020-09-02T06:06:31.287864685,19.616356,-78.36141
2020-09-02T06:06:31.289772033,19.635605,-78.36194
2020-09-02T06:06:31.293968200,19.696264,-78.36348
2020-09-02T06:06:31.299690246,19.616297,-78.361305
2020-09-02T06:06:31.301597595,19.654886,-78.36231
2020-09-02T06:06:31.303886413,19.696295,-78.36343
2020-09-02T06:06:31.305793762,19.69634,-78.36346
2020-09-02T06:06:31.307701110,19.696388,-78.36348
2020-09-02T06:06:31.311515808,19.696442,-78.36352
2020-09-02T06:06:31.313804626,19.63732,-78.36197
2020-09-02T06:06:31.335548400,19.63249,-78.356834
2020-09-02T06:06:31.337455749,19.61635,-78.361404
2020-09-02T06:06:31.345466613,19.631504,-78.34598
2020-09-02T06:06:31.347373962,19.64972,-78.34902
2020-09-02T06:06:31.349662780,19.62697,-78.29204
2020-09-02T06:06:31.359580993,19.616398,-78.36134
2020-09-02T06:06:31.361488342,19.632587,-78.35566
2020-09-02T06:06:31.365303039,19.616398,-78.36133
2020-09-02T06:06:31.371406555,19.65451,-78.362305
2020-09-02T06:06:31.373313903,19.616377,-78.3613
2020-09-02T06:06:31.375221252,19.616365,-78.36129
2020-09-02T06:06:31.377128601,19.662558,-78.36249
2020-09-02T06:06:31.379417419,19.616339,-78.361275
2020-09-02T06:06:31.389335632,19.616348,-78.3613
2020-09-02T06:06:31.391242980,19.616352,-78.3613
2020-09-02T06:06:31.395057678,19.616352,-78.3613
2020-09-02T06:06:31.397346496,19.657558,-78.36237
2020-09-02T06:06:31.403070449,19.616373,-78.361305
2020-09-02T06:06:31.404977798,19.696321,-78.36341
2020-09-02T06:06:31.409173965,19.696356,-78.363434
2020-09-02T06:06:31.411081314,19.616465,-78.376816
2020-09-02T06:06:31.412988662,19.616423,-78.36735
2020-09-02T06:06:31.419092178,19.616343,-78.36133
2020-09-02T06:06:31.427103042,19.616344,-78.37558
2020-09-02T06:06:31.438928604,19.616373,-78.38011
2020-09-02T06:06:31.440835952,19.616337,-78.361336
2020-09-02T06:06:31.445032119,19.600138,-78.38219
2020-09-02T06:06:31.446939468,19.616314,-78.36129
2020-09-02T06:06:31.448846817,19.59645,-78.37193
2020-09-02T06:06:31.498437881,19.638935,-78.29139
2020-09-02T06:06:31.500726699,19.639608,-78.292274
2020-09-02T06:06:31.558330535,19.616125,-78.28389
2020-09-02T06:06:31.564052581,19.61622,-78.31303
2020-09-02T06:06:31.566341400,19.616251,-78.315155
2020-09-02T06:06:31.570156097,19.616238,-78.28389
2020-09-02T06:06:31.572063446,19.616222,-78.28388
2020-09-02T06:06:31.573970794,19.616196,-78.28388
2020-09-02T06:06:31.578166961,19.635408,-78.30571
2020-09-02T06:06:31.580074310,19.64536,-78.30993
2020-09-02T06:06:31.581981658,19.617819,-78.32299
2020-09-02T06:06:31.581981658,19.878647,-78.53106
2020-09-02T06:06:31.584270477,19.456596,-78.35714
2020-09-02T06:06:31.583889007,19.626253,-78.29205
2020-09-02T06:06:31.617839813,19.616272,-78.36137
2020-09-02T06:06:31.639583587,19.616282,-78.383865
2020-09-02T06:06:31.661710739,19.61625,-78.361336
2020-09-02T06:06:31.663618087,19.654953,-78.28492
2020-09-02T06:06:31.665525436,19.616247,-78.36136
2020-09-02T06:06:31.685361862,19.651386,-78.30737
2020-09-02T06:06:31.703290939,19.65134,-78.31267
2020-09-02T06:06:31.705198287,19.636032,-78.382484
2020-09-02T06:06:31.717405319,19.616295,-78.39533
2020-09-02T06:06:31.723127365,19.64214,-78.3061
2020-09-02T06:06:31.733045578,19.616232,-78.36138
2020-09-02T06:06:31.757078170,19.616302,-78.390144
2020-09-02T06:06:31.780731201,19.616241,-78.3614
2020-09-02T06:06:36.138708114,18.055193,-83.405655
2020-09-02T06:06:36.212331771,18.055138,-83.40568
2020-09-02T06:06:36.357294082,17.97639,-83.40097
2020-09-02T06:06:36.391244888,18.055244,-83.40562
2020-09-02T06:06:36.435113906,17.97636,-83.40096
2020-09-02T06:06:36.437021255,18.00385,-83.40258
2020-09-02T06:06:36.438928604,17.976357,-83.40094
2020-09-02T06:06:36.448846817,17.976389,-83.40094
2020-09-02T06:06:36.450754165,17.997034,-83.40217
2020-09-02T06:06:36.453042984,17.997564,-83.40343
2020-09-02T06:06:36.454950332,18.001293,-83.40244
2020-09-02T06:06:36.470590591,17.976336,-83.40099
2020-09-02T06:06:36.510646820,18.055195,-83.40569
2020-09-02T06:06:36.512554168,18.055197,-83.40569
2020-09-02T06:06:36.526287078,17.990915,-83.40185
2020-09-02T06:06:36.528575897,17.997768,-83.40356
2020-09-02T06:06:36.530483245,17.976301,-83.40096
2020-09-02T06:06:36.536205291,17.976328,-83.40096
2020-09-02T06:06:36.548412322,18.05519,-83.405594
2020-09-02T06:06:36.556423187,17.976398,-83.40094
2020-09-02T06:06:36.558330535,17.976404,-83.40095
2020-09-02T06:06:36.607923507,17.989508,-83.40176
2020-09-02T06:06:36.609830856,17.976282,-83.40098
2020-09-02T06:06:36.689558029,17.993677,-83.400024
2020-09-02T06:06:36.691465377,17.976248,-83.40097
2020-09-02T06:06:36.699476242,17.990307,-83.40169
2020-09-02T06:06:36.701383590,17.976372,-83.400986
2020-09-02T06:06:36.707487106,17.990704,-83.39939
2020-09-02T06:06:36.719312667,17.976349,-83.40088
2020-09-02T06:06:36.721221923,17.988377,-83.39574
2020-09-02T06:06:36.723129272,17.97633,-83.40089
2020-09-02T06:06:36.731140136,17.988834,-83.39749
2020-09-02T06:06:36.733047485,17.984251,-83.392845
2020-09-02T06:06:36.735336303,17.986757,-83.39494
2020-09-02T06:06:36.783020019,17.992443,-83.4019
2020-09-02T06:06:36.784927368,17.986885,-83.395584
2020-09-02T06:06:36.844438552,17.988094,-83.39819
2020-09-02T06:06:36.846345901,17.988384,-83.3948
2020-09-02T06:06:36.864274978,17.996101,-83.40221
2020-09-02T06:06:36.880296707,17.992483,-83.40193
2020-09-02T06:06:36.882204055,17.9898,-83.39186
2020-09-02T06:06:36.898225784,18.002256,-83.402565
2020-09-02T06:06:36.904329299,18.0066,-83.40283
2020-09-02T06:06:36.910051345,17.997812,-83.40232
2020-09-02T06:06:36.927980422,17.9955,-83.409645
2020-09-02T06:06:36.942094802,17.976393,-83.40103
2020-09-02T06:06:36.969944000,17.99142,-83.40187
2020-09-02T06:06:36.971851348,17.97636,-83.40098
2020-09-02T06:06:37.051197052,17.996387,-83.402214
2020-09-02T06:06:37.063404083,17.976412,-83.401024
2020-09-02T06:06:37.075229644,17.976374,-83.40105
2020-09-02T06:06:39.979782582,19.456678,-78.66658
2020-09-02T06:06:40.023652076,19.456633,-78.666595
2020-09-02T06:06:44.856566429,18.290255,-83.22814
2020-09-02T06:06:45.093081474,18.328564,-83.233444
2020-09-02T06:06:45.094988822,18.290255,-83.22877
2020-09-02T06:06:45.234227180,18.328772,-83.23131
2020-09-02T06:06:45.236134529,18.309423,-83.24405
2020-09-02T06:06:45.238041877,18.323977,-83.23748
2020-09-02T06:06:45.244146347,18.290249,-83.23231
2020-09-02T06:06:45.288015365,18.322704,-83.23388
2020-09-02T06:06:45.321585655,18.327576,-83.23274
2020-09-02T06:06:45.347525596,18.322306,-83.23428
2020-09-02T06:06:45.452813148,18.32901,-83.2242
2020-09-02T06:06:45.466927528,18.290266,-83.2247
2020-09-02T06:06:45.490579605,18.328917,-83.23257
2020-09-02T06:06:45.588236808,18.32747,-83.266136
2020-09-02T06:06:51.739149093,19.594458,-78.44599
2020-09-02T06:06:51.741056442,19.616188,-78.43803
2020-09-02T06:06:51.742963790,19.616188,-78.43805
2020-09-02T06:06:51.745252609,19.616188,-78.43807
2020-09-02T06:06:51.747159957,19.616188,-78.43809
2020-09-02T06:06:51.749067306,19.616188,-78.43811
2020-09-02T06:06:51.750974655,19.616182,-78.438126
2020-09-02T06:06:51.753263473,19.616163,-78.43811
2020-09-02T06:06:51.755170822,19.616142,-78.4381
2020-09-02T06:06:51.758985519,19.616102,-78.43808
2020-09-02T06:06:51.902040481,19.616098,-78.43814
2020-09-02T06:06:51.904329299,19.616123,-78.43813
2020-09-02T06:06:51.906236648,19.616175,-78.44926
2020-09-02T06:06:51.908143997,19.626024,-78.45714
2020-09-02T06:06:51.910051345,19.6175,-78.45235
2020-09-02T06:06:51.911958694,19.616224,-78.4477
2020-09-02T06:06:51.914247512,19.616194,-78.43809
2020-09-02T06:06:51.916154861,19.616184,-78.43809
2020-09-02T06:06:52.003511428,19.562796,-78.45315
2020-09-02T06:06:52.027545928,19.577553,-78.44462
2020-09-02T06:06:52.037464141,19.577858,-78.43706
2020-09-02T06:06:52.051197052,19.563734,-78.43988
2020-09-02T06:06:52.063404083,19.599968,-78.425064
2020-09-02T06:06:52.073322296,19.61543,-78.44975
2020-09-02T06:06:52.075229644,19.612837,-78.451126
2020-09-02T06:06:52.080951690,19.621859,-78.45205
2020-09-02T06:06:52.083240509,19.622458,-78.458206
2020-09-02T06:06:52.085147857,19.613443,-78.44657
2020-09-02T06:06:52.087055206,19.616255,-78.43802
2020-09-02T06:06:52.162588119,19.602802,-78.447205
2020-09-02T06:06:52.164495468,19.616623,-78.449135
2020-09-02T06:06:52.164495468,19.856527,-78.59962
2020-09-02T06:06:52.166402816,19.625658,-78.45847
2020-09-02T06:06:52.168691635,19.621948,-78.44169
2020-09-02T06:06:52.200353622,19.616205,-78.43809
2020-09-02T06:06:52.283897399,19.608946,-78.44455
2020-09-02T06:06:52.285804748,19.616173,-78.437904
2020-09-02T06:06:52.287712097,19.621998,-78.45007
2020-09-02T06:06:52.290000915,19.615211,-78.44792
2020-09-02T06:06:52.290000915,19.85652,-78.599495
2020-09-02T06:06:52.291908264,19.619133,-78.4475
2020-09-02T06:06:52.291908264,19.856499,-78.599495
2020-09-02T06:06:52.293815612,19.616257,-78.44611
2020-09-02T06:06:52.295722961,19.616076,-78.43791
2020-09-02T06:06:52.297630310,19.616043,-78.43792
2020-09-02T06:06:52.331581115,19.616005,-78.3605
2020-09-02T06:06:52.405206680,19.581934,-78.418106
2020-09-02T06:06:53.162435531,19.453705,-82.02352
2020-09-02T06:06:53.164342880,19.472542,-82.00567
2020-09-02T06:06:53.273826599,19.439898,-82.01772
2020-09-02T06:06:57.446786880,18.054785,-83.405106
2020-09-02T06:06:57.597852706,18.054827,-83.40517
2020-09-02T06:06:57.653547286,18.054789,-83.40518
2020-09-02T06:06:57.657743453,18.054756,-83.40516
2020-09-02T06:06:57.669569015,18.054832,-83.40523
2020-09-02T06:06:57.679487228,18.054775,-83.40524
2020-09-02T06:06:57.723358154,18.054785,-83.405205
2020-09-02T06:06:57.731369018,18.054853,-83.405174
2020-09-02T06:06:57.735183715,18.054836,-83.40519
2020-09-02T06:06:57.747009277,18.054794,-83.405235
2020-09-02T06:06:57.749298095,18.054789,-83.40524
2020-09-02T06:06:57.756927490,18.05476,-83.40521
2020-09-02T06:06:57.784774780,18.054752,-83.40526
2020-09-02T06:06:57.802703857,18.054768,-83.40527
2020-09-02T06:06:57.840471267,18.054739,-83.405235
2020-09-02T06:06:57.848482131,18.054752,-83.40524
2020-09-02T06:06:57.850389480,18.054756,-83.40524
2020-09-02T06:06:57.860307693,18.054848,-83.40531
2020-09-02T06:06:57.862596511,18.054825,-83.405304
2020-09-02T06:06:57.884340286,18.054747,-83.40521
2020-09-02T06:06:57.886247634,18.054747,-83.4052
2020-09-02T06:06:57.888154983,18.054745,-83.40518
2020-09-02T06:06:57.890443801,18.054743,-83.40517
2020-09-02T06:06:57.912187576,18.05475,-83.40525
2020-09-02T06:06:57.941942214,18.05469,-83.40522
2020-09-02T06:06:57.979709625,18.054762,-83.40525
2020-09-02T06:06:57.981616973,18.054764,-83.40525
2020-09-02T06:06:58.039218902,18.054712,-83.40524
2020-09-02T06:06:58.041507720,18.054714,-83.405235
2020-09-02T06:06:58.049137115,18.05476,-83.40529
2020-09-02T06:06:58.076984405,18.054722,-83.40529
2020-09-02T06:06:58.081180572,18.054708,-83.405235
2020-09-02T06:06:58.083089828,18.054707,-83.40525
2020-09-02T06:06:58.084997177,18.054705,-83.405266
2020-09-02T06:06:58.087285995,18.054703,-83.40529
2020-09-02T06:06:58.134969711,18.054743,-83.40529
2020-09-02T06:06:58.136877059,18.039663,-83.40439
2020-09-02T06:06:58.162817001,18.054764,-83.40529
2020-09-02T06:06:58.164724349,18.054775,-83.405304
2020-09-02T06:06:58.166631698,18.054787,-83.40533
2020-09-02T06:06:58.168539047,18.0548,-83.40534
2020-09-02T06:06:58.206306457,18.078144,-83.4066
2020-09-02T06:06:58.208213806,18.068201,-83.406006
2020-09-02T06:06:58.293663024,18.063786,-83.402115
2020-09-02T06:06:58.295951843,18.054668,-83.40526
2020-09-02T06:06:58.297859191,18.054655,-83.40527
2020-09-02T06:06:58.395135879,18.062466,-83.401276
2020-09-02T06:06:58.452737808,18.053804,-83.29142
2020-09-02T06:06:58.455028533,18.053785,-83.290215
2020-09-02T06:06:58.462657928,18.054058,-83.32768
2020-09-02T06:06:58.466854095,18.075249,-83.28277
2020-09-02T06:06:58.468761444,18.068691,-83.282364
2020-09-02T06:06:58.476772308,18.053446,-83.250015
2020-09-02T06:06:58.478679656,18.075798,-83.27672
2020-09-02T06:06:58.480587005,18.053669,-83.28009
2020-09-02T06:06:58.486690521,18.053425,-83.25
2020-09-02T06:06:58.548488616,18.05363,-83.27188
2020-09-02T06:06:58.552303314,18.05346,-83.250046
2020-09-02T06:06:58.554210662,18.082262,-83.265396
2020-09-02T06:06:58.556118011,18.08469,-83.27679
2020-09-02T06:06:58.570232391,18.132397,-83.25468
2020-09-02T06:06:58.582059860,18.092257,-83.25229
2020-09-02T06:06:58.583967208,18.08644,-83.26075
2020-09-02T06:06:58.586256027,18.053783,-83.28101
2020-09-02T06:06:58.606092453,18.053524,-83.24994
2020-09-02T06:06:58.614103317,18.053492,-83.24994
2020-09-02T06:06:58.616010665,18.08735,-83.24827
2020-09-02T06:06:58.617918014,18.085232,-83.25519
2020-09-02T06:06:58.619825363,18.053682,-83.27343
2020-09-02T06:06:58.659498214,18.053534,-83.25009
2020-09-02T06:06:58.661787033,18.070494,-83.27468
2020-09-02T06:06:58.663694381,18.053537,-83.25008
2020-09-02T06:06:58.727401733,18.076643,-83.251335
2020-09-02T06:07:00.112917423,18.369312,-83.22328
2020-09-02T06:07:00.114824771,18.33336,-83.22374
2020-09-02T06:07:00.116732120,18.290384,-83.22885
2020-09-02T06:07:00.142672538,18.349482,-83.21627
2020-09-02T06:07:00.263981819,18.339096,-83.22438
2020-09-02T06:07:09.420922279,18.342142,-83.09803
2020-09-02T06:07:09.423211097,18.352345,-83.10286
2020-09-02T06:07:09.562067985,18.341602,-83.10763
2020-09-02T06:07:09.564356803,18.290083,-83.10827
2020-09-02T06:07:12.051197052,18.291658,-83.23944
2020-09-02T06:07:12.053104400,18.291845,-83.26384
2020-09-02T06:07:12.055393218,18.31464,-83.24353
2020-09-02T06:07:12.134738922,18.32454,-83.24139
2020-09-02T06:07:12.136646270,18.29176,-83.26378
2020-09-02T06:07:12.140842437,18.322111,-83.23674
2020-09-02T06:07:12.158773422,18.37085,-83.26852
2020-09-02T06:07:12.349510192,18.291813,-83.26394
2020-09-02T06:07:12.351417541,18.291811,-83.26395
2020-09-02T06:07:12.361335754,18.291882,-83.26391
2020-09-02T06:07:12.371253967,18.291828,-83.263954
2020-09-02T06:07:12.387275695,18.314215,-83.24687
2020-09-02T06:07:12.405206680,18.291931,-83.263916
2020-09-02T06:07:15.474939346,18.055851,-83.40522
2020-09-02T06:07:15.540554046,18.055857,-83.405235
2020-09-02T06:07:15.542461395,18.0442,-83.40456
2020-09-02T06:07:15.544368743,18.055878,-83.40526
2020-09-02T06:07:15.564205169,18.045918,-83.40467
2020-09-02T06:07:15.566112518,18.050821,-83.40771
2020-09-02T06:07:15.598155975,18.045986,-83.41101
2020-09-02T06:07:15.600063323,18.05593,-83.40524
2020-09-02T06:07:15.709547042,18.041857,-83.40833
2020-09-02T06:07:15.715269088,18.055822,-83.40518
2020-09-02T06:07:15.753036499,18.055866,-83.405205
2020-09-02T06:07:15.754943847,18.055868,-83.40521
2020-09-02T06:07:15.848403930,18.041634,-83.408264
2020-09-02T06:07:15.850692749,18.034058,-83.40932
2020-09-02T06:07:15.852600097,18.037193,-83.408775
2020-09-02T06:07:15.854509353,18.055851,-83.40521
2020-09-02T06:07:15.860612869,18.055878,-83.40518
2020-09-02T06:07:15.936143875,18.031311,-83.41106
2020-09-02T06:07:15.938051223,18.025927,-83.43309
2020-09-02T06:07:15.983829498,18.055702,-83.40516
2020-09-02T06:07:15.985736846,18.031908,-83.407265
2020-09-02T06:07:15.989551544,18.055754,-83.4052
2020-09-02T06:07:16.005573272,18.055695,-83.40511
2020-09-02T06:07:16.077289581,18.055706,-83.40519
2020-09-02T06:07:16.095218658,18.055748,-83.40517
2020-09-02T06:07:16.099033355,18.055775,-83.40517
2020-09-02T06:07:16.781112670,18.2099,-82.98914
2020-09-02T06:07:16.808959960,18.258198,-82.99566
2020-09-02T06:07:16.810867309,18.25476,-83.0053
2020-09-02T06:07:27.520410537,18.33501,-83.16934
2020-09-02T06:07:27.522317886,18.342537,-83.174095
2020-09-02T06:07:27.524606704,18.327236,-83.1746
2020-09-02T06:07:27.546351432,18.327068,-83.17132
2020-09-02T06:07:27.550166130,18.314062,-83.187096
2020-09-02T06:07:27.552454948,18.304037,-83.17557
2020-09-02T06:07:27.554362297,18.290321,-83.18568
2020-09-02T06:07:27.576106071,18.306322,-83.174194
2020-09-02T06:07:27.578013420,18.306131,-83.174515
2020-09-02T06:07:27.580302238,18.313341,-83.17329
2020-09-02T06:07:27.582209587,18.290411,-83.18581
2020-09-02T06:07:30.114826202,18.3696,-83.268394
2020-09-02T06:07:30.260169029,18.348724,-83.243866
2020-09-02T06:07:30.262076377,18.342026,-83.26677
2020-09-02T06:07:30.313574790,18.352951,-83.24596
2020-09-02T06:07:30.323875427,18.335672,-83.26631
2020-09-02T06:07:30.383385658,18.33605,-83.25574
2020-09-02T06:07:30.409325599,18.3696,-83.2684
2020-09-02T06:07:30.442895889,18.340658,-83.2667
2020-09-02T06:07:30.462732315,18.32457,-83.26578
2020-09-02T06:07:30.476846694,18.331024,-83.266106
2020-09-02T06:07:30.534449577,18.329905,-83.266
2020-09-02T06:07:30.564205169,18.33091,-83.266106
2020-09-02T06:07:30.570308685,18.325172,-83.26574
2020-09-02T06:07:30.572216033,18.331964,-83.256836
2020-09-02T06:07:30.603878021,18.326893,-83.26584
2020-09-02T06:07:30.606166839,18.325077,-83.26573
2020-09-02T06:07:30.647747993,18.325048,-83.26577
2020-09-02T06:07:30.673687934,18.327446,-83.26592
2020-09-02T06:07:30.675595283,18.331678,-83.266174
2020-09-02T06:07:30.683606147,18.29056,-83.263725
2020-09-02T06:07:30.687421798,18.325628,-83.265755
2020-09-02T06:07:30.741209030,18.323069,-83.26567
2020-09-02T06:07:30.743116378,18.332659,-83.25603
2020-09-02T06:07:30.749220848,18.327085,-83.26592
2020-09-02T06:07:30.757231712,18.327135,-83.26591
2020-09-02T06:07:30.798811912,18.32271,-83.26565
2020-09-02T06:07:30.800719261,18.318848,-83.25264
2020-09-02T06:07:30.838485717,18.324244,-83.26574
2020-09-02T06:07:30.840774536,18.290514,-83.263756
2020-09-02T06:07:30.860610961,18.324831,-83.26576
2020-09-02T06:07:30.892273902,18.290514,-83.26376
2020-09-02T06:07:30.951784133,18.341858,-83.26673
2020-09-02T06:07:31.005571365,18.3345,-83.26632
2020-09-02T06:07:31.077289581,18.336683,-83.26645
2020-09-02T06:07:32.433053970,18.054901,-83.40504
2020-09-02T06:07:32.434961318,18.054905,-83.40502
2020-09-02T06:07:32.474634170,18.054876,-83.40498
2020-09-02T06:07:32.476922988,18.054867,-83.404976
2020-09-02T06:07:32.478830337,18.05486,-83.404976
2020-09-02T06:07:32.480737686,18.05485,-83.40497
2020-09-02T06:07:32.482645034,18.054844,-83.40497
2020-09-02T06:07:32.566188812,18.05482,-83.40496
2020-09-02T06:07:32.608150482,18.054937,-83.41428
2020-09-02T06:07:32.610057830,18.054895,-83.41113
2020-09-02T06:07:32.611965179,18.058035,-83.41224
2020-09-02T06:07:32.613872528,18.05488,-83.40499
2020-09-02T06:07:32.685590744,18.054762,-83.38858
2020-09-02T06:07:32.687498092,18.054792,-83.39359
2020-09-02T06:07:32.689405441,18.054796,-83.395294
2020-09-02T06:07:32.691694259,18.054785,-83.39402
2020-09-02T06:07:32.693601608,18.054806,-83.39532
2020-09-02T06:07:32.695508956,18.05467,-83.395775
2020-09-02T06:07:32.697416305,18.054785,-83.39009
2020-09-02T06:07:32.699323654,18.054827,-83.39397
2020-09-02T06:07:32.719160079,18.054804,-83.40487
2020-09-02T06:07:32.721448898,18.054808,-83.40486
2020-09-02T06:07:32.810714721,18.052849,-83.396965
2020-09-02T06:07:32.812622070,18.042717,-83.40103
2020-09-02T06:07:32.816818237,18.054861,-83.40488
2020-09-02T06:07:32.818725585,18.05486,-83.40486
2020-09-02T06:07:32.836654663,18.047335,-83.399925
2020-09-02T06:07:32.928209304,18.050104,-83.39882
2020-09-02T06:07:32.933931350,18.05478,-83.38901
2020-09-02T06:07:32.936220169,18.054914,-83.40493
2020-09-02T06:07:32.941942214,18.05494,-83.40492
2020-09-02T06:07:32.956056594,18.053743,-83.39541
2020-09-02T06:07:33.029300689,18.054956,-83.40488
2020-09-02T06:07:33.031589508,18.044239,-83.39764
2020-09-02T06:07:33.057147979,18.048193,-83.39538
2020-09-02T06:07:33.063251495,18.054853,-83.39371
2020-09-02T06:07:33.065158843,18.04422,-83.38658
2020-09-02T06:07:33.067447662,18.054777,-83.382706
2020-09-02T06:07:33.069355010,18.048971,-83.38592
2020-09-02T06:07:33.075077056,18.05493,-83.40485
2020-09-02T06:07:33.077365875,18.012465,-83.41735
2020-09-02T06:07:33.087284088,17.976133,-83.40023
2020-09-02T06:07:33.184560775,18.043474,-83.38863
2020-09-02T06:07:33.186468124,18.03641,-83.387436
2020-09-02T06:07:39.428931714,18.085154,-83.29332
2020-09-02T06:07:39.443046570,18.08684,-83.29213
2020-09-02T06:07:39.444953919,18.094273,-83.292366
2020-09-02T06:07:39.446861268,18.094254,-83.293655
2020-09-02T06:07:39.478905201,18.05423,-83.29217
2020-09-02T06:07:39.486916066,18.106539,-83.30123
2020-09-02T06:07:39.488823414,18.096964,-83.30367
2020-09-02T06:07:39.520485878,18.11473,-83.31193
2020-09-02T06:07:39.522393227,18.104593,-83.30358
2020-09-02T06:07:39.576181412,18.133215,-83.314735
2020-09-02T06:07:39.578088761,18.10575,-83.30107
2020-09-02T06:07:39.643702508,18.085234,-83.293396
2020-09-02T06:07:39.645609856,18.083153,-83.29272
2020-09-02T06:07:39.852369786,18.09404,-83.29655
2020-09-02T06:07:39.854658604,18.086445,-83.30083
2020-09-02T06:07:39.894331933,18.07891,-83.34857
2020-09-02T06:07:39.973679066,18.06812,-83.317986
2020-09-02T06:07:39.985886097,18.055912,-83.31227
2020-09-02T06:07:39.987793446,18.077532,-83.30542
2020-09-02T06:07:39.989700795,18.074589,-83.30289
2020-09-02T06:07:39.991608143,18.07599,-83.30231
2020-09-02T06:07:39.993896962,18.077534,-83.310684
2020-09-02T06:07:40.043488979,18.036762,-83.306595
2020-09-02T06:07:40.117113590,18.057861,-83.305435
2020-09-02T06:07:40.122836112,18.035069,-83.308235
2020-09-02T06:07:40.124743461,18.070198,-83.31453
2020-09-02T06:07:40.127032279,18.07697,-83.322945
2020-09-02T06:07:40.162509441,18.054308,-83.32749
2020-09-02T06:07:40.214390277,18.02151,-83.31545
2020-09-02T06:07:40.216297626,18.02553,-83.3258
2020-09-02T06:07:40.224308490,18.043829,-83.314644
2020-09-02T06:07:40.226215839,18.094028,-83.30323
2020-09-02T06:07:40.260167121,18.133335,-83.33217
2020-09-02T06:07:40.299840450,18.112322,-83.30401
2020-09-02T06:07:40.301747798,18.105139,-83.29486
2020-09-02T06:07:40.395209312,18.02003,-83.31812
2020-09-02T06:07:40.397116661,18.015083,-83.31955
2020-09-02T06:07:40.399405956,18.017897,-83.321846
2020-09-02T06:07:40.516518592,17.97557,-83.32286
2020-09-02T06:07:40.518425941,18.011879,-83.313675
2020-09-02T06:07:40.520714759,18.01434,-83.322205
2020-09-02T06:07:40.522622108,18.106853,-83.29329
2020-09-02T06:07:40.524529933,18.127897,-83.28993
2020-09-02T06:07:40.604258060,17.896902,-83.31821
2020-09-02T06:07:40.699626922,18.054365,-83.327484
2020-09-02T06:07:40.858702182,18.02238,-83.326515
2020-09-02T06:07:40.860609531,18.019154,-83.3272
2020-09-02T06:07:40.862516880,18.054382,-83.32749
2020-09-02T06:07:40.989930152,18.00338,-83.34673
2020-09-02T06:07:41.055162429,18.006674,-83.34617
2020-09-02T06:07:41.146716594,18.054451,-83.32745
2020-09-02T06:07:41.194400787,18.005793,-83.341606
2020-09-02T06:07:44.122988700,19.456947,-78.66599
2020-09-02T06:07:44.154651641,19.456842,-78.66599
2020-09-02T06:07:44.156558990,19.45685,-78.666
2020-09-02T06:07:44.158847808,19.456856,-78.666016
2020-09-02T06:07:44.160755157,19.456863,-78.66602
2020-09-02T06:07:44.168766021,19.456982,-78.66602
2020-09-02T06:07:44.174488067,19.456982,-78.66604
2020-09-02T06:07:44.182498931,19.456924,-78.66606
2020-09-02T06:07:44.196614265,19.45687,-78.666046
2020-09-02T06:07:44.198521614,19.45687,-78.66604
2020-09-02T06:07:44.745175361,18.313763,-83.156784
2020-09-02T06:07:44.763105392,18.359074,-83.14439
2020-09-02T06:07:44.765012741,18.337,-83.16107
2020-09-02T06:07:44.975968360,18.343195,-83.161674
2020-09-02T06:07:44.977875709,18.331491,-83.16159
2020-09-02T06:07:44.979783058,18.369406,-83.190895
2020-09-02T06:07:45.383384704,18.05559,-83.405525
2020-09-02T06:07:45.502786636,18.055681,-83.40552
2020-09-02T06:07:45.542459487,18.055702,-83.40557
2020-09-02T06:07:45.566111564,18.05571,-83.405495
2020-09-02T06:07:45.600062370,18.055607,-83.405556
2020-09-02T06:07:45.603877067,18.055819,-83.42462
2020-09-02T06:07:45.608073234,18.055735,-83.40551
2020-09-02T06:07:45.675595283,18.064487,-83.42403
2020-09-02T06:07:45.723278999,18.055882,-83.421684
2020-09-02T06:07:45.741209030,18.055855,-83.40565
2020-09-02T06:07:45.794996261,18.05595,-83.42347
2020-09-02T06:07:45.822844505,18.056036,-83.42667
2020-09-02T06:07:45.838484764,18.056013,-83.425606
2020-09-02T06:07:45.858702659,18.055998,-83.42767
2020-09-02T06:07:45.872436523,18.055786,-83.40559
2020-09-02T06:07:45.886169433,18.05587,-83.405655
2020-09-02T06:07:45.896469116,18.055798,-83.405655
2020-09-02T06:07:45.936142921,18.05587,-83.40566
2020-09-02T06:07:46.001756668,18.055902,-83.405655
2020-09-02T06:07:46.007478713,18.055853,-83.405685
2020-09-02T06:07:46.912339210,18.453419,-83.18708
2020-09-02T06:07:46.973755836,18.448929,-83.16075
2020-09-02T06:07:46.979860305,18.454132,-83.18511
2020-09-02T06:07:47.142749786,18.449144,-83.195885
2020-09-02T06:07:47.148853302,18.413969,-83.1595
2020-09-02T06:07:47.150760650,18.448895,-83.15928
2020-09-02T06:07:47.152667999,18.45609,-83.19786
2020-09-02T06:07:47.190434455,18.454433,-83.210526
2020-09-02T06:07:47.192341804,18.454174,-83.19516
2020-09-02T06:07:47.244222640,18.4524,-83.20633
2020-09-02T06:07:47.246129989,18.449808,-83.203964
2020-09-02T06:07:49.574275970,19.512348,-78.997734
2020-09-02T06:07:49.576183319,19.51162,-78.998276
2020-09-02T06:07:49.578090667,19.501822,-79.00464
2020-09-02T06:07:49.713514328,19.459126,-79.05294
2020-09-02T06:07:49.715421676,19.512201,-78.99859
2020-09-02T06:07:49.822616577,19.518023,-78.98436
2020-09-02T06:07:49.826812744,19.538725,-78.97792
2020-09-02T06:07:49.828720092,19.513386,-78.9857
2020-09-02T06:07:49.844741821,19.508991,-78.98876
2020-09-02T06:07:49.890519142,19.538576,-78.977806
2020-09-02T06:07:49.906159400,19.505024,-78.990166
2020-09-02T06:07:49.935914039,19.499512,-78.97663
2020-09-02T06:07:50.033572196,19.498201,-78.988144
2020-09-02T06:07:50.035479545,19.499056,-78.98523
2020-09-02T06:07:50.101093292,19.45876,-78.975395
2020-09-02T06:07:50.103000640,19.500095,-78.98633
2020-09-02T06:07:50.104907989,19.5037,-78.984215
2020-09-02T06:07:50.198369979,19.483461,-78.99268
2020-09-02T06:07:50.160603523,19.61709,-78.438034
2020-09-02T06:07:50.162510871,19.61708,-78.438034
2020-09-02T06:07:50.164799690,19.602695,-78.45161
2020-09-02T06:07:50.166707038,19.617062,-78.43803
2020-09-02T06:07:50.168614387,19.608122,-78.455765
2020-09-02T06:07:50.170521736,19.61704,-78.43802
2020-09-02T06:07:50.172810554,19.61705,-78.43803
2020-09-02T06:07:50.174717903,19.617062,-78.43803
2020-09-02T06:07:50.176625251,19.617071,-78.43803
2020-09-02T06:07:50.178532600,19.61708,-78.438034
2020-09-02T06:07:50.180439949,19.61709,-78.438034
2020-09-02T06:07:50.186543464,19.600246,-78.4375
2020-09-02T06:07:50.192647933,19.617056,-78.43792
2020-09-02T06:07:50.273901939,19.603464,-78.499344
2020-09-02T06:07:50.276190757,19.601103,-78.501884
2020-09-02T06:07:50.278098106,19.595604,-78.51481
2020-09-02T06:07:50.280005455,19.582878,-78.51446
2020-09-02T06:07:50.343711853,19.602085,-78.43752
2020-09-02T06:07:50.345619201,19.58624,-78.45058
2020-09-02T06:07:50.349433898,19.617092,-78.438
2020-09-02T06:07:50.351722717,19.617098,-78.43801
2020-09-02T06:07:50.353630065,19.617111,-78.437996
2020-09-02T06:07:50.355537414,19.617123,-78.43799
2020-09-02T06:07:50.357444763,19.610037,-78.444885
2020-09-02T06:07:50.359352111,19.617147,-78.437965
2020-09-02T06:07:50.361640930,19.617151,-78.43796
2020-09-02T06:07:50.363548278,19.607685,-78.44317
2020-09-02T06:07:50.365455627,19.617132,-78.43797
2020-09-02T06:07:50.367362976,19.617115,-78.433495
2020-09-02T06:07:50.369651794,19.60611,-78.44425
2020-09-02T06:07:50.371559143,19.617119,-78.43798
2020-09-02T06:07:50.373466491,19.617117,-78.42757
2020-09-02T06:07:50.375373840,19.614998,-78.432816
2020-09-02T06:07:50.377281188,19.613064,-78.4298
2020-09-02T06:07:50.379570960,19.617197,-78.437965
2020-09-02T06:07:50.381478309,19.617113,-78.396416
2020-09-02T06:07:50.383385658,19.614817,-78.41312
2020-09-02T06:07:50.385293006,19.6171,-78.40866
2020-09-02T06:07:50.387200355,19.61707,-78.40368
2020-09-02T06:07:50.389489173,19.61705,-78.403625
2020-09-02T06:07:50.391396522,19.617027,-78.39742
2020-09-02T06:07:50.393303871,19.617023,-78.39176
2020-09-02T06:07:50.395211219,19.614332,-78.40579
2020-09-02T06:07:50.397118568,19.61703,-78.38571
2020-09-02T06:07:50.399407386,19.61705,-78.39147
2020-09-02T06:07:50.401314735,19.617083,-78.406815
2020-09-02T06:07:50.403222084,19.618101,-78.375946
2020-09-02T06:07:50.405129432,19.617355,-78.40423
2020-09-02T06:07:50.407418251,19.616985,-78.38236
2020-09-02T06:07:50.409325599,19.616959,-78.37604
2020-09-02T06:07:50.411232948,19.616953,-78.37743
2020-09-02T06:07:50.413140296,19.616928,-78.36051
2020-09-02T06:07:50.421151161,19.616968,-78.360466
2020-09-02T06:07:50.423058509,19.620289,-78.378334
2020-09-02T06:07:50.424965858,19.617043,-78.39014
2020-09-02T06:07:50.427254676,19.616985,-78.36045
2020-09-02T06:07:50.437172889,19.626701,-78.36627
2020-09-02T06:07:50.439080238,19.61707,-78.43788
2020-09-02T06:07:50.450906753,19.628475,-78.3665
2020-09-02T06:07:50.460824966,19.616842,-78.360466
2020-09-02T06:07:50.465021133,19.60689,-78.41754
2020-09-02T06:07:50.468835830,19.616945,-78.4021
2020-09-02T06:07:50.470743179,19.616901,-78.37891
2020-09-02T06:07:50.474939346,19.616869,-78.36272
2020-09-02T06:07:50.478754043,19.616983,-78.41517
2020-09-02T06:07:50.484857559,19.616873,-78.36054
2020-09-02T06:07:50.486764907,19.61688,-78.3639
2020-09-02T06:07:50.492868423,19.616877,-78.36055
2020-09-02T06:07:50.498590469,19.616877,-78.360504
2020-09-02T06:07:50.500497817,19.610289,-78.36031
2020-09-02T06:07:50.504694938,19.600494,-78.36008
2020-09-02T06:07:50.508509635,19.59991,-78.36008
2020-09-02T06:07:50.514613151,19.595804,-78.35994
2020-09-02T06:07:50.518427848,19.616858,-78.36044
2020-09-02T06:07:50.520716667,19.61686,-78.36042
2020-09-02T06:07:50.530634880,19.581062,-78.35957
2020-09-02T06:07:50.538645744,19.57922,-78.35951
2020-09-02T06:07:50.542460441,19.536924,-78.358406
2020-09-02T06:07:50.558482170,19.559912,-78.34755
2020-09-02T06:07:50.566112518,19.536945,-78.33487
2020-09-02T06:07:50.568401336,19.574858,-78.34918
2020-09-02T06:07:50.574123382,19.536987,-78.35844
2020-09-02T06:07:50.576412200,19.559141,-78.33851
2020-09-02T06:07:50.578319549,19.59656,-78.37484
2020-09-02T06:07:50.580226898,19.557219,-78.338196
2020-09-02T06:07:50.582134246,19.616938,-78.38856
2020-09-02T06:07:50.598155975,19.536945,-78.33029
2020-09-02T06:07:50.606166839,19.550367,-78.31873
2020-09-02T06:07:50.608074188,19.573023,-78.35566
2020-09-02T06:07:50.609981536,19.616936,-78.410576
2020-09-02T06:07:50.611888885,19.616991,-78.43794
2020-09-02T06:07:50.629818916,19.53682,-78.28103
2020-09-02T06:07:50.639737129,19.536755,-78.281075
2020-09-02T06:07:50.785079002,19.501312,-78.37309
2020-09-02T06:07:50.786986351,19.581263,-78.41767
2020-09-02T06:07:50.820938110,19.616793,-78.360405
2020-09-02T06:07:52.864501953,18.291056,-83.2477
2020-09-02T06:07:52.908372879,18.291126,-83.26354
2020-09-02T06:07:52.985811233,18.291199,-83.263596
2020-09-02T06:07:52.987718582,18.291204,-83.26357
2020-09-02T06:07:53.027393341,18.291216,-83.2636
2020-09-02T06:07:53.069355010,18.291206,-83.26365
2020-09-02T06:07:56.041431427,19.55734,-82.19068
2020-09-02T06:07:56.043338775,19.55371,-82.19173
2020-09-02T06:07:56.045246124,19.553644,-82.194565
2020-09-02T06:07:56.047153472,19.553446,-82.166855
2020-09-02T06:07:56.049442291,19.553448,-82.16687
2020-09-02T06:07:56.055164337,19.55364,-82.198074
2020-09-02T06:07:56.057071685,19.553398,-82.16688
2020-09-02T06:07:56.087207794,19.545393,-82.19823
2020-09-02T06:07:56.089115142,19.540096,-82.19828
2020-09-02T06:07:56.097126007,19.553574,-82.20128
2020-09-02T06:07:56.108953475,19.536493,-82.1996
2020-09-02T06:07:56.182577133,19.543093,-82.206314
2020-09-02T06:07:56.238273620,19.546726,-82.20445
2020-09-02T06:07:56.297782897,19.540691,-82.20716
2020-09-02T06:07:56.299690246,19.55366,-82.2044
2020-09-02T06:07:56.321434020,19.553726,-82.202354
2020-09-02T06:07:57.832839965,19.458359,-79.28535
2020-09-02T06:07:57.834749221,19.458345,-79.27875
2020-09-02T06:07:57.836656570,19.458374,-79.28533
2020-09-02T06:07:57.838563919,19.458382,-79.28533
2020-09-02T06:07:57.840471267,19.45839,-79.285324
2020-09-02T06:07:57.842760086,19.458378,-79.28534
2020-09-02T06:07:57.844667434,19.458364,-79.28535
2020-09-02T06:07:57.848482131,19.45834,-79.28537
2020-09-02T06:07:57.850770950,19.458326,-79.285385
2020-09-02T06:07:57.852678298,19.458311,-79.28537
2020-09-02T06:07:57.856492996,19.458324,-79.2854
2020-09-02T06:07:57.858400344,19.458334,-79.285416
2020-09-02T06:07:57.860689163,19.458344,-79.28544
2020-09-02T06:07:57.862596511,19.458351,-79.28545
2020-09-02T06:07:57.868318557,19.45838,-79.28551
2020-09-02T06:07:57.906084060,19.458387,-79.29875
2020-09-02T06:07:57.908372879,19.458353,-79.285416
2020-09-02T06:07:57.910280227,19.458363,-79.28543
2020-09-02T06:07:57.912187576,19.458374,-79.28543
2020-09-02T06:07:57.914094924,19.458387,-79.28543
2020-09-02T06:07:57.926301956,19.458504,-79.316444
2020-09-02T06:07:57.928209304,19.458487,-79.31394
2020-09-02T06:07:57.932024002,19.458372,-79.2854
2020-09-02T06:07:57.933931350,19.458363,-79.28542
2020-09-02T06:07:57.936220169,19.458416,-79.304016
2020-09-02T06:07:57.938127517,19.458406,-79.30389
2020-09-02T06:07:57.940034866,19.458336,-79.285484
2020-09-02T06:07:57.941942214,19.458338,-79.285484
2020-09-02T06:07:57.943849563,19.458344,-79.28548
2020-09-02T06:07:57.946138381,19.458368,-79.29097
2020-09-02T06:07:57.948045730,19.458384,-79.29351
2020-09-02T06:07:57.949953079,19.458395,-79.2948
2020-09-02T06:07:57.951860427,19.45836,-79.28546
2020-09-02T06:07:57.954149246,19.458351,-79.285484
2020-09-02T06:07:57.956056594,19.458342,-79.2855
2020-09-02T06:07:57.957963943,19.458332,-79.28552
2020-09-02T06:07:57.959873199,19.458324,-79.28554
2020-09-02T06:07:57.961780548,19.458334,-79.285545
2020-09-02T06:07:57.964069366,19.458353,-79.28555
2020-09-02T06:07:57.965976715,19.458372,-79.28555
2020-09-02T06:07:57.967884063,19.458393,-79.28556
2020-09-02T06:07:57.969791412,19.458412,-79.28556
2020-09-02T06:07:57.971698760,19.458414,-79.285545
2020-09-02T06:07:57.973987579,19.458405,-79.28552
2020-09-02T06:07:57.975894927,19.464968,-79.28126
2020-09-02T06:07:57.977802276,19.470083,-79.28003
2020-09-02T06:07:57.979709625,19.469662,-79.27985
2020-09-02T06:07:57.981616973,19.469501,-79.27906
2020-09-02T06:07:57.983905792,19.468283,-79.27927
2020-09-02T06:07:57.985813140,19.469006,-79.27262
2020-09-02T06:07:57.987720489,19.468733,-79.2684
2020-09-02T06:07:57.989627838,19.474413,-79.26546
2020-09-02T06:07:57.991916656,19.474703,-79.26209
2020-09-02T06:07:57.993824005,19.4795,-79.26038
2020-09-02T06:07:57.995731353,19.480034,-79.26506
2020-09-02T06:07:57.997638702,19.477394,-79.26754
2020-09-02T06:07:57.999546051,19.45836,-79.285446
2020-09-02T06:07:58.154806137,19.469723,-79.29381
2020-09-02T06:07:58.170827865,19.458357,-79.285416
2020-09-02T06:07:58.172735214,19.458345,-79.28542
2020-09-02T06:07:58.174642562,19.463612,-79.29521
2020-09-02T06:07:58.176549911,19.466026,-79.29095
2020-09-02T06:07:58.178457260,19.463095,-79.301
2020-09-02T06:07:58.180746078,19.458355,-79.300934
2020-09-02T06:07:58.182653427,19.458303,-79.28544
2020-09-02T06:07:58.184560775,19.458305,-79.28542
2020-09-02T06:07:58.186468124,19.4675,-79.28539
2020-09-02T06:07:58.188375473,19.464926,-79.28896
2020-09-02T06:07:58.190664291,19.464762,-79.289154
2020-09-02T06:07:58.192571640,19.46244,-79.2853
2020-09-02T06:07:58.194478988,19.458334,-79.28541
2020-09-02T06:07:58.198675155,19.45838,-79.29264
2020-09-02T06:07:58.200582504,19.458366,-79.285446
2020-09-02T06:07:58.202489852,19.458366,-79.28545
2020-09-02T06:07:58.204397201,19.458366,-79.28547
2020-09-02T06:07:58.206306457,19.458364,-79.28548
2020-09-02T06:07:58.208595275,19.458364,-79.285484
2020-09-02T06:07:58.210502624,19.458364,-79.28549
2020-09-02T06:07:58.212409973,19.458359,-79.28549
2020-09-02T06:07:58.214317321,19.458351,-79.285484
2020-09-02T06:07:58.216224670,19.458345,-79.28548
2020-09-02T06:07:58.218513488,19.45834,-79.28547
2020-09-02T06:07:58.240257263,19.45831,-79.28539
2020-09-02T06:07:58.242164611,19.458315,-79.28539
2020-09-02T06:07:58.244071960,19.458324,-79.2854
2020-09-02T06:07:58.246360778,19.458332,-79.28541
2020-09-02T06:07:58.248268127,19.458342,-79.285416
2020-09-02T06:07:58.250175476,19.45835,-79.28542
2020-09-02T06:07:58.252082824,19.458355,-79.28542
2020-09-02T06:07:58.253990173,19.458359,-79.285416
2020-09-02T06:07:58.256278991,19.458364,-79.285416
2020-09-02T06:07:58.258186340,19.458368,-79.285416
2020-09-02T06:07:58.260093688,19.458374,-79.28541
2020-09-02T06:07:58.262001037,19.458382,-79.28542
2020-09-02T06:07:58.264289855,19.458391,-79.28544
2020-09-02T06:07:58.266197204,19.458399,-79.28545
2020-09-02T06:07:58.268104553,19.458408,-79.28548
2020-09-02T06:07:58.270011901,19.471243,-79.27342
2020-09-02T06:07:58.271919250,19.472895,-79.27187
2020-09-02T06:07:58.274208068,19.45839,-79.27696
2020-09-02T06:07:58.276115417,19.458412,-79.28549
2020-09-02T06:07:58.094915390,18.324476,-83.11045
2020-09-02T06:07:58.253990173,18.289324,-83.10836
2020-09-02T06:07:58.278022766,19.45841,-79.28549
2020-09-02T06:07:58.279930114,19.45838,-79.27698
2020-09-02T06:07:58.281837463,19.458416,-79.28548
2020-09-02T06:07:58.284126281,19.458431,-79.28546
2020-09-02T06:07:58.286033630,19.458445,-79.28544
2020-09-02T06:07:58.287940979,19.458458,-79.28542
2020-09-02T06:07:58.289848327,19.458473,-79.2854
2020-09-02T06:07:59.238197326,18.36891,-83.190765
2020-09-02T06:07:59.244300842,18.317678,-83.186226
2020-09-02T06:07:59.246208190,18.289852,-83.18609
2020-09-02T06:07:59.268330575,18.30972,-77.13091
2020-09-02T06:07:59.270237923,18.31804,-77.12451
2020-09-02T06:07:59.272145272,18.343964,-77.102646
2020-09-02T06:07:59.274434090,18.336657,-77.10393
2020-09-02T06:07:59.276341439,18.330788,-77.10998
2020-09-02T06:07:59.278248787,18.328161,-77.110435
2020-09-02T06:07:59.280156136,18.322475,-77.116745
2020-09-02T06:07:59.282063485,18.343924,-77.10262
2020-09-02T06:07:59.294270993,18.344015,-77.102684
2020-09-02T06:07:59.296178341,18.343998,-77.09412
2020-09-02T06:07:59.298085690,18.331806,-77.109024
2020-09-02T06:07:59.299993039,18.343964,-77.1027
2020-09-02T06:07:59.304189206,18.314623,-77.102234
2020-09-02T06:07:59.306096554,18.324806,-77.105354
2020-09-02T06:07:59.308003903,18.343962,-77.09147
2020-09-02T06:07:59.309911252,18.343964,-77.09337
2020-09-02T06:07:59.312200070,18.343962,-77.102684
2020-09-02T06:07:59.314107419,18.34395,-77.09089
2020-09-02T06:07:59.316014767,18.34379,-77.09642
2020-09-02T06:07:59.317922593,18.325119,-77.09802
2020-09-02T06:07:59.324026108,18.331993,-77.06763
2020-09-02T06:07:59.325933457,18.330734,-77.075775
2020-09-02T06:07:59.329748154,18.343971,-77.026054
2020-09-02T06:07:59.332036973,18.334526,-77.05269
2020-09-02T06:07:59.333944321,18.333084,-77.04688
2020-09-02T06:07:59.337759018,18.318026,-77.02565
2020-09-02T06:07:59.340047837,18.330923,-77.05866
2020-09-02T06:07:59.343862534,18.33272,-77.041405
2020-09-02T06:07:59.345769883,18.33121,-77.02584
2020-09-02T06:07:59.349966527,18.343884,-77.026024
2020-09-02T06:07:59.351873875,18.34388,-77.026024
2020-09-02T06:07:59.357595921,18.343931,-77.02603
2020-09-02T06:07:59.359884739,18.332113,-77.037056
2020-09-02T06:07:59.365606785,18.327854,-77.02583
2020-09-02T06:07:59.367514134,18.331615,-77.04266
2020-09-02T06:07:59.371710301,18.32054,-77.02577
2020-09-02T06:07:59.373617650,18.343952,-77.026115
2020-09-02T06:07:59.375524998,18.317915,-77.02572
2020-09-02T06:07:59.377813817,18.311209,-77.019135
2020-09-02T06:07:59.381628991,18.307669,-77.025536
2020-09-02T06:07:59.524682045,18.318531,-77.12698
2020-09-02T06:07:59.753567696,18.326366,-77.11944
2020-09-02T06:07:59.755475045,18.343912,-77.06863
2020-09-02T06:08:04.629970550,18.04339,-83.40534
2020-09-02T06:08:04.631877899,18.054548,-83.406006
2020-09-02T06:08:04.743268013,18.054512,-83.405975
2020-09-02T06:08:04.745175361,18.054495,-83.40596
2020-09-02T06:08:04.747083663,18.054476,-83.40594
2020-09-02T06:08:04.751279830,18.04243,-83.40861
2020-09-02T06:08:04.753187179,18.025414,-83.40988
2020-09-02T06:08:04.755094528,18.025938,-83.41187
2020-09-02T06:08:04.777219772,18.038462,-83.40499
2020-09-02T06:08:04.779127120,18.04146,-83.413475
2020-09-02T06:08:04.781034469,18.03337,-83.404686
2020-09-02T06:08:04.800870895,18.036348,-83.40494
2020-09-02T06:08:04.824904441,18.021917,-83.404045
2020-09-02T06:08:04.826811790,18.000597,-83.40279
2020-09-02T06:08:04.828719139,18.018759,-83.40387
2020-09-02T06:08:04.830626487,17.975716,-83.40133
2020-09-02T06:08:04.832533836,18.013618,-83.40356
2020-09-02T06:08:04.852751731,17.975672,-83.40126
2020-09-02T06:08:04.888229370,17.975702,-83.40135
2020-09-02T06:08:04.890518188,17.975714,-83.40134
2020-09-02T06:08:04.892425537,17.975702,-83.401344
2020-09-02T06:08:04.894332885,17.975689,-83.40135
2020-09-02T06:08:04.896240234,18.002163,-83.413734
2020-09-02T06:08:04.898147583,17.97566,-83.40137
2020-09-02T06:08:04.940110206,17.975683,-83.401306
2020-09-02T06:08:04.942017555,18.00114,-83.40282
2020-09-02T06:08:04.943924903,18.012411,-83.40349
2020-09-02T06:08:04.969864845,17.975714,-83.40133
2020-09-02T06:08:04.971772193,17.995798,-83.410675
2020-09-02T06:08:04.973679542,17.994593,-83.41087
2020-09-02T06:08:04.975968360,17.991728,-83.41132
2020-09-02T06:08:04.977875709,18.00194,-83.41429
2020-09-02T06:08:04.979783058,17.993317,-83.41188
2020-09-02T06:08:04.981690406,17.98733,-83.401886
2020-09-02T06:08:04.983979225,17.981459,-83.409935
2020-09-02T06:08:04.985886573,17.975582,-83.40122
2020-09-02T06:08:04.989701271,17.975578,-83.40125
2020-09-02T06:08:05.007631301,18.013725,-83.41607
2020-09-02T06:08:05.091174125,17.986023,-83.40989
2020-09-02T06:08:05.093081474,18.001,-83.41243
2020-09-02T06:08:05.200657844,18.008516,-83.415115
2020-09-02T06:08:05.202565193,17.995993,-83.41556
2020-09-02T06:08:05.204472541,18.03221,-83.404655
2020-09-02T06:08:05.206379890,18.021027,-83.42093
2020-09-02T06:08:05.359732627,18.00894,-83.41374
2020-09-02T06:08:05.361639976,17.97884,-83.41438
2020-09-02T06:08:12.552455902,18.290213,-83.264534
2020-09-02T06:08:12.586025238,18.327484,-83.25278
2020-09-02T06:08:12.588314056,18.290234,-83.26449
2020-09-02T06:08:12.621883392,18.327335,-83.266685
2020-09-02T06:08:12.645917892,18.331385,-83.25779
2020-09-02T06:08:12.701612472,18.290222,-83.26451
2020-09-02T06:08:12.703519821,18.321976,-83.26637
2020-09-02T06:08:12.715345382,18.32173,-83.25608
2020-09-02T06:08:12.741285324,18.290306,-83.26454
2020-09-02T06:08:12.743192672,18.31907,-83.26623
2020-09-02T06:08:12.787063598,18.290295,-83.26449
2020-09-02T06:08:12.848480224,18.323513,-83.266426
2020-09-02T06:08:12.852676391,18.290298,-83.26447
2020-09-02T06:08:12.856491088,18.324915,-83.26652
2020-09-02T06:08:12.858398437,18.290337,-83.26447
2020-09-02T06:08:12.860687255,18.31593,-83.25339
2020-09-02T06:08:12.862594604,18.290337,-83.26445
2020-09-02T06:08:12.864501953,18.318153,-83.266075
2020-09-02T06:08:12.930116653,18.332497,-83.26687
2020-09-02T06:08:12.969789505,18.322226,-83.26059
2020-09-02T06:08:12.985811233,18.316683,-83.25972
2020-09-02T06:08:13.013660430,18.290369,-83.26441
2020-09-02T06:08:13.015567779,18.317867,-83.26082
2020-09-02T06:08:13.031589508,18.290369,-83.26448
2020-09-02T06:08:13.053333282,18.321474,-83.26623
2020-09-02T06:08:13.055240631,18.307684,-83.26541
2020-09-02T06:08:13.087284088,18.313286,-83.26576
2020-09-02T06:08:13.109027862,18.326754,-83.2563
2020-09-02T06:08:14.655912399,18.055283,-83.40574
2020-09-02T06:08:14.759292602,18.055273,-83.40562
2020-09-02T06:08:14.826812744,18.055286,-83.405624
2020-09-02T06:08:15.228506088,18.357214,-82.83253
2020-09-02T06:08:15.230413436,18.348513,-82.827805
2020-09-02T06:08:15.297935485,18.332602,-82.83231
2020-09-02T06:08:15.299842834,18.345192,-82.83178
2020-09-02T06:08:15.309761047,18.319908,-82.85415
2020-09-02T06:08:15.311668395,18.325796,-82.83609
2020-09-02T06:08:15.387201309,18.325489,-82.83105
2020-09-02T06:08:15.389490127,18.329865,-82.82498
2020-09-02T06:08:15.492870330,18.366653,-82.87991
2020-09-02T06:08:15.494777679,18.33464,-82.833015
2020-09-02T06:08:15.506603240,18.286434,-82.72025
2020-09-02T06:08:15.596248626,18.306969,-82.83979
2020-09-02T06:08:15.596248626,18.44452,-82.728935
2020-09-02T06:08:15.598155975,18.314816,-82.83166
2020-09-02T06:08:15.600063323,18.338806,-82.86356
2020-09-02T06:08:20.216297626,19.078283,-82.60956
2020-09-02T06:08:20.343710422,19.078243,-82.60962
2020-09-02T06:08:20.349432468,19.078228,-82.609665
2020-09-02T06:08:20.351339817,19.078228,-82.60967
2020-09-02T06:08:20.353628635,19.078232,-82.60968
2020-09-02T06:08:20.359350681,19.078243,-82.60971
2020-09-02T06:08:22.715343952,18.290785,-83.18698
2020-09-02T06:08:22.755017757,18.290888,-83.18698
2020-09-02T06:08:22.775235652,18.290863,-83.18698
2020-09-02T06:08:22.777143001,18.303228,-83.18097
2020-09-02T06:08:22.779050350,18.290897,-83.18699
2020-09-02T06:08:22.798887252,18.290813,-83.186966
2020-09-02T06:08:22.800794601,18.293997,-83.18039
2020-09-02T06:08:22.846571922,18.290848,-83.187
2020-09-02T06:08:22.882430553,18.290941,-83.18702
2020-09-02T06:08:22.884337902,18.283749,-83.186226
2020-09-02T06:08:22.886245250,18.290972,-83.187
2020-09-02T06:08:23.534372329,18.300087,-83.25509
2020-09-02T06:08:23.536661148,18.291546,-83.26468
2020-09-02T06:08:29.275961875,18.055992,-83.40598
2020-09-02T06:08:29.460977554,18.04101,-83.405136
2020-09-02T06:08:29.462884902,18.056065,-83.40601
2020-09-02T06:08:29.520487785,18.035717,-83.40475
2020-09-02T06:08:29.584194183,18.056036,-83.405945
2020-09-02T06:08:29.596019744,18.05602,-83.40596
2020-09-02T06:08:29.602123260,18.036346,-83.40481
2020-09-02T06:08:29.604030609,18.032427,-83.40458
2020-09-02T06:08:29.605937957,18.030592,-83.40435
2020-09-02T06:08:29.608226776,18.024664,-83.40429
2020-09-02T06:08:29.671551704,18.032587,-83.40441
2020-09-02T06:08:29.689480781,18.05609,-83.40587
2020-09-02T06:08:29.721525192,18.056063,-83.40588
2020-09-02T06:08:29.729536056,18.055973,-83.40579
2020-09-02T06:08:29.731443405,18.044794,-83.40512
2020-09-02T06:08:29.733350753,18.04919,-83.41262
2020-09-02T06:08:29.735258102,18.040964,-83.404915
2020-09-02T06:08:29.824905395,18.032063,-83.41102
2020-09-02T06:08:29.826812744,18.014404,-83.41725
2020-09-02T06:08:29.830627441,18.056099,-83.40587
2020-09-02T06:08:29.834823608,18.056074,-83.40583
2020-09-02T06:08:29.836730957,18.032309,-83.40441
2020-09-02T06:08:29.840545654,18.056038,-83.40578
2020-09-02T06:08:29.842834472,18.040844,-83.41881
2020-09-02T06:08:29.850463867,18.056044,-83.40579
2020-09-02T06:08:29.862670898,18.056038,-83.405815
2020-09-02T06:08:29.864578247,18.026058,-83.421265
2020-09-02T06:08:29.874496459,18.05604,-83.40586
2020-09-02T06:08:29.904252052,18.056074,-83.40584
2020-09-02T06:08:29.932099342,18.036299,-83.40464
2020-09-02T06:08:29.959947586,18.033464,-83.404465
2020-09-02T06:08:29.966051101,18.05615,-83.420425
2020-09-02T06:08:30.007632255,18.05604,-83.4058
2020-09-02T06:08:30.009539604,18.032713,-83.404434
2020-09-02T06:08:29.717329025,19.537907,-78.83021
2020-09-02T06:08:29.719236373,19.537895,-78.829704
2020-09-02T06:08:29.721525192,19.537865,-78.8237
2020-09-02T06:08:29.723432540,19.537842,-78.82368
2020-09-02T06:08:29.725339889,19.53782,-78.823654
2020-09-02T06:08:29.727247238,19.537798,-78.82363
2020-09-02T06:08:29.729536056,19.537775,-78.82361
2020-09-02T06:08:29.773024559,19.537834,-78.82361
2020-09-02T06:08:29.822616577,19.543285,-78.82709
2020-09-02T06:08:29.824905395,19.537897,-78.82363
2020-09-02T06:08:29.826812744,19.537899,-78.823654
2020-09-02T06:08:29.828720092,19.5379,-78.82367
2020-09-02T06:08:29.830627441,19.537903,-78.823685
2020-09-02T06:08:29.832916259,19.53789,-78.82366
2020-09-02T06:08:29.834823608,19.537878,-78.82365
2020-09-02T06:08:29.836730957,19.537865,-78.82363
2020-09-02T06:08:29.840545654,19.53784,-78.82359
2020-09-02T06:08:29.842834472,19.537842,-78.8236
2020-09-02T06:08:29.844741821,19.537842,-78.8236
2020-09-02T06:08:29.858474731,19.537834,-78.823616
2020-09-02T06:08:29.864578247,19.537846,-78.823654
2020-09-02T06:08:29.866485595,19.537851,-78.82367
2020-09-02T06:08:29.868392944,19.537855,-78.823685
2020-09-02T06:08:29.870681762,19.53786,-78.8237
2020-09-02T06:08:29.874496459,19.537842,-78.82368
2020-09-02T06:08:29.880599975,19.537813,-78.82365
2020-09-02T06:08:29.888230323,19.537827,-78.82358
2020-09-02T06:08:29.912262916,19.537882,-78.82369
2020-09-02T06:08:29.914170265,19.537872,-78.823685
2020-09-02T06:08:29.930191993,19.516932,-78.804695
2020-09-02T06:08:29.942017555,19.512077,-78.80577
2020-09-02T06:08:30.071338653,19.537792,-78.80446
2020-09-02T06:08:30.073246002,19.537796,-78.805664
2020-09-02T06:08:30.127033233,19.537853,-78.82353
2020-09-02T06:08:35.214391708,18.321026,-83.2079
2020-09-02T06:08:35.313957214,18.324995,-83.21223
2020-09-02T06:08:35.315864562,18.318579,-83.20831
2020-09-02T06:08:35.317771911,18.315945,-83.21145
2020-09-02T06:08:35.319679260,18.317173,-83.21023
2020-09-02T06:08:35.351722717,18.291473,-83.23586
2020-09-02T06:08:35.353630065,18.323498,-83.22264
2020-09-02T06:08:35.355537414,18.323008,-83.221985
2020-09-02T06:08:35.415048599,18.32273,-83.226425
2020-09-02T06:08:35.417337417,18.291292,-83.22275
2020-09-02T06:08:35.465021133,18.313753,-83.22123
2020-09-02T06:08:35.466928482,18.291285,-83.218704
2020-09-02T06:08:35.473031997,18.316847,-83.21802
2020-09-02T06:08:37.323951721,18.369738,-83.19108
2020-09-02T06:08:37.508586883,18.338514,-83.18926
2020-09-02T06:08:43.455025672,18.055105,-83.42105
2020-09-02T06:08:43.612193107,18.055008,-83.40588
2020-09-02T06:08:43.657970428,18.054981,-83.40594
2020-09-02T06:08:43.699551582,18.055017,-83.40587
2020-09-02T06:08:43.721295356,18.055025,-83.4059
2020-09-02T06:08:43.747235298,18.054966,-83.40595
2020-09-02T06:08:47.077136039,18.323092,-83.19897
2020-09-02T06:08:47.114902496,18.320368,-83.20438
2020-09-02T06:08:50.801100730,18.299051,-83.264656
2020-09-02T06:08:50.991838455,18.302713,-83.27083
2020-09-02T06:08:50.993745803,18.299017,-83.27114
2020-09-02T06:08:51.023500442,18.290354,-83.26422
2020-09-02T06:08:51.025407791,18.29035,-83.26423
2020-09-02T06:08:51.027698516,18.290346,-83.26424
2020-09-02T06:08:51.128787994,18.290329,-83.264175
2020-09-02T06:08:51.136798858,18.290293,-83.26418
2020-09-02T06:08:52.349510192,18.089722,-83.299446
2020-09-02T06:08:52.351799011,18.053633,-83.298546
2020-09-02T06:08:52.353706359,18.08082,-83.29838
2020-09-02T06:08:52.355613708,18.053608,-83.29806
2020-09-02T06:08:52.371635437,18.053574,-83.29403
2020-09-02T06:08:52.389566421,18.05349,-83.2807
2020-09-02T06:08:52.391473770,18.053543,-83.2876
2020-09-02T06:08:52.442972183,18.05344,-83.281395
2020-09-02T06:08:52.445261001,18.053463,-83.28638
2020-09-02T06:08:52.455179214,18.053135,-83.25013
2020-09-02T06:08:52.457086563,18.07109,-83.28445
2020-09-02T06:08:52.458993911,18.053375,-83.27992
2020-09-02T06:08:52.475015640,18.064884,-83.27576
2020-09-02T06:08:52.476922988,18.06515,-83.28872
2020-09-02T06:08:52.478830337,18.053276,-83.25023
2020-09-02T06:08:52.494852066,18.053173,-83.250114
2020-09-02T06:08:52.496759414,18.065062,-83.27561
2020-09-02T06:08:52.498666763,18.0645,-83.28499
2020-09-02T06:08:52.520793914,18.060884,-83.26377
2020-09-02T06:08:52.522701263,18.062382,-83.26704
2020-09-02T06:08:52.524608612,18.07267,-83.28395
2020-09-02T06:08:52.542537689,18.05323,-83.25017
2020-09-02T06:08:52.548641204,18.051872,-83.249756
2020-09-02T06:08:52.550548553,18.053438,-83.276024
2020-09-02T06:08:52.562374114,18.053198,-83.25013
2020-09-02T06:08:52.580303192,18.040682,-83.23274
2020-09-02T06:08:52.582210540,18.028479,-83.225075
2020-09-02T06:08:52.584117889,18.033388,-83.237885
2020-09-02T06:08:52.586406707,18.053177,-83.25016
2020-09-02T06:08:52.616161346,17.993967,-83.21185
2020-09-02T06:08:52.618068695,18.031298,-83.22742
2020-09-02T06:08:52.731367111,18.07607,-83.29283
2020-09-02T06:08:52.733274459,18.053495,-83.297005
2020-09-02T06:08:52.735181808,18.053486,-83.2975
2020-09-02T06:08:52.737470626,18.09168,-83.30392
2020-09-02T06:08:52.739377975,18.089384,-83.30716
2020-09-02T06:08:52.741285324,18.079483,-83.30312
2020-09-02T06:08:52.755399703,18.099346,-83.30974
2020-09-02T06:08:52.757307052,18.100937,-83.30482
2020-09-02T06:08:52.765319824,18.101635,-83.31657
2020-09-02T06:08:52.767227172,18.132648,-83.33248
2020-09-02T06:08:52.783248901,18.118246,-83.324066
2020-09-02T06:08:52.785156250,18.13258,-83.33243
2020-09-02T06:08:52.787063598,18.114008,-83.32104
2020-09-02T06:08:52.788970947,18.132603,-83.33243
2020-09-02T06:08:52.822921752,18.13265,-83.332375
2020-09-02T06:08:52.824829101,18.112236,-83.33117
2020-09-02T06:08:52.838562011,18.132786,-83.35076
2020-09-02T06:08:52.840850830,18.10877,-83.33075
2020-09-02T06:08:52.920198440,18.05346,-83.29616
2020-09-02T06:08:52.944231033,18.094366,-83.326866
2020-09-02T06:08:52.946138381,18.132557,-83.33244
2020-09-02T06:08:53.015567779,18.12043,-83.33376
2020-09-02T06:08:53.063251495,18.053682,-83.32777
2020-09-02T06:08:53.065540313,18.132563,-83.3324
2020-09-02T06:08:53.067447662,18.132574,-83.33238
2020-09-02T06:08:53.099109649,18.112656,-83.33122
2020-09-02T06:08:53.144887924,18.096317,-83.3291
2020-09-02T06:08:53.176549911,18.119305,-83.342026
2020-09-02T06:08:59.950027466,18.337946,-83.18901
2020-09-02T06:08:59.951934815,18.335953,-83.20979
2020-09-02T06:08:59.953842164,18.32504,-83.205956
2020-09-02T06:08:59.956130982,18.368372,-83.19081
2020-09-02T06:09:00.035478115,18.325632,-83.206825
2020-09-02T06:09:00.323873519,19.456043,-78.66615
2020-09-02T06:09:00.325780868,19.456047,-78.66616
2020-09-02T06:09:00.327688217,19.456053,-78.66617
2020-09-02T06:09:00.329977035,19.456057,-78.666176
2020-09-02T06:09:00.337606906,19.455969,-78.66052
2020-09-02T06:09:00.339895725,19.45596,-78.66612
2020-09-02T06:09:00.367743015,19.456118,-78.666176
2020-09-02T06:09:00.373465538,19.463339,-78.642395
2020-09-02T06:09:00.391394615,19.456043,-78.656204
2020-09-02T06:09:00.393301963,19.461758,-78.65332
2020-09-02T06:09:00.395590782,19.456043,-78.6662
2020-09-02T06:09:00.403220653,19.456026,-78.666214
2020-09-02T06:09:00.445182800,19.456053,-78.66616
2020-09-02T06:09:00.608072757,19.468464,-78.64824
2020-09-02T06:09:00.609980106,19.45617,-78.666115
2020-09-02T06:09:00.622187614,19.456074,-78.66612
2020-09-02T06:09:05.486763954,18.325773,-83.26571
2020-09-02T06:09:05.488671302,18.330141,-83.26596
2020-09-02T06:09:05.645839691,18.290472,-83.26357
2020-09-02T06:09:11.618221282,18.291327,-83.18635
2020-09-02T06:09:11.620128631,18.30131,-83.17618
2020-09-02T06:09:11.646068572,18.291338,-83.18631
2020-09-02T06:09:11.647977828,18.291353,-83.18632
2020-09-02T06:09:11.721601486,18.291264,-83.17381
2020-09-02T06:09:11.723508834,18.291374,-83.18631
2020-09-02T06:09:11.745252609,18.291348,-83.18634
2020-09-02T06:09:11.747159957,18.291357,-83.18635
2020-09-02T06:09:11.789123535,18.291079,-83.168205
2020-09-02T06:09:11.792938232,18.291248,-83.1863
2020-09-02T06:09:11.860458374,18.29119,-83.17023
2020-09-02T06:09:13.409250259,18.37075,-83.26857
2020-09-02T06:09:13.479059219,18.370745,-83.26848
2020-09-02T06:09:13.530559539,18.370583,-83.26846
2020-09-02T06:09:13.540477752,18.370628,-83.26852
2020-09-02T06:09:13.560314178,18.370588,-83.26851
2020-09-02T06:09:16.387430191,18.369377,-83.219505
2020-09-02T06:09:16.409173965,18.369392,-83.21934
2020-09-02T06:09:16.454950332,18.369192,-83.191055
2020-09-02T06:09:16.461053848,18.335379,-83.22261
2020-09-02T06:09:16.546504974,18.32618,-83.21009
2020-09-02T06:09:16.548412322,18.340313,-83.22096
2020-09-02T06:09:16.550319671,18.339462,-83.220665
2020-09-02T06:09:16.630048751,18.339064,-83.221176
2020-09-02T06:09:16.633863449,18.34492,-83.224625
2020-09-02T06:09:16.638059616,18.34105,-83.22208
2020-09-02T06:09:16.701383590,18.338608,-83.22195
2020-09-02T06:09:16.751358032,18.335207,-83.219345
2020-09-02T06:09:16.779205322,18.35054,-83.2107
2020-09-02T06:09:17.753112792,19.456844,-78.666626
2020-09-02T06:09:17.777145385,19.456856,-78.66665
2020-09-02T06:09:17.830932617,19.456877,-78.6532
2020-09-02T06:09:17.860689163,19.456718,-78.653625
2020-09-02T06:09:17.862596511,19.456741,-78.666626
2020-09-02T06:09:17.872514724,19.456703,-78.666626
2020-09-02T06:09:20.778974056,18.452927,-83.076996
2020-09-02T06:09:20.689708709,18.382345,-83.042915
2020-09-02T06:09:20.691616058,18.368307,-83.06254
2020-09-02T06:09:20.693523406,18.368103,-83.03582
2020-09-02T06:09:20.695430755,18.36839,-83.07172
2020-09-02T06:09:20.701534271,18.368114,-83.03577
2020-09-02T06:09:20.780881404,18.444359,-83.098526
2020-09-02T06:09:20.783170223,18.3681,-83.03576
2020-09-02T06:09:20.872435569,18.378841,-83.04052
2020-09-02T06:09:20.973907947,18.383186,-83.03805
2020-09-02T06:09:20.975815296,18.368765,-83.113594
2020-09-02T06:09:20.988022804,18.432676,-83.08411
2020-09-02T06:09:20.989930152,18.417274,-83.08337
2020-09-02T06:09:20.991837501,18.42654,-83.076614
2020-09-02T06:09:20.993744850,18.424393,-83.07803
2020-09-02T06:09:20.995652198,18.399471,-83.086716
2020-09-02T06:09:21.071184158,18.368351,-83.07256
2020-09-02T06:09:21.087206363,18.447453,-83.08206
2020-09-02T06:09:23.113223075,18.325668,-83.15114
2020-09-02T06:09:22.904174327,18.28944,-83.108696
2020-09-02T06:09:23.266195297,18.467897,-83.215706
2020-09-02T06:09:27.844665527,18.316486,-83.24772
2020-09-02T06:09:28.027773857,18.32123,-83.26602
2020-09-02T06:09:28.029681205,18.328243,-83.23824
2020-09-02T06:09:28.031588554,18.290966,-83.26425
2020-09-02T06:09:28.091098785,18.290892,-83.26426
2020-09-02T06:09:28.230337142,18.311453,-83.2324
2020-09-02T06:09:28.232244491,18.323833,-83.234856
2020-09-02T06:09:28.234533309,18.317854,-83.23413
2020-09-02T06:09:28.307776451,18.313185,-83.231964
2020-09-02T06:09:28.310065269,18.29067,-83.231316
2020-09-02T06:09:28.311972618,18.307465,-83.23851
2020-09-02T06:09:28.325705528,18.29064,-83.222046
2020-09-02T06:09:28.327994346,18.290716,-83.23156
2020-09-02T06:09:28.331809043,18.290352,-83.18644
2020-09-02T06:09:28.403527259,18.314833,-83.230385
2020-09-02T06:09:28.405434608,18.29073,-83.23401
2020-09-02T06:09:28.451210975,18.290758,-83.230576
2020-09-02T06:09:28.480966567,18.30958,-83.16934
2020-09-02T06:09:28.484781265,18.290714,-83.23682
2020-09-02T06:09:28.516824722,18.29091,-83.26421
2020-09-02T06:09:28.518732070,18.301477,-83.22224
2020-09-02T06:09:28.532465934,18.301657,-83.2221
2020-09-02T06:09:28.534754753,18.29067,-83.2265
2020-09-02T06:09:28.562220573,18.309507,-83.22733
2020-09-02T06:09:28.564509391,18.290627,-83.23362
2020-09-02T06:09:28.570231437,18.29054,-83.21878
2020-09-02T06:09:28.576334953,18.314898,-83.229004
2020-09-02T06:09:28.610286712,18.313187,-83.227776
2020-09-02T06:09:28.641948699,18.31316,-83.22789
2020-09-02T06:09:28.643856048,18.316504,-83.23429
2020-09-02T06:09:28.699551582,18.290361,-83.186386
2020-09-02T06:09:28.725492477,19.59602,-78.46438
2020-09-02T06:09:28.727399826,19.605778,-78.457825
2020-09-02T06:09:28.729307174,19.605368,-78.45932
2020-09-02T06:09:28.731595993,19.604803,-78.4614
2020-09-02T06:09:28.733503341,19.616135,-78.43848
2020-09-02T06:09:28.735410690,19.61618,-78.45394
2020-09-02T06:09:28.737318038,19.616158,-78.43845
2020-09-02T06:09:28.741514205,19.605066,-78.46724
2020-09-02T06:09:28.743421554,19.592264,-78.46105
2020-09-02T06:09:28.745328903,19.597137,-78.46483
2020-09-02T06:09:28.751432418,19.5955,-78.46241
2020-09-02T06:09:28.757154464,19.59053,-78.46145
2020-09-02T06:09:28.759061813,19.616188,-78.43851
2020-09-02T06:09:28.761350631,19.61619,-78.43851
2020-09-02T06:09:28.866638183,19.616205,-78.438545
2020-09-02T06:09:28.868545532,19.616219,-78.43855
2020-09-02T06:09:28.870452880,19.616264,-78.453636
2020-09-02T06:09:28.872741699,19.622355,-78.46447
2020-09-02T06:09:28.874649047,19.614809,-78.45884
2020-09-02T06:09:28.902497291,19.616192,-78.4385
2020-09-02T06:09:28.916230201,19.581675,-78.46594
2020-09-02T06:09:28.922333717,19.613302,-78.46129
2020-09-02T06:09:28.924241065,19.621712,-78.46136
2020-09-02T06:09:28.926148414,19.620518,-78.459465
2020-09-02T06:09:28.928055763,19.62062,-78.4585
2020-09-02T06:09:28.930344581,19.620218,-78.45699
2020-09-02T06:09:28.932251930,19.619774,-78.45726
2020-09-02T06:09:28.934159278,19.62058,-78.45586
2020-09-02T06:09:28.936066627,19.620565,-78.45572
2020-09-02T06:09:28.938355445,19.619944,-78.45645
2020-09-02T06:09:28.940262794,19.619698,-78.45481
2020-09-02T06:09:28.942170143,19.618845,-78.45398
2020-09-02T06:09:28.944077491,19.616238,-78.45448
2020-09-02T06:09:28.945984840,19.616238,-78.45465
2020-09-02T06:09:28.948273658,19.61623,-78.45193
2020-09-02T06:09:28.950181007,19.616228,-78.45135
2020-09-02T06:09:28.952088356,19.616228,-78.45261
2020-09-02T06:09:28.953995704,19.616226,-78.45403
2020-09-02T06:09:28.955904006,19.61622,-78.45324
2020-09-02T06:09:28.958192825,19.616215,-78.45318
2020-09-02T06:09:28.960100173,19.616209,-78.45261
2020-09-02T06:09:28.962007522,19.616217,-78.45152
2020-09-02T06:09:28.963914871,19.616232,-78.45074
2020-09-02T06:09:28.965822219,19.616259,-78.455025
2020-09-02T06:09:28.968111038,19.616266,-78.45075
2020-09-02T06:09:28.970018386,19.616257,-78.4386
2020-09-02T06:09:28.971925735,19.616247,-78.43859
2020-09-02T06:09:28.973833084,19.616224,-78.43856
2020-09-02T06:09:28.976121902,19.616201,-78.43854
2020-09-02T06:09:28.978029251,19.616222,-78.45852
2020-09-02T06:09:28.979936599,19.616156,-78.438484
2020-09-02T06:09:28.981843948,19.616148,-78.43848
2020-09-02T06:09:28.983751296,19.616148,-78.438484
2020-09-02T06:09:28.986040115,19.616148,-78.438484
2020-09-02T06:09:28.987947463,19.616165,-78.447014
2020-09-02T06:09:28.989854812,19.616169,-78.44853
2020-09-02T06:09:28.991762161,19.616194,-78.45436
2020-09-02T06:09:28.993669509,19.616209,-78.450874
2020-09-02T06:09:28.995958328,19.616228,-78.45017
2020-09-02T06:09:28.997865676,19.616243,-78.44714
2020-09-02T06:09:28.999773025,19.61627,-78.450226
2020-09-02T06:09:29.001680374,19.61627,-78.44668
2020-09-02T06:09:29.003587722,19.616251,-78.43845
2020-09-02T06:09:29.005876541,19.616247,-78.43847
2020-09-02T06:09:29.007783889,19.616245,-78.43848
2020-09-02T06:09:29.009691238,19.616243,-78.438484
2020-09-02T06:09:29.011598587,19.616228,-78.43849
2020-09-02T06:09:29.013887405,19.61623,-78.451965
2020-09-02T06:09:29.015794754,19.616175,-78.438484
2020-09-02T06:09:29.017703056,19.616148,-78.438484
2020-09-02T06:09:29.019610404,19.616121,-78.438484
2020-09-02T06:09:29.021517753,19.616114,-78.438484
2020-09-02T06:09:29.023806571,19.616125,-78.438484
2020-09-02T06:09:29.033724784,19.584936,-78.497246
2020-09-02T06:09:29.099338531,19.564165,-78.47462
2020-09-02T06:09:29.101245880,19.569164,-78.44605
2020-09-02T06:09:29.156941413,19.616106,-78.438446
2020-09-02T06:09:29.158848762,19.6161,-78.43842
2020-09-02T06:09:29.160756111,19.61614,-78.45885
2020-09-02T06:09:29.162663459,19.616093,-78.43842
2020-09-02T06:09:29.164952278,19.616089,-78.438446
2020-09-02T06:09:29.166859626,19.616087,-78.43848
2020-09-02T06:09:29.176777839,19.56987,-78.51467
2020-09-02T06:09:29.178685188,19.571426,-78.5147
2020-09-02T06:09:29.180592536,19.61607,-78.43847
2020-09-02T06:09:29.204626083,19.536366,-78.51377
2020-09-02T06:09:29.252309799,19.616072,-78.43847
2020-09-02T06:09:29.254217147,19.587757,-78.49265
2020-09-02T06:09:29.266043663,19.616144,-78.43851
2020-09-02T06:09:29.272147178,19.586472,-78.471214
2020-09-02T06:09:29.291983604,19.678883,-78.346016
2020-09-02T06:09:29.293890953,19.65057,-78.36194
2020-09-02T06:09:29.345771789,19.617136,-78.43146
2020-09-02T06:09:29.347679138,19.616144,-78.43852
2020-09-02T06:09:29.377433776,19.659971,-78.362206
2020-09-02T06:09:29.379341125,19.639698,-78.45737
2020-09-02T06:09:29.383537292,19.627428,-78.461555
2020-09-02T06:09:29.385444641,19.588074,-78.44165
2020-09-02T06:09:29.387351989,19.520079,-78.39355
2020-09-02T06:09:29.411385536,19.665588,-78.3489
2020-09-02T06:09:29.447243690,19.695852,-78.36314
2020-09-02T06:09:29.383537292,19.856447,-78.60005
2020-09-02T06:09:29.385444641,19.856447,-78.60005
2020-09-02T06:09:33.142980575,18.368757,-83.19146
2020-09-02T06:09:33.172735214,18.368673,-83.1914
2020-09-02T06:09:33.174642562,18.34802,-83.190186
2020-09-02T06:09:33.290229797,18.368666,-83.19142
2020-09-02T06:09:33.295951843,18.368658,-83.19141
2020-09-02T06:09:33.341728210,18.368744,-83.19145
2020-09-02T06:09:36.866563796,19.456661,-78.66599
2020-09-02T06:09:36.912340164,19.456661,-78.666
2020-09-02T06:09:36.987873077,19.456673,-78.66593
2020-09-02T06:09:36.991687774,19.45667,-78.665924
2020-09-02T06:09:37.001987457,19.464993,-78.65544
2020-09-02T06:09:37.003894805,19.456732,-78.665985
2020-09-02T06:09:37.007709503,19.456726,-78.66597
2020-09-02T06:09:37.009616851,19.469421,-78.65024
2020-09-02T06:09:37.011905670,19.45669,-78.65554
2020-09-02T06:09:37.017627716,19.456682,-78.66592
2020-09-02T06:09:37.019535064,19.463654,-78.64857
2020-09-02T06:09:37.027545928,19.456648,-78.66592
2020-09-02T06:09:37.029834747,19.4566,-78.64771
2020-09-02T06:09:37.153051376,19.468576,-78.65101
2020-09-02T06:09:38.087285995,18.332685,-83.23711
2020-09-02T06:09:38.101018905,18.290253,-83.26351
2020-09-02T06:09:38.138784408,18.31792,-83.24523
2020-09-02T06:09:38.168920516,18.340956,-83.24669
2020-09-02T06:09:38.176549911,18.34105,-83.24754
2020-09-02T06:09:41.250477790,18.05405,-83.40523
2020-09-02T06:09:41.298162460,18.054182,-83.40523
2020-09-02T06:09:41.351568698,18.054106,-83.40529
2020-09-02T06:09:41.353857517,18.05412,-83.40528
2020-09-02T06:09:41.355764865,18.054134,-83.40527
2020-09-02T06:09:41.357672214,18.054148,-83.405266
2020-09-02T06:09:41.359580039,18.054163,-83.40525
2020-09-02T06:09:41.361487388,18.054272,-83.41771
2020-09-02T06:09:41.365683555,18.05418,-83.40523
2020-09-02T06:09:41.367590904,18.054186,-83.40522
2020-09-02T06:09:41.371405601,18.054195,-83.40521
2020-09-02T06:09:41.399253368,18.055517,-83.41997
2020-09-02T06:09:41.401542186,18.044752,-83.419395
2020-09-02T06:09:41.403449535,18.05419,-83.40528
2020-09-02T06:09:41.441215515,18.051971,-83.419624
2020-09-02T06:09:41.443122863,18.054146,-83.4053
2020-09-02T06:09:41.445030212,18.05414,-83.4053
2020-09-02T06:09:41.447319030,18.054134,-83.40529
2020-09-02T06:09:41.477074146,18.054241,-83.413155
2020-09-02T06:09:41.478981494,18.04476,-83.42768
2020-09-02T06:09:41.510643959,18.054342,-83.41877
2020-09-02T06:09:41.526666164,18.054148,-83.40518
2020-09-02T06:09:41.528573513,18.054161,-83.40516
2020-09-02T06:09:41.530480861,18.05429,-83.41935
2020-09-02T06:09:41.532769680,18.054352,-83.425
2020-09-02T06:09:41.550699234,18.054111,-83.40527
2020-09-02T06:09:41.576258182,18.054144,-83.40527
2020-09-02T06:09:41.578547000,18.039825,-83.41785
2020-09-02T06:09:41.580454349,18.036053,-83.418274
2020-09-02T06:09:41.582361698,18.041761,-83.40455
2020-09-02T06:09:41.584269046,18.054152,-83.40527
2020-09-02T06:09:41.590372562,18.054302,-83.42301
2020-09-02T06:09:41.679637908,18.054073,-83.40523
2020-09-02T06:09:41.691844940,18.054056,-83.405235
2020-09-02T06:09:41.693752288,18.054062,-83.405235
2020-09-02T06:09:41.695659637,18.054068,-83.40524
2020-09-02T06:09:41.753262519,18.054224,-83.41722
2020-09-02T06:09:41.783017635,18.044088,-83.41645
2020-09-02T06:09:41.785306453,18.031797,-83.42802
2020-09-02T06:09:41.787213802,18.023201,-83.40346
2020-09-02T06:09:41.854735374,18.041828,-83.4146
2020-09-02T06:09:41.904326915,18.035463,-83.41776
2020-09-02T06:09:41.953918933,18.041319,-83.41609
2020-09-02T06:09:41.956207752,18.054152,-83.40541
2020-09-02T06:09:43.528650283,18.2903,-83.26429
2020-09-02T06:09:43.725491523,18.26053,-83.26259
2020-09-02T06:09:43.727398872,18.26301,-83.27383
2020-09-02T06:09:43.731595039,18.290297,-83.26435
2020-09-02T06:09:43.733502388,18.29031,-83.26434
2020-09-02T06:09:43.761350631,18.267628,-83.262955
2020-09-02T06:09:43.763257980,18.290314,-83.26429
2020-09-02T06:09:43.765165328,18.274605,-83.27184
2020-09-02T06:09:43.767072677,18.272127,-83.278076
2020-09-02T06:09:43.781187057,18.290377,-83.264336
2020-09-02T06:09:43.783094406,18.290367,-83.26432
2020-09-02T06:09:43.842604637,18.290354,-83.26434
2020-09-02T06:09:43.844893455,18.27595,-83.27105
2020-09-02T06:09:43.846800804,18.264175,-83.27993
2020-09-02T06:09:43.854811668,18.290325,-83.26436
2020-09-02T06:09:43.970017433,18.270655,-83.27755
2020-09-02T06:09:43.971924781,18.261892,-83.28436
2020-09-02T06:09:43.973832130,18.290346,-83.264496
2020-09-02T06:09:43.976120948,18.290348,-83.26449
2020-09-02T06:09:43.978028297,18.274597,-83.27501
2020-09-02T06:09:43.983750343,18.310549,-83.20196
2020-09-02T06:09:43.987946510,18.313461,-83.187996
2020-09-02T06:09:43.999772071,18.274492,-83.27309
2020-09-02T06:09:44.025712966,18.320568,-83.188416
2020-09-02T06:09:44.027620315,18.321352,-83.18847
2020-09-02T06:09:44.029527664,18.276688,-83.27198
2020-09-02T06:09:44.031435012,18.267052,-83.27645
2020-09-02T06:09:44.053560256,18.28984,-83.186584
2020-09-02T06:09:44.067294120,18.290453,-83.27807
2020-09-02T06:09:44.073397636,18.289713,-83.18659
2020-09-02T06:09:44.103152275,18.2904,-83.264404
2020-09-02T06:09:44.105059623,18.290407,-83.2644
2020-09-02T06:09:44.107348442,18.317616,-83.18825
2020-09-02T06:09:44.127184867,18.272877,-83.27221
2020-09-02T06:09:44.164951324,18.268415,-83.26304
2020-09-02T06:09:44.202717781,18.290434,-83.264336
2020-09-02T06:09:44.299993515,18.289888,-83.186615
2020-09-02T06:09:44.552530288,18.211857,-83.2916
2020-09-02T06:09:44.554437637,18.211607,-83.25964
2020-09-02T06:09:44.558633804,18.211832,-83.28631
2020-09-02T06:09:44.564356803,18.21182,-83.28497
2020-09-02T06:09:44.566264152,18.211615,-83.25962
2020-09-02T06:09:44.568552970,18.21161,-83.259605
2020-09-02T06:09:44.594111442,18.211622,-83.259605
2020-09-02T06:09:44.596400260,18.211798,-83.28179
2020-09-02T06:09:44.612040519,18.211594,-83.25968
2020-09-02T06:09:44.613947868,18.2027,-83.274536
2020-09-02T06:09:44.631877899,18.19235,-83.25847
2020-09-02T06:09:44.657817840,18.182177,-83.25791
2020-09-02T06:09:44.659725189,18.132702,-83.25501
2020-09-02T06:09:44.687573432,18.16871,-83.25709
2020-09-02T06:09:44.874496459,18.184488,-83.25814
2020-09-02T06:09:45.071337699,18.211594,-83.259575
2020-09-02T06:09:47.291907310,18.309826,-83.244934
2020-09-02T06:09:47.335776329,18.308018,-83.248
2020-09-02T06:09:47.377357482,18.290535,-83.26437
2020-09-02T06:09:52.013811111,17.114264,-83.478615
2020-09-02T06:09:52.015718460,17.102009,-83.48254
2020-09-02T06:09:52.019916534,17.100605,-83.48013
2020-09-02T06:09:52.021823883,17.101664,-83.47858
2020-09-02T06:09:52.025638580,17.093136,-83.485565
2020-09-02T06:09:52.027927398,17.114418,-83.50599
2020-09-02T06:09:52.029834747,17.114243,-83.47933
2020-09-02T06:09:52.031742095,17.106413,-83.48123
2020-09-02T06:09:52.033649444,17.117912,-83.477
2020-09-02T06:09:52.035556793,17.122423,-83.47793
2020-09-02T06:09:52.037845611,17.123001,-83.478485
2020-09-02T06:09:52.039752960,17.121561,-83.48016
2020-09-02T06:09:52.041660308,17.130093,-83.476906
2020-09-02T06:09:52.043567657,17.128637,-83.47615
2020-09-02T06:09:52.045856475,17.132738,-83.474686
2020-09-02T06:09:52.047763824,17.135899,-83.4746
2020-09-02T06:09:52.049671173,17.13099,-83.47467
2020-09-02T06:09:52.051578521,17.140436,-83.46412
2020-09-02T06:09:52.053485870,17.145428,-83.46083
2020-09-02T06:09:52.055774688,17.142313,-83.46123
2020-09-02T06:09:52.057682037,17.142159,-83.48152
2020-09-02T06:09:52.059589385,17.137266,-83.48926
2020-09-02T06:09:52.061496734,17.144716,-83.45914
2020-09-02T06:09:52.063404083,17.114199,-83.461555
2020-09-02T06:09:52.065692901,17.145332,-83.459854
2020-09-02T06:09:52.067600250,17.13678,-83.46321
2020-09-02T06:09:52.069507598,17.125444,-83.472404
2020-09-02T06:09:52.071414947,17.13733,-83.47575
2020-09-02T06:09:52.073322296,17.142227,-83.47991
2020-09-02T06:09:52.075611114,17.114248,-83.48197
2020-09-02T06:09:52.077518463,17.142332,-83.49482
2020-09-02T06:09:52.079425811,17.142721,-83.47669
2020-09-02T06:09:52.081333160,17.143566,-83.49059
2020-09-02T06:09:52.083621978,17.144773,-83.48623
2020-09-02T06:09:52.085529327,17.152988,-83.49135
2020-09-02T06:09:52.087436676,17.153116,-83.50169
2020-09-02T06:09:52.089344024,17.162384,-83.50128
2020-09-02T06:09:52.091251373,17.14633,-83.49385
2020-09-02T06:09:52.093540191,17.166733,-83.50905
2020-09-02T06:09:52.095447540,17.169771,-83.51204
2020-09-02T06:09:52.097354888,17.164303,-83.508835
2020-09-02T06:09:52.099262237,17.192734,-83.52396
2020-09-02T06:09:52.101169586,17.175928,-83.522255
2020-09-02T06:09:52.103458404,17.192616,-83.51043
2020-09-02T06:09:52.105365753,17.192621,-83.51046
2020-09-02T06:09:52.107273101,17.196934,-83.53024
2020-09-02T06:09:52.111087799,17.192822,-83.53402
2020-09-02T06:09:52.117191314,17.19281,-83.530106
2020-09-02T06:09:52.119098663,17.192665,-83.5105
2020-09-02T06:09:52.125202178,17.160036,-83.43139
2020-09-02T06:09:52.129016876,17.164793,-83.50888
2020-09-02T06:09:52.131305694,17.141989,-83.45201
2020-09-02T06:09:52.133213043,17.148668,-83.430756
2020-09-02T06:09:52.135120391,17.14432,-83.44709
2020-09-02T06:09:52.137027740,17.15183,-83.43095
2020-09-02T06:09:52.138935089,17.136795,-83.45681
2020-09-02T06:09:52.141223907,17.149166,-83.43082
2020-09-02T06:09:52.143133163,17.149897,-83.43086
2020-09-02T06:09:52.145040512,17.149765,-83.43086
2020-09-02T06:09:52.146947860,17.154472,-83.43114
2020-09-02T06:09:52.159154891,17.154184,-83.43116
2020-09-02T06:09:52.161062240,17.089329,-83.489914
2020-09-02T06:09:52.162969589,17.140812,-83.496025
2020-09-02T06:09:52.164876937,17.1139,-83.428894
2020-09-02T06:09:52.166784286,17.114342,-83.486336
2020-09-02T06:09:52.284278869,17.03634,-83.501595
2020-09-02T06:09:53.373771667,19.457127,-78.66659
2020-09-02T06:09:53.375679016,19.457138,-78.66658
2020-09-02T06:09:53.415353775,19.45717,-78.66661
2020-09-02T06:09:53.431375503,19.45718,-78.66668
2020-09-02T06:09:54.043643951,18.290573,-83.18683
2020-09-02T06:09:54.129095077,18.290556,-83.18672
2020-09-02T06:09:54.222555160,18.290434,-83.16885
2020-09-02T06:09:54.258415222,18.301464,-83.17176
2020-09-02T06:09:54.314109802,18.290405,-83.17028
2020-09-02T06:09:54.343864440,18.290564,-83.18683
2020-09-02T06:09:54.345771789,18.290558,-83.18683
2020-09-02T06:09:58.968112945,18.321177,-83.189285
2020-09-02T06:09:58.970020294,18.325527,-83.189514
2020-09-02T06:09:58.976123809,18.290201,-83.187454
2020-09-02T06:09:58.986042022,18.320843,-83.18928
2020-09-02T06:09:59.061573028,18.290201,-83.18753
2020-09-02T06:09:59.063480377,18.298183,-83.20136
2020-09-02T06:09:59.065387725,18.30559,-83.2044
2020-09-02T06:09:59.152746200,18.304327,-83.19919
2020-09-02T06:09:59.155035018,18.310404,-83.21097
2020-09-02T06:09:59.206535339,18.290297,-83.18758
2020-09-02T06:09:59.288169860,18.290213,-83.18758
2020-09-02T06:09:59.290077209,18.30702,-83.208626
2020-09-02T06:09:59.316017150,18.290197,-83.18754
2020-09-02T06:09:59.329751968,18.290224,-83.18751
2020-09-02T06:09:59.339670181,18.290234,-83.18751
2020-09-02T06:09:59.363699437,18.286701,-82.721436
2020-09-02T06:09:59.419394970,18.286604,-82.7214
2020-09-02T06:09:59.421302319,18.370049,-82.736244
2020-09-02T06:09:59.419394970,18.4447,-82.73016
2020-09-02T06:09:59.457160950,18.444786,-82.730194
2020-09-02T06:09:59.457160950,18.28669,-82.721436
2020-09-02T06:09:59.504845620,18.33268,-82.74963
2020-09-02T06:09:59.522774697,18.336657,-82.74331
2020-09-02T06:09:59.524682045,18.300823,-82.767334
2020-09-02T06:09:59.526589394,18.32518,-82.76235
2020-09-02T06:09:59.528496743,18.310963,-82.74545
2020-09-02T06:09:59.580377579,18.287298,-82.776405
2020-09-02T06:09:59.582284928,18.336788,-82.761894
2020-09-02T06:09:59.584192277,18.2868,-82.7214
2020-09-02T06:09:59.628062249,18.31163,-82.78777
2020-09-02T06:09:59.629969597,18.33378,-82.7805
2020-09-02T06:09:59.631876946,18.286808,-82.72134
2020-09-02T06:09:59.687572480,18.287218,-82.799
2020-09-02T06:09:59.689861298,18.30838,-82.82404
2020-09-02T06:09:59.878691674,18.381222,-82.895775
2020-09-02T06:10:03.936065673,18.311749,-83.265884
2020-09-02T06:10:03.938354492,18.29088,-83.26465
2020-09-02T06:10:04.027620315,18.317015,-83.26612
2020-09-02T06:10:04.029527664,18.290932,-83.26457
2020-09-02T06:10:04.073397636,18.290968,-83.2646
2020-09-02T06:10:04.075304985,18.311504,-83.26581
2020-09-02T06:10:04.155033111,18.31391,-83.259
2020-09-02T06:10:04.156940460,18.31888,-83.266174
2020-09-02T06:10:04.202717781,18.315517,-83.26606
2020-09-02T06:10:04.212635993,18.31336,-83.2659
2020-09-02T06:10:04.216450691,18.290998,-83.264565
2020-09-02T06:10:04.220646858,18.291012,-83.26454
2020-09-02T06:10:04.240483283,18.309881,-83.26576
2020-09-02T06:10:04.242390632,18.290924,-83.264626
2020-09-02T06:10:04.244297981,18.320305,-83.26636
2020-09-02T06:10:04.270238876,18.312075,-83.26588
2020-09-02T06:10:04.377433776,18.312506,-83.26593
2020-09-02T06:10:04.383537292,18.290852,-83.264656
2020-09-02T06:10:04.401466369,18.290916,-83.26463
2020-09-02T06:10:04.452965736,18.290852,-83.26469
2020-09-02T06:10:04.520868301,18.290922,-83.26464
2020-09-02T06:10:04.558633804,18.29094,-83.26455
2020-09-02T06:10:07.304114341,18.326572,-83.23303
2020-09-02T06:10:07.361717224,18.330273,-83.23383
2020-09-02T06:10:07.483026504,18.337368,-83.23393
2020-09-02T06:10:07.484933853,18.336895,-83.24452
2020-09-02T06:10:07.508966445,18.327492,-83.23125
2020-09-02T06:10:07.516595840,18.330616,-83.232956
2020-09-02T06:10:07.999925613,18.256226,-83.141075
2020-09-02T06:10:08.059435844,18.256638,-83.15832
2020-09-02T06:10:08.160908699,18.25103,-83.155365
2020-09-02T06:10:08.246358871,18.236282,-83.13851
2020-09-02T06:10:08.248266220,18.241673,-83.15483
2020-09-02T06:10:08.303961753,18.229233,-83.14825
2020-09-02T06:10:08.305869102,18.248854,-83.14813
2020-09-02T06:10:10.063326835,19.425098,-82.16223
2020-09-02T06:10:10.065234184,19.44957,-82.161995
2020-09-02T06:10:10.067523002,19.440948,-82.17297
2020-09-02T06:10:10.069431304,19.474693,-82.16336
2020-09-02T06:10:10.115207672,19.4747,-82.1634
2020-09-02T06:10:10.117115020,19.455467,-82.1689
2020-09-02T06:10:10.119022369,19.461834,-82.16298
2020-09-02T06:10:10.130848884,19.474634,-82.16337
2020-09-02T06:10:10.132756233,19.474653,-82.16336
2020-09-02T06:10:10.144963264,19.474663,-82.154175
2020-09-02T06:10:10.158696174,19.474716,-82.16335
2020-09-02T06:10:10.160603523,19.474712,-82.16336
2020-09-02T06:10:10.162892341,19.4747,-82.16336
2020-09-02T06:10:10.178532600,19.47462,-82.150665
2020-09-02T06:10:10.180821418,19.471727,-82.15667
2020-09-02T06:10:10.192647933,19.474707,-82.16334
2020-09-02T06:10:10.194555282,19.474697,-82.163345
2020-09-02T06:10:10.202566146,19.474678,-82.163345
2020-09-02T06:10:10.204473495,19.47469,-82.16334
2020-09-02T06:10:10.210577011,19.474726,-82.16332
2020-09-02T06:10:10.212484359,19.454565,-82.162224
2020-09-02T06:10:10.214391708,19.474714,-82.16332
2020-09-02T06:10:10.216299057,19.474709,-82.16332
2020-09-02T06:10:10.220495223,19.474697,-82.16333
2020-09-02T06:10:10.222402572,19.4747,-82.16333
2020-09-02T06:10:10.228506088,19.474709,-82.16332
2020-09-02T06:10:10.252157211,19.479902,-82.16223
2020-09-02T06:10:10.254065513,19.479156,-82.16032
2020-09-02T06:10:10.256354331,19.474718,-82.16337
2020-09-02T06:10:10.297934532,19.438908,-82.16672
2020-09-02T06:10:10.299841880,19.474754,-82.1633
2020-09-02T06:10:10.301749229,19.474754,-82.16331
2020-09-02T06:10:10.317771911,19.479324,-82.16057
2020-09-02T06:10:10.319679260,19.474571,-82.15018
2020-09-02T06:10:10.321968078,19.474669,-82.163345
2020-09-02T06:10:10.343711853,19.474691,-82.163284
2020-09-02T06:10:10.345619201,19.425852,-82.160805
2020-09-02T06:10:10.363548278,19.438835,-82.16538
2020-09-02T06:10:10.365455627,19.445751,-82.161644
2020-09-02T06:10:10.367362976,19.440485,-82.161316
2020-09-02T06:10:10.371559143,19.474676,-82.16313
2020-09-02T06:10:10.397500038,19.424208,-82.160484
2020-09-02T06:10:10.399407386,19.43568,-82.161064
2020-09-02T06:10:10.401314735,19.47478,-82.16318
2020-09-02T06:10:10.429162025,19.43341,-82.162796
2020-09-02T06:10:10.440988540,19.474703,-82.16325
2020-09-02T06:10:10.578319549,19.446371,-82.16433
2020-09-02T06:10:10.617992401,19.44145,-82.16997
2020-09-02T06:10:10.642025947,19.554585,-82.167625
2020-09-02T06:10:10.643933296,19.43592,-82.16809
2020-09-02T06:10:10.739301681,18.291195,-83.18689
2020-09-02T06:10:10.747312545,18.29112,-83.18689
2020-09-02T06:10:10.765242576,18.308577,-83.167725
2020-09-02T06:10:10.781264305,18.291117,-83.18678
2020-09-02T06:10:15.061420440,19.458246,-79.28593
2020-09-02T06:10:15.063327789,19.458277,-79.293106
2020-09-02T06:10:15.065616607,19.458261,-79.28587
2020-09-02T06:10:15.067523956,19.45827,-79.28584
2020-09-02T06:10:15.069431304,19.458275,-79.28581
2020-09-02T06:10:15.071338653,19.458273,-79.2858
2020-09-02T06:10:15.073246002,19.458254,-79.28579
2020-09-02T06:10:15.079349517,19.458197,-79.285774
2020-09-02T06:10:15.089267730,19.458267,-79.28585
2020-09-02T06:10:15.093463897,19.458273,-79.28585
2020-09-02T06:10:15.095371246,19.45827,-79.285835
2020-09-02T06:10:15.097278594,19.458303,-79.29716
2020-09-02T06:10:15.099185943,19.458261,-79.285805
2020-09-02T06:10:15.101093292,19.458303,-79.298935
2020-09-02T06:10:15.103382110,19.45826,-79.285805
2020-09-02T06:10:15.111011505,19.458261,-79.285835
2020-09-02T06:10:15.174718856,19.458197,-79.2858
2020-09-02T06:10:15.176626205,19.458218,-79.28581
2020-09-02T06:10:15.178915023,19.458239,-79.28583
2020-09-02T06:10:15.180822372,19.45826,-79.285835
2020-09-02T06:10:15.182729721,19.458282,-79.285835
2020-09-02T06:10:15.184637069,19.458307,-79.285835
2020-09-02T06:10:15.186925888,19.45833,-79.28583
2020-09-02T06:10:15.188833236,19.458355,-79.28583
2020-09-02T06:10:15.190740585,19.458376,-79.28583
2020-09-02T06:10:15.192647933,19.458347,-79.285835
2020-09-02T06:10:15.194555282,19.458317,-79.28584
2020-09-02T06:10:15.204473495,19.458242,-79.28584
2020-09-02T06:10:15.206762313,19.458248,-79.285835
2020-09-02T06:10:15.208669662,19.477875,-79.28647
2020-09-02T06:10:15.210577011,19.477129,-79.28644
2020-09-02T06:10:15.212484359,19.477283,-79.286446
2020-09-02T06:10:15.214391708,19.479843,-79.281555
2020-09-02T06:10:15.216680526,19.481268,-79.279205
2020-09-02T06:10:15.218587875,19.476786,-79.28092
2020-09-02T06:10:15.220495223,19.480465,-79.27581
2020-09-02T06:10:15.222402572,19.478542,-79.278114
2020-09-02T06:10:15.224691390,19.458256,-79.285835
2020-09-02T06:10:15.226598739,19.458246,-79.285835
2020-09-02T06:10:17.763412475,17.995127,-83.410805
2020-09-02T06:10:17.771423339,17.976204,-83.40108
2020-09-02T06:10:17.777145385,17.976152,-83.40107
2020-09-02T06:10:17.779052734,17.991064,-83.41388
2020-09-02T06:10:17.781341552,17.989769,-83.4122
2020-09-02T06:10:17.783248901,17.990417,-83.41396
2020-09-02T06:10:17.785156250,17.97613,-83.40105
2020-09-02T06:10:17.787063598,17.976133,-83.40104
2020-09-02T06:10:17.806900024,17.976137,-83.4011
2020-09-02T06:10:17.809188842,17.97614,-83.40111
2020-09-02T06:10:17.811096191,17.976143,-83.40111
2020-09-02T06:10:17.813003540,17.97622,-83.40953
2020-09-02T06:10:17.814910888,17.982101,-83.40945
2020-09-02T06:10:17.816818237,17.98154,-83.40912
2020-09-02T06:10:17.819107055,17.9827,-83.41016
2020-09-02T06:10:17.821014404,17.976183,-83.40104
2020-09-02T06:10:17.874803543,17.976147,-83.401054
2020-09-02T06:10:17.876710891,17.980799,-83.41077
2020-09-02T06:10:17.878618240,17.976242,-83.41122
2020-09-02T06:10:17.880525588,17.976166,-83.40107
2020-09-02T06:10:17.882432937,17.97618,-83.40107
2020-09-02T06:10:17.884721755,17.976192,-83.40106
2020-09-02T06:10:17.886629104,17.976208,-83.40106
2020-09-02T06:10:17.888536453,17.982327,-83.40141
2020-09-02T06:10:17.890443801,17.98321,-83.40146
2020-09-02T06:10:17.892351150,17.976233,-83.401054
2020-09-02T06:10:17.894639968,17.97623,-83.40106
2020-09-02T06:10:17.896547317,17.976229,-83.40107
2020-09-02T06:10:17.898454666,17.979784,-83.40129
2020-09-02T06:10:17.900362014,17.976223,-83.401085
2020-09-02T06:10:17.902650833,17.97622,-83.401085
2020-09-02T06:10:17.904558181,17.976177,-83.39618
2020-09-02T06:10:17.906465530,17.979393,-83.39651
2020-09-02T06:10:17.908372879,17.980165,-83.397156
2020-09-02T06:10:17.910280227,17.976126,-83.39126
2020-09-02T06:10:17.950334548,17.97629,-83.401085
2020-09-02T06:10:17.952241897,17.976284,-83.40109
2020-09-02T06:10:17.954149246,17.982967,-83.39166
2020-09-02T06:10:17.956056594,17.976267,-83.4011
2020-09-02T06:10:17.957963943,17.976131,-83.385254
2020-09-02T06:10:17.960254669,17.982899,-83.388794
2020-09-02T06:10:17.962162017,17.98552,-83.389336
2020-09-02T06:10:17.964069366,17.976076,-83.38343
2020-09-02T06:10:17.970172882,17.975546,-83.32343
2020-09-02T06:10:17.972080230,17.975851,-83.361946
2020-09-02T06:10:18.029682159,17.97628,-83.41314
2020-09-02T06:10:18.033496856,17.976187,-83.40108
2020-09-02T06:10:18.035785675,17.986511,-83.411705
2020-09-02T06:10:18.039600372,17.976198,-83.4011
2020-09-02T06:10:18.041507720,17.976204,-83.4011
2020-09-02T06:10:18.043796539,17.976208,-83.401085
2020-09-02T06:10:18.045703887,17.976213,-83.40107
2020-09-02T06:10:18.057529449,17.9762,-83.401054
2020-09-02T06:10:18.061344146,17.9764,-83.42709
2020-09-02T06:10:18.063632965,17.976456,-83.432724
2020-09-02T06:10:18.065540313,17.976398,-83.42463
2020-09-02T06:10:18.067447662,17.986017,-83.422455
2020-09-02T06:10:18.069355010,17.976225,-83.401115
2020-09-02T06:10:18.073551177,17.976208,-83.401115
2020-09-02T06:10:18.091482162,17.976202,-83.40104
2020-09-02T06:10:18.109411239,17.976519,-83.4407
2020-09-02T06:10:18.111318588,17.981266,-83.428116
2020-09-02T06:10:18.113225936,17.976496,-83.43762
2020-09-02T06:10:18.115133285,17.981,-83.42901
2020-09-02T06:10:18.117040634,17.976454,-83.43144
2020-09-02T06:10:18.119329452,17.976213,-83.40108
2020-09-02T06:10:18.123144149,17.976206,-83.40108
2020-09-02T06:10:18.230339050,17.976187,-83.40104
2020-09-02T06:10:18.232627868,17.985905,-83.39317
2020-09-02T06:10:18.234535217,17.98754,-83.38521
2020-09-02T06:10:18.236442565,17.97597,-83.37736
2020-09-02T06:10:18.240257263,17.976044,-83.38936
2020-09-02T06:10:18.242546081,17.976154,-83.40111
2020-09-02T06:10:18.286033630,17.980974,-83.38928
2020-09-02T06:10:18.288322448,17.988174,-83.3877
2020-09-02T06:10:18.290229797,17.98175,-83.38891
2020-09-02T06:10:18.292137145,17.986273,-83.38913
2020-09-02T06:10:18.294044494,17.982264,-83.38021
2020-09-02T06:10:18.295951843,17.98414,-83.38429
2020-09-02T06:10:18.298240661,17.98653,-83.3865
2020-09-02T06:10:18.300148010,17.993567,-83.37281
2020-09-02T06:10:18.305870056,17.975605,-83.32342
2020-09-02T06:10:18.308158874,17.975864,-83.35634
2020-09-02T06:10:18.310066223,17.980034,-83.361855
2020-09-02T06:10:18.311973571,17.984564,-83.37654
2020-09-02T06:10:18.313880920,17.985497,-83.389
2020-09-02T06:10:18.331811904,17.97811,-83.351166
2020-09-02T06:10:18.333719253,17.976015,-83.37087
2020-09-02T06:10:18.336008071,17.97626,-83.40106
2020-09-02T06:10:18.345926284,17.979515,-83.358986
2020-09-02T06:10:18.347833633,17.984732,-83.37374
2020-09-02T06:10:18.349740982,17.980392,-83.3685
2020-09-02T06:10:18.351648330,17.980074,-83.367966
2020-09-02T06:10:18.353937149,17.979078,-83.368454
2020-09-02T06:10:18.355844497,17.976007,-83.36696
2020-09-02T06:10:18.357751846,17.97596,-83.36212
2020-09-02T06:10:18.359659194,17.975897,-83.355354
2020-09-02T06:10:18.361566543,17.96243,-83.34139
2020-09-02T06:10:18.363855361,17.97299,-83.34835
2020-09-02T06:10:18.365762710,17.983398,-83.3777
2020-09-02T06:10:18.367670059,18.05439,-83.32805
2020-09-02T06:10:18.367670059,17.980177,-83.37575
2020-09-02T06:10:18.375680923,17.93481,-83.31044
2020-09-02T06:10:18.377588272,17.975927,-83.36818
2020-09-02T06:10:18.379495620,17.943472,-83.32798
2020-09-02T06:10:18.381784439,17.945549,-83.32898
2020-09-02T06:10:18.383691787,17.951305,-83.335846
2020-09-02T06:10:18.385599136,17.976242,-83.400986
2020-09-02T06:10:18.387506484,17.976261,-83.40099
2020-09-02T06:10:18.389413833,17.97566,-83.32335
2020-09-02T06:10:18.401620864,17.896551,-83.26728
2020-09-02T06:10:18.407342910,17.907454,-83.26588
2020-09-02T06:10:18.409250259,17.922201,-83.27747
2020-09-02T06:10:18.411539077,17.936602,-83.30979
2020-09-02T06:10:18.413446426,17.976095,-83.3834
2020-09-02T06:10:18.425271987,17.91005,-83.25202
2020-09-02T06:10:18.427179336,17.918655,-83.26674
2020-09-02T06:10:18.429468154,17.935432,-83.28183
2020-09-02T06:10:18.437097549,17.896227,-83.241264
2020-09-02T06:10:18.439386367,17.89623,-83.24127
2020-09-02T06:10:18.461132049,17.896223,-83.241234
2020-09-02T06:10:18.463039398,17.925545,-83.24294
2020-09-02T06:10:18.508815765,17.976212,-83.401054
2020-09-02T06:10:18.510723114,17.976208,-83.40107
2020-09-02T06:10:18.530559539,17.976187,-83.40106
2020-09-02T06:10:18.538570404,17.896254,-83.24124
2020-09-02T06:10:18.598463058,17.989885,-83.40193
2020-09-02T06:10:18.600370407,17.976213,-83.401115
2020-09-02T06:10:18.606092453,17.976185,-83.40107
2020-09-02T06:10:18.643857955,17.976181,-83.401115
2020-09-02T06:10:18.707565307,18.290113,-83.207375
2020-09-02T06:10:18.767074584,18.2755,-83.19725
2020-09-02T06:10:18.783096313,18.289957,-83.18654
2020-09-02T06:10:18.826967239,18.26557,-83.18509
2020-09-02T06:10:18.852907180,18.289986,-83.18662
2020-09-02T06:10:21.719692707,18.289698,-83.18669
2020-09-02T06:10:21.787213802,18.325907,-83.188934
2020-09-02T06:10:21.789121150,18.2897,-83.1868
2020-09-02T06:10:21.800947189,18.328884,-83.189125
2020-09-02T06:10:21.810865402,18.289715,-83.18684
2020-09-02T06:10:23.220417976,18.33545,-83.25102
2020-09-02T06:10:23.284124374,18.343113,-83.253006
2020-09-02T06:10:23.318075180,18.290592,-83.26478
2020-09-02T06:10:23.383688926,18.335194,-83.25673
2020-09-02T06:10:23.385597229,18.33144,-83.267204
2020-09-02T06:10:23.453118324,18.37214,-83.25749
2020-09-02T06:10:23.459221839,18.338078,-83.25411
2020-09-02T06:10:23.516824722,18.331163,-83.25158
2020-09-02T06:10:23.550394058,18.353209,-83.26343
2020-09-02T06:10:23.570230484,18.353846,-83.26076
2020-09-02T06:10:23.582438468,18.34752,-83.25097
2020-09-02T06:10:23.592356681,18.33702,-83.26744
2020-09-02T06:10:23.622111320,18.336733,-83.25568
2020-09-02T06:10:23.635845184,18.341957,-83.25132
2020-09-02T06:10:23.723584175,18.369616,-83.26947
2020-09-02T06:10:23.737317085,18.343262,-83.252365
2020-09-02T06:10:23.759443283,18.337194,-83.26751
2020-09-02T06:10:30.455484390,18.304668,-77.136604
2020-09-02T06:10:30.457391738,18.314533,-77.12599
2020-09-02T06:10:30.459299087,18.343721,-77.10329
2020-09-02T06:10:30.461206436,18.322857,-77.12365
2020-09-02T06:10:30.463495254,18.324835,-77.122025
2020-09-02T06:10:30.465402603,18.332903,-77.116714
2020-09-02T06:10:30.467309951,18.339098,-77.116
2020-09-02T06:10:30.469217300,18.324331,-77.116806
2020-09-02T06:10:30.471124649,18.343655,-77.11183
2020-09-02T06:10:30.473413467,18.343662,-77.103775
2020-09-02T06:10:30.475320816,18.343672,-77.103294
2020-09-02T06:10:30.477228164,18.321848,-77.11748
2020-09-02T06:10:30.479135513,18.343689,-77.10329
2020-09-02T06:10:30.481042861,18.343695,-77.10329
2020-09-02T06:10:30.483331680,18.343678,-77.0991
2020-09-02T06:10:30.485239028,18.343664,-77.103264
2020-09-02T06:10:30.487146377,18.304161,-77.112885
2020-09-02T06:10:30.489053726,18.305136,-77.10264
2020-09-02T06:10:30.490961074,18.345707,-77.10041
2020-09-02T06:10:30.493249893,18.343624,-77.10324
2020-09-02T06:10:30.495157241,18.343626,-77.10324
2020-09-02T06:10:30.498971939,18.296795,-77.10253
2020-09-02T06:10:30.501260757,18.301966,-77.11117
2020-09-02T06:10:30.505076408,18.279772,-77.10229
2020-09-02T06:10:30.506983757,18.293295,-77.10579
2020-09-02T06:10:30.508891105,18.308228,-77.10275
2020-09-02T06:10:30.511179924,18.289835,-77.0943
2020-09-02T06:10:30.513087272,18.295458,-77.10155
2020-09-02T06:10:30.514994621,18.290335,-77.083725
2020-09-02T06:10:30.516901969,18.302525,-77.1016
2020-09-02T06:10:30.521098136,18.293953,-77.07193
2020-09-02T06:10:30.523005485,18.299084,-77.08588
2020-09-02T06:10:30.524912834,18.264803,-77.10208
2020-09-02T06:10:30.526820182,18.308054,-77.0575
2020-09-02T06:10:30.529109001,18.26479,-77.10206
2020-09-02T06:10:30.531016349,18.343622,-77.02669
2020-09-02T06:10:30.532923698,18.310032,-77.05879
2020-09-02T06:10:30.534831047,18.343618,-77.02669
2020-09-02T06:10:30.539027214,18.314157,-77.04515
2020-09-02T06:10:30.540934562,18.34361,-77.02669
2020-09-02T06:10:30.542841911,18.329224,-77.04044
2020-09-02T06:10:30.544749259,18.343626,-77.02668
2020-09-02T06:10:30.554667472,18.334402,-77.03609
2020-09-02T06:10:30.556574821,18.320549,-77.05797
2020-09-02T06:10:30.558863639,18.328205,-77.046036
2020-09-02T06:10:30.560770988,18.323433,-77.055626
2020-09-02T06:10:30.562678337,18.326885,-77.054695
2020-09-02T06:10:30.566875457,18.34368,-77.02664
2020-09-02T06:10:30.568782806,18.33986,-77.02544
2020-09-02T06:10:30.570690155,18.336857,-77.03147
2020-09-02T06:10:30.572597503,18.343699,-77.01669
2020-09-02T06:10:30.574504852,18.343676,-77.02668
2020-09-02T06:10:30.576793670,18.338352,-77.01985
2020-09-02T06:10:30.578701019,18.343634,-77.02671
2020-09-02T06:10:30.580608367,18.34361,-77.00675
2020-09-02T06:10:30.582515716,18.343616,-77.0103
2020-09-02T06:10:30.584423065,18.336555,-77.0248
2020-09-02T06:10:30.586711883,18.330656,-77.02992
2020-09-02T06:10:30.588619232,18.31998,-77.04184
2020-09-02T06:10:30.590526580,18.32234,-77.03823
2020-09-02T06:10:30.592433929,18.32356,-77.03184
2020-09-02T06:10:30.594341278,18.320158,-77.04064
2020-09-02T06:10:30.596630096,18.32787,-77.03983
2020-09-02T06:10:30.598537445,18.318432,-77.05076
2020-09-02T06:10:30.600444793,18.34363,-77.02666
2020-09-02T06:10:30.602352142,18.343634,-77.02666
2020-09-02T06:10:30.604640960,18.34364,-76.99223
2020-09-02T06:10:31.383613586,19.597214,-78.43848
2020-09-02T06:10:31.385520935,19.603415,-78.43217
2020-09-02T06:10:31.387428283,19.605326,-78.431076
2020-09-02T06:10:31.395439147,19.615084,-78.438896
2020-09-02T06:10:31.401544570,19.615057,-78.42677
2020-09-02T06:10:31.403451919,19.61507,-78.438934
2020-09-02T06:10:31.405359268,19.615057,-78.43894
2020-09-02T06:10:31.409555435,19.61503,-78.43895
2020-09-02T06:10:31.411462783,19.614964,-78.41135
2020-09-02T06:10:31.415277481,19.614943,-78.39976
2020-09-02T06:10:31.417566299,19.614971,-78.41294
2020-09-02T06:10:31.427484512,19.614971,-78.40062
2020-09-02T06:10:31.431299209,19.614971,-78.39512
2020-09-02T06:10:31.433206558,19.615007,-78.4135
2020-09-02T06:10:31.437402725,19.615,-78.41088
2020-09-02T06:10:31.439310073,19.615057,-78.43899
2020-09-02T06:10:31.441217422,19.615055,-78.43899
2020-09-02T06:10:31.445032119,19.61502,-78.43132
2020-09-02T06:10:31.449228286,19.614996,-78.4271
2020-09-02T06:10:31.451135635,19.614935,-78.400055
2020-09-02T06:10:31.453042984,19.615028,-78.43903
2020-09-02T06:10:31.455331802,19.614967,-78.40449
2020-09-02T06:10:31.457239151,19.615051,-78.43901
2020-09-02T06:10:31.459146499,19.614994,-78.40694
2020-09-02T06:10:31.461053848,19.61507,-78.43899
2020-09-02T06:10:31.462961196,19.614971,-78.39259
2020-09-02T06:10:31.465250015,19.61503,-78.42181
2020-09-02T06:10:31.469064712,19.614943,-78.382614
2020-09-02T06:10:31.470972061,19.614943,-78.382774
2020-09-02T06:10:31.472879409,19.614939,-78.380745
2020-09-02T06:10:31.475168228,19.61506,-78.438965
2020-09-02T06:10:31.482797622,19.614912,-78.361565
2020-09-02T06:10:31.485086441,19.614923,-78.36156
2020-09-02T06:10:31.486993789,19.587406,-78.413994
2020-09-02T06:10:31.488901138,19.603985,-78.38655
2020-09-02T06:10:31.496912002,19.614918,-78.361565
2020-09-02T06:10:31.500726699,19.614895,-78.361595
2020-09-02T06:10:31.503015518,19.614893,-78.361595
2020-09-02T06:10:31.504922866,19.614893,-78.361595
2020-09-02T06:10:31.508737564,19.61489,-78.36159
2020-09-02T06:10:31.518655776,19.61491,-78.36152
2020-09-02T06:10:31.520944595,19.614897,-78.35358
2020-09-02T06:10:31.522853851,19.61487,-78.35064
2020-09-02T06:10:31.524761199,19.614872,-78.36152
2020-09-02T06:10:31.528575897,19.6148,-78.34571
2020-09-02T06:10:31.534679412,19.61485,-78.361534
2020-09-02T06:10:31.536586761,19.614868,-78.361534
2020-09-02T06:10:31.538494110,19.614943,-78.388084
2020-09-02T06:10:31.542690277,19.63566,-78.34268
2020-09-02T06:10:31.544597625,19.615004,-78.40895
2020-09-02T06:10:31.546504974,19.649538,-78.350555
2020-09-02T06:10:31.548412322,19.624979,-78.37779
2020-09-02T06:10:31.550701141,19.635557,-78.36107
2020-09-02T06:10:31.552608489,19.62495,-78.38664
2020-09-02T06:10:31.554515838,19.615223,-78.4051
2020-09-02T06:10:31.556423187,19.653223,-78.35098
2020-09-02T06:10:31.558712005,19.62501,-78.3874
2020-09-02T06:10:31.560619354,19.610624,-78.40526
2020-09-02T06:10:31.562526702,19.652903,-78.37388
2020-09-02T06:10:31.564434051,19.639011,-78.38029
2020-09-02T06:10:31.566341400,19.61493,-78.36156
2020-09-02T06:10:31.568630218,19.668854,-78.36297
2020-09-02T06:10:31.570537567,19.633512,-78.36205
2020-09-02T06:10:31.572444915,19.661596,-78.36278
2020-09-02T06:10:31.574352264,19.650463,-78.36247
2020-09-02T06:10:31.576259613,19.6149,-78.361534
2020-09-02T06:10:31.578548431,19.661165,-78.36273
2020-09-02T06:10:31.582363128,19.614893,-78.36153
2020-09-02T06:10:31.594188690,19.694876,-78.36368
2020-09-02T06:10:31.596477508,19.629652,-78.375206
2020-09-02T06:10:31.598384857,19.614986,-78.392105
2020-09-02T06:10:31.622035980,19.694813,-78.36368
2020-09-02T06:10:31.628139495,19.694809,-78.36366
2020-09-02T06:10:31.630046844,19.694807,-78.36366
2020-09-02T06:10:31.638057708,19.609716,-78.40002
2020-09-02T06:10:31.639965057,19.615076,-78.43894
2020-09-02T06:10:31.644161224,19.614985,-78.38824
2020-09-02T06:10:31.646068572,19.60644,-78.401405
2020-09-02T06:10:31.647977828,19.604605,-78.39853
2020-09-02T06:10:31.649885177,19.60477,-78.39392
2020-09-02T06:10:31.652173995,19.594873,-78.38443
2020-09-02T06:10:31.654081344,19.597906,-78.3984
2020-09-02T06:10:31.657896041,19.584663,-78.38139
2020-09-02T06:10:31.659803390,19.58056,-78.37589
2020-09-02T06:10:31.662092208,19.591717,-78.43839
2020-09-02T06:10:31.663999557,19.579016,-78.378815
2020-09-02T06:10:31.667814254,19.555975,-78.360054
2020-09-02T06:10:31.677732467,19.53503,-78.35953
2020-09-02T06:10:31.679639816,19.535036,-78.359535
2020-09-02T06:10:31.683835983,19.565926,-78.3786
2020-09-02T06:10:31.687650680,19.535,-78.359505
2020-09-02T06:10:31.689939498,19.53499,-78.3595
2020-09-02T06:10:31.693754196,19.568695,-78.36036
2020-09-02T06:10:31.695661544,19.582033,-78.38194
2020-09-02T06:10:31.697568893,19.573618,-78.37616
2020-09-02T06:10:31.707487106,19.5627,-78.36024
2020-09-02T06:10:31.858932495,19.546463,-78.4079
2020-09-02T06:10:31.884490966,19.582727,-78.41634
2020-09-02T06:10:31.910432815,19.615194,-78.43908
2020-09-02T06:10:31.966127395,19.589134,-78.4217
2020-09-02T06:10:31.968034744,19.615229,-78.43899
2020-09-02T06:10:31.968034744,19.570837,-78.40335
2020-09-02T06:10:31.992067337,19.61514,-78.43906
2020-09-02T06:10:31.880676269,18.318829,-83.22898
2020-09-02T06:10:31.950105667,18.2899,-83.24377
2020-09-02T06:10:31.952013015,18.308886,-83.23886
2020-09-02T06:10:32.047763824,18.31245,-83.236176
2020-09-02T06:10:32.107273101,18.315212,-83.23474
2020-09-02T06:10:32.115283966,18.289734,-83.23245
2020-09-02T06:10:31.803237915,18.054298,-83.40608
2020-09-02T06:10:31.920351028,18.05446,-83.40595
2020-09-02T06:10:31.972230911,18.054426,-83.406075
2020-09-02T06:10:32.039752960,18.05428,-83.4061
2020-09-02T06:10:32.077518463,18.054354,-83.40603
2020-09-02T06:10:36.618223190,18.28995,-83.26422
2020-09-02T06:10:36.679639816,18.28993,-83.26429
2020-09-02T06:10:36.745254516,18.289942,-83.26422
2020-09-02T06:10:36.747543334,18.301506,-83.27935
2020-09-02T06:10:36.749450683,18.30048,-83.277275
2020-09-02T06:10:36.832992553,18.298117,-83.27558
2020-09-02T06:10:36.834899902,18.30905,-83.275986
2020-09-02T06:10:36.902421951,18.300613,-83.27288
2020-09-02T06:10:36.934083938,18.289856,-83.264366
2020-09-02T06:10:36.954301834,18.289848,-83.2644
2020-09-02T06:10:37.115285873,18.289825,-83.26442
2020-09-02T06:10:37.129018783,18.2898,-83.264275
2020-09-02T06:10:37.178609848,18.28984,-83.26438
2020-09-02T06:10:37.192724227,18.289864,-83.264404
2020-09-02T06:10:37.218666076,18.289839,-83.26433
2020-09-02T06:10:37.260246276,18.289782,-83.264305
2020-09-02T06:10:39.675746441,18.289103,-83.186676
2020-09-02T06:10:39.699779511,18.28913,-83.1867
2020-09-02T06:10:39.719616414,18.319141,-83.18844
2020-09-02T06:10:39.940109253,18.333313,-83.20679
2020-09-02T06:10:39.942398072,18.368011,-83.191345
2020-09-02T06:10:40.000000953,18.338228,-83.18962
2020-09-02T06:10:49.514765739,18.289396,-83.186554
2020-09-02T06:10:49.540705680,18.289404,-83.18656
2020-09-02T06:10:49.554438591,18.289276,-83.18654
2020-09-02T06:10:49.614330291,18.289413,-83.198265
2020-09-02T06:10:49.616237640,18.289318,-83.18653
2020-09-02T06:10:49.642178535,18.28934,-83.186584
2020-09-02T06:10:49.644085884,18.289333,-83.186584
2020-09-02T06:10:51.085300445,18.314413,-83.23899
2020-09-02T06:10:51.087207794,18.289822,-83.23939
2020-09-02T06:10:51.115055084,18.30708,-83.24459
2020-09-02T06:10:51.127262115,18.319523,-83.24303
2020-09-02T06:10:51.168844223,18.314312,-83.241234
2020-09-02T06:10:51.194784164,18.313017,-83.24142
2020-09-02T06:10:51.208517074,18.289936,-83.24451
2020-09-02T06:10:51.226446151,18.307278,-83.245026
2020-09-02T06:10:51.252386093,18.30394,-83.24073
2020-09-02T06:10:51.276420593,18.28981,-83.22384
2020-09-02T06:10:51.445032119,18.289856,-83.22162
2020-09-02T06:10:51.361869812,18.006023,-83.43037
2020-09-02T06:10:51.425195693,17.97583,-83.40081
2020-09-02T06:10:51.427484512,17.97583,-83.400795
2020-09-02T06:10:51.486993789,17.999838,-83.42047
2020-09-02T06:10:51.488901138,17.976097,-83.43537
2020-09-02T06:10:51.503015518,18.007753,-83.43344
2020-09-02T06:10:51.572444915,17.97594,-83.40091
2020-09-02T06:10:51.574352264,17.97591,-83.40089
2020-09-02T06:10:51.775390625,18.007915,-83.4219
2020-09-02T06:10:51.777297973,18.003084,-83.435135
2020-09-02T06:10:51.779205322,18.003498,-83.42232
2020-09-02T06:10:51.781112670,18.010096,-83.42705
2020-09-02T06:10:51.850921630,18.010141,-83.42733
2020-09-02T06:10:51.928361892,18.008963,-83.428406
2020-09-02T06:10:51.977952957,19.532066,-78.9929
2020-09-02T06:10:51.979860305,19.533318,-78.98722
2020-09-02T06:10:51.982149124,19.534199,-78.987785
2020-09-02T06:10:51.984056472,19.53702,-78.97829
2020-09-02T06:10:51.985963821,19.53378,-78.98624
2020-09-02T06:10:51.987871170,19.536997,-78.97832
2020-09-02T06:10:51.989778518,19.530994,-78.98127
2020-09-02T06:10:51.992067337,19.536985,-78.97833
2020-09-02T06:10:51.993974685,19.527153,-78.97802
2020-09-02T06:10:51.997789382,19.521624,-78.981026
2020-09-02T06:10:52.001985549,19.497072,-78.979126
2020-09-02T06:10:52.003892898,19.505114,-78.97732
2020-09-02T06:10:52.005800247,19.496555,-78.97989
2020-09-02T06:10:52.007707595,19.511686,-78.97751
2020-09-02T06:10:52.009996414,19.501226,-78.983406
2020-09-02T06:10:52.011903762,19.5107,-78.97747
2020-09-02T06:10:52.015718460,19.518206,-78.9777
2020-09-02T06:10:52.017627716,19.495613,-78.97701
2020-09-02T06:10:52.019916534,19.501087,-78.97717
2020-09-02T06:10:52.021823883,19.493975,-78.97695
2020-09-02T06:10:52.023731231,19.49713,-78.97872
2020-09-02T06:10:52.025638580,19.49083,-78.97684
2020-09-02T06:10:52.027927398,19.457224,-78.9758
2020-09-02T06:10:52.033649444,19.501867,-78.97717
2020-09-02T06:10:52.035556793,19.5059,-78.97732
2020-09-02T06:10:52.045475006,19.50526,-78.97368
2020-09-02T06:10:52.047763824,19.508205,-78.97739
2020-09-02T06:10:52.049671173,19.471872,-78.976265
2020-09-02T06:10:52.057682037,19.45719,-78.975876
2020-09-02T06:10:52.067600250,19.536985,-78.97831
2020-09-02T06:10:52.069507598,19.457172,-78.97587
2020-09-02T06:10:52.071414947,19.466482,-78.97615
2020-09-02T06:10:52.101169586,19.536982,-78.97825
2020-09-02T06:10:52.260244369,19.536951,-78.9783
2020-09-02T06:10:55.582515716,18.258015,-83.10704
2020-09-02T06:10:55.880449295,18.262774,-83.13799
2020-09-02T06:10:57.017627716,18.205992,-83.27778
2020-09-02T06:10:57.019916534,18.211681,-83.2598
2020-09-02T06:10:57.037845611,18.26367,-83.314476
2020-09-02T06:10:57.039752960,18.212898,-83.28471
2020-09-02T06:10:57.151144027,18.17295,-83.299446
2020-09-02T06:10:57.228584289,18.190622,-83.29161
2020-09-02T06:10:57.373544692,18.2119,-83.293945
2020-09-02T06:10:57.375452041,18.296871,-83.32421
2020-09-02T06:10:57.377740859,18.188305,-83.29005
2020-09-02T06:10:57.892732620,18.160316,-83.29853
2020-09-02T06:10:57.894639968,18.195631,-83.30401
2020-09-02T06:11:06.190968513,19.45737,-78.653206
2020-09-02T06:11:06.200886726,19.457552,-78.66668
2020-09-02T06:11:06.202794075,19.459972,-78.64921
2020-09-02T06:11:06.210804939,19.457304,-78.666565
2020-09-02T06:11:06.228734016,19.45743,-78.666595
2020-09-02T06:11:06.230641365,19.457434,-78.666595
2020-09-02T06:11:06.232549667,19.457426,-78.65711
2020-09-02T06:11:06.234457015,19.457462,-78.66661
2020-09-02T06:11:06.246282577,19.457466,-78.66658
2020-09-02T06:11:06.248571395,19.457453,-78.666565
2020-09-02T06:11:06.252386093,19.457441,-78.66656
2020-09-02T06:11:06.254293441,19.457445,-78.66657
2020-09-02T06:11:06.258489608,19.457455,-78.66662
2020-09-02T06:11:06.314185142,19.457418,-78.666664
2020-09-02T06:11:06.337836265,19.457548,-78.68516
2020-09-02T06:11:06.367591857,19.457472,-78.66661
2020-09-02T06:11:06.478981971,19.462416,-78.64223
2020-09-02T06:11:06.480890274,19.457481,-78.66659
2020-09-02T06:11:06.300070762,18.370415,-83.269165
2020-09-02T06:11:06.301978111,18.370403,-83.269165
2020-09-02T06:11:06.399635314,18.370443,-83.26913
2020-09-02T06:11:06.451134681,18.37038,-83.26912
2020-09-02T06:11:06.465249061,18.370441,-83.26904
2020-09-02T06:11:06.467156410,18.37045,-83.26906
2020-09-02T06:11:06.498819351,18.370392,-83.26912
2020-09-02T06:11:06.562525749,18.370499,-83.26902
2020-09-02T06:11:06.612117767,18.370289,-83.269035
2020-09-02T06:11:06.622035980,18.370382,-83.26906
2020-09-02T06:11:06.639965057,18.37047,-83.26911
2020-09-02T06:11:06.657894134,18.370422,-83.26908
2020-09-02T06:11:07.508966445,18.3111,-83.20146
2020-09-02T06:11:07.510873794,18.306988,-83.195045
2020-09-02T06:11:07.552454948,18.290745,-83.18641
2020-09-02T06:11:07.554743766,18.317486,-83.201035
2020-09-02T06:11:07.556651115,18.315449,-83.20299
2020-09-02T06:11:07.598232269,18.290676,-83.18632
2020-09-02T06:11:07.600139617,18.319975,-83.19685
2020-09-02T06:11:07.602428436,18.315872,-83.201004
2020-09-02T06:11:07.614253997,18.290716,-83.18636
2020-09-02T06:11:07.616161346,18.290716,-83.18637
2020-09-02T06:11:07.729459762,18.31829,-83.202675
2020-09-02T06:11:07.761503219,18.290728,-83.20727
2020-09-02T06:11:07.817198753,18.323454,-83.199684
2020-09-02T06:11:07.819106101,18.29054,-83.18628
2020-09-02T06:11:07.824828147,18.290773,-83.21163
2020-09-02T06:11:07.884719848,18.29072,-83.21038
2020-09-02T06:11:07.936219215,18.304752,-83.20627
2020-09-02T06:11:09.655911445,19.457172,-78.71721
2020-09-02T06:11:09.660107612,19.457176,-78.74352
2020-09-02T06:11:09.662014961,19.457184,-78.74351
2020-09-02T06:11:09.751279830,19.457195,-78.71334
2020-09-02T06:11:09.834823608,19.457254,-78.71609
2020-09-02T06:11:09.856948852,19.457212,-78.71973
2020-09-02T06:11:09.862670898,19.457197,-78.721176
2020-09-02T06:11:09.876785278,19.457249,-78.721634
2020-09-02T06:11:09.886704444,19.4573,-78.74366
2020-09-02T06:11:09.896622657,19.457233,-78.71916
2020-09-02T06:11:09.900437355,19.457258,-78.72305
2020-09-02T06:11:09.904633522,19.457266,-78.72504
2020-09-02T06:11:09.906540870,19.457314,-78.74363
2020-09-02T06:11:09.908448219,19.457256,-78.72014
2020-09-02T06:11:09.910355567,19.457249,-78.71631
2020-09-02T06:11:09.914551734,19.457294,-78.74361
2020-09-02T06:11:09.916459083,19.457245,-78.728004
2020-09-02T06:11:09.920273780,19.457237,-78.73432
2020-09-02T06:11:09.922562599,19.457226,-78.726135
2020-09-02T06:11:09.924469947,19.45728,-78.74359
2020-09-02T06:11:09.926377296,19.45729,-78.74359
2020-09-02T06:11:09.928284645,19.4573,-78.74359
2020-09-02T06:11:09.930191993,19.457289,-78.73502
2020-09-02T06:11:09.932480812,19.457298,-78.74361
2020-09-02T06:11:09.942399024,19.457207,-78.73708
2020-09-02T06:11:09.944306373,19.45722,-78.74363
2020-09-02T06:11:09.946214675,19.457216,-78.743614
2020-09-02T06:11:09.950410842,19.457209,-78.74358
2020-09-02T06:11:09.952318191,19.457205,-78.74359
2020-09-02T06:11:09.954225540,19.457203,-78.74361
2020-09-02T06:11:09.956132888,19.457201,-78.74362
2020-09-02T06:11:09.958040237,19.4572,-78.74363
2020-09-02T06:11:09.960329055,19.457197,-78.743645
2020-09-02T06:11:09.964143753,19.4572,-78.74365
2020-09-02T06:11:09.966051101,19.457201,-78.74366
2020-09-02T06:11:09.967958450,19.457203,-78.74366
2020-09-02T06:11:09.970247268,19.457203,-78.74367
2020-09-02T06:11:09.972154617,19.457197,-78.74365
2020-09-02T06:11:09.974061965,19.457188,-78.74364
2020-09-02T06:11:09.978258132,19.457169,-78.74361
2020-09-02T06:11:14.200811386,18.289768,-83.23009
2020-09-02T06:11:14.224462509,18.317495,-83.23075
2020-09-02T06:11:14.226369857,18.290068,-83.2641
2020-09-02T06:11:14.274436950,18.318186,-83.233406
2020-09-02T06:11:14.361793518,18.323177,-83.22615
2020-09-02T06:11:14.409479141,18.31005,-83.21966
2020-09-02T06:11:14.548717498,18.340527,-83.22895
2020-09-02T06:11:14.554439544,18.290022,-83.264046
2020-09-02T06:11:14.556728363,18.320974,-83.23282
2020-09-02T06:11:14.598308563,18.32284,-83.22984
2020-09-02T06:11:14.634168624,18.306625,-83.22653
2020-09-02T06:11:16.246284484,19.472742,-82.16243
2020-09-02T06:11:16.248191833,19.472965,-82.190285
2020-09-02T06:11:16.250480651,19.448904,-82.19071
2020-09-02T06:11:16.252388000,19.439854,-82.18985
2020-09-02T06:11:16.254295349,19.454424,-82.18554
2020-09-02T06:11:16.256202697,19.460394,-82.1801
2020-09-02T06:11:16.288246154,19.4726,-82.162605
2020-09-02T06:11:16.290153503,19.461489,-82.17842
2020-09-02T06:11:16.292060852,19.45576,-82.18363
2020-09-02T06:11:16.293968200,19.463142,-82.17734
2020-09-02T06:11:16.295875549,19.458597,-82.181274
2020-09-02T06:11:16.319908142,19.4726,-82.162544
2020-09-02T06:11:16.321815490,19.472609,-82.16254
2020-09-02T06:11:16.329826354,19.472622,-82.162506
2020-09-02T06:11:16.333641052,19.472616,-82.16254
2020-09-02T06:11:16.335929870,19.47261,-82.16256
2020-09-02T06:11:16.383615493,19.472599,-82.16262
2020-09-02T06:11:16.395441055,19.472595,-82.1626
2020-09-02T06:11:16.409173965,19.472612,-82.16251
2020-09-02T06:11:16.534679412,19.44237,-82.17762
2020-09-02T06:11:16.536586761,19.455036,-82.17493
2020-09-02T06:11:16.542690277,19.452278,-82.17981
2020-09-02T06:11:16.598386764,19.435135,-82.176544
2020-09-02T06:11:16.600294113,19.463467,-82.1635
2020-09-02T06:11:16.620130538,19.460934,-82.178696
2020-09-02T06:11:19.888609887,18.28893,-83.1588
2020-09-02T06:11:19.936294556,18.28929,-83.18608
2020-09-02T06:11:19.958038331,18.28897,-83.157616
2020-09-02T06:11:22.860686302,19.535934,-78.513466
2020-09-02T06:11:22.862593650,19.53592,-78.51345
2020-09-02T06:11:22.864882469,19.535904,-78.513435
2020-09-02T06:11:22.866789817,19.535889,-78.51343
2020-09-02T06:11:22.868697166,19.535873,-78.51341
2020-09-02T06:11:22.870604515,19.53586,-78.513405
2020-09-02T06:11:22.872893333,19.535864,-78.51341
2020-09-02T06:11:22.874801158,19.53587,-78.51342
2020-09-02T06:11:22.880523204,19.535883,-78.51345
2020-09-02T06:11:22.882812023,19.535902,-78.513466
2020-09-02T06:11:22.884719371,19.53592,-78.51348
2020-09-02T06:11:22.888534069,19.535957,-78.513504
2020-09-02T06:11:22.918289184,19.529305,-78.556625
2020-09-02T06:11:22.920578002,19.536034,-78.547165
2020-09-02T06:11:22.960251331,19.524591,-78.54559
2020-09-02T06:11:22.962158679,19.519169,-78.5523
2020-09-02T06:11:22.964066028,19.522284,-78.55409
2020-09-02T06:11:23.029680252,18.290073,-83.22828
2020-09-02T06:11:23.035783767,18.290127,-83.23398
2020-09-02T06:11:23.043794631,18.290041,-83.22281
2020-09-02T06:11:23.045701980,18.307081,-83.22482
2020-09-02T06:11:23.123141288,18.29015,-83.23055
2020-09-02T06:11:23.212788581,18.290394,-83.26372
2020-09-02T06:11:23.327994346,18.310623,-83.227394
2020-09-02T06:11:23.336005210,18.31622,-83.23983
2020-09-02T06:11:23.389411926,18.290497,-83.26377
2020-09-02T06:11:28.290228843,19.614588,-78.43862
2020-09-02T06:11:28.296332359,19.61456,-78.438675
2020-09-02T06:11:28.298239707,19.614548,-78.43869
2020-09-02T06:11:28.300147056,19.614538,-78.43871
2020-09-02T06:11:28.319983482,19.61458,-78.43867
2020-09-02T06:11:28.331809043,19.61455,-78.438675
2020-09-02T06:11:28.339820861,19.61458,-78.43858
2020-09-02T06:11:28.341728210,19.61458,-78.4386
2020-09-02T06:11:28.377586364,19.614542,-78.43866
2020-09-02T06:11:28.381782531,19.59688,-78.43822
2020-09-02T06:11:28.385597229,19.590229,-78.445854
2020-09-02T06:11:28.387504577,19.589851,-78.44572
2020-09-02T06:11:28.391700744,19.587494,-78.44748
2020-09-02T06:11:28.393608093,19.614649,-78.4387
2020-09-02T06:11:28.395515441,19.614628,-78.4387
2020-09-02T06:11:28.399712562,19.614582,-78.43869
2020-09-02T06:11:28.401619911,19.614569,-78.43869
2020-09-02T06:11:28.409630775,19.614555,-78.4387
2020-09-02T06:11:28.411538124,19.59706,-78.44909
2020-09-02T06:11:28.417641639,19.610596,-78.44016
2020-09-02T06:11:28.419548988,19.61451,-78.43874
2020-09-02T06:11:28.421456336,19.601532,-78.4383
2020-09-02T06:11:28.425271034,19.606544,-78.43849
2020-09-02T06:11:28.427559852,19.614506,-78.43868
2020-09-02T06:11:28.429467201,19.614498,-78.43463
2020-09-02T06:11:28.431374549,19.614494,-78.43198
2020-09-02T06:11:28.433281898,19.61449,-78.42561
2020-09-02T06:11:28.435189247,19.6145,-78.42592
2020-09-02T06:11:28.437478065,19.614492,-78.41847
2020-09-02T06:11:28.439385414,19.61452,-78.42755
2020-09-02T06:11:28.445107460,19.61443,-78.385124
2020-09-02T06:11:28.447396278,19.613142,-78.4138
2020-09-02T06:11:28.449303627,19.614473,-78.40923
2020-09-02T06:11:28.451210975,19.614416,-78.38051
2020-09-02T06:11:28.455407142,19.614408,-78.36124
2020-09-02T06:11:28.457314491,19.614498,-78.3961
2020-09-02T06:11:28.459221839,19.614605,-78.438675
2020-09-02T06:11:28.465326309,19.614456,-78.37191
2020-09-02T06:11:28.467233657,19.6145,-78.396706
2020-09-02T06:11:28.472955703,19.614403,-78.36127
2020-09-02T06:11:28.475244522,19.614437,-78.38019
2020-09-02T06:11:28.477151870,19.614555,-78.438675
2020-09-02T06:11:28.510721206,19.590433,-78.45881
2020-09-02T06:11:28.513010025,19.614582,-78.438644
2020-09-02T06:11:28.518732070,19.6144,-78.361275
2020-09-02T06:11:28.522929191,19.606379,-78.42364
2020-09-02T06:11:28.524836540,19.614424,-78.38001
2020-09-02T06:11:28.526743888,19.6144,-78.37173
2020-09-02T06:11:28.528651237,19.614477,-78.41008
2020-09-02T06:11:28.532847404,19.614367,-78.36125
2020-09-02T06:11:28.534754753,19.614412,-78.384026
2020-09-02T06:11:28.536662101,19.614428,-78.39252
2020-09-02T06:11:28.538569450,19.614424,-78.39169
2020-09-02T06:11:28.540858268,19.614521,-78.438644
2020-09-02T06:11:28.542765617,19.614399,-78.37521
2020-09-02T06:11:28.544672966,19.614443,-78.392006
2020-09-02T06:11:28.546580314,19.614458,-78.394196
2020-09-02T06:11:28.548487663,19.614487,-78.40308
2020-09-02T06:11:28.552683830,19.6145,-78.40736
2020-09-02T06:11:28.554591178,19.614437,-78.38097
2020-09-02T06:11:28.556498527,19.614466,-78.39826
2020-09-02T06:11:28.558787345,19.614403,-78.37176
2020-09-02T06:11:28.560694694,19.614405,-78.375496
2020-09-02T06:11:28.562602043,19.61436,-78.361206
2020-09-02T06:11:28.564509391,19.614374,-78.37354
2020-09-02T06:11:28.566416740,19.614372,-78.37946
2020-09-02T06:11:28.570612907,19.61436,-78.38656
2020-09-02T06:11:28.572520256,19.614355,-78.382454
2020-09-02T06:11:28.576334953,19.614388,-78.394646
2020-09-02T06:11:28.580531120,19.61438,-78.387886
2020-09-02T06:11:28.582438468,19.614368,-78.372025
2020-09-02T06:11:28.584346771,19.603247,-78.37345
2020-09-02T06:11:28.586254119,19.60474,-78.38541
2020-09-02T06:11:28.588542938,19.61023,-78.38095
2020-09-02T06:11:28.590450286,19.614527,-78.40172
2020-09-02T06:11:28.592357635,19.596643,-78.37854
2020-09-02T06:11:28.598461151,19.614374,-78.3613
2020-09-02T06:11:28.600368499,19.534492,-78.35924
2020-09-02T06:11:28.602275848,19.534475,-78.359245
2020-09-02T06:11:28.606472015,19.56029,-78.359924
2020-09-02T06:11:28.612194061,19.614292,-78.36133
2020-09-02T06:11:28.638134002,19.534292,-78.28182
2020-09-02T06:11:28.687726020,19.534286,-78.281815
2020-09-02T06:11:28.751432418,19.620012,-78.383644
2020-09-02T06:11:28.753339767,19.607952,-78.426506
2020-09-02T06:11:28.755247116,19.614525,-78.41863
2020-09-02T06:11:28.761350631,19.63229,-78.39336
2020-09-02T06:11:28.763257980,19.614445,-78.38585
2020-09-02T06:11:28.765546798,19.614424,-78.38298
2020-09-02T06:11:28.773177146,19.638012,-78.39561
2020-09-02T06:11:28.781188011,19.645111,-78.39607
2020-09-02T06:11:28.785384178,19.641764,-78.396164
2020-09-02T06:11:28.787291526,19.62299,-78.40012
2020-09-02T06:11:28.789198875,19.638052,-78.398796
2020-09-02T06:11:28.791106224,19.64331,-78.394424
2020-09-02T06:11:28.793013572,19.626434,-78.39996
2020-09-02T06:11:28.795302391,19.614475,-78.40913
2020-09-02T06:11:28.797209739,19.641403,-78.39296
2020-09-02T06:11:28.799117088,19.614462,-78.412285
2020-09-02T06:11:28.801024436,19.631273,-78.39418
2020-09-02T06:11:28.803313255,19.614508,-78.438675
2020-09-02T06:11:28.805220603,19.64563,-78.382744
2020-09-02T06:11:28.807127952,19.627966,-78.39902
2020-09-02T06:11:28.809035301,19.632719,-78.39373
2020-09-02T06:11:28.810942649,19.635187,-78.39566
2020-09-02T06:11:28.813231468,19.632967,-78.3972
2020-09-02T06:11:28.815138816,19.6323,-78.395615
2020-09-02T06:11:28.817046165,19.627367,-78.40791
2020-09-02T06:11:28.818953514,19.642725,-78.39009
2020-09-02T06:11:28.820860862,19.614515,-78.43875
2020-09-02T06:11:28.848709106,19.694248,-78.36337
2020-09-02T06:11:28.852905273,19.694237,-78.363365
2020-09-02T06:11:28.886474609,19.694235,-78.36333
2020-09-02T06:11:29.029910087,19.64032,-78.381805
2020-09-02T06:11:29.520869255,18.288883,-83.186714
2020-09-02T06:11:29.671933174,18.316172,-83.20549
2020-09-02T06:11:29.695584297,18.326216,-83.18897
2020-09-02T06:11:34.260322570,18.246452,-83.20439
2020-09-02T06:11:34.407571792,18.246367,-83.106514
2020-09-02T06:11:34.409479141,18.23598,-83.13158
2020-09-02T06:11:38.532848358,18.378075,-82.87038
2020-09-02T06:11:38.588544845,18.38549,-82.86045
2020-09-02T06:11:38.590452194,18.380579,-82.86839
2020-09-02T06:11:38.628217697,18.386074,-82.86216
2020-09-02T06:11:38.646146774,18.287477,-82.87655
2020-09-02T06:11:38.682004928,18.367887,-82.870804
2020-09-02T06:11:38.683912277,18.366522,-82.88102
2020-09-02T06:11:38.916612625,18.386786,-82.86252
2020-09-02T06:11:38.926530838,18.28752,-82.876686
2020-09-02T06:11:39.045551300,18.287645,-82.87669
2020-09-02T06:11:39.045551300,18.445757,-82.885635
2020-09-02T06:11:38.868547439,18.308577,-83.24271
2020-09-02T06:11:38.870836257,18.318174,-83.240555
2020-09-02T06:11:39.147024154,18.330875,-83.23648
2020-09-02T06:11:41.834898471,18.29079,-83.18749
2020-09-02T06:11:41.898604869,18.290558,-83.16746
2020-09-02T06:11:41.932174682,18.290735,-83.18747
2020-09-02T06:11:42.159152507,17.3497,-83.52042
2020-09-02T06:11:42.161059856,17.34946,-83.490105
2020-09-02T06:11:42.162967681,17.349455,-83.487915
2020-09-02T06:11:42.165256500,17.349436,-83.48414
2020-09-02T06:11:42.167163848,17.34944,-83.48335
2020-09-02T06:11:42.169071197,17.348104,-83.47311
2020-09-02T06:11:42.170978546,17.352728,-83.46795
2020-09-02T06:11:42.172885894,17.361153,-83.45869
2020-09-02T06:11:42.175174713,17.361742,-83.45508
2020-09-02T06:11:42.177082061,17.365938,-83.45409
2020-09-02T06:11:42.178989410,17.371952,-83.449615
2020-09-02T06:11:42.180896759,17.36828,-83.44947
2020-09-02T06:11:42.182804107,17.372627,-83.44561
2020-09-02T06:11:42.185092926,17.377308,-83.441246
2020-09-02T06:11:42.187000274,17.37804,-83.43874
2020-09-02T06:11:42.188907623,17.36118,-83.4428
2020-09-02T06:11:42.190814971,17.363068,-83.43769
2020-09-02T06:11:42.192722320,17.364454,-83.43473
2020-09-02T06:11:42.195011615,17.370583,-83.425674
2020-09-02T06:11:42.196918964,17.349077,-83.44304
2020-09-02T06:11:42.246510505,17.506264,-83.49851
2020-09-02T06:11:42.264440059,17.467571,-83.48921
2020-09-02T06:11:42.266347408,17.424025,-83.47316
2020-09-02T06:11:42.268254756,17.470453,-83.49226
2020-09-02T06:11:42.270543575,17.404955,-83.47631
2020-09-02T06:11:42.272450923,17.416538,-83.4802
2020-09-02T06:11:42.274358272,17.421568,-83.48181
2020-09-02T06:11:42.276265621,17.424265,-83.485435
2020-09-02T06:11:42.278554439,17.429594,-83.485695
2020-09-02T06:11:42.280461788,17.450119,-83.49213
2020-09-02T06:11:42.282369136,17.488504,-83.50564
2020-09-02T06:11:42.284276485,17.492195,-83.50815
2020-09-02T06:11:42.286183834,17.518343,-83.50755
2020-09-02T06:11:42.288473129,17.584942,-83.53415
2020-09-02T06:11:42.288473129,17.427721,-83.48446
2020-09-02T06:11:42.290380477,17.529758,-83.512596
2020-09-02T06:11:42.292287826,17.584915,-83.53415
2020-09-02T06:11:42.294195175,17.58492,-83.53416
2020-09-02T06:11:42.296102523,17.584929,-83.53416
2020-09-02T06:11:42.300298690,17.58494,-83.534164
2020-09-02T06:11:42.304113388,17.584946,-83.53418
2020-09-02T06:11:42.333868503,17.63947,-83.50366
2020-09-02T06:11:42.336157321,17.620203,-83.49438
2020-09-02T06:11:42.338064670,17.618708,-83.49246
2020-09-02T06:11:42.339972019,17.571386,-83.48658
2020-09-02T06:11:42.341879367,17.550432,-83.48178
2020-09-02T06:11:42.344168186,17.53825,-83.48459
2020-09-02T06:11:42.346075534,17.53269,-83.47802
2020-09-02T06:11:42.347982883,17.518196,-83.48197
2020-09-02T06:11:42.349890708,17.48043,-83.49253
2020-09-02T06:11:42.351798057,17.623909,-83.49767
2020-09-02T06:11:42.351798057,17.398321,-83.44589
2020-09-02T06:11:42.355994224,17.427486,-83.447586
2020-09-02T06:11:42.429618835,17.373018,-83.455864
2020-09-02T06:11:42.471199512,17.34929,-83.470024
2020-09-02T06:11:42.604334831,17.427391,-83.44753
2020-09-02T06:11:42.676052093,17.427374,-83.4475
2020-09-02T06:11:42.693981647,17.427404,-83.447525
2020-09-02T06:11:42.707714557,17.412165,-83.44805
2020-09-02T06:11:42.717632770,17.427404,-83.44751
2020-09-02T06:11:42.793165206,17.427505,-83.44748
2020-09-02T06:11:42.807279586,17.427431,-83.44749
2020-09-02T06:11:42.809186935,18.283455,-83.16831
2020-09-02T06:11:42.811094284,18.290684,-83.187454
2020-09-02T06:11:42.842756748,18.273205,-83.17658
2020-09-02T06:11:42.845046043,18.290699,-83.18742
2020-09-02T06:11:42.878615856,18.29072,-83.18736
2020-09-02T06:11:42.930496215,18.290627,-83.1873
2020-09-02T06:11:46.381706237,18.308325,-83.28426
2020-09-02T06:11:46.383613586,18.291302,-83.2651
2020-09-02T06:11:48.558787345,19.523787,-78.656525
2020-09-02T06:11:48.560694694,19.537039,-78.669136
2020-09-02T06:11:48.584346771,19.496151,-78.66798
2020-09-02T06:11:48.634319305,19.504423,-78.6566
2020-09-02T06:11:48.644237518,19.457184,-78.66692
2020-09-02T06:11:48.659878730,19.506142,-78.662384
2020-09-02T06:11:50.403603553,18.00333,-83.44268
2020-09-02T06:11:50.661862373,17.976421,-83.445496
2020-09-02T06:11:50.813308715,17.976334,-83.45104
2020-09-02T06:11:50.819030761,17.976164,-83.426575
2020-09-02T06:11:50.820938110,17.967907,-83.43953
2020-09-02T06:11:50.825134277,17.979706,-83.45043
2020-09-02T06:11:50.827041625,17.978024,-83.44815
2020-09-02T06:11:50.828948974,17.968857,-83.44288
2020-09-02T06:11:50.843063354,17.976,-83.40132
2020-09-02T06:11:50.844970703,17.975977,-83.40134
2020-09-02T06:11:50.892655372,17.976295,-83.443115
2020-09-02T06:11:55.009922027,18.290058,-83.22428
2020-09-02T06:11:55.016025543,18.290087,-83.22801
2020-09-02T06:11:55.017932891,18.303825,-83.22479
2020-09-02T06:11:55.105289459,18.290096,-83.22705
2020-09-02T06:11:56.327919006,18.677807,-82.1209
2020-09-02T06:11:56.335929870,18.677763,-82.12093
2020-09-02T06:11:56.340126037,18.653566,-82.14352
2020-09-02T06:11:56.342033386,18.665749,-82.13236
2020-09-02T06:11:56.343940734,18.651516,-82.12441
2020-09-02T06:11:56.369882583,18.643616,-82.12592
2020-09-02T06:11:56.375604629,18.652637,-82.161865
2020-09-02T06:11:56.383615493,18.643547,-82.15283
2020-09-02T06:11:56.385522842,18.640007,-82.15617
2020-09-02T06:11:56.389719009,18.637562,-82.15337
2020-09-02T06:11:56.391626358,18.654757,-82.16038
2020-09-02T06:11:56.415658950,18.659132,-82.12183
2020-09-02T06:11:56.417566299,18.644585,-82.10789
2020-09-02T06:11:56.419473648,18.642452,-82.12128
2020-09-02T06:11:56.459146499,18.677706,-82.12084
2020-09-02T06:11:57.153051376,19.433048,-82.18311
2020-09-02T06:11:57.234306335,19.42605,-82.18084
2020-09-02T06:11:57.236595153,19.43759,-82.16129
2020-09-02T06:11:57.260246276,19.44846,-82.16188
2020-09-02T06:11:57.262153625,19.446764,-82.16178
2020-09-02T06:11:57.351800918,19.473349,-82.16323
2020-09-02T06:11:57.353708267,19.444815,-82.16166
2020-09-02T06:11:57.389566421,19.452724,-82.17253
2020-09-02T06:11:57.457086563,19.43719,-82.17924
2020-09-02T06:11:57.468914031,19.445375,-82.16168
2020-09-02T06:11:57.492946624,19.441093,-82.17212
2020-09-02T06:11:57.496761322,19.47333,-82.16326
2020-09-02T06:11:57.506679534,19.456223,-82.17254
2020-09-02T06:11:57.508968353,19.451435,-82.173325
2020-09-02T06:11:57.510875701,19.45809,-82.175674
2020-09-02T06:11:57.512783050,19.46624,-82.17118
2020-09-02T06:11:57.514690399,19.473257,-82.16319
2020-09-02T06:11:57.556652069,19.482315,-82.16871
2020-09-02T06:11:57.558559417,19.456354,-82.17052
2020-09-02T06:11:57.562374114,19.490913,-82.16412
2020-09-02T06:11:57.564662933,19.47656,-82.16774
2020-09-02T06:11:57.566570281,19.455915,-82.17449
2020-09-02T06:11:57.572292327,19.492144,-82.157036
2020-09-02T06:11:57.574581146,19.461008,-82.1722
2020-09-02T06:11:57.576488494,19.47334,-82.16319
2020-09-02T06:11:57.578395843,19.473347,-82.16321
2020-09-02T06:11:57.582210540,19.50019,-82.16468
2020-09-02T06:11:57.584499359,19.496307,-82.16446
2020-09-02T06:11:57.586406707,19.495466,-82.164406
2020-09-02T06:11:57.588315963,19.499853,-82.15379
2020-09-02T06:11:57.598234176,19.509937,-82.15948
2020-09-02T06:11:57.600141525,19.493553,-82.16107
2020-09-02T06:11:57.604337692,19.553207,-82.16756
2020-09-02T06:11:57.606245040,19.520138,-82.15997
2020-09-02T06:11:57.608152389,19.50655,-82.165016
2020-09-02T06:11:57.610059738,19.473293,-82.1632
2020-09-02T06:11:57.612348556,19.518255,-82.16256
2020-09-02T06:11:57.614255905,19.495323,-82.166595
2020-09-02T06:11:57.616163253,19.518303,-82.16787
2020-09-02T06:11:57.618070602,19.490543,-82.168976
2020-09-02T06:11:57.619977951,19.473217,-82.16316
2020-09-02T06:11:57.634092330,19.547716,-82.18255
2020-09-02T06:11:57.635999679,19.519098,-82.17312
2020-09-02T06:11:57.637907028,19.480965,-82.17351
2020-09-02T06:11:57.640195846,19.473295,-82.16326
2020-09-02T06:11:57.657743453,19.553339,-82.192245
2020-09-02T06:11:57.661939620,19.542717,-82.20121
2020-09-02T06:11:57.663846969,19.514963,-82.17719
2020-09-02T06:11:57.665754318,19.473244,-82.16321
2020-09-02T06:11:57.759216308,19.452536,-82.17157
2020-09-02T06:11:57.761123657,19.491238,-82.17682
2020-09-02T06:11:57.763412475,19.492336,-82.17355
2020-09-02T06:11:57.765319824,19.499117,-82.17526
2020-09-02T06:11:57.767227172,19.506247,-82.17695
2020-09-02T06:11:57.769134521,19.496098,-82.174675
2020-09-02T06:11:57.771423339,19.499205,-82.164536
2020-09-02T06:11:57.773330688,19.473326,-82.16315
2020-09-02T06:11:57.779052734,19.473295,-82.16323
2020-09-02T06:11:57.781341552,19.531935,-82.206345
2020-09-02T06:11:57.783248901,19.515013,-82.19003
2020-09-02T06:11:57.785156250,19.506489,-82.18755
2020-09-02T06:11:57.787063598,19.532135,-82.19869
2020-09-02T06:11:57.788970947,19.528172,-82.20123
2020-09-02T06:11:57.791259765,19.503445,-82.16497
2020-09-02T06:11:57.821014404,19.553785,-82.24583
2020-09-02T06:11:57.822921752,19.553778,-82.24581
2020-09-02T06:11:57.837038040,19.473288,-82.163246
2020-09-02T06:11:57.838945388,19.501328,-82.16479
2020-09-02T06:11:57.840852737,19.529684,-82.202286
2020-09-02T06:11:58.035785675,19.460163,-82.17286
2020-09-02T06:11:58.079273223,19.553793,-82.245865
2020-09-02T06:11:58.093389511,19.55378,-82.245834
2020-09-02T06:11:58.095296859,19.493309,-82.17966
2020-09-02T06:11:58.097204208,19.47327,-82.16331
2020-09-02T06:11:58.101400375,19.488728,-82.16417
2020-09-02T06:11:58.103307723,19.502213,-82.17188
2020-09-02T06:11:58.105215072,19.51744,-82.18342
2020-09-02T06:12:03.276494979,18.315594,-83.24573
2020-09-02T06:12:03.278402328,18.289604,-83.24811
2020-09-02T06:12:03.361945152,18.289778,-83.26457
2020-09-02T06:12:03.417640686,18.289743,-83.2646
2020-09-02T06:12:03.419548034,18.289753,-83.264595
2020-09-02T06:12:03.480965614,18.310417,-83.23743
2020-09-02T06:12:03.496987342,18.28955,-83.22714
2020-09-02T06:12:03.498894691,18.289602,-83.2323
2020-09-02T06:12:03.500802040,18.28955,-83.22516
2020-09-02T06:12:03.503090858,18.28956,-83.22709
2020-09-02T06:12:03.554590225,18.289742,-83.26453
2020-09-02T06:12:03.665981292,18.317127,-83.248055
2020-09-02T06:12:03.669795989,18.289797,-83.26447
2020-09-02T06:12:03.672084808,18.289797,-83.26448
2020-09-02T06:12:03.675899505,18.327194,-83.241165
2020-09-02T06:12:03.677806854,18.303202,-83.23988
2020-09-02T06:12:03.745327949,18.31846,-83.23651
2020-09-02T06:12:05.230412483,19.475475,-82.47604
2020-09-02T06:12:06.350043296,19.458538,-79.33719
2020-09-02T06:12:06.351950645,19.458515,-79.33344
2020-09-02T06:12:06.353857994,19.458471,-79.32521
2020-09-02T06:12:06.355766296,19.458445,-79.32173
2020-09-02T06:12:06.357673645,19.458458,-79.330635
2020-09-02T06:12:06.359962463,19.458431,-79.32771
2020-09-02T06:12:06.361869812,19.458473,-79.33604
2020-09-02T06:12:06.373695373,19.458559,-79.31123
2020-09-02T06:12:06.375602722,19.458483,-79.286
2020-09-02T06:12:06.377891540,19.458492,-79.28602
2020-09-02T06:12:06.379798889,19.458616,-79.32089
2020-09-02T06:12:06.419472694,19.458416,-79.31107
2020-09-02T06:12:06.421380043,19.458433,-79.3126
2020-09-02T06:12:06.423287391,19.458422,-79.30777
2020-09-02T06:12:06.425576210,19.458353,-79.28597
2020-09-02T06:12:06.427483558,19.458359,-79.285965
2020-09-02T06:12:06.578547477,19.509104,-79.287674
2020-09-02T06:12:06.580454826,19.48264,-79.28682
2020-09-02T06:12:06.584650993,19.466707,-79.310524
2020-09-02T06:12:06.586558341,19.500826,-79.28736
2020-09-02T06:12:06.594569206,19.458477,-79.31392
2020-09-02T06:12:06.604488372,19.458502,-79.31511
2020-09-02T06:12:06.622417449,19.45856,-79.32346
2020-09-02T06:12:06.654079437,19.458462,-79.31849
2020-09-02T06:12:06.691845893,19.458488,-79.2859
2020-09-02T06:12:07.035936355,18.290741,-83.3018
2020-09-02T06:12:07.121387481,18.290766,-83.30337
2020-09-02T06:12:07.123294830,18.281197,-83.310974
2020-09-02T06:12:07.125202178,18.290787,-83.30862
2020-09-02T06:12:07.151142120,18.290974,-83.342125
2020-09-02T06:12:07.153049468,18.290775,-83.31645
2020-09-02T06:12:07.154956817,18.290989,-83.342094
2020-09-02T06:12:07.190815925,18.290741,-83.30778
2020-09-02T06:12:07.200734138,18.290958,-83.3421
2020-09-02T06:12:07.202641487,18.290972,-83.3421
2020-09-02T06:12:07.234685897,18.290773,-83.30895
2020-09-02T06:12:07.258337020,18.29077,-83.30348
2020-09-02T06:12:07.341879844,18.286186,-83.324684
2020-09-02T06:12:07.343787193,18.282625,-83.32202
2020-09-02T06:12:07.346076965,18.29087,-83.31958
2020-09-02T06:12:07.435341835,18.290903,-83.32514
2020-09-02T06:12:07.455178260,18.29103,-83.342094
2020-09-02T06:12:10.767531394,18.322021,-83.22433
2020-09-02T06:12:10.769438743,18.307936,-83.22165
2020-09-02T06:12:10.803008079,18.319717,-83.2263
2020-09-02T06:12:10.815216064,18.323095,-83.22552
2020-09-02T06:12:10.848785400,18.322222,-83.224174
2020-09-02T06:12:10.858703613,18.30536,-83.22204
2020-09-02T06:12:10.866714477,18.289436,-83.225655
2020-09-02T06:12:10.920502662,18.308214,-83.22161
2020-09-02T06:12:10.928513526,18.289112,-83.18644
2020-09-02T06:12:10.936525344,18.289402,-83.2251
2020-09-02T06:12:10.948350906,18.289402,-83.22283
2020-09-02T06:12:10.960176467,18.303478,-83.21653
2020-09-02T06:12:10.964372634,18.289438,-83.22161
2020-09-02T06:12:10.966279983,18.289421,-83.219025
2020-09-02T06:12:11.009767532,18.289408,-83.2187
2020-09-02T06:12:11.015871047,18.289438,-83.22276
2020-09-02T06:12:11.031894683,18.28938,-83.21261
2020-09-02T06:12:11.063556671,18.289146,-83.186356
2020-09-02T06:12:13.248266220,19.471975,-82.05852
2020-09-02T06:12:13.250555038,19.472136,-82.08494
2020-09-02T06:12:13.252462387,19.471968,-82.05736
2020-09-02T06:12:15.548564910,18.266293,-83.124504
2020-09-02T06:12:15.651945114,18.324709,-83.111565
2020-09-02T06:12:15.781265258,18.323057,-83.151634
2020-09-02T06:12:15.916307449,18.448336,-83.27437
2020-09-02T06:12:15.916307449,18.367994,-83.11406
2020-09-02T06:12:23.662166595,18.555956,-82.595116
2020-09-02T06:12:23.665981292,18.567463,-82.58122
2020-09-02T06:12:23.667888641,18.56347,-82.581
2020-09-02T06:12:23.677806854,18.554714,-82.579994
2020-09-02T06:12:23.680095672,18.522984,-82.57879
2020-09-02T06:12:23.691921234,18.57041,-82.58142
2020-09-02T06:12:23.735409736,18.602177,-82.583145
2020-09-02T06:12:23.737698554,18.584534,-82.59964
2020-09-02T06:12:23.739605903,18.602184,-82.583206
2020-09-02T06:12:23.741513252,18.602177,-82.58322
2020-09-02T06:12:23.747616767,18.602114,-82.58318
2020-09-02T06:12:23.749524116,18.602093,-82.583176
2020-09-02T06:12:23.218510627,18.291065,-83.26492
2020-09-02T06:12:23.329901695,18.31975,-83.230965
2020-09-02T06:12:23.383688926,18.29084,-83.23516
2020-09-02T06:12:23.391700744,18.290905,-83.23807
2020-09-02T06:12:23.548868179,18.290777,-83.2278
2020-09-02T06:12:23.634319305,18.307167,-83.22632
2020-09-02T06:12:23.673992156,18.307533,-83.22562
2020-09-02T06:12:23.811323165,18.290712,-83.2313
2020-09-02T06:12:23.813230514,18.290646,-83.22342
2020-09-02T06:12:27.785155296,18.29092,-83.265
2020-09-02T06:12:27.860687255,18.312101,-83.256836
2020-09-02T06:12:27.862976074,18.312431,-83.26634
2020-09-02T06:12:27.864883422,18.290874,-83.26506
2020-09-02T06:12:27.866790771,18.29089,-83.26506
2020-09-02T06:12:27.954148292,18.290949,-83.26505
2020-09-02T06:12:27.956437110,18.29094,-83.26504
2020-09-02T06:12:28.037692070,18.32227,-83.2517
2020-09-02T06:12:28.045702934,18.290977,-83.26502
2020-09-02T06:12:28.049517631,18.311886,-83.25586
2020-09-02T06:12:28.067446708,18.312582,-83.25327
2020-09-02T06:12:28.079653739,18.32004,-83.26671
2020-09-02T06:12:28.095294952,18.290924,-83.264984
2020-09-02T06:12:28.115131378,18.290968,-83.26504
2020-09-02T06:12:28.176930427,18.31293,-83.25658
2020-09-02T06:12:28.178837776,18.290953,-83.265
2020-09-02T06:12:28.186848640,18.313824,-83.26634
2020-09-02T06:12:28.208592414,18.290947,-83.26505
2020-09-02T06:12:28.210881233,18.320301,-83.2668
2020-09-02T06:12:28.238729476,18.315521,-83.26652
2020-09-02T06:12:28.276495933,18.31568,-83.266556
2020-09-02T06:12:28.311972618,18.311289,-83.26632
2020-09-02T06:12:28.314261436,18.314968,-83.26654
2020-09-02T06:12:28.324179649,18.321632,-83.248665
2020-09-02T06:12:28.352027893,18.317295,-83.252815
2020-09-02T06:12:31.739530563,18.290949,-83.23392
2020-09-02T06:12:31.741437911,18.297796,-83.231476
2020-09-02T06:12:31.803237915,18.290913,-83.237755
2020-09-02T06:12:31.831085205,18.299696,-83.218155
2020-09-02T06:12:31.886779785,18.290985,-83.23748
2020-09-02T06:12:31.888687133,18.2912,-83.26492
2020-09-02T06:12:31.956209182,18.290916,-83.23488
2020-09-02T06:12:32.685972213,17.987942,-83.43753
2020-09-02T06:12:32.687879562,17.985096,-83.437256
2020-09-02T06:12:32.739759445,17.97681,-83.43709
2020-09-02T06:12:32.753492355,17.97675,-83.43362
2020-09-02T06:12:32.769515991,17.976751,-83.436714
2020-09-02T06:12:32.827117919,17.976732,-83.43145
2020-09-02T06:12:32.829025268,17.976759,-83.43149
2020-09-02T06:12:32.830932617,17.976534,-83.40162
2020-09-02T06:12:32.930498123,17.984022,-83.430916
2020-09-02T06:12:32.932405471,17.990536,-83.43286
2020-09-02T06:12:32.934312820,17.986036,-83.43194
2020-09-02T06:12:32.988100051,17.991053,-83.44416
2020-09-02T06:12:32.990007400,17.976732,-83.44041
2020-09-02T06:12:32.991914749,17.976728,-83.44118
2020-09-02T06:12:33.023960113,17.97639,-83.40163
2020-09-02T06:12:33.025867462,17.976658,-83.43554
2020-09-02T06:12:33.027774810,17.97638,-83.4016
2020-09-02T06:12:33.029682159,17.976374,-83.401596
2020-09-02T06:12:33.031970977,17.98418,-83.43132
2020-09-02T06:12:33.033878326,17.976402,-83.4016
2020-09-02T06:12:33.041889190,17.976475,-83.40162
2020-09-02T06:12:33.045703887,17.976498,-83.4016
2020-09-02T06:12:33.111316680,17.976587,-83.430954
2020-09-02T06:12:33.113224029,17.991388,-83.43618
2020-09-02T06:12:33.117420196,17.976717,-83.444885
2020-09-02T06:12:33.208974838,17.976677,-83.4451
2020-09-02T06:12:33.284507751,17.97686,-83.44675
2020-09-02T06:12:33.286415100,17.97651,-83.4015
2020-09-02T06:12:33.288322448,17.976742,-83.428505
2020-09-02T06:12:33.319984436,17.976646,-83.43056
2020-09-02T06:12:33.371864318,17.976688,-83.43484
2020-09-02T06:12:33.373771667,17.976686,-83.434944
2020-09-02T06:12:33.381784439,17.976595,-83.42517
2020-09-02T06:12:33.383691787,17.976572,-83.42356
2020-09-02T06:12:33.385599136,17.984234,-83.42531
2020-09-02T06:12:33.387887954,17.97657,-83.42547
2020-09-02T06:12:33.389795303,17.976366,-83.401474
2020-09-02T06:12:33.471048355,17.976582,-83.42557
2020-09-02T06:12:37.258338928,18.313366,-83.247475
2020-09-02T06:12:37.290382385,18.321688,-83.266495
2020-09-02T06:12:37.328147888,18.290281,-83.26459
2020-09-02T06:12:37.453271865,18.290277,-83.26464
2020-09-02T06:12:40.290303707,18.305973,-83.28638
2020-09-02T06:12:40.292211055,18.29051,-83.28781
2020-09-02T06:12:40.306325435,18.29033,-83.26485
2020-09-02T06:12:40.308233261,18.29049,-83.283485
2020-09-02T06:12:40.310140609,18.300562,-83.28511
2020-09-02T06:12:40.312047958,18.290339,-83.26486
2020-09-02T06:12:40.313955307,18.290325,-83.264854
2020-09-02T06:12:40.316244125,18.290525,-83.29152
2020-09-02T06:12:40.381857872,18.308088,-83.292786
2020-09-02T06:12:40.389868736,18.290506,-83.28881
2020-09-02T06:12:40.423438549,18.290352,-83.264885
2020-09-02T06:12:40.425345897,18.290361,-83.26489
2020-09-02T06:12:43.532846450,18.301668,-83.219765
2020-09-02T06:12:43.534753799,18.302223,-83.22045
2020-09-02T06:12:43.580531120,18.303656,-83.219345
2020-09-02T06:12:43.584345817,18.289503,-83.18724
2020-09-02T06:12:43.586634635,18.289822,-83.22471
2020-09-02T06:12:43.761350631,18.289766,-83.22878
2020-09-02T06:12:43.799116134,18.289772,-83.23131
2020-09-02T06:12:45.966279029,18.371817,-82.86517
2020-09-02T06:12:45.988023757,18.381674,-82.87836
2020-09-02T06:12:46.025789260,18.369469,-82.872986
2020-09-02T06:12:46.079577445,18.370161,-82.864685
2020-09-02T06:12:46.135272979,18.42443,-82.87489
2020-09-02T06:12:46.135272979,18.20818,-82.87158
2020-09-02T06:12:46.137180328,18.44521,-82.87979
2020-09-02T06:12:46.085680961,18.33594,-77.08903
2020-09-02T06:12:46.087588310,18.33817,-77.0854
2020-09-02T06:12:46.089877128,18.325155,-77.088585
2020-09-02T06:12:46.091784477,18.329609,-77.083984
2020-09-02T06:12:46.093691825,18.330685,-77.08805
2020-09-02T06:12:46.095599174,18.334452,-77.09792
2020-09-02T06:12:46.097506523,18.343885,-77.10342
2020-09-02T06:12:46.099795341,18.331789,-77.08869
2020-09-02T06:12:46.101702690,18.330227,-77.091125
2020-09-02T06:12:46.103610038,18.336617,-77.09124
2020-09-02T06:12:46.105517387,18.320755,-77.0882
2020-09-02T06:12:46.107424736,18.333298,-77.09336
2020-09-02T06:12:46.109714508,18.333776,-77.064926
2020-09-02T06:12:46.111621856,18.325342,-77.10056
2020-09-02T06:12:46.113529205,18.316597,-77.08603
2020-09-02T06:12:46.115436553,18.329418,-77.05383
2020-09-02T06:12:46.117725372,18.329779,-77.04912
2020-09-02T06:12:46.119632720,18.329678,-77.10319
2020-09-02T06:12:46.121540069,18.32505,-77.051575
2020-09-02T06:12:46.123447418,18.313421,-77.0531
2020-09-02T06:12:46.125354766,18.292908,-77.04736
2020-09-02T06:12:46.127643585,18.305405,-77.0648
2020-09-02T06:12:46.131458282,18.343857,-77.026794
2020-09-02T06:12:46.141376495,18.264963,-77.02562
2020-09-02T06:12:46.149387359,18.343811,-77.107864
2020-09-02T06:12:46.153202056,18.343855,-77.10346
2020-09-02T06:12:46.157398223,18.34393,-77.10348
2020-09-02T06:12:46.163120269,18.343964,-77.10692
2020-09-02T06:12:46.165409088,18.343939,-77.10348
2020-09-02T06:12:46.175328254,18.34385,-77.10342
2020-09-02T06:12:46.179142951,18.343828,-77.103386
2020-09-02T06:12:46.181050300,18.34382,-77.10337
2020-09-02T06:12:46.183339118,18.343826,-77.10338
2020-09-02T06:12:46.187153816,18.34384,-77.10339
2020-09-02T06:12:46.234838485,18.316166,-77.11313
2020-09-02T06:12:46.236745834,18.343876,-77.10341
2020-09-02T06:12:46.250860214,18.326159,-77.05119
2020-09-02T06:12:47.107273101,18.323517,-83.26656
2020-09-02T06:12:47.149234771,18.289965,-83.264534
2020-09-02T06:12:47.206837654,18.323818,-83.26656
2020-09-02T06:12:47.218663215,18.323793,-83.26652
2020-09-02T06:12:47.230489730,18.32786,-83.26688
2020-09-02T06:12:47.244604110,18.289974,-83.26462
2020-09-02T06:12:47.825209617,17.113047,-83.46688
2020-09-02T06:12:47.827116966,17.086946,-83.470985
2020-09-02T06:12:47.829024314,17.113031,-83.4619
2020-09-02T06:12:47.831313133,17.10159,-83.46539
2020-09-02T06:12:47.833220481,17.09266,-83.463394
2020-09-02T06:12:47.835127830,17.096863,-83.45951
2020-09-02T06:12:47.837035179,17.101437,-83.45801
2020-09-02T06:12:47.839323997,17.10335,-83.44994
2020-09-02T06:12:47.841232299,17.107191,-83.45548
2020-09-02T06:12:47.843139648,17.101147,-83.44948
2020-09-02T06:12:47.845046997,17.11474,-83.45525
2020-09-02T06:12:47.846954345,17.112932,-83.45064
2020-09-02T06:12:47.849243164,17.12313,-83.44924
2020-09-02T06:12:47.851150512,17.112738,-83.42904
2020-09-02T06:12:47.853057861,17.112741,-83.42905
2020-09-02T06:12:47.854965209,17.126991,-83.44884
2020-09-02T06:12:47.856872558,17.134144,-83.45285
2020-09-02T06:12:47.859161376,17.11276,-83.429
2020-09-02T06:12:47.861068725,17.13292,-83.44355
2020-09-02T06:12:47.862976074,17.13928,-83.452126
2020-09-02T06:12:47.864883422,17.131771,-83.448654
2020-09-02T06:12:47.866790771,17.140308,-83.454285
2020-09-02T06:12:47.869079589,17.131628,-83.44797
2020-09-02T06:12:47.870986938,17.112766,-83.42905
2020-09-02T06:12:47.872894287,17.140594,-83.45861
2020-09-02T06:12:47.874801635,17.112768,-83.42902
2020-09-02T06:12:47.877090454,17.113102,-83.472694
2020-09-02T06:12:47.878997802,17.135048,-83.46659
2020-09-02T06:12:47.880905151,17.113108,-83.47317
2020-09-02T06:12:47.882812500,17.113152,-83.47853
2020-09-02T06:12:47.884719848,17.113235,-83.48898
2020-09-02T06:12:47.887008666,17.11337,-83.50628
2020-09-02T06:12:47.888916015,17.120428,-83.49888
2020-09-02T06:12:47.890823364,17.113379,-83.506325
2020-09-02T06:12:47.892730712,17.128149,-83.4765
2020-09-02T06:12:47.894638061,17.123762,-83.499504
2020-09-02T06:12:47.896926879,17.11884,-83.50669
2020-09-02T06:12:47.898834228,17.11334,-83.506294
2020-09-02T06:12:47.910660743,17.113485,-83.526634
2020-09-02T06:12:47.914856910,17.113503,-83.531265
2020-09-02T06:12:47.922486305,17.113565,-83.54166
2020-09-02T06:12:47.924775123,17.191511,-83.51076
2020-09-02T06:12:47.930497169,17.139097,-83.543106
2020-09-02T06:12:47.934693336,17.191755,-83.53458
2020-09-02T06:12:47.936600685,17.191576,-83.51076
2020-09-02T06:12:47.938508033,17.19158,-83.51075
2020-09-02T06:12:47.940415382,17.191584,-83.510735
2020-09-02T06:12:47.942322731,17.191572,-83.51073
2020-09-02T06:12:48.015947341,17.057718,-83.45218
2020-09-02T06:12:53.213171005,15.039201,-80.96831
2020-09-02T06:12:53.215459823,15.008717,-80.96722
2020-09-02T06:12:53.168920516,18.368423,-83.26933
2020-09-02T06:12:53.232625961,18.35081,-83.25471
2020-09-02T06:12:53.236440658,18.368427,-83.26929
2020-09-02T06:12:53.242544174,18.36844,-83.26931
2020-09-02T06:12:53.244451522,18.368435,-83.26931
2020-09-02T06:12:53.246740341,18.349499,-83.26818
2020-09-02T06:12:53.302055358,18.368563,-83.269295
2020-09-02T06:12:53.304344177,18.3512,-83.25598
2020-09-02T06:12:53.344017028,18.368431,-83.26925
2020-09-02T06:12:53.345924377,18.348707,-83.26809
2020-09-02T06:12:53.117420196,17.975008,-83.40144
2020-09-02T06:12:53.119327545,18.011265,-83.434135
2020-09-02T06:12:53.121234893,18.010628,-83.43772
2020-09-02T06:12:53.157094955,18.009739,-83.429504
2020-09-02T06:12:53.159002304,18.05389,-83.406044
2020-09-02T06:12:53.161291122,18.01031,-83.425644
2020-09-02T06:12:53.163198471,18.01501,-83.42178
2020-09-02T06:12:53.165105819,18.019764,-83.428314
2020-09-02T06:12:53.167013168,18.015463,-83.41968
2020-09-02T06:12:53.168920516,17.97502,-83.40146
2020-09-02T06:12:53.181127548,18.053793,-83.406044
2020-09-02T06:12:53.183034896,18.036953,-83.417885
2020-09-02T06:12:53.184942245,18.02336,-83.42696
2020-09-02T06:12:53.186849594,18.024292,-83.43356
2020-09-02T06:12:53.224615097,18.05383,-83.406044
2020-09-02T06:12:53.304344177,18.053957,-83.406075
2020-09-02T06:12:53.306251525,18.053942,-83.40606
2020-09-02T06:12:53.308158874,17.975107,-83.40138
2020-09-02T06:12:53.377967834,18.008396,-83.442406
2020-09-02T06:12:53.383691787,17.975449,-83.44162
2020-09-02T06:12:53.506908416,17.975496,-83.44895
2020-09-02T06:12:53.509197235,17.975483,-83.44542
2020-09-02T06:12:53.519115447,17.975492,-83.45125
2020-09-02T06:12:53.529033660,17.975443,-83.44544
2020-09-02T06:12:53.572521209,17.975431,-83.4432
2020-09-02T06:12:53.616390228,17.975422,-83.43773
2020-09-02T06:12:55.729764938,18.289352,-83.247604
2020-09-02T06:12:55.731674194,18.289335,-83.24558
2020-09-02T06:12:55.787368774,18.289402,-83.24491
2020-09-02T06:12:55.795379638,18.289415,-83.24582
2020-09-02T06:12:55.797286987,18.28942,-83.24563
2020-09-02T06:12:55.799194335,18.289433,-83.246315
2020-09-02T06:12:55.932329177,18.30758,-83.23964
2020-09-02T06:12:55.936525344,18.289421,-83.248146
2020-09-02T06:12:55.946443557,18.28937,-83.24543
2020-09-02T06:12:56.033802032,18.303173,-83.24637
2020-09-02T06:12:56.037998199,18.289536,-83.2646
2020-09-02T06:12:56.039905548,18.289526,-83.26458
2020-09-02T06:12:56.063556671,18.28946,-83.24923
2020-09-02T06:12:56.065464019,18.28955,-83.26466
2020-09-02T06:12:56.093311309,18.289494,-83.26465
2020-09-02T06:12:56.095600128,18.28936,-83.246376
2020-09-02T06:12:56.127264022,18.299343,-83.24917
2020-09-02T06:12:56.135274887,18.289467,-83.26463
2020-09-02T06:12:56.141378402,18.28927,-83.245155
2020-09-02T06:12:56.198980331,18.28935,-83.247025
2020-09-02T06:12:56.230644226,18.289303,-83.24643
2020-09-02T06:12:56.232551574,18.289457,-83.264694
2020-09-02T06:12:56.234458923,18.289467,-83.264694
2020-09-02T06:12:56.236747741,18.311192,-83.243935
2020-09-02T06:12:56.238655090,18.310806,-83.244545
2020-09-02T06:12:56.240562438,18.289495,-83.26471
2020-09-02T06:12:56.276420593,18.29946,-83.25109
2020-09-02T06:12:56.286338806,18.289564,-83.26461
2020-09-02T06:12:56.361871719,18.3062,-83.24816
2020-09-02T06:12:56.389719009,18.300709,-83.252205
2020-09-02T06:12:56.411462783,18.289398,-83.264595
2020-09-02T06:12:56.447320938,18.289425,-83.26457
2020-09-02T06:12:57.934312820,19.614454,-78.43923
2020-09-02T06:12:57.936601638,19.593306,-78.43867
2020-09-02T06:12:57.938508987,19.597622,-78.438774
2020-09-02T06:12:57.940416336,19.593185,-78.442116
2020-09-02T06:12:57.942323684,19.599253,-78.438805
2020-09-02T06:12:57.944231033,19.588089,-78.44422
2020-09-02T06:12:57.948427200,19.593798,-78.43866
2020-09-02T06:12:57.950334548,19.614532,-78.43921
2020-09-02T06:12:57.952241897,19.614504,-78.4392
2020-09-02T06:12:57.954149246,19.594522,-78.44261
2020-09-02T06:12:57.956438064,19.614433,-78.43918
2020-09-02T06:12:57.960254669,19.614365,-78.439156
2020-09-02T06:12:57.962162017,19.608053,-78.439
2020-09-02T06:12:57.964450836,19.614386,-78.4392
2020-09-02T06:12:57.966358184,19.6144,-78.43923
2020-09-02T06:12:57.972080230,19.614445,-78.43928
2020-09-02T06:12:57.974369049,19.61107,-78.43916
2020-09-02T06:12:57.976276397,19.614471,-78.43923
2020-09-02T06:12:57.978183746,19.614485,-78.43922
2020-09-02T06:12:57.981998443,19.59068,-78.4433
2020-09-02T06:12:57.984287261,19.614498,-78.439186
2020-09-02T06:12:57.986194610,19.614496,-78.43918
2020-09-02T06:12:57.988101959,19.60062,-78.438805
2020-09-02T06:12:57.990009307,19.59602,-78.44609
2020-09-02T06:12:57.992298126,19.614489,-78.43918
2020-09-02T06:12:57.994205474,19.614483,-78.43918
2020-09-02T06:12:57.998020172,19.599087,-78.43878
2020-09-02T06:12:57.999927520,19.61447,-78.4392
2020-09-02T06:12:58.002216339,19.614462,-78.433876
2020-09-02T06:12:58.009845733,19.614494,-78.4392
2020-09-02T06:12:58.012134552,19.607489,-78.43902
2020-09-02T06:12:58.014041900,19.590864,-78.43859
2020-09-02T06:12:58.015949249,19.614517,-78.439224
2020-09-02T06:12:58.017856597,19.614523,-78.43924
2020-09-02T06:12:58.022052764,19.575325,-78.44743
2020-09-02T06:12:58.023960113,19.61452,-78.439255
2020-09-02T06:12:58.030063629,19.614485,-78.43647
2020-09-02T06:12:58.031970977,19.61447,-78.43665
2020-09-02T06:12:58.033878326,19.605938,-78.43996
2020-09-02T06:12:58.035785675,19.614435,-78.43922
2020-09-02T06:12:58.037693023,19.616549,-78.43143
2020-09-02T06:12:58.039981842,19.614395,-78.439186
2020-09-02T06:12:58.041889190,19.614363,-78.4223
2020-09-02T06:12:58.043796539,19.614378,-78.420555
2020-09-02T06:12:58.045703887,19.614435,-78.439186
2020-09-02T06:12:58.047611236,19.619078,-78.41564
2020-09-02T06:12:58.053714752,19.61979,-78.40495
2020-09-02T06:12:58.055622100,19.614428,-78.41047
2020-09-02T06:12:58.057529449,19.6144,-78.39712
2020-09-02T06:12:58.059818267,19.614384,-78.388115
2020-09-02T06:12:58.061725616,19.614391,-78.3917
2020-09-02T06:12:58.063632965,19.614397,-78.3963
2020-09-02T06:12:58.065540313,19.61432,-78.36178
2020-09-02T06:12:58.069736480,19.614374,-78.39039
2020-09-02T06:12:58.071643829,19.614397,-78.40518
2020-09-02T06:12:58.073551177,19.614368,-78.39606
2020-09-02T06:12:58.075458526,19.619568,-78.39587
2020-09-02T06:12:58.077747344,19.614332,-78.388794
2020-09-02T06:12:58.079654693,19.614325,-78.3893
2020-09-02T06:12:58.083471298,19.621984,-78.372154
2020-09-02T06:12:58.085378646,19.619623,-78.40594
2020-09-02T06:12:58.087667465,19.619804,-78.387375
2020-09-02T06:12:58.089574813,19.625391,-78.38791
2020-09-02T06:12:58.091482162,19.614372,-78.43914
2020-09-02T06:12:58.093389511,19.614235,-78.370766
2020-09-02T06:12:58.095296859,19.63963,-78.37501
2020-09-02T06:12:58.097585678,19.634981,-78.377205
2020-09-02T06:12:58.099493026,19.614298,-78.389496
2020-09-02T06:12:58.101400375,19.62487,-78.38807
2020-09-02T06:12:58.103307723,19.614353,-78.39777
2020-09-02T06:12:58.105596542,19.614355,-78.387146
2020-09-02T06:12:58.107503890,19.624561,-78.38447
2020-09-02T06:12:58.109411239,19.637842,-78.393616
2020-09-02T06:12:58.111318588,19.614403,-78.381775
2020-09-02T06:12:58.113225936,19.626348,-78.376755
2020-09-02T06:12:58.115514755,19.614391,-78.39212
2020-09-02T06:12:58.117422103,19.641306,-78.385796
2020-09-02T06:12:58.119329452,19.614346,-78.385994
2020-09-02T06:12:58.121236801,19.614338,-78.38603
2020-09-02T06:12:58.123144149,19.614363,-78.394264
2020-09-02T06:12:58.125432968,19.614347,-78.38315
2020-09-02T06:12:58.127340316,19.609127,-78.37582
2020-09-02T06:12:58.129247665,19.614153,-78.38677
2020-09-02T06:12:58.131155014,19.61093,-78.39596
2020-09-02T06:12:58.133443832,19.607178,-78.38372
2020-09-02T06:12:58.135351181,19.614424,-78.411514
2020-09-02T06:12:58.137258529,19.61448,-78.43913
2020-09-02T06:12:58.139165878,19.577288,-78.36786
2020-09-02T06:12:58.141073226,19.56504,-78.36042
2020-09-02T06:12:58.143362045,19.614353,-78.39149
2020-09-02T06:12:58.147176742,19.534393,-78.35969
2020-09-02T06:12:58.181127548,19.694284,-78.363815
2020-09-02T06:12:58.184942245,19.694284,-78.36379
2020-09-02T06:12:58.186849594,19.694353,-78.39632
2020-09-02T06:12:58.188756942,19.694284,-78.36377
2020-09-02T06:12:58.224617004,19.69421,-78.363815
2020-09-02T06:12:58.226524353,19.694227,-78.363815
2020-09-02T06:12:58.228813171,19.694244,-78.36382
2020-09-02T06:12:58.230720520,19.694262,-78.36382
2020-09-02T06:12:58.232627868,19.681341,-78.3561
2020-09-02T06:12:58.234535217,19.614508,-78.43919
2020-09-02T06:12:58.234535217,19.573553,-78.43489
2020-09-02T06:12:58.236824035,19.694283,-78.36388
2020-09-02T06:12:58.238731384,19.69429,-78.36389
2020-09-02T06:12:58.240638732,19.694262,-78.34596
2020-09-02T06:12:58.242546081,19.694262,-78.34789
2020-09-02T06:12:58.246742248,19.69424,-78.340836
2020-09-02T06:12:58.248649597,19.69423,-78.33703
2020-09-02T06:12:58.250556945,19.694221,-78.335144
2020-09-02T06:12:58.258567810,19.678926,-78.31413
2020-09-02T06:12:58.260475158,19.694157,-78.322876
2020-09-02T06:12:58.262382507,19.619698,-78.390335
2020-09-02T06:12:58.264289855,19.659615,-78.34498
2020-09-02T06:12:58.266578674,19.68041,-78.32042
2020-09-02T06:12:58.268486022,19.648125,-78.31803
2020-09-02T06:12:58.272300720,19.645405,-78.30472
2020-09-02T06:12:58.274589538,19.694279,-78.363815
2020-09-02T06:12:58.276496887,19.614202,-78.2843
2020-09-02T06:12:58.280311584,19.614222,-78.28429
2020-09-02T06:12:58.282218933,19.633327,-78.29386
2020-09-02T06:12:58.284507751,19.657734,-78.32752
2020-09-02T06:12:58.286415100,19.614185,-78.28431
2020-09-02T06:12:58.286415100,19.614502,-78.43915
2020-09-02T06:12:58.296333312,19.61419,-78.28429
2020-09-02T06:12:58.322273254,19.614239,-78.284355
2020-09-02T06:13:00.308233261,18.288492,-83.18686
2020-09-02T06:13:00.354010105,18.288597,-83.18677
2020-09-02T06:13:00.401694774,18.288568,-83.186874
2020-09-02T06:13:00.451286315,18.288506,-83.18682
2020-09-02T06:13:00.505074501,18.288565,-83.18689
2020-09-02T06:13:00.531014919,18.28856,-83.18688
2020-09-02T06:13:07.069506645,18.332201,-83.234085
2020-09-02T06:13:07.123294830,18.325773,-83.23488
2020-09-02T06:13:07.153049468,18.290178,-83.228264
2020-09-02T06:13:08.739606857,19.457047,-78.74424
2020-09-02T06:13:08.743803024,19.457045,-78.74424
2020-09-02T06:13:08.753721237,19.45703,-78.74425
2020-09-02T06:13:08.761350631,19.457014,-78.74427
2020-09-02T06:13:08.773558616,19.457056,-78.744286
2020-09-02T06:13:08.775465965,19.457067,-78.74429
2020-09-02T06:13:08.834976196,19.457033,-78.74424
2020-09-02T06:13:08.862823486,19.45704,-78.74422
2020-09-02T06:13:08.867019653,19.457033,-78.744225
2020-09-02T06:13:08.868927001,19.457031,-78.744225
2020-09-02T06:13:08.882659912,19.457052,-78.744194
2020-09-02T06:13:08.894867897,19.457106,-78.744194
2020-09-02T06:13:08.914704322,19.457012,-78.74417
2020-09-02T06:13:08.918519020,19.457018,-78.74418
2020-09-02T06:13:08.920426368,19.457022,-78.74418
2020-09-02T06:13:08.936448097,19.457005,-78.74421
2020-09-02T06:13:09.033724784,19.457108,-78.744194
2020-09-02T06:13:10.375755310,18.306057,-83.27973
2020-09-02T06:13:10.415429115,18.312248,-83.26581
2020-09-02T06:13:10.550852775,18.291052,-83.290726
2020-09-02T06:13:10.552760124,18.291033,-83.2895
2020-09-02T06:13:10.584423065,18.291124,-83.295494
2020-09-02T06:13:10.586711883,18.291151,-83.299286
2020-09-02T06:13:10.632107734,18.291132,-83.30956
2020-09-02T06:13:10.729764938,18.3048,-83.318184
2020-09-02T06:13:10.731672286,18.291174,-83.300644
2020-09-02T06:13:10.807204246,18.291128,-83.30366
2020-09-02T06:13:10.809111595,18.291122,-83.304665
2020-09-02T06:13:10.878922462,18.291058,-83.30444
2020-09-02T06:13:10.880829811,18.290728,-83.264435
2020-09-02T06:13:10.902573585,18.291471,-83.342224
2020-09-02T06:13:10.997942924,18.29103,-83.301926
2020-09-02T06:13:11.028079986,18.291088,-83.30318
2020-09-02T06:13:11.360343933,14.520659,-80.34789
2020-09-02T06:13:11.362632751,14.512049,-80.356865
2020-09-02T06:13:11.366447448,14.513042,-80.34768
2020-09-02T06:13:11.368354797,14.519456,-80.347885
2020-09-02T06:13:11.380561828,14.51111,-80.37803
2020-09-02T06:13:11.384376525,14.514163,-80.38376
2020-09-02T06:13:11.396202087,14.509643,-80.394684
2020-09-02T06:13:11.408411026,14.472129,-80.40241
2020-09-02T06:13:11.410318374,14.472192,-80.4217
2020-09-02T06:13:11.412225723,14.4721985,-80.42171
2020-09-02T06:13:11.414133071,14.472206,-80.42171
2020-09-02T06:13:11.416040420,14.472214,-80.42171
2020-09-02T06:13:11.418329238,14.472167,-80.40391
2020-09-02T06:13:11.420236587,14.472163,-80.39989
2020-09-02T06:13:11.268407821,19.456757,-78.666794
2020-09-02T06:13:11.304267883,19.456793,-78.66674
2020-09-02T06:13:11.359962463,19.514038,-78.66546
2020-09-02T06:13:11.395820617,19.494287,-78.68256
2020-09-02T06:13:11.429391860,19.493753,-78.69083
2020-09-02T06:13:11.479364395,19.49389,-78.68415
2020-09-02T06:13:11.481271743,19.493725,-78.67514
2020-09-02T06:13:11.483179092,19.536459,-78.669044
2020-09-02T06:13:11.486993789,19.50348,-78.66716
2020-09-02T06:13:11.489282608,19.494337,-78.66951
2020-09-02T06:13:11.491189956,19.495169,-78.67171
2020-09-02T06:13:11.560619354,19.456638,-78.66676
2020-09-02T06:13:11.592662811,19.495604,-78.66658
2020-09-02T06:13:11.594570159,19.481358,-78.66458
2020-09-02T06:13:11.630428314,19.484688,-78.681015
2020-09-02T06:13:11.632335662,19.50758,-78.67725
2020-09-02T06:13:11.634243011,19.503222,-78.67392
2020-09-02T06:13:11.636150360,19.49345,-78.68106
2020-09-02T06:13:11.638439178,19.507921,-78.6848
2020-09-02T06:13:11.640346527,19.507856,-78.68461
2020-09-02T06:13:11.642253875,19.536469,-78.66907
2020-09-02T06:13:12.397577285,18.290386,-83.26458
2020-09-02T06:13:12.443353652,18.311533,-83.26583
2020-09-02T06:13:12.461282730,18.290255,-83.26455
2020-09-02T06:13:12.477304458,18.290337,-83.264534
2020-09-02T06:13:12.515071868,18.290358,-83.26457
2020-09-02T06:13:12.530712127,18.29033,-83.26454
2020-09-02T06:13:12.669950485,18.320742,-83.26641
2020-09-02T06:13:12.679868698,18.290304,-83.26461
2020-09-02T06:13:12.682157516,18.290304,-83.26461
2020-09-02T06:13:12.719923019,18.290287,-83.264565
2020-09-02T06:13:12.807281494,18.290272,-83.26464
2020-09-02T06:13:12.920579910,18.29022,-83.264595
2020-09-02T06:13:16.375986099,18.311798,-83.23955
2020-09-02T06:13:16.401544570,18.289742,-83.26461
2020-09-02T06:13:16.431299209,18.301619,-83.24356
2020-09-02T06:13:16.443506240,18.289518,-83.23862
2020-09-02T06:13:16.465250015,18.28955,-83.242455
2020-09-02T06:13:16.483180999,18.289728,-83.264595
2020-09-02T06:13:16.562526702,18.289536,-83.23581
2020-09-02T06:13:16.568630218,18.289534,-83.24126
2020-09-02T06:13:16.578548431,18.289724,-83.26451
2020-09-02T06:13:16.584651947,18.289726,-83.26456
2020-09-02T06:13:16.622419357,18.309605,-83.24132
2020-09-02T06:13:16.658277511,18.289543,-83.24021
2020-09-02T06:13:16.673917770,18.289722,-83.26457
2020-09-02T06:13:16.693754196,18.28957,-83.241356
2020-09-02T06:13:16.707868576,18.289715,-83.26454
2020-09-02T06:13:18.427560806,17.975851,-83.434875
2020-09-02T06:13:18.465328216,17.975824,-83.43146
2020-09-02T06:13:18.467235565,17.97584,-83.43383
2020-09-02T06:13:18.529033660,17.975828,-83.4351
2020-09-02T06:13:18.530941009,17.975843,-83.436676
2020-09-02T06:13:18.532848358,17.975874,-83.43652
2020-09-02T06:13:18.578626632,17.96901,-83.44277
2020-09-02T06:13:18.580533981,17.975805,-83.44113
2020-09-02T06:13:18.693830490,17.972834,-83.43945
2020-09-02T06:13:18.695737838,17.983368,-83.43968
2020-09-02T06:13:18.713668823,17.975922,-83.437645
2020-09-02T06:13:18.773559570,17.978756,-83.438156
2020-09-02T06:13:18.775466918,17.975859,-83.434296
2020-09-02T06:13:18.777374267,17.975595,-83.401306
2020-09-02T06:13:18.789199829,17.975994,-83.435394
2020-09-02T06:13:18.817047119,17.975918,-83.438065
2020-09-02T06:13:18.819335937,17.975927,-83.438545
2020-09-02T06:13:18.825059890,17.97594,-83.43633
2020-09-02T06:13:18.826967239,17.975956,-83.43699
2020-09-02T06:13:18.904787063,17.975908,-83.42935
2020-09-02T06:13:18.906694412,17.976345,-83.4371
2020-09-02T06:13:18.908601760,17.975967,-83.43636
2020-09-02T06:13:18.910509109,17.97591,-83.42922
2020-09-02T06:13:18.912797927,17.975906,-83.43025
2020-09-02T06:13:18.914705276,17.975925,-83.43401
2020-09-02T06:13:18.922716140,17.975882,-83.43409
2020-09-02T06:13:18.966205596,17.975813,-83.426025
2020-09-02T06:13:18.968112945,17.97586,-83.43439
2020-09-02T06:13:18.974216461,17.975876,-83.43493
2020-09-02T06:13:18.984134674,17.975933,-83.43588
2020-09-02T06:13:19.041736602,17.975855,-83.4323
2020-09-02T06:13:19.055850982,17.975845,-83.43513
2020-09-02T06:13:19.095525741,17.975964,-83.43681
2020-09-02T06:13:19.119558334,17.97559,-83.40138
2020-09-02T06:13:24.151218414,17.181467,-83.51174
2020-09-02T06:13:24.153125762,17.191479,-83.52763
2020-09-02T06:13:24.155414581,17.19146,-83.52357
2020-09-02T06:13:24.157321929,17.182709,-83.514114
2020-09-02T06:13:24.159229278,17.191254,-83.49323
2020-09-02T06:13:24.161136627,17.182047,-83.511116
2020-09-02T06:13:24.163043975,17.182888,-83.516365
2020-09-02T06:13:24.165332794,17.191542,-83.52971
2020-09-02T06:13:24.167240142,17.191511,-83.52582
2020-09-02T06:13:24.169147491,17.185684,-83.518776
2020-09-02T06:13:24.171054840,17.18446,-83.5293
2020-09-02T06:13:24.173343658,17.191513,-83.5246
2020-09-02T06:13:24.175251007,17.191616,-83.53653
2020-09-02T06:13:24.177158355,17.183601,-83.51993
2020-09-02T06:13:24.179065704,17.191568,-83.52738
2020-09-02T06:13:24.180973052,17.191706,-83.54421
2020-09-02T06:13:24.183261871,17.191664,-83.53876
2020-09-02T06:13:24.185169219,17.191788,-83.55514
2020-09-02T06:13:24.187076568,17.173567,-83.52816
2020-09-02T06:13:24.190892219,17.191437,-83.51049
2020-09-02T06:13:24.201191902,17.144085,-83.50773
2020-09-02T06:13:24.213017463,17.113457,-83.5371
2020-09-02T06:13:24.222935676,17.113327,-83.534134
2020-09-02T06:13:24.634166717,19.53621,-78.937706
2020-09-02T06:13:24.636455535,19.536245,-78.938416
2020-09-02T06:13:24.638362884,19.53627,-78.93479
2020-09-02T06:13:24.642177581,19.536207,-78.90116
2020-09-02T06:13:24.656291961,19.536171,-78.901146
2020-09-02T06:13:24.660106658,19.536299,-78.94159
2020-09-02T06:13:24.662014007,19.536404,-78.97862
2020-09-02T06:13:24.670024871,19.536339,-78.95817
2020-09-02T06:13:24.674221038,19.536383,-78.97858
2020-09-02T06:13:24.676128387,19.536327,-78.96127
2020-09-02T06:13:24.684139251,19.536377,-78.97853
2020-09-02T06:13:24.686047554,19.536345,-78.96251
2020-09-02T06:13:24.689862251,19.5364,-78.974144
2020-09-02T06:13:24.691769599,19.536358,-78.96075
2020-09-02T06:13:24.697873115,19.536373,-78.97858
2020-09-02T06:13:24.702069282,19.536339,-78.97458
2020-09-02T06:13:24.703976631,19.5363,-78.9653
2020-09-02T06:13:24.705883979,19.536325,-78.97858
2020-09-02T06:13:24.707791328,19.536287,-78.969376
2020-09-02T06:13:24.715802192,19.53637,-78.97858
2020-09-02T06:13:24.717709541,19.531315,-78.97254
2020-09-02T06:13:24.719616889,19.523436,-78.97817
2020-09-02T06:13:24.721905708,19.527477,-78.97036
2020-09-02T06:13:24.725720405,19.504465,-78.977554
2020-09-02T06:13:24.727627754,19.536402,-78.978516
2020-09-02T06:13:24.731823921,19.51157,-78.968864
2020-09-02T06:13:24.733731269,19.52375,-78.96708
2020-09-02T06:13:24.737545967,19.49489,-78.97729
2020-09-02T06:13:24.739834785,19.51571,-78.977936
2020-09-02T06:13:24.741742134,19.488773,-78.97713
2020-09-02T06:13:24.743649482,19.478924,-78.97683
2020-09-02T06:13:24.745556831,19.494305,-78.97731
2020-09-02T06:13:24.747465133,19.48584,-78.97705
2020-09-02T06:13:24.749753952,19.514902,-78.9703
2020-09-02T06:13:24.751661300,19.483416,-78.97698
2020-09-02T06:13:24.753568649,19.480932,-78.97689
2020-09-02T06:13:24.755475997,19.487614,-78.97708
2020-09-02T06:13:24.757383346,19.478228,-78.97678
2020-09-02T06:13:24.763486862,19.456568,-78.976105
2020-09-02T06:13:24.775312423,19.456636,-78.97609
2020-09-02T06:13:24.777601242,19.456638,-78.976074
2020-09-02T06:13:24.781415939,19.53645,-78.9785
2020-09-02T06:13:24.785230636,19.456606,-78.97608
2020-09-02T06:13:24.789426803,19.536392,-78.97854
2020-09-02T06:13:24.791334152,19.456573,-78.9761
2020-09-02T06:13:24.795148849,19.53641,-78.9785
2020-09-02T06:13:24.797437667,19.536404,-78.972916
2020-09-02T06:13:24.803159713,19.536415,-78.97847
2020-09-02T06:13:24.805448532,19.536367,-78.967
2020-09-02T06:13:24.807355880,19.536373,-78.97473
2020-09-02T06:13:24.809264183,19.536367,-78.97852
2020-09-02T06:13:24.811171531,19.536358,-78.97854
2020-09-02T06:13:24.813078880,19.536362,-78.97854
2020-09-02T06:13:24.815367698,19.536366,-78.97854
2020-09-02T06:13:24.817275047,19.536371,-78.97854
2020-09-02T06:13:24.819182395,19.536375,-78.97854
2020-09-02T06:13:24.827193260,19.536427,-78.98519
2020-09-02T06:13:24.829100608,19.536432,-78.98435
2020-09-02T06:13:24.831007957,19.524408,-78.98899
2020-09-02T06:13:24.832915306,19.536396,-78.97861
2020-09-02T06:13:24.837111473,19.514324,-78.9947
2020-09-02T06:13:24.839018821,19.536333,-78.97854
2020-09-02T06:13:24.840926170,19.53632,-78.97852
2020-09-02T06:13:24.843214988,19.536383,-78.99633
2020-09-02T06:13:24.845122337,19.536457,-79.01759
2020-09-02T06:13:24.847029685,19.536478,-79.02095
2020-09-02T06:13:24.848937034,19.537771,-79.01431
2020-09-02T06:13:24.850844383,19.538105,-79.00802
2020-09-02T06:13:24.855040550,19.536497,-79.01742
2020-09-02T06:13:24.856947898,19.536533,-79.03005
2020-09-02T06:13:24.858855247,19.536531,-79.02945
2020-09-02T06:13:24.860762596,19.53661,-79.05595
2020-09-02T06:13:24.863051414,19.536617,-79.055954
2020-09-02T06:13:24.864958763,19.536627,-79.05597
2020-09-02T06:13:24.866866111,19.536634,-79.055984
2020-09-02T06:13:24.868773460,19.536642,-79.056
2020-09-02T06:13:24.870681762,19.536648,-79.056015
2020-09-02T06:13:24.906539916,19.566036,-79.05698
2020-09-02T06:13:24.908447265,19.55625,-79.03687
2020-09-02T06:13:24.910736083,19.543272,-79.012985
2020-09-02T06:13:24.912643432,19.536995,-79.00686
2020-09-02T06:13:24.914550781,19.548367,-79.0203
2020-09-02T06:13:24.916458129,19.547857,-79.02442
2020-09-02T06:13:25.001909255,19.536276,-78.941055
2020-09-02T06:13:25.014116287,19.526203,-78.96404
2020-09-02T06:13:25.029756546,19.536469,-78.9712
2020-09-02T06:13:25.032045364,19.53637,-78.94131
2020-09-02T06:13:25.039674758,19.537266,-78.995
2020-09-02T06:13:25.041963577,19.53631,-78.956894
2020-09-02T06:13:25.043870925,19.536396,-78.978485
2020-09-02T06:13:25.047685623,19.536673,-79.05598
2020-09-02T06:13:25.049974441,19.53663,-79.03288
2020-09-02T06:13:25.053789138,19.536713,-79.05601
2020-09-02T06:13:25.055696487,19.55278,-79.04119
2020-09-02T06:13:25.057604789,19.546179,-79.01817
2020-09-02T06:13:25.059893608,19.545815,-79.003456
2020-09-02T06:13:25.061800956,19.54482,-79.0081
2020-09-02T06:13:25.063708305,19.548561,-79.010735
2020-09-02T06:13:25.065615653,19.54478,-79.01015
2020-09-02T06:13:25.067523002,19.546635,-79.02494
2020-09-02T06:13:25.069811820,19.536636,-79.05594
2020-09-02T06:13:24.910736083,19.936327,-78.95946
2020-09-02T06:13:25.057604789,19.936445,-78.95584
2020-09-02T06:13:25.069811820,19.536411,-78.97847
2020-09-02T06:13:25.071719169,19.536545,-79.024475
2020-09-02T06:13:25.073626518,19.536655,-79.05595
2020-09-02T06:13:25.117495536,18.321766,-83.261826
2020-09-02T06:13:25.119403839,18.28966,-83.264244
2020-09-02T06:13:25.160984039,18.320194,-83.2661
2020-09-02T06:13:25.514993667,19.353775,-82.16176
2020-09-02T06:13:25.642024993,19.402655,-82.15541
2020-09-02T06:13:25.656139373,19.357983,-82.17354
2020-09-02T06:13:25.685894966,19.365953,-82.1634
2020-09-02T06:13:25.687802314,19.371952,-82.16421
2020-09-02T06:13:25.763334274,19.352333,-82.16831
2020-09-02T06:13:25.765241622,19.431189,-82.19069
2020-09-02T06:13:25.856795310,19.399385,-82.148926
2020-09-02T06:13:25.858702659,19.371592,-82.17446
2020-09-02T06:13:25.930420875,19.50073,-82.1382
2020-09-02T06:13:25.930420875,19.312716,-82.113304
2020-09-02T06:13:25.932328224,19.395481,-82.17644
2020-09-02T06:13:25.984209060,19.391588,-82.16819
2020-09-02T06:13:25.986116409,19.498499,-82.1705
2020-09-02T06:13:26.025789260,19.506193,-82.19068
2020-09-02T06:13:26.027696609,19.414095,-82.1739
2020-09-02T06:13:26.029985427,19.481903,-82.17645
2020-09-02T06:13:28.868927001,18.235905,-83.13173
2020-09-02T06:13:28.984132766,18.240343,-83.140594
2020-09-02T06:13:31.894792556,18.289982,-83.23569
2020-09-02T06:13:31.902803421,18.290022,-83.23639
2020-09-02T06:13:31.922639846,18.290216,-83.26451
2020-09-02T06:13:32.024112701,18.290018,-83.23807
2020-09-02T06:13:32.103458404,18.29003,-83.241104
2020-09-02T06:13:32.109561920,18.290232,-83.26458
2020-09-02T06:13:32.226675033,18.29721,-83.24142
2020-09-02T06:13:32.274360656,18.290014,-83.24001
2020-09-02T06:13:32.314033508,18.289991,-83.24068
2020-09-02T06:13:32.330055236,18.290194,-83.26451
2020-09-02T06:13:32.379646301,18.290066,-83.23874
2020-09-02T06:13:35.077442169,18.319948,-83.25897
2020-09-02T06:13:35.079730987,18.321465,-83.26654
2020-09-02T06:13:35.115591049,18.290552,-83.26468
2020-09-02T06:13:35.117498397,18.290537,-83.26468
2020-09-02T06:13:35.149160385,18.32398,-83.26667
2020-09-02T06:13:35.170904159,18.32663,-83.266846
2020-09-02T06:13:35.228887557,18.329098,-83.26693
2020-09-02T06:13:36.314186096,19.595987,-78.43875
2020-09-02T06:13:36.316093444,19.615528,-78.439285
2020-09-02T06:13:36.318382263,19.59643,-78.43878
2020-09-02T06:13:36.320289611,19.615505,-78.4393
2020-09-02T06:13:36.326011657,19.615553,-78.43928
2020-09-02T06:13:36.328300476,19.61557,-78.43927
2020-09-02T06:13:36.330207824,19.61559,-78.43926
2020-09-02T06:13:36.340126037,19.603575,-78.43899
2020-09-02T06:13:36.342033386,19.596996,-78.43881
2020-09-02T06:13:36.348136901,19.61553,-78.43929
2020-09-02T06:13:36.351953506,19.615513,-78.43929
2020-09-02T06:13:36.359964370,19.61555,-78.43933
2020-09-02T06:13:36.383996963,19.61561,-78.439285
2020-09-02T06:13:36.389719009,19.602058,-78.438934
2020-09-02T06:13:36.401544570,19.615513,-78.43929
2020-09-02T06:13:36.403833389,19.60795,-78.43909
2020-09-02T06:13:36.415658950,19.61552,-78.43926
2020-09-02T06:13:36.419473648,19.615501,-78.43926
2020-09-02T06:13:36.429391860,19.61553,-78.42616
2020-09-02T06:13:36.431680679,19.615553,-78.439316
2020-09-02T06:13:36.439310073,19.615416,-78.41897
2020-09-02T06:13:36.441598892,19.615456,-78.43926
2020-09-02T06:13:36.455331802,19.615515,-78.41534
2020-09-02T06:13:36.457239151,19.61556,-78.43927
2020-09-02T06:13:36.461435317,19.61539,-78.36184
2020-09-02T06:13:36.463342666,19.615484,-78.40744
2020-09-02T06:13:36.465250015,19.615387,-78.36185
2020-09-02T06:13:36.469446182,19.615461,-78.39879
2020-09-02T06:13:36.471353530,19.615383,-78.361855
2020-09-02T06:13:36.473262786,19.615383,-78.36186
2020-09-02T06:13:36.475170135,19.615385,-78.36186
2020-09-02T06:13:36.483180999,19.615402,-78.36186
2020-09-02T06:13:36.491191864,19.61544,-78.36182
2020-09-02T06:13:36.493099212,19.615423,-78.361824
2020-09-02T06:13:36.497295379,19.615387,-78.36183
2020-09-02T06:13:36.499202728,19.615425,-78.38871
2020-09-02T06:13:36.501110076,19.615396,-78.38133
2020-09-02T06:13:36.503017425,19.615437,-78.396484
2020-09-02T06:13:36.504924774,19.615421,-78.3855
2020-09-02T06:13:36.507213592,19.615377,-78.36187
2020-09-02T06:13:36.509120941,19.615423,-78.38015
2020-09-02T06:13:36.512935638,19.615372,-78.36189
2020-09-02T06:13:36.517131805,19.615341,-78.3619
2020-09-02T06:13:36.519039154,19.615362,-78.37883
2020-09-02T06:13:36.520946502,19.615368,-78.38716
2020-09-02T06:13:36.522853851,19.615482,-78.43932
2020-09-02T06:13:36.527050018,19.615417,-78.401985
2020-09-02T06:13:36.530864715,19.606743,-78.39068
2020-09-02T06:13:36.532772064,19.615473,-78.412056
2020-09-02T06:13:36.535060882,19.61548,-78.406685
2020-09-02T06:13:36.536968231,19.601234,-78.38694
2020-09-02T06:13:36.538875579,19.601421,-78.4053
2020-09-02T06:13:36.540782928,19.593931,-78.39849
2020-09-02T06:13:36.548793792,19.57711,-78.37794
2020-09-02T06:13:36.552989959,19.558338,-78.36038
2020-09-02T06:13:36.556804656,19.535503,-78.35977
2020-09-02T06:13:36.560619354,19.535498,-78.35976
2020-09-02T06:13:36.568630218,19.535532,-78.3598
2020-09-02T06:13:36.574733734,19.535526,-78.35982
2020-09-02T06:13:36.578548431,19.535513,-78.359825
2020-09-02T06:13:36.584651947,19.535566,-78.37147
2020-09-02T06:13:36.588466644,19.53558,-78.3598
2020-09-02T06:13:36.707868576,19.615595,-78.439445
2020-09-02T06:13:36.789505004,19.615593,-78.43945
2020-09-02T06:13:39.991989613,18.289717,-83.2651
2020-09-02T06:13:40.119402408,18.300686,-83.25399
2020-09-02T06:13:40.123217582,18.289715,-83.265045
2020-09-02T06:13:40.125506401,18.289724,-83.26505
2020-09-02T06:13:40.127413749,18.289734,-83.26505
2020-09-02T06:13:40.129321098,18.289743,-83.26505
2020-09-02T06:13:40.131228446,18.296055,-83.26037
2020-09-02T06:13:40.133135795,18.289759,-83.26506
2020-09-02T06:13:40.159076213,18.289827,-83.2651
2020-09-02T06:13:40.160983562,18.289833,-83.2651
2020-09-02T06:13:40.280385494,18.300196,-83.261665
2020-09-02T06:13:40.282292842,18.289839,-83.265144
2020-09-02T06:13:40.294499874,18.2969,-83.258705
2020-09-02T06:13:40.347906589,18.289968,-83.265274
2020-09-02T06:13:40.401694774,18.289892,-83.265274
2020-09-02T06:13:40.425727367,18.289816,-83.26528
2020-09-02T06:13:40.427634716,18.289822,-83.26528
2020-09-02T06:13:40.467308521,18.289867,-83.2652
2020-09-02T06:13:43.600367546,18.29076,-83.265335
2020-09-02T06:13:43.701840400,18.290667,-83.23763
2020-09-02T06:13:43.706036567,18.290833,-83.265396
2020-09-02T06:13:43.761732101,18.280499,-83.24252
2020-09-02T06:13:43.785383224,18.290653,-83.24017
2020-09-02T06:13:43.787290573,18.290857,-83.2654
2020-09-02T06:13:43.789197921,18.290861,-83.26541
2020-09-02T06:13:43.805219650,18.290874,-83.26539
2020-09-02T06:13:43.837264060,18.290707,-83.239136
2020-09-02T06:13:43.860915184,18.290644,-83.241615
2020-09-02T06:13:43.868926048,18.29059,-83.24157
2020-09-02T06:13:43.872740745,18.290783,-83.26551
2020-09-02T06:13:43.882659912,18.29064,-83.2419
2020-09-02T06:13:43.894866943,18.290821,-83.26543
2020-09-02T06:13:43.918518066,18.290588,-83.23765
2020-09-02T06:13:43.936447143,18.290825,-83.265465
2020-09-02T06:13:43.956284523,18.290667,-83.24265
2020-09-02T06:13:43.966202735,18.290672,-83.24261
2020-09-02T06:13:44.010072708,18.274,-83.24007
2020-09-02T06:13:44.011980056,18.267124,-83.24555
2020-09-02T06:13:44.013887405,18.290731,-83.24203
2020-09-02T06:13:44.016176223,18.275293,-83.239044
2020-09-02T06:13:44.018083572,18.290878,-83.26545
2020-09-02T06:13:44.099337577,18.290573,-83.23788
2020-09-02T06:13:44.101626396,18.2908,-83.265526
2020-09-02T06:13:44.129474639,18.271122,-83.23198
2020-09-02T06:13:44.172962188,18.284836,-83.23529
2020-09-02T06:13:44.174869537,18.281649,-83.23646
2020-09-02T06:13:44.177158355,18.290901,-83.26547
2020-09-02T06:13:44.190892219,18.282772,-83.235085
2020-09-02T06:13:44.196995735,18.290602,-83.23771
2020-09-02T06:13:44.268331527,18.290558,-83.23104
2020-09-02T06:13:44.294271469,18.29062,-83.23427
2020-09-02T06:13:48.560694694,18.592577,-82.14756
2020-09-02T06:13:48.672085762,18.59826,-82.13961
2020-09-02T06:13:48.678189277,18.598047,-82.11694
2020-09-02T06:13:48.733884811,18.598032,-82.11694
2020-09-02T06:13:48.801405906,18.597998,-82.11688
2020-09-02T06:13:48.803313255,18.597975,-82.13706
2020-09-02T06:13:48.831161499,18.59799,-82.116905
2020-09-02T06:13:48.833068847,18.574978,-82.138405
2020-09-02T06:13:48.161290168,18.29022,-83.26498
2020-09-02T06:13:48.334097862,18.290257,-83.26488
2020-09-02T06:13:48.336006164,18.320253,-83.26665
2020-09-02T06:13:48.337913513,18.32296,-83.2668
2020-09-02T06:13:48.340202331,18.290192,-83.264854
2020-09-02T06:13:48.397805213,18.316921,-83.26647
2020-09-02T06:13:48.471429824,18.315466,-83.27444
2020-09-02T06:13:48.479059219,18.318384,-83.26648
2020-09-02T06:13:48.481348037,18.313692,-83.266205
2020-09-02T06:13:48.529032707,18.319271,-83.26652
2020-09-02T06:13:48.668271064,18.311317,-83.27369
2020-09-02T06:13:48.670178413,18.314762,-83.282074
2020-09-02T06:13:48.678189277,18.369219,-83.269424
2020-09-02T06:13:48.688107490,18.32357,-83.278076
2020-09-02T06:13:48.690014839,18.290127,-83.264786
2020-09-02T06:13:48.727781295,18.321453,-83.27592
2020-09-02T06:13:48.872741699,18.290144,-83.264755
2020-09-02T06:13:49.640271186,17.319767,-83.546745
2020-09-02T06:13:49.670025825,17.311481,-83.525024
2020-09-02T06:13:49.686047554,17.33199,-83.51455
2020-09-02T06:13:49.721906661,17.323442,-83.52083
2020-09-02T06:13:49.771498680,17.324993,-83.54186
2020-09-02T06:13:53.908601760,18.33772,-83.26841
2020-09-02T06:13:54.037921905,18.34616,-83.260124
2020-09-02T06:13:53.841079711,17.976452,-83.445366
2020-09-02T06:13:53.842987060,17.97643,-83.443405
2020-09-02T06:13:53.844894409,17.97638,-83.43767
2020-09-02T06:13:53.867019653,17.976347,-83.43654
2020-09-02T06:13:53.868927001,17.976402,-83.44129
2020-09-02T06:13:53.870834350,17.976433,-83.4434
2020-09-02T06:13:53.920808792,17.97638,-83.44128
2020-09-02T06:13:54.113452911,17.976261,-83.432846
2020-09-02T06:13:54.115360260,17.984182,-83.4338
2020-09-02T06:13:54.117267608,17.982191,-83.43589
2020-09-02T06:13:54.119556427,17.97622,-83.43536
2020-09-02T06:13:54.121463775,17.976238,-83.438385
2020-09-02T06:13:54.155035018,17.98331,-83.43648
2020-09-02T06:13:54.188985824,17.975973,-83.40236
2020-09-02T06:13:54.190893173,17.983269,-83.437164
2020-09-02T06:13:54.192800521,17.976225,-83.43292
2020-09-02T06:13:54.198904037,17.976234,-83.42788
2020-09-02T06:13:54.200811386,17.981419,-83.433624
2020-09-02T06:13:54.203100204,17.97976,-83.431435
2020-09-02T06:13:54.205007553,17.976254,-83.433014
2020-09-02T06:13:54.218740463,17.976307,-83.44341
2020-09-02T06:13:54.377817153,17.983757,-83.44023
2020-09-02T06:13:54.507137298,17.976383,-83.448875
2020-09-02T06:13:54.542995452,17.976337,-83.44276
2020-09-02T06:13:54.640272140,17.976194,-83.43881
2020-09-02T06:13:54.733732223,17.976297,-83.44199
2020-09-02T06:13:54.757766723,17.976261,-83.43999
2020-09-02T06:13:55.147253036,19.5369,-78.93712
2020-09-02T06:13:55.155263900,19.536871,-78.9334
2020-09-02T06:13:55.157171249,19.536873,-78.93551
2020-09-02T06:13:55.201040267,19.531883,-78.93151
2020-09-02T06:13:55.202947616,19.536818,-78.932396
2020-09-02T06:13:55.204854965,19.536839,-78.933784
2020-09-02T06:13:55.292213439,19.536797,-78.95027
2020-09-02T06:13:55.296409606,19.536798,-78.95023
2020-09-02T06:13:55.304420471,19.536911,-78.979774
2020-09-02T06:13:55.379953384,19.536932,-78.97978
2020-09-02T06:13:55.429544448,19.536842,-78.937836
2020-09-02T06:13:55.487148284,19.536787,-78.940445
2020-09-02T06:13:55.497066497,19.536757,-78.944244
2020-09-02T06:13:57.856874465,18.289537,-83.265
2020-09-02T06:13:57.900743484,18.289545,-83.26496
2020-09-02T06:14:02.479210853,18.299603,-83.19341
2020-09-02T06:14:02.487221717,18.288534,-83.18753
2020-09-02T06:14:02.489129066,18.288708,-83.20858
2020-09-02T06:14:02.491036415,18.288706,-83.20865
2020-09-02T06:14:02.572672367,18.304708,-83.2783
2020-09-02T06:14:02.648204326,18.28002,-83.20136
2020-09-02T06:14:02.672237396,18.288465,-83.18756
2020-09-02T06:14:02.679866790,18.289516,-83.324936
2020-09-02T06:14:02.723736763,18.284187,-83.21508
2020-09-02T06:14:02.739758491,18.283058,-83.23636
2020-09-02T06:14:02.741665840,18.277231,-83.22047
2020-09-02T06:14:02.837034702,18.301609,-83.330894
2020-09-02T06:14:02.838942050,18.30118,-83.328415
2020-09-02T06:14:02.853056907,18.28905,-83.26538
2020-09-02T06:14:02.878997325,18.301384,-83.32632
2020-09-02T06:14:02.906845092,18.289427,-83.321434
2020-09-02T06:14:02.974366188,18.327385,-83.26772
2020-09-02T06:14:03.010224342,18.33243,-83.26794
2020-09-02T06:14:03.085757255,18.28936,-83.30601
2020-09-02T06:14:03.115511894,18.36805,-83.27001
2020-09-02T06:14:03.117419242,18.289373,-83.31063
2020-09-02T06:14:03.119326591,18.289425,-83.31641
2020-09-02T06:14:03.200963020,18.29859,-83.31719
2020-09-02T06:14:03.202870368,18.28935,-83.30396
2020-09-02T06:14:03.234532356,18.298653,-83.317856
2020-09-02T06:14:04.208821296,19.583986,-78.4389
2020-09-02T06:14:04.210728645,19.6142,-78.4397
2020-09-02T06:14:04.224843025,19.577414,-78.43879
2020-09-02T06:14:04.248494148,19.570763,-78.443726
2020-09-02T06:14:04.256505966,19.567747,-78.43846
2020-09-02T06:14:04.258413314,19.570047,-78.4385
2020-09-02T06:14:04.260702133,19.568428,-78.43844
2020-09-02T06:14:04.264516830,19.573092,-78.43855
2020-09-02T06:14:04.266424179,19.534338,-78.43752
2020-09-02T06:14:04.268712997,19.534346,-78.437515
2020-09-02T06:14:04.280538558,19.559156,-78.43817
2020-09-02T06:14:04.298467636,19.534334,-78.43758
2020-09-02T06:14:04.300374984,19.59168,-78.44533
2020-09-02T06:14:04.302282333,19.58665,-78.43896
2020-09-02T06:14:04.306478500,19.61416,-78.43964
2020-09-02T06:14:04.308385848,19.600471,-78.43925
2020-09-02T06:14:04.310293197,19.61414,-78.43959
2020-09-02T06:14:04.312200546,19.614134,-78.4396
2020-09-02T06:14:04.324027061,19.614141,-78.43969
2020-09-02T06:14:04.326315879,19.600554,-78.43933
2020-09-02T06:14:04.330130577,19.614178,-78.4397
2020-09-02T06:14:04.332037925,19.602568,-78.442726
2020-09-02T06:14:04.336234092,19.61419,-78.43966
2020-09-02T06:14:04.341956138,19.614197,-78.43962
2020-09-02T06:14:04.344244956,19.605911,-78.4394
2020-09-02T06:14:04.349967002,19.614193,-78.439606
2020-09-02T06:14:04.372092247,19.563261,-78.43826
2020-09-02T06:14:04.382011413,19.53433,-78.43747
2020-09-02T06:14:04.385826110,19.534298,-78.43752
2020-09-02T06:14:04.407569885,19.550888,-78.437965
2020-09-02T06:14:04.409858703,19.55961,-78.44349
2020-09-02T06:14:04.411766052,19.553635,-78.43802
2020-09-02T06:14:04.451439857,19.601332,-78.44104
2020-09-02T06:14:05.107958793,14.703606,-81.409904
2020-09-02T06:14:05.109866142,14.703606,-81.409904
2020-09-02T06:14:05.115969657,14.703564,-81.40991
2020-09-02T06:14:05.117877960,14.703547,-81.40991
2020-09-02T06:14:05.119785308,14.703528,-81.40992
2020-09-02T06:14:05.122074127,14.703521,-81.40993
2020-09-02T06:14:05.123981475,14.70356,-81.41743
2020-09-02T06:14:05.125888824,14.703535,-81.40995
2020-09-02T06:14:05.127796173,14.703572,-81.41728
2020-09-02T06:14:05.129703521,14.707681,-81.41886
2020-09-02T06:14:05.131992340,14.703589,-81.417305
2020-09-02T06:14:05.133899688,14.703601,-81.41645
2020-09-02T06:14:05.135807037,14.7035885,-81.40998
2020-09-02T06:14:05.137714385,14.703604,-81.40998
2020-09-02T06:14:05.140003204,14.703618,-81.40997
2020-09-02T06:14:05.141910552,14.703629,-81.40997
2020-09-02T06:14:06.290533065,19.457212,-79.332825
2020-09-02T06:14:06.292440414,19.457214,-79.327774
2020-09-02T06:14:06.294348716,19.457216,-79.32147
2020-09-02T06:14:06.296256065,19.457224,-79.31679
2020-09-02T06:14:06.298544883,19.457224,-79.30981
2020-09-02T06:14:06.300452232,19.457224,-79.302986
2020-09-02T06:14:06.302359580,19.4572,-79.30128
2020-09-02T06:14:06.304266929,19.457167,-79.29953
2020-09-02T06:14:06.306174278,19.457098,-79.28666
2020-09-02T06:14:06.308463096,19.457071,-79.28667
2020-09-02T06:14:06.332114219,19.45722,-79.32207
2020-09-02T06:14:06.411842346,19.457142,-79.28666
2020-09-02T06:14:06.413749694,19.480577,-79.28744
2020-09-02T06:14:06.415657043,19.474361,-79.29526
2020-09-02T06:14:06.417565345,19.472775,-79.29814
2020-09-02T06:14:06.419472694,19.47147,-79.299484
2020-09-02T06:14:06.421761512,19.471785,-79.29847
2020-09-02T06:14:06.423668861,19.47097,-79.29929
2020-09-02T06:14:06.425576210,19.470428,-79.29907
2020-09-02T06:14:06.427483558,19.467012,-79.29812
2020-09-02T06:14:06.429390907,19.457249,-79.286644
2020-09-02T06:14:06.431679725,19.45725,-79.286644
2020-09-02T06:14:10.340278625,18.289282,-83.21892
2020-09-02T06:14:10.344093322,18.289032,-83.187164
2020-09-02T06:14:10.379952430,18.28924,-83.21339
2020-09-02T06:14:13.417642593,18.259323,-83.28808
2020-09-02T06:14:13.461511611,18.260952,-83.28588
2020-09-02T06:14:13.475244522,18.28969,-83.263916
2020-09-02T06:14:13.491266250,18.26986,-83.27978
2020-09-02T06:14:13.505001068,18.289667,-83.26384
2020-09-02T06:14:13.521022796,18.289646,-83.26388
2020-09-02T06:14:15.980396270,18.290308,-83.264336
2020-09-02T06:14:16.212713241,18.30487,-83.26524
2020-09-02T06:14:16.215002059,18.310879,-83.25389
2020-09-02T06:14:16.216909408,18.29031,-83.26437
2020-09-02T06:14:16.230644226,18.304686,-83.26531
2020-09-02T06:14:16.238655090,18.305487,-83.26535
2020-09-02T06:14:16.240562438,18.290215,-83.26444
2020-09-02T06:14:16.248573303,18.303518,-83.25705
2020-09-02T06:14:16.268409729,18.30936,-83.25189
2020-09-02T06:14:16.276420593,18.290369,-83.264435
2020-09-02T06:14:16.316093444,18.302416,-83.25271
2020-09-02T06:14:16.320289611,18.290365,-83.2645
2020-09-02T06:14:16.322196960,18.290356,-83.264496
2020-09-02T06:14:16.439691543,18.304857,-83.2653
2020-09-02T06:14:16.441598892,18.290356,-83.264435
2020-09-02T06:14:16.785308837,19.615746,-78.438965
2020-09-02T06:14:16.795227050,19.615698,-78.43891
2020-09-02T06:14:16.831085205,19.592424,-78.438354
2020-09-02T06:14:16.866945266,19.596714,-78.438484
2020-09-02T06:14:16.894792556,19.61579,-78.43897
2020-09-02T06:14:16.896699905,19.615797,-78.43898
2020-09-02T06:14:16.912721633,19.6158,-78.43898
2020-09-02T06:14:16.914628982,19.615805,-78.43897
2020-09-02T06:14:16.950487136,19.615868,-78.43888
2020-09-02T06:14:16.962312698,19.59806,-78.43857
2020-09-02T06:14:16.964220046,19.594803,-78.43847
2020-09-02T06:14:16.966508865,19.61579,-78.43902
2020-09-02T06:14:16.976428985,19.585417,-78.4467
2020-09-02T06:14:16.984439849,19.573511,-78.45571
2020-09-02T06:14:17.001987457,19.536009,-78.4685
2020-09-02T06:14:17.004276275,19.615822,-78.43896
2020-09-02T06:14:17.019916534,19.57348,-78.45892
2020-09-02T06:14:17.022205352,19.578524,-78.46621
2020-09-02T06:14:17.027927398,19.577652,-78.51539
2020-09-02T06:14:17.029834747,19.572866,-78.45878
2020-09-02T06:14:17.032123565,19.57786,-78.45358
2020-09-02T06:14:17.049671173,19.615938,-78.51648
2020-09-02T06:14:17.051959991,19.571716,-78.45801
2020-09-02T06:14:17.103460311,19.601759,-78.43518
2020-09-02T06:14:17.107656478,19.615763,-78.43907
2020-09-02T06:14:17.109563827,19.599577,-78.43182
2020-09-02T06:14:17.111471176,19.588675,-78.449104
2020-09-02T06:14:17.216758728,19.593954,-78.43116
2020-09-02T06:14:17.218666076,19.615734,-78.43906
2020-09-02T06:14:17.240791320,19.577728,-78.45699
2020-09-02T06:14:17.250709533,19.57432,-78.46137
2020-09-02T06:14:17.304496765,19.584713,-78.45874
2020-09-02T06:14:17.332344055,19.576292,-78.46235
2020-09-02T06:14:17.342264175,19.570978,-78.471535
2020-09-02T06:14:17.352182388,19.5769,-78.48943
2020-09-02T06:14:17.354089736,19.577675,-78.465904
2020-09-02T06:14:17.355997085,19.570803,-78.46303
2020-09-02T06:14:17.357904434,19.615934,-78.51651
2020-09-02T06:14:17.360193252,19.582376,-78.475235
2020-09-02T06:14:17.364007949,19.6038,-78.50696
2020-09-02T06:14:17.365915298,19.57361,-78.47786
2020-09-02T06:14:17.372018814,19.597675,-78.49841
2020-09-02T06:14:17.373926162,19.586708,-78.476456
2020-09-02T06:14:17.375833511,19.579395,-78.47824
2020-09-02T06:14:17.377740859,19.58543,-78.480125
2020-09-02T06:14:17.380029678,19.605421,-78.49456
2020-09-02T06:14:17.381937026,19.593992,-78.486595
2020-09-02T06:14:17.383844375,19.615774,-78.48678
2020-09-02T06:14:17.385751724,19.615849,-78.51649
2020-09-02T06:14:17.389947891,19.615866,-78.51652
2020-09-02T06:14:17.393762588,19.61583,-78.49393
2020-09-02T06:14:17.395669937,19.57926,-78.480095
2020-09-02T06:14:17.843141555,19.47284,-82.11925
2020-09-02T06:14:17.845048904,19.430489,-82.11732
2020-09-02T06:14:17.861070632,19.472992,-82.12654
2020-09-02T06:14:17.862977981,19.445555,-82.12493
2020-09-02T06:14:17.912569046,19.424738,-82.12746
2020-09-02T06:14:17.954149246,19.42101,-82.12931
2020-09-02T06:14:17.956438064,19.440796,-82.12497
2020-09-02T06:14:17.999927520,19.472925,-82.12384
2020-09-02T06:14:18.057529449,19.452333,-82.11082
2020-09-02T06:14:18.059818267,19.416735,-82.11426
2020-09-02T06:14:18.061725616,19.472946,-82.12124
2020-09-02T06:14:18.079654693,19.421412,-82.130226
2020-09-02T06:14:18.081562042,19.41614,-82.124115
2020-09-02T06:14:18.083471298,19.436262,-82.13043
2020-09-02T06:14:18.133062362,19.473,-82.125
2020-09-02T06:14:18.165105819,19.473232,-82.16355
2020-09-02T06:14:18.238731384,19.41443,-82.13148
2020-09-02T06:14:18.240638732,19.424862,-82.16094
2020-09-02T06:14:18.252464294,19.40022,-82.126465
2020-09-02T06:14:18.366144180,18.210102,-83.10474
2020-09-02T06:14:18.368051528,18.210108,-83.10473
2020-09-02T06:14:18.369958877,18.210115,-83.10472
2020-09-02T06:14:18.371866226,18.21011,-83.10471
2020-09-02T06:14:20.870909690,19.456253,-78.667076
2020-09-02T06:14:20.872817039,19.468504,-78.68281
2020-09-02T06:14:20.877013206,19.456236,-78.66706
2020-09-02T06:14:20.880827903,19.456226,-78.667046
2020-09-02T06:14:20.898757457,19.456245,-78.69901
2020-09-02T06:14:20.900664806,19.45616,-78.66712
2020-09-02T06:14:20.970474720,19.45612,-78.64188
2020-09-02T06:14:21.055925369,18.290064,-83.26484
2020-09-02T06:14:21.169223308,18.290087,-83.264885
2020-09-02T06:14:21.208897113,18.290108,-83.26488
2020-09-02T06:14:21.292439937,18.290026,-83.26472
2020-09-02T06:14:21.320287704,18.289873,-83.24561
2020-09-02T06:14:21.346228122,18.289862,-83.24342
2020-09-02T06:14:21.364157676,18.290054,-83.2648
2020-09-02T06:14:24.576563835,18.290625,-83.26495
2020-09-02T06:14:24.578852653,18.290613,-83.264946
2020-09-02T06:14:24.580760002,18.290602,-83.26494
2020-09-02T06:14:24.632259368,18.315924,-83.24495
2020-09-02T06:14:24.670024871,18.305168,-83.24986
2020-09-02T06:14:24.692151069,18.290648,-83.264946
2020-09-02T06:14:24.729916572,18.324696,-83.25161
2020-09-02T06:14:24.735638618,18.307028,-83.24883
2020-09-02T06:14:24.745556831,18.314468,-83.24533
2020-09-02T06:14:24.763486862,18.29051,-83.24835
2020-09-02T06:14:24.777601242,18.290657,-83.26496
2020-09-02T06:14:24.825285911,18.290369,-83.24079
2020-09-02T06:14:24.843214988,18.290579,-83.264915
2020-09-02T06:14:24.845122337,18.29059,-83.26491
2020-09-02T06:14:24.866866111,18.319408,-83.239815
2020-09-02T06:14:24.924468994,18.290632,-83.26488
2020-09-02T06:14:24.962235450,18.31556,-83.24269
2020-09-02T06:14:30.115589141,18.583448,-82.16967
2020-09-02T06:14:30.117496490,18.573298,-82.1938
2020-09-02T06:14:30.119403839,18.599195,-82.195175
2020-09-02T06:14:30.129322052,18.599174,-82.19509
2020-09-02T06:14:30.131230354,18.57041,-82.19618
2020-09-02T06:14:30.133519172,18.599167,-82.19509
2020-09-02T06:14:30.155262947,18.572565,-82.19148
2020-09-02T06:14:30.175099372,18.575756,-82.18993
2020-09-02T06:14:30.177006721,18.576948,-82.18781
2020-09-02T06:14:31.054019927,18.397099,-83.21271
2020-09-02T06:14:31.079578399,18.338177,-83.267944
2020-09-02T06:14:31.131458282,18.340574,-83.268036
2020-09-02T06:14:31.174947738,18.33987,-83.26809
2020-09-02T06:14:31.205083847,18.290825,-83.265175
2020-09-02T06:14:31.230642318,18.369904,-83.26975
2020-09-02T06:14:32.014192581,18.291056,-83.30148
2020-09-02T06:14:32.014192581,18.132849,-83.25558
2020-09-02T06:14:32.016099929,18.384195,-83.29322
2020-09-02T06:14:32.018009185,18.291067,-83.30039
2020-09-02T06:14:32.206838607,18.360163,-83.29858
2020-09-02T06:14:32.208745956,18.290993,-83.3028
2020-09-02T06:14:32.399866104,18.35151,-83.30627
2020-09-02T06:14:32.401773452,18.266356,-83.31319
2020-09-02T06:14:32.914857864,18.290667,-83.26486
2020-09-02T06:14:32.916765213,18.29078,-83.27971
2020-09-02T06:14:32.946519851,18.290655,-83.26476
2020-09-02T06:14:32.980089187,18.290842,-83.30293
2020-09-02T06:14:33.007938385,18.290592,-83.26472
2020-09-02T06:14:33.010227203,18.290588,-83.264725
2020-09-02T06:14:33.133443832,18.290539,-83.26474
2020-09-02T06:14:33.139165878,18.290527,-83.264755
2020-09-02T06:14:33.141454696,18.290525,-83.264755
2020-09-02T06:14:35.165182113,18.427689,-82.808395
2020-09-02T06:14:35.167089462,18.444551,-82.8073
2020-09-02T06:14:35.175100326,18.42863,-82.81733
2020-09-02T06:14:35.177007675,18.444525,-82.80726
2020-09-02T06:14:35.189214706,18.3654,-82.80286
2020-09-02T06:14:35.193029403,18.36542,-82.80286
2020-09-02T06:14:35.194936752,18.397934,-82.822556
2020-09-02T06:14:35.196844100,18.417023,-82.82539
2020-09-02T06:14:35.199132919,18.365652,-82.82525
2020-09-02T06:14:35.214773178,18.365404,-82.802826
2020-09-02T06:14:35.217061996,18.372923,-82.821045
2020-09-02T06:14:35.218969345,18.365356,-82.80288
2020-09-02T06:14:35.316246032,18.36564,-82.82401
2020-09-02T06:14:35.318153381,18.384165,-82.826935
2020-09-02T06:14:35.340278625,18.365637,-82.82825
2020-09-02T06:14:35.342185974,18.388803,-82.82771
2020-09-02T06:14:35.344093322,18.387785,-82.828514
2020-09-02T06:14:35.346000671,18.365677,-82.83291
2020-09-02T06:14:35.375757217,18.365623,-82.83185
2020-09-02T06:14:35.378046035,18.384249,-82.83737
2020-09-02T06:14:35.379953384,18.370039,-82.8403
2020-09-02T06:14:35.381860733,18.358522,-82.83973
2020-09-02T06:14:35.383768081,18.371767,-82.84905
2020-09-02T06:14:35.386056900,18.351923,-82.84634
2020-09-02T06:14:35.387964248,18.35437,-82.844215
2020-09-02T06:14:35.389871597,18.365448,-82.802795
2020-09-02T06:14:35.427637100,18.336157,-82.84773
2020-09-02T06:14:35.429544448,18.340862,-82.843376
2020-09-02T06:14:35.431451797,18.355457,-82.84189
2020-09-02T06:14:35.433740615,18.331379,-82.84527
2020-09-02T06:14:35.437555313,18.401815,-82.80569
2020-09-02T06:14:35.441370010,18.40561,-82.92168
2020-09-02T06:14:35.453577041,18.365774,-82.851204
2020-09-02T06:14:35.455484390,18.366085,-82.85126
2020-09-02T06:14:35.473413467,18.366016,-82.880455
2020-09-02T06:14:37.831314086,18.333996,-77.15067
2020-09-02T06:14:37.833221435,18.345875,-77.1427
2020-09-02T06:14:37.835512161,18.3433,-77.12981
2020-09-02T06:14:37.839326858,18.343266,-77.12461
2020-09-02T06:14:37.841234207,18.338663,-77.13122
2020-09-02T06:14:37.843523025,18.343254,-77.10321
2020-09-02T06:14:37.845430374,18.341307,-77.129105
2020-09-02T06:14:37.847337722,18.331787,-77.12852
2020-09-02T06:14:37.849245071,18.330221,-77.12377
2020-09-02T06:14:37.851152420,18.338367,-77.1281
2020-09-02T06:14:37.853441238,18.338837,-77.12148
2020-09-02T06:14:37.855348587,18.343292,-77.11863
2020-09-02T06:14:37.857255935,18.343294,-77.11296
2020-09-02T06:14:37.859163284,18.323675,-77.12031
2020-09-02T06:14:37.861070632,18.343296,-77.10318
2020-09-02T06:14:37.863359451,18.30941,-77.11913
2020-09-02T06:14:37.865266799,18.343271,-77.103134
2020-09-02T06:14:37.867174148,18.3139,-77.11083
2020-09-02T06:14:37.869081497,18.343245,-77.103096
2020-09-02T06:14:37.870988845,18.34324,-77.10308
2020-09-02T06:14:37.873277664,18.302597,-77.10247
2020-09-02T06:14:37.875185012,18.305086,-77.11033
2020-09-02T06:14:37.877092361,18.343334,-77.10316
2020-09-02T06:14:37.878999710,18.295137,-77.102425
2020-09-02T06:14:37.881288528,18.310627,-77.11699
2020-09-02T06:14:37.883195877,18.291954,-77.097084
2020-09-02T06:14:37.885103225,18.302225,-77.11025
2020-09-02T06:14:37.887010574,18.29394,-77.09548
2020-09-02T06:14:37.888917922,18.301027,-77.10244
2020-09-02T06:14:37.891206741,18.299643,-77.096504
2020-09-02T06:14:37.895021438,18.300854,-77.08115
2020-09-02T06:14:37.896928787,18.264484,-77.101906
2020-09-02T06:14:37.903032302,18.307306,-77.06099
2020-09-02T06:14:37.904939651,18.343319,-77.10316
2020-09-02T06:14:37.906847000,18.323893,-77.06951
2020-09-02T06:14:37.909135818,18.306698,-77.078354
2020-09-02T06:14:37.911043167,18.311256,-77.06876
2020-09-02T06:14:37.912950515,18.343319,-77.06438
2020-09-02T06:14:37.916765213,18.34329,-77.026566
2020-09-02T06:14:37.932786941,18.34322,-77.02657
2020-09-02T06:14:37.934694290,18.343227,-77.02657
2020-09-02T06:14:37.936601638,18.343237,-77.026566
2020-09-02T06:14:37.962543487,18.343283,-77.02661
2020-09-02T06:14:37.966739654,18.343294,-77.02657
2020-09-02T06:14:38.020145416,18.343279,-77.17974
2020-09-02T06:14:38.022434234,18.343275,-77.17975
2020-09-02T06:14:38.024341583,18.343271,-77.16013
2020-09-02T06:14:38.026248931,18.343275,-77.17978
2020-09-02T06:14:38.028156280,18.343275,-77.179794
2020-09-02T06:14:38.030063629,18.343275,-77.17981
2020-09-02T06:14:38.047992706,18.36539,-77.12492
2020-09-02T06:14:38.050281524,18.319077,-77.120415
2020-09-02T06:14:38.052188873,18.312622,-77.118004
2020-09-02T06:14:38.054096221,18.370094,-77.097176
2020-09-02T06:14:38.054096221,18.18557,-77.100655
2020-09-02T06:14:38.056003570,18.343208,-77.07715
2020-09-02T06:14:38.057910919,18.34321,-77.103096
2020-09-02T06:14:38.221183776,18.264414,-77.17851
2020-09-02T06:14:38.223091125,18.306767,-77.13235
2020-09-02T06:14:38.292518615,18.343313,-77.17963
2020-09-02T06:14:39.415580273,18.289383,-83.264565
2020-09-02T06:14:39.417487622,18.289371,-83.26458
2020-09-02T06:14:39.582666398,18.289238,-83.26458
2020-09-02T06:14:39.664302350,18.294123,-83.25991
2020-09-02T06:14:40.844969272,19.534678,-78.437195
2020-09-02T06:14:40.847258090,19.534693,-78.43719
2020-09-02T06:14:40.875105857,19.554932,-78.43789
2020-09-02T06:14:40.880827903,19.534758,-78.437386
2020-09-02T06:14:40.886931419,19.534767,-78.43733
2020-09-02T06:14:40.902953624,19.534693,-78.43729
2020-09-02T06:14:40.914779186,19.555862,-78.437874
2020-09-02T06:14:40.916686534,19.5582,-78.437935
2020-09-02T06:14:40.918593883,19.55995,-78.43798
2020-09-02T06:14:40.920501232,19.559872,-78.43797
2020-09-02T06:14:40.928512573,19.559076,-78.437904
2020-09-02T06:14:40.930801391,19.565252,-78.43806
2020-09-02T06:14:40.932708740,19.571106,-78.43822
2020-09-02T06:14:40.942626953,19.5809,-78.43851
2020-09-02T06:14:40.946441650,19.569664,-78.43709
2020-09-02T06:14:40.952545166,19.614529,-78.43942
2020-09-02T06:14:40.956360340,19.572437,-78.43837
2020-09-02T06:14:40.992218971,19.614588,-78.4395
2020-09-02T06:14:40.994126319,19.575417,-78.43845
2020-09-02T06:14:41.010148048,19.586323,-78.43876
2020-09-02T06:14:41.012055397,19.603937,-78.439224
2020-09-02T06:14:41.013962745,19.573315,-78.435684
2020-09-02T06:14:41.021974086,19.534674,-78.437386
2020-09-02T06:14:41.028077602,19.60768,-78.43933
2020-09-02T06:14:41.029984951,19.577261,-78.43852
2020-09-02T06:14:41.125353813,19.549253,-78.43781
2020-09-02T06:14:41.127261161,19.55528,-78.437965
2020-09-02T06:14:41.216907978,19.580877,-78.43487
2020-09-02T06:14:41.218815326,19.570742,-78.43837
2020-09-02T06:14:41.268407344,19.56965,-78.43831
2020-09-02T06:14:41.290532588,19.578217,-78.42995
2020-09-02T06:14:41.294347286,19.614485,-78.439476
2020-09-02T06:14:41.385901451,19.535952,-78.979385
2020-09-02T06:14:41.387808799,19.53029,-78.97084
2020-09-02T06:14:41.389716625,19.535954,-78.979385
2020-09-02T06:14:41.392005443,19.535952,-78.979385
2020-09-02T06:14:41.397727489,19.53594,-78.979385
2020-09-02T06:14:41.399634838,19.535936,-78.979385
2020-09-02T06:14:41.411841869,19.535938,-78.97939
2020-09-02T06:14:41.433586120,19.535894,-78.9794
2020-09-02T06:14:41.435493469,19.535892,-78.9794
2020-09-02T06:14:41.451515674,19.535864,-78.97935
2020-09-02T06:14:41.457619190,19.53589,-78.97934
2020-09-02T06:14:41.459526538,19.5359,-78.97933
2020-09-02T06:14:41.461433887,19.5317,-78.97462
2020-09-02T06:14:41.463341236,19.535894,-78.97933
2020-09-02T06:14:41.469444751,19.531473,-78.97921
2020-09-02T06:14:41.471352100,19.535866,-78.97935
2020-09-02T06:14:41.473259449,19.535864,-78.97935
2020-09-02T06:14:41.479362964,19.535858,-78.97934
2020-09-02T06:14:41.483178138,19.535854,-78.97938
2020-09-02T06:14:41.485466957,19.535854,-78.9794
2020-09-02T06:14:41.487374305,19.535852,-78.97943
2020-09-02T06:14:41.495385169,19.535845,-78.979454
2020-09-02T06:14:41.497292518,19.535841,-78.97945
2020-09-02T06:14:41.501107215,19.53584,-78.97942
2020-09-02T06:14:41.503014564,19.535845,-78.979416
2020-09-02T06:14:41.507210731,19.53586,-78.9794
2020-09-02T06:14:41.509118080,19.51567,-78.978775
2020-09-02T06:14:41.511025428,19.535873,-78.979385
2020-09-02T06:14:41.519036769,19.493845,-78.97817
2020-09-02T06:14:41.523232936,19.497435,-78.97828
2020-09-02T06:14:41.527047634,19.490597,-78.990326
2020-09-02T06:14:41.528954982,19.500185,-78.9914
2020-09-02T06:14:41.530862331,19.535856,-78.97941
2020-09-02T06:14:41.533151149,19.456043,-78.976974
2020-09-02T06:14:41.536965847,19.456043,-78.977
2020-09-02T06:14:41.538873195,19.456043,-78.977005
2020-09-02T06:14:41.568628311,19.535944,-78.97938
2020-09-02T06:14:41.574731826,19.535889,-78.97939
2020-09-02T06:14:41.576639652,19.535864,-78.9794
2020-09-02T06:14:41.582743167,19.535837,-78.979416
2020-09-02T06:14:41.584650516,19.535856,-78.97941
2020-09-02T06:14:41.588846683,19.535898,-78.97939
2020-09-02T06:14:41.600672245,19.535831,-78.979454
2020-09-02T06:14:41.612498283,19.535862,-78.979385
2020-09-02T06:14:41.620509147,19.53592,-78.97943
2020-09-02T06:14:41.626612663,19.535847,-78.98457
2020-09-02T06:14:42.784009933,14.522082,-80.374794
2020-09-02T06:14:42.798124313,14.513724,-80.38869
2020-09-02T06:14:42.800031661,14.470167,-80.34717
2020-09-02T06:14:42.853819847,14.499797,-80.39299
2020-09-02T06:14:45.914779663,18.288446,-83.22928
2020-09-02T06:14:45.970475196,18.29535,-83.2286
2020-09-02T06:14:45.972382545,18.288399,-83.227394
2020-09-02T06:14:45.980393409,18.288399,-83.22674
2020-09-02T06:14:46.000230789,18.288433,-83.23127
2020-09-02T06:14:46.071566581,18.294607,-83.22254
2020-09-02T06:14:46.109714508,18.288435,-83.23177
2020-09-02T06:14:46.125354766,18.288445,-83.23061
2020-09-02T06:14:48.727781295,19.614738,-78.43973
2020-09-02T06:14:48.751813888,19.61471,-78.43973
2020-09-02T06:14:48.781569480,19.614754,-78.43985
2020-09-02T06:14:48.809416770,19.61472,-78.4398
2020-09-02T06:14:48.811324119,19.61472,-78.4398
2020-09-02T06:14:48.821242332,19.61473,-78.439766
2020-09-02T06:14:48.867019653,19.599813,-78.43633
2020-09-02T06:14:48.868927001,19.59827,-78.43711
2020-09-02T06:14:48.884948730,19.598543,-78.439316
2020-09-02T06:14:48.936448097,19.614702,-78.43972
2020-09-02T06:14:48.946366310,19.614727,-78.439705
2020-09-02T06:14:48.948655128,19.61473,-78.4397
2020-09-02T06:14:48.950562477,19.614735,-78.43969
2020-09-02T06:14:48.952469825,19.600088,-78.442795
2020-09-02T06:14:48.956285476,19.614704,-78.439735
2020-09-02T06:14:48.960481643,19.606882,-78.43955
2020-09-02T06:14:48.968492507,19.614693,-78.43972
2020-09-02T06:14:48.974214553,19.614721,-78.439705
2020-09-02T06:14:48.978410720,19.61477,-78.45023
2020-09-02T06:14:49.101627349,19.614706,-78.43971
2020-09-02T06:14:49.103534698,19.599194,-78.43931
2020-09-02T06:14:49.107730865,19.595566,-78.44982
2020-09-02T06:14:49.169148445,19.614729,-78.4398
2020-09-02T06:14:51.195165634,18.289951,-83.34319
2020-09-02T06:14:51.254674911,18.289968,-83.34328
2020-09-02T06:14:51.260778427,18.289879,-83.34327
2020-09-02T06:14:51.463342666,18.289911,-83.34328
2020-09-02T06:14:51.465250015,18.318064,-83.330414
2020-09-02T06:14:53.550777435,18.28926,-83.26518
2020-09-02T06:14:53.650342941,18.289148,-83.265274
2020-09-02T06:14:53.850997924,18.289085,-83.25339
2020-09-02T06:14:53.852905273,18.289198,-83.26517
2020-09-02T06:14:53.880754470,18.289095,-83.251076
2020-09-02T06:14:53.883043289,18.289204,-83.26519
2020-09-02T06:14:53.978410720,18.293264,-83.25265
2020-09-02T06:14:53.980318069,18.283972,-83.24025
2020-09-02T06:14:53.898683547,19.455547,-78.7448
2020-09-02T06:14:53.900972366,19.455551,-78.7448
2020-09-02T06:14:53.902879714,19.455553,-78.744804
2020-09-02T06:14:53.904787063,19.455553,-78.74482
2020-09-02T06:14:53.910890579,19.455559,-78.74485
2020-09-02T06:14:53.920808792,19.455566,-78.74466
2020-09-02T06:14:53.922716140,19.45557,-78.74468
2020-09-02T06:14:53.924623489,19.455574,-78.7447
2020-09-02T06:14:53.926530838,19.45943,-78.73667
2020-09-02T06:14:53.936449050,19.455547,-78.74481
2020-09-02T06:14:53.938737869,19.455519,-78.73835
2020-09-02T06:14:53.940645217,19.455523,-78.74486
2020-09-02T06:14:53.946367263,19.45554,-78.74481
2020-09-02T06:14:53.948656082,19.46019,-78.741066
2020-09-02T06:14:53.950563430,19.455551,-78.74478
2020-09-02T06:14:53.966585159,19.455605,-78.75196
2020-09-02T06:14:53.968492507,19.455578,-78.74478
2020-09-02T06:14:53.970399856,19.455568,-78.74479
2020-09-02T06:14:53.972307205,19.455584,-78.754524
2020-09-02T06:14:53.974214553,19.455568,-78.75205
2020-09-02T06:14:53.982225418,19.455515,-78.74469
2020-09-02T06:14:53.984132766,19.455515,-78.7447
2020-09-02T06:14:53.986421585,19.455513,-78.7447
2020-09-02T06:14:54.002063751,19.455774,-78.8221
2020-09-02T06:14:54.011981964,19.455746,-78.822136
2020-09-02T06:14:54.049747467,19.455732,-78.822075
2020-09-02T06:14:54.060047149,19.455738,-78.82202
2020-09-02T06:14:54.065769195,19.455727,-78.82202
2020-09-02T06:14:54.067676544,19.45572,-78.82203
2020-09-02T06:14:54.069965362,19.469362,-78.82243
2020-09-02T06:14:54.081790924,19.45577,-78.822105
2020-09-02T06:14:54.099720001,19.455744,-78.8221
2020-09-02T06:14:54.101627349,19.47913,-78.82279
2020-09-02T06:14:54.103534698,19.45574,-78.822105
2020-09-02T06:14:54.105442047,19.48285,-78.8229
2020-09-02T06:14:54.109638214,19.50031,-78.82342
2020-09-02T06:14:54.115360260,19.50822,-78.82368
2020-09-02T06:14:54.121463775,19.535608,-78.8245
2020-09-02T06:14:54.123373031,19.511456,-78.823784
2020-09-02T06:14:54.125280380,19.535583,-78.824486
2020-09-02T06:14:54.129476547,19.535557,-78.82448
2020-09-02T06:14:54.131383895,19.535553,-78.82447
2020-09-02T06:14:54.163045883,19.535637,-78.82443
2020-09-02T06:14:54.165334701,19.535666,-78.84388
2020-09-02T06:14:54.167242050,19.520605,-78.8369
2020-09-02T06:14:54.169149398,19.51396,-78.834175
2020-09-02T06:14:54.171056747,19.503048,-78.82347
2020-09-02T06:14:54.173345565,19.504572,-78.82351
2020-09-02T06:14:54.177160263,19.455639,-78.76693
2020-09-02T06:14:54.187078475,19.53565,-78.844734
2020-09-02T06:14:54.188985824,19.535654,-78.84853
2020-09-02T06:14:54.190893173,19.533407,-78.85181
2020-09-02T06:14:54.193181991,19.525206,-78.8534
2020-09-02T06:14:54.195089340,19.512392,-78.84792
2020-09-02T06:14:54.196996688,19.501352,-78.83005
2020-09-02T06:14:54.198904037,19.467688,-78.76116
2020-09-02T06:14:54.201192855,19.455618,-78.770706
2020-09-02T06:14:57.654310226,18.289692,-83.26477
2020-09-02T06:14:57.807281494,18.271572,-83.26375
2020-09-02T06:14:57.882814407,18.289736,-83.264725
2020-09-02T06:14:57.884721755,18.268608,-83.26348
2020-09-02T06:14:57.887010574,18.267185,-83.26339
2020-09-02T06:14:57.888917922,18.268053,-83.26344
2020-09-02T06:14:57.966358184,18.289782,-83.26488
2020-09-02T06:14:57.968265533,18.268002,-83.26972
2020-09-02T06:14:57.988101959,18.267723,-83.2688
2020-09-02T06:14:58.012134552,18.267843,-83.263466
2020-09-02T06:14:58.033878326,18.268755,-83.26355
2020-09-02T06:14:58.036167144,18.289772,-83.264786
2020-09-02T06:14:58.056003570,18.259764,-83.26303
2020-09-02T06:14:58.057910919,18.268547,-83.26355
2020-09-02T06:14:58.069736480,18.265596,-83.26335
2020-09-02T06:14:58.077747344,18.289772,-83.26477
2020-09-02T06:14:58.129247665,18.26656,-83.2634
2020-09-02T06:14:58.139547348,18.262257,-83.263176
2020-09-02T06:14:58.141454696,18.289776,-83.26481
2020-09-02T06:14:58.151372909,18.26511,-83.26339
2020-09-02T06:14:58.345926284,19.452177,-82.10742
2020-09-02T06:14:58.347833633,19.472363,-82.12552
2020-09-02T06:14:58.375680923,19.428785,-82.11298
2020-09-02T06:14:58.407724380,19.472046,-82.08535
2020-09-02T06:14:58.409631729,19.426754,-82.120384
2020-09-02T06:14:58.415735244,19.472248,-82.11696
2020-09-02T06:14:58.447397232,19.47226,-82.11829
2020-09-02T06:14:58.449304580,19.47226,-82.12117
2020-09-02T06:14:58.451211929,19.472198,-82.113686
2020-09-02T06:14:58.453502655,19.459803,-82.119576
2020-09-02T06:14:58.455410003,19.472265,-82.12059
2020-09-02T06:14:58.457317352,19.472229,-82.1144
2020-09-02T06:14:58.461513519,19.472042,-82.08539
2020-09-02T06:14:58.465328216,19.472258,-82.1111
2020-09-02T06:14:58.467235565,19.472324,-82.11822
2020-09-02T06:14:58.469142913,19.472109,-82.08538
2020-09-02T06:14:58.471431732,19.472113,-82.08537
2020-09-02T06:14:58.473339080,19.4721,-82.08537
2020-09-02T06:14:58.513011932,19.489517,-82.13983
2020-09-02T06:14:58.514919281,19.479074,-82.1234
2020-09-02T06:14:58.516826629,19.455364,-82.12011
2020-09-02T06:14:58.521022796,19.472532,-82.16354
2020-09-02T06:14:58.522930145,19.481619,-82.12612
2020-09-02T06:14:58.524837493,19.456234,-82.127975
2020-09-02T06:14:58.527126312,19.472374,-82.136665
2020-09-02T06:14:58.544673919,19.486107,-82.14981
2020-09-02T06:14:58.546962738,19.484634,-82.136246
2020-09-02T06:14:58.548870086,19.460646,-82.13412
2020-09-02T06:14:58.550777435,19.483265,-82.13543
2020-09-02T06:14:58.719772338,19.461298,-82.13093
2020-09-02T06:14:58.729690551,19.472536,-82.1635
2020-09-02T06:14:58.731597900,19.472322,-82.13231
2020-09-02T06:14:58.733886718,19.472424,-82.14371
2020-09-02T06:14:58.735794067,19.472778,-82.12734
2020-09-02T06:14:58.737701416,19.488792,-82.13568
2020-09-02T06:14:58.741516113,19.472628,-82.16347
2020-09-02T06:14:58.761352539,19.472599,-82.16354
2020-09-02T06:14:58.763641357,19.477106,-82.13591
2020-09-02T06:14:58.765548706,19.482851,-82.145226
2020-09-02T06:14:58.767456054,19.479446,-82.137245
2020-09-02T06:14:58.769363403,19.472437,-82.137115
2020-09-02T06:14:58.771652221,19.472628,-82.16353
2020-09-02T06:14:58.789199829,19.47955,-82.178986
2020-09-02T06:14:58.791488647,19.484125,-82.14023
2020-09-02T06:14:58.793395996,19.472433,-82.1353
2020-09-02T06:14:58.862825393,19.48236,-82.13439
2020-09-02T06:14:58.864732742,19.488424,-82.144325
2020-09-02T06:14:58.870836257,19.472569,-82.16344
2020-09-02T06:14:58.900590896,19.483038,-82.13718
2020-09-02T06:14:58.916612625,19.472181,-82.11678
2020-09-02T06:14:58.934541702,19.472235,-82.120445
2020-09-02T06:14:58.990238189,19.479908,-82.12215
2020-09-02T06:14:58.992145538,19.480928,-82.1326
2020-09-02T06:14:59.005878448,19.47231,-82.121124
2020-09-02T06:14:59.008167266,19.472307,-82.12052
2020-09-02T06:14:59.010074615,19.488111,-82.15121
2020-09-02T06:14:59.029911041,19.472277,-82.122154
2020-09-02T06:15:06.791411399,18.290043,-83.24676
2020-09-02T06:15:06.871139526,18.32845,-83.26729
2020-09-02T06:15:07.006181716,18.333004,-83.26755
2020-09-02T06:15:07.067980766,18.313528,-83.24561
2020-09-02T06:15:07.069888114,18.290236,-83.26511
2020-09-02T06:15:07.087817192,18.290176,-83.265076
2020-09-02T06:15:07.111469268,18.290192,-83.26509
2020-09-02T06:15:07.141223907,18.338976,-83.268005
2020-09-02T06:15:07.306403160,18.348475,-83.25679
2020-09-02T06:15:07.312506675,18.369202,-83.26968
2020-09-02T06:15:08.230718612,19.585724,-78.44963
2020-09-02T06:15:08.236822128,19.593664,-78.438866
2020-09-02T06:15:08.238729476,19.59424,-78.43889
2020-09-02T06:15:08.240636825,19.595173,-78.43893
2020-09-02T06:15:08.274588584,19.58787,-78.438675
2020-09-02T06:15:08.308539390,19.615488,-78.43937
2020-09-02T06:15:08.310446739,19.598644,-78.43892
2020-09-02T06:15:08.369956970,19.600094,-78.43913
2020-09-02T06:15:08.371864318,19.59752,-78.43905
2020-09-02T06:15:08.405816078,19.572987,-78.45805
2020-09-02T06:15:08.411919593,19.578867,-78.46199
2020-09-02T06:15:08.425652503,19.570604,-78.46258
2020-09-02T06:15:08.427559852,19.615429,-78.43944
2020-09-02T06:15:08.445488929,19.56149,-78.46763
2020-09-02T06:15:08.447396278,19.571993,-78.43831
2020-09-02T06:15:08.519113540,19.591581,-78.44638
2020-09-02T06:15:08.574809074,19.615461,-78.43945
2020-09-02T06:15:08.576716423,19.615446,-78.43945
2020-09-02T06:15:08.612575531,19.568296,-78.46819
2020-09-02T06:15:08.620586395,19.580837,-78.43856
2020-09-02T06:15:12.837036132,19.468838,-78.72525
2020-09-02T06:15:12.841232299,19.464748,-78.72854
2020-09-02T06:15:12.847335815,19.45698,-78.72819
2020-09-02T06:15:12.859161376,19.457037,-78.744736
2020-09-02T06:15:12.861068725,19.457039,-78.744736
2020-09-02T06:15:12.870986938,19.46501,-78.731255
2020-09-02T06:15:12.882812500,19.468355,-78.73529
2020-09-02T06:15:12.885103225,19.457058,-78.735466
2020-09-02T06:15:12.887010574,19.457058,-78.744774
2020-09-02T06:15:12.895021438,19.46455,-78.72839
2020-09-02T06:15:12.896928787,19.45705,-78.76025
2020-09-02T06:15:12.898836135,19.456976,-78.73097
2020-09-02T06:15:12.920579910,19.457077,-78.7448
2020-09-02T06:15:12.924776077,19.468817,-78.732254
2020-09-02T06:15:12.948427200,19.456955,-78.72647
2020-09-02T06:15:12.994203567,19.468739,-78.72679
2020-09-02T06:15:13.006029129,19.457045,-78.72491
2020-09-02T06:15:13.010227203,19.457066,-78.724144
2020-09-02T06:15:13.012134552,19.457108,-78.74478
2020-09-02T06:15:13.014041900,19.457092,-78.74478
2020-09-02T06:15:13.018238067,19.457062,-78.74478
2020-09-02T06:15:13.020145416,19.457047,-78.74478
2020-09-02T06:15:13.022052764,19.457045,-78.74479
2020-09-02T06:15:13.033878326,19.45704,-78.744804
2020-09-02T06:15:13.038074493,19.456955,-78.713524
2020-09-02T06:15:13.051807403,19.456926,-78.70244
2020-09-02T06:15:13.054096221,19.45704,-78.744804
2020-09-02T06:15:13.056003570,19.456924,-78.69331
2020-09-02T06:15:13.057910919,19.456993,-78.717445
2020-09-02T06:15:13.064014434,19.45689,-78.667435
2020-09-02T06:15:13.075839996,19.456924,-78.69405
2020-09-02T06:15:13.077747344,19.464272,-78.71013
2020-09-02T06:15:13.079654693,19.456896,-78.696106
2020-09-02T06:15:13.081562042,19.461292,-78.69989
2020-09-02T06:15:13.083850860,19.460922,-78.71195
2020-09-02T06:15:13.085758209,19.456919,-78.70037
2020-09-02T06:15:13.089572906,19.456873,-78.67606
2020-09-02T06:15:13.091861724,19.456945,-78.70378
2020-09-02T06:15:13.099491119,19.456865,-78.667435
2020-09-02T06:15:13.101779937,19.456865,-78.667435
2020-09-02T06:15:13.223089218,19.467937,-78.7113
2020-09-02T06:15:12.940416336,18.290665,-83.26519
2020-09-02T06:15:12.986192703,18.290682,-83.265236
2020-09-02T06:15:13.103687286,18.290411,-83.230965
2020-09-02T06:15:13.143362045,18.277739,-83.238144
2020-09-02T06:15:13.151372909,18.290426,-83.233116
2020-09-02T06:15:13.165105819,18.29043,-83.23167
2020-09-02T06:15:13.191045761,18.29047,-83.23075
2020-09-02T06:15:13.215078353,18.29041,-83.22871
2020-09-02T06:15:13.278404235,18.29044,-83.230225
2020-09-02T06:15:15.783554077,19.55417,-78.98069
2020-09-02T06:15:15.785461425,19.537413,-79.0071
2020-09-02T06:15:15.805297851,19.53741,-79.01269
2020-09-02T06:15:15.984210968,19.537312,-79.00571
2020-09-02T06:15:16.008243560,19.537292,-78.97968
2020-09-02T06:15:16.012058258,19.537308,-78.97968
2020-09-02T06:15:16.013965606,19.53731,-78.979675
2020-09-02T06:15:16.016254425,19.537313,-78.979675
2020-09-02T06:15:16.020069122,19.53732,-78.97967
2020-09-02T06:15:16.026172637,19.53729,-78.97966
2020-09-02T06:15:16.028079986,19.537281,-78.97966
2020-09-02T06:15:16.029987335,19.53727,-78.97966
2020-09-02T06:15:16.036090850,19.537275,-78.9797
2020-09-02T06:15:16.039905548,19.53724,-78.96518
2020-09-02T06:15:16.044101715,19.537275,-78.97973
2020-09-02T06:15:16.141378402,19.526415,-78.95328
2020-09-02T06:15:16.145193099,19.498526,-79.02201
2020-09-02T06:15:16.205083847,19.537188,-78.947914
2020-09-02T06:15:16.206991195,19.524557,-78.99858
2020-09-02T06:15:16.208898544,19.523167,-78.98575
2020-09-02T06:15:16.304267883,19.52305,-78.98256
2020-09-02T06:15:16.338218688,19.514515,-79.00251
2020-09-02T06:15:16.340126037,19.521149,-78.98611
2020-09-02T06:15:16.342033386,19.519907,-78.984695
2020-09-02T06:15:16.344322204,19.53712,-78.949165
2020-09-02T06:15:16.471353530,19.505697,-78.977234
2020-09-02T06:15:16.473262786,19.505207,-78.9898
2020-09-02T06:15:16.475551605,19.50914,-78.99255
2020-09-02T06:15:16.477458953,19.53726,-78.97968
2020-09-02T06:15:16.564815521,19.51462,-78.93709
2020-09-02T06:15:17.016101837,18.290325,-83.26551
2020-09-02T06:15:17.236976623,18.290329,-83.265465
2020-09-02T06:15:17.238883972,18.30201,-83.280876
2020-09-02T06:15:17.240791320,18.305548,-83.28585
2020-09-02T06:15:17.242698669,18.290289,-83.26547
2020-09-02T06:15:17.282371520,18.290268,-83.265434
2020-09-02T06:15:17.284660339,18.30347,-83.283875
2020-09-02T06:15:17.286567687,18.290276,-83.26538
2020-09-02T06:15:17.290382385,18.290285,-83.265335
2020-09-02T06:15:17.306404113,18.29036,-83.265434
2020-09-02T06:15:17.308311462,18.290379,-83.26545
2020-09-02T06:15:17.344171524,18.30168,-83.279625
2020-09-02T06:15:17.350275039,18.29029,-83.26541
2020-09-02T06:15:17.360193252,18.301859,-83.286766
2020-09-02T06:15:17.362100601,18.290373,-83.26542
2020-09-02T06:15:17.409784317,18.30184,-83.284134
2020-09-02T06:15:17.411691665,18.290396,-83.28107
2020-09-02T06:15:17.431528091,18.290321,-83.26545
2020-09-02T06:15:17.433435440,18.290339,-83.26545
2020-09-02T06:15:17.515071868,18.327347,-83.28717
2020-09-02T06:15:17.536815643,18.328718,-83.288155
2020-09-02T06:15:17.542919158,18.290417,-83.28711
2020-09-02T06:15:17.544826507,18.290415,-83.28538
2020-09-02T06:15:17.547115325,18.290503,-83.29485
2020-09-02T06:15:17.549022674,18.30084,-83.286736
2020-09-02T06:15:17.552837371,18.290451,-83.28529
2020-09-02T06:15:17.560848236,18.2903,-83.26535
2020-09-02T06:15:17.562755584,18.290298,-83.26535
2020-09-02T06:15:17.566951751,18.29056,-83.29848
2020-09-02T06:15:17.568859100,18.290565,-83.299324
2020-09-02T06:15:17.570766448,18.302395,-83.29958
2020-09-02T06:15:17.572673797,18.305267,-83.29855
2020-09-02T06:15:17.574962615,18.290543,-83.29602
2020-09-02T06:15:17.628370285,18.30047,-83.299965
2020-09-02T06:15:17.634473800,18.290718,-83.310005
2020-09-02T06:15:17.636381149,18.298672,-83.31191
2020-09-02T06:15:17.638288497,18.302591,-83.303505
2020-09-02T06:15:17.640195846,18.2906,-83.30517
2020-09-02T06:15:17.690168380,18.29573,-83.314125
2020-09-02T06:15:17.692075729,18.295677,-83.31776
2020-09-02T06:15:17.693983078,18.30274,-83.30645
2020-09-02T06:15:17.759597778,18.303772,-83.307846
2020-09-02T06:15:17.813385009,18.290457,-83.28654
2020-09-02T06:15:17.878999710,18.296303,-83.31572
2020-09-02T06:15:17.880907058,18.298311,-83.31238
2020-09-02T06:15:17.906847000,18.294497,-83.31621
2020-09-02T06:15:17.952623367,18.290546,-83.286156
2020-09-02T06:15:17.954530715,18.290821,-83.319885
2020-09-02T06:15:18.025867462,18.301672,-83.302704
2020-09-02T06:15:18.028156280,18.302032,-83.31451
2020-09-02T06:15:19.042118072,18.290411,-83.26544
2020-09-02T06:15:19.087514877,18.29036,-83.26548
2020-09-02T06:15:20.099565982,18.239668,-83.297844
2020-09-02T06:15:20.101473331,18.211845,-83.298065
2020-09-02T06:15:20.131609916,18.229946,-83.305534
2020-09-02T06:15:20.133517265,18.232697,-83.30393
2020-09-02T06:15:20.135424613,18.229986,-83.305145
2020-09-02T06:15:20.175097942,18.231672,-83.3034
2020-09-02T06:15:20.242619037,18.232347,-83.302635
2020-09-02T06:15:20.260548591,18.21194,-83.30063
2020-09-02T06:15:20.363928318,18.229303,-83.30327
2020-09-02T06:15:24.743649482,18.278429,-83.22267
2020-09-02T06:15:24.791334152,18.289225,-83.2388
2020-09-02T06:15:24.793622970,18.264122,-83.22135
2020-09-02T06:15:24.795530319,18.289083,-83.22371
2020-09-02T06:15:24.849318504,18.276392,-83.22855
2020-09-02T06:15:24.851225852,18.268297,-83.211845
2020-09-02T06:15:24.861144065,18.289177,-83.235596
2020-09-02T06:15:24.864958763,18.274168,-83.22143
2020-09-02T06:15:24.882888793,18.26353,-83.22343
2020-09-02T06:15:24.924850463,18.289156,-83.23381
2020-09-02T06:15:25.020219802,18.267113,-83.21366
2020-09-02T06:15:29.546809196,19.438093,-82.22559
2020-09-02T06:15:29.556727409,19.392895,-82.23744
2020-09-02T06:15:29.558634757,19.41958,-82.228455
2020-09-02T06:15:29.564738273,19.42717,-82.23936
2020-09-02T06:15:29.610515594,19.392916,-82.23745
2020-09-02T06:15:29.660107612,19.418182,-82.23368
2020-09-02T06:15:29.662014961,19.418333,-82.22512
2020-09-02T06:15:29.666211128,19.418058,-82.23885
2020-09-02T06:15:29.668118476,19.422003,-82.23908
2020-09-02T06:15:29.674221992,19.41297,-82.2386
2020-09-02T06:15:29.676129341,19.39294,-82.237495
2020-09-02T06:15:29.692151069,19.412348,-82.231514
2020-09-02T06:15:29.119556427,19.605774,-78.443855
2020-09-02T06:15:29.127567291,19.614494,-78.43952
2020-09-02T06:15:29.129474639,19.614477,-78.43952
2020-09-02T06:15:29.141301155,19.61453,-78.43958
2020-09-02T06:15:29.143208503,19.614525,-78.43956
2020-09-02T06:15:29.145497322,19.614521,-78.439545
2020-09-02T06:15:29.155415534,19.614523,-78.43953
2020-09-02T06:15:29.157322883,19.614529,-78.439545
2020-09-02T06:15:29.159230232,19.614534,-78.43956
2020-09-02T06:15:29.161137580,19.614542,-78.439575
2020-09-02T06:15:29.163426399,19.614555,-78.439575
2020-09-02T06:15:29.171055793,19.608257,-78.444405
2020-09-02T06:15:29.203100204,19.61456,-78.4396
2020-09-02T06:15:29.208822250,19.61455,-78.43956
2020-09-02T06:15:29.224843978,19.608648,-78.4475
2020-09-02T06:15:29.252691268,19.60962,-78.44414
2020-09-02T06:15:29.320212364,19.614637,-78.43947
2020-09-02T06:15:29.362174987,19.60447,-78.446465
2020-09-02T06:15:29.375907897,19.614622,-78.43945
2020-09-02T06:15:29.455636978,19.579115,-78.43857
2020-09-02T06:15:29.457544326,19.575706,-78.45427
2020-09-02T06:15:29.459451675,19.568527,-78.45059
2020-09-02T06:15:29.475473403,19.583199,-78.43862
2020-09-02T06:15:29.477380752,19.565813,-78.447655
2020-09-02T06:15:29.479288101,19.570053,-78.451324
2020-09-02T06:15:29.483484268,19.561792,-78.43806
2020-09-02T06:15:29.487298965,19.564152,-78.44709
2020-09-02T06:15:29.526972770,19.61463,-78.439445
2020-09-02T06:15:29.529261589,19.567713,-78.4516
2020-09-02T06:15:29.574657440,19.569567,-78.44488
2020-09-02T06:15:29.586864471,19.561008,-78.44677
2020-09-02T06:15:29.588771820,19.5607,-78.44725
2020-09-02T06:15:29.590679168,19.563961,-78.44113
2020-09-02T06:15:29.616619110,19.562262,-78.43808
2020-09-02T06:15:29.618526458,19.552021,-78.44181
2020-09-02T06:15:29.620433807,19.563534,-78.44817
2020-09-02T06:15:29.713895797,19.564707,-78.438065
2020-09-02T06:15:29.721906661,19.556536,-78.44536
2020-09-02T06:15:29.743650436,19.565582,-78.441986
2020-09-02T06:15:29.835205078,19.559402,-78.44572
2020-09-02T06:15:29.898911476,19.53481,-78.437515
2020-09-02T06:15:29.928666114,19.614704,-78.43961
2020-09-02T06:15:29.918747901,18.28935,-83.265175
2020-09-02T06:15:29.920655250,18.289318,-83.265175
2020-09-02T06:15:29.942399024,18.289345,-83.26509
2020-09-02T06:15:29.972536087,18.289427,-83.26513
2020-09-02T06:15:30.012209892,18.289328,-83.26508
2020-09-02T06:15:30.045779228,18.289381,-83.26517
2020-09-02T06:15:30.085834503,18.289557,-83.2776
2020-09-02T06:15:30.087741851,18.289448,-83.26508
2020-09-02T06:15:30.115589141,18.289452,-83.26518
2020-09-02T06:15:30.155262947,18.28944,-83.26517
2020-09-02T06:15:30.217061996,18.289324,-83.26517
2020-09-02T06:15:30.624477386,19.455725,-78.744835
2020-09-02T06:15:30.628674507,19.455738,-78.744835
2020-09-02T06:15:30.656521797,19.455685,-78.74477
2020-09-02T06:15:30.674069404,19.455677,-78.74476
2020-09-02T06:15:30.678265571,19.46292,-78.736
2020-09-02T06:15:30.682080268,19.455662,-78.74479
2020-09-02T06:15:30.683987617,19.455652,-78.744774
2020-09-02T06:15:30.686276435,19.45564,-78.74476
2020-09-02T06:15:30.688184738,19.46658,-78.745056
2020-09-02T06:15:30.694288253,19.465637,-78.739845
2020-09-02T06:15:30.706113815,19.45568,-78.74476
2020-09-02T06:15:30.716032028,19.47706,-78.7454
2020-09-02T06:15:30.717939376,19.455618,-78.74479
2020-09-02T06:15:30.753798484,19.455694,-78.74479
2020-09-02T06:15:30.757613182,19.455736,-78.74485
2020-09-02T06:15:30.761809349,19.455763,-78.74488
2020-09-02T06:15:30.801482200,19.455727,-78.744865
2020-09-02T06:15:31.479364395,18.31903,-82.88925
2020-09-02T06:15:31.481271743,18.326283,-82.86363
2020-09-02T06:15:31.554897308,18.30736,-82.89643
2020-09-02T06:15:31.556804656,18.329956,-82.87582
2020-09-02T06:15:33.948656082,18.314165,-83.23547
2020-09-02T06:15:34.002063751,18.31752,-83.2356
2020-09-02T06:15:34.024188995,18.288841,-83.26526
2020-09-02T06:15:34.039829254,18.288822,-83.26522
2020-09-02T06:15:34.065769195,18.288649,-83.23549
2020-09-02T06:15:34.101627349,18.28889,-83.26526
2020-09-02T06:15:34.145498275,18.28863,-83.23346
2020-09-02T06:15:34.191274642,18.315414,-83.22489
2020-09-02T06:15:34.198904037,18.288546,-83.22757
2020-09-02T06:15:38.368051528,18.289461,-83.23551
2020-09-02T06:15:38.407724380,18.28943,-83.234764
2020-09-02T06:15:38.546962738,18.276356,-83.23942
2020-09-02T06:15:38.548870086,18.289537,-83.24316
2020-09-02T06:15:38.550777435,18.289698,-83.26528
2020-09-02T06:15:38.558788299,18.289455,-83.23824
2020-09-02T06:15:38.636610031,18.289558,-83.24239
2020-09-02T06:15:38.638517379,18.289574,-83.24267
2020-09-02T06:15:38.686201095,18.289732,-83.26531
2020-09-02T06:15:43.634319305,18.59834,-82.19528
2020-09-02T06:15:43.648433685,18.639898,-82.19746
2020-09-02T06:15:43.650341033,18.611801,-82.201836
2020-09-02T06:15:43.652248382,18.614813,-82.19992
2020-09-02T06:15:43.690013885,18.607376,-82.1973
2020-09-02T06:15:43.714047431,18.618473,-82.191895
2020-09-02T06:15:43.715954780,18.61467,-82.19435
2020-09-02T06:15:43.739987373,18.614296,-82.193405
2020-09-02T06:15:43.741894721,18.63101,-82.1966
2020-09-02T06:15:43.781568527,18.600107,-82.21358
2020-09-02T06:15:43.783475875,18.620825,-82.19444
2020-09-02T06:15:43.843367576,18.61918,-82.20176
2020-09-02T06:15:43.845274925,18.632666,-82.189384
2020-09-02T06:15:43.888763427,18.613445,-82.1914
2020-09-02T06:15:43.926910400,18.594913,-82.177086
2020-09-02T06:15:43.980317115,18.590431,-82.17618
2020-09-02T06:15:44.029909133,18.622679,-82.19278
2020-09-02T06:15:44.053941726,18.61058,-82.19146
2020-09-02T06:15:44.087893486,18.61236,-82.19571
2020-09-02T06:15:43.654155731,18.239307,-83.30899
2020-09-02T06:15:43.658351898,18.233646,-83.31834
2020-09-02T06:15:43.662166595,18.229633,-83.319496
2020-09-02T06:15:43.664455413,18.242264,-83.30746
2020-09-02T06:15:43.666362762,18.243769,-83.30574
2020-09-02T06:15:43.698025703,18.243526,-83.30716
2020-09-02T06:15:43.714047431,18.211275,-83.3065
2020-09-02T06:15:43.733883857,18.21132,-83.30493
2020-09-02T06:15:43.747616767,18.240538,-83.307365
2020-09-02T06:15:43.765546798,18.211323,-83.3053
2020-09-02T06:15:43.799497604,18.239891,-83.30539
2020-09-02T06:15:43.876936912,18.242094,-83.30948
2020-09-02T06:15:43.968491554,18.34559,-83.26873
2020-09-02T06:15:44.057756423,18.36909,-83.27005
2020-09-02T06:15:44.065768241,18.369068,-83.27004
2020-09-02T06:15:44.071871757,18.369057,-83.27003
2020-09-02T06:15:44.143207550,18.369064,-83.270004
2020-09-02T06:15:47.495233535,19.456774,-78.74458
2020-09-02T06:15:47.532999992,19.467419,-78.735695
2020-09-02T06:15:47.566950798,19.456738,-78.744675
2020-09-02T06:15:47.572672843,19.456736,-78.74467
2020-09-02T06:15:47.590601921,19.45676,-78.74463
2020-09-02T06:15:47.616542816,19.456793,-78.74457
2020-09-02T06:15:47.662320137,19.456821,-78.74468
2020-09-02T06:15:47.666134834,19.456797,-78.74467
2020-09-02T06:15:47.670331001,19.456772,-78.74465
2020-09-02T06:15:47.672238349,19.465645,-78.73663
2020-09-02T06:15:47.674145698,19.456776,-78.744675
2020-09-02T06:15:47.676053047,19.45678,-78.74468
2020-09-02T06:15:47.680249214,19.456787,-78.744705
2020-09-02T06:15:47.708096504,19.456793,-78.744675
2020-09-02T06:15:47.710003852,19.470705,-78.74508
2020-09-02T06:15:47.729841232,19.468699,-78.74505
2020-09-02T06:15:47.735944747,19.456837,-78.74471
2020-09-02T06:15:47.767606735,19.466509,-78.74492
2020-09-02T06:15:47.785536766,19.46766,-78.742836
2020-09-02T06:15:47.789732933,19.45682,-78.74478
2020-09-02T06:15:47.803465843,19.456839,-78.7447
2020-09-02T06:15:47.805373191,19.456837,-78.7447
2020-09-02T06:15:47.811476707,19.456833,-78.744705
2020-09-02T06:15:47.843139648,19.456738,-78.74476
2020-09-02T06:15:48.751813888,19.576647,-78.43848
2020-09-02T06:15:48.753721237,19.535694,-78.43736
2020-09-02T06:15:48.805602073,19.572163,-78.447945
2020-09-02T06:15:48.807509422,19.579905,-78.43847
2020-09-02T06:15:48.845275878,19.535803,-78.437355
2020-09-02T06:15:48.849090576,19.569508,-78.43855
2020-09-02T06:15:48.892960548,19.58058,-78.43847
2020-09-02T06:15:48.894867897,19.558702,-78.44898
2020-09-02T06:15:48.896775245,19.535706,-78.4373
2020-09-02T06:15:48.899064064,19.58696,-78.43868
2020-09-02T06:15:48.900971412,19.574104,-78.44399
2020-09-02T06:15:48.902878761,19.615564,-78.43945
2020-09-02T06:15:48.904786109,19.59428,-78.44466
2020-09-02T06:15:48.906693458,19.615566,-78.439445
2020-09-02T06:15:48.920807838,19.615545,-78.439445
2020-09-02T06:15:48.922715187,19.585361,-78.44878
2020-09-02T06:15:48.928818702,19.615536,-78.43945
2020-09-02T06:15:48.940644264,19.615532,-78.43944
2020-09-02T06:15:48.974596023,19.615768,-78.43947
2020-09-02T06:15:48.976503372,19.565208,-78.456375
2020-09-02T06:15:48.978410720,19.615786,-78.43943
2020-09-02T06:15:48.980318069,19.615795,-78.43941
2020-09-02T06:15:49.006258010,19.615793,-78.47773
2020-09-02T06:15:49.010072708,19.61584,-78.51698
2020-09-02T06:15:49.012361526,19.615728,-78.46997
2020-09-02T06:15:49.018084526,19.615812,-78.516945
2020-09-02T06:15:49.019991874,19.601421,-78.47683
2020-09-02T06:15:49.037920951,19.615803,-78.48981
2020-09-02T06:15:49.042117118,19.615797,-78.49277
2020-09-02T06:15:49.044024467,19.604422,-78.47404
2020-09-02T06:15:49.045931816,19.615747,-78.48825
2020-09-02T06:15:49.053942680,19.615763,-78.51681
2020-09-02T06:15:49.055850028,19.535727,-78.437256
2020-09-02T06:15:49.057757377,19.615719,-78.49625
2020-09-02T06:15:49.060046195,19.615765,-78.51684
2020-09-02T06:15:49.061953544,19.61572,-78.49543
2020-09-02T06:15:49.063860893,19.61577,-78.51684
2020-09-02T06:15:49.065768241,19.615719,-78.49218
2020-09-02T06:15:49.068057060,19.61574,-78.49956
2020-09-02T06:15:49.069964408,19.615755,-78.50578
2020-09-02T06:15:49.071871757,19.615717,-78.491936
2020-09-02T06:15:49.073779106,19.613924,-78.49019
2020-09-02T06:15:49.075686454,19.589636,-78.46819
2020-09-02T06:15:49.260702133,19.602911,-78.46786
2020-09-02T06:15:49.262609481,19.609695,-78.4838
2020-09-02T06:15:49.290457725,19.615467,-78.43938
2020-09-02T06:15:49.757764816,18.28983,-83.230545
2020-09-02T06:15:49.759673118,18.319492,-83.23172
2020-09-02T06:15:49.761580467,18.289846,-83.23104
2020-09-02T06:15:49.920655250,18.318216,-83.230385
2020-09-02T06:15:49.922562599,18.289833,-83.24539
2020-09-02T06:15:49.988176345,18.302261,-83.23678
2020-09-02T06:15:55.888841629,18.210316,-83.1412
2020-09-02T06:15:55.890748977,18.244743,-83.149284
2020-09-02T06:15:55.964372634,18.234114,-83.14829
2020-09-02T06:15:56.091785430,18.224585,-83.15266
2020-09-02T06:15:56.185247421,18.210262,-83.14471
2020-09-02T06:15:56.187154769,18.229345,-83.15326
2020-09-02T06:15:56.193258285,18.197855,-83.150925
2020-09-02T06:15:56.306556701,18.20471,-83.16337
2020-09-02T06:15:56.308464050,18.21792,-83.177956
2020-09-02T06:15:56.310371398,18.251104,-83.15267
2020-09-02T06:15:56.511409759,18.201492,-83.15905
2020-09-02T06:15:56.513317108,18.206842,-83.1675
2020-09-02T06:16:00.012207984,18.288868,-83.26475
2020-09-02T06:16:00.014115333,18.288893,-83.26474
2020-09-02T06:16:00.024033546,19.455309,-78.744354
2020-09-02T06:16:00.040055751,19.468966,-78.76051
2020-09-02T06:16:00.043870449,19.46733,-78.76294
2020-09-02T06:16:00.049973964,19.466137,-78.769196
2020-09-02T06:16:00.051881313,19.462866,-78.77759
2020-09-02T06:16:00.054170131,19.45536,-78.764725
2020-09-02T06:16:00.064088821,19.45541,-78.79704
2020-09-02T06:16:00.069810867,19.455423,-78.78801
2020-09-02T06:16:00.071718215,19.460644,-78.78163
2020-09-02T06:16:00.074007034,19.455383,-78.78058
2020-09-02T06:16:00.075914382,19.455347,-78.7728
2020-09-02T06:16:00.111773014,19.455502,-78.788445
2020-09-02T06:16:00.123599052,19.455553,-78.78158
2020-09-02T06:16:00.125506401,19.455515,-78.773636
2020-09-02T06:16:00.139620780,19.455572,-78.77951
2020-09-02T06:16:00.141528129,19.465164,-78.77411
2020-09-02T06:16:00.149538993,19.455502,-78.74436
2020-09-02T06:16:00.165179729,19.45552,-78.766304
2020-09-02T06:16:00.201038360,19.4555,-78.74431
2020-09-02T06:16:00.222782611,19.455326,-78.74425
2020-09-02T06:16:00.228886127,19.455282,-78.74427
2020-09-02T06:16:01.057832717,18.289125,-83.264275
2020-09-02T06:16:01.077669143,18.28926,-83.285255
2020-09-02T06:16:01.079958438,18.289085,-83.26423
2020-09-02T06:16:01.169223308,18.308317,-83.28888
2020-09-02T06:16:01.185245513,18.289082,-83.264275
2020-09-02T06:16:01.190967559,18.289255,-83.29034
2020-09-02T06:16:01.198978424,18.30287,-83.28848
2020-09-02T06:16:01.200885772,18.289171,-83.26426
2020-09-02T06:16:01.203174591,18.289183,-83.264244
2020-09-02T06:16:01.260777473,18.30938,-83.29521
2020-09-02T06:16:01.262684822,18.289223,-83.26431
2020-09-02T06:16:01.264592170,18.28944,-83.290215
2020-09-02T06:16:01.324483871,18.314838,-83.29082
2020-09-02T06:16:01.366065025,18.302044,-83.29109
2020-09-02T06:16:01.403831005,18.289263,-83.26428
2020-09-02T06:16:04.328223228,18.289804,-83.26456
2020-09-02T06:16:04.383918762,18.289799,-83.2646
2020-09-02T06:16:04.407951354,18.309467,-83.26582
2020-09-02T06:16:04.429695129,18.28982,-83.264626
2020-09-02T06:16:04.475472450,18.28985,-83.264626
2020-09-02T06:16:04.495308876,18.31212,-83.26597
2020-09-02T06:16:04.515146255,18.289804,-83.26462
2020-09-02T06:16:04.521249771,18.289772,-83.264626
2020-09-02T06:16:04.523157119,18.289791,-83.26463
2020-09-02T06:16:04.568934440,18.306137,-83.25125
2020-09-02T06:16:04.582667350,18.307623,-83.2521
2020-09-02T06:16:04.598689079,18.289808,-83.26468
2020-09-02T06:16:04.614710807,18.289877,-83.26467
2020-09-02T06:16:04.628444671,18.289923,-83.26464
2020-09-02T06:16:04.644466400,18.289862,-83.26465
2020-09-02T06:16:04.692151069,18.28988,-83.26469
2020-09-02T06:16:04.711987495,18.289635,-83.24131
2020-09-02T06:16:04.721905708,18.289808,-83.26476
2020-09-02T06:16:04.739834785,18.28987,-83.264725
2020-09-02T06:16:07.079806327,18.368752,-83.26954
2020-09-02T06:16:07.143512725,18.34603,-83.26817
2020-09-02T06:16:07.663083076,14.547438,-80.369446
2020-09-02T06:16:07.664990425,14.539253,-80.3625
2020-09-02T06:16:07.666897773,14.536656,-80.36038
2020-09-02T06:16:07.668805122,14.528018,-80.348404
2020-09-02T06:16:07.670712471,14.530681,-80.35866
2020-09-02T06:16:07.673001289,14.5283375,-80.36961
2020-09-02T06:16:07.674908638,14.523572,-80.37519
2020-09-02T06:16:07.676815986,14.520086,-80.38036
2020-09-02T06:16:07.678723335,14.518272,-80.38
2020-09-02T06:16:07.680630683,14.516679,-80.38646
2020-09-02T06:16:07.682919502,14.509487,-80.39189
2020-09-02T06:16:07.684826850,14.471203,-80.42179
2020-09-02T06:16:07.686734199,14.490614,-80.40557
2020-09-02T06:16:07.688641548,14.491641,-80.40067
2020-09-02T06:16:07.690930366,14.4849,-80.40493
2020-09-02T06:16:07.692837715,14.471136,-80.4219
2020-09-02T06:16:07.694745063,14.4710865,-80.402985
2020-09-02T06:16:07.696652412,14.471152,-80.421844
2020-09-02T06:16:07.752347946,14.470968,-80.34658
2020-09-02T06:16:07.754255294,14.47097,-80.34659
2020-09-02T06:16:07.756544113,14.4710245,-80.364105
2020-09-02T06:16:07.758451461,14.500298,-80.377754
2020-09-02T06:16:07.897689819,14.471126,-80.38474
2020-09-02T06:16:09.711988449,17.093672,-83.56154
2020-09-02T06:16:09.714277267,17.086731,-83.5629
2020-09-02T06:16:09.716184616,17.095362,-83.56558
2020-09-02T06:16:09.718091964,17.098473,-83.563095
2020-09-02T06:16:09.719999313,17.113695,-83.55516
2020-09-02T06:16:09.724195480,17.11375,-83.55901
2020-09-02T06:16:09.726102828,17.095352,-83.54966
2020-09-02T06:16:09.728010177,17.113966,-83.58345
2020-09-02T06:16:09.729917526,17.113735,-83.55174
2020-09-02T06:16:09.734113693,17.107008,-83.54911
2020-09-02T06:16:09.736021041,17.113743,-83.552505
2020-09-02T06:16:09.737928390,17.113722,-83.54986
2020-09-02T06:16:09.739835739,17.11398,-83.583496
2020-09-02T06:16:09.742124557,17.105072,-83.54994
2020-09-02T06:16:09.745939254,17.091639,-83.53479
2020-09-02T06:16:09.747846603,17.113604,-83.54252
2020-09-02T06:16:09.749753952,17.104225,-83.540634
2020-09-02T06:16:09.752042770,17.091814,-83.53021
2020-09-02T06:16:09.753950119,17.097254,-83.53706
2020-09-02T06:16:09.755857467,17.092209,-83.52589
2020-09-02T06:16:09.757764816,17.098907,-83.520134
2020-09-02T06:16:09.760054588,17.096678,-83.51275
2020-09-02T06:16:09.761961936,17.095692,-83.51786
2020-09-02T06:16:09.763869285,17.097672,-83.52017
2020-09-02T06:16:09.765776634,17.118258,-83.5324
2020-09-02T06:16:09.767683982,17.114048,-83.53276
2020-09-02T06:16:09.769972801,17.114061,-83.52199
2020-09-02T06:16:09.771880149,17.102335,-83.51563
2020-09-02T06:16:09.773787498,17.123127,-83.53841
2020-09-02T06:16:09.775694847,17.108274,-83.50528
2020-09-02T06:16:09.777602195,17.138878,-83.524704
2020-09-02T06:16:09.781798362,17.112284,-83.50344
2020-09-02T06:16:09.783705711,17.113174,-83.48595
2020-09-02T06:16:09.787520408,17.113346,-83.50614
2020-09-02T06:16:09.789809226,17.113356,-83.50614
2020-09-02T06:16:09.793623924,17.113102,-83.47292
2020-09-02T06:16:09.890900611,17.129454,-83.54922
2020-09-02T06:16:09.893189430,17.143406,-83.552795
2020-09-02T06:16:09.928666114,17.113262,-83.48824
2020-09-02T06:16:09.930954933,17.103254,-83.5085
2020-09-02T06:16:09.932862281,17.126637,-83.549164
2020-09-02T06:16:09.934769630,17.138468,-83.546974
2020-09-02T06:16:09.936676979,17.14087,-83.55037
2020-09-02T06:16:09.938965797,17.113394,-83.50612
2020-09-02T06:16:09.940873146,17.148418,-83.54472
2020-09-02T06:16:09.946596145,17.191854,-83.549866
2020-09-02T06:16:09.950792312,17.170732,-83.536644
2020-09-02T06:16:09.952699661,17.113335,-83.50619
2020-09-02T06:16:09.954607009,17.113346,-83.50619
2020-09-02T06:16:09.956514358,17.142145,-83.507835
2020-09-02T06:16:09.958803176,17.113373,-83.5062
2020-09-02T06:16:09.962617874,17.113382,-83.5062
2020-09-02T06:16:10.374229431,18.289654,-83.24763
2020-09-02T06:16:10.376136779,18.275198,-83.24155
2020-09-02T06:16:10.378045082,18.279865,-83.249596
2020-09-02T06:16:10.421914100,18.289656,-83.24611
2020-09-02T06:16:10.433739662,18.289621,-83.24198
2020-09-02T06:16:10.485239028,18.28963,-83.24924
2020-09-02T06:16:10.558863639,18.289738,-83.26458
2020-09-02T06:16:10.511942863,14.709396,-81.42179
2020-09-02T06:16:10.513850212,14.709305,-81.42523
2020-09-02T06:16:10.515757560,14.708465,-81.42799
2020-09-02T06:16:10.517664909,14.704425,-81.42924
2020-09-02T06:16:10.519572257,14.709505,-81.42192
2020-09-02T06:16:10.521861076,14.70436,-81.40918
2020-09-02T06:16:10.523768424,14.70437,-81.40922
2020-09-02T06:16:10.525675773,14.704379,-81.40925
2020-09-02T06:16:10.527583122,14.70439,-81.40929
2020-09-02T06:16:10.529490470,14.704399,-81.40932
2020-09-02T06:16:10.581371307,14.747892,-81.41092
2020-09-02T06:16:13.151372909,19.455866,-78.74445
2020-09-02T06:16:13.155569076,19.455887,-78.744446
2020-09-02T06:16:13.298622131,19.455896,-78.74456
2020-09-02T06:16:13.302436828,19.455898,-78.74457
2020-09-02T06:16:13.304344177,19.455893,-78.74456
2020-09-02T06:16:13.306632995,19.455889,-78.74455
2020-09-02T06:16:13.316551208,19.455885,-78.74453
2020-09-02T06:16:13.467615127,19.455935,-78.74453
2020-09-02T06:16:13.485544204,19.455906,-78.74454
2020-09-02T06:16:13.646528244,19.565952,-78.449745
2020-09-02T06:16:13.660261154,19.55862,-78.437935
2020-09-02T06:16:13.680097579,19.550241,-78.44569
2020-09-02T06:16:13.682386398,19.554947,-78.45072
2020-09-02T06:16:13.688108444,19.554398,-78.44768
2020-09-02T06:16:13.690015792,19.535025,-78.43725
2020-09-02T06:16:13.704130172,19.561441,-78.45191
2020-09-02T06:16:13.710233688,19.562796,-78.454506
2020-09-02T06:16:13.714048385,19.614824,-78.43937
2020-09-02T06:16:13.717863082,19.614857,-78.439354
2020-09-02T06:16:13.723966598,19.598217,-78.44767
2020-09-02T06:16:13.725873947,19.587582,-78.43863
2020-09-02T06:16:13.751815795,19.570612,-78.45084
2020-09-02T06:16:13.753723144,19.614782,-78.439354
2020-09-02T06:16:13.757919311,19.599512,-78.43893
2020-09-02T06:16:13.759826660,19.588888,-78.43864
2020-09-02T06:16:13.763641357,19.605068,-78.439064
2020-09-02T06:16:13.765548706,19.58668,-78.447716
2020-09-02T06:16:13.767837524,19.614845,-78.43932
2020-09-02T06:16:13.775848388,19.6148,-78.43931
2020-09-02T06:16:13.777755737,19.59956,-78.438896
2020-09-02T06:16:13.787673950,19.614836,-78.43936
2020-09-02T06:16:13.789581298,19.600248,-78.44225
2020-09-02T06:16:13.829254150,19.614807,-78.43935
2020-09-02T06:16:13.833450317,19.614815,-78.43935
2020-09-02T06:16:13.851379394,19.534887,-78.43726
2020-09-02T06:16:13.857101440,19.614788,-78.43939
2020-09-02T06:16:13.906694412,19.614779,-78.43941
2020-09-02T06:16:13.980318069,19.53487,-78.437294
2020-09-02T06:16:13.982606887,19.557102,-78.45947
2020-09-02T06:16:14.006259918,19.566858,-78.448
2020-09-02T06:16:14.614711761,18.2247,-82.985855
2020-09-02T06:16:14.618528366,18.208374,-82.99219
2020-09-02T06:16:14.620435714,18.208387,-82.99381
2020-09-02T06:16:14.648283004,18.20837,-82.99308
2020-09-02T06:16:14.650571823,18.22125,-82.982346
2020-09-02T06:16:14.658201217,18.215847,-82.97432
2020-09-02T06:16:14.668500900,18.20821,-82.97429
2020-09-02T06:16:14.680326461,18.19742,-82.96996
2020-09-02T06:16:14.835205078,18.228569,-82.978455
2020-09-02T06:16:15.676359176,18.599483,-82.42772
2020-09-02T06:16:15.678266525,18.59949,-82.42772
2020-09-02T06:16:15.684370040,18.599493,-82.42777
2020-09-02T06:16:15.686277389,18.59949,-82.4278
2020-09-02T06:16:15.708021163,18.599602,-82.42768
2020-09-02T06:16:15.712217330,18.583696,-82.42681
2020-09-02T06:16:15.724042892,18.599535,-82.427765
2020-09-02T06:16:17.376214981,18.28971,-83.252365
2020-09-02T06:16:17.378122329,18.289783,-83.26495
2020-09-02T06:16:17.465480804,18.289824,-83.264885
2020-09-02T06:16:17.640577316,18.289967,-83.26494
2020-09-02T06:16:17.646299362,18.289963,-83.26497
2020-09-02T06:16:17.648588180,18.289963,-83.264984
2020-09-02T06:16:17.650495529,18.28996,-83.26499
2020-09-02T06:16:17.652402877,18.289955,-83.26499
2020-09-02T06:16:17.735946655,18.296242,-83.26376
2020-09-02T06:16:17.771804809,18.290028,-83.26496
2020-09-02T06:16:17.817581176,18.290043,-83.26495
2020-09-02T06:16:17.849245071,18.290047,-83.264915
2020-09-02T06:16:17.984287261,18.29011,-83.26489
2020-09-02T06:16:17.986194610,18.290115,-83.264885
2020-09-02T06:16:18.006412506,18.290152,-83.26487
2020-09-02T06:16:18.041889190,18.290178,-83.264854
2020-09-02T06:16:18.072025299,18.290136,-83.26489
2020-09-02T06:16:18.075839996,18.290127,-83.26494
2020-09-02T06:16:18.085760116,18.29011,-83.264946
2020-09-02T06:16:18.087667465,18.290106,-83.26493
2020-09-02T06:16:18.093770980,18.290106,-83.26491
2020-09-02T06:16:18.189138412,18.290125,-83.26485
2020-09-02T06:16:18.197149276,18.290081,-83.26487
2020-09-02T06:16:18.286415100,18.290258,-83.26491
2020-09-02T06:16:18.372247695,18.290272,-83.264946
2020-09-02T06:16:18.374155044,18.29026,-83.26494
2020-09-02T06:16:22.258718013,18.289803,-83.265175
2020-09-02T06:16:22.320517063,18.257696,-83.26336
2020-09-02T06:16:22.348364353,18.289776,-83.26516
2020-09-02T06:16:22.447548389,18.250586,-83.2628
2020-09-02T06:16:22.473488807,18.252071,-83.26296
2020-09-02T06:16:22.487221717,18.255587,-83.26312
2020-09-02T06:16:22.539102554,18.253302,-83.26303
2020-09-02T06:16:25.151447296,18.211336,-83.33775
2020-09-02T06:16:25.153354644,18.240816,-83.33951
2020-09-02T06:16:25.179294586,18.211346,-83.337715
2020-09-02T06:16:25.181202888,18.23727,-83.332855
2020-09-02T06:16:25.230793952,18.2398,-83.33947
2020-09-02T06:16:25.352103233,18.240335,-83.32658
2020-09-02T06:16:25.354010581,18.211498,-83.33781
2020-09-02T06:16:25.356299400,18.240412,-83.32721
2020-09-02T06:16:25.360114097,18.244053,-83.3397
2020-09-02T06:16:25.362021446,18.211512,-83.337776
2020-09-02T06:16:25.379951477,18.24068,-83.33948
2020-09-02T06:16:25.435647010,18.23952,-83.33935
2020-09-02T06:16:25.471505165,18.211477,-83.33777
2020-09-02T06:16:25.558863639,18.234823,-83.32338
2020-09-02T06:16:25.572978019,18.211496,-83.33765
2020-09-02T06:16:25.594721794,18.244473,-83.3397
2020-09-02T06:16:25.600825309,18.211546,-83.337715
2020-09-02T06:16:25.614559173,18.23975,-83.339355
2020-09-02T06:16:25.640499114,18.242838,-83.31971
2020-09-02T06:16:25.680172920,18.21153,-83.33772
2020-09-02T06:16:25.682080268,18.237381,-83.32202
2020-09-02T06:16:28.151371955,19.45684,-78.74452
2020-09-02T06:16:28.191044807,19.456722,-78.74454
2020-09-02T06:16:28.195240974,19.456736,-78.744576
2020-09-02T06:16:28.216985702,19.45677,-78.74452
2020-09-02T06:16:28.262762069,19.456818,-78.74456
2020-09-02T06:16:28.266576766,19.456827,-78.744576
2020-09-02T06:16:28.352409362,19.47213,-78.74501
2020-09-02T06:16:28.360038757,19.456814,-78.744576
2020-09-02T06:16:28.362327575,19.456831,-78.744576
2020-09-02T06:16:28.368049621,19.456886,-78.74458
2020-09-02T06:16:28.369956970,19.470112,-78.74444
2020-09-02T06:16:28.372245788,19.4569,-78.74459
2020-09-02T06:16:28.405816078,19.456806,-78.744576
2020-09-02T06:16:28.441674232,19.469296,-78.754265
2020-09-02T06:16:28.467615127,19.45681,-78.744576
2020-09-02T06:16:28.499277114,19.456877,-78.7446
2020-09-02T06:16:29.429696083,18.290361,-83.2653
2020-09-02T06:16:29.525065422,18.290062,-83.23129
2020-09-02T06:16:29.590679168,18.290005,-83.227005
2020-09-02T06:16:29.612804412,18.290054,-83.22723
2020-09-02T06:16:29.614711761,18.302698,-83.22002
2020-09-02T06:16:29.628444671,18.290329,-83.265274
2020-09-02T06:16:29.726102828,18.29013,-83.2358
2020-09-02T06:16:29.745939254,18.29029,-83.26528
2020-09-02T06:16:29.807356834,18.289932,-83.22339
2020-09-02T06:16:29.809645652,18.297853,-83.2161
2020-09-02T06:16:29.895096778,18.308414,-83.22417
2020-09-02T06:16:29.914933204,18.290087,-83.23298
2020-09-02T06:16:29.938584327,18.290081,-83.23026
2020-09-02T06:16:30.811782836,15.039214,-80.92392
2020-09-02T06:16:30.814071655,15.043181,-80.92675
2020-09-02T06:16:30.815979003,15.009226,-80.892525
2020-09-02T06:16:30.745786666,17.566616,-83.47323
2020-09-02T06:16:30.748075485,17.564669,-83.47219
2020-09-02T06:16:30.749983787,17.58342,-83.456924
2020-09-02T06:16:30.751891136,17.569868,-83.47233
2020-09-02T06:16:30.753798484,17.571987,-83.46137
2020-09-02T06:16:30.755705833,17.577463,-83.452576
2020-09-02T06:16:30.757994651,17.573137,-83.44535
2020-09-02T06:16:30.759902000,17.572548,-83.435326
2020-09-02T06:16:30.761809349,17.58306,-83.421555
2020-09-02T06:16:30.763716697,17.583088,-83.42661
2020-09-02T06:16:30.765624046,17.583313,-83.45689
2020-09-02T06:16:30.767912864,17.583303,-83.45689
2020-09-02T06:16:30.769820213,17.548416,-83.48953
2020-09-02T06:16:30.849166870,17.583555,-83.488686
2020-09-02T06:16:30.851455688,17.554255,-83.472885
2020-09-02T06:16:30.853363037,17.583487,-83.485596
2020-09-02T06:16:30.863281250,17.549976,-83.48063
2020-09-02T06:16:30.865188598,17.595306,-83.45305
2020-09-02T06:16:30.867095947,17.59838,-83.4472
2020-09-02T06:16:30.869003295,17.605972,-83.44655
2020-09-02T06:16:30.871292114,17.661856,-83.46146
2020-09-02T06:16:30.871292114,17.505453,-83.52977
2020-09-02T06:16:30.873200416,17.583317,-83.45689
2020-09-02T06:16:30.875107765,17.505442,-83.529785
2020-09-02T06:16:30.877015113,17.505436,-83.529785
2020-09-02T06:16:30.879303932,17.540932,-83.50237
2020-09-02T06:16:30.881211280,17.505428,-83.52979
2020-09-02T06:16:30.883118629,17.538244,-83.53172
2020-09-02T06:16:30.896851539,17.551167,-83.53253
2020-09-02T06:16:30.899140357,17.554646,-83.546844
2020-09-02T06:16:30.901047706,17.554373,-83.54742
2020-09-02T06:16:30.902955055,17.550592,-83.52845
2020-09-02T06:16:30.906769752,17.550344,-83.54527
2020-09-02T06:16:30.909058570,17.541576,-83.54313
2020-09-02T06:16:30.910965919,17.50539,-83.52978
2020-09-02T06:16:30.920884132,17.505438,-83.52978
2020-09-02T06:16:32.370109558,17.961712,-83.45242
2020-09-02T06:16:33.216985702,18.369144,-83.26974
2020-09-02T06:16:33.218893051,18.369394,-83.30046
2020-09-02T06:16:35.181203842,18.290058,-83.26477
2020-09-02T06:16:35.183111190,18.290056,-83.26477
2020-09-02T06:16:35.185018539,18.290056,-83.26477
2020-09-02T06:16:35.252922058,18.289982,-83.26477
2020-09-02T06:16:35.465402603,18.289799,-83.26476
2020-09-02T06:16:35.467691421,18.298334,-83.255424
2020-09-02T06:16:35.469598770,18.289846,-83.2648
2020-09-02T06:16:35.471506118,18.289862,-83.26482
2020-09-02T06:16:35.479516983,18.289877,-83.264885
2020-09-02T06:16:35.501262664,18.289862,-83.26478
2020-09-02T06:16:35.503170013,18.289852,-83.26478
2020-09-02T06:16:35.505458831,18.289845,-83.26477
2020-09-02T06:16:35.574886322,18.289795,-83.26471
2020-09-02T06:16:35.584804534,18.298384,-83.27037
2020-09-02T06:16:35.590908050,18.289955,-83.27628
2020-09-02T06:16:35.592815399,18.289862,-83.26478
2020-09-02T06:16:35.618757247,18.289822,-83.2648
2020-09-02T06:16:35.646604537,18.289791,-83.264824
2020-09-02T06:16:35.656522750,18.289782,-83.26475
2020-09-02T06:16:35.674451828,18.289804,-83.26483
2020-09-02T06:16:35.684370040,18.2898,-83.26482
2020-09-02T06:16:35.708021163,18.289904,-83.27999
2020-09-02T06:16:35.709928512,18.289984,-83.287834
2020-09-02T06:16:35.712217330,18.28998,-83.28752
2020-09-02T06:16:35.714124679,18.289974,-83.28796
2020-09-02T06:16:35.716032028,18.289951,-83.28599
2020-09-02T06:16:35.817504882,18.293516,-83.28106
2020-09-02T06:16:35.819412231,18.289812,-83.26493
2020-09-02T06:16:35.823226928,18.289999,-83.28918
2020-09-02T06:16:35.827423095,18.289976,-83.28898
2020-09-02T06:16:35.829330444,18.290024,-83.296364
2020-09-02T06:16:35.831237792,18.290047,-83.298355
2020-09-02T06:16:35.833145141,18.290594,-83.29911
2020-09-02T06:16:35.877016067,18.290112,-83.30889
2020-09-02T06:16:35.946825027,18.290058,-83.30328
2020-09-02T06:16:35.980396270,18.289766,-83.26485
2020-09-02T06:16:36.698331832,18.357359,-77.16152
2020-09-02T06:16:36.700239181,18.355247,-77.159805
2020-09-02T06:16:36.702146530,18.354128,-77.164986
2020-09-02T06:16:36.704435348,18.343266,-77.16177
2020-09-02T06:16:36.706342697,18.34899,-77.1644
2020-09-02T06:16:36.708250045,18.34342,-77.143074
2020-09-02T06:16:36.710157394,18.342915,-77.155205
2020-09-02T06:16:36.712446212,18.341393,-77.1463
2020-09-02T06:16:36.714353561,18.336931,-77.13932
2020-09-02T06:16:36.716260910,18.335587,-77.14279
2020-09-02T06:16:36.718168258,18.343412,-77.1359
2020-09-02T06:16:36.720075607,18.326115,-77.1425
2020-09-02T06:16:36.722366333,18.333845,-77.13598
2020-09-02T06:16:36.724273681,18.343403,-77.129814
2020-09-02T06:16:36.726181030,18.32601,-77.1404
2020-09-02T06:16:36.728088378,18.325035,-77.130806
2020-09-02T06:16:36.729995727,18.313913,-77.11532
2020-09-02T06:16:36.732284545,18.343414,-77.131546
2020-09-02T06:16:36.734191894,18.319035,-77.125084
2020-09-02T06:16:36.736099243,18.323893,-77.11303
2020-09-02T06:16:36.738006591,18.318428,-77.10341
2020-09-02T06:16:36.740295410,18.316713,-77.124214
2020-09-02T06:16:36.742202758,18.31906,-77.112335
2020-09-02T06:16:36.744110107,18.31031,-77.1033
2020-09-02T06:16:36.747924804,18.31028,-77.10332
2020-09-02T06:16:36.750213623,18.316534,-77.10342
2020-09-02T06:16:36.755935668,18.316963,-77.103386
2020-09-02T06:16:36.757843017,18.343298,-77.10378
2020-09-02T06:16:36.760131835,18.343279,-77.10377
2020-09-02T06:16:36.763946533,18.322392,-77.08765
2020-09-02T06:16:36.765853881,18.323761,-77.08923
2020-09-02T06:16:36.767761230,18.343346,-77.10381
2020-09-02T06:16:36.813537597,18.309557,-77.04061
2020-09-02T06:16:36.815826416,18.264507,-77.02604
2020-09-02T06:16:36.819641113,18.34338,-77.08112
2020-09-02T06:16:36.821548461,18.343384,-77.103775
2020-09-02T06:16:36.841384887,18.264463,-77.17913
2020-09-02T06:16:36.869234085,18.343393,-77.18045
2020-09-02T06:16:36.873430252,18.34338,-77.18045
2020-09-02T06:16:36.875337600,18.343363,-77.18046
2020-09-02T06:16:36.616697311,18.286634,-82.8764
2020-09-02T06:16:36.620512008,18.316542,-82.878075
2020-09-02T06:16:36.622419357,18.327112,-82.86677
2020-09-02T06:16:36.624708175,18.28657,-82.87638
2020-09-02T06:16:36.630430221,18.317814,-82.878136
2020-09-02T06:16:36.632719039,18.320251,-82.87113
2020-09-02T06:16:36.634626388,18.321627,-82.86857
2020-09-02T06:16:36.636533737,18.320902,-82.86917
2020-09-02T06:16:36.674299240,18.34065,-82.8795
2020-09-02T06:16:36.676206588,18.33682,-82.86977
2020-09-02T06:16:36.678113937,18.338272,-82.87101
2020-09-02T06:16:36.680402755,18.334908,-82.87184
2020-09-02T06:16:36.682310104,18.335897,-82.879196
2020-09-02T06:16:36.723892211,18.32847,-82.87876
2020-09-02T06:16:36.725799560,18.341803,-82.87952
2020-09-02T06:16:36.807434082,18.32548,-82.87866
2020-09-02T06:16:36.809341430,18.32435,-82.8786
2020-09-02T06:16:36.849397659,18.320648,-82.87844
2020-09-02T06:16:36.851305007,18.322868,-82.87857
2020-09-02T06:16:36.853212356,18.325787,-82.878716
2020-09-02T06:16:36.855119705,18.321657,-82.87848
2020-09-02T06:16:36.857027053,18.326923,-82.855286
2020-09-02T06:16:36.859315872,18.327297,-82.85261
2020-09-02T06:16:36.861223220,18.32488,-82.85822
2020-09-02T06:16:36.940568923,18.31975,-82.876236
2020-09-02T06:16:36.944765090,18.31237,-82.85276
2020-09-02T06:16:36.962694168,18.3188,-82.87803
2020-09-02T06:16:36.964601516,18.28624,-82.84272
2020-09-02T06:16:37.022205352,18.366077,-82.95864
2020-09-02T06:16:40.270848274,19.455214,-78.74481
2020-09-02T06:16:40.290685176,19.45523,-78.744675
2020-09-02T06:16:40.340277194,19.455133,-78.744675
2020-09-02T06:16:40.346380710,19.483967,-78.74543
2020-09-02T06:16:40.356298923,19.455086,-78.74465
2020-09-02T06:16:40.420005321,19.455141,-78.74468
2020-09-02T06:16:40.461586475,19.474295,-78.7391
2020-09-02T06:16:40.475319385,19.47826,-78.745316
2020-09-02T06:16:40.487526416,19.455105,-78.74465
2020-09-02T06:16:40.523385524,19.455067,-78.74469
2020-09-02T06:16:40.543221950,19.455135,-78.74459
2020-09-02T06:16:42.692074298,19.47709,-78.69171
2020-09-02T06:16:42.694363117,19.455145,-78.66714
2020-09-02T06:16:42.696270465,19.47291,-78.68449
2020-09-02T06:16:42.700085163,19.455154,-78.66707
2020-09-02T06:16:42.701992511,19.475863,-78.66765
2020-09-02T06:16:42.710003376,19.477121,-78.676414
2020-09-02T06:16:42.722210884,19.478369,-78.68766
2020-09-02T06:16:42.747769355,19.455244,-78.667145
2020-09-02T06:16:42.749676704,19.474289,-78.66997
2020-09-02T06:16:42.751965999,19.455233,-78.66714
2020-09-02T06:16:42.755780696,19.455208,-78.66712
2020-09-02T06:16:42.757688045,19.474216,-78.66719
2020-09-02T06:16:42.759976863,19.476084,-78.669235
2020-09-02T06:16:42.761884212,19.45517,-78.6671
2020-09-02T06:16:42.765698909,19.455154,-78.667114
2020-09-02T06:16:42.767606258,19.471716,-78.66913
2020-09-02T06:16:42.811475753,19.455107,-78.6671
2020-09-02T06:16:42.813383579,19.472288,-78.66922
2020-09-02T06:16:42.849242210,19.467419,-78.67297
2020-09-02T06:16:42.851149559,19.474356,-78.68923
2020-09-02T06:16:42.883193492,19.455212,-78.66715
2020-09-02T06:16:42.904937267,19.455229,-78.66715
2020-09-02T06:16:42.908752441,19.46942,-78.690834
2020-09-02T06:16:42.954529285,19.455349,-78.701935
2020-09-02T06:16:42.976655006,19.455269,-78.66708
2020-09-02T06:16:43.187229156,19.457111,-79.34057
2020-09-02T06:16:43.189136505,19.45709,-79.33821
2020-09-02T06:16:43.191043853,19.45708,-79.33671
2020-09-02T06:16:43.193332672,19.457111,-79.33936
2020-09-02T06:16:43.195240020,19.457138,-79.34104
2020-09-02T06:16:43.197147369,19.457163,-79.34162
2020-09-02T06:16:43.199054718,19.457258,-79.363945
2020-09-02T06:16:43.200963020,19.457203,-79.34408
2020-09-02T06:16:43.203251838,19.457245,-79.363976
2020-09-02T06:16:43.218892097,19.45713,-79.33063
2020-09-02T06:16:43.221180915,19.457119,-79.322205
2020-09-02T06:16:43.249028205,19.477917,-79.31578
2020-09-02T06:16:43.250935554,19.483929,-79.31516
2020-09-02T06:16:43.252842903,19.48976,-79.317245
2020-09-02T06:16:43.254750251,19.489256,-79.3176
2020-09-02T06:16:43.256657600,19.483423,-79.31345
2020-09-02T06:16:43.258946418,19.49,-79.316376
2020-09-02T06:16:43.260853767,19.482574,-79.314156
2020-09-02T06:16:43.262762069,19.479002,-79.31691
2020-09-02T06:16:43.449685096,19.470392,-79.34193
2020-09-02T06:16:44.946595191,19.576525,-78.43843
2020-09-02T06:16:44.958420753,19.61455,-78.439445
2020-09-02T06:16:44.960709571,19.570644,-78.444626
2020-09-02T06:16:44.962616920,19.584877,-78.43864
2020-09-02T06:16:44.986268043,19.568027,-78.44472
2020-09-02T06:16:44.988556861,19.614534,-78.43938
2020-09-02T06:16:44.990464210,19.614534,-78.43938
2020-09-02T06:16:44.992371559,19.59765,-78.43894
2020-09-02T06:16:44.994279861,19.595657,-78.4389
2020-09-02T06:16:45.006486892,19.582174,-78.44787
2020-09-02T06:16:45.008394241,19.57322,-78.441
2020-09-02T06:16:45.010301589,19.583517,-78.438515
2020-09-02T06:16:45.028230667,19.568993,-78.4461
2020-09-02T06:16:45.030138015,19.577559,-78.438416
2020-09-02T06:16:45.051881790,19.589508,-78.43874
2020-09-02T06:16:45.105669975,19.576237,-78.43836
2020-09-02T06:16:45.137714385,19.614534,-78.43939
2020-09-02T06:16:45.139621734,19.58058,-78.451164
2020-09-02T06:16:45.151447296,19.614595,-78.43947
2020-09-02T06:16:45.153354644,19.601881,-78.43912
2020-09-02T06:16:45.155261993,19.604221,-78.444244
2020-09-02T06:16:45.157550811,19.597815,-78.438995
2020-09-02T06:16:45.175479888,19.61453,-78.439445
2020-09-02T06:16:45.177387237,19.588867,-78.44988
2020-09-02T06:16:45.179294586,19.614506,-78.43945
2020-09-02T06:16:45.181202888,19.614496,-78.43945
2020-09-02T06:16:45.183110237,19.60949,-78.443
2020-09-02T06:16:45.185399055,19.592226,-78.45221
2020-09-02T06:16:45.201039314,19.592566,-78.4601
2020-09-02T06:16:45.368125915,19.583971,-78.44525
2020-09-02T06:16:45.370033264,19.561035,-78.44518
2020-09-02T06:16:45.376136779,19.572504,-78.45073
2020-09-02T06:16:45.622570037,18.29189,-83.23742
2020-09-02T06:16:45.624477386,18.288757,-83.23482
2020-09-02T06:16:45.682080268,18.288717,-83.23711
2020-09-02T06:16:45.704205513,18.288721,-83.2375
2020-09-02T06:16:45.741971969,18.288748,-83.23408
2020-09-02T06:16:45.950638771,18.288712,-83.220825
2020-09-02T06:16:45.992219924,18.28836,-83.18731
2020-09-02T06:16:45.994508743,18.280205,-83.21546
2020-09-02T06:16:45.996416091,18.270786,-83.22087
2020-09-02T06:16:46.008241653,18.288708,-83.22773
2020-09-02T06:16:46.247045516,18.281384,-83.22416
2020-09-02T06:16:46.248952865,18.279747,-83.22399
2020-09-02T06:16:46.256963729,18.288609,-83.22673
2020-09-02T06:16:46.314566612,18.274292,-83.22948
2020-09-02T06:16:46.413749694,18.288286,-83.187294
2020-09-02T06:16:46.415657043,18.288635,-83.23328
2020-09-02T06:16:46.451516151,18.288685,-83.23624
2020-09-02T06:16:46.453804969,18.288618,-83.227844
2020-09-02T06:16:46.475548744,18.27323,-83.22834
2020-09-02T06:16:46.511407852,18.28854,-83.23366
2020-09-02T06:16:46.513315200,18.288511,-83.229065
2020-09-02T06:16:47.690167427,19.358635,-82.21954
2020-09-02T06:16:47.692074775,19.326052,-82.23692
2020-09-02T06:16:47.749677658,19.322903,-82.22909
2020-09-02T06:16:47.751585006,19.439747,-82.23985
2020-09-02T06:16:47.761503219,19.317844,-82.24916
2020-09-02T06:16:47.769514083,19.311878,-82.18788
2020-09-02T06:16:47.771802902,19.359406,-82.22494
2020-09-02T06:16:47.799269676,19.329102,-82.20511
2020-09-02T06:16:47.801558494,19.341486,-82.22722
2020-09-02T06:16:47.803465843,19.3572,-82.20147
2020-09-02T06:16:47.805373191,19.344044,-82.21142
2020-09-02T06:16:48.129627227,19.368656,-82.22434
2020-09-02T06:16:48.131534576,19.325052,-82.20777
2020-09-02T06:16:48.133441925,19.374872,-82.22351
2020-09-02T06:16:48.135349273,19.509867,-82.20612
2020-09-02T06:16:48.165104866,19.4118,-82.20141
2020-09-02T06:16:48.167393684,19.437632,-82.20253
2020-09-02T06:16:48.169301033,19.3657,-82.21843
2020-09-02T06:16:48.171208381,19.363718,-82.23224
2020-09-02T06:16:48.173115730,19.389776,-82.22203
2020-09-02T06:16:48.175023078,19.391544,-82.20725
2020-09-02T06:16:48.177311897,19.459255,-82.209595
2020-09-02T06:16:48.304343223,19.551376,-82.20698
2020-09-02T06:16:48.352027893,19.476303,-82.21408
2020-09-02T06:16:48.353935241,19.412981,-82.2229
2020-09-02T06:16:48.363853454,19.55195,-82.28272
2020-09-02T06:16:49.666211128,18.288048,-83.26423
2020-09-02T06:16:49.723814010,18.288033,-83.26422
2020-09-02T06:16:49.728010177,18.288038,-83.26418
2020-09-02T06:16:49.739835739,18.288046,-83.26422
2020-09-02T06:16:49.781798362,18.28795,-83.2641
2020-09-02T06:16:49.783705711,18.287956,-83.264114
2020-09-02T06:16:49.847412109,18.288074,-83.264114
2020-09-02T06:16:49.882889747,18.288078,-83.264015
2020-09-02T06:16:49.885178565,18.28812,-83.26402
2020-09-02T06:16:49.892807960,18.288198,-83.26407
2020-09-02T06:16:50.612651824,19.454676,-78.7437
2020-09-02T06:16:50.650418281,19.454643,-78.74372
2020-09-02T06:16:50.652325630,19.454634,-78.74371
2020-09-02T06:16:50.654614448,19.45462,-78.743706
2020-09-02T06:16:50.678265571,19.454618,-78.74367
2020-09-02T06:16:50.680172920,19.454607,-78.74366
2020-09-02T06:16:50.684369087,19.454584,-78.743675
2020-09-02T06:16:50.688184738,19.454563,-78.74369
2020-09-02T06:16:50.698102951,19.454494,-78.74375
2020-09-02T06:16:50.785841941,19.454748,-78.78346
2020-09-02T06:16:50.787749290,19.454647,-78.743706
2020-09-02T06:16:50.793471336,19.454641,-78.74376
2020-09-02T06:16:50.795760154,19.454638,-78.74378
2020-09-02T06:16:50.797667503,19.454632,-78.74381
2020-09-02T06:16:50.805678367,19.46361,-78.77669
2020-09-02T06:16:50.807585716,19.454624,-78.74378
2020-09-02T06:16:50.809493064,19.454754,-78.79376
2020-09-02T06:16:50.811401367,19.454737,-78.78521
2020-09-02T06:16:50.813308715,19.454643,-78.743744
2020-09-02T06:16:50.819412231,19.454796,-78.78981
2020-09-02T06:16:50.821319580,19.461187,-78.77004
2020-09-02T06:16:50.831237792,19.454718,-78.78709
2020-09-02T06:16:50.837341308,19.454727,-78.79039
2020-09-02T06:16:50.320442199,18.209185,-83.259476
2020-09-02T06:16:50.371940612,18.209215,-83.25937
2020-09-02T06:16:50.409707069,18.209232,-83.25929
2020-09-02T06:16:50.423821449,18.20919,-83.25936
2020-09-02T06:16:50.439844131,18.209202,-83.2594
2020-09-02T06:16:50.445566177,18.209175,-83.259384
2020-09-02T06:16:50.505457878,18.209187,-83.25938
2020-09-02T06:16:50.566875457,18.216774,-83.25251
2020-09-02T06:16:50.589000701,18.215673,-83.251854
2020-09-02T06:16:50.606548309,18.209255,-83.25936
2020-09-02T06:16:50.608837127,18.209288,-83.25937
2020-09-02T06:16:50.624477386,18.209202,-83.2593
2020-09-02T06:16:50.626767158,18.209204,-83.2593
2020-09-02T06:16:50.712217330,18.209017,-83.23835
2020-09-02T06:16:50.724042892,18.20921,-83.25938
2020-09-02T06:16:50.763716697,18.20914,-83.244675
2020-09-02T06:16:50.785460472,18.209177,-83.24826
2020-09-02T06:16:50.809493064,18.209244,-83.25943
2020-09-02T06:16:50.873200416,18.209167,-83.25946
2020-09-02T06:16:50.891129493,18.209223,-83.25944
2020-09-02T06:16:50.894944190,18.209223,-83.259445
2020-09-02T06:16:50.944536209,18.20909,-83.245895
2020-09-02T06:16:56.089878082,18.289072,-83.24348
2020-09-02T06:16:56.117727279,18.289196,-83.26521
2020-09-02T06:16:56.135656356,18.28908,-83.23813
2020-09-02T06:16:56.141378402,18.289309,-83.26522
2020-09-02T06:16:56.244758605,18.30456,-83.24237
2020-09-02T06:16:59.640650750,19.550982,-78.97346
2020-09-02T06:16:59.642558098,19.530401,-78.997154
2020-09-02T06:16:59.644465447,19.516308,-79.00647
2020-09-02T06:16:59.678416729,19.536818,-78.94956
2020-09-02T06:16:59.684138775,19.53688,-78.97956
2020-09-02T06:16:59.686427594,19.520454,-79.003624
2020-09-02T06:16:59.694057465,19.55482,-78.973946
2020-09-02T06:16:59.696346283,19.523584,-79.00146
2020-09-02T06:16:59.759671212,19.505106,-79.01022
2020-09-02T06:16:59.843214512,19.536934,-78.97961
2020-09-02T06:16:59.845121861,19.518755,-78.979355
2020-09-02T06:16:59.847410679,19.527807,-78.97151
2020-09-02T06:16:59.849318028,19.536924,-78.966805
2020-09-02T06:16:59.851225377,19.536963,-78.979645
2020-09-02T06:16:59.853132725,19.536953,-78.97964
2020-09-02T06:16:59.855421544,19.53695,-78.97964
2020-09-02T06:16:59.857328892,19.53692,-78.97009
2020-09-02T06:16:59.859236241,19.539692,-78.97313
2020-09-02T06:16:59.861143590,19.536943,-78.97965
2020-09-02T06:16:59.865339757,19.536959,-78.97962
2020-09-02T06:16:59.867247105,19.536966,-78.97961
2020-09-02T06:16:59.875258446,19.536945,-78.97961
2020-09-02T06:16:59.877165795,19.536932,-78.97962
2020-09-02T06:16:59.879073144,19.536917,-78.97963
2020-09-02T06:16:59.880980492,19.53691,-78.97964
2020-09-02T06:16:59.882887841,19.536911,-78.97472
2020-09-02T06:16:59.885176659,19.523687,-79.01169
2020-09-02T06:16:59.887084008,19.536957,-78.979614
2020-09-02T06:16:59.888991356,19.548628,-78.98517
2020-09-02T06:16:59.888991356,19.377626,-79.05212
2020-09-02T06:16:59.890898705,19.538563,-78.99962
2020-09-02T06:16:59.893187523,19.530783,-78.97943
2020-09-02T06:16:59.895094872,19.53698,-78.97964
2020-09-02T06:16:59.898909569,19.536976,-78.97967
2020-09-02T06:16:59.900816918,19.53697,-78.97968
2020-09-02T06:16:59.903105736,19.521927,-78.979225
2020-09-02T06:16:59.922942639,19.457106,-78.977196
2020-09-02T06:16:59.924849988,19.50236,-78.9786
2020-09-02T06:16:59.928664685,19.496576,-78.98079
2020-09-02T06:16:59.930953503,19.53694,-78.979706
2020-09-02T06:16:59.934768200,19.492054,-78.97832
2020-09-02T06:16:59.936676026,19.50182,-78.9786
2020-09-02T06:16:59.938583375,19.49408,-78.98478
2020-09-02T06:16:59.940872193,19.513123,-78.97893
2020-09-02T06:16:59.942779542,19.501001,-78.97856
2020-09-02T06:16:59.944686890,19.4807,-78.99429
2020-09-02T06:16:59.948501587,19.480247,-78.99439
2020-09-02T06:16:59.954605103,19.471659,-78.99921
2020-09-02T06:16:59.958801270,19.46754,-78.99709
2020-09-02T06:16:59.962615967,19.457142,-78.99864
2020-09-02T06:16:59.970627308,19.457146,-78.997055
2020-09-02T06:16:59.974442006,19.457075,-78.97717
2020-09-02T06:17:00.153354167,19.457071,-78.97725
2020-09-02T06:17:00.179294109,19.520731,-78.966354
2020-09-02T06:17:00.181201457,19.525595,-78.97011
2020-09-02T06:17:00.203327178,19.536816,-78.97975
2020-09-02T06:17:00.366217136,19.536749,-78.979706
2020-09-02T06:17:00.376135826,19.515245,-78.979065
2020-09-02T06:17:00.378043174,19.456915,-78.9773
2020-09-02T06:17:00.417716503,19.53669,-78.97084
2020-09-02T06:17:00.387961387,18.319792,-83.26728
2020-09-02T06:17:00.493248939,18.321035,-83.267334
2020-09-02T06:17:00.495537757,18.324343,-83.267555
2020-09-02T06:17:00.497445106,18.321098,-83.267395
2020-09-02T06:17:00.499352455,18.289864,-83.26557
2020-09-02T06:17:00.590906620,18.322351,-83.2675
2020-09-02T06:17:00.664531230,18.324121,-83.267624
2020-09-02T06:17:00.690090179,18.32541,-83.28648
2020-09-02T06:17:00.704204559,18.321724,-83.26749
2020-09-02T06:17:00.719845294,18.321377,-83.26751
2020-09-02T06:17:00.737774372,18.316046,-83.28723
2020-09-02T06:17:00.805677413,18.31855,-83.28146
2020-09-02T06:17:00.819410324,18.32556,-83.28583
2020-09-02T06:17:00.833525180,18.317457,-83.2826
2020-09-02T06:17:00.847258090,18.324654,-83.267876
2020-09-02T06:17:00.861372470,18.289963,-83.2658
2020-09-02T06:17:00.891127586,18.318678,-83.27974
2020-09-02T06:17:00.896850109,18.289976,-83.265785
2020-09-02T06:17:00.899138927,18.289967,-83.26579
2020-09-02T06:17:00.901046276,18.319525,-83.27811
2020-09-02T06:17:00.904860973,18.323921,-83.26783
2020-09-02T06:17:00.914779186,18.325783,-83.26799
2020-09-02T06:17:00.936904907,18.317837,-83.28207
2020-09-02T06:17:01.000229835,18.327232,-83.28825
2020-09-02T06:17:01.004426002,18.317417,-83.28492
2020-09-02T06:17:01.046006679,18.318665,-83.281
2020-09-02T06:17:01.052110671,18.324326,-83.280685
2020-09-02T06:17:01.054018020,18.322315,-83.29081
2020-09-02T06:17:01.055925369,18.322634,-83.28267
2020-09-02T06:17:01.060121536,18.289898,-83.2658
2020-09-02T06:17:01.075761795,18.32563,-83.29304
2020-09-02T06:17:01.282521724,18.326271,-83.27771
2020-09-02T06:17:01.284810543,18.289974,-83.26591
2020-09-02T06:17:05.004198074,18.289642,-83.26634
2020-09-02T06:17:05.006486892,18.276222,-83.24472
2020-09-02T06:17:05.008394241,18.28945,-83.24427
2020-09-02T06:17:05.046159744,18.289679,-83.266365
2020-09-02T06:17:05.048067092,18.289677,-83.26637
2020-09-02T06:17:05.085833549,18.289553,-83.25114
2020-09-02T06:17:05.139621734,18.28964,-83.26634
2020-09-02T06:17:05.141529083,18.289646,-83.266335
2020-09-02T06:17:05.213246345,18.28955,-83.24177
2020-09-02T06:17:07.012285232,19.615662,-78.440605
2020-09-02T06:17:07.014192581,19.590878,-78.43994
2020-09-02T06:17:07.018388748,19.615664,-78.44058
2020-09-02T06:17:07.040133476,19.615711,-78.44066
2020-09-02T06:17:07.042040824,19.598438,-78.44019
2020-09-02T06:17:07.043948173,19.592955,-78.44004
2020-09-02T06:17:07.092013359,19.570293,-78.44899
2020-09-02T06:17:07.093920707,19.584288,-78.439705
2020-09-02T06:17:07.109561920,19.575108,-78.448524
2020-09-02T06:17:07.111850738,19.60087,-78.44024
2020-09-02T06:17:07.113758087,19.601374,-78.44024
2020-09-02T06:17:07.115665435,19.600697,-78.44021
2020-09-02T06:17:07.117572784,19.60164,-78.440216
2020-09-02T06:17:07.143512725,19.602392,-78.44896
2020-09-02T06:17:07.280843734,19.61581,-78.440445
2020-09-02T06:17:07.282751083,19.570282,-78.457504
2020-09-02T06:17:07.308691978,19.57728,-78.452934
2020-09-02T06:17:07.318610191,19.535961,-78.43836
2020-09-02T06:17:07.342261314,19.615892,-78.44049
2020-09-02T06:17:07.407876014,19.61588,-78.440506
2020-09-02T06:17:07.421990394,19.600494,-78.44007
2020-09-02T06:17:07.441826820,19.602646,-78.44727
2020-09-02T06:17:07.443734169,19.59134,-78.455215
2020-09-02T06:17:07.465477943,19.601435,-78.4477
2020-09-02T06:17:09.553294181,17.349407,-83.52122
2020-09-02T06:17:09.555201530,17.34942,-83.52123
2020-09-02T06:17:09.557108879,17.349274,-83.50063
2020-09-02T06:17:09.559016227,17.349447,-83.52126
2020-09-02T06:17:09.560923576,17.349255,-83.49559
2020-09-02T06:17:09.563212394,17.349237,-83.49619
2020-09-02T06:17:09.565119743,17.34941,-83.52122
2020-09-02T06:17:12.467767715,19.45691,-78.74487
2020-09-02T06:17:12.469675064,19.45691,-78.744865
2020-09-02T06:17:12.475397109,19.456917,-78.74489
2020-09-02T06:17:12.477685928,19.45692,-78.7449
2020-09-02T06:17:12.481500625,19.470387,-78.745316
2020-09-02T06:17:12.497522354,19.456907,-78.744965
2020-09-02T06:17:12.533382415,19.456913,-78.74484
2020-09-02T06:17:12.555126190,19.456892,-78.74487
2020-09-02T06:17:12.582973480,19.456945,-78.74485
2020-09-02T06:17:12.590984344,19.47386,-78.74638
2020-09-02T06:17:12.608913421,19.456861,-78.74485
2020-09-02T06:17:12.642484664,19.47351,-78.75113
2020-09-02T06:17:12.652402877,19.456846,-78.74479
2020-09-02T06:17:13.654539108,18.290112,-83.26512
2020-09-02T06:17:13.707944869,18.290087,-83.26505
2020-09-02T06:17:13.723966598,18.290043,-83.265076
2020-09-02T06:17:13.725873947,18.289925,-83.25067
2020-09-02T06:17:13.759826660,18.290186,-83.26505
2020-09-02T06:17:13.797592163,18.290113,-83.265015
2020-09-02T06:17:13.811325073,18.290098,-83.26509
2020-09-02T06:17:13.910890579,18.290152,-83.26503
2020-09-02T06:17:13.990617752,18.290049,-83.25456
2020-09-02T06:17:14.004352569,18.29014,-83.265015
2020-09-02T06:17:14.012363433,18.29014,-83.26497
2020-09-02T06:17:14.053943634,18.290068,-83.25627
2020-09-02T06:17:14.165334701,18.290104,-83.265
2020-09-02T06:17:14.167242050,18.290016,-83.25335
2020-09-02T06:17:14.193181991,18.29,-83.257126
2020-09-02T06:17:14.207296371,18.29007,-83.26501
2020-09-02T06:17:14.229040145,18.290043,-83.26495
2020-09-02T06:17:14.230947494,18.290045,-83.26495
2020-09-02T06:17:14.245061874,18.290073,-83.26503
2020-09-02T06:17:14.262611389,18.290049,-83.265015
2020-09-02T06:17:14.264900207,18.290071,-83.265015
2020-09-02T06:17:14.288551330,18.290024,-83.26495
2020-09-02T06:17:16.855119705,18.598032,-82.195145
2020-09-02T06:17:16.942857742,18.5982,-82.22976
2020-09-02T06:17:16.944765090,18.597614,-82.234055
2020-09-02T06:17:17.010379791,18.603836,-82.21851
2020-09-02T06:17:17.103841781,18.615013,-82.21458
2020-09-02T06:17:17.117574691,18.59794,-82.19528
2020-09-02T06:17:17.135503768,18.598112,-82.22239
2020-09-02T06:17:17.153432846,18.598112,-82.22482
2020-09-02T06:17:17.233161926,18.597927,-82.19523
2020-09-02T06:17:22.364005088,18.290108,-83.26602
2020-09-02T06:17:22.435722351,18.274364,-83.26506
2020-09-02T06:17:22.437629699,18.272036,-83.26494
2020-09-02T06:17:22.447548389,18.29007,-83.26601
2020-09-02T06:17:22.568857669,18.29008,-83.26594
2020-09-02T06:17:22.570765018,18.290066,-83.265945
2020-09-02T06:17:22.612727165,18.290037,-83.26591
2020-09-02T06:17:22.668422698,18.290094,-83.26591
2020-09-02T06:17:22.670330047,18.290092,-83.26589
2020-09-02T06:17:22.700085163,18.269346,-83.26465
2020-09-02T06:17:22.701992511,18.26877,-83.264626
2020-09-02T06:17:22.704281330,18.269247,-83.26467
2020-09-02T06:17:22.809568405,18.276447,-83.27091
2020-09-02T06:17:22.811475753,18.279583,-83.280785
2020-09-02T06:17:22.813383579,18.290112,-83.26586
2020-09-02T06:17:22.821394443,18.282084,-83.27475
2020-09-02T06:17:22.823301792,18.29013,-83.26588
2020-09-02T06:17:22.837416172,18.290144,-83.26588
2020-09-02T06:17:22.920959472,18.27856,-83.27172
2020-09-02T06:17:22.938889026,18.290266,-83.28302
2020-09-02T06:17:22.956818103,18.290163,-83.265854
2020-09-02T06:17:22.994584083,18.27897,-83.27446
2020-09-02T06:17:22.996491432,18.290142,-83.26583
2020-09-02T06:17:23.038072586,18.274231,-83.26491
2020-09-02T06:17:23.067827224,18.290163,-83.26582
2020-09-02T06:17:23.070116043,18.290154,-83.26581
2020-09-02T06:17:23.107882499,18.290161,-83.26582
2020-09-02T06:17:23.151371002,18.29014,-83.26581
2020-09-02T06:17:23.161289215,18.276878,-83.26506
2020-09-02T06:17:23.167392730,18.290113,-83.26585
2020-09-02T06:17:23.207066535,18.278212,-83.2793
2020-09-02T06:17:27.682156562,19.45495,-78.74556
2020-09-02T06:17:27.694363594,19.46298,-78.74579
2020-09-02T06:17:27.696270942,19.454931,-78.745544
2020-09-02T06:17:27.716107368,19.454952,-78.74564
2020-09-02T06:17:27.726026535,19.463778,-78.74587
2020-09-02T06:17:27.727933883,19.454962,-78.74558
2020-09-02T06:17:27.753873825,19.46479,-78.745895
2020-09-02T06:17:27.775617599,19.454931,-78.745544
2020-09-02T06:17:27.777906417,19.45492,-78.74556
2020-09-02T06:17:27.795836448,19.45494,-78.74556
2020-09-02T06:17:27.797743797,19.462856,-78.74578
2020-09-02T06:17:27.803465843,19.454908,-78.745575
2020-09-02T06:17:27.805754661,19.454893,-78.74559
2020-09-02T06:17:27.829405784,19.45485,-78.7456
2020-09-02T06:17:27.841232299,19.45491,-78.74558
2020-09-02T06:17:27.843521118,19.454899,-78.74558
2020-09-02T06:17:27.853439331,19.46799,-78.745964
2020-09-02T06:17:27.855346679,19.468643,-78.75431
2020-09-02T06:17:27.865264892,19.45489,-78.74557
2020-09-02T06:17:27.869079589,19.454937,-78.74556
2020-09-02T06:17:27.875183105,19.454914,-78.74557
2020-09-02T06:17:27.877090454,19.454897,-78.745575
2020-09-02T06:17:27.940796852,19.45487,-78.74556
2020-09-02T06:17:27.948807716,19.463135,-78.74963
2020-09-02T06:17:27.964448928,19.47717,-78.74618
2020-09-02T06:17:27.966737747,19.454788,-78.74554
2020-09-02T06:17:27.972459793,19.454811,-78.74554
2020-09-02T06:17:27.974748611,19.474781,-78.74612
2020-09-02T06:17:27.978563308,19.45487,-78.74554
2020-09-02T06:17:27.980470657,19.475792,-78.74613
2020-09-02T06:17:27.996492385,19.482048,-78.75365
2020-09-02T06:17:28.807509422,18.364044,-82.84181
2020-09-02T06:17:28.926911354,18.364328,-82.881676
2020-09-02T06:17:28.928818702,18.364143,-82.85643
2020-09-02T06:17:29.000535964,18.377506,-82.83353
2020-09-02T06:17:29.002443313,18.363922,-82.830826
2020-09-02T06:17:29.004350662,18.3639,-82.82806
2020-09-02T06:17:29.036013603,18.364132,-82.85837
2020-09-02T06:17:29.038302421,18.364311,-82.88168
2020-09-02T06:17:29.053942680,18.364275,-82.8817
2020-09-02T06:17:29.056231498,18.357698,-82.8648
2020-09-02T06:17:29.058138847,18.364296,-82.881714
2020-09-02T06:17:29.089801788,18.35158,-82.86817
2020-09-02T06:17:29.091709136,18.354189,-82.865135
2020-09-02T06:17:29.093997955,18.347824,-82.869774
2020-09-02T06:17:29.095905303,18.3409,-82.88035
2020-09-02T06:17:29.097812652,18.364334,-82.88167
2020-09-02T06:17:29.105823516,18.363205,-82.85446
2020-09-02T06:17:29.139392852,18.363873,-82.82796
2020-09-02T06:17:29.141682624,18.363895,-82.831375
2020-09-02T06:17:29.143589973,18.3637,-82.803986
2020-09-02T06:17:29.145497322,18.363924,-82.83274
2020-09-02T06:17:29.260702133,18.362251,-82.85545
2020-09-02T06:17:29.262990951,18.326714,-82.8506
2020-09-02T06:17:29.264899253,18.342836,-82.860756
2020-09-02T06:17:29.334327697,18.285357,-82.877144
2020-09-02T06:17:29.344245910,18.347363,-82.873024
2020-09-02T06:17:29.346153259,18.331589,-82.8637
2020-09-02T06:17:29.439614295,18.364332,-82.88159
2020-09-02T06:17:30.169377326,18.288153,-83.233315
2020-09-02T06:17:30.252920150,18.288425,-83.26565
2020-09-02T06:17:32.263296127,14.714155,-81.41999
2020-09-02T06:17:32.265205383,14.70329,-81.41004
2020-09-02T06:17:32.267494201,14.713884,-81.410446
2020-09-02T06:17:32.269401550,14.70333,-81.421906
2020-09-02T06:17:32.271308898,14.703277,-81.410065
2020-09-02T06:17:32.273216247,14.703285,-81.41009
2020-09-02T06:17:32.275123596,14.703294,-81.41012
2020-09-02T06:17:32.277412414,14.703302,-81.41014
2020-09-02T06:17:32.305259704,14.703324,-81.41009
2020-09-02T06:17:32.333106994,14.703389,-81.41009
2020-09-02T06:17:32.877090454,18.288927,-83.284904
2020-09-02T06:17:32.946901321,18.28881,-83.26513
2020-09-02T06:17:32.950716018,18.288805,-83.26514
2020-09-02T06:17:33.014423370,18.288765,-83.265175
2020-09-02T06:17:33.928819656,19.614613,-78.51699
2020-09-02T06:17:33.930727005,19.61461,-78.517
2020-09-02T06:17:33.932634353,19.614578,-78.51698
2020-09-02T06:17:33.934923171,19.614544,-78.51697
2020-09-02T06:17:33.936830520,19.614511,-78.51696
2020-09-02T06:17:33.938737869,19.614477,-78.516945
2020-09-02T06:17:33.966585159,19.614574,-78.51698
2020-09-02T06:17:33.968492507,19.614632,-78.53462
2020-09-02T06:17:33.970399856,19.617546,-78.53274
2020-09-02T06:17:33.972688674,19.614597,-78.51701
2020-09-02T06:17:34.026096343,19.609253,-78.53052
2020-09-02T06:17:34.032199859,19.614532,-78.516945
2020-09-02T06:17:34.034107208,19.614578,-78.52849
2020-09-02T06:17:34.036014556,19.61457,-78.516914
2020-09-02T06:17:34.038303375,19.61459,-78.5169
2020-09-02T06:17:34.040210723,19.61461,-78.51689
2020-09-02T06:17:34.042118072,19.614618,-78.51691
2020-09-02T06:17:34.046314239,19.614632,-78.51696
2020-09-02T06:17:34.061954498,19.614582,-78.51698
2020-09-02T06:17:34.063861846,19.614582,-78.51696
2020-09-02T06:17:34.066150665,19.614582,-78.516945
2020-09-02T06:17:34.069965362,19.614582,-78.51691
2020-09-02T06:17:34.076068878,19.614594,-78.51697
2020-09-02T06:17:34.089801788,19.610947,-78.52882
2020-09-02T06:17:34.091709136,19.614744,-78.5381
2020-09-02T06:17:34.093997955,19.60176,-78.51652
2020-09-02T06:17:34.127569198,19.562725,-78.53098
2020-09-02T06:17:34.129476547,19.534693,-78.51479
2020-09-02T06:17:34.131765365,19.614477,-78.53253
2020-09-02T06:17:34.133672714,19.598732,-78.52765
2020-09-02T06:17:34.135580062,19.61458,-78.51693
2020-09-02T06:17:34.173345565,19.614538,-78.51691
2020-09-02T06:17:34.175252914,19.563496,-78.521965
2020-09-02T06:17:34.189367294,19.565674,-78.530205
2020-09-02T06:17:34.205007553,19.578926,-78.5309
2020-09-02T06:17:34.207296371,19.614168,-78.53299
2020-09-02T06:17:34.209203720,19.602098,-78.52715
2020-09-02T06:17:34.211111068,19.614563,-78.53017
2020-09-02T06:17:34.213018417,19.605968,-78.53164
2020-09-02T06:17:34.215307235,19.614567,-78.52906
2020-09-02T06:17:34.217214584,19.614542,-78.51694
2020-09-02T06:17:34.268714904,19.553965,-78.51756
2020-09-02T06:17:34.302665710,19.56913,-78.5158
2020-09-02T06:17:34.304573059,19.609087,-78.52825
2020-09-02T06:17:34.306480407,19.60938,-78.53026
2020-09-02T06:17:34.308387756,19.614676,-78.530525
2020-09-02T06:17:34.310676574,19.614641,-78.51705
2020-09-02T06:17:34.312583923,19.614649,-78.51704
2020-09-02T06:17:34.372095108,19.605108,-78.52839
2020-09-02T06:17:34.374002456,19.609827,-78.53064
2020-09-02T06:17:34.376291275,19.608015,-78.52803
2020-09-02T06:17:34.378198623,19.609585,-78.528435
2020-09-02T06:17:34.380105972,19.61466,-78.529045
2020-09-02T06:17:34.382013320,19.595388,-78.52151
2020-09-02T06:17:34.384302139,19.606873,-78.530685
2020-09-02T06:17:34.386209487,19.614626,-78.51697
2020-09-02T06:17:34.388116836,19.614624,-78.51695
2020-09-02T06:17:34.390024185,19.614622,-78.51694
2020-09-02T06:17:34.429697036,19.563278,-78.49728
2020-09-02T06:17:34.431985855,19.614609,-78.51699
2020-09-02T06:17:34.433893203,19.614628,-78.516975
2020-09-02T06:17:34.435800552,19.614647,-78.51696
2020-09-02T06:17:34.453729629,19.614706,-78.51705
2020-09-02T06:17:34.457544326,19.572891,-78.5159
2020-09-02T06:17:34.459833145,19.614668,-78.51704
2020-09-02T06:17:34.461740493,19.614662,-78.51702
2020-09-02T06:17:34.463647842,19.614662,-78.517006
2020-09-02T06:17:34.471658706,19.6146,-78.48712
2020-09-02T06:17:34.473566055,19.61467,-78.516975
2020-09-02T06:17:34.475473403,19.614674,-78.517006
2020-09-02T06:17:34.477380752,19.614677,-78.51703
2020-09-02T06:17:34.479669570,19.614681,-78.51705
2020-09-02T06:17:34.487298965,19.614628,-78.51694
2020-09-02T06:17:34.499507904,19.614466,-78.46844
2020-09-02T06:17:34.501415252,19.614574,-78.51697
2020-09-02T06:17:34.503322601,19.61459,-78.516975
2020-09-02T06:17:34.517436981,19.614626,-78.517006
2020-09-02T06:17:34.533077239,19.614483,-78.43955
2020-09-02T06:17:36.300453186,18.748781,-82.513535
2020-09-02T06:17:36.302742004,18.748938,-82.51357
2020-09-02T06:17:36.304649353,18.758295,-82.514114
2020-09-02T06:17:36.306556701,18.747862,-82.513565
2020-09-02T06:17:36.308464050,18.749943,-82.51371
2020-09-02T06:17:36.310371398,18.75043,-82.50833
2020-09-02T06:17:36.312660217,18.748327,-82.50277
2020-09-02T06:17:36.316474914,18.758244,-82.51413
2020-09-02T06:17:36.318382263,18.758242,-82.51411
2020-09-02T06:17:36.320289611,18.758242,-82.51409
2020-09-02T06:17:36.324485778,18.758118,-82.495895
2020-09-02T06:17:36.326393127,18.758253,-82.51409
2020-09-02T06:17:36.328300476,18.758257,-82.51409
2020-09-02T06:17:36.330589294,18.753687,-82.495926
2020-09-02T06:17:36.342414855,18.741858,-82.50272
2020-09-02T06:17:36.346229553,18.758282,-82.514145
2020-09-02T06:17:36.360345840,18.734484,-82.49382
2020-09-02T06:17:36.388193130,18.715322,-82.47343
2020-09-02T06:17:36.390100479,18.758297,-82.514084
2020-09-02T06:17:36.493480682,18.758278,-82.51408
2020-09-02T06:17:36.523235321,18.734995,-82.49333
2020-09-02T06:17:37.036319732,18.23964,-83.17654
2020-09-02T06:17:37.095830917,18.263247,-83.17471
2020-09-02T06:17:37.097738265,18.130527,-83.17785
2020-09-02T06:17:37.127492904,18.178555,-83.15041
2020-09-02T06:17:37.881288528,18.210888,-83.36812
2020-09-02T06:17:38.052188873,18.218296,-83.322395
2020-09-02T06:17:38.054096221,18.210587,-83.33779
2020-09-02T06:17:38.163579940,18.22275,-83.36147
2020-09-02T06:17:38.165487289,18.18361,-83.362946
2020-09-02T06:17:37.831314086,19.474947,-78.745125
2020-09-02T06:17:37.837419509,19.470432,-78.74493
2020-09-02T06:17:37.851152420,19.455448,-78.74444
2020-09-02T06:17:37.891206741,19.455389,-78.74441
2020-09-02T06:17:37.896928787,19.45544,-78.77285
2020-09-02T06:17:37.901124954,19.455452,-78.782166
2020-09-02T06:17:37.909135818,19.45548,-78.796005
2020-09-02T06:17:37.911043167,19.45544,-78.780365
2020-09-02T06:17:37.912950515,19.455437,-78.77472
2020-09-02T06:17:37.924776077,19.455544,-78.79291
2020-09-02T06:17:37.926683425,19.455427,-78.74443
2020-09-02T06:17:37.994586944,19.464828,-78.77049
2020-09-02T06:17:37.996494293,19.480276,-78.7668
2020-09-02T06:17:38.072025299,19.45546,-78.76615
2020-09-02T06:17:38.091863632,19.455366,-78.74434
2020-09-02T06:17:38.145650863,19.455353,-78.74443
2020-09-02T06:17:38.177312850,19.466452,-78.751816
2020-09-02T06:17:38.193334579,19.467781,-78.73178
2020-09-02T06:17:38.205160140,19.455374,-78.74438
2020-09-02T06:17:38.215080261,19.45534,-78.74439
2020-09-02T06:17:38.250938415,19.466658,-78.72424
2020-09-02T06:17:38.262763977,19.455322,-78.74438
2020-09-02T06:17:38.264671325,19.471226,-78.73564
2020-09-02T06:17:38.266960144,19.471283,-78.74061
2020-09-02T06:17:38.268867492,19.469988,-78.73338
2020-09-02T06:17:38.272682189,19.477043,-78.744965
2020-09-02T06:17:38.274971008,19.45533,-78.744316
2020-09-02T06:17:38.278785705,19.455328,-78.74426
2020-09-02T06:17:38.364236831,19.476282,-78.72265
2020-09-02T06:17:38.374155044,19.482063,-78.73763
2020-09-02T06:17:38.380258560,19.4932,-78.74543
2020-09-02T06:17:38.418024063,19.480017,-78.7226
2020-09-02T06:17:38.421838760,19.498192,-78.745544
2020-09-02T06:17:38.431756973,19.485067,-78.73024
2020-09-02T06:17:38.445871353,19.455257,-78.744255
2020-09-02T06:17:38.457698822,19.455078,-78.66687
2020-09-02T06:17:43.769742965,18.289526,-83.26533
2020-09-02T06:17:43.845274925,18.289492,-83.26528
2020-09-02T06:17:43.877318382,18.289518,-83.265274
2020-09-02T06:17:43.879225730,18.289515,-83.26527
2020-09-02T06:17:43.881134033,18.28951,-83.26527
2020-09-02T06:17:43.883041381,18.2895,-83.26528
2020-09-02T06:17:43.884948730,18.28949,-83.26529
2020-09-02T06:17:43.940643310,18.289558,-83.26522
2020-09-02T06:17:44.026094436,18.28961,-83.26521
2020-09-02T06:17:44.028383255,18.289606,-83.265236
2020-09-02T06:17:44.360266685,19.455889,-78.66737
2020-09-02T06:17:44.366370201,19.467878,-78.66739
2020-09-02T06:17:44.391929626,19.455961,-78.69101
2020-09-02T06:17:44.396125793,19.455914,-78.66739
2020-09-02T06:17:44.399940490,19.455923,-78.66738
2020-09-02T06:17:44.422065734,19.456059,-78.69634
2020-09-02T06:17:44.431983947,19.456017,-78.692375
2020-09-02T06:17:44.443810462,19.455845,-78.667366
2020-09-02T06:17:44.449913978,19.455872,-78.66735
2020-09-02T06:17:44.451821327,19.455885,-78.66735
2020-09-02T06:17:44.463646888,19.461857,-78.68275
2020-09-02T06:17:44.465554237,19.467567,-78.68172
2020-09-02T06:17:44.471657752,19.455997,-78.67716
2020-09-02T06:17:44.473565101,19.461906,-78.68047
2020-09-02T06:17:44.485390663,19.455952,-78.66734
2020-09-02T06:17:44.602885246,19.475992,-78.660484
2020-09-02T06:17:44.608607292,19.47051,-78.67002
2020-09-02T06:17:44.614710807,19.479666,-78.66807
2020-09-02T06:17:44.616618156,19.455961,-78.66739
2020-09-02T06:17:44.620814323,19.456005,-78.667366
2020-09-02T06:17:44.648662567,19.473713,-78.6465
2020-09-02T06:17:44.650569915,19.472874,-78.64849
2020-09-02T06:17:51.984437942,18.223953,-83.249054
2020-09-02T06:17:51.986345291,18.21135,-83.26119
2020-09-02T06:17:52.109943389,18.222204,-83.2477
2020-09-02T06:17:52.111850738,18.211182,-83.23555
2020-09-02T06:17:52.113758087,18.211384,-83.26127
2020-09-02T06:17:52.163351058,18.221487,-83.24241
2020-09-02T06:17:52.197301864,18.221943,-83.24459
2020-09-02T06:17:52.213323593,18.21131,-83.261185
2020-09-02T06:17:52.215230941,18.21109,-83.23184
2020-09-02T06:17:53.777755737,18.289885,-83.265945
2020-09-02T06:17:53.845275878,18.289867,-83.265945
2020-09-02T06:17:53.881135940,18.289719,-83.24326
2020-09-02T06:17:53.950563430,18.289911,-83.24314
2020-09-02T06:17:53.954759597,18.290022,-83.26586
2020-09-02T06:17:53.956666946,18.289988,-83.26585
2020-09-02T06:17:53.990617752,18.289883,-83.26594
2020-09-02T06:17:54.016178131,18.28995,-83.26589
2020-09-02T06:17:54.018466949,18.289686,-83.23508
2020-09-02T06:17:54.032199859,18.289848,-83.26584
2020-09-02T06:17:54.036014556,18.289701,-83.24204
2020-09-02T06:17:54.050128936,18.29,-83.26593
2020-09-02T06:17:54.066150665,18.289959,-83.265816
2020-09-02T06:17:54.109638214,18.28995,-83.2659
2020-09-02T06:17:54.111927032,18.289955,-83.2659
2020-09-02T06:17:54.115741729,18.289774,-83.24192
2020-09-02T06:17:54.131765365,18.289814,-83.24398
2020-09-02T06:17:54.143590927,18.290033,-83.26585
2020-09-02T06:17:54.157323837,18.290012,-83.26581
2020-09-02T06:17:54.165334701,18.289986,-83.26584
2020-09-02T06:17:54.272911071,18.289738,-83.24919
2020-09-02T06:17:54.274818420,18.289858,-83.26585
2020-09-02T06:17:54.278633117,18.28967,-83.24529
2020-09-02T06:17:54.302665710,18.289925,-83.265854
2020-09-02T06:17:59.906920910,18.209188,-83.00128
2020-09-02T06:17:59.913024426,18.209362,-83.027855
2020-09-02T06:17:59.916839123,18.209358,-83.02787
2020-09-02T06:17:59.921035290,18.209358,-83.027885
2020-09-02T06:17:59.922942639,18.209158,-82.99868
2020-09-02T06:17:59.929046155,18.20944,-83.02785
2020-09-02T06:17:59.936676026,18.209164,-83.000114
2020-09-02T06:17:59.946594239,18.209354,-83.02775
2020-09-02T06:17:59.950790406,18.194244,-83.02691
2020-09-02T06:17:59.952697754,18.209368,-83.02777
2020-09-02T06:18:00.014496803,18.130474,-83.023346
2020-09-02T06:18:00.016404151,18.173384,-83.03646
2020-09-02T06:18:00.018311500,18.180206,-83.03743
2020-09-02T06:18:00.020218849,18.185286,-83.03158
2020-09-02T06:18:00.022507667,18.178297,-83.05274
2020-09-02T06:18:00.024415016,18.180387,-83.05391
2020-09-02T06:18:00.026322364,18.130432,-83.02331
2020-09-02T06:18:00.123599052,18.209333,-83.027855
2020-09-02T06:18:00.133517265,18.201859,-83.01429
2020-09-02T06:18:04.256887435,18.2893,-83.26493
2020-09-02T06:18:04.270620346,18.289312,-83.26497
2020-09-02T06:18:04.280920028,18.289364,-83.264946
2020-09-02T06:18:04.336234092,18.2893,-83.26497
2020-09-02T06:18:04.344244956,18.28929,-83.26496
2020-09-02T06:18:04.459832191,18.289324,-83.26503
2020-09-02T06:18:04.505228042,18.289312,-83.265015
2020-09-02T06:18:05.449761390,19.614548,-78.43968
2020-09-02T06:18:05.451668739,19.595953,-78.439186
2020-09-02T06:18:05.453576087,19.592278,-78.45541
2020-09-02T06:18:05.455864906,19.614544,-78.439644
2020-09-02T06:18:05.457772254,19.614538,-78.43963
2020-09-02T06:18:05.459679603,19.595451,-78.45597
2020-09-02T06:18:05.489435195,19.604437,-78.449295
2020-09-02T06:18:05.491342544,19.604961,-78.44565
2020-09-02T06:18:05.493631362,19.614574,-78.4397
2020-09-02T06:18:05.505456924,19.607962,-78.44218
2020-09-02T06:18:05.507364273,19.614586,-78.43962
2020-09-02T06:18:05.533304214,19.614552,-78.43962
2020-09-02T06:18:05.537118911,19.614569,-78.43963
2020-09-02T06:18:05.539407730,19.614576,-78.43963
2020-09-02T06:18:05.541315078,19.61458,-78.43963
2020-09-02T06:18:05.543222427,19.61457,-78.43962
2020-09-02T06:18:05.545129776,19.602516,-78.4393
2020-09-02T06:18:05.547037124,19.600864,-78.439255
2020-09-02T06:18:05.549325942,19.605957,-78.442154
2020-09-02T06:18:05.551234245,19.614536,-78.43962
2020-09-02T06:18:05.579081535,19.585886,-78.43893
2020-09-02T06:18:05.580988883,19.577515,-78.4423
2020-09-02T06:18:05.582896232,19.574846,-78.44538
2020-09-02T06:18:05.636684417,19.58215,-78.438774
2020-09-02T06:18:05.638591766,19.585926,-78.43887
2020-09-02T06:18:05.756086349,19.59705,-78.44518
2020-09-02T06:18:05.757993698,19.614563,-78.439674
2020-09-02T06:18:05.761808395,19.582748,-78.45333
2020-09-02T06:18:09.477762222,18.364239,-82.803474
2020-09-02T06:18:09.537272453,18.3051,-82.84549
2020-09-02T06:18:09.477762222,18.233982,-82.92286
2020-09-02T06:18:09.539179801,18.324137,-82.8516
2020-09-02T06:18:09.578853607,18.286024,-82.91842
2020-09-02T06:18:09.604793548,18.315022,-82.87541
2020-09-02T06:18:09.606700897,18.335382,-82.86759
2020-09-02T06:18:09.648663520,18.28634,-82.95431
2020-09-02T06:18:09.652478218,18.28595,-82.85501
2020-09-02T06:18:09.537272453,17.969126,-82.70423
2020-09-02T06:18:09.729917526,18.348658,-82.866325
2020-09-02T06:18:09.732206344,18.28639,-82.86782
2020-09-02T06:18:09.958803176,19.475395,-78.74539
2020-09-02T06:18:09.966814041,19.469936,-78.74522
2020-09-02T06:18:09.968721389,19.455215,-78.74479
2020-09-02T06:18:09.972536087,19.455215,-78.744774
2020-09-02T06:18:09.974443435,19.455225,-78.74477
2020-09-02T06:18:09.980546951,19.473223,-78.74739
2020-09-02T06:18:10.022509574,19.476004,-78.747826
2020-09-02T06:18:10.024416923,19.455153,-78.74478
2020-09-02T06:18:10.038149833,19.474474,-78.75104
2020-09-02T06:18:10.046160697,19.455225,-78.74482
2020-09-02T06:18:10.054171562,19.466488,-78.75031
2020-09-02T06:18:10.065997123,19.455202,-78.744774
2020-09-02T06:18:10.074008941,19.455183,-78.744804
2020-09-02T06:18:10.075916290,19.455175,-78.744835
2020-09-02T06:18:10.082019805,19.455158,-78.7449
2020-09-02T06:18:10.083927154,19.455153,-78.74488
2020-09-02T06:18:10.093845367,19.45514,-78.74481
2020-09-02T06:18:10.099948883,19.45515,-78.7448
2020-09-02T06:18:10.107959747,19.455173,-78.74476
2020-09-02T06:18:10.125888824,19.455227,-78.76726
2020-09-02T06:18:10.133519172,19.45514,-78.74479
2020-09-02T06:18:10.153355598,19.467749,-78.79306
2020-09-02T06:18:10.155644416,19.469604,-78.768845
2020-09-02T06:18:10.159459114,19.455402,-78.822205
2020-09-02T06:18:10.167469978,19.455372,-78.82219
2020-09-02T06:18:10.195318222,19.455227,-78.74476
2020-09-02T06:18:10.197225570,19.498583,-78.7999
2020-09-02T06:18:10.199132919,19.48625,-78.78989
2020-09-02T06:18:10.201421737,19.492369,-78.79666
2020-09-02T06:18:10.203329086,19.477358,-78.77078
2020-09-02T06:18:10.223165512,19.535282,-78.824554
2020-09-02T06:18:10.334556579,19.469301,-78.75971
2020-09-02T06:18:10.274664878,18.288862,-83.265144
2020-09-02T06:18:10.362403869,18.288918,-83.26516
2020-09-02T06:18:10.418099403,18.288813,-83.265144
2020-09-02T06:18:10.420006752,18.288792,-83.26512
2020-09-02T06:18:10.481424331,18.288692,-83.24813
2020-09-02T06:18:12.095829010,18.296608,-83.253944
2020-09-02T06:18:12.097736358,18.295895,-83.26214
2020-09-02T06:18:12.100025177,18.289104,-83.27624
2020-09-02T06:18:12.101932525,18.28902,-83.265045
2020-09-02T06:18:12.161443710,18.289085,-83.265045
2020-09-02T06:18:12.163351058,18.28908,-83.26506
2020-09-02T06:18:12.304496765,18.289219,-83.27926
2020-09-02T06:18:12.310600280,18.289177,-83.27976
2020-09-02T06:18:12.312507629,18.289196,-83.27845
2020-09-02T06:18:14.022281646,17.50394,-83.49242
2020-09-02T06:18:14.024570465,17.51813,-83.50328
2020-09-02T06:18:14.028385162,17.519535,-83.50742
2020-09-02T06:18:14.030292510,17.504086,-83.50513
2020-09-02T06:18:14.219121932,17.520306,-83.50821
2020-09-02T06:18:14.221029281,17.524525,-83.50427
2020-09-02T06:18:14.223318099,17.548634,-83.4773
2020-09-02T06:18:14.225225448,17.532858,-83.45912
2020-09-02T06:18:14.227132797,17.532204,-83.498764
2020-09-02T06:18:14.229040145,17.50405,-83.50031
2020-09-02T06:18:14.231328964,17.504261,-83.52959
2020-09-02T06:18:14.254981994,17.504326,-83.52958
2020-09-02T06:18:14.256889343,17.504143,-83.50806
2020-09-02T06:18:14.258796691,17.512823,-83.505295
2020-09-02T06:18:14.261085510,17.504341,-83.50876
2020-09-02T06:18:14.262992858,17.504282,-83.52959
2020-09-02T06:18:14.264900207,17.504274,-83.529594
2020-09-02T06:18:14.288932800,17.504076,-83.50145
2020-09-02T06:18:16.652936935,15.045772,-80.91359
2020-09-02T06:18:16.655225753,15.039119,-80.90973
2020-09-02T06:18:16.657133102,15.035449,-80.893776
2020-09-02T06:18:16.659040451,15.084723,-80.89551
2020-09-02T06:18:16.660947799,15.007974,-80.892845
2020-09-02T06:18:18.954757691,19.535797,-78.98025
2020-09-02T06:18:18.956665040,19.535799,-78.98026
2020-09-02T06:18:18.958572388,19.529612,-79.00209
2020-09-02T06:18:18.960861207,19.535803,-78.98029
2020-09-02T06:18:19.006256581,19.51899,-79.00654
2020-09-02T06:18:19.048219204,19.51826,-79.00481
2020-09-02T06:18:19.050126553,19.535759,-78.980316
2020-09-02T06:18:19.081789017,19.551455,-78.97868
2020-09-02T06:18:19.084077836,19.550655,-78.97645
2020-09-02T06:18:19.085985184,19.53613,-78.97606
2020-09-02T06:18:19.312581540,19.494886,-78.97899
2020-09-02T06:18:19.314488888,19.535837,-78.98024
2020-09-02T06:18:19.318685532,19.502363,-79.011795
2020-09-02T06:18:19.320592881,19.505445,-78.987366
2020-09-02T06:18:19.326696396,19.53598,-79.00623
2020-09-02T06:18:19.328603745,19.456106,-78.9778
2020-09-02T06:18:19.330511094,19.504314,-78.96009
2020-09-02T06:18:19.612802983,19.495106,-79.00621
2020-09-02T06:18:19.614710331,19.483139,-78.993866
2020-09-02T06:18:19.686427594,19.496414,-78.99242
2020-09-02T06:18:19.688335419,19.505608,-78.97177
2020-09-02T06:18:19.781796933,19.492493,-78.94363
2020-09-02T06:18:19.783704281,19.536,-78.98025
2020-09-02T06:18:20.587091922,19.50002,-78.63526
2020-09-02T06:18:20.588999271,19.535173,-78.67027
2020-09-02T06:18:20.610743045,19.52091,-78.6612
2020-09-02T06:18:20.660335063,19.520676,-78.650696
2020-09-02T06:18:20.730144977,19.5301,-78.66554
2020-09-02T06:18:20.732052326,19.526884,-78.66183
2020-09-02T06:18:20.733959674,19.535204,-78.67024
2020-09-02T06:18:20.813688278,19.524727,-78.66037
2020-09-02T06:18:20.815595626,19.522936,-78.6604
2020-09-02T06:18:20.849546909,19.49673,-78.63182
2020-09-02T06:18:20.851454257,19.518732,-78.66635
2020-09-02T06:18:20.853361606,19.522526,-78.66833
2020-09-02T06:18:20.857176303,19.535208,-78.670105
2020-09-02T06:18:20.861372470,19.535196,-78.67008
2020-09-02T06:18:20.863279819,19.535215,-78.67009
2020-09-02T06:18:20.938812255,19.455362,-78.630745
2020-09-02T06:18:21.084154605,19.535297,-78.67006
2020-09-02T06:18:21.086061954,19.523127,-78.6638
2020-09-02T06:18:21.087969303,19.51701,-78.66399
2020-09-02T06:18:21.089876651,19.527504,-78.66204
2020-09-02T06:18:21.091784000,19.535303,-78.670044
2020-09-02T06:18:24.736020088,18.442549,-82.57491
2020-09-02T06:18:24.742123603,18.442547,-82.57491
2020-09-02T06:18:24.745938301,18.44238,-82.54801
2020-09-02T06:18:24.747846603,18.442585,-82.57495
2020-09-02T06:18:24.750135421,18.450377,-82.557686
2020-09-02T06:18:24.752042770,18.442595,-82.57497
2020-09-02T06:18:24.755857467,18.453098,-82.5361
2020-09-02T06:18:24.765775680,18.44197,-82.49735
2020-09-02T06:18:24.773786544,18.442211,-82.5306
2020-09-02T06:18:24.775693893,18.442234,-82.5319
2020-09-02T06:18:24.777982711,18.442003,-82.49743
2020-09-02T06:18:24.787900924,18.442013,-82.49731
2020-09-02T06:18:24.893188476,18.442236,-82.53854
2020-09-02T06:18:24.895095825,18.442495,-82.574974
2020-09-02T06:18:24.898910522,18.44194,-82.49729
2020-09-02T06:18:26.475548744,18.28989,-83.265366
2020-09-02T06:18:26.551081657,18.289793,-83.26534
2020-09-02T06:18:26.718167304,18.296436,-83.25016
2020-09-02T06:18:26.755933761,18.289755,-83.265434
2020-09-02T06:18:27.308691978,18.755207,-81.97046
2020-09-02T06:18:27.312506675,18.755203,-81.970436
2020-09-02T06:18:27.318610191,18.75519,-81.970345
2020-09-02T06:18:27.328528404,18.755224,-81.97045
2020-09-02T06:18:28.841842651,14.484376,-80.36063
2020-09-02T06:18:28.844131469,14.481877,-80.373215
2020-09-02T06:18:28.846038818,14.482822,-80.37045
2020-09-02T06:18:28.847946166,14.47125,-80.384125
2020-09-02T06:18:28.849853515,14.471226,-80.3806
2020-09-02T06:18:28.852142333,14.471231,-80.38188
2020-09-02T06:18:28.854049682,14.471247,-80.38007
2020-09-02T06:18:28.855957031,14.471143,-80.34685
2020-09-02T06:18:28.857864379,14.480248,-80.38532
2020-09-02T06:18:28.859771728,14.471254,-80.38623
2020-09-02T06:18:28.862060546,14.471274,-80.39292
2020-09-02T06:18:28.865875244,14.471371,-80.42206
2020-09-02T06:18:28.867782592,14.471268,-80.38676
2020-09-02T06:18:28.871978759,14.471159,-80.34684
2020-09-02T06:18:28.879608154,14.4838295,-80.40154
2020-09-02T06:18:28.881896972,14.489675,-80.40654
2020-09-02T06:18:28.883804321,14.471457,-80.42199
2020-09-02T06:18:28.885711669,14.496926,-80.402916
2020-09-02T06:18:28.911652565,14.547658,-80.38259
2020-09-02T06:18:28.913559913,14.547653,-80.375595
2020-09-02T06:18:28.915467262,14.547589,-80.34923
2020-09-02T06:18:28.917374610,14.529534,-80.34867
2020-09-02T06:18:28.919663429,14.547623,-80.34923
2020-09-02T06:18:28.921570777,14.547637,-80.34923
2020-09-02T06:18:28.925385475,14.54763,-80.3492
2020-09-02T06:18:28.927674293,14.519237,-80.34831
2020-09-02T06:18:28.929581642,14.547625,-80.349174
2020-09-02T06:18:28.590831756,18.289759,-83.26508
2020-09-02T06:18:28.592739105,18.289762,-83.26507
2020-09-02T06:18:28.654538154,18.289732,-83.26504
2020-09-02T06:18:28.656445503,18.28973,-83.26502
2020-09-02T06:18:28.658352851,18.289728,-83.265
2020-09-02T06:18:28.712141036,18.289719,-83.265
2020-09-02T06:18:28.714048385,18.289726,-83.26499
2020-09-02T06:18:28.730070114,18.289782,-83.26495
2020-09-02T06:18:28.731977462,18.289772,-83.264946
2020-09-02T06:18:28.747999191,18.289787,-83.264946
2020-09-02T06:18:28.764020919,18.28974,-83.265015
2020-09-02T06:18:28.783858299,18.289686,-83.265015
2020-09-02T06:18:28.793776512,18.280561,-83.26451
2020-09-02T06:18:28.799498558,18.289787,-83.26509
2020-09-02T06:18:28.918900489,18.277664,-83.2694
2020-09-02T06:18:28.933014869,18.277441,-83.264244
2020-09-02T06:18:28.952851295,18.289751,-83.26501
2020-09-02T06:18:28.765928268,19.604605,-78.45685
2020-09-02T06:18:28.767835617,19.589577,-78.46273
2020-09-02T06:18:28.772032737,19.61515,-78.439415
2020-09-02T06:18:28.773940086,19.615128,-78.43942
2020-09-02T06:18:28.775847434,19.615105,-78.43943
2020-09-02T06:18:28.805602073,19.615196,-78.45899
2020-09-02T06:18:28.807509422,19.594648,-78.46193
2020-09-02T06:18:28.809798240,19.598202,-78.46041
2020-09-02T06:18:28.839553833,19.595537,-78.46277
2020-09-02T06:18:28.879226684,19.61519,-78.43936
2020-09-02T06:18:28.916993141,19.579363,-78.450554
2020-09-02T06:18:28.918900489,19.580315,-78.45663
2020-09-02T06:18:28.920807838,19.574888,-78.45363
2020-09-02T06:18:28.923096656,19.57694,-78.45296
2020-09-02T06:18:28.925004005,19.580112,-78.45667
2020-09-02T06:18:28.948655128,19.58854,-78.44782
2020-09-02T06:18:28.950943946,19.615135,-78.43943
2020-09-02T06:18:29.018465995,19.595392,-78.4695
2020-09-02T06:18:29.020373344,19.577827,-78.47364
2020-09-02T06:18:29.089801788,19.576262,-78.4587
2020-09-02T06:18:29.102008819,19.615215,-78.46342
2020-09-02T06:18:29.179448127,19.574677,-78.46014
2020-09-02T06:18:29.181355476,19.615124,-78.43937
2020-09-02T06:18:29.207296371,19.58419,-78.43861
2020-09-02T06:18:32.075992584,18.677296,-82.19957
2020-09-02T06:18:32.077899932,18.677294,-82.199554
2020-09-02T06:18:32.084003448,18.67731,-82.199554
2020-09-02T06:18:32.119861602,18.677307,-82.1996
2020-09-02T06:18:32.133594512,18.677334,-82.1995
2020-09-02T06:18:32.139698028,18.669676,-82.20662
2020-09-02T06:18:32.141607284,18.677315,-82.19949
2020-09-02T06:18:32.145421981,18.677317,-82.19953
2020-09-02T06:18:32.155721664,18.677315,-82.199554
2020-09-02T06:18:32.175558090,18.677326,-82.1996
2020-09-02T06:18:35.841537475,18.290096,-83.29619
2020-09-02T06:18:35.897233963,18.29002,-83.29175
2020-09-02T06:18:35.904863357,18.290104,-83.296844
2020-09-02T06:18:35.907152175,18.290161,-83.30203
2020-09-02T06:18:35.944917678,18.290138,-83.30006
2020-09-02T06:18:35.948732376,18.290178,-83.30043
2020-09-02T06:18:35.952928543,18.290129,-83.294495
2020-09-02T06:18:36.010532379,18.290306,-83.30374
2020-09-02T06:18:36.022357940,18.290083,-83.301704
2020-09-02T06:18:36.024265289,18.289814,-83.26516
2020-09-02T06:18:36.034183502,18.290205,-83.30348
2020-09-02T06:18:36.970706939,19.456287,-78.74456
2020-09-02T06:18:36.994358062,19.45637,-78.74459
2020-09-02T06:18:37.000461578,19.456331,-78.74455
2020-09-02T06:18:37.004657745,19.456327,-78.74455
2020-09-02T06:18:37.006565093,19.456327,-78.74455
2020-09-02T06:18:37.012287139,19.456327,-78.744545
2020-09-02T06:18:37.018390655,19.464655,-78.75183
2020-09-02T06:18:37.026401519,19.456364,-78.74451
2020-09-02T06:18:37.044330596,19.456358,-78.744644
2020-09-02T06:18:37.046237945,19.45637,-78.74464
2020-09-02T06:18:37.064167022,19.456242,-78.74463
2020-09-02T06:18:37.069889068,19.483366,-78.7454
2020-09-02T06:18:37.072177886,19.478539,-78.74526
2020-09-02T06:18:37.074085235,19.456295,-78.74462
2020-09-02T06:18:37.075992584,19.456297,-78.74462
2020-09-02T06:18:37.109945297,19.456348,-78.74455
2020-09-02T06:18:37.115667343,19.456398,-78.744606
2020-09-02T06:18:37.117956161,19.456417,-78.74463
2020-09-02T06:18:37.123678207,19.456427,-78.74464
2020-09-02T06:18:37.147710800,19.45637,-78.74457
2020-09-02T06:18:37.261009216,19.467245,-78.75242
2020-09-02T06:18:37.278938293,19.470684,-78.75133
2020-09-02T06:18:37.280845642,19.456299,-78.74457
2020-09-02T06:18:37.300682067,19.45629,-78.74452
2020-09-02T06:18:37.314796447,19.473536,-78.75095
2020-09-02T06:18:37.316703796,19.474878,-78.74509
2020-09-02T06:18:37.378122329,19.472906,-78.755
2020-09-02T06:18:37.397958755,19.470173,-78.75737
2020-09-02T06:18:37.523464202,17.97564,-83.4018
2020-09-02T06:18:37.525371551,18.009464,-83.43004
2020-09-02T06:18:40.046159267,18.289913,-83.23316
2020-09-02T06:18:40.056077480,18.289824,-83.2281
2020-09-02T06:18:40.082017898,18.289852,-83.23173
2020-09-02T06:18:40.119783878,18.28989,-83.232315
2020-09-02T06:18:40.151446342,18.28987,-83.22631
2020-09-02T06:18:40.153735637,18.289846,-83.22582
2020-09-02T06:18:40.165561199,18.289795,-83.22282
2020-09-02T06:18:40.167468547,18.289845,-83.227005
2020-09-02T06:18:40.205234527,18.289755,-83.22418
2020-09-02T06:18:40.217060565,18.282055,-83.22028
2020-09-02T06:18:40.219349384,18.264797,-83.208084
2020-09-02T06:18:41.018540859,18.237648,-83.2753
2020-09-02T06:18:41.042191982,18.233593,-83.27788
2020-09-02T06:18:41.050203323,18.231535,-83.27971
2020-09-02T06:18:41.081865787,18.23658,-83.262276
2020-09-02T06:18:41.113909721,18.240467,-83.26251
2020-09-02T06:18:41.125735282,18.236914,-83.26234
2020-09-02T06:18:41.141757011,18.211073,-83.2608
2020-09-02T06:18:41.159686565,18.238869,-83.26248
2020-09-02T06:18:41.163501262,18.237307,-83.26239
2020-09-02T06:18:41.167315959,18.210983,-83.26084
2020-09-02T06:18:41.231022357,18.230175,-83.27962
2020-09-02T06:18:41.237126350,18.211002,-83.26088
2020-09-02T06:18:41.294728755,18.233582,-83.27552
2020-09-02T06:18:41.304647445,18.236795,-83.27094
2020-09-02T06:18:41.306554794,18.2112,-83.29033
2020-09-02T06:18:41.376364707,18.233711,-83.27536
2020-09-02T06:18:41.411841869,18.236614,-83.26236
2020-09-02T06:18:41.419852733,18.236723,-83.26234
2020-09-02T06:18:41.425956726,18.236574,-83.279495
2020-09-02T06:18:41.437782287,18.237888,-83.2624
2020-09-02T06:18:41.439689636,18.210964,-83.260826
2020-09-02T06:18:41.441978454,18.23469,-83.26223
2020-09-02T06:18:41.453804492,18.23894,-83.26244
2020-09-02T06:18:41.501488685,18.229773,-83.27702
2020-09-02T06:18:48.513391494,18.273567,-83.26448
2020-09-02T06:18:48.515298843,18.270329,-83.27759
2020-09-02T06:18:48.569087028,18.274197,-83.27265
2020-09-02T06:18:48.690396308,18.277523,-83.26476
2020-09-02T06:18:48.692303657,18.264402,-83.27894
2020-09-02T06:18:48.696499824,18.271568,-83.26443
2020-09-02T06:18:48.706418037,18.273579,-83.27331
2020-09-02T06:18:48.712141036,18.267872,-83.26417
2020-09-02T06:18:52.783630371,18.289272,-83.31861
2020-09-02T06:18:52.785919189,18.28925,-83.31948
2020-09-02T06:18:52.787826538,18.289408,-83.34301
2020-09-02T06:18:52.789733886,18.289158,-83.315506
2020-09-02T06:18:52.891206741,18.289257,-83.32403
2020-09-02T06:18:52.893114089,18.2892,-83.316696
2020-09-02T06:18:52.907228469,18.289215,-83.31845
2020-09-02T06:18:52.909135818,18.289213,-83.318245
2020-09-02T06:18:52.920961380,18.289457,-83.343056
2020-09-02T06:18:52.922868728,18.281103,-83.32016
2020-09-02T06:18:53.008319854,18.28146,-83.32212
2020-09-02T06:18:53.010608673,18.289429,-83.34307
2020-09-02T06:18:53.012516021,18.289244,-83.31905
2020-09-02T06:18:53.020526885,18.289473,-83.34305
2020-09-02T06:18:53.022434234,18.289284,-83.31981
2020-09-02T06:18:53.044178009,18.289192,-83.319984
2020-09-02T06:18:53.064014434,18.289211,-83.320404
2020-09-02T06:18:53.065921783,18.289396,-83.34308
2020-09-02T06:18:53.080036163,18.289244,-83.318214
2020-09-02T06:18:53.099872589,18.289196,-83.32029
2020-09-02T06:18:53.101779937,18.289381,-83.34301
2020-09-02T06:18:53.177312850,18.289324,-83.32414
2020-09-02T06:18:53.187231063,18.28927,-83.32232
2020-09-02T06:18:53.234914779,18.28944,-83.34301
2020-09-02T06:18:53.266960144,18.289328,-83.343
2020-09-02T06:19:01.102083683,18.237188,-83.26224
2020-09-02T06:19:01.112002372,18.209757,-83.26061
2020-09-02T06:19:01.129549980,18.209818,-83.260635
2020-09-02T06:19:01.165408611,18.209791,-83.260635
2020-09-02T06:19:01.167697429,18.209803,-83.26063
2020-09-02T06:19:01.221104145,18.288736,-83.26523
2020-09-02T06:19:01.223011493,18.273676,-83.25436
2020-09-02T06:19:01.264973640,18.288725,-83.2652
2020-09-02T06:19:01.286717891,18.238987,-83.23903
2020-09-02T06:19:01.292821407,18.288702,-83.26523
2020-09-02T06:19:01.316473007,18.28865,-83.26524
2020-09-02T06:19:01.324483871,18.288664,-83.26523
2020-09-02T06:19:01.342413425,18.288673,-83.26522
2020-09-02T06:19:01.364157676,18.288744,-83.26524
2020-09-02T06:19:01.366446495,18.288738,-83.26522
2020-09-02T06:19:01.370261192,18.245981,-83.234245
2020-09-02T06:19:01.386282920,18.238852,-83.239845
2020-09-02T06:19:01.392005443,18.288723,-83.26517
2020-09-02T06:19:01.398108959,18.239496,-83.262245
2020-09-02T06:19:01.409934520,18.288683,-83.26514
2020-09-02T06:19:01.435874938,18.28875,-83.265236
2020-09-02T06:19:01.457619190,18.288704,-83.265175
2020-09-02T06:19:01.467537403,18.242172,-83.23552
2020-09-02T06:19:01.477837085,18.209745,-83.26057
2020-09-02T06:19:01.479744434,18.23594,-83.237686
2020-09-02T06:19:01.493477821,18.288721,-83.26518
2020-09-02T06:19:01.533151149,18.288778,-83.26519
2020-09-02T06:19:01.549173355,18.288647,-83.25011
2020-09-02T06:19:01.567102432,18.288792,-83.265205
2020-09-02T06:19:01.575113773,18.229116,-83.244
2020-09-02T06:19:05.113680839,18.289507,-83.32078
2020-09-02T06:19:05.117877960,18.28968,-83.34317
2020-09-02T06:19:05.145725250,18.289534,-83.32059
2020-09-02T06:19:05.147632598,18.289715,-83.34314
2020-09-02T06:19:05.173572540,18.289515,-83.32035
2020-09-02T06:19:05.207142829,18.28955,-83.31898
2020-09-02T06:19:05.209431648,18.289736,-83.34312
2020-09-02T06:19:05.239186286,18.28954,-83.3179
2020-09-02T06:19:05.241093635,18.289719,-83.3432
2020-09-02T06:19:05.254827499,18.289536,-83.31806
2020-09-02T06:19:07.781722068,19.48583,-82.39558
2020-09-02T06:19:07.783629417,19.486135,-82.38845
2020-09-02T06:19:07.785536766,19.473564,-82.39893
2020-09-02T06:19:07.791640281,19.473515,-82.39895
2020-09-02T06:19:07.793547630,19.483944,-82.37879
2020-09-02T06:19:07.807662010,19.473385,-82.37573
2020-09-02T06:19:07.809569358,19.48126,-82.375755
2020-09-02T06:19:07.835509300,19.48822,-82.38406
2020-09-02T06:19:07.867172241,19.48256,-82.37438
2020-09-02T06:19:07.869079589,19.486372,-82.37233
2020-09-02T06:19:07.870986938,19.473366,-82.36373
2020-09-02T06:19:07.893112182,19.47337,-82.35415
2020-09-02T06:19:07.895019531,19.481878,-82.368744
2020-09-02T06:19:07.952622413,19.483215,-82.3741
2020-09-02T06:19:07.954529762,19.47341,-82.36275
2020-09-02T06:19:07.972459793,19.473375,-82.36672
2020-09-02T06:19:07.974367141,19.485003,-82.37239
2020-09-02T06:19:07.986574172,19.587631,-78.45888
2020-09-02T06:19:07.988481521,19.574854,-78.453
2020-09-02T06:19:07.994585037,19.614492,-78.44028
2020-09-02T06:19:08.022432327,19.585272,-78.439445
2020-09-02T06:19:08.028536796,19.584064,-78.43944
2020-09-02T06:19:08.032351493,19.574633,-78.45204
2020-09-02T06:19:08.034258842,19.570444,-78.45879
2020-09-02T06:19:08.044177055,19.577396,-78.45404
2020-09-02T06:19:08.046084403,19.567636,-78.4448
2020-09-02T06:19:08.048373222,19.572094,-78.4391
2020-09-02T06:19:08.050280570,19.569796,-78.439026
2020-09-02T06:19:08.066302299,19.56244,-78.43766
2020-09-02T06:19:08.113986968,19.614517,-78.44032
2020-09-02T06:19:08.115894317,19.586145,-78.459404
2020-09-02T06:19:08.117801666,19.587921,-78.46374
2020-09-02T06:19:08.167393684,19.568151,-78.45094
2020-09-02T06:19:08.193333625,19.534866,-78.51557
2020-09-02T06:19:08.229192733,19.58402,-78.46655
2020-09-02T06:19:08.231100082,19.576221,-78.47989
2020-09-02T06:19:08.233007431,19.61467,-78.47345
2020-09-02T06:19:08.263143539,19.590176,-78.46336
2020-09-02T06:19:08.320746421,19.56107,-78.46346
2020-09-02T06:19:08.330664634,19.578413,-78.44948
2020-09-02T06:19:08.372245788,19.53474,-78.496056
2020-09-02T06:19:08.388267517,19.561886,-78.49011
2020-09-02T06:19:08.404290199,19.534847,-78.515564
2020-09-02T06:19:08.418023109,19.534811,-78.51556
2020-09-02T06:19:08.499658584,19.557318,-78.46774
2020-09-02T06:19:08.517587661,19.534828,-78.48729
2020-09-02T06:19:08.535517692,19.534822,-78.51561
2020-09-02T06:19:08.666363716,19.534925,-78.51573
2020-09-02T06:19:10.328453063,18.275269,-82.8603
2020-09-02T06:19:10.330741882,18.286205,-82.87707
2020-09-02T06:19:10.334556579,18.286192,-82.877075
2020-09-02T06:19:10.362403869,18.286053,-82.86273
2020-09-02T06:19:10.364311218,18.286919,-82.867004
2020-09-02T06:19:10.400170326,18.28615,-82.87719
2020-09-02T06:19:10.402077674,18.285362,-82.86354
2020-09-02T06:19:10.423821449,18.286203,-82.87711
2020-09-02T06:19:10.426110267,18.300133,-82.877884
2020-09-02T06:19:10.428017616,18.293875,-82.873825
2020-09-02T06:19:10.429924964,18.299944,-82.877846
2020-09-02T06:19:10.469598770,18.309393,-82.8726
2020-09-02T06:19:10.471887588,18.30546,-82.87445
2020-09-02T06:19:10.473794937,18.30573,-82.87548
2020-09-02T06:19:10.475702285,18.286194,-82.87702
2020-09-02T06:19:10.499353408,18.28615,-82.87702
2020-09-02T06:19:10.505457878,18.298126,-82.87484
2020-09-02T06:19:10.543223381,18.286009,-82.859344
2020-09-02T06:19:10.549326896,18.286156,-82.87707
2020-09-02T06:19:10.553141593,18.286146,-82.87709
2020-09-02T06:19:10.608837127,18.314674,-82.87864
2020-09-02T06:19:10.610744476,18.302486,-82.873024
2020-09-02T06:19:10.613033294,18.312248,-82.87467
2020-09-02T06:19:10.614940643,18.311274,-82.87844
2020-09-02T06:19:10.616847991,18.286144,-82.87703
2020-09-02T06:19:10.618755340,18.286144,-82.87703
2020-09-02T06:19:10.628674507,18.320478,-82.879005
2020-09-02T06:19:10.630581855,18.313803,-82.88133
2020-09-02T06:19:10.632870674,18.311195,-82.88081
2020-09-02T06:19:10.634778022,18.299746,-82.87702
2020-09-02T06:19:10.636685371,18.32294,-82.89151
2020-09-02T06:19:10.638592720,18.28604,-82.877
2020-09-02T06:19:10.682461738,18.336658,-82.87994
2020-09-02T06:19:10.684369087,18.300304,-82.88242
2020-09-02T06:19:10.686276435,18.365107,-82.881516
2020-09-02T06:19:10.692380905,18.28624,-82.900345
2020-09-02T06:19:10.728239059,18.349703,-82.89873
2020-09-02T06:19:10.730146408,18.30054,-82.87748
2020-09-02T06:19:10.732053756,18.286104,-82.877075
2020-09-02T06:19:10.746168136,18.286116,-82.877075
2020-09-02T06:19:10.732053756,19.455576,-78.75945
2020-09-02T06:19:10.736249923,19.455532,-78.745316
2020-09-02T06:19:10.744260787,19.455542,-78.745316
2020-09-02T06:19:10.756087303,19.455576,-78.74529
2020-09-02T06:19:10.757994651,19.455576,-78.74527
2020-09-02T06:19:10.759902000,19.455595,-78.753006
2020-09-02T06:19:10.789656639,19.455482,-78.74526
2020-09-02T06:19:10.791945457,19.455502,-78.752
2020-09-02T06:19:10.797667503,19.463612,-78.753136
2020-09-02T06:19:10.807585716,19.465418,-78.75548
2020-09-02T06:19:10.817504882,19.455452,-78.745316
2020-09-02T06:19:10.831619262,19.481743,-78.74613
2020-09-02T06:19:10.833526611,19.467646,-78.75553
2020-09-02T06:19:10.843444824,19.477163,-78.75613
2020-09-02T06:19:10.845352172,19.455465,-78.74536
2020-09-02T06:19:10.863281250,19.48282,-78.74606
2020-09-02T06:19:10.885407447,19.4556,-78.74538
2020-09-02T06:19:10.887314796,19.455605,-78.74536
2020-09-02T06:19:10.891129493,19.4556,-78.74533
2020-09-02T06:19:10.893036842,19.455574,-78.74532
2020-09-02T06:19:10.895325660,19.459396,-78.75382
2020-09-02T06:19:10.897233009,19.45552,-78.74531
2020-09-02T06:19:10.901047706,19.455479,-78.7453
2020-09-02T06:19:11.034183502,19.47372,-78.76141
2020-09-02T06:19:11.036472320,19.455618,-78.772964
2020-09-02T06:19:15.082019805,18.289349,-83.303825
2020-09-02T06:19:15.197225570,18.289404,-83.30265
2020-09-02T06:19:15.199132919,18.289404,-83.30306
2020-09-02T06:19:15.259025573,18.289375,-83.30025
2020-09-02T06:19:15.260932922,18.289373,-83.30128
2020-09-02T06:19:15.262840270,18.28935,-83.30011
2020-09-02T06:19:15.264747619,18.289331,-83.29969
2020-09-02T06:19:15.267036437,18.289347,-83.30339
2020-09-02T06:19:15.300605773,18.289438,-83.30795
2020-09-02T06:19:15.302894592,18.289444,-83.307724
2020-09-02T06:19:15.346382141,18.289383,-83.29483
2020-09-02T06:19:15.348289489,18.289436,-83.30274
2020-09-02T06:19:15.350578308,18.289448,-83.3058
2020-09-02T06:19:15.447854995,18.286537,-83.30796
2020-09-02T06:19:15.449762344,18.28935,-83.3085
2020-09-02T06:19:15.451669692,18.28934,-83.30618
2020-09-02T06:19:15.551235198,18.288208,-83.30338
2020-09-02T06:19:15.553142547,18.289474,-83.30345
2020-09-02T06:19:15.555049896,18.289446,-83.30045
2020-09-02T06:19:15.557338714,18.289448,-83.301315
2020-09-02T06:19:15.634778976,18.292177,-83.30766
2020-09-02T06:19:15.648511886,18.289463,-83.299194
2020-09-02T06:19:15.650800704,18.289507,-83.30424
2020-09-02T06:19:15.660718917,18.289469,-83.30484
2020-09-02T06:19:15.722135543,18.28937,-83.30161
2020-09-02T06:19:15.759902954,18.289507,-83.30219
2020-09-02T06:19:17.779815673,18.289421,-83.25794
2020-09-02T06:19:17.851533889,18.289474,-83.26506
2020-09-02T06:19:17.853441238,18.274113,-83.25135
2020-09-02T06:19:17.877092361,18.289505,-83.26507
2020-09-02T06:19:17.899217605,18.289518,-83.26507
2020-09-02T06:19:17.919054031,18.289532,-83.26507
2020-09-02T06:19:17.944993972,18.289524,-83.26506
2020-09-02T06:19:17.972843170,18.289522,-83.265015
2020-09-02T06:19:17.984668731,18.289518,-83.26509
2020-09-02T06:19:18.000690460,18.289474,-83.26506
2020-09-02T06:19:18.020526885,18.289562,-83.26508
2020-09-02T06:19:18.036167144,18.289572,-83.26508
2020-09-02T06:19:23.408103942,19.535997,-78.701515
2020-09-02T06:19:23.445869445,19.53605,-78.71382
2020-09-02T06:19:23.630885124,19.53599,-78.670334
2020-09-02T06:19:23.632793426,19.535988,-78.67034
2020-09-02T06:19:23.634700775,19.545954,-78.66558
2020-09-02T06:19:23.636608123,19.53224,-78.662575
2020-09-02T06:19:23.638896942,19.535984,-78.67038
2020-09-02T06:19:23.674373626,19.45634,-78.74538
2020-09-02T06:19:23.702221870,19.504227,-78.664825
2020-09-02T06:19:23.739987373,19.45628,-78.70445
2020-09-02T06:19:23.742276191,19.526028,-78.6714
2020-09-02T06:19:23.767835617,19.486578,-78.674416
2020-09-02T06:19:23.783857345,19.45623,-78.700584
2020-09-02T06:19:23.801786422,19.490698,-78.67046
2020-09-02T06:19:24.851607322,17.226753,-83.58004
2020-09-02T06:19:24.948884010,17.223656,-83.58117
2020-09-02T06:19:25.032426834,17.214758,-83.57381
2020-09-02T06:19:25.060275077,17.226913,-83.57637
2020-09-02T06:19:25.062182426,17.270042,-83.554756
2020-09-02T06:19:25.072100639,17.236242,-83.56988
2020-09-02T06:19:25.123981475,17.222902,-83.568825
2020-09-02T06:19:25.140003204,17.246582,-83.57864
2020-09-02T06:19:25.141910552,17.24415,-83.57802
2020-09-02T06:19:25.163654327,17.252253,-83.57755
2020-09-02T06:19:25.165561676,17.249762,-83.58172
2020-09-02T06:19:25.275045394,19.46959,-78.72629
2020-09-02T06:19:25.276952743,19.46436,-78.72499
2020-09-02T06:19:25.278860092,19.456045,-78.72424
2020-09-02T06:19:25.280767440,19.461367,-78.72673
2020-09-02T06:19:25.288778305,19.459463,-78.7244
2020-09-02T06:19:25.290685653,19.456108,-78.72372
2020-09-02T06:19:25.294881820,19.456083,-78.72118
2020-09-02T06:19:25.296789169,19.456131,-78.74493
2020-09-02T06:19:25.300603866,19.456034,-78.71311
2020-09-02T06:19:25.302892684,19.456057,-78.71926
2020-09-02T06:19:25.328452110,19.455965,-78.71271
2020-09-02T06:19:25.330740928,19.455984,-78.72016
2020-09-02T06:19:25.342566490,19.460726,-78.7143
2020-09-02T06:19:25.350577354,19.4559,-78.696236
2020-09-02T06:19:25.352484703,19.455961,-78.71827
2020-09-02T06:19:25.358588218,19.458723,-78.70442
2020-09-02T06:19:25.370414733,19.455929,-78.70514
2020-09-02T06:19:25.372322082,19.455896,-78.69112
2020-09-02T06:19:25.378425598,19.4559,-78.68796
2020-09-02T06:19:25.380332946,19.455936,-78.7017
2020-09-02T06:19:25.386436462,19.455927,-78.6888
2020-09-02T06:19:25.388343811,19.459524,-78.6989
2020-09-02T06:19:25.421913146,19.455894,-78.6675
2020-09-02T06:19:25.451668739,19.497261,-78.74609
2020-09-02T06:19:25.436028480,18.339445,-77.17407
2020-09-02T06:19:25.438317298,18.335865,-77.17744
2020-09-02T06:19:25.440224647,18.333721,-77.155716
2020-09-02T06:19:25.442131996,18.340065,-77.159615
2020-09-02T06:19:25.444039344,18.335638,-77.15135
2020-09-02T06:19:25.445946693,18.343512,-77.137115
2020-09-02T06:19:25.448235511,18.33442,-77.14272
2020-09-02T06:19:25.450142860,18.330788,-77.13288
2020-09-02T06:19:25.452050209,18.323566,-77.13403
2020-09-02T06:19:25.453957557,18.34351,-77.12445
2020-09-02T06:19:25.455864906,18.320623,-77.128426
2020-09-02T06:19:25.458153724,18.343489,-77.12409
2020-09-02T06:19:25.460061073,18.313059,-77.130905
2020-09-02T06:19:25.461968421,18.34347,-77.1168
2020-09-02T06:19:25.463875770,18.343464,-77.10406
2020-09-02T06:19:25.465783119,18.343462,-77.12476
2020-09-02T06:19:25.468071937,18.343458,-77.12205
2020-09-02T06:19:25.469979286,18.328749,-77.12281
2020-09-02T06:19:25.471886634,18.328575,-77.12432
2020-09-02T06:19:25.473793983,18.343456,-77.11454
2020-09-02T06:19:25.476082801,18.337408,-77.120705
2020-09-02T06:19:25.477990150,18.343462,-77.11398
2020-09-02T06:19:25.479897499,18.343464,-77.10401
2020-09-02T06:19:25.481804847,18.343475,-77.10402
2020-09-02T06:19:25.483712196,18.34349,-77.10402
2020-09-02T06:19:25.486001014,18.343508,-77.10403
2020-09-02T06:19:25.487908363,18.343525,-77.10403
2020-09-02T06:19:25.489816665,18.34354,-77.104034
2020-09-02T06:19:25.491724014,18.343542,-77.10403
2020-09-02T06:19:25.495920181,18.34351,-77.104004
2020-09-02T06:19:25.497827529,18.343493,-77.10399
2020-09-02T06:19:25.499734878,18.320877,-77.10362
2020-09-02T06:19:25.501642227,18.343472,-77.14886
2020-09-02T06:19:25.503549575,18.353817,-77.1887
2020-09-02T06:19:25.505838394,18.343456,-77.180595
2020-09-02T06:19:25.507745742,18.343445,-77.18061
2020-09-02T06:19:25.509653091,18.34342,-77.104034
2020-09-02T06:19:25.511560440,18.343414,-77.104034
2020-09-02T06:19:25.513849258,18.297167,-77.08019
2020-09-02T06:19:25.611124992,18.312698,-77.18007
2020-09-02T06:19:25.614940643,18.343422,-77.180595
2020-09-02T06:19:25.670635223,18.34458,-77.17896
2020-09-02T06:19:25.672542572,18.345585,-77.17961
2020-09-02T06:19:25.674832344,18.343489,-77.18063
2020-09-02T06:19:25.676739692,18.34351,-77.18063
2020-09-02T06:19:25.684750556,18.343512,-77.18063
2020-09-02T06:19:25.698483467,18.34342,-77.180664
2020-09-02T06:19:25.706494331,18.367504,-77.160545
2020-09-02T06:19:25.708401679,18.343431,-77.1806
2020-09-02T06:19:25.710309028,18.340136,-77.1779
2020-09-02T06:19:25.712597846,18.350166,-77.1763
2020-09-02T06:19:25.722516059,18.35417,-77.174995
2020-09-02T06:19:26.282903671,19.077717,-82.688255
2020-09-02T06:19:26.284811019,19.077736,-82.68824
2020-09-02T06:19:26.324484825,19.07772,-82.68821
2020-09-02T06:19:26.328680992,19.077726,-82.688194
2020-09-02T06:19:26.342413902,19.084524,-82.68676
2020-09-02T06:19:26.348517417,19.077747,-82.68823
2020-09-02T06:19:26.350424766,19.077755,-82.68825
2020-09-02T06:19:26.356147766,19.077747,-82.68823
2020-09-02T06:19:26.358436584,19.077744,-82.68823
2020-09-02T06:19:26.364158630,19.077719,-82.68822
2020-09-02T06:19:26.366447448,19.077707,-82.68822
2020-09-02T06:19:26.378273010,19.077698,-82.688324
2020-09-02T06:19:26.382087707,19.077692,-82.68833
2020-09-02T06:19:26.383995056,19.07768,-82.68831
2020-09-02T06:19:26.388191223,19.077658,-82.68825
2020-09-02T06:19:26.390098571,19.0882,-82.689354
2020-09-02T06:19:26.401924133,19.07764,-82.68822
2020-09-02T06:19:26.404212951,19.086092,-82.68386
2020-09-02T06:19:26.417946815,19.077679,-82.688194
2020-09-02T06:19:26.421761512,19.077686,-82.68819
2020-09-02T06:19:26.441979408,19.07771,-82.68813
2020-09-02T06:19:26.495386123,19.077593,-82.688194
2020-09-02T06:19:27.229345321,18.289457,-83.27962
2020-09-02T06:19:27.278936386,18.289265,-83.26519
2020-09-02T06:19:27.282751083,18.27446,-83.26432
2020-09-02T06:19:27.284659385,18.281172,-83.27523
2020-09-02T06:19:27.286948204,18.289238,-83.26516
2020-09-02T06:19:27.443734169,18.280075,-83.27508
2020-09-02T06:19:27.446022987,18.275534,-83.2775
2020-09-02T06:19:27.449837684,18.289234,-83.26517
2020-09-02T06:19:27.451745033,18.289236,-83.26516
2020-09-02T06:19:27.559321403,18.27865,-83.27486
2020-09-02T06:19:27.561228752,18.281458,-83.27098
2020-09-02T06:19:27.565043449,18.28915,-83.26518
2020-09-02T06:19:27.566950798,18.289143,-83.26521
2020-09-02T06:19:27.569239616,18.289137,-83.26525
2020-09-02T06:19:27.628749847,18.289318,-83.27905
2020-09-02T06:19:27.672619819,18.279198,-83.27606
2020-09-02T06:19:27.704281806,18.289225,-83.26527
2020-09-02T06:19:27.738233566,18.28918,-83.26532
2020-09-02T06:19:27.831694602,17.054075,-83.58614
2020-09-02T06:19:27.833601951,17.052261,-83.58255
2020-09-02T06:19:27.835509300,17.055666,-83.5846
2020-09-02T06:19:27.837798118,17.051603,-83.56522
2020-09-02T06:19:27.839705467,17.035267,-83.57973
2020-09-02T06:19:27.841613769,17.055618,-83.574585
2020-09-02T06:19:27.843521118,17.053204,-83.578674
2020-09-02T06:19:27.845428466,17.055853,-83.57028
2020-09-02T06:19:27.847717285,17.057184,-83.56665
2020-09-02T06:19:27.849624633,17.06211,-83.563156
2020-09-02T06:19:27.851531982,17.0682,-83.564644
2020-09-02T06:19:27.853439331,17.055119,-83.552025
2020-09-02T06:19:27.855728149,17.05299,-83.56441
2020-09-02T06:19:27.857635498,17.050625,-83.549
2020-09-02T06:19:27.859542846,17.051256,-83.55374
2020-09-02T06:19:27.861450195,17.051485,-83.55053
2020-09-02T06:19:27.863357543,17.051981,-83.56085
2020-09-02T06:19:27.865646362,17.048079,-83.53712
2020-09-02T06:19:27.867553710,17.04672,-83.53734
2020-09-02T06:19:27.869461059,17.052338,-83.5535
2020-09-02T06:19:27.871368408,17.03471,-83.52851
2020-09-02T06:19:27.873275756,17.034756,-83.53317
2020-09-02T06:19:27.875564575,17.043762,-83.52455
2020-09-02T06:19:27.877471923,17.056524,-83.53556
2020-09-02T06:19:27.879379272,17.04651,-83.53092
2020-09-02T06:19:27.881286621,17.050615,-83.5165
2020-09-02T06:19:27.883193969,17.054008,-83.5129
2020-09-02T06:19:27.885482788,17.067184,-83.50442
2020-09-02T06:19:27.887390136,17.034472,-83.502556
2020-09-02T06:19:27.889297485,17.079075,-83.524574
2020-09-02T06:19:27.891204833,17.087475,-83.58636
2020-09-02T06:19:27.893493652,17.095688,-83.56308
2020-09-02T06:19:27.895401000,17.088911,-83.57094
2020-09-02T06:19:27.897308349,17.087324,-83.56661
2020-09-02T06:19:27.899215698,17.104664,-83.5748
2020-09-02T06:19:27.903412818,17.110085,-83.58809
2020-09-02T06:19:27.905320167,17.12015,-83.575806
2020-09-02T06:19:27.907227516,17.11922,-83.55362
2020-09-02T06:19:27.909134864,17.122032,-83.57738
2020-09-02T06:19:27.911042213,17.124197,-83.57807
2020-09-02T06:19:27.913331031,17.13156,-83.56596
2020-09-02T06:19:27.915238380,17.10143,-83.56449
2020-09-02T06:19:27.927063941,17.113293,-83.58418
2020-09-02T06:19:27.928971290,17.113316,-83.58419
2020-09-02T06:19:27.931260108,17.113333,-83.58419
2020-09-02T06:19:27.933167457,17.113316,-83.58418
2020-09-02T06:19:27.935074806,17.1133,-83.58417
2020-09-02T06:19:27.936982154,17.113285,-83.58416
2020-09-02T06:19:27.938889503,17.11327,-83.584145
2020-09-02T06:19:28.161671638,17.035099,-83.579666
2020-09-02T06:19:28.199437141,17.052431,-83.56434
2020-09-02T06:19:28.201344490,17.057203,-83.552895
2020-09-02T06:19:28.203633308,17.113253,-83.58421
2020-09-02T06:19:28.205540657,17.112906,-83.5411
2020-09-02T06:19:28.207448005,17.082531,-83.56028
2020-09-02T06:19:28.209355354,17.061516,-83.53952
2020-09-02T06:19:28.211262702,17.071085,-83.52775
2020-09-02T06:19:28.213552474,17.071308,-83.53421
2020-09-02T06:19:28.215459823,17.08762,-83.51855
2020-09-02T06:19:28.217367172,17.094126,-83.50387
2020-09-02T06:19:28.219274520,17.085178,-83.49998
2020-09-02T06:19:28.221181869,17.09548,-83.48248
2020-09-02T06:19:28.223470687,17.095112,-83.4806
2020-09-02T06:19:28.225378036,17.088415,-83.49341
2020-09-02T06:19:28.227285385,17.11237,-83.47289
2020-09-02T06:19:33.044178009,18.624725,-82.22131
2020-09-02T06:19:33.052188873,18.6337,-82.19776
2020-09-02T06:19:35.018314361,19.484257,-78.746346
2020-09-02T06:19:35.020603179,19.47998,-78.74622
2020-09-02T06:19:35.026325225,19.491842,-78.74656
2020-09-02T06:19:35.058368682,19.455215,-78.74552
2020-09-02T06:19:35.074008941,19.455198,-78.74556
2020-09-02T06:19:35.091938018,19.455147,-78.74552
2020-09-02T06:19:35.169378280,19.484222,-78.7564
2020-09-02T06:19:35.229269027,19.510895,-78.74722
2020-09-02T06:19:35.233083724,19.509483,-78.74716
2020-09-02T06:19:35.249107360,19.515663,-78.75511
2020-09-02T06:19:35.268943786,19.455206,-78.7455
2020-09-02T06:19:35.304801940,19.487411,-78.75939
2020-09-02T06:19:35.306709289,19.483368,-78.74632
2020-09-02T06:19:35.318534851,19.455217,-78.74547
2020-09-02T06:19:35.320823669,19.485054,-78.75778
2020-09-02T06:19:35.322731018,19.481428,-78.76088
2020-09-02T06:19:35.326545715,19.484268,-78.74631
2020-09-02T06:19:35.338371276,19.486166,-78.7604
2020-09-02T06:19:35.352485656,19.48407,-78.7621
2020-09-02T06:19:35.354393005,19.455175,-78.74551
2020-09-02T06:19:35.368509292,19.495012,-78.74671
2020-09-02T06:19:35.370416641,19.477564,-78.746216
2020-09-02T06:19:35.414285659,19.488142,-78.7574
2020-09-02T06:19:35.441751480,19.48066,-78.76168
2020-09-02T06:19:35.457773208,19.455189,-78.74553
2020-09-02T06:19:35.459680557,19.481903,-78.768394
2020-09-02T06:19:35.461969375,19.481306,-78.768486
2020-09-02T06:19:35.495540618,19.482965,-78.760574
2020-09-02T06:19:35.497447967,19.45514,-78.745544
2020-09-02T06:19:35.527584075,19.486761,-78.76586
2020-09-02T06:19:35.557338714,19.48303,-78.76833
2020-09-02T06:19:37.648588180,18.367992,-83.31091
2020-09-02T06:19:39.129854680,18.23834,-83.26308
2020-09-02T06:19:39.149691582,18.230349,-83.26272
2020-09-02T06:19:39.151598931,18.209597,-83.2615
2020-09-02T06:19:39.177539349,18.20959,-83.26144
2020-09-02T06:19:39.246967793,18.229242,-83.26261
2020-09-02T06:19:39.316778183,18.20964,-83.26149
2020-09-02T06:19:39.415961743,18.251196,-83.263916
2020-09-02T06:19:39.539178372,18.229025,-83.25176
2020-09-02T06:19:39.541467190,18.226213,-83.25509
2020-09-02T06:19:39.543374539,18.22574,-83.262375
2020-09-02T06:19:39.600977421,18.223648,-83.262276
2020-09-02T06:19:39.602884770,18.209656,-83.261444
2020-09-02T06:19:39.620813847,18.238834,-83.263145
2020-09-02T06:19:39.628825188,18.242838,-83.2634
2020-09-02T06:19:39.630732537,18.209656,-83.261444
2020-09-02T06:19:39.676509381,18.239346,-83.25326
2020-09-02T06:19:39.688335419,18.23546,-83.250336
2020-09-02T06:19:39.692531586,18.247812,-83.26365
2020-09-02T06:19:39.758145333,18.239504,-83.25503
2020-09-02T06:19:39.763867379,18.248678,-83.263725
2020-09-02T06:19:39.831388474,18.24903,-83.26372
2020-09-02T06:19:39.833677292,18.237152,-83.26302
2020-09-02T06:19:39.841688157,18.20958,-83.26142
2020-09-02T06:19:39.853514195,18.23115,-83.26266
2020-09-02T06:19:39.855421544,18.209663,-83.26139
2020-09-02T06:19:39.879454613,18.20961,-83.26134
2020-09-02T06:19:40.014496803,18.221968,-83.26195
2020-09-02T06:19:44.966813087,19.614399,-78.492905
2020-09-02T06:19:44.968720436,19.60731,-78.48964
2020-09-02T06:19:44.970627784,19.603952,-78.48142
2020-09-02T06:19:44.972916603,19.614265,-78.44043
2020-09-02T06:19:44.984742164,19.60156,-78.45423
2020-09-02T06:19:44.986649513,19.587084,-78.45366
2020-09-02T06:19:44.988556861,19.595268,-78.45609
2020-09-02T06:19:45.028230667,19.582756,-78.43961
2020-09-02T06:19:45.030519485,19.579102,-78.45841
2020-09-02T06:19:45.032426834,19.614246,-78.44043
2020-09-02T06:19:45.070193290,19.585535,-78.43975
2020-09-02T06:19:45.076296806,19.61432,-78.440506
2020-09-02T06:19:45.078204154,19.610153,-78.46473
2020-09-02T06:19:45.080111503,19.600464,-78.470726
2020-09-02T06:19:45.088122367,19.614298,-78.44042
2020-09-02T06:19:45.096133232,19.614313,-78.44046
2020-09-02T06:19:45.098040580,19.614353,-78.45574
2020-09-02T06:19:45.099947929,19.614353,-78.45227
2020-09-02T06:19:45.123981475,19.614254,-78.4405
2020-09-02T06:19:45.125888824,19.614277,-78.44046
2020-09-02T06:19:45.141910552,19.614267,-78.44044
2020-09-02T06:19:45.177387237,19.583998,-78.43971
2020-09-02T06:19:45.179677009,19.591305,-78.454506
2020-09-02T06:19:45.181584358,19.588478,-78.464905
2020-09-02T06:19:45.241093635,19.614378,-78.4523
2020-09-02T06:19:45.243001937,19.614355,-78.4405
2020-09-02T06:19:45.251012802,19.61447,-78.48931
2020-09-02T06:19:45.255208969,19.614534,-78.51791
2020-09-02T06:19:45.257116317,19.614536,-78.51791
2020-09-02T06:19:45.262838363,19.569471,-78.50062
2020-09-02T06:19:45.265127182,19.614534,-78.517876
2020-09-02T06:19:45.276952743,19.614466,-78.517876
2020-09-02T06:19:45.278860092,19.61442,-78.506165
2020-09-02T06:19:45.283056259,19.611727,-78.50629
2020-09-02T06:19:45.288778305,19.614515,-78.51518
2020-09-02T06:19:45.294881820,19.614548,-78.51448
2020-09-02T06:19:45.296789169,19.614532,-78.50412
2020-09-02T06:19:45.298696517,19.614565,-78.515816
2020-09-02T06:19:45.300603866,19.614574,-78.51778
2020-09-02T06:19:45.304800987,19.614557,-78.517784
2020-09-02T06:19:45.306708335,19.614548,-78.51779
2020-09-02T06:19:45.308615684,19.61454,-78.5178
2020-09-02T06:19:45.310523033,19.61453,-78.5178
2020-09-02T06:19:45.314719200,19.6145,-78.51784
2020-09-02T06:19:45.316626548,19.614485,-78.51785
2020-09-02T06:19:45.334555625,19.614454,-78.517876
2020-09-02T06:19:45.336462974,19.61446,-78.51788
2020-09-02T06:19:45.338370323,18.289415,-83.32966
2020-09-02T06:19:45.340659141,18.284456,-83.3315
2020-09-02T06:19:45.342566490,18.289404,-83.32814
2020-09-02T06:19:45.513467788,18.289474,-83.33044
2020-09-02T06:19:45.571070671,18.2768,-83.330574
2020-09-02T06:19:45.614940643,18.2894,-83.33341
2020-09-02T06:19:45.616847991,18.281584,-83.33656
2020-09-02T06:19:45.618755340,18.282314,-83.34424
2020-09-02T06:19:45.620662689,18.280582,-83.34009
2020-09-02T06:19:45.678647041,18.283197,-83.34288
2020-09-02T06:19:45.680554389,18.281096,-83.33603
2020-09-02T06:19:45.716412544,18.281815,-83.33988
2020-09-02T06:19:45.769819259,18.281872,-83.34083
2020-09-02T06:19:45.930802345,18.28948,-83.332886
2020-09-02T06:19:45.933091163,18.28097,-83.33799
2020-09-02T06:19:45.951020240,18.281794,-83.34167
2020-09-02T06:19:45.966660499,18.279457,-83.342735
2020-09-02T06:19:47.650875091,19.529379,-78.5626
2020-09-02T06:19:47.652782440,19.535011,-78.55903
2020-09-02T06:19:47.654689788,19.536688,-78.55772
2020-09-02T06:19:47.656598091,19.534988,-78.55561
2020-09-02T06:19:47.658505439,19.534985,-78.55743
2020-09-02T06:19:47.660794258,19.534977,-78.5577
2020-09-02T06:19:47.662701606,19.534973,-78.55738
2020-09-02T06:19:47.664608955,19.534964,-78.555565
2020-09-02T06:19:47.666516304,19.534962,-78.55648
2020-09-02T06:19:47.668423652,19.534962,-78.55844
2020-09-02T06:19:47.670712471,19.534939,-78.54987
2020-09-02T06:19:47.672619819,19.53496,-78.54694
2020-09-02T06:19:47.674527168,19.5305,-78.54328
2020-09-02T06:19:47.676434516,19.527275,-78.53645
2020-09-02T06:19:47.678341865,19.512918,-78.5318
2020-09-02T06:19:47.680630683,19.513454,-78.532135
2020-09-02T06:19:47.682538032,19.498957,-78.51465
2020-09-02T06:19:47.690548896,19.493906,-78.51459
2020-09-02T06:19:47.692456245,19.5072,-78.524315
2020-09-02T06:19:47.694363594,19.45518,-78.51352
2020-09-02T06:19:47.698559761,19.483921,-78.51428
2020-09-02T06:19:47.700467109,19.496975,-78.52543
2020-09-02T06:19:47.710385322,19.45512,-78.51352
2020-09-02T06:19:47.712292671,19.45512,-78.51351
2020-09-02T06:19:47.734037399,19.45508,-78.51347
2020-09-02T06:19:47.736326217,19.482067,-78.51874
2020-09-02T06:19:47.738233566,19.534883,-78.515625
2020-09-02T06:19:47.748151779,19.471539,-78.51396
2020-09-02T06:19:47.750059127,19.495487,-78.51463
2020-09-02T06:19:47.751966476,19.492624,-78.51455
2020-09-02T06:19:47.759977340,19.473131,-78.51399
2020-09-02T06:19:47.761884689,19.485722,-78.51942
2020-09-02T06:19:47.821776390,19.484646,-78.52159
2020-09-02T06:19:47.823683738,19.49528,-78.53972
2020-09-02T06:19:47.839705467,19.502636,-78.52559
2020-09-02T06:19:47.857635498,19.53498,-78.51566
2020-09-02T06:19:47.859542846,19.455187,-78.513504
2020-09-02T06:19:52.197301864,18.288778,-83.26588
2020-09-02T06:19:52.304878234,18.279207,-83.265274
2020-09-02T06:19:52.380409240,18.288858,-83.26595
2020-09-02T06:19:52.382316589,18.28885,-83.26595
2020-09-02T06:19:52.402154922,18.288788,-83.26588
2020-09-02T06:19:52.404062271,18.273401,-83.253845
2020-09-02T06:19:52.405969619,18.288786,-83.26591
2020-09-02T06:19:52.408258438,18.288786,-83.26592
2020-09-02T06:19:52.410165786,18.288786,-83.26594
2020-09-02T06:19:52.455942153,18.277369,-83.25702
2020-09-02T06:19:52.467767715,18.288765,-83.26597
2020-09-02T06:19:52.485696792,18.272593,-83.26495
2020-09-02T06:19:52.489511489,18.288816,-83.265915
2020-09-02T06:19:52.525371551,18.275665,-83.26518
2020-09-02T06:19:52.541393280,18.275816,-83.26513
2020-09-02T06:19:52.559322357,18.276903,-83.25925
2020-09-02T06:19:52.577251434,18.27569,-83.2652
2020-09-02T06:19:52.607006072,18.28879,-83.265976
2020-09-02T06:19:52.608913421,18.288794,-83.265976
2020-09-02T06:19:52.626842498,18.273912,-83.26509
2020-09-02T06:19:52.646680831,18.272726,-83.26509
2020-09-02T06:19:52.654691696,18.288767,-83.26603
2020-09-02T06:19:52.658506393,18.288765,-83.26602
2020-09-02T06:19:52.680631637,18.288757,-83.26593
2020-09-02T06:19:52.682538986,18.288734,-83.26593
2020-09-02T06:19:52.704282760,18.288698,-83.266
2020-09-02T06:19:52.751966476,18.28868,-83.26607
2020-09-02T06:19:52.753873825,18.2887,-83.26605
2020-09-02T06:19:54.716184616,19.484577,-78.81094
2020-09-02T06:19:54.718473434,19.475739,-78.81336
2020-09-02T06:19:54.720380783,19.473362,-78.82365
2020-09-02T06:19:54.722288131,19.478762,-78.81203
2020-09-02T06:19:54.724195480,19.470423,-78.823555
2020-09-02T06:19:54.726102828,19.4555,-78.82311
2020-09-02T06:19:54.728391647,19.455505,-78.82311
2020-09-02T06:19:54.730298995,19.455513,-78.823105
2020-09-02T06:19:54.734113693,19.455484,-78.823105
2020-09-02T06:19:54.736021041,19.467842,-78.82347
2020-09-02T06:19:54.738309860,19.472212,-78.81644
2020-09-02T06:19:54.742126464,19.45543,-78.823105
2020-09-02T06:19:54.744033813,19.455425,-78.8231
2020-09-02T06:19:54.745941162,19.455421,-78.82309
2020-09-02T06:19:54.760055541,19.475307,-78.81459
2020-09-02T06:19:54.777984619,19.46816,-78.81765
2020-09-02T06:19:54.781799316,19.455374,-78.823044
2020-09-02T06:19:54.787902832,19.455458,-78.82306
2020-09-02T06:19:54.801635742,19.45549,-78.823166
2020-09-02T06:19:54.815750122,19.46358,-78.82317
2020-09-02T06:19:54.825668334,19.45542,-78.82813
2020-09-02T06:19:54.827575683,19.455404,-78.82313
2020-09-02T06:19:54.960710525,19.470152,-78.819664
2020-09-02T06:19:54.962999343,19.455542,-78.82308
2020-09-02T06:19:58.630887985,19.499346,-78.74678
2020-09-02T06:19:58.710235595,19.490913,-78.752106
2020-09-02T06:19:58.722442626,19.486921,-78.75423
2020-09-02T06:19:58.739990234,19.48533,-78.74649
2020-09-02T06:19:58.752197265,19.497274,-78.74674
2020-09-02T06:19:58.754104614,19.483025,-78.753365
2020-09-02T06:19:58.773941040,19.456491,-78.74562
2020-09-02T06:19:58.775848388,19.456507,-78.7456
2020-09-02T06:19:58.777755737,19.471325,-78.749626
2020-09-02T06:19:58.780044555,19.478666,-78.746185
2020-09-02T06:19:58.815902709,19.478855,-78.74625
2020-09-02T06:19:58.817810058,19.488739,-78.74656
2020-09-02T06:19:58.849473953,19.480383,-78.75248
2020-09-02T06:19:58.853670120,19.456465,-78.74559
2020-09-02T06:19:58.855577468,19.49156,-78.74661
2020-09-02T06:19:58.895250320,19.507114,-78.747116
2020-09-02T06:19:58.897157669,19.456493,-78.745636
2020-09-02T06:19:58.913179397,19.484467,-78.75997
2020-09-02T06:19:58.984516143,19.485817,-78.762985
2020-09-02T06:19:58.990619659,19.456474,-78.745575
2020-09-02T06:19:59.026477813,19.45647,-78.74562
2020-09-02T06:20:03.304723739,18.318483,-83.31452
2020-09-02T06:20:02.567331790,18.290396,-83.295235
2020-09-02T06:20:02.569239139,18.290459,-83.30158
2020-09-02T06:20:02.648585796,18.290377,-83.301094
2020-09-02T06:20:02.650493144,18.290089,-83.26575
2020-09-02T06:20:02.668422698,18.29041,-83.29948
2020-09-02T06:20:02.692455768,18.29039,-83.300896
2020-09-02T06:20:02.724118232,18.290306,-83.29792
2020-09-02T06:20:02.730221748,18.290323,-83.29783
2020-09-02T06:20:02.743954658,18.29033,-83.29894
2020-09-02T06:20:02.795835494,18.290293,-83.301186
2020-09-02T06:20:02.805753707,18.290205,-83.29449
2020-09-02T06:20:02.807661056,18.29027,-83.30172
2020-09-02T06:20:02.817579746,18.290203,-83.29986
2020-09-02T06:20:02.841612339,18.29028,-83.29848
2020-09-02T06:20:02.855345726,18.290201,-83.29537
2020-09-02T06:20:02.903029918,18.290148,-83.29594
2020-09-02T06:20:02.922866821,18.290066,-83.26583
2020-09-02T06:20:02.943085193,18.290207,-83.29384
2020-09-02T06:20:02.944992542,18.289993,-83.26585
2020-09-02T06:20:03.020524978,18.290298,-83.2953
2020-09-02T06:20:03.022432327,18.295994,-83.29652
2020-09-02T06:20:03.028535842,18.29028,-83.30012
2020-09-02T06:20:03.030443191,18.290257,-83.29911
2020-09-02T06:20:03.038454055,18.290274,-83.299706
2020-09-02T06:20:03.050279617,18.29028,-83.298676
2020-09-02T06:20:03.064012527,18.290314,-83.30313
2020-09-02T06:20:03.081942558,18.294678,-83.30412
2020-09-02T06:20:03.084231376,18.290327,-83.30701
2020-09-02T06:20:03.086138725,18.29032,-83.30634
2020-09-02T06:20:03.131915092,18.290358,-83.31243
2020-09-02T06:20:03.133822441,18.29035,-83.30867
2020-09-02T06:20:03.135729789,18.290388,-83.31064
2020-09-02T06:20:03.137638092,18.290415,-83.31119
2020-09-02T06:20:03.139926910,18.284227,-83.31328
2020-09-02T06:20:03.141834259,18.290401,-83.307236
2020-09-02T06:20:03.384451866,18.290384,-83.305534
2020-09-02T06:20:03.386360168,18.290459,-83.31352
2020-09-02T06:20:03.450066566,18.290365,-83.30595
2020-09-02T06:20:08.171589851,19.45565,-78.74478
2020-09-02T06:20:08.173497200,19.455648,-78.744774
2020-09-02T06:20:08.195622444,19.46258,-78.75633
2020-09-02T06:20:08.197529792,19.455702,-78.74476
2020-09-02T06:20:08.241018295,19.455706,-78.75578
2020-09-02T06:20:08.299002647,19.455578,-78.74456
2020-09-02T06:20:08.300909996,19.460825,-78.75072
2020-09-02T06:20:08.316550254,19.4557,-78.7447
2020-09-02T06:20:08.340583801,19.455696,-78.74471
2020-09-02T06:20:08.350502014,19.45568,-78.744675
2020-09-02T06:20:08.376441955,19.455673,-78.74469
2020-09-02T06:20:08.412301063,19.455667,-78.74467
2020-09-02T06:20:08.414208412,19.463661,-78.74423
2020-09-02T06:20:08.447777748,19.4608,-78.743645
2020-09-02T06:20:08.453881263,19.455706,-78.74468
2020-09-02T06:20:08.455788612,19.45569,-78.74469
2020-09-02T06:20:08.465707778,19.455673,-78.744705
2020-09-02T06:20:08.467996597,19.45568,-78.744705
2020-09-02T06:20:08.479822158,19.455578,-78.744705
2020-09-02T06:20:08.497751235,19.455671,-78.7447
2020-09-02T06:20:08.517587661,19.455683,-78.7447
2020-09-02T06:20:08.519495010,19.455687,-78.74468
2020-09-02T06:20:08.531321525,19.455687,-78.74471
2020-09-02T06:20:08.551157951,19.455658,-78.74474
2020-09-02T06:20:08.583202362,19.455645,-78.74473
2020-09-02T06:20:10.652707099,18.21042,-83.26071
2020-09-02T06:20:10.704206466,18.210321,-83.26074
2020-09-02T06:20:10.974672317,18.2103,-83.26059
2020-09-02T06:20:10.976579666,18.214706,-83.26175
2020-09-02T06:20:10.978868484,18.210308,-83.2606
2020-09-02T06:20:13.320747375,18.289911,-83.34298
2020-09-02T06:20:13.322654724,18.289778,-83.325134
2020-09-02T06:20:13.356605529,18.29,-83.34294
2020-09-02T06:20:13.370338439,18.289963,-83.342926
2020-09-02T06:20:13.372245788,18.28997,-83.342926
2020-09-02T06:20:13.384454727,18.290003,-83.34295
2020-09-02T06:20:13.400094985,18.289986,-83.34294
2020-09-02T06:20:13.483636856,18.289942,-83.34292
2020-09-02T06:20:13.491647720,18.28986,-83.3429
2020-09-02T06:20:13.507671356,18.28994,-83.34295
2020-09-02T06:20:13.509578704,18.289791,-83.32469
2020-09-02T06:20:13.527507781,18.290012,-83.34292
2020-09-02T06:20:13.557262420,18.28992,-83.34292
2020-09-02T06:20:13.608760833,18.289936,-83.342865
2020-09-02T06:20:13.682386398,18.289925,-83.34291
2020-09-02T06:20:13.688489913,18.289955,-83.342964
2020-09-02T06:20:13.698408126,18.289904,-83.3429
2020-09-02T06:20:13.700315475,18.289888,-83.34289
2020-09-02T06:20:13.708326339,18.289892,-83.342865
2020-09-02T06:20:13.730070114,18.289984,-83.34288
2020-09-02T06:20:14.181356430,18.244722,-83.2625
2020-09-02T06:20:14.191274642,18.240986,-83.26221
2020-09-02T06:20:14.982835769,18.441622,-82.59858
2020-09-02T06:20:15.016407012,18.441526,-82.57473
2020-09-02T06:20:15.022510528,18.441715,-82.59733
2020-09-02T06:20:15.028614044,18.441523,-82.57474
2020-09-02T06:20:15.030521392,18.441513,-82.57473
2020-09-02T06:20:15.032428741,18.441498,-82.57473
2020-09-02T06:20:15.091938018,18.441542,-82.592834
2020-09-02T06:20:15.094226837,18.441605,-82.59822
2020-09-02T06:20:15.101856231,18.441502,-82.57469
2020-09-02T06:20:15.104145050,18.441597,-82.59138
2020-09-02T06:20:15.106052398,18.44145,-82.574684
2020-09-02T06:20:15.115972518,18.441408,-82.57465
2020-09-02T06:20:15.181585311,18.441454,-82.57476
2020-09-02T06:20:15.030521392,19.455149,-78.74484
2020-09-02T06:20:15.036243438,19.468327,-78.731026
2020-09-02T06:20:15.038532257,19.455088,-78.744835
2020-09-02T06:20:15.040439605,19.469282,-78.7301
2020-09-02T06:20:15.042346954,19.45508,-78.74485
2020-09-02T06:20:15.044254302,19.467134,-78.730034
2020-09-02T06:20:15.046161651,19.4551,-78.74489
2020-09-02T06:20:15.048450469,19.470629,-78.73054
2020-09-02T06:20:15.050357818,19.45512,-78.74493
2020-09-02T06:20:15.052265167,19.455067,-78.72657
2020-09-02T06:20:15.054172515,19.468826,-78.72887
2020-09-02T06:20:15.060276031,19.462265,-78.72289
2020-09-02T06:20:15.062183380,19.464828,-78.720436
2020-09-02T06:20:15.068286895,19.460546,-78.71356
2020-09-02T06:20:15.070194244,19.45506,-78.74486
2020-09-02T06:20:15.078205108,19.454973,-78.72077
2020-09-02T06:20:15.080112457,19.454933,-78.70701
2020-09-02T06:20:15.082019805,19.459885,-78.71184
2020-09-02T06:20:15.084308624,19.455025,-78.74482
2020-09-02T06:20:15.090030670,19.454958,-78.71761
2020-09-02T06:20:15.091938018,19.460215,-78.71989
2020-09-02T06:20:15.094226837,19.45507,-78.74481
2020-09-02T06:20:15.099948883,19.455067,-78.71128
2020-09-02T06:20:15.111776351,19.454939,-78.70815
2020-09-02T06:20:15.117879867,19.454935,-78.698524
2020-09-02T06:20:15.125890731,19.454914,-78.69036
2020-09-02T06:20:15.127798080,19.454853,-78.6674
2020-09-02T06:20:15.129705429,19.454935,-78.702446
2020-09-02T06:20:15.135808944,19.454885,-78.68992
2020-09-02T06:20:15.137716293,19.454884,-78.69132
2020-09-02T06:20:15.139623641,19.454905,-78.702576
2020-09-02T06:20:15.141912460,19.45675,-78.69816
2020-09-02T06:20:15.143819808,19.454964,-78.716774
2020-09-02T06:20:15.280769348,19.454882,-78.70557
2020-09-02T06:20:15.283058166,19.465284,-78.71465
2020-09-02T06:20:20.497445106,19.535063,-79.00091
2020-09-02T06:20:20.499733924,19.49515,-79.01851
2020-09-02T06:20:20.507744789,19.534704,-78.948906
2020-09-02T06:20:20.541314601,19.509832,-78.99944
2020-09-02T06:20:20.565347671,19.509838,-78.99962
2020-09-02T06:20:20.567255020,19.534723,-78.980064
2020-09-02T06:20:20.569162368,19.511602,-78.99716
2020-09-02T06:20:20.722134113,19.537258,-78.96835
2020-09-02T06:20:20.724422931,19.533794,-78.97722
2020-09-02T06:20:20.728237628,19.534674,-78.932304
2020-09-02T06:20:20.730144977,19.534649,-78.92898
2020-09-02T06:20:20.732052326,19.534573,-78.90259
2020-09-02T06:20:20.762188911,19.534657,-78.94468
2020-09-02T06:20:20.764096260,19.541138,-78.939
2020-09-02T06:20:20.766003608,19.539803,-78.944756
2020-09-02T06:20:20.767910957,19.544958,-78.93657
2020-09-02T06:20:20.769818305,19.534554,-78.92682
2020-09-02T06:20:20.772107601,19.534481,-78.9026
2020-09-02T06:20:20.873198509,19.534533,-78.90278
2020-09-02T06:20:20.875487327,19.534538,-78.90277
2020-09-02T06:20:20.938812255,19.534466,-78.90274
2020-09-02T06:20:21.493859291,19.46452,-78.82325
2020-09-02T06:20:21.497673988,19.45461,-78.82295
2020-09-02T06:20:21.499581336,19.454615,-78.82295
2020-09-02T06:20:21.521325588,19.46811,-78.82333
2020-09-02T06:20:21.523614406,19.454634,-78.82294
2020-09-02T06:20:21.545358657,19.471802,-78.82347
2020-09-02T06:20:21.555276870,19.454687,-78.82294
2020-09-02T06:20:21.569391250,19.454664,-78.822914
2020-09-02T06:20:21.571298599,19.45466,-78.8229
2020-09-02T06:20:21.577021121,19.45464,-78.82287
2020-09-02T06:20:21.607157707,19.463799,-78.817696
2020-09-02T06:20:21.609065055,19.454678,-78.82299
2020-09-02T06:20:21.696422576,19.46674,-78.82222
2020-09-02T06:20:21.698329925,19.454702,-78.822945
2020-09-02T06:20:21.700619220,19.454708,-78.822945
2020-09-02T06:20:21.706341266,19.465511,-78.82325
2020-09-02T06:20:21.710537433,19.454758,-78.82293
2020-09-02T06:20:21.716259479,19.47117,-78.823425
2020-09-02T06:20:21.742199897,19.468023,-78.82334
2020-09-02T06:20:21.760128974,19.454695,-78.822876
2020-09-02T06:20:21.789884090,19.454659,-78.82289
2020-09-02T06:20:21.791791915,19.454666,-78.82289
2020-09-02T06:20:21.811628341,19.454733,-78.82289
2020-09-02T06:20:21.829557895,19.470102,-78.82274
2020-09-02T06:20:21.831465244,19.4547,-78.822945
2020-09-02T06:20:21.833754062,19.454723,-78.822945
2020-09-02T06:20:21.837568759,19.45477,-78.82295
2020-09-02T06:20:21.839476108,19.454794,-78.82296
2020-09-02T06:20:21.841764926,19.4548,-78.82295
2020-09-02T06:20:21.843672275,19.454784,-78.82293
2020-09-02T06:20:21.845579624,19.454771,-78.822914
2020-09-02T06:20:21.847486972,19.467297,-78.81934
2020-09-02T06:20:21.849394321,19.463362,-78.82313
2020-09-02T06:20:21.853590965,19.463348,-78.82281
2020-09-02T06:20:21.855498313,19.454739,-78.822876
2020-09-02T06:20:21.877242088,19.454746,-78.822815
2020-09-02T06:20:21.879530906,19.462416,-78.8241
2020-09-02T06:20:21.883345603,19.454762,-78.82282
2020-09-02T06:20:21.885253429,19.454773,-78.822815
2020-09-02T06:20:21.887160778,19.460829,-78.823
2020-09-02T06:20:21.893264293,19.454779,-78.82283
2020-09-02T06:20:21.895171642,19.45935,-78.82533
2020-09-02T06:20:21.897078990,19.454744,-78.822845
2020-09-02T06:20:21.901275157,19.454798,-78.851234
2020-09-02T06:20:21.903182506,19.463993,-78.82545
2020-09-02T06:20:21.906997203,19.459963,-78.82751
2020-09-02T06:20:21.927215576,19.462412,-78.831
2020-09-02T06:20:21.929122924,19.454786,-78.82289
2020-09-02T06:20:21.964981555,19.45502,-78.90024
2020-09-02T06:20:21.966888904,19.46278,-78.83351
2020-09-02T06:20:21.974899768,19.455013,-78.900246
2020-09-02T06:20:21.988633155,19.454742,-78.82288
2020-09-02T06:20:21.990540504,19.462925,-78.837906
2020-09-02T06:20:22.024491786,19.462498,-78.81854
2020-09-02T06:20:22.026399135,19.454817,-78.83434
2020-09-02T06:20:22.285039424,18.20927,-83.26096
2020-09-02T06:20:22.344549655,18.209234,-83.260994
2020-09-02T06:20:22.378500938,18.20927,-83.26099
2020-09-02T06:20:22.420082092,18.22682,-83.262085
2020-09-02T06:20:22.421989440,18.209278,-83.26105
2020-09-02T06:20:22.423896789,18.209282,-83.26103
2020-09-02T06:20:22.501717567,18.225985,-83.24844
2020-09-02T06:20:22.563135147,18.221977,-83.24958
2020-09-02T06:20:22.582972049,18.225906,-83.262
2020-09-02T06:20:22.585260868,18.20909,-83.23601
2020-09-02T06:20:22.600901603,18.209253,-83.26105
2020-09-02T06:20:22.666515350,18.209354,-83.26096
2020-09-02T06:20:22.672618865,18.209345,-83.26098
2020-09-02T06:20:22.674526214,18.209352,-83.26097
2020-09-02T06:20:22.728314399,18.224451,-83.25107
2020-09-02T06:20:22.730221748,18.209324,-83.26097
2020-09-02T06:20:22.744336128,18.20937,-83.260994
2020-09-02T06:20:22.746243476,18.22431,-83.25155
2020-09-02T06:20:22.756162166,18.209352,-83.26097
2020-09-02T06:20:22.758069515,18.209352,-83.26099
2020-09-02T06:20:22.771802425,18.227806,-83.262054
2020-09-02T06:20:22.784009933,18.209337,-83.26102
2020-09-02T06:20:22.801939010,18.2093,-83.26097
2020-09-02T06:20:22.805753707,18.209232,-83.24583
2020-09-02T06:20:22.909133911,18.220345,-83.24048
2020-09-02T06:20:22.911041259,18.222153,-83.24922
2020-09-02T06:20:22.912948608,18.209406,-83.26107
2020-09-02T06:20:22.915237426,18.209396,-83.26107
2020-09-02T06:20:22.919052124,18.218145,-83.24832
2020-09-02T06:20:22.920959472,18.219336,-83.246346
2020-09-02T06:20:22.998780727,18.223167,-83.24415
2020-09-02T06:20:23.042268753,18.227661,-83.255226
2020-09-02T06:20:23.044176101,18.227861,-83.23792
2020-09-02T06:20:23.054475784,18.225124,-83.26194
2020-09-02T06:20:23.074312210,18.209364,-83.26099
2020-09-02T06:20:23.104067802,18.209352,-83.26095
2020-09-02T06:20:24.241246223,18.288767,-83.294464
2020-09-02T06:20:24.287023544,18.288555,-83.26547
2020-09-02T06:20:24.288930892,18.288776,-83.29174
2020-09-02T06:20:24.332800865,18.288706,-83.293045
2020-09-02T06:20:24.356451988,18.288725,-83.29414
2020-09-02T06:20:24.392311096,18.288576,-83.26535
2020-09-02T06:20:24.394218444,18.2888,-83.29421
2020-09-02T06:20:24.415962219,18.288738,-83.29152
2020-09-02T06:20:24.418251037,18.288502,-83.26535
2020-09-02T06:20:24.439995765,18.288824,-83.2934
2020-09-02T06:20:23.942933082,19.575342,-78.47299
2020-09-02T06:20:23.944840431,19.574596,-78.4644
2020-09-02T06:20:23.947129249,19.583445,-78.439186
2020-09-02T06:20:23.949036598,19.61392,-78.44
2020-09-02T06:20:23.952851295,19.6139,-78.439995
2020-09-02T06:20:23.964676856,19.614069,-78.51741
2020-09-02T06:20:23.982605934,19.614077,-78.51743
2020-09-02T06:20:24.002442359,19.579576,-78.474785
2020-09-02T06:20:24.004732131,19.583847,-78.46637
2020-09-02T06:20:24.012361526,19.614136,-78.51743
2020-09-02T06:20:24.014650344,19.575378,-78.4764
2020-09-02T06:20:24.016557693,19.614012,-78.48521
2020-09-02T06:20:24.020372390,19.589176,-78.43925
2020-09-02T06:20:24.022661209,19.575945,-78.44924
2020-09-02T06:20:24.024568557,19.577581,-78.43897
2020-09-02T06:20:24.036394119,19.614086,-78.50087
2020-09-02T06:20:24.042497634,19.614157,-78.51742
2020-09-02T06:20:24.062334060,19.575441,-78.44591
2020-09-02T06:20:24.231328010,19.574476,-78.466965
2020-09-02T06:20:24.233235359,19.564314,-78.47838
2020-09-02T06:20:24.251164436,19.534256,-78.51519
2020-09-02T06:20:24.253072738,19.589842,-78.450966
2020-09-02T06:20:24.257268905,19.587133,-78.43921
2020-09-02T06:20:24.259176254,19.583612,-78.43911
2020-09-02T06:20:24.261083602,19.578243,-78.45222
2020-09-02T06:20:24.262990951,19.574942,-78.454094
2020-09-02T06:20:24.264898300,19.61399,-78.43991
2020-09-02T06:20:24.300756454,19.57891,-78.43891
2020-09-02T06:20:24.318686485,19.573927,-78.43617
2020-09-02T06:20:24.320593833,19.584822,-78.45019
2020-09-02T06:20:24.374381065,19.581434,-78.43902
2020-09-02T06:20:24.376289367,19.580595,-78.439
2020-09-02T06:20:24.426261901,19.534212,-78.51511
2020-09-02T06:20:24.505609512,19.614048,-78.46808
2020-09-02T06:20:24.507516860,19.5705,-78.451355
2020-09-02T06:20:24.549478530,19.56681,-78.45508
2020-09-02T06:20:27.730222702,18.754475,-82.00515
2020-09-02T06:20:27.732130050,18.754251,-81.970764
2020-09-02T06:20:27.734037399,18.75426,-81.970764
2020-09-02T06:20:27.813765525,18.754484,-82.005646
2020-09-02T06:20:27.855346679,18.75443,-82.00171
2020-09-02T06:20:27.857635498,18.754396,-81.99801
2020-09-02T06:20:27.859542846,18.754354,-81.99294
2020-09-02T06:20:27.883193969,18.754171,-81.97079
2020-09-02T06:20:28.300909996,18.289454,-83.343475
2020-09-02T06:20:28.519495010,18.289341,-83.34344
2020-09-02T06:20:28.521403312,18.289352,-83.343445
2020-09-02T06:20:28.587017059,18.289303,-83.332886
2020-09-02T06:20:28.591213226,18.28937,-83.34348
2020-09-02T06:20:28.609142303,18.289375,-83.33311
2020-09-02T06:20:28.622875213,18.289331,-83.34347
2020-09-02T06:20:28.642711639,18.28936,-83.34346
2020-09-02T06:20:28.688488960,18.289371,-83.34349
2020-09-02T06:20:28.807890892,18.28932,-83.34349
2020-09-02T06:20:28.821623802,18.289328,-83.33033
2020-09-02T06:20:28.823531150,18.28942,-83.34349
2020-09-02T06:20:28.825819969,18.289406,-83.34352
2020-09-02T06:20:28.827727317,18.289392,-83.343544
2020-09-02T06:20:28.829634666,18.285175,-83.33436
2020-09-02T06:20:28.831542968,18.289375,-83.34356
2020-09-02T06:20:29.000535964,18.281425,-83.33948
2020-09-02T06:20:29.022662162,18.278824,-83.333
2020-09-02T06:20:29.056231498,18.276283,-83.33436
2020-09-02T06:20:29.088275909,18.268652,-83.34226
2020-09-02T06:20:29.135959625,18.268087,-83.34224
2020-09-02T06:20:29.143589973,18.28931,-83.34346
2020-09-02T06:20:29.499505996,19.45521,-78.74535
2020-09-02T06:20:29.503702163,19.481733,-78.74609
2020-09-02T06:20:29.513621330,19.45518,-78.74528
2020-09-02T06:20:29.519343376,19.455233,-78.74532
2020-09-02T06:20:29.531550407,19.455187,-78.74536
2020-09-02T06:20:29.638745307,19.476976,-78.71105
2020-09-02T06:20:29.640652656,19.47433,-78.724304
2020-09-02T06:20:29.682614326,19.455223,-78.74525
2020-09-02T06:20:29.690625190,19.455204,-78.745224
2020-09-02T06:20:29.694439888,19.455198,-78.74525
2020-09-02T06:20:29.696347236,19.455194,-78.74526
2020-09-02T06:20:29.708555221,19.476143,-78.74592
2020-09-02T06:20:29.710462570,19.4731,-78.742325
2020-09-02T06:20:29.712369918,19.470592,-78.74624
2020-09-02T06:20:29.724195480,19.473055,-78.74822
2020-09-02T06:20:29.726102828,19.466808,-78.75185
2020-09-02T06:20:29.730298995,19.468533,-78.757
2020-09-02T06:20:29.732206344,19.455257,-78.76859
2020-09-02T06:20:29.734113693,19.455181,-78.74528
2020-09-02T06:20:29.736402511,19.455164,-78.745285
2020-09-02T06:20:29.758146286,19.46683,-78.763725
2020-09-02T06:20:29.760054588,19.468876,-78.76067
2020-09-02T06:20:29.845504760,19.479097,-78.72899
2020-09-02T06:20:29.847412109,19.475548,-78.718704
2020-09-02T06:20:29.851608276,19.455126,-78.74526
2020-09-02T06:20:29.873352050,19.475903,-78.727715
2020-09-02T06:20:35.012592315,18.210175,-83.26088
2020-09-02T06:20:35.098041534,18.210274,-83.260956
2020-09-02T06:20:35.099948883,18.21045,-83.28062
2020-09-02T06:20:35.101856231,18.210289,-83.26096
2020-09-02T06:20:35.104145050,18.210436,-83.28128
2020-09-02T06:20:35.106052398,18.210455,-83.28562
2020-09-02T06:20:35.107959747,18.213104,-83.28631
2020-09-02T06:20:35.109867095,18.213873,-83.28724
2020-09-02T06:20:35.111776351,18.210228,-83.261024
2020-09-02T06:20:35.173574447,18.210361,-83.28019
2020-09-02T06:20:35.179677963,18.210295,-83.26098
2020-09-02T06:20:35.181585311,18.210304,-83.26099
2020-09-02T06:20:35.183492660,18.210466,-83.28239
2020-09-02T06:20:35.185400009,18.210285,-83.260994
2020-09-02T06:20:35.251014709,18.210323,-83.260994
2020-09-02T06:20:35.252922058,18.215776,-83.27994
2020-09-02T06:20:35.332649230,18.210516,-83.289055
2020-09-02T06:20:35.334556579,18.216759,-83.27593
2020-09-02T06:20:35.338752746,18.214619,-83.2808
2020-09-02T06:20:35.342567443,18.210304,-83.26108
2020-09-02T06:20:35.348670959,18.210516,-83.28867
2020-09-02T06:20:35.416193008,18.210564,-83.28834
2020-09-02T06:20:40.956741809,18.272997,-82.896416
2020-09-02T06:20:40.959030628,18.279346,-82.89305
2020-09-02T06:20:40.960937976,18.278406,-82.892845
2020-09-02T06:20:40.962845325,18.286594,-82.8771
2020-09-02T06:20:40.978867053,18.286634,-82.87714
2020-09-02T06:20:40.986877918,18.286633,-82.877144
2020-09-02T06:20:40.988785743,18.294754,-82.88598
2020-09-02T06:20:40.990693092,18.29589,-82.87767
2020-09-02T06:20:40.992600440,18.286642,-82.87716
2020-09-02T06:20:40.994507789,18.290312,-82.88638
2020-09-02T06:20:40.996796607,18.286644,-82.877174
2020-09-02T06:20:40.998703956,18.286646,-82.87718
2020-09-02T06:20:41.002518653,18.286638,-82.87719
2020-09-02T06:20:41.026551723,18.279318,-82.89475
2020-09-02T06:20:41.028459072,18.286543,-82.87715
2020-09-02T06:20:41.068132400,18.286612,-82.87716
2020-09-02T06:20:41.070039749,18.28685,-82.909615
2020-09-02T06:20:41.080339908,18.286526,-82.87723
2020-09-02T06:20:41.095980167,18.286642,-82.87716
2020-09-02T06:20:41.097887516,18.281498,-82.8887
2020-09-02T06:20:41.100176334,18.28665,-82.87717
2020-09-02T06:20:41.135653495,18.286612,-82.87718
2020-09-02T06:20:41.137942314,18.284803,-82.88166
2020-09-02T06:20:41.139849662,18.281593,-82.88371
2020-09-02T06:20:41.141757011,18.286585,-82.87713
2020-09-02T06:20:41.183719635,18.281643,-82.87092
2020-09-02T06:20:41.185626983,18.277567,-82.87864
2020-09-02T06:20:41.187534332,18.28657,-82.877174
2020-09-02T06:20:41.203556060,18.286627,-82.87715
2020-09-02T06:20:41.517510890,18.289766,-83.30405
2020-09-02T06:20:41.523614406,18.289793,-83.306984
2020-09-02T06:20:41.539254665,18.289728,-83.29734
2020-09-02T06:20:41.541543483,18.28976,-83.30193
2020-09-02T06:20:41.597239017,18.289742,-83.30192
2020-09-02T06:20:41.601053714,18.28976,-83.30096
2020-09-02T06:20:41.628901481,18.289677,-83.298836
2020-09-02T06:20:41.664760112,18.289772,-83.30399
2020-09-02T06:20:44.346533775,18.289862,-83.31354
2020-09-02T06:20:44.668498992,18.29,-83.32339
2020-09-02T06:20:44.674602508,18.278847,-83.321976
2020-09-02T06:20:44.684520721,18.289978,-83.32502
2020-09-02T06:20:44.702450752,18.289932,-83.32475
2020-09-02T06:20:44.706265449,18.289936,-83.325
2020-09-02T06:20:44.712368965,18.283333,-83.32825
2020-09-02T06:20:44.714276313,18.279974,-83.32527
2020-09-02T06:20:44.730298042,18.28195,-83.32627
2020-09-02T06:20:44.769971847,18.290028,-83.32615
2020-09-02T06:20:44.847411155,18.28993,-83.32388
2020-09-02T06:20:44.976731300,18.289883,-83.31909
2020-09-02T06:20:46.477837562,18.677233,-82.19994
2020-09-02T06:20:46.483560562,18.68965,-82.1898
2020-09-02T06:20:46.489664077,18.689306,-82.18999
2020-09-02T06:20:46.491571426,18.677216,-82.19992
2020-09-02T06:20:46.529336929,18.690327,-82.18776
2020-09-02T06:20:46.571299552,18.682707,-82.19481
2020-09-02T06:20:46.573206901,18.69195,-82.18727
2020-09-02T06:20:46.581217765,18.67912,-82.19538
2020-09-02T06:20:46.583125114,18.677282,-82.19995
2020-09-02T06:20:46.585032463,18.677275,-82.19996
2020-09-02T06:20:46.594950675,18.677235,-82.19992
2020-09-02T06:20:46.597239494,18.677225,-82.199905
2020-09-02T06:20:46.599146842,18.684942,-82.190636
2020-09-02T06:20:46.601054191,18.68223,-82.19664
2020-09-02T06:20:46.602962493,18.677223,-82.19989
2020-09-02T06:20:46.617076873,18.677204,-82.19989
2020-09-02T06:20:46.618984222,18.689325,-82.19212
2020-09-02T06:20:46.620891571,18.683168,-82.199265
2020-09-02T06:20:46.622798919,18.677156,-82.199875
2020-09-02T06:20:46.625087738,18.67715,-82.1999
2020-09-02T06:20:46.626995086,18.677143,-82.19991
2020-09-02T06:20:46.678494453,18.689648,-82.19136
2020-09-02T06:20:46.680401802,18.692406,-82.200645
2020-09-02T06:20:46.698330879,18.682909,-82.19767
2020-09-02T06:20:46.700619697,18.677197,-82.19991
2020-09-02T06:20:48.120090484,19.456238,-78.82311
2020-09-02T06:20:48.127719879,19.45624,-78.82317
2020-09-02T06:20:48.131916046,19.456247,-78.82318
2020-09-02T06:20:48.138019561,19.456282,-78.82995
2020-09-02T06:20:48.139926910,19.462772,-78.82926
2020-09-02T06:20:48.141834259,19.456272,-78.82309
2020-09-02T06:20:48.143741607,19.456276,-78.82308
2020-09-02T06:20:48.145648956,19.45628,-78.82308
2020-09-02T06:20:48.147937774,19.456284,-78.823074
2020-09-02T06:20:48.149845123,19.456285,-78.82307
2020-09-02T06:20:48.151753425,19.464647,-78.82791
2020-09-02T06:20:48.153660774,19.466127,-78.82811
2020-09-02T06:20:48.155568122,19.47155,-78.831764
2020-09-02T06:20:48.161671638,19.46839,-78.830246
2020-09-02T06:20:48.175786018,19.456238,-78.823105
2020-09-02T06:20:48.193333625,19.478344,-78.82376
2020-09-02T06:20:48.195622444,19.45614,-78.823105
2020-09-02T06:20:48.344779968,19.456213,-78.82305
2020-09-02T06:20:48.346687316,19.472975,-78.8271
2020-09-02T06:20:48.370338439,19.456274,-78.823105
2020-09-02T06:20:48.386360168,19.456188,-78.82305
2020-09-02T06:20:48.388267517,19.456192,-78.82305
2020-09-02T06:20:48.404290199,19.456238,-78.82301
2020-09-02T06:20:48.406197547,19.471937,-78.823494
2020-09-02T06:20:48.412301063,19.45612,-78.82307
2020-09-02T06:20:48.414208412,19.456137,-78.82308
2020-09-02T06:20:48.461893081,19.47451,-78.82454
2020-09-02T06:20:48.463800430,19.456202,-78.8231
2020-09-02T06:20:48.483636856,19.473255,-78.81786
2020-09-02T06:20:48.489740371,19.46924,-78.82345
2020-09-02T06:20:48.491647720,19.45616,-78.82305
2020-09-02T06:20:51.378273010,18.47236,-82.59745
2020-09-02T06:20:51.380561828,18.473621,-82.59967
2020-09-02T06:20:51.386283874,18.481527,-82.578026
2020-09-02T06:20:51.404214859,18.47522,-82.57769
2020-09-02T06:20:51.406122207,18.521568,-82.58022
2020-09-02T06:20:51.410318374,18.473923,-82.5776
2020-09-02T06:20:51.422143936,18.46814,-82.58197
2020-09-02T06:20:51.433969497,18.479597,-82.577965
2020-09-02T06:20:51.438165664,18.44248,-82.5759
2020-09-02T06:20:51.458002090,18.521406,-82.551
2020-09-02T06:20:51.459909439,18.48463,-82.57814
2020-09-02T06:20:51.463724136,18.521397,-82.54988
2020-09-02T06:20:51.466012954,18.521627,-82.58022
2020-09-02T06:20:51.636913299,18.442677,-82.61137
2020-09-02T06:20:51.662855148,18.471407,-82.58677
2020-09-02T06:20:51.664762496,18.475767,-82.59911
2020-09-02T06:20:51.678495407,18.471134,-82.58215
2020-09-02T06:20:51.680402755,18.488956,-82.57836
2020-09-02T06:20:51.684598922,18.521631,-82.58014
2020-09-02T06:20:51.686506271,18.52162,-82.580124
2020-09-02T06:20:51.688413619,18.484234,-82.59218
2020-09-02T06:20:51.690320968,18.521595,-82.58011
2020-09-02T06:20:51.692609786,18.521597,-82.58011
2020-09-02T06:20:51.702527999,18.51371,-82.59615
2020-09-02T06:20:51.712446212,18.521626,-82.5801
2020-09-02T06:20:51.714353561,18.521742,-82.59687
2020-09-02T06:20:51.778060913,18.471325,-82.59199
2020-09-02T06:20:51.786071777,18.521622,-82.58012
2020-09-02T06:20:51.787979125,18.510246,-82.60265
2020-09-02T06:20:51.794082641,18.51085,-82.605644
2020-09-02T06:20:52.235067367,18.289696,-83.28561
2020-09-02T06:20:52.262914657,18.289589,-83.26629
2020-09-02T06:20:52.272834777,18.28964,-83.26629
2020-09-02T06:20:52.275123596,18.289623,-83.2663
2020-09-02T06:20:52.515453338,18.289574,-83.26635
2020-09-02T06:20:52.632946014,18.289768,-83.29213
2020-09-02T06:20:52.634853363,18.289724,-83.287735
2020-09-02T06:20:52.638669967,18.28966,-83.28135
2020-09-02T06:20:57.286949157,18.209644,-83.261345
2020-09-02T06:20:57.288856506,18.209654,-83.261345
2020-09-02T06:20:57.412073135,18.20973,-83.26139
2020-09-02T06:20:57.455942153,18.209698,-83.26136
2020-09-02T06:20:57.509731292,18.225388,-83.28286
2020-09-02T06:20:57.553218841,18.223211,-83.27741
2020-09-02T06:20:57.561229705,18.209663,-83.26142
2020-09-02T06:20:57.563137054,18.232033,-83.262726
2020-09-02T06:20:57.565425872,18.20968,-83.2614
2020-09-02T06:20:57.610822677,18.22524,-83.27551
2020-09-02T06:20:57.628751754,18.209812,-83.28168
2020-09-02T06:20:57.646680831,18.209623,-83.26128
2020-09-02T06:20:57.648588180,18.209642,-83.26128
2020-09-02T06:20:57.672620773,18.225307,-83.276505
2020-09-02T06:20:57.680631637,18.209625,-83.26138
2020-09-02T06:20:57.706571578,18.224516,-83.27505
2020-09-02T06:20:57.722213745,18.209673,-83.261246
2020-09-02T06:20:57.738235473,18.209654,-83.26129
2020-09-02T06:20:57.754257202,18.226034,-83.27616
2020-09-02T06:20:57.772186279,18.209677,-83.26126
2020-09-02T06:20:57.795837402,18.209625,-83.26125
2020-09-02T06:20:59.191656112,18.288797,-83.26591
2020-09-02T06:20:59.346536636,18.289001,-83.266014
2020-09-02T06:21:01.068132400,18.470476,-82.707115
2020-09-02T06:21:01.153583049,18.442873,-82.69279
2020-09-02T06:21:01.163501262,18.47142,-82.69301
2020-09-02T06:21:01.646831035,18.289726,-83.3434
2020-09-02T06:21:01.815824508,18.289839,-83.343346
2020-09-02T06:21:01.817731857,18.289837,-83.34335
2020-09-02T06:21:01.821546554,18.289831,-83.34336
2020-09-02T06:21:01.865416526,18.28979,-83.34331
2020-09-02T06:21:01.883345603,18.289795,-83.34332
2020-09-02T06:21:01.885253429,18.289804,-83.34331
2020-09-02T06:21:01.899367809,18.289814,-83.34324
2020-09-02T06:21:01.913100719,18.289837,-83.34329
2020-09-02T06:21:01.929122924,18.28978,-83.343254
2020-09-02T06:21:01.992829322,18.28984,-83.34323
2020-09-02T06:21:02.008470058,18.28977,-83.34328
2020-09-02T06:21:02.012666225,18.289759,-83.34328
2020-09-02T06:21:02.016480922,18.289778,-83.34327
2020-09-02T06:21:02.018388271,18.296152,-83.33484
2020-09-02T06:21:02.028306484,18.289791,-83.343285
2020-09-02T06:21:02.040513992,18.28977,-83.343216
2020-09-02T06:21:02.062257766,18.289871,-83.34332
2020-09-02T06:21:02.072176456,18.290045,-83.340416
2020-09-02T06:21:02.074083805,18.288761,-83.33788
2020-09-02T06:21:02.076372623,18.289835,-83.343346
2020-09-02T06:21:02.082094669,18.289097,-83.33737
2020-09-02T06:21:02.090105533,18.289885,-83.34327
2020-09-02T06:21:02.096209049,18.28838,-83.34122
2020-09-02T06:21:02.100023746,18.289883,-83.34334
2020-09-02T06:21:02.101931571,18.289873,-83.34333
2020-09-02T06:21:02.104220390,18.275867,-83.34249
2020-09-02T06:21:02.106127738,18.279598,-83.34299
2020-09-02T06:21:02.108035087,18.282982,-83.34626
2020-09-02T06:21:02.109942436,18.269941,-83.349686
2020-09-02T06:21:02.111849784,18.265335,-83.348885
2020-09-02T06:21:02.252995491,18.280416,-83.342674
2020-09-02T06:21:02.255284309,18.270363,-83.34856
2020-09-02T06:21:02.257192134,18.28986,-83.343254
2020-09-02T06:21:02.262914180,18.289858,-83.34327
2020-09-02T06:21:02.312887191,18.270733,-83.3429
2020-09-02T06:21:02.318609714,18.28422,-83.344505
2020-09-02T06:21:02.344549655,18.27519,-83.342606
2020-09-02T06:21:02.402152538,18.269236,-83.34913
2020-09-02T06:21:02.434196472,18.289848,-83.34322
2020-09-02T06:21:08.004503250,18.28823,-83.265854
2020-09-02T06:21:08.060198783,18.260473,-83.264206
2020-09-02T06:21:08.113986968,18.259321,-83.26416
2020-09-02T06:21:08.138019561,18.25522,-83.2639
2020-09-02T06:21:08.149845123,18.2883,-83.265816
2020-09-02T06:21:08.225378036,18.28822,-83.26588
2020-09-02T06:21:08.227285385,18.25678,-83.264046
2020-09-02T06:21:08.239110946,18.259785,-83.264244
2020-09-02T06:21:08.316931724,18.261845,-83.26433
2020-09-02T06:21:08.318839073,18.288246,-83.265884
2020-09-02T06:21:08.402382850,18.2633,-83.264404
2020-09-02T06:21:08.406197547,18.288244,-83.26584
2020-09-02T06:21:08.499658584,18.262115,-83.26437
2020-09-02T06:21:08.515680313,18.288267,-83.26586
2020-09-02T06:21:07.861450195,19.477882,-78.74618
2020-09-02T06:21:07.867553710,19.473125,-78.75158
2020-09-02T06:21:07.869461059,19.475166,-78.75307
2020-09-02T06:21:07.875564575,19.454735,-78.74554
2020-09-02T06:21:07.887390136,19.454712,-78.7455
2020-09-02T06:21:07.901123046,19.45472,-78.74548
2020-09-02T06:21:07.917145729,19.475426,-78.7542
2020-09-02T06:21:07.953003883,19.475435,-78.762596
2020-09-02T06:21:07.962922096,19.454704,-78.74552
2020-09-02T06:21:08.000688552,19.468775,-78.75336
2020-09-02T06:21:08.002595901,19.467188,-78.75624
2020-09-02T06:21:08.008699417,19.45472,-78.74548
2020-09-02T06:21:08.010606765,19.464844,-78.754326
2020-09-02T06:21:08.012514114,19.462868,-78.75467
2020-09-02T06:21:08.014421463,19.454754,-78.74548
2020-09-02T06:21:08.034640312,19.454739,-78.74554
2020-09-02T06:21:08.036547660,19.467785,-78.7558
2020-09-02T06:21:08.038455009,19.454695,-78.74556
2020-09-02T06:21:08.040362358,19.45972,-78.75778
2020-09-02T06:21:08.042269706,19.464186,-78.75622
2020-09-02T06:21:08.044558525,19.454708,-78.745575
2020-09-02T06:21:08.086138725,19.454748,-78.7456
2020-09-02T06:21:08.088046073,19.45475,-78.745605
2020-09-02T06:21:08.097965240,19.454683,-78.74559
2020-09-02T06:21:08.115894317,19.458422,-78.768654
2020-09-02T06:21:08.117801666,19.464714,-78.76236
2020-09-02T06:21:08.213552474,19.454893,-78.822914
2020-09-02T06:21:08.310828208,19.454826,-78.78296
2020-09-02T06:21:08.314642906,19.454802,-78.77879
2020-09-02T06:21:08.322653770,19.45478,-78.77922
2020-09-02T06:21:08.326849937,19.47207,-78.765625
2020-09-02T06:21:08.328757286,19.470596,-78.75118
2020-09-02T06:21:08.330664634,19.470968,-78.74351
2020-09-02T06:21:08.332571983,19.469072,-78.740585
2020-09-02T06:21:08.334860801,19.473383,-78.74217
2020-09-02T06:21:08.336769104,19.466911,-78.740295
2020-09-02T06:21:08.342491149,19.473526,-78.72588
2020-09-02T06:21:08.344779968,19.470133,-78.76528
2020-09-02T06:21:08.354698181,19.477188,-78.730095
2020-09-02T06:21:08.356605529,19.454742,-78.74556
2020-09-02T06:21:08.362709045,19.454708,-78.74552
2020-09-02T06:21:08.370338439,19.45466,-78.74552
2020-09-02T06:21:08.372627258,19.46532,-78.756355
2020-09-02T06:21:08.374534606,19.454685,-78.74554
2020-09-02T06:21:08.402382850,19.454668,-78.74555
2020-09-02T06:21:08.404290199,19.468319,-78.7243
2020-09-02T06:21:08.406197547,19.468184,-78.727875
2020-09-02T06:21:08.408104896,19.457905,-78.706635
2020-09-02T06:21:08.410393714,19.464802,-78.745895
2020-09-02T06:21:08.418023109,19.454582,-78.66812
2020-09-02T06:21:08.420311927,19.454683,-78.70608
2020-09-02T06:21:08.426033973,19.45466,-78.69528
2020-09-02T06:21:08.511484146,19.454676,-78.7165
2020-09-02T06:21:08.513772964,19.454735,-78.745544
2020-09-02T06:21:08.563364982,19.46563,-78.71718
2020-09-02T06:21:08.565272331,19.462362,-78.720474
2020-09-02T06:21:08.596935272,19.454676,-78.74555
2020-09-02T06:21:08.636989593,19.46771,-78.70987
2020-09-02T06:21:13.251317977,18.284956,-83.28992
2020-09-02T06:21:13.271156311,18.289022,-83.29179
2020-09-02T06:21:13.290992736,18.288973,-83.29192
2020-09-02T06:21:13.292900085,18.28878,-83.26577
2020-09-02T06:21:13.378349304,18.28906,-83.29477
2020-09-02T06:21:13.412302017,18.288809,-83.26577
2020-09-02T06:21:13.427942276,18.289068,-83.294815
2020-09-02T06:21:13.533611297,18.28903,-83.29394
2020-09-02T06:21:13.549251556,18.28917,-83.29781
2020-09-02T06:21:13.563365936,18.289103,-83.29218
2020-09-02T06:21:13.573284149,18.289026,-83.29174
2020-09-02T06:21:13.603038787,18.283445,-83.29742
2020-09-02T06:21:13.606853485,18.288828,-83.26583
2020-09-02T06:21:13.619060516,18.288834,-83.26584
2020-09-02T06:21:13.620967864,18.2891,-83.3
2020-09-02T06:21:13.648817062,18.289112,-83.29452
2020-09-02T06:21:13.664838790,18.288813,-83.26569
2020-09-02T06:21:13.684675216,18.289038,-83.295845
2020-09-02T06:21:13.736173629,18.28884,-83.26586
2020-09-02T06:21:13.738080978,18.288832,-83.265854
2020-09-02T06:21:13.773941040,18.289064,-83.29835
2020-09-02T06:21:13.801788330,18.289036,-83.29147
2020-09-02T06:21:13.803695678,18.276548,-83.30947
2020-09-02T06:21:13.815902709,18.289003,-83.29189
2020-09-02T06:21:13.817810058,18.28906,-83.29761
2020-09-02T06:21:13.843750000,18.282621,-83.29926
2020-09-02T06:21:13.867401123,18.2891,-83.29411
2020-09-02T06:21:13.903261184,18.28917,-83.303894
2020-09-02T06:21:13.941026687,18.289217,-83.29817
2020-09-02T06:21:13.962770462,18.28917,-83.30535
2020-09-02T06:21:14.000537872,18.289087,-83.306915
2020-09-02T06:21:17.825592041,18.290052,-83.34322
2020-09-02T06:21:17.877473831,18.295477,-83.33825
2020-09-02T06:21:17.907228469,18.290152,-83.34321
2020-09-02T06:21:17.935075759,18.290161,-83.34317
2020-09-02T06:21:17.980854034,18.29013,-83.3431
2020-09-02T06:21:17.986576080,18.29016,-83.34315
2020-09-02T06:21:18.004505157,18.290203,-83.343124
2020-09-02T06:21:18.006793975,18.290186,-83.34313
2020-09-02T06:21:18.018619537,18.29014,-83.34318
2020-09-02T06:21:18.139928817,18.290184,-83.343155
2020-09-02T06:21:18.199438095,18.290154,-83.34325
2020-09-02T06:21:18.237205505,18.290157,-83.34321
2020-09-02T06:21:18.269248962,18.290186,-83.34321
2020-09-02T06:21:18.289085388,18.290092,-83.34317
2020-09-02T06:21:18.307014465,18.290113,-83.343185
2020-09-02T06:21:18.318840026,18.290129,-83.343216
2020-09-02T06:21:18.348596572,18.29013,-83.343216
2020-09-02T06:21:18.380258560,18.29009,-83.34308
2020-09-02T06:21:18.402383804,18.290184,-83.343094
2020-09-02T06:21:18.404291152,18.290167,-83.3431
2020-09-02T06:21:18.424127578,18.290098,-83.34317
2020-09-02T06:21:18.455791473,18.290146,-83.34314
2020-09-02T06:21:18.473720550,19.45616,-78.82236
2020-09-02T06:21:18.477916717,19.456154,-78.82236
2020-09-02T06:21:18.479824066,19.45615,-78.82236
2020-09-02T06:21:18.491649627,19.46271,-78.82692
2020-09-02T06:21:18.493556976,19.46644,-78.82749
2020-09-02T06:21:18.495845794,19.456161,-78.82241
2020-09-02T06:21:18.499660491,19.456198,-78.82243
2020-09-02T06:21:18.503856658,19.456184,-78.82241
2020-09-02T06:21:18.513774871,19.467031,-78.8277
2020-09-02T06:21:18.517589569,19.456135,-78.82232
2020-09-02T06:21:18.525600433,19.469202,-78.822395
2020-09-02T06:21:18.531703948,19.45613,-78.822365
2020-09-02T06:21:18.545436859,19.456171,-78.82237
2020-09-02T06:21:18.569469451,19.456135,-78.82236
2020-09-02T06:21:18.575191497,19.468615,-78.82236
2020-09-02T06:21:18.587018966,19.456123,-78.82245
2020-09-02T06:21:18.591215133,19.456133,-78.82246
2020-09-02T06:21:18.603040695,19.456158,-78.82243
2020-09-02T06:21:18.604948043,19.476883,-78.81379
2020-09-02T06:21:18.612958908,19.456133,-78.82237
2020-09-02T06:21:18.619062423,19.469973,-78.8011
2020-09-02T06:21:18.620969772,19.478199,-78.80658
2020-09-02T06:21:18.622877120,19.456148,-78.82242
2020-09-02T06:21:18.632795333,19.479454,-78.796104
2020-09-02T06:21:18.635084152,19.470768,-78.80151
2020-09-02T06:21:18.636991500,19.480957,-78.794655
2020-09-02T06:21:18.648817062,19.477978,-78.80299
2020-09-02T06:21:18.778137207,19.477865,-78.80544
2020-09-02T06:21:18.817810058,19.45621,-78.82229
2020-09-02T06:21:19.002826690,19.456121,-78.82239
2020-09-02T06:21:19.006641387,19.456102,-78.8224
2020-09-02T06:21:19.008548736,19.481115,-78.80209
2020-09-02T06:21:22.380408763,18.472197,-82.694534
2020-09-02T06:21:22.392234325,18.442577,-82.73028
2020-09-02T06:21:22.406348705,18.442293,-82.69271
2020-09-02T06:21:23.700314521,18.656988,-82.22493
2020-09-02T06:21:23.714428901,18.676464,-82.19954
2020-09-02T06:21:23.716336250,18.658182,-82.22582
2020-09-02T06:21:23.720532417,18.676565,-82.2224
2020-09-02T06:21:23.750287055,18.67656,-82.222786
2020-09-02T06:21:23.772031784,18.67645,-82.19957
2020-09-02T06:21:23.783857345,18.67657,-82.2237
2020-09-02T06:21:23.825819969,18.649742,-82.23574
2020-09-02T06:21:23.841460227,18.676569,-82.227585
2020-09-02T06:21:23.843749046,18.6766,-82.23104
2020-09-02T06:21:23.845656394,18.676569,-82.22532
2020-09-02T06:21:23.899444580,18.664482,-82.23507
2020-09-02T06:21:23.901351928,18.649668,-82.239136
2020-09-02T06:21:23.976883888,18.676414,-82.19958
2020-09-02T06:21:23.978791236,18.676632,-82.229744
2020-09-02T06:21:23.982605934,18.676435,-82.1996
2020-09-02T06:21:23.988709449,18.676435,-82.199615
2020-09-02T06:21:23.992905616,18.658587,-82.22148
2020-09-02T06:21:24.457924842,18.267136,-83.32721
2020-09-02T06:21:24.459832191,18.255983,-83.32862
2020-09-02T06:21:24.461739540,18.26103,-83.3237
2020-09-02T06:21:24.511713027,18.2578,-83.32343
2020-09-02T06:21:24.513620376,18.265097,-83.32643
2020-09-02T06:21:24.523538589,18.241465,-83.340485
2020-09-02T06:21:24.525445938,18.265547,-83.324066
2020-09-02T06:21:24.527353286,18.257902,-83.34148
2020-09-02T06:21:24.535364151,18.260838,-83.341644
2020-09-02T06:21:24.551385879,18.25195,-83.34114
2020-09-02T06:21:24.553293228,18.27128,-83.31875
2020-09-02T06:21:24.569315910,18.255245,-83.32237
2020-09-02T06:21:24.575419425,18.259808,-83.3295
2020-09-02T06:21:24.577326774,18.261742,-83.32639
2020-09-02T06:21:24.583048820,18.256,-83.34141
2020-09-02T06:21:24.644847869,18.289293,-83.31805
2020-09-02T06:21:24.740216255,18.268164,-83.32242
2020-09-02T06:21:24.742123603,18.272161,-83.31624
2020-09-02T06:21:24.744030952,18.289482,-83.343445
2020-09-02T06:21:24.761960983,18.2892,-83.31915
2020-09-02T06:21:24.764249801,18.289408,-83.34343
2020-09-02T06:21:24.782178878,18.289267,-83.313194
2020-09-02T06:21:24.807737350,18.289171,-83.307945
2020-09-02T06:21:24.815749168,18.289476,-83.34344
2020-09-02T06:21:24.869536399,18.289566,-83.34336
2020-09-02T06:21:24.889373779,18.27355,-83.32212
2020-09-02T06:21:24.907302856,18.289608,-83.34338
2020-09-02T06:21:24.929046630,18.289669,-83.34332
2020-09-02T06:21:28.450066566,18.251764,-83.23191
2020-09-02T06:21:28.515680313,18.256687,-83.23496
2020-09-02T06:21:28.517587661,18.288782,-83.26546
2020-09-02T06:21:28.519495010,18.28855,-83.23447
2020-09-02T06:21:28.593120574,18.254065,-83.234955
2020-09-02T06:21:28.628978729,18.25393,-83.232544
2020-09-02T06:21:28.642711639,18.253695,-83.23104
2020-09-02T06:21:28.645000457,18.267916,-83.23922
2020-09-02T06:21:28.694592475,18.25458,-83.23567
2020-09-02T06:21:28.696499824,18.288542,-83.22814
2020-09-02T06:21:28.740369796,18.25017,-83.22945
2020-09-02T06:21:28.742277145,18.255285,-83.22788
2020-09-02T06:21:28.744184494,18.256516,-83.22979
2020-09-02T06:21:28.752195358,18.288849,-83.265434
2020-09-02T06:21:28.833831787,18.209217,-83.183044
2020-09-02T06:21:28.835739135,18.24141,-83.21805
2020-09-02T06:21:28.837646484,18.24469,-83.21704
2020-09-02T06:21:28.839553833,18.247929,-83.22149
2020-09-02T06:21:28.867401123,18.209867,-83.26089
2020-09-02T06:21:28.903260231,18.24177,-83.21585
2020-09-02T06:21:28.905167579,18.255707,-83.22359
2020-09-02T06:21:28.919281959,18.209839,-83.26084
2020-09-02T06:21:28.923096656,18.20984,-83.26084
2020-09-02T06:21:28.947129249,18.243376,-83.21534
2020-09-02T06:21:28.949036598,18.241096,-83.21241
2020-09-02T06:21:28.950943946,18.252163,-83.21882
2020-09-02T06:21:29.004732131,18.228891,-83.184326
2020-09-02T06:21:29.006639480,18.244253,-83.215065
2020-09-02T06:21:29.008546829,18.241,-83.185
2020-09-02T06:21:29.034487724,18.243599,-83.20893
2020-09-02T06:21:29.078357696,18.238382,-83.21202
2020-09-02T06:21:29.139774322,18.20974,-83.26088
2020-09-02T06:21:29.149693489,18.209963,-83.28283
2020-09-02T06:21:29.167622566,18.209764,-83.26084
2020-09-02T06:21:29.187458992,18.234875,-83.20817
2020-09-02T06:21:29.227514266,18.288162,-83.18772
2020-09-02T06:21:29.254980087,18.209902,-83.281075
2020-09-02T06:21:29.267188072,18.209778,-83.26096
2020-09-02T06:21:30.766005516,19.61412,-78.47944
2020-09-02T06:21:30.768294334,19.605015,-78.48377
2020-09-02T06:21:30.770201683,19.614105,-78.48159
2020-09-02T06:21:30.772109031,19.604628,-78.48775
2020-09-02T06:21:30.774016380,19.59993,-78.473946
2020-09-02T06:21:30.775923728,19.598139,-78.46839
2020-09-02T06:21:30.778212547,19.586327,-78.46133
2020-09-02T06:21:30.780119895,19.57626,-78.45879
2020-09-02T06:21:30.788130760,19.559666,-78.438736
2020-09-02T06:21:30.791945457,19.61416,-78.50325
2020-09-02T06:21:30.801863670,19.559824,-78.43892
2020-09-02T06:21:30.803771018,19.56859,-78.45884
2020-09-02T06:21:30.806059837,19.569069,-78.46127
2020-09-02T06:21:30.807967185,19.583496,-78.43946
2020-09-02T06:21:30.809874534,19.59412,-78.46453
2020-09-02T06:21:30.811782836,19.551453,-78.455536
2020-09-02T06:21:30.817886352,19.599028,-78.43985
2020-09-02T06:21:30.819793701,19.546873,-78.454414
2020-09-02T06:21:30.821701049,19.550362,-78.45667
2020-09-02T06:21:30.835815429,19.602543,-78.44549
2020-09-02T06:21:30.837722778,19.570301,-78.46095
2020-09-02T06:21:30.843826293,19.614098,-78.44024
2020-09-02T06:21:30.847640991,19.614235,-78.51764
2020-09-02T06:21:30.849548339,19.534185,-78.43806
2020-09-02T06:21:30.851455688,19.552559,-78.462585
2020-09-02T06:21:30.853744506,19.558617,-78.47095
2020-09-02T06:21:30.883500099,19.556213,-78.46123
2020-09-02T06:21:30.885407447,19.564627,-78.46483
2020-09-02T06:21:30.889222145,19.614155,-78.51759
2020-09-02T06:21:30.891510963,19.614153,-78.51759
2020-09-02T06:21:30.893418312,19.614128,-78.50369
2020-09-02T06:21:30.895325660,19.614164,-78.51763
2020-09-02T06:21:30.903336524,19.563232,-78.467026
2020-09-02T06:21:30.905243873,19.551918,-78.46072
2020-09-02T06:21:30.907151222,19.553734,-78.45832
2020-09-02T06:21:30.911347389,19.614143,-78.50307
2020-09-02T06:21:30.970857620,19.613993,-78.44019
2020-09-02T06:21:30.972764968,19.606838,-78.44262
2020-09-02T06:21:30.975053787,19.596876,-78.46133
2020-09-02T06:21:31.010530471,19.604969,-78.43999
2020-09-02T06:21:31.012819290,19.602789,-78.45016
2020-09-02T06:21:31.020448684,19.613935,-78.4403
2020-09-02T06:21:31.022737503,19.61394,-78.440285
2020-09-02T06:21:31.024644851,19.592958,-78.46394
2020-09-02T06:21:31.078052520,19.614016,-78.49776
2020-09-02T06:21:31.169607162,19.603943,-78.45063
2020-09-02T06:21:31.209280014,19.60744,-78.424286
2020-09-02T06:21:31.211568832,19.601805,-78.44984
2020-09-02T06:21:31.207372665,19.545647,-82.308876
2020-09-02T06:21:31.209280014,19.552898,-82.310936
2020-09-02T06:21:31.211187362,19.546143,-82.31489
2020-09-02T06:21:31.213476181,19.539871,-82.31084
2020-09-02T06:21:31.215383529,19.543139,-82.310844
2020-09-02T06:21:31.217290878,19.552414,-82.32532
2020-09-02T06:21:31.219198226,19.552425,-82.325325
2020-09-02T06:21:31.221105575,19.545763,-82.32417
2020-09-02T06:21:31.223394393,19.552427,-82.3253
2020-09-02T06:21:31.225301742,19.552498,-82.33552
2020-09-02T06:21:31.227209091,19.552416,-82.32527
2020-09-02T06:21:31.229116439,19.5473,-82.335014
2020-09-02T06:21:31.231023788,19.552418,-82.32524
2020-09-02T06:21:31.233312606,19.552444,-82.32525
2020-09-02T06:21:31.235219955,19.55247,-82.325264
2020-09-02T06:21:31.237127304,19.552942,-82.33458
2020-09-02T06:21:31.239034652,19.552523,-82.32528
2020-09-02T06:21:31.245138168,19.552528,-82.32527
2020-09-02T06:21:31.247045516,19.55252,-82.325264
2020-09-02T06:21:31.248952865,19.552515,-82.32525
2020-09-02T06:21:31.251241683,19.552513,-82.32525
2020-09-02T06:21:31.253149032,19.56735,-82.32609
2020-09-02T06:21:31.264974594,19.552513,-82.3253
2020-09-02T06:21:31.271078109,19.552483,-82.325325
2020-09-02T06:21:31.274892807,19.566395,-82.30561
2020-09-02T06:21:31.284812927,19.56411,-82.29944
2020-09-02T06:21:31.286720275,19.569567,-82.299446
2020-09-02T06:21:31.289009094,19.552254,-82.2912
2020-09-02T06:21:31.290916442,19.552235,-82.289154
2020-09-02T06:21:31.292823791,19.561768,-82.29536
2020-09-02T06:21:31.294731140,19.567842,-82.292694
2020-09-02T06:21:31.296638488,19.552221,-82.284996
2020-09-02T06:21:31.298927307,19.552229,-82.28522
2020-09-02T06:21:31.300834655,19.552252,-82.28778
2020-09-02T06:21:31.302742004,19.551954,-82.24719
2020-09-02T06:21:31.320671081,19.551954,-82.24709
2020-09-02T06:21:31.443887710,19.552551,-82.33719
2020-09-02T06:21:31.445795059,19.534824,-82.30321
2020-09-02T06:21:31.491571426,19.552315,-82.31409
2020-09-02T06:21:31.493478775,19.564857,-82.29707
2020-09-02T06:21:31.495767593,19.559422,-82.30567
2020-09-02T06:21:31.497674942,19.551846,-82.24722
2020-09-02T06:21:31.535442352,19.552423,-82.32539
2020-09-02T06:21:31.537349700,19.552208,-82.29717
2020-09-02T06:21:31.539257049,19.552135,-82.28828
2020-09-02T06:21:31.541164398,19.551838,-82.247215
2020-09-02T06:21:31.543453216,19.552168,-82.28962
2020-09-02T06:21:31.545360565,19.552197,-82.29065
2020-09-02T06:21:31.547267913,19.552225,-82.29194
2020-09-02T06:21:31.549175262,19.552277,-82.29614
2020-09-02T06:21:31.551082611,19.552254,-82.292206
2020-09-02T06:21:31.553371429,19.569279,-82.293594
2020-09-02T06:21:31.555278778,19.568754,-82.29533
2020-09-02T06:21:31.557186126,19.5672,-82.29214
2020-09-02T06:21:31.559093475,19.566883,-82.28268
2020-09-02T06:21:31.561382293,19.567404,-82.29511
2020-09-02T06:21:31.563289642,19.552187,-82.29087
2020-09-02T06:21:31.565196990,19.558819,-82.28936
2020-09-02T06:21:31.567104339,19.565779,-82.29048
2020-09-02T06:21:31.569011688,19.565039,-82.286766
2020-09-02T06:21:31.571300506,19.565361,-82.293205
2020-09-02T06:21:31.573207855,19.563917,-82.28863
2020-09-02T06:21:31.575115203,19.565067,-82.281136
2020-09-02T06:21:31.577022552,19.55221,-82.29319
2020-09-02T06:21:31.578929901,19.552176,-82.28882
2020-09-02T06:21:31.581218719,19.55215,-82.28558
2020-09-02T06:21:31.583126068,19.5522,-82.2919
2020-09-02T06:21:31.585033416,19.552206,-82.29205
2020-09-02T06:21:31.586940765,19.552216,-82.29275
2020-09-02T06:21:31.589229583,19.552221,-82.29303
2020-09-02T06:21:31.591136932,19.552217,-82.29227
2020-09-02T06:21:31.593044281,19.538132,-82.28229
2020-09-02T06:21:31.594951629,19.56553,-82.29006
2020-09-02T06:21:31.596858978,19.552204,-82.293564
2020-09-02T06:21:31.599147796,19.5522,-82.29405
2020-09-02T06:21:31.601055145,19.552183,-82.292534
2020-09-02T06:21:31.602962493,19.552177,-82.29321
2020-09-02T06:21:31.604869842,19.552172,-82.29366
2020-09-02T06:21:31.606777191,19.552166,-82.293976
2020-09-02T06:21:31.609066009,19.565395,-82.2942
2020-09-02T06:21:31.610973358,19.565964,-82.29373
2020-09-02T06:21:31.612880706,19.567562,-82.29149
2020-09-02T06:21:31.614788055,19.578783,-82.270706
2020-09-02T06:21:31.616695404,19.576918,-82.28401
2020-09-02T06:21:31.618984222,19.568014,-82.287415
2020-09-02T06:21:31.620891571,19.552221,-82.29586
2020-09-02T06:21:31.686506271,19.552443,-82.32546
2020-09-02T06:21:31.688413619,19.564445,-82.30626
2020-09-02T06:21:31.690320968,19.552221,-82.29905
2020-09-02T06:21:31.696424484,19.471977,-82.24281
2020-09-02T06:21:31.698331832,19.570896,-82.285805
2020-09-02T06:21:31.700239181,19.519634,-82.26046
2020-09-02T06:21:31.702527999,19.455717,-82.24637
2020-09-02T06:21:31.704435348,19.501482,-82.25519
2020-09-02T06:21:31.708250045,19.631962,-82.25167
2020-09-02T06:21:31.710157394,19.580292,-82.26829
2020-09-02T06:21:31.712446212,19.574846,-82.28863
2020-09-02T06:21:31.714353561,19.567081,-82.291595
2020-09-02T06:21:31.716260910,19.56792,-82.28928
2020-09-02T06:21:31.718168258,19.567568,-82.28779
2020-09-02T06:21:31.720075607,19.472551,-82.320946
2020-09-02T06:21:31.720075607,19.570585,-82.285
2020-09-02T06:21:31.722364425,19.56638,-82.289246
2020-09-02T06:21:31.724271774,19.569574,-82.28564
2020-09-02T06:21:31.726179122,19.570915,-82.28352
2020-09-02T06:21:31.728086471,19.571682,-82.290886
2020-09-02T06:21:31.730375289,19.561892,-82.28996
2020-09-02T06:21:31.732282638,19.552332,-82.29227
2020-09-02T06:21:31.734189987,19.552574,-82.32545
2020-09-02T06:21:31.958879470,19.534222,-78.51577
2020-09-02T06:21:31.960786819,19.522835,-78.542816
2020-09-02T06:21:31.963075637,19.50726,-78.54454
2020-09-02T06:21:31.964982986,19.534285,-78.54428
2020-09-02T06:21:31.966890335,19.529474,-78.55499
2020-09-02T06:21:31.968797683,19.52774,-78.55984
2020-09-02T06:21:31.971086502,19.529799,-78.572975
2020-09-02T06:21:31.972993850,19.528276,-78.57157
2020-09-02T06:21:31.976808547,19.53442,-78.59316
2020-09-02T06:21:31.978715896,19.534424,-78.59316
2020-09-02T06:21:31.981004714,19.53438,-78.57285
2020-09-02T06:21:31.986726760,19.53439,-78.593155
2020-09-02T06:21:31.988634109,19.534328,-78.571266
2020-09-02T06:21:32.000841140,19.53454,-78.59316
2020-09-02T06:21:32.010759353,19.534336,-78.57289
2020-09-02T06:21:32.020679473,19.534235,-78.53582
2020-09-02T06:21:32.022586822,19.526552,-78.53685
2020-09-02T06:21:32.024494171,19.534214,-78.515816
2020-09-02T06:21:32.026401519,19.534227,-78.51582
2020-09-02T06:21:32.028690338,19.53426,-78.52491
2020-09-02T06:21:32.030597686,19.534252,-78.51582
2020-09-02T06:21:32.032505035,19.534248,-78.51584
2020-09-02T06:21:32.040515899,19.534227,-78.51588
2020-09-02T06:21:32.042423248,19.534235,-78.515854
2020-09-02T06:21:32.048526763,19.534262,-78.51578
2020-09-02T06:21:32.056537628,19.534254,-78.51578
2020-09-02T06:21:32.245367050,19.506113,-78.55352
2020-09-02T06:21:32.155721664,18.307932,-83.23993
2020-09-02T06:21:32.215230941,18.338984,-83.243805
2020-09-02T06:21:32.219427108,18.305601,-83.2248
2020-09-02T06:21:32.219427108,18.129942,-83.17903
2020-09-02T06:21:35.285346984,15.268466,-82.09787
2020-09-02T06:21:35.313194274,15.30887,-82.13179
2020-09-02T06:21:35.315101623,15.296471,-82.13634
2020-09-02T06:21:35.317390441,15.31067,-82.128006
2020-09-02T06:21:35.319297790,15.320378,-82.11725
2020-09-02T06:21:35.321205139,15.32039,-82.11724
2020-09-02T06:21:35.325019836,15.293467,-82.11615
2020-09-02T06:21:35.327308654,15.291855,-82.12162
2020-09-02T06:21:35.329216003,15.295439,-82.116295
2020-09-02T06:21:35.331123352,15.320339,-82.11738
2020-09-02T06:21:35.390634536,15.2999525,-82.09401
2020-09-02T06:21:36.042957305,14.771471,-77.878456
2020-09-02T06:21:36.045246124,14.771459,-77.878456
2020-09-02T06:21:36.062793731,14.734627,-77.89074
2020-09-02T06:21:36.065082550,14.762653,-77.91326
2020-09-02T06:21:36.156255722,14.721593,-77.879395
2020-09-02T06:21:36.160451889,14.728453,-77.886604
2020-09-02T06:21:36.160451889,14.924506,-77.806175
2020-09-02T06:21:36.252006530,14.718533,-77.88829
2020-09-02T06:21:36.253913879,14.721573,-77.889854
2020-09-02T06:21:36.253913879,14.924531,-77.80615
2020-09-02T06:21:36.305412292,14.694985,-77.87717
2020-09-02T06:21:36.355386734,14.694963,-77.8772
2020-09-02T06:21:36.379037857,14.694992,-77.87725
2020-09-02T06:21:39.966812611,18.289146,-83.32717
2020-09-02T06:21:40.022507667,18.28915,-83.32695
2020-09-02T06:21:40.195697784,18.289152,-83.3239
2020-09-02T06:21:40.010682106,19.488295,-78.746666
2020-09-02T06:21:40.012589454,19.455135,-78.745705
2020-09-02T06:21:40.014496803,19.475464,-78.763405
2020-09-02T06:21:40.022507667,19.45513,-78.7457
2020-09-02T06:21:40.024415016,19.474255,-78.76814
2020-09-02T06:21:40.026703834,19.455143,-78.74569
2020-09-02T06:21:40.068284988,19.476315,-78.76989
2020-09-02T06:21:40.070192337,19.455122,-78.7457
2020-09-02T06:21:40.098040103,19.4551,-78.74572
2020-09-02T06:21:40.107958316,19.455112,-78.74572
2020-09-02T06:21:40.114061832,19.455133,-78.74573
2020-09-02T06:21:40.123980522,19.482115,-78.767006
2020-09-02T06:21:40.155642986,19.48332,-78.7466
2020-09-02T06:21:40.173572063,19.468662,-78.76757
2020-09-02T06:21:40.175860881,19.472876,-78.76932
2020-09-02T06:21:40.177768230,19.455128,-78.76732
2020-09-02T06:21:40.187686920,19.455261,-78.77141
2020-09-02T06:21:40.189594268,19.455296,-78.76985
2020-09-02T06:21:40.191501617,19.455309,-78.77468
2020-09-02T06:21:40.193408966,19.466537,-78.76921
2020-09-02T06:21:40.197605133,19.455221,-78.78665
2020-09-02T06:21:40.203327178,19.45519,-78.79468
2020-09-02T06:21:40.205615997,19.455164,-78.781296
2020-09-02T06:21:40.207523345,19.45519,-78.788635
2020-09-02T06:21:40.209430694,19.45521,-78.793045
2020-09-02T06:21:40.211338043,19.45519,-78.78064
2020-09-02T06:21:40.294881343,19.476416,-78.76529
2020-09-02T06:21:40.300984859,19.455257,-78.74583
2020-09-02T06:21:40.334554672,19.455408,-78.78299
2020-09-02T06:21:40.342566013,19.455341,-78.74577
2020-09-02T06:21:40.344854831,19.49213,-78.74686
2020-09-02T06:21:40.346762180,19.481874,-78.73981
2020-09-02T06:21:40.350576877,19.455284,-78.745865
2020-09-02T06:21:40.352484226,19.48627,-78.73805
2020-09-02T06:21:40.354773044,19.476713,-78.76643
2020-09-02T06:21:40.356680393,19.484682,-78.74981
2020-09-02T06:21:40.358587741,19.494783,-78.746925
2020-09-02T06:21:40.360495090,19.493591,-78.74687
2020-09-02T06:21:40.364691257,19.480116,-78.74716
2020-09-02T06:21:40.366598606,19.455246,-78.745766
2020-09-02T06:21:40.368506431,19.482918,-78.7327
2020-09-02T06:21:40.370413780,19.466011,-78.74313
2020-09-02T06:21:40.372321128,19.499676,-78.747055
2020-09-02T06:21:40.374609947,19.506117,-78.74726
2020-09-02T06:21:40.376517295,19.466251,-78.72221
2020-09-02T06:21:40.378424644,19.469618,-78.73083
2020-09-02T06:21:40.382620811,19.462206,-78.71858
2020-09-02T06:21:40.388342857,19.455166,-78.721695
2020-09-02T06:21:40.390250205,19.464432,-78.71993
2020-09-02T06:21:40.392539024,19.4642,-78.715065
2020-09-02T06:21:40.396353721,19.455198,-78.717316
2020-09-02T06:21:40.400168895,19.468708,-78.73639
2020-09-02T06:21:40.402457714,19.46457,-78.72495
2020-09-02T06:21:40.410087108,19.45891,-78.69798
2020-09-02T06:21:40.412375926,19.468246,-78.715034
2020-09-02T06:21:40.416190624,19.457853,-78.690796
2020-09-02T06:21:40.418097972,19.47183,-78.73147
2020-09-02T06:21:40.424201488,19.455065,-78.668434
2020-09-02T06:21:40.432212829,19.455076,-78.66842
2020-09-02T06:21:40.473793506,19.455069,-78.66845
2020-09-02T06:21:40.553521633,19.457438,-78.704544
2020-09-02T06:21:40.579080581,19.455185,-78.74586
2020-09-02T06:21:40.605020999,19.45511,-78.712776
2020-09-02T06:21:41.186008453,14.520476,-80.40152
2020-09-02T06:21:41.188297271,14.512793,-80.40275
2020-09-02T06:21:41.190204620,14.523338,-80.39741
2020-09-02T06:21:41.192111968,14.513269,-80.39535
2020-09-02T06:21:41.194019317,14.505412,-80.39928
2020-09-02T06:21:41.196308135,14.5071535,-80.39221
2020-09-02T06:21:41.198215484,14.498671,-80.381424
2020-09-02T06:21:41.200122833,14.506151,-80.3741
2020-09-02T06:21:41.202030181,14.498728,-80.34885
2020-09-02T06:21:41.203938007,14.480817,-80.36434
2020-09-02T06:21:41.206226825,14.48668,-80.36473
2020-09-02T06:21:41.208134174,14.470183,-80.347984
2020-09-02T06:21:41.227970600,14.470181,-80.34793
2020-09-02T06:21:41.602961063,18.210018,-83.30371
2020-09-02T06:21:41.605249881,18.210016,-83.30044
2020-09-02T06:21:41.609065055,18.210377,-83.3393
2020-09-02T06:21:41.662852764,18.210087,-83.30272
2020-09-02T06:21:41.678493499,18.21004,-83.303185
2020-09-02T06:21:41.686504364,18.209984,-83.297325
2020-09-02T06:21:41.706341266,18.21008,-83.30137
2020-09-02T06:21:41.726177692,18.210058,-83.299416
2020-09-02T06:21:41.756314277,18.210392,-83.33929
2020-09-02T06:21:41.762036800,18.210089,-83.30281
2020-09-02T06:21:41.825743198,18.217707,-83.297516
2020-09-02T06:21:41.829557895,18.210072,-83.303185
2020-09-02T06:21:41.845579624,18.210083,-83.29973
2020-09-02T06:21:41.853590965,18.210049,-83.30076
2020-09-02T06:21:41.869612693,18.222383,-83.30123
2020-09-02T06:21:42.112231254,19.535707,-79.03535
2020-09-02T06:21:42.114138603,19.535765,-79.05798
2020-09-02T06:21:42.116045951,19.535755,-79.05795
2020-09-02T06:21:42.117953300,19.535748,-79.05793
2020-09-02T06:21:42.119860649,19.535738,-79.0579
2020-09-02T06:21:42.122149467,19.535738,-79.057884
2020-09-02T06:21:42.137790203,19.535736,-79.05794
2020-09-02T06:21:42.139697551,19.535732,-79.05796
2020-09-02T06:21:42.141986370,19.535732,-79.05795
2020-09-02T06:21:42.143893718,19.535738,-79.05793
2020-09-02T06:21:42.145801067,19.535742,-79.05791
2020-09-02T06:21:42.147708415,19.535748,-79.05788
2020-09-02T06:21:42.149997234,19.535753,-79.05785
2020-09-02T06:21:42.151904582,19.535765,-79.05785
2020-09-02T06:21:42.167545318,19.535799,-79.0579
2020-09-02T06:21:42.169834136,19.535734,-79.040016
2020-09-02T06:21:42.171741485,19.535774,-79.057884
2020-09-02T06:21:42.173648834,19.535803,-79.07137
2020-09-02T06:21:42.175556182,19.535751,-79.05789
2020-09-02T06:21:42.177845001,19.535742,-79.0579
2020-09-02T06:21:42.179752349,19.53573,-79.05791
2020-09-02T06:21:42.181659698,19.53573,-79.05792
2020-09-02T06:21:42.219425678,19.560375,-79.086075
2020-09-02T06:21:42.221333026,19.55054,-79.07948
2020-09-02T06:21:42.223240375,19.554016,-79.08007
2020-09-02T06:21:42.225529670,19.535742,-79.05787
2020-09-02T06:21:42.283132076,19.535814,-79.05791
2020-09-02T06:21:42.298772811,19.535757,-79.05789
2020-09-02T06:21:42.306783676,19.53577,-79.05792
2020-09-02T06:21:42.324713230,19.54026,-79.017555
2020-09-02T06:21:42.326620578,19.535666,-79.02255
2020-09-02T06:21:42.328909397,19.542833,-79.01761
2020-09-02T06:21:42.330816745,19.535666,-79.02307
2020-09-02T06:21:42.332724094,19.535643,-79.01302
2020-09-02T06:21:42.334631443,19.539095,-79.01594
2020-09-02T06:21:42.336538791,19.535654,-79.013176
2020-09-02T06:21:42.338827610,19.53567,-79.01637
2020-09-02T06:21:42.342642307,19.53565,-79.0062
2020-09-02T06:21:42.344549655,19.53558,-78.98045
2020-09-02T06:21:42.348746299,19.508377,-78.979614
2020-09-02T06:21:42.350653648,19.503016,-78.97944
2020-09-02T06:21:42.352560997,19.499582,-78.99706
2020-09-02T06:21:42.354468345,19.512926,-79.001045
2020-09-02T06:21:42.358664512,19.475939,-78.9786
2020-09-02T06:21:42.360571861,19.475895,-78.97859
2020-09-02T06:21:42.362479209,19.455687,-78.977974
2020-09-02T06:21:42.364386558,19.468435,-78.989265
2020-09-02T06:21:42.366675376,19.455713,-78.97798
2020-09-02T06:21:42.368582725,19.480984,-78.99833
2020-09-02T06:21:42.370490074,19.45574,-78.97798
2020-09-02T06:21:42.372397422,19.455793,-79.00018
2020-09-02T06:21:42.374304771,19.455715,-78.977974
2020-09-02T06:21:42.378500938,19.455688,-78.977974
2020-09-02T06:21:42.382316112,19.455687,-78.97798
2020-09-02T06:21:42.386512279,19.455801,-79.00699
2020-09-02T06:21:42.388419628,19.455818,-79.00817
2020-09-02T06:21:42.533380031,19.455778,-79.0143
2020-09-02T06:21:43.817808151,18.288284,-83.265785
2020-09-02T06:21:43.839552879,18.30691,-83.25774
2020-09-02T06:21:43.875411033,18.307302,-83.26692
2020-09-02T06:21:43.958954811,18.309319,-83.25233
2020-09-02T06:21:44.257268905,18.341574,-82.88098
2020-09-02T06:21:44.290838241,18.357552,-82.86872
2020-09-02T06:21:51.718549728,18.28994,-83.3432
2020-09-02T06:21:51.774246215,18.289951,-83.34319
2020-09-02T06:21:51.778060913,18.289898,-83.34319
2020-09-02T06:21:51.813919067,18.289955,-83.34324
2020-09-02T06:21:53.086139678,18.289362,-83.308
2020-09-02T06:21:53.179601669,18.289341,-83.30552
2020-09-02T06:21:53.181509017,18.26926,-83.30832
2020-09-02T06:21:53.332572937,18.289389,-83.30405
2020-09-02T06:21:53.334861755,18.26979,-83.30676
2020-09-02T06:21:53.342491149,18.28934,-83.30547
2020-09-02T06:21:53.344779968,18.274525,-83.31346
2020-09-02T06:21:53.352790832,18.277327,-83.31107
2020-09-02T06:21:53.372627258,18.289312,-83.29693
2020-09-02T06:21:53.384454727,18.275263,-83.31738
2020-09-02T06:21:53.392465591,18.279211,-83.31313
2020-09-02T06:21:53.420312881,18.289566,-83.34321
2020-09-02T06:21:53.485925674,18.289257,-83.30663
2020-09-02T06:21:54.189748764,19.468842,-78.82551
2020-09-02T06:21:54.195470809,19.455637,-78.82243
2020-09-02T06:21:54.197378158,19.455616,-78.822426
2020-09-02T06:21:54.199666976,19.465006,-78.83399
2020-09-02T06:21:54.201574325,19.472134,-78.82941
2020-09-02T06:21:54.203481674,19.466124,-78.835915
2020-09-02T06:21:54.209585189,19.455606,-78.8225
2020-09-02T06:21:54.213399887,19.46888,-78.83595
2020-09-02T06:21:54.215307235,19.469923,-78.838425
2020-09-02T06:21:54.221410751,19.455704,-78.83823
2020-09-02T06:21:54.223318099,19.455643,-78.82252
2020-09-02T06:21:54.259178161,19.455587,-78.82252
2020-09-02T06:21:54.314872741,19.469624,-78.83698
2020-09-02T06:21:54.372476577,19.471298,-78.8365
2020-09-02T06:21:54.396509170,19.455523,-78.82256
2020-09-02T06:21:54.418252944,19.455564,-78.82256
2020-09-02T06:21:54.449914932,19.455503,-78.822495
2020-09-02T06:21:56.038379669,18.464083,-82.700264
2020-09-02T06:21:56.080341339,18.469831,-82.69206
2020-09-02T06:21:56.082248687,18.442574,-82.68594
2020-09-02T06:21:56.151678085,18.461687,-82.69149
2020-09-02T06:21:56.167699813,18.4584,-82.68417
2020-09-02T06:21:56.169607162,18.442366,-82.65288
2020-09-02T06:21:56.269172668,18.464567,-82.702866
2020-09-02T06:21:57.454034805,18.21029,-83.29912
2020-09-02T06:21:57.457849502,18.210295,-83.29875
2020-09-02T06:21:57.460138320,18.210325,-83.30213
2020-09-02T06:21:57.462045669,18.210325,-83.30244
2020-09-02T06:21:57.463954925,18.21039,-83.31168
2020-09-02T06:21:57.465862274,18.210356,-83.308044
2020-09-02T06:21:57.621122360,18.210339,-83.30642
2020-09-02T06:21:57.623029708,18.210264,-83.29757
2020-09-02T06:21:57.670713424,18.210423,-83.305275
2020-09-02T06:21:57.672620773,18.210316,-83.29422
2020-09-02T06:21:57.710386276,18.210415,-83.30575
2020-09-02T06:21:57.712295532,18.210415,-83.30726
2020-09-02T06:21:57.714584350,18.210415,-83.30906
2020-09-02T06:21:57.716491699,18.210398,-83.30878
2020-09-02T06:21:57.782104492,18.210394,-83.30656
2020-09-02T06:21:57.784011840,18.210337,-83.2974
2020-09-02T06:21:57.803848266,18.210382,-83.306755
2020-09-02T06:21:57.817962646,18.210348,-83.30423
2020-09-02T06:21:57.821777343,18.21035,-83.30384
2020-09-02T06:21:57.869462966,18.210415,-83.309006
2020-09-02T06:22:00.187686920,18.290014,-83.3434
2020-09-02T06:22:00.324636459,18.290026,-83.34346
2020-09-02T06:22:00.497826576,18.290045,-83.343414
2020-09-02T06:22:00.499733924,18.29005,-83.34339
2020-09-02T06:22:00.513466835,18.289986,-83.343414
2020-09-02T06:22:00.517663002,18.290005,-83.34339
2020-09-02T06:22:00.519570350,18.290016,-83.343376
2020-09-02T06:22:00.521477699,18.29002,-83.34337
2020-09-02T06:22:00.561532974,18.290012,-83.343445
2020-09-02T06:22:00.563440322,18.290007,-83.34344
2020-09-02T06:22:00.565347671,18.29,-83.34342
2020-09-02T06:22:00.593195438,18.289997,-83.34348
2020-09-02T06:22:00.624857902,18.289944,-83.34344
2020-09-02T06:22:00.650798320,18.290028,-83.34339
2020-09-02T06:22:00.652705669,18.290024,-83.343414
2020-09-02T06:22:00.678646087,18.289995,-83.343414
2020-09-02T06:22:00.680553436,18.289988,-83.34342
2020-09-02T06:22:00.724422931,18.290018,-83.3434
2020-09-02T06:22:00.734341144,18.290014,-83.343414
2020-09-02T06:22:00.757992744,18.289968,-83.34339
2020-09-02T06:22:00.760281562,18.28994,-83.34338
2020-09-02T06:22:00.775922298,18.289936,-83.3434
2020-09-02T06:22:00.807966232,18.289911,-83.343376
2020-09-02T06:22:00.809873580,18.289875,-83.34337
2020-09-02T06:22:00.849546909,18.290003,-83.34343
2020-09-02T06:22:00.875487327,18.290066,-83.34345
2020-09-02T06:22:07.243459701,18.130566,-83.17901
2020-09-02T06:22:07.563517570,18.130508,-83.179054
2020-09-02T06:22:07.243459701,18.303612,-83.238945
2020-09-02T06:22:07.330817222,18.37383,-83.25449
2020-09-02T06:22:07.332724571,18.288832,-83.23183
2020-09-02T06:22:07.334631919,18.31472,-83.21954
2020-09-02T06:22:07.563517570,18.321692,-83.22535
2020-09-02T06:22:07.573435783,18.381857,-83.282616
2020-09-02T06:22:07.666897773,18.4471,-83.275444
2020-09-02T06:22:07.762266159,18.311537,-83.26852
2020-09-02T06:22:09.555583000,18.210173,-83.33899
2020-09-02T06:22:09.557490348,18.209944,-83.310295
2020-09-02T06:22:09.600978851,18.210138,-83.339005
2020-09-02T06:22:09.603267669,18.209818,-83.29822
2020-09-02T06:22:09.625011444,18.210135,-83.339005
2020-09-02T06:22:09.710462570,18.20977,-83.3059
2020-09-02T06:22:09.813841819,19.454979,-78.76538
2020-09-02T06:22:09.815749168,19.46368,-78.76373
2020-09-02T06:22:09.818037986,19.455,-78.76398
2020-09-02T06:22:09.859619140,19.454878,-78.74549
2020-09-02T06:22:09.861526489,19.454922,-78.7663
2020-09-02T06:22:09.863433837,19.454868,-78.7455
2020-09-02T06:22:09.883652687,19.474438,-78.76905
2020-09-02T06:22:09.885560035,19.454899,-78.74553
2020-09-02T06:22:09.899292945,19.478449,-78.76837
2020-09-02T06:22:09.901200294,19.467989,-78.76725
2020-09-02T06:22:09.929047584,19.471218,-78.76487
2020-09-02T06:22:09.945070266,19.454847,-78.74557
2020-09-02T06:22:09.951173782,19.454834,-78.745605
2020-09-02T06:22:09.953081130,19.454834,-78.74559
2020-09-02T06:22:09.961091995,19.454906,-78.77411
2020-09-02T06:22:09.962999343,19.47164,-78.768814
2020-09-02T06:22:09.964906692,19.454895,-78.765366
2020-09-02T06:22:09.966814041,19.454899,-78.76478
2020-09-02T06:22:09.969102859,19.462528,-78.76575
2020-09-02T06:22:09.971010208,19.45491,-78.76462
2020-09-02T06:22:09.972917556,19.487734,-78.7671
2020-09-02T06:22:10.006869316,19.481441,-78.76397
2020-09-02T06:22:10.030520439,19.488792,-78.764366
2020-09-02T06:22:10.032427787,19.47567,-78.76486
2020-09-02T06:22:10.034716606,19.454865,-78.74559
2020-09-02T06:22:10.048449516,19.496826,-78.75835
2020-09-02T06:22:10.050356864,19.485435,-78.760056
2020-09-02T06:22:10.052264213,19.486063,-78.76582
2020-09-02T06:22:10.064471244,19.487349,-78.75915
2020-09-02T06:22:10.066378593,19.481634,-78.759
2020-09-02T06:22:10.159840583,19.53455,-78.708755
2020-09-02T06:22:10.161747932,19.534552,-78.70487
2020-09-02T06:22:10.165944099,19.454872,-78.745544
2020-09-02T06:22:10.175862312,19.532757,-78.697044
2020-09-02T06:22:10.219350814,19.503654,-78.71646
2020-09-02T06:22:10.221258163,19.454828,-78.745575
2020-09-02T06:22:10.263220787,19.534576,-78.71581
2020-09-02T06:22:14.277107238,19.503147,-78.53486
2020-09-02T06:22:14.279014587,19.507784,-78.5332
2020-09-02T06:22:14.283210754,19.534697,-78.51608
2020-09-02T06:22:14.285118103,19.525394,-78.52512
2020-09-02T06:22:14.287025451,19.520308,-78.527596
2020-09-02T06:22:14.288932800,19.53476,-78.51607
2020-09-02T06:22:14.293128967,19.510904,-78.5272
2020-09-02T06:22:14.296943664,19.514019,-78.51546
2020-09-02T06:22:14.298851013,19.499369,-78.529884
2020-09-02T06:22:14.301139831,19.505638,-78.5152
2020-09-02T06:22:14.306861877,19.491798,-78.5305
2020-09-02T06:22:14.312965393,19.488396,-78.53375
2020-09-02T06:22:14.316780090,19.454939,-78.513794
2020-09-02T06:22:14.322883605,19.454937,-78.51381
2020-09-02T06:22:14.334709167,19.489658,-78.51483
2020-09-02T06:22:14.336616516,19.455027,-78.5448
2020-09-02T06:22:14.338905334,19.477396,-78.53575
2020-09-02T06:22:14.340812683,19.48858,-78.514786
2020-09-02T06:22:14.344627380,19.455061,-78.552635
2020-09-02T06:22:14.348823547,19.47124,-78.528824
2020-09-02T06:22:14.352638244,19.454939,-78.51388
2020-09-02T06:22:14.378580093,19.454992,-78.51391
2020-09-02T06:22:14.388498306,19.454939,-78.51384
2020-09-02T06:22:14.396509170,19.454966,-78.513885
2020-09-02T06:22:14.398416519,19.454979,-78.51391
2020-09-02T06:22:14.475854873,19.53475,-78.51604
2020-09-02T06:22:15.921266555,18.484724,-82.70199
2020-09-02T06:22:15.923173904,18.477257,-82.65531
2020-09-02T06:22:15.980777740,18.483803,-82.68957
2020-09-02T06:22:15.992984771,18.44249,-82.68553
2020-09-02T06:22:17.179754257,17.217249,-83.57005
2020-09-02T06:22:17.181661605,17.21163,-83.56899
2020-09-02T06:22:17.183950424,17.211445,-83.577225
2020-09-02T06:22:17.187765121,17.204084,-83.58396
2020-09-02T06:22:17.189672470,17.20235,-83.5762
2020-09-02T06:22:18.195623397,18.288157,-83.26583
2020-09-02T06:22:18.305107116,18.28794,-83.26578
2020-09-02T06:22:18.307014465,18.288092,-83.28686
2020-09-02T06:22:18.396280288,18.288107,-83.27729
2020-09-02T06:22:18.398187637,18.288187,-83.28394
2020-09-02T06:22:18.400476455,18.28807,-83.26588
2020-09-02T06:22:18.402383804,18.288074,-83.26587
2020-09-02T06:22:18.521785736,18.287987,-83.26574
2020-09-02T06:22:18.604948043,18.288326,-83.30643
2020-09-02T06:22:18.609144210,18.288277,-83.30215
2020-09-02T06:22:18.611051559,18.288218,-83.29572
2020-09-02T06:22:18.428323745,18.67564,-82.19974
2020-09-02T06:22:18.442056655,18.690435,-82.20027
2020-09-02T06:22:18.443964004,18.70042,-82.20106
2020-09-02T06:22:18.446252822,18.687126,-82.19163
2020-09-02T06:22:18.450067520,18.675602,-82.1997
2020-09-02T06:22:18.451974868,18.69957,-82.200966
2020-09-02T06:22:18.453884124,18.675602,-82.199715
2020-09-02T06:22:18.459987640,18.705812,-82.201355
2020-09-02T06:22:18.461894989,18.703144,-82.20122
2020-09-02T06:22:18.495845794,18.675694,-82.19981
2020-09-02T06:22:18.515682220,18.707863,-82.20142
2020-09-02T06:22:18.517589569,18.703188,-82.193375
2020-09-02T06:22:18.531703948,18.71197,-82.201706
2020-09-02T06:22:18.533611297,18.704441,-82.19223
2020-09-02T06:22:18.535518646,18.723854,-82.20237
2020-09-02T06:22:18.537425994,18.699385,-82.19956
2020-09-02T06:22:18.539333343,18.716413,-82.202
2020-09-02T06:22:18.543529510,18.73015,-82.20271
2020-09-02T06:22:18.555355072,18.754908,-82.20395
2020-09-02T06:22:18.561458587,18.728413,-82.20254
2020-09-02T06:22:18.563365936,18.71676,-82.20193
2020-09-02T06:22:18.581296920,18.71522,-82.201866
2020-09-02T06:22:18.628980636,18.693914,-82.191185
2020-09-02T06:22:18.636991500,18.75487,-82.203995
2020-09-02T06:22:18.638898849,18.754868,-82.204025
2020-09-02T06:22:18.640806198,18.675575,-82.19987
2020-09-02T06:22:18.645002365,18.717037,-82.20202
2020-09-02T06:22:18.650724411,18.755014,-82.20398
2020-09-02T06:22:18.653013229,18.71729,-82.19745
2020-09-02T06:22:18.654920578,18.702053,-82.201164
2020-09-02T06:22:18.660642623,18.754816,-82.203926
2020-09-02T06:22:18.680860519,18.675613,-82.19975
2020-09-02T06:22:18.722442626,18.675552,-82.19973
2020-09-02T06:22:18.738464355,18.675621,-82.19973
2020-09-02T06:22:18.748382568,18.675615,-82.19972
2020-09-02T06:22:18.762115478,18.688923,-82.198875
2020-09-02T06:22:18.764022827,18.6756,-82.19975
2020-09-02T06:22:18.799880981,18.66654,-82.204796
2020-09-02T06:22:18.822006225,18.663254,-82.2097
2020-09-02T06:22:18.823913574,18.703876,-82.20155
2020-09-02T06:22:18.847566604,18.672829,-82.20187
2020-09-02T06:22:18.849473953,18.7156,-82.201836
2020-09-02T06:22:18.851762771,18.717958,-82.201965
2020-09-02T06:22:18.853670120,18.702824,-82.201164
2020-09-02T06:22:18.865495681,18.67549,-82.19972
2020-09-02T06:22:18.867403030,18.695974,-82.20295
2020-09-02T06:22:18.869691848,18.69614,-82.20931
2020-09-02T06:22:18.871599197,18.67553,-82.19973
2020-09-02T06:22:18.968875885,18.658195,-82.212875
2020-09-02T06:22:18.970783233,18.684134,-82.20049
2020-09-02T06:22:19.219501496,18.251822,-83.34129
2020-09-02T06:22:19.231327534,18.25248,-83.34127
2020-09-02T06:22:19.257267952,18.250664,-83.341156
2020-09-02T06:22:19.382391930,18.269869,-83.3423
2020-09-02T06:22:19.384299279,18.288437,-83.34337
2020-09-02T06:22:19.442283631,18.265224,-83.3346
2020-09-02T06:22:19.444190980,18.288437,-83.3434
2020-09-02T06:22:19.469749451,18.288368,-83.34338
2020-09-02T06:22:19.472038746,18.254253,-83.341354
2020-09-02T06:22:19.475853444,18.274136,-83.33372
2020-09-02T06:22:19.477760792,18.268095,-83.33261
2020-09-02T06:22:19.480049611,18.288422,-83.343414
2020-09-02T06:22:19.505608559,18.26564,-83.342026
2020-09-02T06:22:19.561303616,18.266308,-83.33395
2020-09-02T06:22:19.587244034,18.288399,-83.3434
2020-09-02T06:22:19.589151383,18.2884,-83.3434
2020-09-02T06:22:19.636836052,18.266737,-83.33145
2020-09-02T06:22:19.676509381,18.288317,-83.343285
2020-09-02T06:22:21.841764926,18.208897,-83.26082
2020-09-02T06:22:21.893264293,18.20913,-83.28312
2020-09-02T06:22:21.897460460,18.208979,-83.260956
2020-09-02T06:22:21.990921974,18.209126,-83.28415
2020-09-02T06:22:22.042421340,18.209194,-83.28342
2020-09-02T06:22:22.044328689,18.209015,-83.26096
2020-09-02T06:22:22.048524856,18.20919,-83.28336
2020-09-02T06:22:22.050432205,18.209011,-83.26093
2020-09-02T06:22:22.070269107,18.208956,-83.260895
2020-09-02T06:22:22.135882854,18.203285,-83.275925
2020-09-02T06:22:22.159915447,18.209225,-83.28374
2020-09-02T06:22:22.163730621,18.20917,-83.27843
2020-09-02T06:22:23.225377082,17.34678,-83.54404
2020-09-02T06:22:23.227665901,17.362776,-83.52373
2020-09-02T06:22:23.229573249,17.364954,-83.522545
2020-09-02T06:22:23.231480598,17.346594,-83.52069
2020-09-02T06:22:27.682538032,19.455034,-78.82319
2020-09-02T06:22:27.684826850,19.479328,-78.8239
2020-09-02T06:22:27.686734199,19.47763,-78.823845
2020-09-02T06:22:27.688641548,19.473942,-78.82374
2020-09-02T06:22:27.690548896,19.455107,-78.82317
2020-09-02T06:22:27.698559761,19.455154,-78.84096
2020-09-02T06:22:27.700467109,19.47154,-78.837204
2020-09-02T06:22:27.722593307,19.480507,-78.832184
2020-09-02T06:22:27.732511520,19.47181,-78.84123
2020-09-02T06:22:27.736326217,19.46644,-78.84093
2020-09-02T06:22:27.746244430,19.455057,-78.82321
2020-09-02T06:22:27.792021751,19.45508,-78.82331
2020-09-02T06:22:27.871749877,19.475082,-78.83941
2020-09-02T06:22:27.919434547,19.48115,-78.84738
2020-09-02T06:22:28.000688552,19.468529,-78.84104
2020-09-02T06:22:28.022813796,19.454996,-78.823326
2020-09-02T06:22:29.092090606,18.246613,-83.31051
2020-09-02T06:22:29.137866973,18.2437,-83.30832
2020-09-02T06:22:29.269095420,18.24692,-83.305695
2020-09-02T06:22:29.332801818,18.250507,-83.30518
2020-09-02T06:22:29.342720031,18.251215,-83.30625
2020-09-02T06:22:29.358741760,18.24966,-83.30664
2020-09-02T06:22:29.382392883,18.20994,-83.33964
2020-09-02T06:22:29.426262855,18.254478,-83.30298
2020-09-02T06:22:29.432366371,18.288332,-83.26666
2020-09-02T06:22:29.390404701,18.441126,-82.57613
2020-09-02T06:22:29.392312049,18.441244,-82.59184
2020-09-02T06:22:29.394600868,18.441133,-82.576126
2020-09-02T06:22:29.396508216,18.441137,-82.57612
2020-09-02T06:22:29.398415565,18.44127,-82.59386
2020-09-02T06:22:29.402230262,18.441135,-82.57611
2020-09-02T06:22:29.406426429,18.441109,-82.57611
2020-09-02T06:22:29.408333778,18.441095,-82.57611
2020-09-02T06:22:29.410241127,18.441082,-82.5761
2020-09-02T06:22:29.414437294,18.441114,-82.57609
2020-09-02T06:22:29.426262855,18.441166,-82.57614
2020-09-02T06:22:29.434273719,18.441153,-82.57622
2020-09-02T06:22:29.439995765,18.441135,-82.57623
2020-09-02T06:22:29.503702163,18.441387,-82.614426
2020-09-02T06:22:29.505609512,18.462206,-82.609955
2020-09-02T06:22:29.507898330,18.44111,-82.57617
2020-09-02T06:22:29.511713981,18.470814,-82.60438
2020-09-02T06:22:29.513621330,18.44137,-82.60735
2020-09-02T06:22:29.694439888,18.441385,-82.59993
2020-09-02T06:22:37.253379821,18.442907,-82.73125
2020-09-02T06:22:37.289237976,18.469585,-82.716225
2020-09-02T06:22:37.330818176,18.472599,-82.71173
2020-09-02T06:22:37.356760025,18.463987,-82.709755
2020-09-02T06:22:37.374689102,18.469782,-82.71536
2020-09-02T06:22:37.537578582,18.289072,-83.26634
2020-09-02T06:22:37.601285934,18.289127,-83.26637
2020-09-02T06:22:37.603193283,18.297249,-83.27838
2020-09-02T06:22:37.605100631,18.289124,-83.26635
2020-09-02T06:22:37.632947921,18.289236,-83.28085
2020-09-02T06:22:38.509578704,19.567356,-78.43957
2020-09-02T06:22:38.511867523,19.560266,-78.47343
2020-09-02T06:22:38.513774871,19.565264,-78.47556
2020-09-02T06:22:38.515682220,19.562689,-78.48136
2020-09-02T06:22:38.517589569,19.535145,-78.475296
2020-09-02T06:22:38.525600433,19.56454,-78.4591
2020-09-02T06:22:38.527507781,19.566023,-78.45832
2020-09-02T06:22:38.529796600,19.56367,-78.45166
2020-09-02T06:22:38.533611297,19.535048,-78.43869
2020-09-02T06:22:38.537425994,19.553196,-78.44384
2020-09-02T06:22:38.539714813,19.555483,-78.44907
2020-09-02T06:22:38.541622161,19.558716,-78.44935
2020-09-02T06:22:38.543529510,19.56548,-78.43949
2020-09-02T06:22:38.545436859,19.571095,-78.43964
2020-09-02T06:22:38.549633026,19.56532,-78.44588
2020-09-02T06:22:38.551540374,19.566828,-78.4505
2020-09-02T06:22:38.557643890,19.535137,-78.438774
2020-09-02T06:22:38.559551239,19.535149,-78.438805
2020-09-02T06:22:38.563365936,19.535221,-78.470535
2020-09-02T06:22:38.565273284,19.563635,-78.48652
2020-09-02T06:22:38.567562103,19.56554,-78.48647
2020-09-02T06:22:38.569469451,19.564827,-78.49611
2020-09-02T06:22:38.571376800,19.57718,-78.51727
2020-09-02T06:22:38.577482223,19.576403,-78.49325
2020-09-02T06:22:38.579389572,19.57203,-78.493004
2020-09-02T06:22:38.581296920,19.615171,-78.51815
2020-09-02T06:22:38.583204269,19.615175,-78.51817
2020-09-02T06:22:38.591215133,19.606312,-78.51076
2020-09-02T06:22:38.593122482,19.615185,-78.518265
2020-09-02T06:22:38.595411300,19.577501,-78.4945
2020-09-02T06:22:38.612958908,19.535105,-78.43866
2020-09-02T06:22:38.615247726,19.53511,-78.43866
2020-09-02T06:22:38.617155075,19.588978,-78.440094
2020-09-02T06:22:38.645002365,19.61515,-78.5182
2020-09-02T06:22:38.648817062,19.61513,-78.51824
2020-09-02T06:22:38.650724411,19.57941,-78.49216
2020-09-02T06:22:38.656827926,19.61504,-78.49303
2020-09-02T06:22:38.658735275,19.615086,-78.51818
2020-09-02T06:22:38.668653488,19.6151,-78.4871
2020-09-02T06:22:38.670942306,19.60601,-78.48793
2020-09-02T06:22:38.672849655,19.593124,-78.48585
2020-09-02T06:22:38.682767868,19.612446,-78.47111
2020-09-02T06:22:38.684675216,19.584196,-78.481224
2020-09-02T06:22:38.686582565,19.615036,-78.45677
2020-09-02T06:22:38.688489913,19.604422,-78.4732
2020-09-02T06:22:38.700696945,19.545858,-78.49955
2020-09-02T06:22:38.702606201,19.5353,-78.48715
2020-09-02T06:22:38.704513549,19.535324,-78.50155
2020-09-02T06:22:38.706420898,19.53535,-78.51608
2020-09-02T06:22:38.720535278,19.535336,-78.51603
2020-09-02T06:22:38.728546142,19.615053,-78.44076
2020-09-02T06:22:38.742279052,19.547688,-78.490486
2020-09-02T06:22:38.754104614,19.53529,-78.49464
2020-09-02T06:22:38.756393432,19.539244,-78.488976
2020-09-02T06:22:38.758300781,19.535252,-78.48448
2020-09-02T06:22:38.770126342,19.53534,-78.474686
2020-09-02T06:22:38.772033691,19.535435,-78.51598
2020-09-02T06:22:38.776229858,19.528328,-78.48211
2020-09-02T06:22:38.778137207,19.535362,-78.48187
2020-09-02T06:22:39.583429337,18.205313,-83.31958
2020-09-02T06:22:39.585336686,18.21141,-83.339264
2020-09-02T06:22:39.718471528,18.207014,-83.32285
2020-09-02T06:22:39.720379353,18.21122,-83.31812
2020-09-02T06:22:39.774167061,18.21141,-83.33921
2020-09-02T06:22:39.813840867,18.211227,-83.322205
2020-09-02T06:22:39.911498547,18.205013,-83.32145
2020-09-02T06:22:39.913405896,18.211227,-83.31578
2020-09-02T06:22:39.917220593,18.205427,-83.32377
2020-09-02T06:22:39.927138806,18.211393,-83.339226
2020-09-02T06:22:39.994659901,18.199966,-83.306656
2020-09-02T06:22:40.012589454,18.211184,-83.32202
2020-09-02T06:22:40.042344570,18.211105,-83.32059
2020-09-02T06:22:40.052644252,18.21132,-83.33929
2020-09-02T06:22:40.066377639,18.211086,-83.317375
2020-09-02T06:22:40.082399368,18.21123,-83.33924
2020-09-02T06:22:40.131991386,18.211119,-83.32246
2020-09-02T06:22:40.133898735,18.210995,-83.30616
2020-09-02T06:22:40.145724296,18.211084,-83.323
2020-09-02T06:22:40.171664714,18.211182,-83.32388
2020-09-02T06:22:40.173572063,18.211071,-83.31178
2020-09-02T06:22:40.193790435,18.211155,-83.32252
2020-09-02T06:22:40.217442035,18.21128,-83.33931
2020-09-02T06:22:46.813918113,18.289705,-83.34357
2020-09-02T06:22:46.815825462,18.289705,-83.34355
2020-09-02T06:22:46.817732810,18.289705,-83.34353
2020-09-02T06:22:46.833754539,18.28975,-83.34344
2020-09-02T06:22:46.835661888,18.281105,-83.34292
2020-09-02T06:22:46.931031227,18.281565,-83.34152
2020-09-02T06:22:46.933320045,18.280811,-83.338554
2020-09-02T06:22:47.000841140,18.284094,-83.336334
2020-09-02T06:22:47.002748489,18.277641,-83.33252
2020-09-02T06:22:47.004655838,18.289772,-83.34357
2020-09-02T06:22:47.012666702,18.283953,-83.336784
2020-09-02T06:22:47.036700248,18.283579,-83.33553
2020-09-02T06:22:47.078280448,18.28394,-83.33379
2020-09-02T06:22:47.084383964,18.289808,-83.34355
2020-09-02T06:22:47.241170883,18.283928,-83.33694
2020-09-02T06:22:47.243459701,18.277678,-83.32977
2020-09-02T06:22:47.263296127,18.28973,-83.32906
2020-09-02T06:22:47.265203475,18.289864,-83.34353
2020-09-02T06:22:47.283132553,18.289755,-83.327934
2020-09-02T06:22:47.306784629,18.28984,-83.34352
2020-09-02T06:22:49.829864501,19.456242,-78.78919
2020-09-02T06:22:49.831771850,19.476543,-78.78913
2020-09-02T06:22:49.833679199,19.475922,-78.787575
2020-09-02T06:22:49.835968017,19.471062,-78.786385
2020-09-02T06:22:49.837875366,19.456213,-78.78703
2020-09-02T06:22:49.845886230,19.456203,-78.776436
2020-09-02T06:22:49.847793579,19.45621,-78.77484
2020-09-02T06:22:49.859619140,19.46535,-78.78921
2020-09-02T06:22:49.861526489,19.456205,-78.79106
2020-09-02T06:22:49.867630004,19.473051,-78.78715
2020-09-02T06:22:49.869537353,19.468555,-78.78233
2020-09-02T06:22:49.885560035,19.477547,-78.77535
2020-09-02T06:22:49.887467384,19.479408,-78.77787
2020-09-02T06:22:49.899292945,19.456163,-78.74547
2020-09-02T06:22:49.913407325,19.456259,-78.78438
2020-09-02T06:22:49.946977615,19.468027,-78.78991
2020-09-02T06:22:49.949266433,19.456272,-78.78977
2020-09-02T06:22:49.954988479,19.456327,-78.792366
2020-09-02T06:22:49.962999343,19.456278,-78.781555
2020-09-02T06:22:49.964906692,19.461962,-78.78593
2020-09-02T06:22:49.967195510,19.456198,-78.78703
2020-09-02T06:22:49.969102859,19.45615,-78.787285
2020-09-02T06:22:50.022509574,19.456184,-78.78924
2020-09-02T06:22:50.024798393,19.468302,-78.789536
2020-09-02T06:22:50.034716606,19.471905,-78.78712
2020-09-02T06:22:50.038531303,19.4655,-78.79569
2020-09-02T06:22:50.040438652,19.463923,-78.79057
2020-09-02T06:22:50.042727470,19.468824,-78.7902
2020-09-02T06:22:50.044634819,19.45628,-78.7957
2020-09-02T06:22:50.092319488,19.45632,-78.80092
2020-09-02T06:22:50.157933235,19.473988,-78.76242
2020-09-02T06:22:50.193792343,19.456148,-78.74544
2020-09-02T06:22:51.187536239,18.210842,-83.28881
2020-09-02T06:22:51.332878112,18.210838,-83.28518
2020-09-02T06:22:51.334785461,18.205149,-83.28397
2020-09-02T06:22:51.336692810,18.210775,-83.28385
2020-09-02T06:22:51.384376525,18.210594,-83.261406
2020-09-02T06:22:51.571300506,18.204426,-83.284935
2020-09-02T06:22:51.587322235,18.210567,-83.26137
2020-09-02T06:22:51.589229583,18.210764,-83.28609
2020-09-02T06:22:51.620891571,18.210794,-83.2831
2020-09-02T06:22:51.680784225,18.210714,-83.28576
2020-09-02T06:22:51.774246215,18.21072,-83.28607
2020-09-02T06:22:51.776153564,18.210741,-83.28711
2020-09-02T06:22:52.286949157,19.512629,-78.85266
2020-09-02T06:22:52.330818176,19.513203,-78.84159
2020-09-02T06:22:52.360572814,19.523403,-78.82185
2020-09-02T06:22:52.434198379,19.543695,-78.78453
2020-09-02T06:22:52.436105728,19.524296,-78.81476
2020-09-02T06:22:52.483789443,19.535912,-78.79889
2020-09-02T06:22:52.486078262,19.535913,-78.79734
2020-09-02T06:22:52.489892959,19.535929,-78.79645
2020-09-02T06:22:52.493707656,19.500195,-78.84197
2020-09-02T06:22:52.495996475,19.535921,-78.79668
2020-09-02T06:22:52.497903823,19.53599,-78.825516
2020-09-02T06:22:52.513927459,19.473389,-78.846146
2020-09-02T06:22:52.780197143,19.489454,-78.82709
2020-09-02T06:22:52.792022705,19.456194,-78.82326
2020-09-02T06:22:52.808044433,19.49165,-78.82962
2020-09-02T06:22:52.817962646,19.535954,-78.8256
2020-09-02T06:22:52.819869995,19.497803,-78.83998
2020-09-02T06:22:52.821777343,19.515505,-78.80519
2020-09-02T06:22:52.877471923,19.47578,-78.83527
2020-09-02T06:22:52.939271926,19.45615,-78.823296
2020-09-02T06:22:52.961015701,19.535994,-78.82561
2020-09-02T06:22:52.982759475,19.453215,-78.83645
2020-09-02T06:22:54.265281677,18.306068,-83.2472
2020-09-02T06:22:54.267189025,18.28908,-83.246445
2020-09-02T06:22:54.275199890,18.289082,-83.249214
2020-09-02T06:22:54.298851013,18.289177,-83.266136
2020-09-02T06:22:54.301139831,18.289188,-83.26614
2020-09-02T06:22:54.303047180,18.289215,-83.26616
2020-09-02T06:22:54.304954528,18.289116,-83.25002
2020-09-02T06:22:54.306861877,18.30039,-83.24821
2020-09-02T06:22:54.384302139,18.297321,-83.24123
2020-09-02T06:22:54.386590957,18.298517,-83.24359
2020-09-02T06:22:54.452203750,18.288967,-83.24108
2020-09-02T06:22:54.454111099,18.304043,-83.242134
2020-09-02T06:22:54.456018447,18.289186,-83.26616
2020-09-02T06:22:54.464029312,18.28924,-83.26615
2020-09-02T06:22:55.579463958,18.246754,-83.34147
2020-09-02T06:22:55.611127853,18.250265,-83.34169
2020-09-02T06:22:55.621046066,18.247145,-83.341545
2020-09-02T06:22:55.680555343,18.245901,-83.32991
2020-09-02T06:22:55.688566207,18.21085,-83.33938
2020-09-02T06:22:55.706495285,18.24426,-83.341385
2020-09-02T06:22:55.708402633,18.24526,-83.34143
2020-09-02T06:22:55.770202636,18.210869,-83.339264
2020-09-02T06:22:55.798049926,18.246239,-83.34156
2020-09-02T06:22:55.809875488,18.243118,-83.341415
2020-09-02T06:22:55.839630126,18.24218,-83.34129
2020-09-02T06:22:55.841918945,18.210749,-83.33942
2020-09-02T06:22:55.843826293,18.241602,-83.341255
2020-09-02T06:22:55.889604568,18.23856,-83.34105
2020-09-02T06:22:55.891511917,18.246275,-83.314644
2020-09-02T06:22:57.708478927,18.289082,-83.301056
2020-09-02T06:22:57.710386276,18.289143,-83.30809
2020-09-02T06:22:59.038684844,18.64328,-82.27929
2020-09-02T06:22:59.096288681,18.638275,-82.27591
2020-09-02T06:22:59.124135971,18.63661,-82.27941
2020-09-02T06:22:59.126043319,18.644808,-82.28388
2020-09-02T06:22:59.183645248,18.676535,-82.27791
2020-09-02T06:22:59.203483581,18.638216,-82.28417
2020-09-02T06:22:59.207679748,18.633259,-82.26328
2020-09-02T06:23:00.497826576,18.248186,-82.96704
2020-09-02T06:23:00.519570350,18.21498,-82.93483
2020-09-02T06:23:00.551614284,18.256765,-82.97411
2020-09-02T06:23:00.573358535,18.261374,-82.971634
2020-09-02T06:23:00.656901836,18.246572,-82.96266
2020-09-02T06:23:00.698482513,18.246254,-82.95988
2020-09-02T06:23:00.700771331,18.292122,-82.978294
2020-09-02T06:23:00.730526447,18.258863,-82.96323
2020-09-02T06:23:00.754178047,18.285824,-82.95502
2020-09-02T06:23:00.758374214,18.266293,-82.961845
2020-09-02T06:23:00.770199775,18.26008,-82.976395
2020-09-02T06:23:00.772107601,18.251684,-82.95312
2020-09-02T06:23:00.786221981,18.285833,-82.95501
2020-09-02T06:23:02.384604930,18.289143,-83.34343
2020-09-02T06:23:02.412452697,18.289192,-83.34345
2020-09-02T06:23:04.022661209,19.458244,-79.38543
2020-09-02T06:23:04.024568557,19.457266,-79.37984
2020-09-02T06:23:04.026475906,19.457277,-79.3771
2020-09-02T06:23:04.028764724,19.461794,-79.37505
2020-09-02T06:23:04.030672073,19.463306,-79.3738
2020-09-02T06:23:04.032579421,19.457312,-79.37393
2020-09-02T06:23:04.034486770,19.457285,-79.36491
2020-09-02T06:23:04.036775588,19.457289,-79.364914
2020-09-02T06:23:04.040590286,19.457296,-79.36492
2020-09-02T06:23:04.042497634,19.457283,-79.3649
2020-09-02T06:23:04.044404983,19.45727,-79.36488
2020-09-02T06:23:04.046693801,19.457256,-79.36486
2020-09-02T06:23:04.084460258,19.457314,-79.38888
2020-09-02T06:23:04.215687751,19.493685,-79.36613
2020-09-02T06:23:06.728467941,18.442322,-82.73093
2020-09-02T06:23:06.730375289,18.446712,-82.737724
2020-09-02T06:23:06.807814598,18.440979,-82.7284
2020-09-02T06:23:06.817732810,18.44843,-82.729935
2020-09-02T06:23:07.294959068,18.288172,-83.26595
2020-09-02T06:23:07.296866416,18.28819,-83.26597
2020-09-02T06:23:07.364768981,18.288187,-83.26601
2020-09-02T06:23:07.374687194,18.288164,-83.26597
2020-09-02T06:23:07.376594543,18.297583,-83.27922
2020-09-02T06:23:07.378501892,18.299183,-83.2718
2020-09-02T06:23:07.380409240,18.28815,-83.26601
2020-09-02T06:23:07.382698059,18.28817,-83.26601
2020-09-02T06:23:07.384605407,18.28819,-83.26601
2020-09-02T06:23:07.489892959,18.28823,-83.26602
2020-09-02T06:23:10.068285942,19.46395,-78.734146
2020-09-02T06:23:10.074390411,19.454216,-78.74522
2020-09-02T06:23:10.076297760,19.467733,-78.73594
2020-09-02T06:23:10.078205108,19.454216,-78.74519
2020-09-02T06:23:10.082401275,19.454216,-78.745186
2020-09-02T06:23:10.084308624,19.454216,-78.74519
2020-09-02T06:23:10.102237701,19.485762,-78.74617
2020-09-02T06:23:10.115970611,19.482325,-78.73986
2020-09-02T06:23:10.122074127,19.499527,-78.74664
2020-09-02T06:23:10.126270294,19.512405,-78.74695
2020-09-02T06:23:10.130084991,19.454142,-78.72776
2020-09-02T06:23:10.141911506,19.454107,-78.74522
2020-09-02T06:23:10.143818855,19.454063,-78.72391
2020-09-02T06:23:10.154118537,19.454098,-78.715256
2020-09-02T06:23:10.156025886,19.462053,-78.72195
2020-09-02T06:23:10.157933235,19.454138,-78.71756
2020-09-02T06:23:10.157933235,19.523405,-79.00752
2020-09-02T06:23:10.159840583,19.459415,-78.71821
2020-09-02T06:23:10.161747932,19.45417,-78.72264
2020-09-02T06:23:10.164036750,19.454142,-78.71371
2020-09-02T06:23:10.165944099,19.454145,-78.71898
2020-09-02T06:23:10.171666145,19.454119,-78.71785
2020-09-02T06:23:10.187687873,19.486155,-78.74154
2020-09-02T06:23:10.193792343,19.454239,-78.74524
2020-09-02T06:23:10.195699691,19.454187,-78.719
2020-09-02T06:23:10.197607040,19.502672,-78.74662
2020-09-02T06:23:10.213628768,19.518688,-79.004326
2020-09-02T06:23:10.217443466,19.504261,-78.746605
2020-09-02T06:23:10.219350814,19.494774,-78.74633
2020-09-02T06:23:10.227361679,19.49827,-78.74648
2020-09-02T06:23:10.229650497,19.49852,-78.746506
2020-09-02T06:23:10.243383407,19.516087,-79.03095
2020-09-02T06:23:10.261313438,19.534586,-78.97981
2020-09-02T06:23:10.263220787,19.534512,-78.95191
2020-09-02T06:23:10.265128135,19.534508,-78.94934
2020-09-02T06:23:10.267416954,19.534512,-78.94944
2020-09-02T06:23:10.269324302,19.5346,-78.97985
2020-09-02T06:23:10.271231651,19.454094,-78.71261
2020-09-02T06:23:10.275046348,19.454102,-78.71737
2020-09-02T06:23:10.277335166,19.454166,-78.74524
2020-09-02T06:23:10.281149864,19.454088,-78.716995
2020-09-02T06:23:10.283057212,19.454077,-78.718765
2020-09-02T06:23:10.289160728,19.45404,-78.723404
2020-09-02T06:23:10.291068077,19.454023,-78.71926
2020-09-02T06:23:10.307089805,19.454037,-78.667885
2020-09-02T06:23:10.340660095,19.39562,-78.72417
2020-09-02T06:23:10.368507385,19.534744,-79.021675
2020-09-02T06:23:10.384530067,19.485909,-79.03861
2020-09-02T06:23:10.422295570,19.454168,-78.74516
2020-09-02T06:23:10.438317298,19.455006,-79.0548
2020-09-02T06:23:10.502024650,19.458673,-78.66014
2020-09-02T06:23:10.503931999,19.46136,-78.72632
2020-09-02T06:23:11.203557968,18.69161,-82.19922
2020-09-02T06:23:11.227590560,18.713951,-82.2013
2020-09-02T06:23:11.316856384,18.696583,-82.209915
2020-09-02T06:23:11.318763732,18.686197,-82.19981
2020-09-02T06:23:11.321052551,18.696615,-82.20926
2020-09-02T06:23:11.322959899,18.696959,-82.20929
2020-09-02T06:23:11.336692810,18.72261,-82.20178
2020-09-02T06:23:11.338981628,18.700739,-82.21779
2020-09-02T06:23:11.340888977,18.686016,-82.21299
2020-09-02T06:23:11.396583557,18.75489,-82.20343
2020-09-02T06:23:11.398490905,18.711185,-82.20112
2020-09-02T06:23:11.549556732,18.692377,-82.20563
2020-09-02T06:23:11.565578460,18.736406,-82.24889
2020-09-02T06:23:11.567485809,18.703526,-82.23012
2020-09-02T06:23:11.569393157,18.695644,-82.21132
2020-09-02T06:23:10.670636177,18.209381,-83.3384
2020-09-02T06:23:10.809874534,18.20943,-83.338554
2020-09-02T06:23:10.859848022,18.209229,-83.31473
2020-09-02T06:23:10.887314796,18.20939,-83.32406
2020-09-02T06:23:10.889603614,18.212372,-83.31483
2020-09-02T06:23:10.943010330,18.209291,-83.31467
2020-09-02T06:23:10.945299148,18.209473,-83.3385
2020-09-02T06:23:10.951021194,18.209225,-83.309364
2020-09-02T06:23:10.959032058,18.209375,-83.31184
2020-09-02T06:23:10.976961135,18.209162,-83.29783
2020-09-02T06:23:10.986879348,18.20943,-83.327
2020-09-02T06:23:10.988786697,18.209528,-83.3385
2020-09-02T06:23:10.990694046,18.209532,-83.3385
2020-09-02T06:23:10.992982864,18.20951,-83.338486
2020-09-02T06:23:11.056308746,18.209362,-83.32191
2020-09-02T06:23:11.090259552,18.209253,-83.31466
2020-09-02T06:23:11.092166900,18.209272,-83.316345
2020-09-02T06:23:11.110095977,18.209345,-83.317474
2020-09-02T06:23:11.114292144,18.20953,-83.33851
2020-09-02T06:23:11.116199493,18.209282,-83.30596
2020-09-02T06:23:11.124210357,18.209555,-83.3385
2020-09-02T06:23:11.132221221,18.209368,-83.31755
2020-09-02T06:23:11.134128570,18.209528,-83.33842
2020-09-02T06:23:11.159688949,18.209406,-83.322105
2020-09-02T06:23:11.161977767,18.209175,-83.29314
2020-09-02T06:23:11.167699813,18.209219,-83.30088
2020-09-02T06:23:11.169988632,18.209143,-83.29187
2020-09-02T06:23:11.179906845,18.209257,-83.30479
2020-09-02T06:23:11.201650619,18.209494,-83.33847
2020-09-02T06:23:11.229497909,18.209255,-83.30423
2020-09-02T06:23:11.273366928,18.209305,-83.30486
2020-09-02T06:23:11.283287048,18.219093,-83.311264
2020-09-02T06:23:11.285194396,18.209259,-83.29877
2020-09-02T06:23:11.378654479,18.2201,-83.29727
2020-09-02T06:23:11.388572692,18.209368,-83.30755
2020-09-02T06:23:11.390480041,18.219643,-83.30534
2020-09-02T06:23:11.392387390,18.2096,-83.33839
2020-09-02T06:23:11.394294738,18.20925,-83.29709
2020-09-02T06:23:11.408411026,18.209406,-83.31523
2020-09-02T06:23:11.420236587,18.209377,-83.31687
2020-09-02T06:23:11.448083877,18.21752,-83.30521
2020-09-02T06:23:11.449991226,18.210705,-83.276085
2020-09-02T06:23:11.474023818,18.20936,-83.31073
2020-09-02T06:23:11.477838516,18.209278,-83.30653
2020-09-02T06:23:11.480127334,18.232307,-83.308495
2020-09-02T06:23:11.563289642,18.209349,-83.30474
2020-09-02T06:23:11.571300506,18.209322,-83.30366
2020-09-02T06:23:11.579311370,18.199982,-83.27985
2020-09-02T06:23:11.585414886,18.209335,-83.303246
2020-09-02T06:23:11.601055145,18.209284,-83.3008
2020-09-02T06:23:11.649122238,18.223799,-83.30269
2020-09-02T06:23:11.651029586,18.22936,-83.30158
2020-09-02T06:23:11.652936935,18.22833,-83.30247
2020-09-02T06:23:11.770048141,18.227358,-83.30625
2020-09-02T06:23:14.603267669,18.288605,-83.282906
2020-09-02T06:23:14.649045944,18.288582,-83.2828
2020-09-02T06:23:14.650953292,18.288443,-83.26493
2020-09-02T06:23:14.718473434,18.28845,-83.264915
2020-09-02T06:23:14.722669601,18.280153,-83.280815
2020-09-02T06:23:14.724576950,18.288456,-83.26492
2020-09-02T06:23:14.726484298,18.288452,-83.26492
2020-09-02T06:23:14.744415283,18.288551,-83.28757
2020-09-02T06:23:14.754333496,18.288372,-83.26497
2020-09-02T06:23:14.780273437,18.28848,-83.26493
2020-09-02T06:23:14.782180786,18.288483,-83.26494
2020-09-02T06:23:14.800109863,18.288475,-83.26502
2020-09-02T06:23:14.835968017,18.288673,-83.28822
2020-09-02T06:23:14.853515625,18.288794,-83.299805
2020-09-02T06:23:14.867631912,18.288746,-83.29991
2020-09-02T06:23:14.962999343,18.288837,-83.30153
2020-09-02T06:23:14.979021072,18.270502,-83.29383
2020-09-02T06:23:15.020603179,18.288742,-83.291855
2020-09-02T06:23:15.068286895,18.288546,-83.26504
2020-09-02T06:23:15.088123321,18.277515,-83.28684
2020-09-02T06:23:15.133901596,18.288506,-83.26502
2020-09-02T06:23:16.611356735,19.432032,-78.60351
2020-09-02T06:23:16.609067916,19.454847,-78.62159
2020-09-02T06:23:16.652936935,19.454796,-78.59022
2020-09-02T06:23:17.637144088,18.289597,-83.34348
2020-09-02T06:23:17.684827804,18.289549,-83.34353
2020-09-02T06:23:17.686735153,18.289537,-83.34353
2020-09-02T06:23:17.754257202,18.289597,-83.34351
2020-09-02T06:23:17.798126220,18.289574,-83.34358
2020-09-02T06:23:17.800033569,18.289585,-83.34359
2020-09-02T06:23:17.841615676,18.289598,-83.34364
2020-09-02T06:23:17.845811843,18.289604,-83.3436
2020-09-02T06:23:17.865648269,18.289589,-83.343544
2020-09-02T06:23:17.881669998,18.289572,-83.34351
2020-09-02T06:23:17.883577346,18.289557,-83.34352
2020-09-02T06:23:17.885484695,18.289541,-83.34352
2020-09-02T06:23:17.931261062,18.289589,-83.34348
2020-09-02T06:23:17.949190139,18.289562,-83.343544
2020-09-02T06:23:18.911272048,19.399857,-82.03806
2020-09-02T06:23:18.915086746,19.391325,-82.03644
2020-09-02T06:23:18.917375564,19.391285,-82.035164
2020-09-02T06:23:18.921190261,19.391033,-82.00435
2020-09-02T06:23:18.927293777,19.39131,-82.03204
2020-09-02T06:23:18.929201126,19.395748,-82.02973
2020-09-02T06:23:18.931108474,19.393967,-82.031
2020-09-02T06:23:18.933015823,19.391142,-82.004425
2020-09-02T06:23:18.935304641,19.391123,-82.00444
2020-09-02T06:23:18.974979400,19.391193,-82.00437
2020-09-02T06:23:18.976886749,19.391352,-82.02835
2020-09-02T06:23:18.978794097,19.39132,-82.02416
2020-09-02T06:23:18.980701446,19.391323,-82.025444
2020-09-02T06:23:18.998630523,19.391167,-82.00439
2020-09-02T06:23:19.000919342,19.382502,-82.02549
2020-09-02T06:23:19.002826690,19.391342,-82.031075
2020-09-02T06:23:21.565576553,19.636784,-78.51579
2020-09-02T06:23:21.569391250,19.650026,-78.485245
2020-09-02T06:23:21.571298599,19.607983,-78.50496
2020-09-02T06:23:21.615168571,19.61475,-78.48973
2020-09-02T06:23:21.621272087,19.602945,-78.53231
2020-09-02T06:23:21.623179435,19.571022,-78.538345
2020-09-02T06:23:21.652934551,19.60002,-78.52291
2020-09-02T06:23:21.716640949,19.614862,-78.51857
2020-09-02T06:23:21.718548297,19.587996,-78.51008
2020-09-02T06:23:21.738385200,19.58764,-78.49662
2020-09-02T06:23:21.740292549,19.61789,-78.51305
2020-09-02T06:23:21.744488716,19.581156,-78.55033
2020-09-02T06:23:21.792173385,19.614878,-78.51861
2020-09-02T06:23:22.263295650,19.52211,-78.49494
2020-09-02T06:23:22.265202999,19.534838,-78.51643
2020-09-02T06:23:22.307165145,19.477545,-78.495995
2020-09-02T06:23:22.309072494,19.47783,-78.492546
2020-09-02T06:23:22.309072494,19.215487,-78.19918
2020-09-02T06:23:22.310979843,19.566725,-78.51637
2020-09-02T06:23:22.310979843,19.375378,-78.51222
2020-09-02T06:23:22.400626659,19.534758,-78.51649
2020-09-02T06:23:22.402534008,19.516045,-78.51322
2020-09-02T06:23:22.404441356,19.56839,-78.517395
2020-09-02T06:23:22.406348705,19.466602,-78.50349
2020-09-02T06:23:22.408256053,19.47265,-78.50869
2020-09-02T06:23:22.410545349,19.511839,-78.52596
2020-09-02T06:23:22.412452697,19.534798,-78.51647
2020-09-02T06:23:22.418174743,19.534824,-78.51648
2020-09-02T06:23:22.593271732,19.534904,-78.593925
2020-09-02T06:23:22.595179080,19.459682,-78.53752
2020-09-02T06:23:22.601283073,19.534966,-78.59397
2020-09-02T06:23:22.609293937,19.534966,-78.593834
2020-09-02T06:23:24.322882652,18.289156,-83.312935
2020-09-02T06:23:24.430076599,18.277107,-83.32132
2020-09-02T06:23:24.440377235,18.277248,-83.32466
2020-09-02T06:23:24.457924842,18.275799,-83.32389
2020-09-02T06:23:24.464028358,18.289228,-83.31747
2020-09-02T06:23:24.527734756,18.289278,-83.33066
2020-09-02T06:23:24.529642105,18.271992,-83.32348
2020-09-02T06:23:24.561305046,18.278645,-83.32614
2020-09-02T06:23:24.573512077,18.289295,-83.32558
2020-09-02T06:23:28.749143600,14.503753,-80.364975
2020-09-02T06:23:28.751050949,14.497498,-80.36744
2020-09-02T06:23:28.752958297,14.490668,-80.37442
2020-09-02T06:23:28.754865646,14.489575,-80.37452
2020-09-02T06:23:28.756772994,14.49724,-80.37108
2020-09-02T06:23:28.759061813,14.484749,-80.37765
2020-09-02T06:23:28.760969161,14.499346,-80.34945
2020-09-02T06:23:28.766691207,14.492552,-80.36842
2020-09-02T06:23:28.971544265,14.503174,-80.3705
2020-09-02T06:23:28.973451614,14.471448,-80.3719
2020-09-02T06:23:28.981462478,14.497175,-80.38437
2020-09-02T06:23:28.987565994,14.471593,-80.4239
2020-09-02T06:23:28.989473342,14.471381,-80.34869
2020-09-02T06:23:29.440377235,18.211277,-83.30773
2020-09-02T06:23:29.442284584,18.229376,-83.31119
2020-09-02T06:23:29.444191932,18.21129,-83.31331
2020-09-02T06:23:29.446099281,18.211483,-83.34012
2020-09-02T06:23:29.475854873,18.211475,-83.34009
2020-09-02T06:23:29.577327728,18.211496,-83.34013
2020-09-02T06:23:29.579235076,18.211283,-83.31205
2020-09-02T06:23:29.581523895,18.211512,-83.34015
2020-09-02T06:23:29.631114959,18.22303,-83.320755
2020-09-02T06:23:29.639126777,18.211428,-83.340195
2020-09-02T06:23:29.690625190,18.211172,-83.309296
2020-09-02T06:23:29.692532539,18.211245,-83.31918
2020-09-02T06:23:29.720380783,18.222353,-83.32252
2020-09-02T06:23:29.732587814,18.211287,-83.32578
2020-09-02T06:23:29.734495162,18.211159,-83.3087
2020-09-02T06:23:29.742506027,18.211302,-83.325134
2020-09-02T06:23:29.770354270,18.211311,-83.325066
2020-09-02T06:23:29.772261619,18.21143,-83.340164
2020-09-02T06:23:29.774168968,18.211424,-83.340164
2020-09-02T06:23:29.788283348,18.211424,-83.34018
2020-09-02T06:23:29.821853637,18.211372,-83.34027
2020-09-02T06:23:29.887467384,18.211275,-83.32107
2020-09-02T06:23:30.068285942,18.211126,-83.30575
2020-09-02T06:23:31.193639755,18.286898,-82.95625
2020-09-02T06:23:31.195547103,18.299284,-82.97493
2020-09-02T06:23:31.205465316,18.286926,-82.95621
2020-09-02T06:23:31.215383529,18.29996,-82.9768
2020-09-02T06:23:31.219579696,18.287107,-82.97856
2020-09-02T06:23:31.231405258,18.301472,-82.978004
2020-09-02T06:23:31.237508773,18.299044,-82.97996
2020-09-02T06:23:31.251241683,18.298204,-82.9782
2020-09-02T06:23:31.253530502,18.286886,-82.95621
2020-09-02T06:23:31.255437850,18.287077,-82.98204
2020-09-02T06:23:31.285194396,18.287004,-82.956184
2020-09-02T06:23:31.287101745,18.286995,-82.9562
2020-09-02T06:23:31.297019958,18.287146,-82.978516
2020-09-02T06:23:31.366828918,18.315197,-82.981514
2020-09-02T06:23:31.370643615,18.31267,-82.977806
2020-09-02T06:23:31.374458312,18.286905,-82.956215
2020-09-02T06:23:31.384376525,18.315678,-82.98178
2020-09-02T06:23:31.388572692,18.286964,-82.956184
2020-09-02T06:23:31.392387390,18.286963,-82.95618
2020-09-02T06:23:31.394676208,18.286942,-82.95618
2020-09-02T06:23:31.396583557,18.28692,-82.956184
2020-09-02T06:23:31.426340103,18.301716,-82.9737
2020-09-02T06:23:31.428247451,18.286938,-82.956245
2020-09-02T06:23:31.430154800,18.286963,-82.95626
2020-09-02T06:23:31.432443618,18.301031,-82.971725
2020-09-02T06:23:31.434350967,18.301899,-82.971344
2020-09-02T06:23:31.440073013,18.28682,-82.95618
2020-09-02T06:23:31.442361831,18.286816,-82.95618
2020-09-02T06:23:31.444269180,18.286821,-82.95618
2020-09-02T06:23:31.452280044,18.286842,-82.95618
2020-09-02T06:23:31.454187393,18.295963,-82.970695
2020-09-02T06:23:31.456094741,18.286852,-82.95617
2020-09-02T06:23:31.462198257,18.288641,-82.9661
2020-09-02T06:23:31.464105606,18.296412,-82.97175
2020-09-02T06:23:31.477838516,18.297245,-82.95681
2020-09-02T06:23:31.480127334,18.295322,-82.963905
2020-09-02T06:23:31.482034683,18.300808,-82.97009
2020-09-02T06:23:31.515604019,18.286827,-82.95622
2020-09-02T06:23:31.517892837,18.286827,-82.95623
2020-09-02T06:23:31.519800186,18.286827,-82.95623
2020-09-02T06:23:31.521707534,18.286713,-82.9419
2020-09-02T06:23:31.523616790,18.299492,-82.9529
2020-09-02T06:23:31.525524139,18.301273,-82.96935
2020-09-02T06:23:31.537731170,18.286818,-82.956245
2020-09-02T06:23:31.539638519,18.306019,-82.95734
2020-09-02T06:23:31.565578460,18.312176,-82.93863
2020-09-02T06:23:31.567485809,18.300695,-82.9634
2020-09-02T06:23:31.617076873,18.286802,-82.95615
2020-09-02T06:23:31.682691574,18.3063,-82.97823
2020-09-02T06:23:31.684598922,18.305439,-82.978424
2020-09-02T06:23:31.768140792,18.286686,-82.95622
2020-09-02T06:23:33.766311645,18.288511,-83.26701
2020-09-02T06:23:33.804077148,18.288858,-83.300224
2020-09-02T06:23:33.805984497,18.288855,-83.30135
2020-09-02T06:23:33.875413894,18.288855,-83.30304
2020-09-02T06:23:33.907457351,18.288824,-83.3019
2020-09-02T06:23:33.937211990,18.28885,-83.301
2020-09-02T06:23:33.951326370,18.288813,-83.30266
2020-09-02T06:23:33.974977493,18.288864,-83.3022
2020-09-02T06:23:33.986803054,18.28891,-83.30303
2020-09-02T06:23:34.024570465,18.28879,-83.30072
2020-09-02T06:23:34.177923202,18.288794,-83.306854
2020-09-02T06:23:34.183645248,18.288494,-83.26702
2020-09-02T06:23:34.185552597,18.278719,-83.302505
2020-09-02T06:23:34.235525131,18.288845,-83.307076
2020-09-02T06:23:34.722669601,18.201843,-83.32392
2020-09-02T06:23:34.724576950,18.21002,-83.34003
2020-09-02T06:23:34.823760986,18.201193,-83.32734
2020-09-02T06:23:34.826049804,18.199001,-83.32031
2020-09-02T06:23:34.827957153,18.209995,-83.34001
2020-09-02T06:23:34.877550125,18.209887,-83.31944
2020-09-02T06:23:34.887468338,18.210009,-83.33995
2020-09-02T06:23:34.913408279,18.210032,-83.339966
2020-09-02T06:23:34.998859405,18.210081,-83.33998
2020-09-02T06:23:36.609067916,19.53457,-78.593575
2020-09-02T06:23:36.611356735,19.534555,-78.59357
2020-09-02T06:23:36.613264083,19.53457,-78.59359
2020-09-02T06:23:36.615171432,19.534586,-78.59361
2020-09-02T06:23:36.617078781,19.534601,-78.593636
2020-09-02T06:23:36.618986129,19.534616,-78.593666
2020-09-02T06:23:36.659040451,19.53455,-78.59358
2020-09-02T06:23:36.660947799,19.534536,-78.59356
2020-09-02T06:23:36.662855148,19.534525,-78.58438
2020-09-02T06:23:36.668958663,19.534576,-78.59366
2020-09-02T06:23:36.670866012,19.534588,-78.59368
2020-09-02T06:23:36.674680709,19.534622,-78.59365
2020-09-02T06:23:36.676969528,19.534588,-78.5713
2020-09-02T06:23:36.678876876,19.534655,-78.59363
2020-09-02T06:23:36.680784225,19.53456,-78.54415
2020-09-02T06:23:36.682691574,19.534609,-78.57239
2020-09-02T06:23:36.686887741,19.534554,-78.56037
2020-09-02T06:23:36.688795089,19.537481,-78.57558
2020-09-02T06:23:36.696805953,19.534426,-78.5162
2020-09-02T06:23:36.698713302,19.534506,-78.55137
2020-09-02T06:23:36.700620651,19.5346,-78.59355
2020-09-02T06:23:36.718549728,19.507921,-78.51558
2020-09-02T06:23:36.766235351,19.534475,-78.55104
2020-09-02T06:23:36.770431518,19.532423,-78.59924
2020-09-02T06:23:36.776153564,19.534529,-78.547424
2020-09-02T06:23:36.778060913,19.534653,-78.59356
2020-09-02T06:23:36.790267944,19.518305,-78.59943
2020-09-02T06:23:36.847871780,19.534613,-78.59365
2020-09-02T06:23:36.849779129,19.534601,-78.593666
2020-09-02T06:23:36.851686477,19.534607,-78.59365
2020-09-02T06:23:36.853593826,19.52047,-78.59324
2020-09-02T06:23:36.855882644,19.534645,-78.59362
2020-09-02T06:23:36.857789993,19.534664,-78.59361
2020-09-02T06:23:36.859697341,19.534681,-78.593605
2020-09-02T06:23:36.861604690,19.534685,-78.5936
2020-09-02T06:23:36.895555496,19.534657,-78.59359
2020-09-02T06:23:36.897462844,19.534655,-78.593575
2020-09-02T06:23:36.903566360,19.534664,-78.59357
2020-09-02T06:23:36.905473709,19.53467,-78.59358
2020-09-02T06:23:36.907381057,19.5403,-78.60243
2020-09-02T06:23:36.909288406,19.534683,-78.59361
2020-09-02T06:23:36.915391921,19.523567,-78.59837
2020-09-02T06:23:36.927217483,19.534683,-78.59357
2020-09-02T06:23:37.012668609,19.454807,-78.59139
2020-09-02T06:23:37.014957427,19.534636,-78.599815
2020-09-02T06:23:37.024875640,19.538578,-78.59549
2020-09-02T06:23:37.026782989,19.534687,-78.59361
2020-09-02T06:23:37.030597686,19.5347,-78.59364
2020-09-02T06:23:38.736557006,18.264853,-83.3424
2020-09-02T06:23:38.778137207,18.267534,-83.34258
2020-09-02T06:23:38.815902709,18.266922,-83.34262
2020-09-02T06:23:38.857866287,18.289164,-83.34376
2020-09-02T06:23:38.859773635,18.263828,-83.34223
2020-09-02T06:23:38.889528274,18.268934,-83.34251
2020-09-02T06:23:39.042499542,18.250181,-83.327354
2020-09-02T06:23:39.058521270,18.26779,-83.351326
2020-09-02T06:23:39.088277816,18.289177,-83.343735
2020-09-02T06:23:39.096288681,18.265871,-83.34241
2020-09-02T06:23:39.100103378,18.26855,-83.3426
2020-09-02T06:23:39.104299545,18.26463,-83.34234
2020-09-02T06:23:39.106206893,18.26515,-83.342354
2020-09-02T06:23:39.108114242,18.262833,-83.3422
2020-09-02T06:23:39.110021591,18.263077,-83.3422
2020-09-02T06:23:39.112310409,18.20959,-83.2613
2020-09-02T06:23:39.122228622,18.209581,-83.26129
2020-09-02T06:23:39.132146835,18.20953,-83.261284
2020-09-02T06:23:39.145879745,18.209585,-83.26133
2020-09-02T06:23:39.179830551,18.209558,-83.261345
2020-09-02T06:23:39.255363464,18.28919,-83.343765
2020-09-02T06:23:39.293128967,18.257664,-83.34184
2020-09-02T06:23:39.340814590,18.25063,-83.35764
2020-09-02T06:23:44.899291992,18.288689,-83.266
2020-09-02T06:23:44.907302856,18.275105,-83.28623
2020-09-02T06:23:44.953080177,18.288565,-83.26595
2020-09-02T06:23:44.954987525,18.271793,-83.285645
2020-09-02T06:23:44.957276344,18.2886,-83.26592
2020-09-02T06:23:45.000764846,18.271193,-83.29122
2020-09-02T06:23:45.002672195,18.260292,-83.29305
2020-09-02T06:23:45.074389457,18.268677,-83.28851
2020-09-02T06:23:45.076296806,18.26061,-83.28343
2020-09-02T06:23:45.082400321,18.288471,-83.266014
2020-09-02T06:23:45.086215019,18.28867,-83.285866
2020-09-02T06:23:45.092318534,18.268358,-83.29026
2020-09-02T06:23:45.094225883,18.266222,-83.28099
2020-09-02T06:23:45.138095855,18.27042,-83.28574
2020-09-02T06:23:45.189595222,18.269968,-83.287254
2020-09-02T06:23:45.207524299,18.288475,-83.26599
2020-09-02T06:23:45.255208969,18.289116,-83.3438
2020-09-02T06:23:45.259405136,18.26851,-83.30872
2020-09-02T06:23:45.261312484,18.266626,-83.30639
2020-09-02T06:23:45.263219833,18.288729,-83.301544
2020-09-02T06:23:45.975052833,18.421125,-77.37755
2020-09-02T06:23:45.977341651,18.421127,-77.37874
2020-09-02T06:23:45.979249000,18.42113,-77.38284
2020-09-02T06:23:45.981156349,18.42113,-77.38401
2020-09-02T06:23:45.983063697,18.42114,-77.41263
2020-09-02T06:23:45.984972000,18.421131,-77.39733
2020-09-02T06:23:45.987260818,18.421137,-77.412636
2020-09-02T06:23:45.989168167,18.421133,-77.41264
2020-09-02T06:23:45.991075515,18.421133,-77.41264
2020-09-02T06:23:46.052874565,18.42113,-77.3901
2020-09-02T06:23:46.072710990,18.421246,-77.41265
2020-09-02T06:23:46.074618339,18.42121,-77.387314
2020-09-02T06:23:46.076525688,18.421198,-77.41265
2020-09-02T06:23:46.080721855,18.421152,-77.41264
2020-09-02T06:23:46.163883209,19.4746,-78.803474
2020-09-02T06:23:46.165790557,19.454851,-78.82321
2020-09-02T06:23:46.173802375,19.47091,-78.80417
2020-09-02T06:23:46.175709724,19.472181,-78.802444
2020-09-02T06:23:46.177998542,19.454788,-78.79738
2020-09-02T06:23:46.179905891,19.470173,-78.79314
2020-09-02T06:23:46.181813240,19.470663,-78.79298
2020-09-02T06:23:46.183720588,19.473148,-78.79475
2020-09-02T06:23:46.209660530,19.47108,-78.785286
2020-09-02T06:23:46.233312606,19.454794,-78.80266
2020-09-02T06:23:46.235601425,19.466007,-78.79855
2020-09-02T06:23:46.237508773,19.454735,-78.78888
2020-09-02T06:23:46.241323471,19.454805,-78.82311
2020-09-02T06:23:46.251241683,19.454727,-78.79045
2020-09-02T06:23:46.253530502,19.4683,-78.78986
2020-09-02T06:23:46.255437850,19.454828,-78.82319
2020-09-02T06:23:46.257345199,19.454771,-78.796875
2020-09-02T06:23:46.265356063,19.454664,-78.783356
2020-09-02T06:23:46.267263412,19.454643,-78.78965
2020-09-02T06:23:46.329062461,19.47475,-78.782005
2020-09-02T06:23:46.330969810,19.454662,-78.790855
2020-09-02T06:23:46.386665344,19.47588,-78.78843
2020-09-02T06:23:46.388572692,19.468008,-78.7903
2020-09-02T06:23:46.390480041,19.460989,-78.79203
2020-09-02T06:23:46.392387390,19.45461,-78.793365
2020-09-02T06:23:46.460289955,19.480257,-78.78858
2020-09-02T06:23:46.470208168,19.475983,-78.780136
2020-09-02T06:23:46.480127334,19.53452,-78.82559
2020-09-02T06:23:46.505685806,19.47486,-78.79161
2020-09-02T06:23:46.507974624,19.46422,-78.78917
2020-09-02T06:23:46.509881973,19.47567,-78.80034
2020-09-02T06:23:46.527811050,19.477978,-78.788734
2020-09-02T06:23:46.529718399,19.468273,-78.789024
2020-09-02T06:23:46.537729263,19.481995,-78.79701
2020-09-02T06:23:46.541544914,19.481972,-78.79808
2020-09-02T06:23:46.543452262,19.477747,-78.799355
2020-09-02T06:23:46.545741081,19.486229,-78.79489
2020-09-02T06:23:46.585413932,19.454647,-78.823265
2020-09-02T06:23:54.179830551,19.4999,-78.12348
2020-09-02T06:23:54.219503402,19.48444,-78.146
2020-09-02T06:23:54.682615280,18.289106,-83.3437
2020-09-02T06:23:54.684904098,18.289095,-83.3437
2020-09-02T06:23:54.867631912,18.288963,-83.34371
2020-09-02T06:23:54.913408279,18.28899,-83.34376
2020-09-02T06:23:55.030521392,18.289038,-83.34381
2020-09-02T06:23:55.042728424,18.289019,-83.34384
2020-09-02T06:23:55.052646636,18.289045,-83.343735
2020-09-02T06:23:55.082401275,18.288956,-83.343704
2020-09-02T06:23:55.239570617,18.288958,-83.34386
2020-09-02T06:23:55.243385314,18.288961,-83.34387
2020-09-02T06:23:55.273139953,18.288927,-83.34389
2020-09-02T06:23:56.547649383,18.274284,-83.29702
2020-09-02T06:23:56.561382293,18.288393,-83.29638
2020-09-02T06:23:56.565578460,18.288216,-83.26631
2020-09-02T06:23:56.682691574,18.28843,-83.29575
2020-09-02T06:23:58.128103256,18.521318,-82.73564
2020-09-02T06:23:58.130010604,18.52133,-82.735634
2020-09-02T06:23:58.142217636,18.5042,-82.73467
2020-09-02T06:23:58.144124984,18.521267,-82.73564
2020-09-02T06:23:58.154043197,18.481468,-82.74134
2020-09-02T06:23:58.183797836,18.521318,-82.73567
2020-09-02T06:23:58.213554382,18.521343,-82.735634
2020-09-02T06:23:58.237586975,18.442091,-82.73121
2020-09-02T06:23:58.380640029,18.503977,-82.720825
2020-09-02T06:23:58.382547378,18.52136,-82.73554
2020-09-02T06:23:59.378577233,18.320808,-82.57752
2020-09-02T06:23:59.376669407,18.282984,-82.567245
2020-09-02T06:23:59.380484581,18.336258,-82.57893
2020-09-02T06:23:59.382773400,18.357447,-82.583374
2020-09-02T06:23:59.384680748,18.676575,-82.299736
2020-09-02T06:23:59.386588097,18.676426,-82.27795
2020-09-02T06:23:59.388495446,18.67643,-82.27792
2020-09-02T06:23:59.390402794,18.676432,-82.27791
2020-09-02T06:23:59.410239697,18.67645,-82.27791
2020-09-02T06:23:59.412528515,18.686144,-82.313934
2020-09-02T06:23:59.414435864,18.67875,-82.320786
2020-09-02T06:23:59.452201844,18.441328,-82.61369
2020-09-02T06:23:59.452201844,18.676603,-82.30333
2020-09-02T06:23:59.480049611,18.67657,-82.30274
2020-09-02T06:23:59.481956959,18.666798,-82.31179
2020-09-02T06:23:59.483864308,18.676584,-82.304214
2020-09-02T06:23:59.593347550,18.639256,-82.279755
2020-09-02T06:23:59.595255375,18.654594,-82.306694
2020-09-02T06:23:59.617380620,18.633915,-82.232216
2020-09-02T06:23:59.718471528,18.676655,-82.30622
2020-09-02T06:23:59.746319294,18.676498,-82.277954
2020-09-02T06:23:59.748226643,18.675999,-82.30836
2020-09-02T06:23:59.750515938,18.653158,-82.28322
2020-09-02T06:23:59.774167061,18.640606,-82.25985
2020-09-02T06:23:59.796292782,18.637379,-82.26334
2020-09-02T06:23:59.810025692,18.634348,-82.25694
2020-09-02T06:23:59.841688157,18.63943,-82.262215
2020-09-02T06:23:59.843977452,18.676558,-82.27796
2020-09-02T06:23:59.859617711,18.5969,-82.196045
2020-09-02T06:23:59.861906529,18.645786,-82.25868
2020-09-02T06:23:59.883650780,18.637817,-82.19818
2020-09-02T06:23:59.979019642,18.632282,-82.21478
2020-09-02T06:23:59.996948720,18.651224,-82.26477
2020-09-02T06:23:59.998856545,18.676723,-82.29461
2020-09-02T06:24:00.000763893,18.676594,-82.2778
2020-09-02T06:24:00.016785621,18.670061,-82.29811
2020-09-02T06:24:00.018692970,18.664278,-82.29455
2020-09-02T06:24:00.020600318,18.658457,-82.29526
2020-09-02T06:24:00.022889137,18.676668,-82.277855
2020-09-02T06:24:00.066377639,18.596941,-82.1961
2020-09-02T06:24:00.068666458,18.64002,-82.2511
2020-09-02T06:24:00.098421573,18.645472,-82.26181
2020-09-02T06:24:00.100328922,18.671864,-82.31109
2020-09-02T06:24:00.102236270,18.658903,-82.29743
2020-09-02T06:24:00.104143619,18.657942,-82.29181
2020-09-02T06:24:00.106432437,18.662556,-82.295845
2020-09-02T06:24:00.108339786,18.66362,-82.294075
2020-09-02T06:24:00.110247135,18.676962,-82.30245
2020-09-02T06:24:00.112154483,18.676802,-82.27788
2020-09-02T06:24:00.249485969,18.676197,-82.20019
2020-09-02T06:24:03.098345756,18.210722,-83.338974
2020-09-02T06:24:03.179981231,18.21063,-83.33905
2020-09-02T06:24:03.181888580,18.23295,-83.34037
2020-09-02T06:24:03.211644172,18.229647,-83.34015
2020-09-02T06:24:03.213551521,18.210749,-83.33901
2020-09-02T06:24:03.219655036,18.225897,-83.33988
2020-09-02T06:24:03.221562385,18.210743,-83.338974
2020-09-02T06:24:03.275350570,18.210703,-83.339005
2020-09-02T06:24:03.342871665,18.23004,-83.34014
2020-09-02T06:24:03.344779014,18.226318,-83.329315
2020-09-02T06:24:03.346686363,18.228777,-83.34006
2020-09-02T06:24:03.426414489,18.223114,-83.33115
2020-09-02T06:24:03.428321838,18.229435,-83.32455
2020-09-02T06:24:03.430229187,18.225777,-83.33977
2020-09-02T06:24:03.452355384,18.210648,-83.33897
2020-09-02T06:24:03.507668495,18.224075,-83.32924
2020-09-02T06:24:03.509958267,18.210714,-83.33888
2020-09-02T06:24:03.513772964,18.210707,-83.338905
2020-09-02T06:24:03.525598526,18.221281,-83.33258
2020-09-02T06:24:03.541620254,18.220594,-83.33955
2020-09-02T06:24:03.571375846,18.220842,-83.33117
2020-09-02T06:24:03.591212272,18.2106,-83.338875
2020-09-02T06:24:03.740368843,18.230993,-83.33223
2020-09-02T06:24:03.742276191,18.235264,-83.340355
2020-09-02T06:24:03.744565010,18.236555,-83.340454
2020-09-02T06:24:03.748379707,18.210709,-83.33895
2020-09-02T06:24:03.752194404,18.234388,-83.331314
2020-09-02T06:24:03.754483222,18.210728,-83.33892
2020-09-02T06:24:03.875411033,19.32284,-82.19973
2020-09-02T06:24:03.877699851,19.474335,-82.24005
2020-09-02T06:24:03.909362792,19.501669,-82.29437
2020-09-02T06:24:03.909362792,19.392164,-82.16024
2020-09-02T06:24:03.909362792,19.232634,-82.15162
2020-09-02T06:24:03.911270141,19.473152,-82.32088
2020-09-02T06:24:04.404518127,19.32153,-82.20138
2020-09-02T06:24:04.406425476,19.4045,-82.2356
2020-09-02T06:24:04.953080177,18.289633,-83.3436
2020-09-02T06:24:04.996950149,18.28965,-83.34356
2020-09-02T06:24:05.070574760,18.289486,-83.328094
2020-09-02T06:24:05.108340263,18.289503,-83.328476
2020-09-02T06:24:05.110247611,18.289602,-83.34347
2020-09-02T06:24:05.116351127,18.289673,-83.343544
2020-09-02T06:24:05.140003204,18.289501,-83.32804
2020-09-02T06:24:05.173954010,18.289652,-83.343544
2020-09-02T06:24:08.328757286,18.289114,-83.26571
2020-09-02T06:24:08.331046104,18.294947,-83.280396
2020-09-02T06:24:08.462274551,18.28904,-83.26576
2020-09-02T06:24:08.464181900,18.28917,-83.28031
2020-09-02T06:24:08.466089248,18.289066,-83.26577
2020-09-02T06:24:08.577479362,18.289066,-83.265755
2020-09-02T06:24:08.579386711,18.274687,-83.255905
2020-09-02T06:24:08.645000457,18.28918,-83.265785
2020-09-02T06:24:10.366600036,18.210241,-83.31067
2020-09-02T06:24:10.559626579,18.21026,-83.310555
2020-09-02T06:24:10.646985054,18.203363,-83.308014
2020-09-02T06:24:10.678647041,18.21025,-83.30622
2020-09-02T06:24:10.700773239,18.2105,-83.33923
2020-09-02T06:24:10.799956321,18.210234,-83.307724
2020-09-02T06:24:10.815979003,18.21024,-83.302734
2020-09-02T06:24:10.832000732,18.210236,-83.30286
2020-09-02T06:24:10.845733642,18.210228,-83.303986
2020-09-02T06:24:10.865570068,18.21022,-83.30445
2020-09-02T06:24:10.875489234,18.210232,-83.30909
2020-09-02T06:24:10.945299148,18.210485,-83.33925
2020-09-02T06:24:10.986879348,18.210438,-83.33923
2020-09-02T06:24:10.999087333,18.210447,-83.339264
2020-09-02T06:24:11.004808425,18.210466,-83.339264
2020-09-02T06:24:11.006715774,18.19906,-83.323326
2020-09-02T06:24:11.009004592,18.195559,-83.31727
2020-09-02T06:24:11.010911941,18.210484,-83.339264
2020-09-02T06:24:11.014726638,18.19142,-83.33815
2020-09-02T06:24:11.016633987,18.185797,-83.324066
2020-09-02T06:24:11.018922805,18.210487,-83.3393
2020-09-02T06:24:11.092548370,18.184406,-83.3111
2020-09-02T06:24:11.098270416,18.198223,-83.31946
2020-09-02T06:24:11.179906845,18.185743,-83.30419
2020-09-02T06:24:11.187917709,18.210508,-83.339294
2020-09-02T06:24:11.207754135,18.187862,-83.32111
2020-09-02T06:24:11.277183532,18.186634,-83.310326
2020-09-02T06:24:11.279090881,18.189154,-83.30945
2020-09-02T06:24:12.750440597,18.242788,-83.34143
2020-09-02T06:24:12.752347946,18.236986,-83.34108
2020-09-02T06:24:12.867553710,18.241419,-83.34145
2020-09-02T06:24:12.913331985,18.241518,-83.34143
2020-09-02T06:24:12.939271926,18.240986,-83.341415
2020-09-02T06:24:12.969026565,18.2102,-83.339615
2020-09-02T06:24:13.142217636,18.245146,-83.34159
2020-09-02T06:24:13.762878417,15.26068,-82.10212
2020-09-02T06:24:13.776611328,15.281406,-82.08135
2020-09-02T06:24:13.778518676,15.319863,-82.078735
2020-09-02T06:24:13.896013259,15.267469,-82.08368
2020-09-02T06:24:13.897920608,15.258202,-82.089905
2020-09-02T06:24:13.933778762,15.279612,-82.078705
2020-09-02T06:24:13.935686111,15.267843,-82.091515
2020-09-02T06:24:14.173727035,18.631939,-82.40305
2020-09-02T06:24:14.176015853,18.62102,-82.40053
2020-09-02T06:24:14.177923202,18.632893,-82.40406
2020-09-02T06:24:14.179830551,18.62518,-82.40497
2020-09-02T06:24:14.181737899,18.629908,-82.406555
2020-09-02T06:24:14.183645248,18.62283,-82.40602
2020-09-02T06:24:14.185934066,18.616463,-82.4083
2020-09-02T06:24:14.187841415,18.598349,-82.42898
2020-09-02T06:24:14.193563461,18.598164,-82.403046
2020-09-02T06:24:14.195852279,18.615274,-82.40103
2020-09-02T06:24:14.197759628,18.598345,-82.42904
2020-09-02T06:24:14.199666976,18.598137,-82.39929
2020-09-02T06:24:14.203863143,18.59814,-82.39854
2020-09-02T06:24:14.211492538,18.59811,-82.390945
2020-09-02T06:24:14.213781356,18.598164,-82.39799
2020-09-02T06:24:14.221410751,18.598133,-82.39289
2020-09-02T06:24:14.273292541,18.66414,-82.39172
2020-09-02T06:24:14.275199890,18.645939,-82.39544
2020-09-02T06:24:14.277107238,18.642666,-82.39709
2020-09-02T06:24:14.279396057,18.677752,-82.43341
2020-09-02T06:24:15.949113845,19.473885,-78.78648
2020-09-02T06:24:15.951402664,19.469496,-78.785324
2020-09-02T06:24:15.957124710,19.455196,-78.77796
2020-09-02T06:24:15.959032058,19.455206,-78.7776
2020-09-02T06:24:15.967042922,19.455124,-78.74572
2020-09-02T06:24:15.968950271,19.45519,-78.77274
2020-09-02T06:24:15.971239089,19.455187,-78.77367
2020-09-02T06:24:15.984973907,19.455065,-78.745735
2020-09-02T06:24:15.986881256,19.455156,-78.776474
2020-09-02T06:24:15.992984771,19.45508,-78.74573
2020-09-02T06:24:15.994892120,19.455118,-78.76878
2020-09-02T06:24:16.004810333,19.465752,-78.78304
2020-09-02T06:24:16.009006500,19.455173,-78.78611
2020-09-02T06:24:16.066608428,19.466642,-78.77599
2020-09-02T06:24:16.068515777,19.455236,-78.78349
2020-09-02T06:24:16.090259552,19.455217,-78.77118
2020-09-02T06:24:16.092548370,19.455252,-78.7811
2020-09-02T06:24:16.108190536,19.455105,-78.7456
2020-09-02T06:24:16.110097885,19.45514,-78.76836
2020-09-02T06:24:16.130315780,19.462933,-78.76543
2020-09-02T06:24:16.132223129,19.462833,-78.76802
2020-09-02T06:24:16.134130477,19.455181,-78.77254
2020-09-02T06:24:16.187917709,19.466602,-78.768875
2020-09-02T06:24:16.189825057,19.455124,-78.76575
2020-09-02T06:24:16.191732406,19.455145,-78.77093
2020-09-02T06:24:16.193639755,19.463528,-78.771736
2020-09-02T06:24:16.223775863,19.455347,-78.82308
2020-09-02T06:24:16.239418029,19.472004,-78.78
2020-09-02T06:24:16.243614196,19.480553,-78.79336
2020-09-02T06:24:16.245521545,19.45521,-78.78686
2020-09-02T06:24:16.255439758,19.496786,-78.80589
2020-09-02T06:24:16.257347106,19.48556,-78.794975
2020-09-02T06:24:16.259254455,19.48233,-78.795425
2020-09-02T06:24:16.261543273,19.4879,-78.82406
2020-09-02T06:24:16.263450622,19.455336,-78.823105
2020-09-02T06:24:16.269172668,19.485249,-78.798416
2020-09-02T06:24:16.279090881,19.473724,-78.8067
2020-09-02T06:24:16.281379699,19.494175,-78.80885
2020-09-02T06:24:16.283287048,19.4787,-78.795975
2020-09-02T06:24:16.285194396,19.48058,-78.79817
2020-09-02T06:24:16.287101745,19.476862,-78.79088
2020-09-02T06:24:16.289390563,19.455275,-78.8231
2020-09-02T06:24:16.291297912,19.484035,-78.811554
2020-09-02T06:24:16.293205261,19.483492,-78.80853
2020-09-02T06:24:16.295112609,19.471106,-78.80967
2020-09-02T06:24:16.297019958,19.455303,-78.82307
2020-09-02T06:24:16.321052551,19.478882,-78.82043
2020-09-02T06:24:16.322959899,19.47868,-78.81647
2020-09-02T06:24:16.330970764,19.477167,-78.82369
2020-09-02T06:24:16.332878112,19.475262,-78.82364
2020-09-02T06:24:16.366830825,19.534887,-78.71544
2020-09-02T06:24:16.402688980,19.53486,-78.74795
2020-09-02T06:24:16.416421890,19.455126,-78.74567
2020-09-02T06:24:16.440454483,19.455173,-78.74562
2020-09-02T06:24:16.442361831,19.455214,-78.76773
2020-09-02T06:24:16.444269180,19.460188,-78.76418
2020-09-02T06:24:16.446176528,19.455156,-78.76263
2020-09-02T06:24:16.448083877,19.455091,-78.74559
2020-09-02T06:24:16.450372695,19.464302,-78.756714
2020-09-02T06:24:16.452280044,19.464294,-78.77026
2020-09-02T06:24:16.454187393,19.45857,-78.75367
2020-09-02T06:24:16.456094741,19.461355,-78.75496
2020-09-02T06:24:16.458002090,19.462776,-78.76137
2020-09-02T06:24:16.460290908,19.45901,-78.748146
2020-09-02T06:24:16.462198257,19.455156,-78.74563
2020-09-02T06:24:16.472116470,19.455175,-78.74569
2020-09-02T06:24:16.474025726,19.455172,-78.7457
2020-09-02T06:24:16.475933074,19.46835,-78.74894
2020-09-02T06:24:16.478221893,19.469145,-78.754135
2020-09-02T06:24:16.480129241,19.455204,-78.76369
2020-09-02T06:24:16.483943939,19.509243,-78.74727
2020-09-02T06:24:16.485851287,19.473076,-78.74621
2020-09-02T06:24:16.651029586,19.468401,-78.77404
2020-09-02T06:24:16.652936935,19.455137,-78.74562
2020-09-02T06:24:19.954986573,18.259554,-83.34242
2020-09-02T06:24:20.022889137,18.25195,-83.317314
2020-09-02T06:24:20.169757366,18.247137,-83.34161
2020-09-02T06:24:20.307088851,18.262081,-83.31958
2020-09-02T06:24:20.308996200,18.254902,-83.31006
2020-09-02T06:24:20.310903549,18.266243,-83.31719
2020-09-02T06:24:20.368887901,18.255514,-83.30976
2020-09-02T06:24:20.370795249,18.25021,-83.30681
2020-09-02T06:24:20.372702598,18.253462,-83.31145
2020-09-02T06:24:20.412375926,18.255894,-83.31102
2020-09-02T06:24:23.485924720,18.288237,-83.26589
2020-09-02T06:24:23.545816421,18.288313,-83.26587
2020-09-02T06:24:23.547723770,18.288397,-83.27733
2020-09-02T06:24:23.589304924,18.288376,-83.26589
2020-09-02T06:24:23.597315788,18.288319,-83.26584
2020-09-02T06:24:23.603419303,18.28831,-83.26587
2020-09-02T06:24:23.615244865,18.288357,-83.26598
2020-09-02T06:24:23.674755096,18.288399,-83.26595
2020-09-02T06:24:23.774320602,18.288382,-83.266014
2020-09-02T06:24:23.815900802,18.288351,-83.26602
2020-09-02T06:24:23.838027000,18.28833,-83.26605
2020-09-02T06:24:26.054781913,18.41772,-82.68707
2020-09-02T06:24:26.056689262,18.417707,-82.68922
2020-09-02T06:24:26.058596611,18.418797,-82.69132
2020-09-02T06:24:26.060503959,18.418112,-82.69237
2020-09-02T06:24:26.062411308,18.425982,-82.68563
2020-09-02T06:24:26.064700126,18.442533,-82.69612
2020-09-02T06:24:26.078433036,18.41017,-82.70056
2020-09-02T06:24:26.080340385,18.409039,-82.70173
2020-09-02T06:24:26.134128570,18.40449,-82.69435
2020-09-02T06:24:26.137943267,18.406658,-82.697014
2020-09-02T06:24:26.140232086,18.426233,-82.68283
2020-09-02T06:24:26.150150299,18.442871,-82.731125
2020-09-02T06:24:27.305258750,18.28926,-83.30484
2020-09-02T06:24:27.356758117,18.28915,-83.304276
2020-09-02T06:24:27.400627136,18.289284,-83.30782
2020-09-02T06:24:27.402534484,18.289265,-83.306366
2020-09-02T06:24:27.458230018,18.279568,-83.31185
2020-09-02T06:24:27.463952064,18.289198,-83.306404
2020-09-02T06:24:27.474252700,18.289164,-83.30482
2020-09-02T06:24:27.489892959,18.289127,-83.30286
2020-09-02T06:24:28.324942588,18.257627,-83.342026
2020-09-02T06:24:28.503854751,18.289106,-83.343834
2020-09-02T06:24:28.595409393,18.25688,-83.34194
2020-09-02T06:24:28.601131439,18.289104,-83.34384
2020-09-02T06:24:28.621349334,18.289076,-83.34385
2020-09-02T06:24:28.748380661,18.289045,-83.343834
2020-09-02T06:24:29.410622596,18.3165,-83.23146
2020-09-02T06:24:29.466318130,18.288073,-83.23461
2020-09-02T06:24:29.468225479,18.288076,-83.234276
2020-09-02T06:24:29.519724845,18.209766,-83.31469
2020-09-02T06:24:29.521632194,18.209972,-83.33931
2020-09-02T06:24:29.523921012,18.20986,-83.32246
2020-09-02T06:24:29.525828361,18.210014,-83.33931
2020-09-02T06:24:29.571604728,18.302975,-83.23784
2020-09-02T06:24:29.573513031,18.288313,-83.266174
2020-09-02T06:24:29.633022308,18.28804,-83.23316
2020-09-02T06:24:29.698637008,18.303785,-83.2517
2020-09-02T06:24:30.225454330,18.236141,-83.26441
2020-09-02T06:24:30.350959777,18.314812,-83.24393
2020-09-02T06:24:30.350959777,18.130022,-83.256966
2020-09-02T06:24:36.730377197,18.753927,-82.15324
2020-09-02T06:24:36.734573364,18.75398,-82.15659
2020-09-02T06:24:36.744491577,18.753992,-82.15715
2020-09-02T06:24:36.746398925,18.753992,-82.16006
2020-09-02T06:24:36.821929931,18.75404,-82.16068
2020-09-02T06:24:36.823837280,18.754025,-82.15813
2020-09-02T06:24:36.829940795,18.754066,-82.1636
2020-09-02T06:24:36.833755493,18.735975,-82.1751
2020-09-02T06:24:36.836044311,18.71608,-82.165085
2020-09-02T06:24:36.837951660,18.754068,-82.16453
2020-09-02T06:24:36.865800857,18.709146,-82.18857
2020-09-02T06:24:36.867708206,18.713652,-82.16125
2020-09-02T06:24:36.899370193,18.710072,-82.1689
2020-09-02T06:24:36.901659011,18.714437,-82.172325
2020-09-02T06:24:36.913484573,18.732542,-82.18275
2020-09-02T06:24:36.915391921,18.75407,-82.16096
2020-09-02T06:24:36.931413650,18.709288,-82.182686
2020-09-02T06:24:36.933320999,18.713928,-82.18053
2020-09-02T06:24:36.935228347,18.708748,-82.18636
2020-09-02T06:24:36.937135696,18.712593,-82.1773
2020-09-02T06:24:36.939424514,18.710775,-82.19027
2020-09-02T06:24:36.941331863,18.70879,-82.171234
2020-09-02T06:24:36.969181060,18.697582,-82.2226
2020-09-02T06:24:36.971088409,18.702349,-82.204285
2020-09-02T06:24:37.050434112,18.754084,-82.16026
2020-09-02T06:24:37.054630279,18.717112,-82.16321
2020-09-02T06:24:37.056537628,18.705147,-82.17919
2020-09-02T06:24:37.062641143,18.75381,-82.126396
2020-09-02T06:24:37.064548492,18.675034,-82.19994
2020-09-02T06:24:37.094305038,18.754086,-82.15999
2020-09-02T06:24:37.108419418,18.746988,-82.13953
2020-09-02T06:24:37.175939559,18.663076,-82.180016
2020-09-02T06:24:37.177846908,18.704803,-82.17687
2020-09-02T06:24:37.796218872,18.288055,-83.3437
2020-09-02T06:24:37.903413772,18.23869,-83.34079
2020-09-02T06:24:37.905321121,18.253733,-83.33256
2020-09-02T06:24:37.909517288,18.288094,-83.343765
2020-09-02T06:24:37.931261062,18.240145,-83.34085
2020-09-02T06:24:37.951097488,18.288008,-83.343765
2020-09-02T06:24:37.959110260,18.235943,-83.34061
2020-09-02T06:24:37.969028472,18.241394,-83.340996
2020-09-02T06:24:38.002979278,18.288109,-83.3437
2020-09-02T06:24:38.024723052,18.288065,-83.34364
2020-09-02T06:24:38.235679626,18.287714,-83.28819
2020-09-02T06:24:38.255516052,18.287714,-83.28823
2020-09-02T06:24:38.257423400,18.28755,-83.265884
2020-09-02T06:24:38.279167175,18.287615,-83.26592
2020-09-02T06:24:38.281074523,18.28762,-83.265915
2020-09-02T06:24:38.293281555,18.27925,-83.28239
2020-09-02T06:24:38.358896255,18.287521,-83.265884
2020-09-02T06:24:38.360803604,18.287697,-83.286575
2020-09-02T06:24:38.370721817,18.287584,-83.26596
2020-09-02T06:24:38.376825332,18.287575,-83.26591
2020-09-02T06:24:38.388650894,18.287804,-83.291306
2020-09-02T06:24:38.392465591,18.287603,-83.26588
2020-09-02T06:24:39.217597961,19.853907,-78.67954
2020-09-02T06:24:39.219505310,19.8539,-78.67954
2020-09-02T06:24:38.734649658,19.58458,-78.56592
2020-09-02T06:24:38.736557006,19.605654,-78.536095
2020-09-02T06:24:38.738464355,19.569695,-78.52165
2020-09-02T06:24:38.812088012,19.594444,-78.52918
2020-09-02T06:24:38.813995361,19.585917,-78.53448
2020-09-02T06:24:38.833833694,19.59189,-78.53922
2020-09-02T06:24:38.881517410,19.572445,-78.52078
2020-09-02T06:24:38.915468215,19.533474,-78.51563
2020-09-02T06:24:38.917375564,19.599764,-78.53083
2020-09-02T06:24:38.919282913,19.565176,-78.52305
2020-09-02T06:24:38.953235626,19.560148,-78.51729
2020-09-02T06:24:38.955142974,19.569511,-78.51658
2020-09-02T06:24:38.997104644,19.544058,-78.51503
2020-09-02T06:24:38.999011993,19.5335,-78.51564
2020-09-02T06:24:39.024951934,19.582678,-78.546715
2020-09-02T06:24:39.036777496,19.558844,-78.536285
2020-09-02T06:24:39.156179428,19.533587,-78.51557
2020-09-02T06:24:39.168004989,19.533638,-78.542656
2020-09-02T06:24:39.191656112,19.533527,-78.5155
2020-09-02T06:24:39.203865051,19.541313,-78.53697
2020-09-02T06:24:39.217597961,19.529873,-78.496666
2020-09-02T06:24:39.219505310,19.518396,-78.497894
2020-09-02T06:24:39.243537902,19.533632,-78.51552
2020-09-02T06:24:39.249641418,19.548634,-78.54255
2020-09-02T06:24:39.253456115,19.557804,-78.52533
2020-09-02T06:24:39.255363464,19.568756,-78.526596
2020-09-02T06:24:39.257270812,19.533634,-78.51551
2020-09-02T06:24:39.386590957,19.489191,-78.513275
2020-09-02T06:24:39.388498306,19.50168,-78.51999
2020-09-02T06:24:39.390787124,19.53362,-78.545815
2020-09-02T06:24:41.802091598,18.179756,-83.3376
2020-09-02T06:24:41.982911109,18.210123,-83.33949
2020-09-02T06:24:41.985199928,18.170898,-83.32091
2020-09-02T06:24:42.042802810,18.172659,-83.32337
2020-09-02T06:24:42.052721023,18.172728,-83.31893
2020-09-02T06:24:42.064546585,18.18424,-83.33786
2020-09-02T06:24:47.678723335,18.281796,-83.289276
2020-09-02T06:24:47.681012153,18.272573,-83.28642
2020-09-02T06:24:47.718778610,18.279242,-83.28728
2020-09-02T06:24:47.724500656,18.28904,-83.29203
2020-09-02T06:24:47.728696823,18.28905,-83.29261
2020-09-02T06:24:47.730604171,18.288845,-83.26682
2020-09-02T06:24:47.744337081,18.284447,-83.28973
2020-09-02T06:24:47.748533248,18.288761,-83.26674
2020-09-02T06:24:47.750440597,18.28894,-83.29175
2020-09-02T06:24:47.816054344,18.289011,-83.291115
2020-09-02T06:24:47.903412818,18.289042,-83.29072
2020-09-02T06:24:47.905320167,18.288862,-83.26679
2020-09-02T06:24:49.382774353,18.210098,-83.262054
2020-09-02T06:24:49.384681701,18.2101,-83.26206
2020-09-02T06:24:49.412529945,18.210068,-83.26216
2020-09-02T06:24:49.414437294,18.210068,-83.26216
2020-09-02T06:24:49.416344642,18.210068,-83.26216
2020-09-02T06:24:49.505990982,18.203333,-83.26774
2020-09-02T06:24:49.507898330,18.183294,-83.247475
2020-09-02T06:24:49.509805679,18.21015,-83.26209
2020-09-02T06:24:49.549479484,18.210163,-83.26199
2020-09-02T06:24:49.551768302,18.194471,-83.26383
2020-09-02T06:24:49.563593864,18.21013,-83.26197
2020-09-02T06:24:49.565501213,18.199976,-83.26139
2020-09-02T06:24:49.569697380,18.21009,-83.26202
2020-09-02T06:24:49.609371185,18.205141,-83.270836
2020-09-02T06:24:49.611278533,18.202614,-83.261604
2020-09-02T06:24:49.613185882,18.2101,-83.26205
2020-09-02T06:24:49.623104095,18.210026,-83.26203
2020-09-02T06:24:49.724576950,18.202364,-83.26642
2020-09-02T06:24:49.730680465,18.210085,-83.26198
2020-09-02T06:24:49.780272483,18.210014,-83.26197
2020-09-02T06:24:49.782179832,18.210022,-83.261986
2020-09-02T06:24:49.786375999,18.201788,-83.26152
2020-09-02T06:24:49.811934471,18.210028,-83.261955
2020-09-02T06:24:49.863815307,18.209976,-83.262
2020-09-02T06:24:49.895478248,18.18609,-83.23871
2020-09-02T06:24:50.510035514,19.481571,-78.639946
2020-09-02T06:24:50.511942863,19.47239,-78.637634
2020-09-02T06:24:50.513850212,19.466063,-78.6382
2020-09-02T06:24:50.518046379,19.47067,-78.635956
2020-09-02T06:24:50.519953727,19.455307,-78.62545
2020-09-02T06:24:50.521861076,19.455338,-78.63668
2020-09-02T06:24:50.523768424,19.455343,-78.638916
2020-09-02T06:24:50.535593986,19.455374,-78.644745
2020-09-02T06:24:50.537882804,19.455435,-78.66883
2020-09-02T06:24:50.547801017,19.455399,-78.639404
2020-09-02T06:24:50.549708366,19.455408,-78.64029
2020-09-02T06:24:50.551615715,19.455399,-78.634834
2020-09-02T06:24:50.553523063,19.455395,-78.63314
2020-09-02T06:24:50.563442230,19.45529,-78.5915
2020-09-02T06:24:50.565731048,19.455284,-78.59149
2020-09-02T06:24:50.638974189,19.466473,-78.6347
2020-09-02T06:24:51.627376556,19.455748,-78.74603
2020-09-02T06:24:51.629283905,19.45577,-78.75842
2020-09-02T06:24:51.651029586,19.455694,-78.754875
2020-09-02T06:24:51.652936935,19.46152,-78.75522
2020-09-02T06:24:51.655225753,19.455717,-78.74601
2020-09-02T06:24:51.668958663,19.45581,-78.74601
2020-09-02T06:24:51.670866012,19.455814,-78.74601
2020-09-02T06:24:51.686887741,19.455801,-78.746025
2020-09-02T06:24:51.688795089,19.467966,-78.746376
2020-09-02T06:24:51.690702438,19.455833,-78.746025
2020-09-02T06:24:51.708631515,19.464994,-78.76463
2020-09-02T06:24:51.714735031,19.455711,-78.74603
2020-09-02T06:24:51.716642379,19.463535,-78.766136
2020-09-02T06:24:51.718549728,19.463411,-78.76773
2020-09-02T06:24:51.720838546,19.461544,-78.77427
2020-09-02T06:24:51.722745895,19.455597,-78.746056
2020-09-02T06:24:51.728467941,19.455713,-78.77972
2020-09-02T06:24:51.736478805,19.459919,-78.78294
2020-09-02T06:24:51.742582321,19.455753,-78.746
2020-09-02T06:24:51.750593185,19.455765,-78.78984
2020-09-02T06:24:51.752500534,19.461565,-78.77813
2020-09-02T06:24:51.756315231,19.455692,-78.745995
2020-09-02T06:24:51.758604049,19.455706,-78.745995
2020-09-02T06:24:51.762418746,19.455717,-78.74601
2020-09-02T06:24:51.764326095,19.455711,-78.746025
2020-09-02T06:24:51.774246215,19.455648,-78.731476
2020-09-02T06:24:51.784164428,19.455622,-78.72411
2020-09-02T06:24:51.786453247,19.45568,-78.745995
2020-09-02T06:24:51.798278808,19.455849,-78.784584
2020-09-02T06:24:51.800186157,19.455961,-78.82334
2020-09-02T06:24:51.802093505,19.455896,-78.79831
2020-09-02T06:24:51.804000854,19.455883,-78.795906
2020-09-02T06:24:51.806289672,19.459513,-78.79493
2020-09-02T06:24:51.816207885,19.455936,-78.82336
2020-09-02T06:24:51.818115234,19.4559,-78.80833
2020-09-02T06:24:51.820022583,19.45594,-78.82333
2020-09-02T06:24:51.824218750,19.455927,-78.82334
2020-09-02T06:24:51.829940795,19.455902,-78.82335
2020-09-02T06:24:51.845962524,19.455923,-78.823395
2020-09-02T06:24:51.847869873,19.455887,-78.80278
2020-09-02T06:24:51.859695434,19.45589,-78.80639
2020-09-02T06:24:51.861984252,19.45589,-78.80257
2020-09-02T06:24:51.863891601,19.455902,-78.80166
2020-09-02T06:24:51.865798950,19.46768,-78.80464
2020-09-02T06:24:51.867706298,19.465723,-78.78003
2020-09-02T06:24:51.869613647,19.455805,-78.74605
2020-09-02T06:24:51.871902465,19.455803,-78.74604
2020-09-02T06:24:51.875717163,19.47973,-78.80191
2020-09-02T06:24:51.877624511,19.468906,-78.79712
2020-09-02T06:24:51.879531860,19.455853,-78.7884
2020-09-02T06:24:51.881820678,19.455664,-78.716324
2020-09-02T06:24:51.883728027,19.45858,-78.72609
2020-09-02T06:24:51.893646240,19.455648,-78.70147
2020-09-02T06:24:51.901659011,19.45564,-78.66859
2020-09-02T06:24:51.903566360,19.45563,-78.66859
2020-09-02T06:24:51.911577224,19.455616,-78.67773
2020-09-02T06:24:51.913484573,19.455603,-78.668594
2020-09-02T06:24:51.923402786,19.455626,-78.66863
2020-09-02T06:24:51.925310134,19.455618,-78.66863
2020-09-02T06:24:51.929506301,19.455603,-78.66863
2020-09-02T06:24:51.931413650,19.455667,-78.69585
2020-09-02T06:24:51.933320999,19.455647,-78.68469
2020-09-02T06:24:51.935228347,19.455639,-78.67956
2020-09-02T06:24:51.937517166,19.4782,-78.75381
2020-09-02T06:24:51.951250076,19.45568,-78.66861
2020-09-02T06:24:52.611202239,18.289091,-83.23219
2020-09-02T06:24:52.678724288,18.289446,-83.26638
2020-09-02T06:24:53.036548614,18.288969,-83.234726
2020-09-02T06:24:53.116275787,18.289215,-83.26651
2020-09-02T06:24:53.404672622,18.289146,-83.266495
2020-09-02T06:24:53.406579971,18.269947,-83.28353
2020-09-02T06:24:54.811935424,18.262012,-83.342606
2020-09-02T06:24:54.829864501,18.256414,-83.34225
2020-09-02T06:24:54.842071533,18.25654,-83.34231
2020-09-02T06:24:54.855804443,18.255655,-83.34226
2020-09-02T06:24:54.877550125,18.257288,-83.342415
2020-09-02T06:24:54.949266433,18.255665,-83.34234
2020-09-02T06:24:55.020984649,18.259476,-83.34252
2020-09-02T06:24:55.052646636,18.263546,-83.34271
2020-09-02T06:24:56.388574600,18.522339,-82.73563
2020-09-02T06:24:56.491954803,18.465757,-82.73777
2020-09-02T06:24:56.507976531,18.47338,-82.73288
2020-09-02T06:24:56.509883880,18.468128,-82.73259
2020-09-02T06:24:56.533916473,18.443321,-82.73122
2020-09-02T06:24:56.555660247,18.52235,-82.7356
2020-09-02T06:24:56.577404022,18.473839,-82.75441
2020-09-02T06:24:56.599531173,18.479301,-82.73329
2020-09-02T06:24:56.601438522,18.464504,-82.73164
2020-09-02T06:24:57.078662872,18.28925,-83.26618
2020-09-02T06:24:57.197683334,18.279732,-83.27332
2020-09-02T06:24:59.020752907,18.210733,-83.3392
2020-09-02T06:24:59.022660256,18.210732,-83.33921
2020-09-02T06:24:59.066529751,18.210695,-83.34618
2020-09-02T06:24:59.070726395,18.210672,-83.33917
2020-09-02T06:24:59.112307072,18.210629,-83.3391
2020-09-02T06:24:59.114214421,18.21063,-83.33911
2020-09-02T06:24:59.130236149,18.21058,-83.33919
2020-09-02T06:24:59.135958672,18.21065,-83.339165
2020-09-02T06:24:59.151980401,18.21069,-83.33921
2020-09-02T06:24:59.185931683,18.210648,-83.33919
2020-09-02T06:24:59.197757721,18.210611,-83.33919
2020-09-02T06:24:59.199665070,18.210602,-83.3392
2020-09-02T06:24:59.203861237,18.210623,-83.33918
2020-09-02T06:24:59.213779450,18.210632,-83.33915
2020-09-02T06:24:59.249638081,18.21063,-83.339134
2020-09-02T06:24:59.265278817,18.210587,-83.339195
2020-09-02T06:24:59.279393197,18.21056,-83.33914
2020-09-02T06:24:59.293126584,18.21056,-83.339134
2020-09-02T06:24:59.309148312,18.210524,-83.339134
2020-09-02T06:24:59.311055661,18.21052,-83.33915
2020-09-02T06:24:59.315251828,18.210546,-83.33918
2020-09-02T06:24:59.319067002,18.210575,-83.3392
2020-09-02T06:24:59.348822117,18.210575,-83.3392
2020-09-02T06:24:59.362936497,18.21053,-83.33914
2020-09-02T06:24:59.364843846,18.210524,-83.339165
2020-09-02T06:24:59.366751195,18.212517,-83.34587
2020-09-02T06:24:59.368658543,18.21051,-83.33922
2020-09-02T06:24:59.382773400,18.210587,-83.35041
2020-09-02T06:24:59.384680748,18.211348,-83.34922
2020-09-02T06:24:59.386588097,18.210613,-83.356186
2020-09-02T06:24:59.388495446,18.210466,-83.33918
2020-09-02T06:24:59.390784264,18.210516,-83.34649
2020-09-02T06:24:59.438468457,18.21059,-83.349686
2020-09-02T06:24:59.448387146,18.214361,-83.349335
2020-09-02T06:24:59.464027405,18.210438,-83.33913
2020-09-02T06:24:59.499886036,18.20743,-83.35015
2020-09-02T06:24:59.517815590,18.21045,-83.33905
2020-09-02T06:24:59.575418473,18.21057,-83.35048
2020-09-02T06:24:59.666972638,18.210417,-83.33907
2020-09-02T06:24:59.696727753,18.205605,-83.34872
2020-09-02T06:24:59.702831269,18.211147,-83.349335
2020-09-02T06:24:59.710842133,18.210463,-83.33911
2020-09-02T06:24:59.728771687,18.210419,-83.349106
2020-09-02T06:24:59.746319294,18.210447,-83.33916
2020-09-02T06:24:59.845884800,19.472137,-82.22407
2020-09-02T06:24:59.847792149,19.472292,-82.242905
2020-09-02T06:24:59.869535924,19.472214,-82.22895
2020-09-02T06:24:59.871443272,19.47333,-82.23526
2020-09-02T06:24:59.891661644,19.472288,-82.243065
2020-09-02T06:24:59.909209729,19.47222,-82.24287
2020-09-02T06:24:59.929427624,19.472229,-82.2429
2020-09-02T06:24:59.931334973,19.48047,-82.233315
2020-09-02T06:24:59.947357178,19.472204,-82.2429
2020-09-02T06:24:59.949264527,19.472189,-82.24289
2020-09-02T06:24:59.962997437,19.481083,-82.24286
2020-09-02T06:24:59.964904786,19.482262,-82.23969
2020-09-02T06:24:59.972916127,19.472212,-82.24284
2020-09-02T06:24:59.974823475,19.472206,-82.24285
2020-09-02T06:24:59.979019642,19.472193,-82.24287
2020-09-02T06:24:59.980926991,19.48189,-82.24828
2020-09-02T06:24:59.982834340,19.472195,-82.24286
2020-09-02T06:24:59.990845204,19.472343,-82.260315
2020-09-02T06:24:59.992752553,19.48023,-82.25819
2020-09-02T06:24:59.995041371,19.4722,-82.24285
2020-09-02T06:25:00.058366298,19.481054,-82.24756
2020-09-02T06:25:00.076295852,19.47973,-82.260994
2020-09-02T06:25:00.078203201,19.47236,-82.24298
2020-09-02T06:25:00.086214065,19.472622,-82.279816
2020-09-02T06:25:00.088502883,19.48088,-82.25357
2020-09-02T06:25:00.094225406,19.478363,-82.27042
2020-09-02T06:25:00.096132755,19.472563,-82.26944
2020-09-02T06:25:00.098421573,19.472609,-82.27471
2020-09-02T06:25:00.100328922,19.472385,-82.24289
2020-09-02T06:25:00.146105766,19.47251,-82.274055
2020-09-02T06:25:00.148013114,19.47253,-82.2737
2020-09-02T06:25:00.149920463,19.481955,-82.26019
2020-09-02T06:25:00.151828289,19.485378,-82.25795
2020-09-02T06:25:00.154117107,19.472525,-82.27339
2020-09-02T06:25:00.156024456,19.472284,-82.24291
2020-09-02T06:25:00.161746501,19.514719,-82.24525
2020-09-02T06:25:00.193790435,19.48378,-82.25385
2020-09-02T06:25:00.195697784,19.493296,-82.26726
2020-09-02T06:25:00.199512481,19.552439,-82.282104
2020-09-02T06:25:00.209430694,19.529266,-82.2812
2020-09-02T06:25:00.211719512,19.483654,-82.26341
2020-09-02T06:25:00.213627338,19.518618,-82.284065
2020-09-02T06:25:00.215534687,19.505594,-82.27248
2020-09-02T06:25:00.217442035,19.525576,-82.28557
2020-09-02T06:25:00.219349384,19.511421,-82.28551
2020-09-02T06:25:00.221638202,19.504728,-82.27106
2020-09-02T06:25:00.223545551,19.472301,-82.26264
2020-09-02T06:25:00.225452899,19.541513,-82.30118
2020-09-02T06:25:00.227360248,19.506697,-82.27679
2020-09-02T06:25:00.229649066,19.49603,-82.264626
2020-09-02T06:25:00.231556415,19.499712,-82.27119
2020-09-02T06:25:00.233463764,19.521843,-82.293915
2020-09-02T06:25:00.235371112,19.52538,-82.29698
2020-09-02T06:25:00.239567279,19.546352,-82.30806
2020-09-02T06:25:00.058747768,19.534067,-78.20627
2020-09-02T06:25:00.066759109,19.534079,-78.206276
2020-09-02T06:25:00.068666458,19.534086,-78.20628
2020-09-02T06:25:00.070573806,19.534092,-78.20628
2020-09-02T06:25:00.086595535,19.534082,-78.20631
2020-09-02T06:25:00.102236270,19.524601,-78.20603
2020-09-02T06:25:00.112154483,19.519857,-78.20594
2020-09-02T06:25:00.114443302,19.534012,-78.206276
2020-09-02T06:25:00.116350650,19.5124,-78.20573
2020-09-02T06:25:00.177768230,19.534025,-78.206276
2020-09-02T06:25:00.180057048,19.53404,-78.206276
2020-09-02T06:25:00.187686920,19.533993,-78.20624
2020-09-02T06:25:00.191883087,19.533974,-78.20623
2020-09-02T06:25:00.207904815,19.515371,-78.202065
2020-09-02T06:25:00.211719512,19.515493,-78.20586
2020-09-02T06:25:00.301366329,19.533768,-78.206345
2020-09-02T06:25:00.303273677,19.533772,-78.20633
2020-09-02T06:25:04.639125823,18.288599,-83.26551
2020-09-02T06:25:04.641033172,18.288603,-83.26551
2020-09-02T06:25:04.642940521,18.288612,-83.265495
2020-09-02T06:25:04.645229339,18.28879,-83.2863
2020-09-02T06:25:04.666973114,18.28897,-83.3064
2020-09-02T06:25:04.668880462,18.288948,-83.302574
2020-09-02T06:25:04.827956199,18.289051,-83.317055
2020-09-02T06:25:04.829863548,18.289015,-83.31258
2020-09-02T06:25:04.861907005,18.288635,-83.265564
2020-09-02T06:25:04.979020118,18.283463,-83.302475
2020-09-02T06:25:05.006868362,18.28909,-83.311966
2020-09-02T06:25:08.155949592,18.250578,-83.34153
2020-09-02T06:25:08.181889533,18.247515,-83.34137
2020-09-02T06:25:08.492029190,18.252338,-83.34164
2020-09-02T06:25:11.046772003,19.485647,-78.59203
2020-09-02T06:25:11.048679351,19.478533,-78.59912
2020-09-02T06:25:11.050586700,19.489977,-78.5922
2020-09-02T06:25:11.052875518,19.494705,-78.59229
2020-09-02T06:25:11.070423126,19.496407,-78.59225
2020-09-02T06:25:11.074619293,19.496952,-78.59228
2020-09-02T06:25:11.078433990,19.502317,-78.592445
2020-09-02T06:25:11.080341339,19.50808,-78.59261
2020-09-02T06:25:11.082630157,19.496838,-78.59229
2020-09-02T06:25:11.092548370,19.48394,-78.599655
2020-09-02T06:25:11.102466583,19.501488,-78.592415
2020-09-02T06:25:11.104373931,19.500269,-78.58517
2020-09-02T06:25:11.106281280,19.48735,-78.57612
2020-09-02T06:25:11.118106842,19.489498,-78.57595
2020-09-02T06:25:11.120395660,19.487535,-78.56537
2020-09-02T06:25:11.122303009,19.501883,-78.57009
2020-09-02T06:25:11.130313873,19.534214,-78.51597
2020-09-02T06:25:11.132221221,19.507824,-78.55108
2020-09-02T06:25:11.136035919,19.514023,-78.54268
2020-09-02T06:25:11.138324737,19.534292,-78.515945
2020-09-02T06:25:11.176092147,19.5098,-78.59258
2020-09-02T06:25:11.177999496,19.486588,-78.57022
2020-09-02T06:25:11.179906845,19.499405,-78.55792
2020-09-02T06:25:11.183721542,19.534399,-78.593254
2020-09-02T06:25:11.186010360,19.534405,-78.59323
2020-09-02T06:25:11.189825057,19.53424,-78.51579
2020-09-02T06:25:11.191732406,19.506348,-78.5566
2020-09-02T06:25:11.194021224,19.50689,-78.57504
2020-09-02T06:25:11.195928573,19.517649,-78.543686
2020-09-02T06:25:11.197835922,19.511168,-78.5696
2020-09-02T06:25:11.199743270,19.518728,-78.53606
2020-09-02T06:25:11.201650619,19.522768,-78.532875
2020-09-02T06:25:11.203939437,19.53426,-78.544426
2020-09-02T06:25:11.207754135,19.5342,-78.51588
2020-09-02T06:25:11.350807189,19.451061,-78.574814
2020-09-02T06:25:13.467996597,18.288204,-83.23352
2020-09-02T06:25:13.537807464,18.28844,-83.265656
2020-09-02T06:25:13.643095016,18.288574,-83.28049
2020-09-02T06:25:13.645002365,18.28861,-83.28631
2020-09-02T06:25:13.826202392,17.295822,-83.57479
2020-09-02T06:25:13.867782592,17.296669,-83.574104
2020-09-02T06:25:13.897539138,17.305597,-83.57355
2020-09-02T06:25:18.442438125,19.465487,-78.80788
2020-09-02T06:25:18.444345474,19.45497,-78.80541
2020-09-02T06:25:18.446252822,19.463814,-78.80562
2020-09-02T06:25:18.448160171,19.467773,-78.80667
2020-09-02T06:25:18.450448989,19.470167,-78.80364
2020-09-02T06:25:18.464183807,19.45501,-78.82336
2020-09-02T06:25:18.472194671,19.454935,-78.79454
2020-09-02T06:25:18.490123748,19.472681,-78.80096
2020-09-02T06:25:18.492031097,19.454908,-78.80038
2020-09-02T06:25:18.500041961,19.454962,-78.799545
2020-09-02T06:25:18.537807464,19.484182,-78.78662
2020-09-02T06:25:18.539714813,19.478119,-78.79698
2020-09-02T06:25:18.551540374,19.48328,-78.7836
2020-09-02T06:25:18.553829193,19.48622,-78.789085
2020-09-02T06:25:18.585493087,19.455025,-78.82333
2020-09-02T06:25:18.599225997,19.472437,-78.79593
2020-09-02T06:25:18.601514816,19.471794,-78.79574
2020-09-02T06:25:18.615247726,19.463173,-78.78995
2020-09-02T06:25:18.617155075,19.454966,-78.793915
2020-09-02T06:25:18.621351242,19.45491,-78.78571
2020-09-02T06:25:18.623258590,19.454924,-78.78609
2020-09-02T06:25:18.625165939,19.463652,-78.79344
2020-09-02T06:25:18.627073287,19.465778,-78.781746
2020-09-02T06:25:18.629362106,19.468102,-78.786964
2020-09-02T06:25:18.649198532,19.45499,-78.823296
2020-09-02T06:25:18.653013229,19.45486,-78.766464
2020-09-02T06:25:18.654920578,19.466543,-78.78599
2020-09-02T06:25:18.659116744,19.454958,-78.78955
2020-09-02T06:25:18.661024093,19.464298,-78.78545
2020-09-02T06:25:18.796066284,19.469484,-78.788895
2020-09-02T06:25:18.798355102,19.483746,-78.78967
2020-09-02T06:25:18.808273315,19.476374,-78.79629
2020-09-02T06:25:18.810180664,19.454956,-78.823265
2020-09-02T06:25:18.830018997,19.476477,-78.79964
2020-09-02T06:25:18.841844558,19.467402,-78.78662
2020-09-02T06:25:18.844133377,19.454882,-78.796906
2020-09-02T06:25:18.893724441,19.454908,-78.82337
2020-09-02T06:25:18.921571731,19.469477,-78.80013
2020-09-02T06:25:18.927293777,19.471285,-78.80731
2020-09-02T06:25:18.929582595,19.467,-78.80726
2020-09-02T06:25:18.935304641,19.475348,-78.80504
2020-09-02T06:25:18.937211990,19.467648,-78.80979
2020-09-02T06:25:18.949420928,19.477581,-78.80645
2020-09-02T06:25:18.979175567,19.47461,-78.81156
2020-09-02T06:25:18.981082916,19.482405,-78.805725
2020-09-02T06:25:18.982990264,19.474472,-78.81368
2020-09-02T06:25:18.985279083,19.454878,-78.823364
2020-09-02T06:25:18.995197296,19.491745,-78.81495
2020-09-02T06:25:18.997104644,19.480091,-78.81475
2020-09-02T06:25:18.999011993,19.454924,-78.82335
2020-09-02T06:25:19.002826690,19.497046,-78.82457
2020-09-02T06:25:19.005115509,19.480354,-78.81958
2020-09-02T06:25:19.007022857,19.47346,-78.81859
2020-09-02T06:25:19.008930206,19.454905,-78.82329
2020-09-02T06:25:19.016941070,19.478132,-78.828026
2020-09-02T06:25:19.018848419,19.473476,-78.812065
2020-09-02T06:25:19.837873459,18.288452,-83.30202
2020-09-02T06:25:19.959182740,18.288391,-83.28801
2020-09-02T06:25:19.961090088,18.279606,-83.28771
2020-09-02T06:25:19.993134022,18.288538,-83.29867
2020-09-02T06:25:19.995041371,18.288536,-83.29583
2020-09-02T06:25:19.996948720,18.288548,-83.29489
2020-09-02T06:25:19.998856545,18.28834,-83.2665
2020-09-02T06:25:20.006867408,18.288242,-83.2665
2020-09-02T06:25:20.024796485,18.288538,-83.29968
2020-09-02T06:25:20.026703834,18.288464,-83.29262
2020-09-02T06:25:20.040818691,18.288263,-83.26644
2020-09-02T06:25:20.042726039,18.288254,-83.26644
2020-09-02T06:25:20.044633388,18.288242,-83.26644
2020-09-02T06:25:20.048829555,18.288221,-83.26643
2020-09-02T06:25:20.076677322,18.288305,-83.266525
2020-09-02T06:25:20.078584671,18.288319,-83.26652
2020-09-02T06:25:20.104525089,18.268656,-83.27378
2020-09-02T06:25:20.130084037,18.264597,-83.26517
2020-09-02T06:25:20.132372856,18.271252,-83.276764
2020-09-02T06:25:20.172046184,18.272297,-83.27859
2020-09-02T06:25:20.205615997,18.288252,-83.266594
2020-09-02T06:25:20.207904815,18.288551,-83.30198
2020-09-02T06:25:20.209812164,18.288507,-83.294426
2020-09-02T06:25:20.221638202,18.288551,-83.29951
2020-09-02T06:25:20.245671272,18.288479,-83.29445
2020-09-02T06:25:20.321203231,18.270266,-83.27434
2020-09-02T06:25:20.446327209,18.28844,-83.2665
2020-09-02T06:25:20.515755653,18.131208,-83.335
2020-09-02T06:25:20.641261100,18.172035,-83.32351
2020-09-02T06:25:20.643168449,18.171932,-83.32615
2020-09-02T06:25:20.651179790,18.186861,-83.33832
2020-09-02T06:25:20.653087139,18.131174,-83.33504
2020-09-02T06:25:20.716793537,18.210136,-83.33965
2020-09-02T06:25:20.718700885,18.183838,-83.33406
2020-09-02T06:25:20.720608234,18.181664,-83.32643
2020-09-02T06:25:20.722515583,18.191193,-83.3339
2020-09-02T06:25:20.724804401,18.191269,-83.33026
2020-09-02T06:25:20.726711750,18.184702,-83.33815
2020-09-02T06:25:20.764477729,18.210129,-83.339676
2020-09-02T06:25:20.937286376,18.183598,-83.322296
2020-09-02T06:25:20.939193725,18.210184,-83.339714
2020-09-02T06:25:20.945297241,18.18523,-83.33293
2020-09-02T06:25:20.947204589,18.210152,-83.3397
2020-09-02T06:25:22.623408317,18.223402,-82.98633
2020-09-02T06:25:22.689022541,18.28655,-82.99373
2020-09-02T06:25:22.692837238,18.246134,-82.981476
2020-09-02T06:25:22.694744586,18.299477,-82.99921
2020-09-02T06:25:22.748532295,18.182117,-82.962364
2020-09-02T06:25:22.750439643,18.266161,-82.99653
2020-09-02T06:25:22.798124313,18.268364,-82.98555
2020-09-02T06:25:22.800413131,18.25313,-82.99014
2020-09-02T06:25:22.820250034,18.258043,-82.97319
2020-09-02T06:25:22.822157382,18.260433,-82.98
2020-09-02T06:25:22.824064731,18.264408,-82.988846
2020-09-02T06:25:23.048753738,18.286274,-82.9563
2020-09-02T06:25:23.645000457,18.443037,-82.7638
2020-09-02T06:25:23.669033050,18.472256,-82.75358
2020-09-02T06:25:23.670940399,18.467104,-82.75418
2020-09-02T06:25:23.774320602,18.471025,-82.73386
2020-09-02T06:25:23.776227951,18.463316,-82.74586
2020-09-02T06:25:23.784238815,18.464405,-82.739044
2020-09-02T06:25:23.786146163,18.464462,-82.74883
2020-09-02T06:25:23.794157028,18.442848,-82.73226
2020-09-02T06:25:25.748456954,18.288855,-83.28116
2020-09-02T06:25:25.778211593,18.288738,-83.267
2020-09-02T06:25:32.590221405,14.519206,-80.37835
2020-09-02T06:25:32.592128753,14.51256,-80.37995
2020-09-02T06:25:32.594036102,14.511317,-80.3836
2020-09-02T06:25:32.595943450,14.502807,-80.38475
2020-09-02T06:25:32.597850799,14.491872,-80.380714
2020-09-02T06:25:32.600139617,14.491168,-80.37621
2020-09-02T06:25:32.602046966,14.492652,-80.38302
2020-09-02T06:25:32.603954315,14.483949,-80.375984
2020-09-02T06:25:32.605861663,14.499809,-80.376755
2020-09-02T06:25:32.608150482,14.47086,-80.34837
2020-09-02T06:25:32.380790710,18.275331,-83.28658
2020-09-02T06:25:32.424280166,18.28955,-83.28251
2020-09-02T06:25:32.489892959,18.27806,-83.28274
2020-09-02T06:25:32.512018203,18.289375,-83.2667
2020-09-02T06:25:32.513927459,18.28938,-83.26669
2020-09-02T06:25:32.543682098,18.289406,-83.26672
2020-09-02T06:25:32.597469329,18.28946,-83.26667
2020-09-02T06:25:32.601284027,18.289465,-83.26666
2020-09-02T06:25:32.605480194,18.289423,-83.26668
2020-09-02T06:25:32.615398406,18.272326,-83.28011
2020-09-02T06:25:32.625316619,18.289547,-83.28537
2020-09-02T06:25:32.631038665,18.28935,-83.26672
2020-09-02T06:25:32.643247604,18.289404,-83.26676
2020-09-02T06:25:32.658887863,18.289423,-83.266685
2020-09-02T06:25:32.674909591,18.289406,-83.26662
2020-09-02T06:25:32.694746017,18.289541,-83.28808
2020-09-02T06:25:32.710767745,18.289612,-83.2872
2020-09-02T06:25:32.722593307,18.289396,-83.26669
2020-09-02T06:25:32.736707687,18.28936,-83.26665
2020-09-02T06:25:32.778289794,18.278463,-83.282455
2020-09-02T06:25:32.788208007,18.277372,-83.28273
2020-09-02T06:25:32.802322387,18.289568,-83.287224
2020-09-02T06:25:32.816055297,18.289392,-83.2666
2020-09-02T06:25:32.820251464,18.289421,-83.26664
2020-09-02T06:25:32.822158813,18.289406,-83.26665
2020-09-02T06:25:32.824066162,18.28938,-83.266655
2020-09-02T06:25:32.921342849,18.274685,-83.2877
2020-09-02T06:25:32.923631668,18.289633,-83.29697
2020-09-02T06:25:32.963304519,18.289509,-83.286995
2020-09-02T06:25:33.822006225,18.053679,-83.40809
2020-09-02T06:25:33.830017089,18.053644,-83.40811
2020-09-02T06:25:33.831924438,18.053637,-83.408104
2020-09-02T06:25:33.839935302,18.053617,-83.40805
2020-09-02T06:25:33.841842651,18.053629,-83.40805
2020-09-02T06:25:33.846038818,18.037579,-83.39266
2020-09-02T06:25:33.847946166,18.053682,-83.40808
2020-09-02T06:25:33.851760864,18.026524,-83.40648
2020-09-02T06:25:33.854049682,18.01448,-83.391785
2020-09-02T06:25:33.857864379,18.012978,-83.38398
2020-09-02T06:25:33.869689941,17.974672,-83.37478
2020-09-02T06:25:33.871978759,18.00252,-83.38214
2020-09-02T06:25:33.877702713,17.974625,-83.369225
2020-09-02T06:25:33.879610061,17.974632,-83.37076
2020-09-02T06:25:33.891817092,17.987146,-83.3655
2020-09-02T06:25:33.907457351,17.974506,-83.356514
2020-09-02T06:25:33.909746170,17.974586,-83.36519
2020-09-02T06:25:33.915468215,17.97488,-83.40347
2020-09-02T06:25:33.973070144,17.896076,-83.3988
2020-09-02T06:25:33.975358963,17.940289,-83.40142
2020-09-02T06:25:33.979173660,17.896103,-83.39884
2020-09-02T06:25:33.992906570,17.925982,-83.41108
2020-09-02T06:25:33.995195388,17.97486,-83.40344
2020-09-02T06:25:33.999011993,17.896122,-83.3988
2020-09-02T06:25:34.000919342,17.896128,-83.3988
2020-09-02T06:25:34.005115509,17.915283,-83.41105
2020-09-02T06:25:34.008930206,17.93979,-83.41828
2020-09-02T06:25:34.010837554,17.954067,-83.42829
2020-09-02T06:25:34.013126373,17.966187,-83.43507
2020-09-02T06:25:34.016941070,17.90565,-83.4153
2020-09-02T06:25:34.018848419,17.915009,-83.40791
2020-09-02T06:25:34.023044586,17.918356,-83.43398
2020-09-02T06:25:34.034870147,17.817348,-83.39425
2020-09-02T06:25:34.040973663,17.896025,-83.398865
2020-09-02T06:25:34.048603057,17.8536,-83.416985
2020-09-02T06:25:34.084461212,17.817732,-83.43883
2020-09-02T06:25:34.086368560,17.817696,-83.435745
2020-09-02T06:25:34.104297637,17.817713,-83.438
2020-09-02T06:25:34.110401153,17.817806,-83.44095
2020-09-02T06:25:34.120319366,17.818027,-83.471756
2020-09-02T06:25:34.231710433,17.755352,-83.46813
2020-09-02T06:25:34.239721298,17.739313,-83.46726
2020-09-02T06:25:35.144201278,18.210775,-83.33994
2020-09-02T06:25:35.227743148,18.210735,-83.33987
2020-09-02T06:25:35.277336120,18.210756,-83.33975
2020-09-02T06:25:35.279243469,18.206272,-83.33739
2020-09-02T06:25:35.281150817,18.210745,-83.33971
2020-09-02T06:25:35.293357849,18.210783,-83.33984
2020-09-02T06:25:35.295265197,18.210798,-83.33985
2020-09-02T06:25:35.301368713,18.210835,-83.33987
2020-09-02T06:25:35.349052429,18.210752,-83.33982
2020-09-02T06:25:35.350959777,18.210752,-83.33982
2020-09-02T06:25:35.448236465,18.20577,-83.34359
2020-09-02T06:25:35.450143814,18.20211,-83.339355
2020-09-02T06:25:35.452432632,18.210814,-83.339874
2020-09-02T06:25:35.454339981,18.21082,-83.339874
2020-09-02T06:25:35.525676727,18.213451,-83.33824
2020-09-02T06:25:35.527965545,18.210846,-83.339935
2020-09-02T06:25:35.529872894,18.210846,-83.339935
2020-09-02T06:25:35.531780242,18.210842,-83.339935
2020-09-02T06:25:35.545894622,18.210796,-83.33996
2020-09-02T06:25:35.551616668,18.210793,-83.33996
2020-09-02T06:25:35.639356613,18.210794,-83.33985
2020-09-02T06:25:35.641263961,18.210808,-83.33984
2020-09-02T06:25:35.672925949,18.210861,-83.339874
2020-09-02T06:25:35.692762374,18.203382,-83.33216
2020-09-02T06:25:35.694669723,18.2108,-83.33983
2020-09-02T06:25:35.712598800,18.210835,-83.33991
2020-09-02T06:25:35.726713180,18.21082,-83.3399
2020-09-02T06:25:35.744644165,18.21076,-83.339874
2020-09-02T06:25:35.760284423,18.210781,-83.339905
2020-09-02T06:25:36.259635925,18.239176,-83.2639
2020-09-02T06:25:36.319145202,18.243229,-83.26412
2020-09-02T06:25:36.358819961,18.210302,-83.26224
2020-09-02T06:25:36.384759902,18.244398,-83.26416
2020-09-02T06:25:36.410699844,18.24703,-83.26435
2020-09-02T06:25:39.013126373,17.194624,-83.56706
2020-09-02T06:25:39.015033721,17.182669,-83.568825
2020-09-02T06:25:39.016941070,17.184566,-83.56903
2020-09-02T06:25:39.018848419,17.175238,-83.56747
2020-09-02T06:25:39.021137237,17.171791,-83.567955
2020-09-02T06:25:39.023044586,17.1518,-83.57024
2020-09-02T06:25:39.024951934,17.154064,-83.56935
2020-09-02T06:25:39.026859283,17.151464,-83.56948
2020-09-02T06:25:39.029148101,17.146494,-83.56797
2020-09-02T06:25:39.031055450,17.145365,-83.56923
2020-09-02T06:25:39.032962799,17.132475,-83.57124
2020-09-02T06:25:39.034870147,17.134487,-83.575264
2020-09-02T06:25:39.036777496,17.13092,-83.570915
2020-09-02T06:25:39.039066314,17.128345,-83.57208
2020-09-02T06:25:39.040973663,17.128668,-83.575424
2020-09-02T06:25:39.042881011,17.12694,-83.57208
2020-09-02T06:25:39.044788360,17.11935,-83.556046
2020-09-02T06:25:39.046695709,17.11644,-83.55568
2020-09-02T06:25:39.048984527,17.111376,-83.55057
2020-09-02T06:25:39.050891876,17.103535,-83.55041
2020-09-02T06:25:39.052799224,17.100954,-83.55071
2020-09-02T06:25:39.054706573,17.094028,-83.543655
2020-09-02T06:25:39.056613922,17.090406,-83.537704
2020-09-02T06:25:39.058902740,17.096155,-83.547424
2020-09-02T06:25:39.060810089,17.079308,-83.538574
2020-09-02T06:25:39.062717437,17.086655,-83.54273
2020-09-02T06:25:39.064624786,17.065042,-83.52996
2020-09-02T06:25:39.066913604,17.065155,-83.532104
2020-09-02T06:25:39.068820953,17.067385,-83.53461
2020-09-02T06:25:39.070728302,17.060673,-83.53197
2020-09-02T06:25:39.072637557,17.059982,-83.54801
2020-09-02T06:25:39.074544906,17.04814,-83.53664
2020-09-02T06:25:39.076833724,17.059881,-83.569405
2020-09-02T06:25:39.078741073,17.06273,-83.55263
2020-09-02T06:25:39.080648422,17.053953,-83.54886
2020-09-02T06:25:39.082555770,17.053507,-83.55778
2020-09-02T06:25:39.084463119,17.07386,-83.58342
2020-09-02T06:25:39.094762802,17.035172,-83.58124
2020-09-02T06:25:39.108495712,17.035131,-83.58121
2020-09-02T06:25:41.694896697,19.598745,-78.50707
2020-09-02T06:25:41.696804046,19.609394,-78.51214
2020-09-02T06:25:41.698711395,19.613985,-78.51849
2020-09-02T06:25:41.701000690,19.613966,-78.5185
2020-09-02T06:25:41.702908039,19.613995,-78.5185
2020-09-02T06:25:41.704815387,19.614023,-78.5185
2020-09-02T06:25:41.706722736,19.614052,-78.5185
2020-09-02T06:25:41.708630084,19.61408,-78.5185
2020-09-02T06:25:41.710918903,19.614105,-78.5185
2020-09-02T06:25:41.714733600,19.61409,-78.51849
2020-09-02T06:25:41.716640949,19.610134,-78.51478
2020-09-02T06:25:41.718548297,19.614075,-78.518486
2020-09-02T06:25:41.720837116,19.614067,-78.51848
2020-09-02T06:25:41.722744464,19.604101,-78.51822
2020-09-02T06:25:41.724651813,19.604921,-78.51825
2020-09-02T06:25:41.738766670,19.583416,-78.51761
2020-09-02T06:25:41.742581367,19.592823,-78.517876
2020-09-02T06:25:41.744488716,19.607605,-78.50885
2020-09-02T06:25:41.746396064,19.61406,-78.51851
2020-09-02T06:25:41.754406929,19.5342,-78.51637
2020-09-02T06:25:41.766614437,19.614077,-78.51852
2020-09-02T06:25:41.770429134,19.57276,-78.517395
2020-09-02T06:25:41.772336483,19.566887,-78.51723
2020-09-02T06:25:41.778439998,19.614088,-78.51846
2020-09-02T06:25:41.780347347,19.55784,-78.516914
2020-09-02T06:25:41.790265560,19.555988,-78.51687
2020-09-02T06:25:41.792173385,19.568993,-78.51724
2020-09-02T06:25:41.794462203,19.563587,-78.51428
2020-09-02T06:25:41.796369552,19.58236,-78.51765
2020-09-02T06:25:41.798276901,19.554836,-78.50556
2020-09-02T06:25:41.800184249,19.571772,-78.511375
2020-09-02T06:25:41.802091598,19.560402,-78.508705
2020-09-02T06:25:41.804380416,19.564302,-78.510605
2020-09-02T06:25:41.806287765,19.563442,-78.51088
2020-09-02T06:25:41.808195114,19.572243,-78.51731
2020-09-02T06:25:41.810102462,19.534153,-78.51625
2020-09-02T06:25:41.814298629,19.534048,-78.47254
2020-09-02T06:25:41.816205978,19.545393,-78.48442
2020-09-02T06:25:41.818113327,19.558214,-78.49314
2020-09-02T06:25:41.821928024,19.533957,-78.43882
2020-09-02T06:25:41.824217319,19.542164,-78.46958
2020-09-02T06:25:41.826124668,19.534111,-78.51623
2020-09-02T06:25:41.832228183,19.533957,-78.45166
2020-09-02T06:25:41.834135532,19.553152,-78.47024
2020-09-02T06:25:41.837950229,19.546175,-78.46032
2020-09-02T06:25:41.839857578,19.55185,-78.48343
2020-09-02T06:25:41.845961093,19.613998,-78.5185
2020-09-02T06:25:41.849775791,19.554844,-78.45823
2020-09-02T06:25:41.852064609,19.562414,-78.48137
2020-09-02T06:25:41.853972434,19.534172,-78.5163
2020-09-02T06:25:41.855879783,19.577326,-78.44007
2020-09-02T06:25:41.861983299,19.60118,-78.48383
2020-09-02T06:25:41.869994163,19.564869,-78.43978
2020-09-02T06:25:41.871901512,19.589401,-78.45934
2020-09-02T06:25:41.873808860,19.614014,-78.51097
2020-09-02T06:25:41.875716209,19.61402,-78.50975
2020-09-02T06:25:41.879912376,19.577679,-78.45069
2020-09-02T06:25:41.881819725,19.61401,-78.498726
2020-09-02T06:25:41.883727073,19.603645,-78.47666
2020-09-02T06:25:41.885634899,19.533997,-78.4389
2020-09-02T06:25:41.891738414,19.533976,-78.43895
2020-09-02T06:25:41.893645763,19.57302,-78.42497
2020-09-02T06:25:41.895553112,19.61403,-78.51855
2020-09-02T06:25:41.901656627,19.563173,-78.41992
2020-09-02T06:25:41.915390014,19.561787,-78.38592
2020-09-02T06:25:41.961166858,19.5341,-78.493675
2020-09-02T06:25:41.963074207,19.549519,-78.48873
2020-09-02T06:25:41.965363025,19.55086,-78.4921
2020-09-02T06:25:41.967270374,19.534065,-78.4899
2020-09-02T06:25:41.969177722,19.539259,-78.48785
2020-09-02T06:25:41.971085071,19.546293,-78.487595
2020-09-02T06:25:41.973373889,19.547094,-78.492134
2020-09-02T06:25:41.975281238,19.557781,-78.496994
2020-09-02T06:25:42.088579654,19.534142,-78.51635
2020-09-02T06:25:42.911422729,18.442059,-82.73131
2020-09-02T06:25:42.913711547,18.442041,-82.73132
2020-09-02T06:25:42.951477527,18.44218,-82.7511
2020-09-02T06:25:42.977036476,18.442093,-82.731316
2020-09-02T06:25:43.012894630,18.442076,-82.73136
2020-09-02T06:25:43.027009963,18.442179,-82.7543
2020-09-02T06:25:43.038835525,18.442226,-82.759895
2020-09-02T06:25:43.062486648,18.442059,-82.731445
2020-09-02T06:25:43.064775466,18.452497,-82.75251
2020-09-02T06:25:43.094531059,18.45344,-82.75788
2020-09-02T06:25:43.108263969,18.44195,-82.731346
2020-09-02T06:25:43.136111259,18.442194,-82.75521
2020-09-02T06:25:43.144123077,18.442192,-82.75965
2020-09-02T06:25:43.155948638,18.441893,-82.73136
2020-09-02T06:25:43.171970367,18.441944,-82.73136
2020-09-02T06:25:43.217747688,18.442116,-82.76083
2020-09-02T06:25:43.269247055,18.441898,-82.73131
2020-09-02T06:25:45.019075393,18.276747,-83.26815
2020-09-02T06:25:45.044633865,18.2878,-83.266235
2020-09-02T06:25:45.072482109,18.287905,-83.26629
2020-09-02T06:25:45.074389457,18.287907,-83.26628
2020-09-02T06:25:45.154117584,18.287853,-83.26625
2020-09-02T06:25:45.156024932,18.28785,-83.26626
2020-09-02T06:25:45.297170639,18.287823,-83.26628
2020-09-02T06:25:45.299077987,18.284338,-83.26698
2020-09-02T06:25:47.062640190,18.178768,-83.33783
2020-09-02T06:25:47.064547538,18.130558,-83.33495
2020-09-02T06:25:47.136264801,18.173498,-83.32242
2020-09-02T06:25:47.138172149,18.181763,-83.32178
2020-09-02T06:25:47.183949470,18.176857,-83.33768
2020-09-02T06:25:47.261388778,18.174105,-83.31532
2020-09-02T06:25:47.263296127,18.170507,-83.32228
2020-09-02T06:25:47.309073448,18.172287,-83.323425
2020-09-02T06:25:47.354850769,18.174103,-83.31337
2020-09-02T06:25:47.362861633,18.175062,-83.3136
2020-09-02T06:25:47.374687194,18.176174,-83.31185
2020-09-02T06:25:47.402534484,18.178492,-83.33779
2020-09-02T06:25:47.436486244,18.172997,-83.33742
2020-09-02T06:25:47.442208290,18.175825,-83.33758
2020-09-02T06:25:47.444497108,18.172262,-83.337395
2020-09-02T06:25:47.446404457,18.176207,-83.31754
2020-09-02T06:25:47.448311805,18.17466,-83.31193
2020-09-02T06:25:47.450219154,18.173948,-83.31147
2020-09-02T06:25:47.454415321,18.177551,-83.33779
2020-09-02T06:25:47.468148231,18.177586,-83.33774
2020-09-02T06:25:47.482263565,18.175564,-83.33759
2020-09-02T06:25:47.484170913,18.17366,-83.33749
2020-09-02T06:25:47.486078262,18.165716,-83.33203
2020-09-02T06:25:47.487985610,18.172436,-83.32104
2020-09-02T06:25:47.510110855,18.130533,-83.335075
2020-09-02T06:25:47.553599357,18.17506,-83.31686
2020-09-02T06:25:47.587550163,18.172205,-83.337425
2020-09-02T06:25:47.589457511,18.179924,-83.32909
2020-09-02T06:25:47.593654632,18.170465,-83.33731
2020-09-02T06:25:47.617305755,18.164976,-83.31961
2020-09-02T06:25:47.645153045,18.172462,-83.33743
2020-09-02T06:25:47.698941230,18.178669,-83.33788
2020-09-02T06:25:49.492258071,18.43291,-82.63945
2020-09-02T06:25:49.319067955,18.440695,-82.576096
2020-09-02T06:25:49.323264122,18.44068,-82.57611
2020-09-02T06:25:49.325171470,18.421293,-82.575066
2020-09-02T06:25:49.330894470,18.44062,-82.57614
2020-09-02T06:25:49.335090637,18.440668,-82.57617
2020-09-02T06:25:49.480051040,18.43356,-82.65712
2020-09-02T06:25:49.481958389,18.441216,-82.6517
2020-09-02T06:25:49.488061904,18.441328,-82.65377
2020-09-02T06:25:49.489969253,18.42753,-82.66372
2020-09-02T06:25:49.494165420,18.434914,-82.65456
2020-09-02T06:25:49.780272483,18.272598,-83.343445
2020-09-02T06:25:52.487985610,19.534071,-78.59282
2020-09-02T06:25:52.490274429,19.534088,-78.592834
2020-09-02T06:25:52.492181777,19.534063,-78.59284
2020-09-02T06:25:52.494089126,19.534025,-78.59286
2020-09-02T06:25:52.495996475,19.533987,-78.592865
2020-09-02T06:25:52.497903823,19.53395,-78.59287
2020-09-02T06:25:52.500192642,19.533913,-78.59289
2020-09-02T06:25:52.507822036,19.534016,-78.592865
2020-09-02T06:25:52.510110855,19.534046,-78.592865
2020-09-02T06:25:52.512018203,19.534056,-78.59286
2020-09-02T06:25:52.513927459,19.534056,-78.59286
2020-09-02T06:25:52.515834808,19.534054,-78.59286
2020-09-02T06:25:52.535671234,19.538544,-78.594505
2020-09-02T06:25:52.537960052,19.53401,-78.592834
2020-09-02T06:25:52.539867401,19.534033,-78.59282
2020-09-02T06:25:52.555889129,19.533966,-78.592865
2020-09-02T06:25:52.561611175,19.533983,-78.592865
2020-09-02T06:25:52.567714691,19.533957,-78.592804
2020-09-02T06:25:52.569622039,19.52719,-78.59823
2020-09-02T06:25:52.575725555,19.533964,-78.59284
2020-09-02T06:25:52.577632904,19.5169,-78.60199
2020-09-02T06:25:52.579540252,19.533983,-78.59289
2020-09-02T06:25:52.581447601,19.511427,-78.60104
2020-09-02T06:25:52.583736419,19.510187,-78.598854
2020-09-02T06:25:52.611202239,19.534082,-78.59284
2020-09-02T06:25:52.689023971,19.534027,-78.59274
2020-09-02T06:25:52.704664230,19.534016,-78.60757
2020-09-02T06:25:52.706953048,19.533989,-78.592834
2020-09-02T06:25:52.708860397,19.533997,-78.59283
2020-09-02T06:25:52.710767745,19.534002,-78.59283
2020-09-02T06:25:52.712675094,19.533998,-78.59282
2020-09-02T06:25:52.724882125,19.533997,-78.59279
2020-09-02T06:25:52.770278930,19.547203,-78.578476
2020-09-02T06:25:52.772567749,19.542809,-78.5968
2020-09-02T06:25:52.774475097,19.545053,-78.58868
2020-09-02T06:25:52.776382446,19.542074,-78.591
2020-09-02T06:25:52.778289794,19.53395,-78.59274
2020-09-02T06:25:52.780197143,19.542103,-78.58888
2020-09-02T06:25:52.782485961,19.542084,-78.59129
2020-09-02T06:25:52.784393310,19.541475,-78.599594
2020-09-02T06:25:52.786300659,19.540373,-78.59258
2020-09-02T06:25:52.788208007,19.542126,-78.58268
2020-09-02T06:25:52.790496826,19.54168,-78.59292
2020-09-02T06:25:52.792404174,19.533976,-78.582695
2020-09-02T06:25:52.794311523,19.534037,-78.599396
2020-09-02T06:25:52.796218872,19.533998,-78.57256
2020-09-02T06:25:52.798126220,19.534065,-78.5928
2020-09-02T06:25:52.800415039,19.534054,-78.5778
2020-09-02T06:25:52.802322387,19.542133,-78.584435
2020-09-02T06:25:52.804229736,19.534048,-78.59279
2020-09-02T06:25:52.806137084,19.533987,-78.57596
2020-09-02T06:25:52.808044433,19.534,-78.59274
2020-09-02T06:25:52.810333251,19.533976,-78.59273
2020-09-02T06:25:52.812240600,19.533974,-78.59271
2020-09-02T06:25:52.814147949,19.533976,-78.592705
2020-09-02T06:25:52.822158813,19.533903,-78.554794
2020-09-02T06:25:52.830169677,19.533998,-78.59272
2020-09-02T06:25:52.832077026,19.534006,-78.59271
2020-09-02T06:25:52.833984375,19.534018,-78.5927
2020-09-02T06:25:52.838180541,19.499376,-78.535965
2020-09-02T06:25:52.840087890,19.53398,-78.56233
2020-09-02T06:25:52.841995239,19.49684,-78.55566
2020-09-02T06:25:52.843902587,19.505259,-78.55403
2020-09-02T06:25:52.845809936,19.534016,-78.59269
2020-09-02T06:25:52.848098754,19.534002,-78.592705
2020-09-02T06:25:52.850006103,19.484228,-78.54321
2020-09-02T06:25:52.853820800,19.45405,-78.53135
2020-09-02T06:25:52.871749877,19.453964,-78.5132
2020-09-02T06:25:52.873657226,19.453959,-78.513176
2020-09-02T06:25:52.883575439,19.453945,-78.513145
2020-09-02T06:25:52.893877029,19.453972,-78.51322
2020-09-02T06:25:53.052570343,18.287716,-83.23773
2020-09-02T06:25:53.168157577,18.28832,-83.30941
2020-09-02T06:25:53.227666854,18.288261,-83.30773
2020-09-02T06:25:53.702985763,18.26172,-83.29518
2020-09-02T06:25:53.704893112,18.252684,-83.26023
2020-09-02T06:25:55.110248565,18.429848,-82.725945
2020-09-02T06:25:55.112539291,18.44157,-82.73033
2020-09-02T06:25:55.114446640,18.441551,-82.73033
2020-09-02T06:25:55.116353988,18.441534,-82.73033
2020-09-02T06:25:55.118261337,18.441515,-82.73033
2020-09-02T06:25:55.124364852,18.44152,-82.730316
2020-09-02T06:25:55.146108627,18.441547,-82.730286
2020-09-02T06:25:55.152212142,18.441545,-82.730286
2020-09-02T06:25:55.215917587,18.413252,-82.717384
2020-09-02T06:25:55.217824935,18.415953,-82.72064
2020-09-02T06:25:55.219732284,18.403835,-82.71227
2020-09-02T06:25:55.221639633,18.41423,-82.72891
2020-09-02T06:25:55.223546981,18.441494,-82.73042
2020-09-02T06:25:55.225835800,18.398731,-82.72458
2020-09-02T06:25:55.227743148,18.41379,-82.730415
2020-09-02T06:25:55.299079895,18.441332,-82.69494
2020-09-02T06:25:55.319297790,18.408796,-82.72701
2020-09-02T06:25:55.321205139,18.441532,-82.730446
2020-09-02T06:25:55.341041564,18.412704,-82.715164
2020-09-02T06:25:55.342948913,18.402142,-82.70909
2020-09-02T06:25:55.368890762,18.441492,-82.73039
2020-09-02T06:25:55.370798110,18.405233,-82.72181
2020-09-02T06:25:55.376901626,18.441387,-82.70818
2020-09-02T06:25:55.398645401,18.441568,-82.730446
2020-09-02T06:25:55.400552749,18.441599,-82.73046
2020-09-02T06:25:55.434503555,18.441225,-82.696594
2020-09-02T06:25:55.460443496,18.44134,-82.710655
2020-09-02T06:25:55.484096527,18.44149,-82.73047
2020-09-02T06:25:56.340888977,18.632767,-82.18278
2020-09-02T06:25:56.342796325,18.638823,-82.19418
2020-09-02T06:25:56.345085144,18.635368,-82.19021
2020-09-02T06:25:56.370645523,18.641876,-82.20835
2020-09-02T06:25:56.372934341,18.595968,-82.22632
2020-09-02T06:25:56.376749038,18.648209,-82.20038
2020-09-02T06:25:56.402688980,18.595785,-82.19539
2020-09-02T06:25:56.442361831,18.678463,-82.24155
2020-09-02T06:25:56.444269180,18.664797,-82.24072
2020-09-02T06:25:56.478221893,18.646475,-82.198715
2020-09-02T06:25:56.482036590,18.641312,-82.20438
2020-09-02T06:25:56.484325408,18.64324,-82.21636
2020-09-02T06:25:56.491954803,18.621778,-82.20568
2020-09-02T06:25:56.494243621,18.630976,-82.225586
2020-09-02T06:25:56.496150970,18.644648,-82.1976
2020-09-02T06:25:56.514080047,18.59577,-82.195404
2020-09-02T06:25:56.522090911,18.63752,-82.22526
2020-09-02T06:25:56.523998260,18.63837,-82.226265
2020-09-02T06:25:56.525905609,18.612885,-82.23549
2020-09-02T06:25:56.553752899,18.596012,-82.235466
2020-09-02T06:25:56.637296676,18.634882,-82.19415
2020-09-02T06:25:56.659040451,18.208843,-83.338646
2020-09-02T06:25:56.660947799,18.208496,-83.29585
2020-09-02T06:25:56.738769531,18.21145,-83.29193
2020-09-02T06:25:56.740676879,18.201744,-83.292404
2020-09-02T06:25:56.758605957,18.208252,-83.26106
2020-09-02T06:25:56.760513305,18.208506,-83.29524
2020-09-02T06:25:56.772338867,18.208574,-83.299545
2020-09-02T06:25:56.836044311,18.20855,-83.29692
2020-09-02T06:25:56.852067947,18.208536,-83.296745
2020-09-02T06:25:56.891740798,18.208475,-83.29599
2020-09-02T06:25:56.907762527,18.2085,-83.29357
2020-09-02T06:25:56.909669876,18.208517,-83.29399
2020-09-02T06:25:56.927598953,18.20848,-83.30198
2020-09-02T06:25:56.975284576,18.208492,-83.29615
2020-09-02T06:25:57.933549880,19.466572,-78.80321
2020-09-02T06:25:57.935457229,19.459948,-78.80202
2020-09-02T06:25:57.937364578,19.463419,-78.79693
2020-09-02T06:25:57.939271926,19.453705,-78.79793
2020-09-02T06:25:57.941560745,19.453693,-78.79657
2020-09-02T06:25:57.959491729,19.45366,-78.78664
2020-09-02T06:25:57.963306427,19.453669,-78.78449
2020-09-02T06:25:57.981235504,19.462473,-78.77862
2020-09-02T06:25:57.983142852,19.453667,-78.789856
2020-09-02T06:25:57.989246368,19.46888,-78.7942
2020-09-02T06:25:57.994968414,19.462893,-78.799286
2020-09-02T06:25:58.009082794,19.46107,-78.79045
2020-09-02T06:25:58.010990142,19.465576,-78.792595
2020-09-02T06:25:58.012897491,19.453665,-78.79084
2020-09-02T06:25:58.020908355,19.45375,-78.79136
2020-09-02T06:25:58.028919219,19.453695,-78.79394
2020-09-02T06:25:58.030826568,19.453678,-78.792984
2020-09-02T06:25:58.035022735,19.453669,-78.80102
2020-09-02T06:25:58.036930084,19.459454,-78.79687
2020-09-02T06:25:58.038837432,19.453695,-78.82295
2020-09-02T06:25:58.046848297,19.453728,-78.823006
2020-09-02T06:25:58.048755645,19.453686,-78.80062
2020-09-02T06:25:58.052570343,19.453705,-78.7985
2020-09-02T06:25:58.054859161,19.453777,-78.82299
2020-09-02T06:25:58.058673858,19.472176,-78.75636
2020-09-02T06:25:58.060581207,19.470587,-78.77115
2020-09-02T06:25:58.062870025,19.45359,-78.74555
2020-09-02T06:25:58.070499420,19.474522,-78.76254
2020-09-02T06:25:58.072788238,19.470442,-78.77604
2020-09-02T06:25:58.074695587,19.473269,-78.75946
2020-09-02T06:25:58.076602935,19.470928,-78.76789
2020-09-02T06:25:58.086523056,19.453527,-78.74564
2020-09-02T06:25:58.088430404,19.469118,-78.756966
2020-09-02T06:25:58.090337753,19.468216,-78.76888
2020-09-02T06:25:58.094533920,19.453524,-78.745674
2020-09-02T06:25:58.096441268,19.45354,-78.74565
2020-09-02T06:25:58.098348617,19.453558,-78.745636
2020-09-02T06:25:58.100637435,19.453575,-78.74561
2020-09-02T06:25:58.132299423,19.453747,-78.80311
2020-09-02T06:25:58.144124984,19.446417,-78.80669
2020-09-02T06:25:58.146032333,19.44805,-78.80487
2020-09-02T06:25:58.148321151,19.453743,-78.79269
2020-09-02T06:25:58.150228500,19.468435,-78.75916
2020-09-02T06:25:58.152135848,19.464272,-78.767715
2020-09-02T06:25:58.154043197,19.467813,-78.75917
2020-09-02T06:25:58.155950546,19.4537,-78.77096
2020-09-02T06:25:58.158239364,19.453754,-78.79507
2020-09-02T06:25:58.160146713,19.461786,-78.775444
2020-09-02T06:25:58.162054061,19.45372,-78.78382
2020-09-02T06:25:58.166250228,19.44049,-78.80677
2020-09-02T06:25:58.168157577,19.453747,-78.7956
2020-09-02T06:25:58.178075790,19.453718,-78.82295
2020-09-02T06:25:58.179983139,19.439674,-78.82253
2020-09-02T06:25:58.196004867,19.41108,-78.80276
2020-09-02T06:25:58.197912216,19.438206,-78.80364
2020-09-02T06:25:58.199819564,19.453735,-78.82286
2020-09-02T06:25:58.217750549,19.408459,-78.79941
2020-09-02T06:25:58.307395935,19.453758,-78.822914
2020-09-02T06:25:58.456172943,18.287018,-83.26584
2020-09-02T06:25:58.472194671,18.28695,-83.2658
2020-09-02T06:26:03.112460136,19.534723,-79.02196
2020-09-02T06:26:03.114367485,19.534737,-79.02498
2020-09-02T06:26:03.116274833,19.534758,-79.03001
2020-09-02T06:26:03.118182182,19.534763,-79.02967
2020-09-02T06:26:03.120471000,19.53478,-79.03323
2020-09-02T06:26:03.122378349,19.534782,-79.03741
2020-09-02T06:26:03.124285697,19.538126,-79.04634
2020-09-02T06:26:03.126193046,19.534796,-79.05008
2020-09-02T06:26:03.128100395,19.534807,-79.05788
2020-09-02T06:26:03.130389213,19.534796,-79.05788
2020-09-02T06:26:03.132296562,19.534798,-79.05789
2020-09-02T06:26:03.134203910,19.534803,-79.0579
2020-09-02T06:26:03.136111259,19.53481,-79.057915
2020-09-02T06:26:03.138401031,19.534815,-79.05793
2020-09-02T06:26:03.150226593,19.534735,-79.05786
2020-09-02T06:26:03.152133941,19.53481,-79.07756
2020-09-02T06:26:03.154041290,19.534847,-79.081535
2020-09-02T06:26:03.155948638,19.534903,-79.09109
2020-09-02T06:26:03.166248321,19.534636,-78.980415
2020-09-02T06:26:03.168155670,19.534634,-78.98043
2020-09-02T06:26:03.170063018,19.534632,-78.98045
2020-09-02T06:26:03.171970367,19.534607,-78.98045
2020-09-02T06:26:03.173877716,19.546753,-78.98083
2020-09-02T06:26:03.176166534,19.545998,-78.9808
2020-09-02T06:26:03.178073883,19.53451,-78.98044
2020-09-02T06:26:03.179981231,19.534475,-78.98044
2020-09-02T06:26:03.181888580,19.534485,-78.98043
2020-09-02T06:26:03.183795928,19.534513,-78.98043
2020-09-02T06:26:03.186084747,19.534542,-78.98043
2020-09-02T06:26:03.247502326,19.534777,-79.041214
2020-09-02T06:26:03.249409675,19.534784,-79.04424
2020-09-02T06:26:03.251698493,19.534824,-79.05791
2020-09-02T06:26:03.253605842,19.534828,-79.05791
2020-09-02T06:26:03.255513191,19.522959,-79.05754
2020-09-02T06:26:03.257420539,19.52245,-79.057526
2020-09-02T06:26:03.261617660,19.505465,-79.05701
2020-09-02T06:26:03.263525009,19.513834,-79.05728
2020-09-02T06:26:03.267339706,19.50054,-79.056885
2020-09-02T06:26:03.271535873,19.495487,-79.05674
2020-09-02T06:26:03.273443222,19.455046,-79.05547
2020-09-02T06:26:03.277257919,19.490473,-79.05657
2020-09-02T06:26:03.279546737,19.491646,-79.05661
2020-09-02T06:26:03.291372299,19.455044,-79.055466
2020-09-02T06:26:03.301290512,19.455013,-79.05546
2020-09-02T06:26:03.305105209,19.454956,-79.02765
2020-09-02T06:26:03.414588928,19.534933,-79.05793
2020-09-02T06:26:03.370718955,19.454063,-78.668495
2020-09-02T06:26:03.373007774,19.47114,-78.657135
2020-09-02T06:26:03.374915122,19.469852,-78.66893
2020-09-02T06:26:03.376822471,19.454046,-78.66848
2020-09-02T06:26:03.378729820,19.454014,-78.65614
2020-09-02T06:26:03.384833335,19.454063,-78.668465
2020-09-02T06:26:03.386741638,19.454077,-78.668465
2020-09-02T06:26:03.388648986,19.454056,-78.65424
2020-09-02T06:26:03.390556335,19.454102,-78.66846
2020-09-02T06:26:03.392845153,19.454088,-78.66845
2020-09-02T06:26:03.394752502,19.454023,-78.64662
2020-09-02T06:26:03.476387977,19.454103,-78.66856
2020-09-02T06:26:05.476082801,18.209415,-83.339516
2020-09-02T06:26:05.563822746,18.209375,-83.3395
2020-09-02T06:26:05.595484733,18.209404,-83.339554
2020-09-02T06:26:05.682843208,18.209377,-83.33948
2020-09-02T06:26:05.688946723,18.209335,-83.33951
2020-09-02T06:26:05.692761421,18.209324,-83.33954
2020-09-02T06:26:05.695050239,18.209324,-83.339554
2020-09-02T06:26:05.720608711,18.209373,-83.33955
2020-09-02T06:26:05.722897529,18.197947,-83.338875
2020-09-02T06:26:05.778211593,18.209343,-83.33952
2020-09-02T06:26:05.798429489,18.209274,-83.33952
2020-09-02T06:26:05.800337791,18.204496,-83.34912
2020-09-02T06:26:05.802245140,18.195354,-83.34499
2020-09-02T06:26:05.840010643,18.20058,-83.348305
2020-09-02T06:26:05.857939720,18.209297,-83.33956
2020-09-02T06:26:05.859847068,18.196733,-83.34879
2020-09-02T06:26:05.885787963,18.209286,-83.33957
2020-09-02T06:26:05.887695312,18.196447,-83.34511
2020-09-02T06:26:05.889602661,18.209276,-83.33959
2020-09-02T06:26:05.893798828,18.209286,-83.33959
2020-09-02T06:26:05.971238136,18.197784,-83.34356
2020-09-02T06:26:05.973145484,18.201908,-83.35424
2020-09-02T06:26:05.975052833,18.199617,-83.35133
2020-09-02T06:26:05.977341651,18.200895,-83.3464
2020-09-02T06:26:05.979249000,18.209396,-83.33957
2020-09-02T06:26:06.020830154,18.197416,-83.338776
2020-09-02T06:26:06.022737503,18.19305,-83.34115
2020-09-02T06:26:06.025026321,18.192295,-83.348206
2020-09-02T06:26:06.026933670,18.19028,-83.34604
2020-09-02T06:26:06.068514823,18.209354,-83.339455
2020-09-02T06:26:06.070803642,18.190428,-83.347855
2020-09-02T06:26:06.122303009,18.191511,-83.347946
2020-09-02T06:26:06.205845832,18.193495,-83.33852
2020-09-02T06:26:08.275351524,18.287643,-83.26594
2020-09-02T06:26:08.283362388,18.287634,-83.265945
2020-09-02T06:26:08.285269737,18.287775,-83.28486
2020-09-02T06:26:08.287177085,18.287615,-83.26595
2020-09-02T06:26:08.289465904,18.287605,-83.26596
2020-09-02T06:26:08.291373252,18.287607,-83.265976
2020-09-02T06:26:08.293280601,18.287758,-83.28216
2020-09-02T06:26:08.352790832,18.287827,-83.28874
2020-09-02T06:26:08.394752502,18.267252,-83.27545
2020-09-02T06:26:08.470285415,18.266085,-83.28015
2020-09-02T06:26:08.474100112,18.265705,-83.27737
2020-09-02T06:26:08.482110977,18.260345,-83.264305
2020-09-02T06:26:08.484018325,18.26595,-83.264626
2020-09-02T06:26:08.490121841,18.251095,-83.26374
2020-09-02T06:26:08.492029190,18.253183,-83.27837
2020-09-02T06:26:08.493936538,18.266273,-83.278496
2020-09-02T06:26:08.613338470,18.287582,-83.26595
2020-09-02T06:26:13.204015731,18.210321,-83.34025
2020-09-02T06:26:13.205923080,18.210331,-83.34024
2020-09-02T06:26:13.305107116,18.22736,-83.34822
2020-09-02T06:26:18.806365966,18.442827,-82.73165
2020-09-02T06:26:18.808273315,18.442827,-82.73166
2020-09-02T06:26:18.810180664,18.44171,-82.714134
2020-09-02T06:26:18.812088012,18.442818,-82.73164
2020-09-02T06:26:18.813995361,18.460812,-82.732635
2020-09-02T06:26:18.816284179,18.451412,-82.72363
2020-09-02T06:26:18.818191528,18.457945,-82.71279
2020-09-02T06:26:18.862062454,18.446648,-82.71384
2020-09-02T06:26:18.897539138,18.442684,-82.706726
2020-09-02T06:26:18.913560867,18.4426,-82.69309
2020-09-02T06:26:19.005115509,18.45118,-82.71847
2020-09-02T06:26:19.007022857,18.458853,-82.71397
2020-09-02T06:26:19.008930206,18.442896,-82.73166
2020-09-02T06:26:19.074544906,18.448853,-82.72056
2020-09-02T06:26:20.024796485,18.28856,-83.26684
2020-09-02T06:26:20.046922206,18.288572,-83.26691
2020-09-02T06:26:20.108339786,18.288591,-83.26687
2020-09-02T06:26:20.110247135,18.272655,-83.28155
2020-09-02T06:26:20.116350650,18.288567,-83.26686
2020-09-02T06:26:20.124361991,18.27333,-83.27911
2020-09-02T06:26:20.126269340,18.28855,-83.26689
2020-09-02T06:26:20.134280204,18.288553,-83.26687
2020-09-02T06:26:20.140383720,18.28853,-83.2668
2020-09-02T06:26:20.142291069,18.288534,-83.26681
2020-09-02T06:26:20.259404182,18.28844,-83.26687
2020-09-02T06:26:20.319295883,18.288445,-83.26686
2020-09-02T06:26:20.321203231,18.267275,-83.27886
2020-09-02T06:26:20.657283306,19.516779,-78.74841
2020-09-02T06:26:20.663005352,19.5042,-78.74805
2020-09-02T06:26:20.671016216,19.507425,-78.74818
2020-09-02T06:26:20.682842254,19.534752,-78.74886
2020-09-02T06:26:20.690853118,19.493965,-78.747696
2020-09-02T06:26:20.692760467,19.490473,-78.746635
2020-09-02T06:26:20.696956634,19.493748,-78.74779
2020-09-02T06:26:20.758374214,19.534742,-78.74892
2020-09-02T06:26:20.764477729,19.509735,-78.74819
2020-09-02T06:26:20.766385078,19.508379,-78.748146
2020-09-02T06:26:20.774396419,19.513346,-78.74829
2020-09-02T06:26:20.776303768,19.501,-78.75508
2020-09-02T06:26:20.778592586,19.512321,-78.75585
2020-09-02T06:26:20.786221981,19.502743,-78.7753
2020-09-02T06:26:20.788510799,19.498272,-78.76569
2020-09-02T06:26:20.808347702,19.454927,-78.746605
2020-09-02T06:26:20.814069747,19.455029,-78.79926
2020-09-02T06:26:20.830091476,19.454966,-78.74665
2020-09-02T06:26:20.833906650,19.454943,-78.74665
2020-09-02T06:26:20.836195468,19.489391,-78.747635
2020-09-02T06:26:20.838102817,19.45491,-78.74664
2020-09-02T06:26:20.841917514,19.487017,-78.74202
2020-09-02T06:26:20.844206333,19.4887,-78.753334
2020-09-02T06:26:20.857939243,19.454834,-78.74662
2020-09-02T06:26:20.859846591,19.481318,-78.74693
2020-09-02T06:26:20.864043235,19.45485,-78.74663
2020-09-02T06:26:20.872054100,19.454926,-78.74663
2020-09-02T06:26:20.873961448,19.469597,-78.74774
2020-09-02T06:26:20.875868797,19.454931,-78.74666
2020-09-02T06:26:20.883879661,19.45495,-78.74667
2020-09-02T06:26:20.885787010,19.466496,-78.747
2020-09-02T06:26:20.887694358,19.473076,-78.75146
2020-09-02T06:26:20.893797874,19.454973,-78.74664
2020-09-02T06:26:20.895705699,19.46763,-78.748375
2020-09-02T06:26:20.897613048,19.477207,-78.74728
2020-09-02T06:26:20.901809215,19.454954,-78.74662
2020-09-02T06:26:20.909820079,19.454918,-78.74659
2020-09-02T06:26:20.911727428,19.46353,-78.75122
2020-09-02T06:26:20.913634777,19.454922,-78.746605
2020-09-02T06:26:20.919738292,19.454937,-78.746635
2020-09-02T06:26:20.935379028,19.450455,-78.75211
2020-09-02T06:26:20.937286376,19.454887,-78.74653
2020-09-02T06:26:20.939575195,19.492268,-78.7476
2020-09-02T06:26:21.030747890,19.534803,-78.77991
2020-09-02T06:26:21.058595657,19.454897,-78.74658
2020-09-02T06:26:21.076524734,19.53473,-78.785324
2020-09-02T06:26:21.112383842,19.504654,-78.7572
2020-09-02T06:26:21.114291191,19.534761,-78.78303
2020-09-02T06:26:21.148242473,19.534765,-78.79988
2020-09-02T06:26:21.150149822,19.505075,-78.76865
2020-09-02T06:26:21.177997589,19.504879,-78.76073
2020-09-02T06:26:21.609446525,18.288172,-83.26697
2020-09-02T06:26:21.706722736,18.288157,-83.26686
2020-09-02T06:26:21.788358211,18.288124,-83.26685
2020-09-02T06:26:22.583734989,18.222029,-83.28672
2020-09-02T06:26:22.637141704,18.209042,-83.262024
2020-09-02T06:26:22.639430522,18.209272,-83.28897
2020-09-02T06:26:22.647059917,18.209229,-83.28843
2020-09-02T06:26:22.661174774,18.223183,-83.28563
2020-09-02T06:26:22.736706733,18.209148,-83.287735
2020-09-02T06:26:22.742810249,18.208954,-83.262085
2020-09-02T06:26:22.784391403,18.20908,-83.28597
2020-09-02T06:26:22.802320480,18.208912,-83.26201
2020-09-02T06:26:25.534067153,18.130835,-83.33483
2020-09-02T06:26:25.702679634,18.161118,-83.33651
2020-09-02T06:26:25.762571334,18.130968,-83.334724
2020-09-02T06:26:25.764478683,18.16111,-83.3365
2020-09-02T06:26:25.770582199,18.130945,-83.3347
2020-09-02T06:26:25.772489547,18.130938,-83.33471
2020-09-02T06:26:25.849928855,18.15294,-83.33215
2020-09-02T06:26:25.851836204,18.153847,-83.33607
2020-09-02T06:26:25.854125022,18.154476,-83.328926
2020-09-02T06:26:25.856032371,18.130873,-83.33471
2020-09-02T06:26:25.899520874,18.157364,-83.3363
2020-09-02T06:26:26.609447479,19.463913,-82.49043
2020-09-02T06:26:26.633098602,19.473394,-82.4777
2020-09-02T06:26:26.647212982,19.473433,-82.47775
2020-09-02T06:26:26.657131195,19.461828,-82.495926
2020-09-02T06:26:26.676968574,19.473639,-82.49846
2020-09-02T06:26:26.768522262,19.451376,-82.50883
2020-09-02T06:26:26.778440475,19.473633,-82.49804
2020-09-02T06:26:26.788358688,19.473492,-82.477715
2020-09-02T06:26:26.802092552,19.473537,-82.47772
2020-09-02T06:26:26.998933792,18.750315,-82.15564
2020-09-02T06:26:27.001222610,18.746042,-82.16609
2020-09-02T06:26:27.003129959,18.75513,-82.17384
2020-09-02T06:26:27.005037307,18.744602,-82.16955
2020-09-02T06:26:27.058825492,18.755081,-82.16826
2020-09-02T06:26:27.078661918,18.755302,-82.204506
2020-09-02T06:26:27.080569267,18.744518,-82.16772
2020-09-02T06:26:27.086672782,18.755295,-82.204506
2020-09-02T06:26:27.098499298,18.755089,-82.17266
2020-09-02T06:26:27.110324859,18.748003,-82.18752
2020-09-02T06:26:27.112232208,18.744091,-82.17612
2020-09-02T06:26:27.144275665,18.74372,-82.182335
2020-09-02T06:26:27.146183013,18.752281,-82.18853
2020-09-02T06:26:27.148090362,18.755322,-82.204506
2020-09-02T06:26:27.297247886,18.733343,-82.18505
2020-09-02T06:26:27.368965148,18.755304,-82.20467
2020-09-02T06:26:27.156101226,18.285881,-82.955444
2020-09-02T06:26:27.158008575,18.285868,-82.95546
2020-09-02T06:26:27.162205696,18.285864,-82.95548
2020-09-02T06:26:27.170216560,18.285921,-82.95548
2020-09-02T06:26:27.177845954,18.270449,-82.971825
2020-09-02T06:26:27.223623275,18.276657,-82.96838
2020-09-02T06:26:27.225912094,18.273123,-82.97004
2020-09-02T06:26:27.227819442,18.285936,-82.955444
2020-09-02T06:26:27.229726791,18.28593,-82.95542
2020-09-02T06:26:27.231634140,18.285925,-82.955414
2020-09-02T06:26:27.233541488,18.286068,-82.97492
2020-09-02T06:26:27.235830307,18.282927,-82.973305
2020-09-02T06:26:27.253377914,18.286207,-82.99377
2020-09-02T06:26:27.255666732,18.285027,-82.9862
2020-09-02T06:26:27.257574081,18.286186,-82.990906
2020-09-02T06:26:27.259481430,18.288729,-82.99226
2020-09-02T06:26:27.261388778,18.28591,-82.95551
2020-09-02T06:26:27.279317855,18.286282,-83.00049
2020-09-02T06:26:27.281225204,18.286222,-82.9921
2020-09-02T06:26:27.315176963,18.286299,-83.015656
2020-09-02T06:26:27.398719787,18.26989,-82.970764
2020-09-02T06:26:27.400627136,18.274403,-82.97634
2020-09-02T06:26:27.408638954,18.285849,-82.95557
2020-09-02T06:26:27.410546302,18.275925,-82.9653
2020-09-02T06:26:27.412453651,18.275822,-82.970245
2020-09-02T06:26:27.414742469,18.271582,-82.972755
2020-09-02T06:26:27.416649818,18.285824,-82.95561
2020-09-02T06:26:27.434578895,18.285837,-82.955574
2020-09-02T06:26:27.436486244,18.28583,-82.95558
2020-09-02T06:26:27.438393592,18.285898,-82.96534
2020-09-02T06:26:27.440300941,18.276558,-82.967964
2020-09-02T06:26:27.442589759,18.280756,-82.96577
2020-09-02T06:26:27.444497108,18.27562,-82.96551
2020-09-02T06:26:27.446404457,18.263441,-82.97019
2020-09-02T06:26:27.448311805,18.285866,-82.95561
2020-09-02T06:26:27.450219154,18.279446,-82.955246
2020-09-02T06:26:27.452507972,18.274284,-82.960396
2020-09-02T06:26:27.454415321,18.277224,-82.962166
2020-09-02T06:26:27.466240882,18.285904,-82.955605
2020-09-02T06:26:27.468148231,18.285912,-82.95559
2020-09-02T06:26:27.470438003,18.285841,-82.94519
2020-09-02T06:26:27.472345352,18.278135,-82.95156
2020-09-02T06:26:27.474252700,18.285892,-82.95556
2020-09-02T06:26:27.476160049,18.285875,-82.95555
2020-09-02T06:26:27.494089126,18.285624,-82.924484
2020-09-02T06:26:27.495996475,18.27607,-82.94051
2020-09-02T06:26:27.498285293,18.274773,-82.955414
2020-09-02T06:26:27.500192642,18.285858,-82.95555
2020-09-02T06:26:29.168004035,18.209768,-83.33976
2020-09-02T06:26:29.261465072,18.209711,-83.339775
2020-09-02T06:26:29.295416831,18.209764,-83.339836
2020-09-02T06:26:29.297324180,18.209768,-83.33982
2020-09-02T06:26:29.386589050,18.209734,-83.33985
2020-09-02T06:26:29.388878822,18.209661,-83.3311
2020-09-02T06:26:29.440377235,18.209787,-83.3399
2020-09-02T06:26:29.454492568,18.209726,-83.339806
2020-09-02T06:26:29.474328994,18.209747,-83.3398
2020-09-02T06:26:29.563593864,18.209663,-83.33988
2020-09-02T06:26:30.523768424,18.24187,-83.263985
2020-09-02T06:26:30.577556610,18.23618,-83.26366
2020-09-02T06:26:30.621425628,18.245388,-83.26423
2020-09-02T06:26:30.828186035,18.40432,-82.965225
2020-09-02T06:26:30.891892433,18.364422,-82.991745
2020-09-02T06:26:30.933472633,18.364166,-82.960335
2020-09-02T06:26:30.943391799,18.402082,-82.96453
2020-09-02T06:26:30.953310012,18.364193,-82.96028
2020-09-02T06:26:30.963228225,18.388504,-82.98786
2020-09-02T06:26:32.351036071,18.208607,-83.29149
2020-09-02T06:26:32.408639907,18.208706,-83.29192
2020-09-02T06:26:32.458230972,18.208693,-83.297035
2020-09-02T06:26:32.512018203,18.20874,-83.29964
2020-09-02T06:26:32.515834808,18.208706,-83.29837
2020-09-02T06:26:32.559703826,18.191828,-83.29708
2020-09-02T06:26:32.617305755,18.192936,-83.29473
2020-09-02T06:26:32.649351119,18.18258,-83.28607
2020-09-02T06:26:32.697034835,18.208622,-83.300995
2020-09-02T06:26:32.768371582,18.176668,-83.3063
2020-09-02T06:26:34.538036346,18.25106,-83.34212
2020-09-02T06:26:34.603267669,18.287758,-83.344284
2020-09-02T06:26:34.605556488,18.273355,-83.34341
2020-09-02T06:26:34.653242111,18.269756,-83.34318
2020-09-02T06:26:34.732587814,18.27373,-83.34736
2020-09-02T06:26:34.734495162,18.267887,-83.34311
2020-09-02T06:26:34.736783981,18.287704,-83.34431
2020-09-02T06:26:34.764633178,18.26791,-83.343056
2020-09-02T06:26:34.802398681,18.287693,-83.34436
2020-09-02T06:26:34.808120727,18.287657,-83.34438
2020-09-02T06:26:34.824142456,18.287706,-83.34434
2020-09-02T06:26:34.835968017,18.287725,-83.34433
2020-09-02T06:26:34.881746292,18.287748,-83.34437
2020-09-02T06:26:39.528115273,17.112574,-83.585396
2020-09-02T06:26:39.565881730,17.112555,-83.58545
2020-09-02T06:26:39.569696427,17.112553,-83.5855
2020-09-02T06:26:39.571603776,17.112549,-83.5855
2020-09-02T06:26:39.573892594,17.112547,-83.58548
2020-09-02T06:26:39.575799943,17.142113,-83.587166
2020-09-02T06:26:39.752423287,18.465723,-82.75446
2020-09-02T06:26:39.754712105,18.461967,-82.76289
2020-09-02T06:26:39.782559872,18.468073,-82.759346
2020-09-02T06:26:39.794385434,18.442703,-82.7647
2020-09-02T06:26:39.814222336,18.442451,-82.7315
2020-09-02T06:26:39.895857811,18.474955,-82.755844
2020-09-02T06:26:39.967194081,18.465668,-82.744705
2020-09-02T06:26:39.969101429,18.455513,-82.73109
2020-09-02T06:26:40.014878273,18.5217,-82.73599
2020-09-02T06:26:40.017167091,18.475164,-82.75038
2020-09-02T06:26:40.027085304,18.477697,-82.75206
2020-09-02T06:26:43.778516769,18.274689,-83.27778
2020-09-02T06:26:43.784238815,18.288546,-83.266884
2020-09-02T06:26:43.786527633,18.288534,-83.26688
2020-09-02T06:26:43.828108787,18.288548,-83.266884
2020-09-02T06:26:43.830016136,18.288721,-83.28895
2020-09-02T06:26:44.653240203,18.188726,-83.33871
2020-09-02T06:26:44.714657783,18.210173,-83.33994
2020-09-02T06:26:44.832152366,18.183935,-83.33849
2020-09-02T06:26:44.895858764,18.193617,-83.33893
2020-09-02T06:26:44.953461647,18.193909,-83.339
2020-09-02T06:26:44.965287208,18.191774,-83.33893
2020-09-02T06:26:44.967194557,18.21008,-83.340034
2020-09-02T06:26:45.003053665,18.210129,-83.34002
2020-09-02T06:26:45.048830032,18.210096,-83.33995
2020-09-02T06:26:47.669186592,18.257105,-83.35468
2020-09-02T06:26:49.716947555,18.677324,-82.318405
2020-09-02T06:26:49.724576950,18.66099,-82.30907
2020-09-02T06:26:49.788283348,18.649286,-82.30947
2020-09-02T06:26:49.794386863,18.656656,-82.30709
2020-09-02T06:26:49.843978881,18.672922,-82.339905
2020-09-02T06:26:49.845886230,18.677458,-82.331795
2020-09-02T06:26:49.941636085,18.669018,-82.30225
2020-09-02T06:26:49.953462600,18.637375,-82.31414
2020-09-02T06:26:50.088504791,18.597368,-82.19599
2020-09-02T06:26:50.830093383,18.4519,-82.71236
2020-09-02T06:26:50.832000732,18.443027,-82.73108
2020-09-02T06:26:50.911728858,18.442408,-82.65351
2020-09-02T06:26:50.931565284,18.443087,-82.73131
2020-09-02T06:26:50.933472633,18.466743,-82.732605
2020-09-02T06:26:50.935380935,18.44308,-82.73126
2020-09-02T06:26:50.937669754,18.443077,-82.73124
2020-09-02T06:26:50.939577102,18.465363,-82.73246
2020-09-02T06:26:50.981157302,18.4431,-82.73116
2020-09-02T06:26:51.023118972,18.442755,-82.68683
2020-09-02T06:26:54.985124588,19.494928,-78.76232
2020-09-02T06:26:54.993137359,19.48536,-78.76219
2020-09-02T06:26:54.997333526,19.455734,-78.74642
2020-09-02T06:26:54.999240875,19.4824,-78.76346
2020-09-02T06:26:55.004962921,19.49564,-78.747574
2020-09-02T06:26:55.007251739,19.490349,-78.75812
2020-09-02T06:26:55.009159088,19.485573,-78.74729
2020-09-02T06:26:55.011066436,19.486942,-78.74734
2020-09-02T06:26:55.012973785,19.49432,-78.74754
2020-09-02T06:26:55.014881134,19.494598,-78.7648
2020-09-02T06:26:55.045017242,19.484455,-78.74727
2020-09-02T06:26:55.046924591,19.48391,-78.75403
2020-09-02T06:26:55.048831939,19.48809,-78.74736
2020-09-02T06:26:55.050739288,19.49185,-78.75666
2020-09-02T06:26:55.054935455,19.472075,-78.74688
2020-09-02T06:26:55.070575714,19.455727,-78.74638
2020-09-02T06:26:55.072864532,19.477003,-78.747
2020-09-02T06:26:55.074771881,19.47585,-78.74697
2020-09-02T06:26:55.076679229,19.455727,-78.74639
2020-09-02T06:26:55.078586578,19.469986,-78.75002
2020-09-02T06:26:55.086597442,19.455719,-78.74645
2020-09-02T06:26:55.092700958,19.472332,-78.74468
2020-09-02T06:26:55.094608306,19.479813,-78.747154
2020-09-02T06:26:55.100711822,19.48583,-78.76779
2020-09-02T06:26:55.108341217,19.535467,-78.74877
2020-09-02T06:26:55.114446640,19.535484,-78.7488
2020-09-02T06:26:55.116353988,19.535494,-78.74881
2020-09-02T06:26:55.118261337,19.535505,-78.74881
2020-09-02T06:26:55.120550155,19.535515,-78.74882
2020-09-02T06:26:55.122457504,19.535501,-78.74878
2020-09-02T06:26:55.130468368,19.535519,-78.781815
2020-09-02T06:26:55.132375717,19.455635,-78.746315
2020-09-02T06:26:55.134283065,19.4715,-78.75097
2020-09-02T06:26:55.140386581,19.535574,-78.77346
2020-09-02T06:26:55.178152084,19.535582,-78.79126
2020-09-02T06:26:55.180059432,19.542486,-78.76774
2020-09-02T06:26:55.181966781,19.491634,-78.763214
2020-09-02T06:26:55.219732284,19.535458,-78.748695
2020-09-02T06:26:55.221639633,19.497253,-78.747604
2020-09-02T06:26:55.233846664,19.486565,-78.756355
2020-09-02T06:26:55.295265197,19.530529,-78.761406
2020-09-02T06:26:55.297172546,19.533993,-78.77192
2020-09-02T06:26:55.299461364,19.562855,-78.76794
2020-09-02T06:26:55.295265197,19.855543,-78.835556
2020-09-02T06:26:55.297172546,19.855433,-78.80119
2020-09-02T06:26:55.301368713,19.494614,-78.78518
2020-09-02T06:26:55.337226867,19.535599,-78.82603
2020-09-02T06:26:55.366983413,19.53569,-78.82607
2020-09-02T06:26:55.388727188,19.526115,-78.76661
2020-09-02T06:26:55.390634536,19.554346,-78.76573
2020-09-02T06:26:55.299461364,19.295639,-78.50989
2020-09-02T06:26:55.392923355,19.49952,-78.77738
2020-09-02T06:26:55.436410903,19.455809,-78.82371
2020-09-02T06:26:55.438318252,19.53582,-78.90351
2020-09-02T06:26:55.440607070,19.508528,-78.8516
2020-09-02T06:26:55.444421768,19.535686,-78.852234
2020-09-02T06:26:55.446329116,19.535679,-78.847176
2020-09-02T06:26:55.448617935,19.535627,-78.82605
2020-09-02T06:26:55.486385345,19.518314,-78.82556
2020-09-02T06:26:55.500118255,19.516129,-78.82546
2020-09-02T06:26:55.502025604,19.50176,-78.83
2020-09-02T06:26:55.503932952,19.50378,-78.82512
2020-09-02T06:26:55.519954681,19.455832,-78.823784
2020-09-02T06:26:55.521862030,19.486546,-78.82361
2020-09-02T06:26:55.524150848,19.485659,-78.82459
2020-09-02T06:26:55.526058197,19.477442,-78.808464
2020-09-02T06:26:55.535976409,19.505098,-78.845085
2020-09-02T06:26:55.537883758,19.513979,-78.866585
2020-09-02T06:26:55.539791107,19.524555,-78.87466
2020-09-02T06:26:55.541698455,19.535841,-78.90348
2020-09-02T06:26:55.545894622,19.455753,-78.80747
2020-09-02T06:26:55.547801971,19.467503,-78.809395
2020-09-02T06:26:55.549709320,19.49527,-78.826485
2020-09-02T06:26:55.555812835,19.455708,-78.810356
2020-09-02T06:26:55.557720184,19.455698,-78.80954
2020-09-02T06:26:55.565731048,19.45575,-78.80859
2020-09-02T06:26:55.567638397,19.455812,-78.823654
2020-09-02T06:26:55.671018600,19.455948,-78.90102
2020-09-02T06:26:55.643171310,18.425013,-82.83709
2020-09-02T06:26:55.685132980,18.443676,-82.83034
2020-09-02T06:26:56.557949066,18.260258,-83.27149
2020-09-02T06:26:56.579692840,18.210499,-83.33956
2020-09-02T06:26:56.581600189,18.251394,-83.28634
2020-09-02T06:26:56.583507537,18.220554,-83.33017
2020-09-02T06:26:56.585414886,18.216837,-83.332344
2020-09-02T06:26:56.587703704,18.210487,-83.339554
2020-09-02T06:26:56.589611053,18.288853,-83.266464
2020-09-02T06:26:56.619367599,18.288836,-83.266525
2020-09-02T06:26:56.621274948,18.263939,-83.26505
2020-09-02T06:26:56.639204025,18.28883,-83.26647
2020-09-02T06:26:56.667051315,18.28884,-83.26647
2020-09-02T06:26:56.684980392,18.210432,-83.33956
2020-09-02T06:26:56.691083908,18.210424,-83.339584
2020-09-02T06:26:56.762420654,18.210417,-83.33949
2020-09-02T06:26:56.782257080,18.21534,-83.33477
2020-09-02T06:26:56.784545898,18.210388,-83.33949
2020-09-02T06:26:56.786453247,18.210316,-83.33158
2020-09-02T06:26:56.788360595,18.210367,-83.33946
2020-09-02T06:26:56.790267944,18.219015,-83.33298
2020-09-02T06:26:56.796371459,18.210407,-83.33948
2020-09-02T06:26:56.798278808,18.210424,-83.339485
2020-09-02T06:26:56.869997024,18.210348,-83.33946
2020-09-02T06:26:56.881822586,18.210325,-83.339516
2020-09-02T06:26:56.905855178,18.2104,-83.339554
2020-09-02T06:26:56.909669876,18.210398,-83.339554
2020-09-02T06:26:56.993213653,18.210268,-83.33037
2020-09-02T06:26:57.030979156,18.210434,-83.339485
2020-09-02T06:26:57.044712066,18.210348,-83.3395
2020-09-02T06:27:03.219655036,19.454746,-78.60469
2020-09-02T06:27:03.221943855,19.457615,-78.60964
2020-09-02T06:27:03.225758552,19.454746,-78.61173
2020-09-02T06:27:03.227665901,19.454742,-78.612495
2020-09-02T06:27:03.229954719,19.454748,-78.61798
2020-09-02T06:27:03.235676765,19.454744,-78.61924
2020-09-02T06:27:03.237584114,19.454742,-78.618935
2020-09-02T06:27:03.243687629,19.454758,-78.619965
2020-09-02T06:27:03.257420539,19.454767,-78.61695
2020-09-02T06:27:03.265432357,19.454752,-78.61464
2020-09-02T06:27:03.311208724,19.454805,-78.61899
2020-09-02T06:27:03.329138755,19.45466,-78.591705
2020-09-02T06:27:03.333334922,19.454655,-78.59173
2020-09-02T06:27:03.348975181,19.454748,-78.59175
2020-09-02T06:27:03.350882530,19.45477,-78.59175
2020-09-02T06:27:03.353171348,19.45475,-78.59175
2020-09-02T06:27:03.360800743,19.454674,-78.59177
2020-09-02T06:27:03.363089561,19.454699,-78.6019
2020-09-02T06:27:03.364996910,19.454676,-78.59173
2020-09-02T06:27:03.368811607,19.454678,-78.5917
2020-09-02T06:27:03.371100425,19.45468,-78.59168
2020-09-02T06:27:03.381018638,19.45473,-78.59876
2020-09-02T06:27:03.382925987,19.455162,-78.59909
2020-09-02T06:27:03.384833335,19.457302,-78.59954
2020-09-02T06:27:03.386741638,19.454744,-78.59176
2020-09-02T06:27:03.390937805,19.454762,-78.59178
2020-09-02T06:27:03.392845153,19.456453,-78.59682
2020-09-02T06:27:03.394752502,19.454704,-78.59172
2020-09-02T06:27:03.412681579,19.467068,-78.5921
2020-09-02T06:27:03.414588928,19.460724,-78.59673
2020-09-02T06:27:03.416496276,19.454357,-78.59948
2020-09-02T06:27:03.420692443,19.477257,-78.595024
2020-09-02T06:27:03.422599792,19.463936,-78.600204
2020-09-02T06:27:03.424507141,19.454714,-78.59177
2020-09-02T06:27:03.426414489,19.454723,-78.591774
2020-09-02T06:27:03.454262733,19.501091,-78.59303
2020-09-02T06:27:03.456551551,19.480415,-78.59245
2020-09-02T06:27:03.478295326,19.45476,-78.61959
2020-09-02T06:27:03.480202674,19.454767,-78.621666
2020-09-02T06:27:03.494317054,19.454878,-78.631256
2020-09-02T06:27:03.498131752,19.454882,-78.631355
2020-09-02T06:27:03.502327919,19.454948,-78.66908
2020-09-02T06:27:03.508049964,19.454853,-78.66905
2020-09-02T06:27:03.603419303,19.450443,-78.604225
2020-09-02T06:27:03.643474578,19.44951,-78.57788
2020-09-02T06:27:03.659114837,19.454716,-78.59169
2020-09-02T06:27:03.728924751,19.454683,-78.602394
2020-09-02T06:27:03.730832099,19.463566,-78.59943
2020-09-02T06:27:03.732739448,19.45467,-78.59182
2020-09-02T06:27:03.762495040,19.432129,-78.58435
2020-09-02T06:27:03.764402389,19.45472,-78.59181
2020-09-02T06:27:07.088580131,19.547745,-78.53399
2020-09-02T06:27:07.090487480,19.546877,-78.52443
2020-09-02T06:27:07.092776298,19.552113,-78.52613
2020-09-02T06:27:07.094683647,19.533777,-78.516815
2020-09-02T06:27:07.096590995,19.54514,-78.51712
2020-09-02T06:27:07.098499298,19.549551,-78.52341
2020-09-02T06:27:07.100406646,19.556425,-78.52258
2020-09-02T06:27:07.102695465,19.556374,-78.52276
2020-09-02T06:27:07.104602813,19.56179,-78.517555
2020-09-02T06:27:07.106510162,19.567175,-78.5177
2020-09-02T06:27:07.108417510,19.570124,-78.517784
2020-09-02T06:27:07.110324859,19.551031,-78.51878
2020-09-02T06:27:07.112613677,19.550167,-78.51585
2020-09-02T06:27:07.114521026,19.558353,-78.51747
2020-09-02T06:27:07.116428375,19.575686,-78.51795
2020-09-02T06:27:07.118335723,19.580427,-78.52035
2020-09-02T06:27:07.120243072,19.569525,-78.523964
2020-09-02T06:27:07.124439239,19.578896,-78.51805
2020-09-02T06:27:07.130542755,19.613499,-78.519
2020-09-02T06:27:07.132450103,19.605753,-78.51727
2020-09-02T06:27:07.134357452,19.56924,-78.51781
2020-09-02T06:27:07.146183013,19.548925,-78.51729
2020-09-02T06:27:07.148090362,19.59829,-78.51863
2020-09-02T06:27:07.150379180,19.572615,-78.52159
2020-09-02T06:27:07.156101226,19.599798,-78.51861
2020-09-02T06:27:07.158008575,19.585188,-78.51818
2020-09-02T06:27:07.160298347,19.613539,-78.51893
2020-09-02T06:27:07.168309211,19.576405,-78.51797
2020-09-02T06:27:07.170216560,19.567446,-78.52376
2020-09-02T06:27:07.175938606,19.613525,-78.50242
2020-09-02T06:27:07.178227424,19.583323,-78.51817
2020-09-02T06:27:07.182042121,19.591724,-78.510635
2020-09-02T06:27:07.183949470,19.597027,-78.52012
2020-09-02T06:27:07.185856819,19.587437,-78.50303
2020-09-02T06:27:07.188145637,19.613575,-78.51899
2020-09-02T06:27:07.190052986,19.601185,-78.518654
2020-09-02T06:27:07.191960334,19.60652,-78.4879
2020-09-02T06:27:07.193867683,19.59858,-78.50289
2020-09-02T06:27:07.195775032,19.613436,-78.44155
2020-09-02T06:27:07.198063850,19.608576,-78.492645
2020-09-02T06:27:07.199971199,19.6136,-78.51899
2020-09-02T06:27:07.201878547,19.613598,-78.518974
2020-09-02T06:27:07.203785896,19.607803,-78.51881
2020-09-02T06:27:07.207982063,19.613586,-78.51893
2020-09-02T06:27:07.211796760,19.613586,-78.51891
2020-09-02T06:27:07.213704109,19.613596,-78.518936
2020-09-02T06:27:07.215992927,19.608576,-78.518814
2020-09-02T06:27:07.217900276,19.613613,-78.51897
2020-09-02T06:27:07.219807624,19.61364,-78.52652
2020-09-02T06:27:07.221714973,19.61362,-78.51899
2020-09-02T06:27:07.223623275,19.613638,-78.530426
2020-09-02T06:27:07.225912094,19.613602,-78.518974
2020-09-02T06:27:07.227819442,19.613638,-78.53898
2020-09-02T06:27:07.231634140,19.613657,-78.55676
2020-09-02T06:27:07.233922958,19.613638,-78.55382
2020-09-02T06:27:07.235830307,19.613626,-78.55515
2020-09-02T06:27:07.237737655,19.613707,-78.59642
2020-09-02T06:27:07.241552352,19.613695,-78.59642
2020-09-02T06:27:07.281606674,19.613745,-78.59638
2020-09-02T06:27:07.285422325,19.613743,-78.59636
2020-09-02T06:27:07.434578895,19.570946,-78.55922
2020-09-02T06:27:07.529947280,19.555532,-78.53063
2020-09-02T06:27:07.531855583,19.580229,-78.521965
2020-09-02T06:27:07.599376678,19.560604,-78.5467
2020-09-02T06:27:08.414589881,18.441566,-82.73205
2020-09-02T06:27:08.436333656,18.441597,-82.7321
2020-09-02T06:27:08.464181900,18.45205,-82.72917
2020-09-02T06:27:08.476388931,18.457426,-82.71719
2020-09-02T06:27:08.494318008,18.473473,-82.73385
2020-09-02T06:27:08.496225357,18.474138,-82.73387
2020-09-02T06:27:08.506143569,18.441551,-82.73205
2020-09-02T06:27:08.657208442,18.441574,-82.73211
2020-09-02T06:27:08.659115791,18.441055,-82.72071
2020-09-02T06:27:09.366752624,18.209259,-83.34033
2020-09-02T06:27:09.424736976,18.19311,-83.33937
2020-09-02T06:27:09.426644325,18.209232,-83.34032
2020-09-02T06:27:09.428551673,18.20923,-83.34031
2020-09-02T06:27:09.575801849,18.209146,-83.34031
2020-09-02T06:27:09.621578216,18.1913,-83.339264
2020-09-02T06:27:09.682995796,18.19192,-83.32988
2020-09-02T06:27:09.684903144,18.190434,-83.32741
2020-09-02T06:27:09.687191963,18.19601,-83.32483
2020-09-02T06:27:09.691006660,18.209217,-83.340324
2020-09-02T06:27:09.692914009,18.200628,-83.32687
2020-09-02T06:27:09.694821357,18.199898,-83.32423
2020-09-02T06:27:09.697111129,18.199337,-83.32049
2020-09-02T06:27:09.718854904,18.202703,-83.3245
2020-09-02T06:27:09.720762252,18.20216,-83.313255
2020-09-02T06:27:09.722669601,18.203226,-83.3246
2020-09-02T06:27:09.724958419,18.200104,-83.322876
2020-09-02T06:27:09.726865768,18.202528,-83.32442
2020-09-02T06:27:09.728773117,18.195673,-83.32279
2020-09-02T06:27:09.806212425,18.196218,-83.32174
2020-09-02T06:27:09.808119773,18.209126,-83.34037
2020-09-02T06:27:09.840164184,18.199188,-83.32155
2020-09-02T06:27:09.869918823,18.209082,-83.34039
2020-09-02T06:27:09.876022338,18.200584,-83.32041
2020-09-02T06:27:09.889756202,18.202288,-83.325294
2020-09-02T06:27:09.891663551,18.209112,-83.34048
2020-09-02T06:27:09.969484329,18.201864,-83.32364
2020-09-02T06:27:09.977113723,18.209145,-83.34045
2020-09-02T06:27:09.979402542,18.199594,-83.32064
2020-09-02T06:27:09.983217239,18.209028,-83.3193
2020-09-02T06:27:09.985124588,18.209202,-83.34046
2020-09-02T06:27:09.995042800,18.209217,-83.340454
2020-09-02T06:27:09.997331619,18.209215,-83.34045
2020-09-02T06:27:09.999238967,18.209055,-83.32064
2020-09-02T06:27:10.014880180,18.202257,-83.32507
2020-09-02T06:27:10.017168998,18.209208,-83.34042
2020-09-02T06:27:10.040820121,18.202755,-83.320564
2020-09-02T06:27:10.062563896,18.209196,-83.340546
2020-09-02T06:27:10.064852714,18.208977,-83.312836
2020-09-02T06:27:10.078586578,18.209177,-83.34047
2020-09-02T06:27:10.180058479,18.209124,-83.340416
2020-09-02T06:27:10.181965827,18.20891,-83.31298
2020-09-02T06:27:10.223928451,18.190308,-83.31049
2020-09-02T06:27:10.225835800,18.208975,-83.31474
2020-09-02T06:27:10.233846664,18.20922,-83.340485
2020-09-02T06:27:10.239568710,18.201506,-83.32083
2020-09-02T06:27:10.251775741,18.202072,-83.324715
2020-09-02T06:27:10.253683090,18.209166,-83.340416
2020-09-02T06:27:10.269705772,18.213339,-83.31715
2020-09-02T06:27:10.271613121,18.213669,-83.30852
2020-09-02T06:27:10.273520469,18.208784,-83.31164
2020-09-02T06:27:10.275427818,18.209028,-83.34031
2020-09-02T06:27:10.279623985,18.20906,-83.34034
2020-09-02T06:27:11.490045547,18.2873,-83.266884
2020-09-02T06:27:11.548030853,18.287313,-83.26687
2020-09-02T06:27:11.579692840,18.28736,-83.2669
2020-09-02T06:27:11.581600189,18.28736,-83.266884
2020-09-02T06:27:11.599529266,18.28738,-83.266884
2020-09-02T06:27:11.617458343,18.287317,-83.26682
2020-09-02T06:27:11.657133102,18.287342,-83.26682
2020-09-02T06:27:15.335319519,19.534056,-78.7479
2020-09-02T06:27:15.350959777,19.53407,-78.74781
2020-09-02T06:27:15.426492691,19.534138,-78.74785
2020-09-02T06:27:15.428400039,19.534145,-78.74785
2020-09-02T06:27:15.430688858,19.534155,-78.747856
2020-09-02T06:27:15.440607070,19.534079,-78.747894
2020-09-02T06:27:15.442514419,19.53409,-78.747894
2020-09-02T06:27:15.444421768,19.534103,-78.747894
2020-09-02T06:27:15.446329116,19.534117,-78.7479
2020-09-02T06:27:15.458536148,19.514532,-78.74907
2020-09-02T06:27:15.460443496,19.454403,-78.74555
2020-09-02T06:27:15.490200042,19.51856,-78.754105
2020-09-02T06:27:15.519954681,19.507168,-78.759514
2020-09-02T06:27:15.542079925,19.52383,-78.74903
2020-09-02T06:27:15.615324020,19.534187,-78.74803
2020-09-02T06:27:18.331048965,18.20928,-83.2796
2020-09-02T06:27:18.333337783,18.209146,-83.261856
2020-09-02T06:27:18.373010635,18.209225,-83.26185
2020-09-02T06:27:18.376825332,18.209223,-83.26186
2020-09-02T06:27:18.436716079,18.209269,-83.26191
2020-09-02T06:27:18.438623428,18.209288,-83.26191
2020-09-02T06:27:18.508052825,18.225098,-83.27531
2020-09-02T06:27:18.573665618,18.222553,-83.2738
2020-09-02T06:27:18.575572967,18.23253,-83.28257
2020-09-02T06:27:18.585493087,18.209192,-83.26193
2020-09-02T06:27:18.605329513,18.225002,-83.262955
2020-09-02T06:27:18.688871383,18.209324,-83.26205
2020-09-02T06:27:18.691160202,18.22806,-83.27684
2020-09-02T06:27:21.931411743,18.209799,-83.33945
2020-09-02T06:27:22.013047695,18.209934,-83.358734
2020-09-02T06:27:22.014955043,18.209951,-83.36174
2020-09-02T06:27:22.124438285,18.209787,-83.33944
2020-09-02T06:27:22.247654914,18.20978,-83.339455
2020-09-02T06:27:22.249562263,18.209972,-83.36081
2020-09-02T06:27:22.352942466,18.204489,-83.36199
2020-09-02T06:27:22.354849815,18.209866,-83.36098
2020-09-02T06:27:22.357138633,18.2099,-83.366936
2020-09-02T06:27:22.359045982,18.199436,-83.36925
2020-09-02T06:27:22.360953330,18.200184,-83.37146
2020-09-02T06:27:22.362860679,18.196863,-83.37164
2020-09-02T06:27:22.414741516,18.209698,-83.339386
2020-09-02T06:27:22.416648864,18.209925,-83.36818
2020-09-02T06:27:22.490273475,18.199736,-83.3706
2020-09-02T06:27:22.495995521,18.209904,-83.372
2020-09-02T06:27:24.687191963,18.335331,-83.25163
2020-09-02T06:27:24.718853950,18.335157,-83.26931
2020-09-02T06:27:26.215764045,19.403908,-82.26023
2020-09-02T06:27:26.225682258,19.391878,-82.23911
2020-09-02T06:27:26.227589607,19.402178,-82.259636
2020-09-02T06:27:26.235601425,19.391886,-82.23909
2020-09-02T06:27:26.237508773,19.406109,-82.25992
2020-09-02T06:27:26.245519638,19.412827,-82.2619
2020-09-02T06:27:26.247426986,19.418245,-82.262535
2020-09-02T06:27:26.255437850,19.42703,-82.260345
2020-09-02T06:27:26.257345199,19.421268,-82.26559
2020-09-02T06:27:26.267263412,19.42851,-82.26165
2020-09-02T06:27:26.281377792,19.42558,-82.25911
2020-09-02T06:27:26.283285140,19.421047,-82.25824
2020-09-02T06:27:26.313040733,19.418222,-82.262726
2020-09-02T06:27:26.315329551,19.41456,-82.26445
2020-09-02T06:27:26.317236900,19.392097,-82.265076
2020-09-02T06:27:26.329062461,19.44777,-82.24216
2020-09-02T06:27:26.330969810,19.435335,-82.241486
2020-09-02T06:27:26.343176841,19.438646,-82.241776
2020-09-02T06:27:26.345084190,19.43649,-82.251305
2020-09-02T06:27:26.346991539,19.415977,-82.25671
2020-09-02T06:27:26.348898887,19.391928,-82.23911
2020-09-02T06:27:26.350806236,19.4184,-82.268715
2020-09-02T06:27:26.353095054,19.392134,-82.2664
2020-09-02T06:27:26.355002403,19.392117,-82.26414
2020-09-02T06:27:26.358818054,19.436024,-82.27553
2020-09-02T06:27:26.360725402,19.432745,-82.27441
2020-09-02T06:27:26.363014221,19.392145,-82.26759
2020-09-02T06:27:26.364921569,19.392162,-82.26986
2020-09-02T06:27:26.366828918,19.392178,-82.27195
2020-09-02T06:27:26.370643615,19.444735,-82.28143
2020-09-02T06:27:26.372932434,19.418,-82.27716
2020-09-02T06:27:26.374839782,19.39193,-82.23906
2020-09-02T06:27:26.376747131,19.472353,-82.321594
2020-09-02T06:27:26.378654479,19.43419,-82.28196
2020-09-02T06:27:26.384757995,19.472204,-82.29929
2020-09-02T06:27:26.386665344,19.45455,-82.29255
2020-09-02T06:27:26.394676208,19.418016,-82.29732
2020-09-02T06:27:26.404594421,19.401686,-82.29135
2020-09-02T06:27:26.464104652,19.392248,-82.27969
2020-09-02T06:27:26.376747131,18.47365,-82.73324
2020-09-02T06:27:26.379035949,18.442265,-82.731476
2020-09-02T06:27:26.442360877,18.470638,-82.73311
2020-09-02T06:27:26.533914566,18.442314,-82.73148
2020-09-02T06:27:26.535821914,18.4749,-82.73331
2020-09-02T06:27:26.637294769,18.465105,-82.712585
2020-09-02T06:27:26.639202117,18.442326,-82.73144
2020-09-02T06:27:26.641490936,18.44232,-82.73143
2020-09-02T06:27:26.699093818,18.474525,-82.733215
2020-09-02T06:27:26.701001167,18.472202,-82.733086
2020-09-02T06:27:26.702908515,18.45789,-82.729774
2020-09-02T06:27:26.704815864,18.466232,-82.71618
2020-09-02T06:27:26.726942062,18.442316,-82.73145
2020-09-02T06:27:28.066683769,18.380907,-82.93591
2020-09-02T06:27:28.072787284,18.38561,-82.95099
2020-09-02T06:27:28.088809967,18.364998,-82.96004
2020-09-02T06:27:28.090717315,18.36552,-82.93806
2020-09-02T06:27:28.092624664,18.365007,-82.96004
2020-09-02T06:27:28.094532012,18.355333,-82.942375
2020-09-02T06:27:28.096439361,18.367481,-82.94511
2020-09-02T06:27:28.138401031,18.364817,-82.93255
2020-09-02T06:27:28.140308380,18.364826,-82.93344
2020-09-02T06:27:28.142215728,18.365028,-82.96001
2020-09-02T06:27:28.154042243,18.364794,-82.929955
2020-09-02T06:27:28.156331062,18.353832,-82.93474
2020-09-02T06:27:28.179982185,18.364754,-82.918655
2020-09-02T06:27:28.181889533,18.364773,-82.92405
2020-09-02T06:27:28.213933944,18.364635,-82.90959
2020-09-02T06:27:28.233770370,18.364943,-82.960014
2020-09-02T06:27:28.235677719,18.34815,-82.94507
2020-09-02T06:27:28.237585067,18.351767,-82.93876
2020-09-02T06:27:28.261617660,18.364985,-82.959915
2020-09-02T06:27:28.263525009,18.34044,-82.942665
2020-09-02T06:27:28.265432357,18.361643,-82.94555
2020-09-02T06:27:28.267721176,18.353218,-82.95617
2020-09-02T06:27:28.295569419,18.318165,-82.95727
2020-09-02T06:27:28.297476768,18.3395,-82.94994
2020-09-02T06:27:28.299384117,18.329304,-82.946205
2020-09-02T06:27:28.315405845,18.310171,-82.962395
2020-09-02T06:27:28.317313194,18.331594,-82.94753
2020-09-02T06:27:28.335242271,18.285925,-82.95553
2020-09-02T06:27:28.337150573,18.309752,-82.95689
2020-09-02T06:27:28.339057922,18.323603,-82.95767
2020-09-02T06:27:28.398949623,18.348455,-82.9187
2020-09-02T06:27:28.402764320,18.364668,-82.92059
2020-09-02T06:27:30.158314704,18.227837,-83.29134
2020-09-02T06:27:30.160222053,18.228045,-83.291824
2020-09-02T06:27:30.247579574,18.230297,-83.30435
2020-09-02T06:27:30.249486923,18.231993,-83.304
2020-09-02T06:27:30.251775741,18.225561,-83.2977
2020-09-02T06:27:30.285346031,18.209688,-83.33938
2020-09-02T06:27:30.287253379,18.209675,-83.339386
2020-09-02T06:27:30.349052429,18.209568,-83.339386
2020-09-02T06:27:30.350959777,18.209545,-83.33938
2020-09-02T06:27:30.412758827,18.209042,-83.26163
2020-09-02T06:27:30.440607070,18.239979,-83.289696
2020-09-02T06:27:30.462350845,18.225698,-83.31339
2020-09-02T06:27:30.464258193,18.227495,-83.31332
2020-09-02T06:27:30.466547012,18.22879,-83.31293
2020-09-02T06:27:30.468454360,18.209627,-83.33943
2020-09-02T06:27:30.524149894,18.209538,-83.3394
2020-09-02T06:27:30.605403900,18.226221,-83.31523
2020-09-02T06:27:30.774397850,18.22278,-83.30105
2020-09-02T06:27:32.571910858,18.159206,-83.33682
2020-09-02T06:27:32.573818206,18.160246,-83.33689
2020-09-02T06:27:32.645154953,18.13004,-83.33515
2020-09-02T06:27:32.667280197,18.156773,-83.34334
2020-09-02T06:27:32.718778610,18.152033,-83.34625
2020-09-02T06:27:32.724882125,18.130047,-83.33516
2020-09-02T06:27:32.766464233,18.16327,-83.337135
2020-09-02T06:27:32.768753051,18.130068,-83.335175
2020-09-02T06:27:32.770660400,18.164305,-83.343506
2020-09-02T06:27:32.790496826,18.129913,-83.33525
2020-09-02T06:27:32.792404174,18.129938,-83.33525
2020-09-02T06:27:32.840087890,18.13013,-83.33533
2020-09-02T06:27:32.841995239,18.16231,-83.34584
2020-09-02T06:27:32.895784378,18.158422,-83.3438
2020-09-02T06:27:32.901887893,18.130001,-83.335236
2020-09-02T06:27:32.903795242,18.130022,-83.335236
2020-09-02T06:27:33.744565963,19.488028,-78.75836
2020-09-02T06:27:33.746854782,19.453804,-78.7467
2020-09-02T06:27:33.752578735,19.453802,-78.746735
2020-09-02T06:27:33.766693115,19.48313,-78.74749
2020-09-02T06:27:33.768600463,19.482214,-78.74746
2020-09-02T06:27:33.770507812,19.453814,-78.74663
2020-09-02T06:27:33.774703979,19.492039,-78.75404
2020-09-02T06:27:33.788436889,19.507414,-78.7482
2020-09-02T06:27:33.798355102,19.533638,-78.748985
2020-09-02T06:27:33.804458618,19.478619,-78.74741
2020-09-02T06:27:33.806365966,19.478657,-78.75386
2020-09-02T06:27:33.818191528,19.45376,-78.74672
2020-09-02T06:27:33.820098876,19.472889,-78.74728
2020-09-02T06:27:33.828109741,19.45378,-78.74671
2020-09-02T06:27:33.830398559,19.453783,-78.74671
2020-09-02T06:27:33.832305908,19.453798,-78.7467
2020-09-02T06:27:33.840316772,19.45387,-78.746635
2020-09-02T06:27:33.875795364,19.533514,-78.749
2020-09-02T06:27:33.878084182,19.533518,-78.74898
2020-09-02T06:27:33.885713577,19.533516,-78.74892
2020-09-02T06:27:33.888002395,19.533512,-78.74891
2020-09-02T06:27:33.889909744,19.533508,-78.74889
2020-09-02T06:27:33.917757034,19.533587,-78.74896
2020-09-02T06:27:33.919664382,19.533579,-78.748955
2020-09-02T06:27:33.921571731,19.533642,-78.77909
2020-09-02T06:27:33.923479080,19.533615,-78.77659
2020-09-02T06:27:33.925767898,19.533627,-78.78863
2020-09-02T06:27:33.927675247,19.526455,-78.78843
2020-09-02T06:27:33.929582595,19.521307,-78.76748
2020-09-02T06:27:33.935686111,19.533594,-78.77704
2020-09-02T06:27:33.937593460,19.513052,-78.77417
2020-09-02T06:27:33.939500808,19.511183,-78.765816
2020-09-02T06:27:33.941408157,19.50925,-78.78452
2020-09-02T06:27:33.953615188,19.48587,-78.785034
2020-09-02T06:27:33.955522537,19.493843,-78.773895
2020-09-02T06:27:33.957429885,19.499817,-78.7746
2020-09-02T06:27:33.959337234,19.478676,-78.788666
2020-09-02T06:27:33.961244583,19.476591,-78.790695
2020-09-02T06:27:33.963533401,19.465443,-78.79281
2020-09-02T06:27:33.965440750,19.47305,-78.79369
2020-09-02T06:27:33.967348098,19.473782,-78.778275
2020-09-02T06:27:33.969255447,19.453918,-78.824066
2020-09-02T06:27:33.981462478,19.453917,-78.82415
2020-09-02T06:27:33.983369827,19.453924,-78.824135
2020-09-02T06:27:33.985277175,19.453892,-78.80871
2020-09-02T06:27:33.987184524,19.473679,-78.79233
2020-09-02T06:27:34.058902740,19.533619,-78.79037
2020-09-02T06:27:34.094760894,19.45373,-78.74666
2020-09-02T06:27:34.192037582,19.517452,-78.75782
2020-09-02T06:27:34.193944931,19.484688,-78.78363
2020-09-02T06:27:34.198141098,19.453907,-78.80729
2020-09-02T06:27:34.200048446,19.46592,-78.80446
2020-09-02T06:27:34.201955795,19.484385,-78.77845
2020-09-02T06:27:34.203863143,19.45383,-78.789856
2020-09-02T06:27:34.205770492,19.453901,-78.82403
2020-09-02T06:27:34.208059310,19.45385,-78.810684
2020-09-02T06:27:34.227895736,19.453878,-78.8147
2020-09-02T06:27:34.229803085,19.453894,-78.82402
2020-09-02T06:27:34.259559631,19.453905,-78.82401
2020-09-02T06:27:34.261466979,19.46604,-78.80193
2020-09-02T06:27:34.263755798,19.47925,-78.78895
2020-09-02T06:27:34.265663146,19.472462,-78.78487
2020-09-02T06:27:34.279396057,19.533503,-78.74888
2020-09-02T06:27:34.370950698,19.493793,-78.77405
2020-09-02T06:27:34.372858047,19.466572,-78.79909
2020-09-02T06:27:35.172048568,19.536987,-78.59915
2020-09-02T06:27:35.173955917,19.533176,-78.59423
2020-09-02T06:27:35.176244735,19.535797,-78.59927
2020-09-02T06:27:35.178152084,19.533169,-78.59422
2020-09-02T06:27:35.180059432,19.533163,-78.594215
2020-09-02T06:27:35.181966781,19.533184,-78.59421
2020-09-02T06:27:35.184255599,19.533213,-78.5942
2020-09-02T06:27:35.186162948,19.533241,-78.59419
2020-09-02T06:27:35.188070297,19.533283,-78.60011
2020-09-02T06:27:35.189977645,19.531101,-78.60103
2020-09-02T06:27:35.191884994,19.533295,-78.594185
2020-09-02T06:27:35.207906723,19.53322,-78.594185
2020-09-02T06:27:35.214010238,19.533207,-78.59417
2020-09-02T06:27:35.215917587,19.5332,-78.59417
2020-09-02T06:27:35.219732284,19.533184,-78.59416
2020-09-02T06:27:35.225835800,19.533176,-78.59417
2020-09-02T06:27:35.227743148,19.538174,-78.59094
2020-09-02T06:27:35.229650497,19.533155,-78.58644
2020-09-02T06:27:35.231939315,19.537403,-78.58772
2020-09-02T06:27:35.235755920,19.533148,-78.57551
2020-09-02T06:27:35.243766784,19.533161,-78.56968
2020-09-02T06:27:35.245674133,19.53322,-78.594154
2020-09-02T06:27:35.251777648,19.533163,-78.56519
2020-09-02T06:27:35.259788513,19.533102,-78.57195
2020-09-02T06:27:35.263603210,19.53307,-78.5577
2020-09-02T06:27:35.267417907,19.533062,-78.549995
2020-09-02T06:27:35.271614074,19.533064,-78.54603
2020-09-02T06:27:35.275428771,19.533064,-78.544106
2020-09-02T06:27:35.279624938,19.533007,-78.51675
2020-09-02T06:27:35.281532287,19.531124,-78.55848
2020-09-02T06:27:35.287635803,19.53307,-78.55372
2020-09-02T06:27:35.289543151,19.533154,-78.594185
2020-09-02T06:27:35.291450500,19.507362,-78.533356
2020-09-02T06:27:35.293357849,19.523561,-78.55116
2020-09-02T06:27:35.295265197,19.51559,-78.54918
2020-09-02T06:27:35.297554016,19.513441,-78.54295
2020-09-02T06:27:35.299461364,19.533407,-78.5782
2020-09-02T06:27:35.301368713,19.533052,-78.59417
2020-09-02T06:27:35.309379577,19.533028,-78.516815
2020-09-02T06:27:35.315483093,19.481724,-78.52988
2020-09-02T06:27:35.317390441,19.533148,-78.594154
2020-09-02T06:27:35.319297790,19.453148,-78.514565
2020-09-02T06:27:35.321205139,19.532938,-78.516716
2020-09-02T06:27:35.339134216,19.532976,-78.51683
2020-09-02T06:27:35.347145080,19.533108,-78.5942
2020-09-02T06:27:35.349052429,19.533094,-78.594185
2020-09-02T06:27:35.350959777,19.539137,-78.59888
2020-09-02T06:27:35.353248596,19.5394,-78.59736
2020-09-02T06:27:35.355155944,19.53986,-78.59787
2020-09-02T06:27:35.357063293,19.53314,-78.59413
2020-09-02T06:27:35.358970642,19.533157,-78.59412
2020-09-02T06:27:35.388727188,19.533014,-78.51677
2020-09-02T06:27:35.391016006,19.533009,-78.516785
2020-09-02T06:27:35.404748916,19.533094,-78.59984
2020-09-02T06:27:35.420770645,19.4892,-78.528015
2020-09-02T06:27:35.450525283,19.533215,-78.594246
2020-09-02T06:27:35.462350845,19.53317,-78.59862
2020-09-02T06:27:35.464258193,19.528522,-78.60236
2020-09-02T06:27:35.466547012,19.526419,-78.60246
2020-09-02T06:27:35.468454360,19.502876,-78.59347
2020-09-02T06:27:35.470361709,19.516264,-78.59978
2020-09-02T06:27:35.476465225,19.508715,-78.60079
2020-09-02T06:27:35.478372573,19.520798,-78.60111
2020-09-02T06:27:35.484477996,19.45331,-78.59188
2020-09-02T06:27:35.557720184,19.533203,-78.59408
2020-09-02T06:27:35.577556610,19.533089,-78.59419
2020-09-02T06:27:35.579845428,19.524284,-78.60005
2020-09-02T06:27:35.643171310,19.497412,-78.57482
2020-09-02T06:27:35.663389205,19.533003,-78.57482
2020-09-02T06:27:35.665296554,19.528969,-78.56173
2020-09-02T06:27:35.667203903,19.53312,-78.594185
2020-09-02T06:27:35.683225631,19.53298,-78.51675
2020-09-02T06:27:35.687040328,19.533106,-78.55769
2020-09-02T06:27:35.693143844,19.533024,-78.516754
2020-09-02T06:27:35.701154708,19.524944,-78.56708
2020-09-02T06:27:35.703062057,19.533083,-78.56845
2020-09-02T06:27:35.744644165,19.535036,-78.57179
2020-09-02T06:27:35.746551513,19.532333,-78.56271
2020-09-02T06:27:35.748840332,19.529715,-78.55329
2020-09-02T06:27:35.752655029,19.532286,-78.539986
2020-09-02T06:27:35.754562377,19.536095,-78.56372
2020-09-02T06:27:35.756469726,19.533066,-78.56574
2020-09-02T06:27:35.758758544,19.533209,-78.53899
2020-09-02T06:27:35.762573242,19.53013,-78.51702
2020-09-02T06:27:35.764480590,19.530115,-78.53645
2020-09-02T06:27:35.768676757,19.53104,-78.53053
2020-09-02T06:27:35.774398803,19.533064,-78.55415
2020-09-02T06:27:35.780502319,19.533096,-78.566246
2020-09-02T06:27:35.782409667,19.533077,-78.55929
2020-09-02T06:27:35.784317016,19.533064,-78.555244
2020-09-02T06:27:35.786605834,19.533052,-78.55196
2020-09-02T06:27:35.788513183,19.533064,-78.55928
2020-09-02T06:27:35.794235229,19.533075,-78.557945
2020-09-02T06:27:35.798431396,19.533083,-78.55261
2020-09-02T06:27:35.800338745,19.533115,-78.562584
2020-09-02T06:27:35.802246093,19.53312,-78.56764
2020-09-02T06:27:35.804534912,19.533167,-78.594185
2020-09-02T06:27:35.808349609,19.532898,-78.48083
2020-09-02T06:27:35.818267822,19.53278,-78.43942
2020-09-02T06:27:35.832382202,19.532793,-78.439384
2020-09-02T06:27:35.838104248,19.532806,-78.43941
2020-09-02T06:27:35.844207763,19.56105,-78.44015
2020-09-02T06:27:35.895708084,19.612679,-78.403275
2020-09-02T06:27:35.907915115,19.61256,-78.36409
2020-09-02T06:27:35.909822463,19.612612,-78.394196
2020-09-02T06:27:35.911729812,19.612595,-78.386444
2020-09-02T06:27:35.913637161,19.57619,-78.44584
2020-09-02T06:27:35.915544509,19.612568,-78.36405
2020-09-02T06:27:35.917833328,19.533129,-78.56051
2020-09-02T06:27:35.917833328,19.612576,-78.36402
2020-09-02T06:27:35.919740676,19.533146,-78.56473
2020-09-02T06:27:35.919740676,19.612585,-78.364
2020-09-02T06:27:35.921648025,19.533155,-78.56803
2020-09-02T06:27:35.923555374,19.612581,-78.364006
2020-09-02T06:27:35.923555374,19.533207,-78.59409
2020-09-02T06:27:35.939577102,19.612623,-78.36404
2020-09-02T06:27:35.945680618,19.61265,-78.384315
2020-09-02T06:27:35.947587966,19.612648,-78.3882
2020-09-02T06:27:35.949495315,19.61259,-78.364044
2020-09-02T06:27:36.549938201,18.255756,-83.342834
2020-09-02T06:27:36.673154830,18.258839,-83.343025
2020-09-02T06:27:36.758605957,18.258802,-83.343025
2020-09-02T06:27:36.760513305,18.259182,-83.34306
2020-09-02T06:27:36.969181060,18.260443,-83.343056
2020-09-02T06:27:36.971469879,18.209074,-83.33998
2020-09-02T06:27:36.973377227,18.262121,-83.343124
2020-09-02T06:27:37.005039215,18.25754,-83.34286
2020-09-02T06:27:37.080570220,18.265652,-83.349945
2020-09-02T06:27:37.118337631,18.266302,-83.3433
2020-09-02T06:27:37.128255844,18.257608,-83.3428
2020-09-02T06:27:39.168386459,17.352575,-83.564575
2020-09-02T06:27:39.170293807,17.346306,-83.56537
2020-09-02T06:27:39.362939834,18.324469,-83.2687
2020-09-02T06:27:39.538036346,18.287676,-83.26662
2020-09-02T06:27:43.710995674,18.153961,-83.32388
2020-09-02T06:27:43.712903022,18.130478,-83.335594
2020-09-02T06:27:43.738842964,18.130465,-83.3356
2020-09-02T06:27:43.740750312,18.152225,-83.31703
2020-09-02T06:27:43.792249679,18.130468,-83.335625
2020-09-02T06:27:43.796445846,18.13052,-83.33563
2020-09-02T06:27:43.847945213,18.152819,-83.313126
2020-09-02T06:27:43.850234031,18.130123,-83.30213
2020-09-02T06:27:43.889907836,18.13045,-83.33577
2020-09-02T06:27:43.891815185,18.162724,-83.31815
2020-09-02T06:27:43.893722534,18.130472,-83.33576
2020-09-02T06:27:43.951325416,18.166113,-83.31015
2020-09-02T06:27:43.953614234,18.161575,-83.304405
2020-09-02T06:27:43.955521583,18.130186,-83.30655
2020-09-02T06:27:43.957428932,18.130198,-83.309296
2020-09-02T06:27:44.021135330,18.162493,-83.30624
2020-09-02T06:27:44.023042678,18.173944,-83.297775
2020-09-02T06:27:44.026857376,18.130209,-83.306725
2020-09-02T06:27:44.029146194,18.130173,-83.30191
2020-09-02T06:27:44.058900833,18.167625,-83.29035
2020-09-02T06:27:44.060808181,18.164162,-83.28321
2020-09-02T06:27:44.080645561,18.130138,-83.30045
2020-09-02T06:27:44.160373687,18.13044,-83.335655
2020-09-02T06:27:44.162281036,18.16566,-83.290184
2020-09-02T06:27:44.208058357,18.166769,-83.28984
2020-09-02T06:27:44.209965705,18.17339,-83.298294
2020-09-02T06:27:44.331274986,18.165623,-83.298325
2020-09-02T06:27:44.367133140,18.130266,-83.304016
2020-09-02T06:27:46.532007217,18.441553,-82.73181
2020-09-02T06:27:46.533914566,18.462862,-82.733
2020-09-02T06:27:46.545741081,18.441551,-82.73184
2020-09-02T06:27:46.548029899,18.46479,-82.73316
2020-09-02T06:27:46.605632781,18.441437,-82.73177
2020-09-02T06:27:46.607540130,18.441442,-82.73176
2020-09-02T06:27:46.635387420,18.441471,-82.731804
2020-09-02T06:27:46.637294769,18.46828,-82.72646
2020-09-02T06:27:46.639202117,18.460192,-82.721504
2020-09-02T06:27:46.641490936,18.462969,-82.714966
2020-09-02T06:27:46.689175605,18.45644,-82.719925
2020-09-02T06:27:46.691082954,18.441473,-82.73185
2020-09-02T06:27:46.709012031,18.453096,-82.72558
2020-09-02T06:27:46.710919380,18.463034,-82.71537
2020-09-02T06:27:46.712826728,18.458557,-82.718666
2020-09-02T06:27:46.770429611,18.455132,-82.71256
2020-09-02T06:27:47.810332298,18.209473,-83.37218
2020-09-02T06:27:47.903794288,18.24115,-83.34214
2020-09-02T06:27:48.025102615,18.229465,-83.36511
2020-09-02T06:27:48.027010917,18.209316,-83.3402
2020-09-02T06:27:48.108646392,18.224897,-83.366135
2020-09-02T06:27:48.168156623,18.209639,-83.37334
2020-09-02T06:27:49.539942741,18.287876,-83.26708
2020-09-02T06:27:49.585720062,18.258368,-83.2936
2020-09-02T06:27:49.605556488,18.259142,-83.28872
2020-09-02T06:27:49.625392913,18.287947,-83.26709
2020-09-02T06:27:50.873963356,18.197187,-83.33942
2020-09-02T06:27:50.989168167,18.209808,-83.34013
2020-09-02T06:27:51.574352264,14.504067,-80.39282
2020-09-02T06:27:51.576259613,14.502414,-80.39669
2020-09-02T06:27:51.578166961,14.505391,-80.39658
2020-09-02T06:27:51.580455780,14.497324,-80.39812
2020-09-02T06:27:51.582363128,14.497404,-80.39764
2020-09-02T06:27:51.584270477,14.504418,-80.38377
2020-09-02T06:27:51.586177825,14.50696,-80.38385
2020-09-02T06:27:51.588085174,14.469861,-80.37648
2020-09-02T06:27:51.600292205,14.469813,-80.3486
2020-09-02T06:27:53.150228500,19.517216,-78.748344
2020-09-02T06:27:53.152135848,19.50911,-78.745705
2020-09-02T06:27:53.154424667,19.498112,-78.74778
2020-09-02T06:27:53.162054061,19.507517,-78.74804
2020-09-02T06:27:53.174261093,19.50723,-78.74813
2020-09-02T06:27:53.176168441,19.506475,-78.74811
2020-09-02T06:27:53.182271957,19.502333,-78.74798
2020-09-02T06:27:53.186086654,19.493599,-78.74768
2020-09-02T06:27:53.215841293,19.488436,-78.76339
2020-09-02T06:27:53.221944808,19.535141,-78.74892
2020-09-02T06:27:53.249792098,19.494259,-78.74773
2020-09-02T06:27:53.251699447,19.498344,-78.74785
2020-09-02T06:27:53.269630432,19.492691,-78.74767
2020-09-02T06:27:53.271537780,19.500809,-78.74791
2020-09-02T06:27:53.287559509,19.45525,-78.746574
2020-09-02T06:27:53.289466857,19.482674,-78.7424
2020-09-02T06:27:53.295570373,19.471815,-78.73713
2020-09-02T06:27:53.297477722,19.498587,-78.7478
2020-09-02T06:27:53.327232360,19.535133,-78.74889
2020-09-02T06:27:53.343254089,19.455326,-78.746544
2020-09-02T06:27:53.381021499,19.535135,-78.74891
2020-09-02T06:27:53.404672622,19.491722,-78.76434
2020-09-02T06:27:53.406961441,19.482693,-78.75968
2020-09-02T06:27:53.476388931,19.493176,-78.77049
2020-09-02T06:27:57.682920455,18.403807,-82.85086
2020-09-02T06:27:57.804229736,18.407267,-82.84518
2020-09-02T06:27:58.364999771,18.746008,-82.21075
2020-09-02T06:27:58.366907119,18.746035,-82.20903
2020-09-02T06:27:58.389032363,18.755007,-82.207306
2020-09-02T06:27:58.390939712,18.755007,-82.20556
2020-09-02T06:27:58.404672622,18.748795,-82.207596
2020-09-02T06:27:58.416498184,18.754995,-82.20549
2020-09-02T06:27:58.418787002,18.754976,-82.205505
2020-09-02T06:27:58.426797866,18.75499,-82.20553
2020-09-02T06:27:58.428705215,18.755,-82.205536
2020-09-02T06:27:58.430612564,18.740187,-82.21419
2020-09-02T06:27:58.432519912,18.73952,-82.21433
2020-09-02T06:27:58.434427261,18.73184,-82.21083
2020-09-02T06:27:58.436716079,18.717192,-82.210434
2020-09-02T06:27:58.444345474,18.717022,-82.20354
2020-09-02T06:27:58.500041961,18.704567,-82.2029
2020-09-02T06:27:58.502330780,18.710518,-82.21308
2020-09-02T06:27:58.504238128,18.710663,-82.2154
2020-09-02T06:27:58.506145477,18.713345,-82.21403
2020-09-02T06:27:58.512248992,18.675716,-82.20136
2020-09-02T06:27:58.514156341,18.697937,-82.212685
2020-09-02T06:27:58.533992767,18.675722,-82.20139
2020-09-02T06:27:58.535900115,18.691727,-82.21779
2020-09-02T06:27:58.537807464,18.696152,-82.21921
2020-09-02T06:27:58.540096282,18.705061,-82.21463
2020-09-02T06:27:58.542003631,18.71193,-82.220856
2020-09-02T06:27:58.593503952,18.675747,-82.2014
2020-09-02T06:27:58.663312911,18.700693,-82.222595
2020-09-02T06:27:58.665220260,18.717348,-82.20355
2020-09-02T06:27:58.677045822,18.676308,-82.27906
2020-09-02T06:27:58.678953170,18.688234,-82.23704
2020-09-02T06:27:58.681241989,18.70413,-82.2249
2020-09-02T06:27:58.683149337,18.698486,-82.22927
2020-09-02T06:27:58.685056686,18.700764,-82.2268
2020-09-02T06:27:58.686964035,18.754992,-82.20553
2020-09-02T06:27:58.702987670,18.676104,-82.25733
2020-09-02T06:27:58.704895019,18.68832,-82.25054
2020-09-02T06:27:58.706802368,18.692951,-82.23192
2020-09-02T06:27:58.820098876,18.596779,-82.235825
2020-09-02T06:27:59.034870147,18.473883,-82.73405
2020-09-02T06:27:59.080648422,18.471304,-82.73388
2020-09-02T06:27:59.144353866,18.472588,-82.734
2020-09-02T06:27:59.146261215,18.469847,-82.73386
2020-09-02T06:27:59.166097640,18.467485,-82.7337
2020-09-02T06:27:59.168004989,18.46743,-82.733696
2020-09-02T06:27:59.225990295,18.466635,-82.74422
2020-09-02T06:27:59.227897644,18.457214,-82.73352
2020-09-02T06:27:59.255744934,18.461737,-82.73749
2020-09-02T06:27:59.291603088,18.46993,-82.733894
2020-09-02T06:27:59.293510437,18.442081,-82.73233
2020-09-02T06:27:59.341196060,18.472761,-82.759766
2020-09-02T06:27:59.354928970,18.462873,-82.758675
2020-09-02T06:27:59.372858047,18.44196,-82.7324
2020-09-02T06:27:59.402612686,18.46963,-82.73388
2020-09-02T06:27:59.446483612,18.469633,-82.74451
2020-09-02T06:28:00.098803043,19.454441,-78.614586
2020-09-02T06:28:00.100710391,19.45443,-78.60952
2020-09-02T06:28:00.102617740,19.4544,-78.592354
2020-09-02T06:28:00.106432437,19.45446,-78.6121
2020-09-02T06:28:00.108721256,19.45448,-78.6163
2020-09-02T06:28:00.122454643,19.454361,-78.59223
2020-09-02T06:28:00.152209758,19.45445,-78.61973
2020-09-02T06:28:00.164416790,19.45448,-78.6294
2020-09-02T06:28:00.166324138,19.454487,-78.62197
2020-09-02T06:28:00.170138835,19.45456,-78.6332
2020-09-02T06:28:00.247578620,19.454449,-78.61204
2020-09-02T06:28:00.249867439,19.454472,-78.61766
2020-09-02T06:28:00.251774787,19.454464,-78.60905
2020-09-02T06:28:00.253682136,19.45448,-78.607895
2020-09-02T06:28:00.255589485,19.454458,-78.592255
2020-09-02T06:28:00.259785652,19.45449,-78.59229
2020-09-02T06:28:00.261693000,19.454494,-78.59231
2020-09-02T06:28:00.329214096,19.454546,-78.62711
2020-09-02T06:28:00.331121444,19.45453,-78.62204
2020-09-02T06:28:00.337224960,19.454477,-78.592354
2020-09-02T06:28:00.349050998,19.454498,-78.62419
2020-09-02T06:28:00.350958347,19.454472,-78.61502
2020-09-02T06:28:00.355154514,19.454456,-78.59232
2020-09-02T06:28:00.368887901,19.467928,-78.61523
2020-09-02T06:28:00.373084068,19.534292,-78.594536
2020-09-02T06:28:00.374991416,19.476658,-78.60716
2020-09-02T06:28:00.376898765,19.45455,-78.62035
2020-09-02T06:28:00.381094932,19.487406,-78.602325
2020-09-02T06:28:00.383002281,19.4679,-78.612854
2020-09-02T06:28:00.384909629,19.45448,-78.592316
2020-09-02T06:28:00.386816978,19.534283,-78.59455
2020-09-02T06:28:00.388724327,19.481277,-78.6117
2020-09-02T06:28:00.391013145,19.464155,-78.60985
2020-09-02T06:28:00.398642539,19.481543,-78.6048
2020-09-02T06:28:00.400931835,19.469872,-78.607155
2020-09-02T06:28:00.412757396,19.454515,-78.59236
2020-09-02T06:28:00.430686950,19.454617,-78.66967
2020-09-02T06:28:00.452430725,19.454641,-78.669716
2020-09-02T06:28:00.516137123,19.475647,-78.60872
2020-09-02T06:28:00.518044471,19.454462,-78.59222
2020-09-02T06:28:00.537881374,19.493624,-78.59337
2020-09-02T06:28:00.540170192,19.467236,-78.60881
2020-09-02T06:28:00.542077541,19.454521,-78.59229
2020-09-02T06:28:00.545892238,19.478447,-78.59298
2020-09-02T06:28:00.547799587,19.462496,-78.60808
2020-09-02T06:28:00.550088405,19.44158,-78.604324
2020-09-02T06:28:00.591669559,19.453743,-78.60458
2020-09-02T06:28:00.601587772,19.454576,-78.59228
2020-09-02T06:28:00.613413333,19.453773,-78.60672
2020-09-02T06:28:00.615702152,19.461182,-78.60721
2020-09-02T06:28:00.704967498,19.454493,-78.59221
2020-09-02T06:28:00.706874847,19.454504,-78.5922
2020-09-02T06:28:01.042954921,18.28675,-83.0339
2020-09-02T06:28:01.044862270,18.286757,-83.0339
2020-09-02T06:28:01.074617385,18.286781,-83.034
2020-09-02T06:28:01.150149822,18.286621,-83.0339
2020-09-02T06:28:01.158160686,18.265028,-83.045265
2020-09-02T06:28:01.969177722,18.310547,-83.28909
2020-09-02T06:28:01.971466541,18.288826,-83.266945
2020-09-02T06:28:03.120471000,17.112953,-83.58571
2020-09-02T06:28:03.124667167,17.112957,-83.58568
2020-09-02T06:28:03.126574516,17.130665,-83.586685
2020-09-02T06:28:03.128481864,17.11296,-83.585655
2020-09-02T06:28:03.130389213,17.112963,-83.58564
2020-09-02T06:28:03.132678031,17.112967,-83.58564
2020-09-02T06:28:03.134585380,17.11297,-83.58563
2020-09-02T06:28:03.136492729,17.112976,-83.58563
2020-09-02T06:28:03.138401031,17.1128,-83.56217
2020-09-02T06:28:03.140308380,17.112984,-83.58563
2020-09-02T06:28:03.142597198,17.112993,-83.58563
2020-09-02T06:28:03.146411895,17.113014,-83.58565
2020-09-02T06:28:03.198291778,17.034552,-83.53747
2020-09-02T06:28:03.202107429,17.048166,-83.549835
2020-09-02T06:28:03.204014778,17.063427,-83.55932
2020-09-02T06:28:03.205922126,17.06636,-83.56197
2020-09-02T06:28:03.208210945,17.05653,-83.56973
2020-09-02T06:28:03.210118293,17.07904,-83.58373
2020-09-02T06:28:03.213932991,17.034851,-83.581215
2020-09-02T06:28:03.228047370,17.034899,-83.58117
2020-09-02T06:28:03.710995674,16.992926,-83.57873
2020-09-02T06:28:03.715191841,16.956942,-83.57669
2020-09-02T06:28:04.504083633,18.210615,-83.33978
2020-09-02T06:28:04.505990982,18.228466,-83.33911
2020-09-02T06:28:04.508279800,18.235811,-83.341286
2020-09-02T06:28:04.512094497,18.210686,-83.33979
2020-09-02T06:28:04.514001846,18.232378,-83.34107
2020-09-02T06:28:04.516290664,18.233238,-83.341125
2020-09-02T06:28:04.625392913,18.233343,-83.34116
2020-09-02T06:28:04.627300262,18.239168,-83.34152
2020-09-02T06:28:04.629589080,18.236797,-83.3414
2020-09-02T06:28:04.691006660,18.210615,-83.33974
2020-09-02T06:28:04.740597724,18.234413,-83.34112
2020-09-02T06:28:04.861907005,18.210691,-83.33985
2020-09-02T06:28:04.864195823,18.232822,-83.33586
2020-09-02T06:28:04.866103172,18.24117,-83.34167
2020-09-02T06:28:04.874114990,18.210682,-83.339874
2020-09-02T06:28:04.879837036,18.210646,-83.33991
2020-09-02T06:28:04.921798706,18.227186,-83.3409
2020-09-02T06:28:04.923706054,18.231537,-83.341156
2020-09-02T06:28:04.925613403,18.235395,-83.341385
2020-09-02T06:28:04.945450782,18.210665,-83.33986
2020-09-02T06:28:04.947358131,18.21065,-83.33984
2020-09-02T06:28:04.949646949,18.228827,-83.34091
2020-09-02T06:28:04.951554298,18.210632,-83.33983
2020-09-02T06:28:04.953461647,18.210644,-83.33984
2020-09-02T06:28:04.955368995,18.210657,-83.33986
2020-09-02T06:28:04.957276344,18.210669,-83.339874
2020-09-02T06:28:04.959565162,18.227215,-83.34088
2020-09-02T06:28:04.961472511,18.210688,-83.339905
2020-09-02T06:28:05.015260696,18.210733,-83.33987
2020-09-02T06:28:05.017168045,18.222351,-83.34057
2020-09-02T06:28:05.019075393,18.23192,-83.341156
2020-09-02T06:28:05.090792655,18.234762,-83.34132
2020-09-02T06:28:05.152210235,18.221626,-83.33711
2020-09-02T06:28:08.653393745,19.534079,-78.20733
2020-09-02T06:28:08.659115791,19.534199,-78.24096
2020-09-02T06:28:08.722822189,19.534025,-78.20727
2020-09-02T06:28:08.736936569,19.534128,-78.24201
2020-09-02T06:28:08.760587692,19.534185,-78.23835
2020-09-02T06:28:08.762495040,19.53417,-78.24165
2020-09-02T06:28:08.770506858,19.534077,-78.23945
2020-09-02T06:28:08.776610374,19.523176,-78.238976
2020-09-02T06:28:08.778517723,19.519781,-78.23899
2020-09-02T06:28:08.780425071,19.520782,-78.23817
2020-09-02T06:28:08.782713890,19.520308,-78.23709
2020-09-02T06:28:08.784621238,19.520315,-78.23408
2020-09-02T06:28:08.786528587,19.517197,-78.23388
2020-09-02T06:28:08.788435935,19.523987,-78.223946
2020-09-02T06:28:08.790343284,19.526398,-78.22972
2020-09-02T06:28:08.792632102,19.534063,-78.236
2020-09-02T06:28:08.796446800,19.533989,-78.207306
2020-09-02T06:28:08.800261497,19.534006,-78.22841
2020-09-02T06:28:08.802550315,19.523209,-78.22898
2020-09-02T06:28:08.804457664,19.51932,-78.22989
2020-09-02T06:28:08.808272361,19.534117,-78.24537
2020-09-02T06:28:08.812468528,19.534197,-78.28466
2020-09-02T06:28:08.816283226,19.534107,-78.25497
2020-09-02T06:28:08.818190574,19.534096,-78.258606
2020-09-02T06:28:08.820479393,19.535784,-78.25575
2020-09-02T06:28:08.822386741,19.536102,-78.25935
2020-09-02T06:28:08.824294090,19.536707,-78.26316
2020-09-02T06:28:08.826201438,19.534132,-78.26901
2020-09-02T06:28:08.828108787,19.53744,-78.26841
2020-09-02T06:28:08.830397605,19.534166,-78.27291
2020-09-02T06:28:08.832305908,19.53417,-78.27593
2020-09-02T06:28:08.834213256,19.534166,-78.276985
2020-09-02T06:28:08.836120605,19.544598,-78.27364
2020-09-02T06:28:08.838027954,19.534151,-78.27475
2020-09-02T06:28:08.840316772,19.546606,-78.28495
2020-09-02T06:28:08.842224121,19.534164,-78.28463
2020-09-02T06:28:08.844131469,19.534166,-78.28462
2020-09-02T06:28:08.846038818,19.53417,-78.284615
2020-09-02T06:28:08.848327636,19.545881,-78.284904
2020-09-02T06:28:08.850234985,19.55542,-78.28514
2020-09-02T06:28:08.852142333,19.53416,-78.28461
2020-09-02T06:28:08.854049682,19.534098,-78.2553
2020-09-02T06:28:08.855957031,19.534151,-78.284615
2020-09-02T06:28:09.011217117,19.534004,-78.20722
2020-09-02T06:28:09.023043632,19.502636,-78.21784
2020-09-02T06:28:09.024950981,19.519821,-78.23124
2020-09-02T06:28:09.027239799,19.520824,-78.224205
2020-09-02T06:28:09.070727348,19.533943,-78.207245
2020-09-02T06:28:09.072634696,19.533957,-78.20724
2020-09-02T06:28:08.621349334,18.54058,-82.58603
2020-09-02T06:28:08.623638153,18.52084,-82.580986
2020-09-02T06:28:08.625545501,18.541798,-82.58647
2020-09-02T06:28:08.627452850,18.53825,-82.58058
2020-09-02T06:28:08.629360198,18.520847,-82.580986
2020-09-02T06:28:08.631267547,18.53928,-82.58199
2020-09-02T06:28:08.633556365,18.520838,-82.58096
2020-09-02T06:28:08.635463714,18.52083,-82.58095
2020-09-02T06:28:08.641185760,18.535997,-82.56666
2020-09-02T06:28:08.643474578,18.520798,-82.58093
2020-09-02T06:28:08.655301094,18.520817,-82.58098
2020-09-02T06:28:08.657208442,18.520836,-82.58097
2020-09-02T06:28:08.681241035,18.520649,-82.56114
2020-09-02T06:28:08.683148384,18.53803,-82.577034
2020-09-02T06:28:08.712903976,18.52071,-82.58096
2020-09-02T06:28:08.724729537,18.533907,-82.57456
2020-09-02T06:28:08.762495040,18.53694,-82.56943
2020-09-02T06:28:08.764783859,18.53789,-82.56925
2020-09-02T06:28:08.768598556,18.530554,-82.561844
2020-09-02T06:28:08.798354148,18.531752,-82.56496
2020-09-02T06:28:08.800261497,18.531271,-82.57633
2020-09-02T06:28:08.812468528,18.52062,-82.559326
2020-09-02T06:28:08.814375877,18.520758,-82.580956
2020-09-02T06:28:08.893723487,18.520452,-82.544914
2020-09-02T06:28:08.896012306,18.514734,-82.55311
2020-09-02T06:28:08.897919654,18.511644,-82.55556
2020-09-02T06:28:08.901734352,18.507437,-82.536064
2020-09-02T06:28:08.961626052,18.441374,-82.54535
2020-09-02T06:28:08.977266311,18.441563,-82.57658
2020-09-02T06:28:08.991380691,18.441698,-82.57654
2020-09-02T06:28:08.993288040,18.460367,-82.560814
2020-09-02T06:28:09.016940116,18.441572,-82.57653
2020-09-02T06:28:09.019228935,18.460354,-82.57756
2020-09-02T06:28:09.021136283,18.441563,-82.57652
2020-09-02T06:28:09.032961845,18.441599,-82.5765
2020-09-02T06:28:09.034869194,18.441595,-82.57651
2020-09-02T06:28:09.037158012,18.441591,-82.576515
2020-09-02T06:28:09.039065361,18.46349,-82.56687
2020-09-02T06:28:09.040972709,18.484886,-82.559975
2020-09-02T06:28:09.058901786,18.441591,-82.57652
2020-09-02T06:28:09.060809135,18.457054,-82.57655
2020-09-02T06:28:09.062716484,18.463255,-82.56207
2020-09-02T06:28:09.065005302,18.464464,-82.60331
2020-09-02T06:28:09.100482940,18.441866,-82.61935
2020-09-02T06:28:09.158085823,18.131355,-83.33538
2020-09-02T06:28:09.160374641,18.131344,-83.335365
2020-09-02T06:28:09.200047492,18.131384,-83.335365
2020-09-02T06:28:09.231710433,18.131443,-83.33545
2020-09-02T06:28:09.271765708,18.13136,-83.33521
2020-09-02T06:28:09.321356773,18.13129,-83.33525
2020-09-02T06:28:09.386970520,18.131397,-83.335266
2020-09-02T06:28:09.452585220,18.172312,-83.33769
2020-09-02T06:28:09.476236343,18.168423,-83.33745
2020-09-02T06:28:09.478525161,18.16646,-83.33153
2020-09-02T06:28:09.522013664,18.16731,-83.33736
2020-09-02T06:28:09.538035392,18.16766,-83.33744
2020-09-02T06:28:09.539942741,18.15474,-83.33666
2020-09-02T06:28:09.546046257,18.131287,-83.33528
2020-09-02T06:28:09.547953605,18.149097,-83.33634
2020-09-02T06:28:09.549860954,18.148643,-83.33575
2020-09-02T06:28:09.551768302,18.155704,-83.33673
2020-09-02T06:28:09.651333808,18.151962,-83.33638
2020-09-02T06:28:09.653241157,18.131302,-83.33515
2020-09-02T06:28:09.766539573,18.131256,-83.33523
2020-09-02T06:28:09.947359085,19.534931,-78.748795
2020-09-02T06:28:09.975206375,19.534872,-78.748856
2020-09-02T06:28:10.054934501,19.534864,-78.748726
2020-09-02T06:28:10.072864532,19.49068,-78.76517
2020-09-02T06:28:10.080875396,19.48024,-78.77127
2020-09-02T06:28:10.082782745,19.455013,-78.74644
2020-09-02T06:28:10.084690093,19.45503,-78.746445
2020-09-02T06:28:10.086597442,19.483719,-78.773544
2020-09-02T06:28:10.088504791,19.467304,-78.77011
2020-09-02T06:28:10.092700958,19.455147,-78.77316
2020-09-02T06:28:10.094608306,19.455078,-78.746475
2020-09-02T06:28:10.096515655,19.470776,-78.77483
2020-09-02T06:28:10.098804473,19.47614,-78.77501
2020-09-02T06:28:10.100711822,19.455072,-78.74648
2020-09-02T06:28:10.112537384,19.45509,-78.7753
2020-09-02T06:28:10.114444732,19.46602,-78.77195
2020-09-02T06:28:10.116352081,19.455105,-78.77633
2020-09-02T06:28:10.277716636,19.517912,-78.762375
2020-09-02T06:28:10.279623985,19.517536,-78.77541
2020-09-02T06:28:10.289542198,19.454885,-78.74637
2020-09-02T06:28:12.927827835,18.265533,-83.26532
2020-09-02T06:28:13.072788238,18.272743,-83.27878
2020-09-02T06:28:13.108646392,18.287758,-83.26666
2020-09-02T06:28:13.122379302,18.287745,-83.26659
2020-09-02T06:28:13.136495590,18.287777,-83.26655
2020-09-02T06:28:13.154424667,18.287802,-83.26661
2020-09-02T06:28:13.207830429,18.287697,-83.26667
2020-09-02T06:28:13.210119247,18.287672,-83.26668
2020-09-02T06:28:13.215841293,18.287714,-83.26665
2020-09-02T06:28:13.217748641,18.287733,-83.26664
2020-09-02T06:28:13.303199768,18.265017,-83.28135
2020-09-02T06:28:13.305488586,18.287855,-83.26668
2020-09-02T06:28:13.309303283,18.270958,-83.27532
2020-09-02T06:28:13.396661758,18.274157,-83.27703
2020-09-02T06:28:13.430612564,18.267641,-83.2654
2020-09-02T06:28:13.432519912,18.2609,-83.26502
2020-09-02T06:28:13.553829193,18.287876,-83.26665
2020-09-02T06:28:13.965440750,18.20948,-83.33977
2020-09-02T06:28:14.195852279,18.20962,-83.33982
2020-09-02T06:28:15.446710586,18.442253,-82.75015
2020-09-02T06:28:15.448617935,18.4421,-82.731476
2020-09-02T06:28:15.543987274,18.44215,-82.73145
2020-09-02T06:28:15.545894622,18.44218,-82.731445
2020-09-02T06:28:15.547801971,18.451918,-82.74529
2020-09-02T06:28:15.708784103,18.442146,-82.731445
2020-09-02T06:28:15.711072921,18.442142,-82.731445
2020-09-02T06:28:15.720991134,18.453463,-82.75261
2020-09-02T06:28:15.762573242,18.431335,-82.72837
2020-09-02T06:28:18.983371734,18.288025,-83.266304
2020-09-02T06:28:19.029148101,18.312263,-83.26778
2020-09-02T06:28:19.031055450,18.28795,-83.26633
2020-09-02T06:28:19.034870147,18.287962,-83.266365
2020-09-02T06:28:19.037158966,18.287968,-83.26639
2020-09-02T06:28:19.042881011,18.316162,-83.268074
2020-09-02T06:28:19.050891876,18.288067,-83.26634
2020-09-02T06:28:19.130239486,18.31009,-83.26875
2020-09-02T06:28:21.210041522,18.380424,-82.883484
2020-09-02T06:28:21.243611335,18.39125,-82.884
2020-09-02T06:28:21.265737056,18.36355,-82.882416
2020-09-02T06:28:21.297399520,18.383698,-82.86614
2020-09-02T06:28:21.329443454,18.363571,-82.88239
2020-09-02T06:28:21.730755805,18.443117,-82.75455
2020-09-02T06:28:21.740674018,18.463867,-82.755424
2020-09-02T06:28:21.784543514,18.456375,-82.752304
2020-09-02T06:28:21.814298629,18.469534,-82.74329
2020-09-02T06:28:21.816205978,18.45637,-82.73327
2020-09-02T06:28:21.899749279,18.442099,-82.809326
2020-09-02T06:28:25.665294647,18.265745,-83.27699
2020-09-02T06:28:25.667201995,18.259224,-83.26439
2020-09-02T06:28:25.726712226,18.254995,-83.286385
2020-09-02T06:28:25.754560470,18.257656,-83.264305
2020-09-02T06:28:25.770582199,18.257149,-83.29031
2020-09-02T06:28:25.774396896,18.258404,-83.28463
2020-09-02T06:28:25.786603927,18.287569,-83.26605
2020-09-02T06:28:25.800337791,18.287533,-83.266
2020-09-02T06:28:25.810256004,18.287758,-83.29737
2020-09-02T06:28:25.816359519,18.258987,-83.29288
2020-09-02T06:28:25.824370384,18.287462,-83.26599
2020-09-02T06:28:25.834288597,18.260784,-83.2645
2020-09-02T06:28:25.848021507,18.287518,-83.26599
2020-09-02T06:28:25.695050239,18.36415,-82.95967
2020-09-02T06:28:25.698864936,18.394564,-82.95735
2020-09-02T06:28:25.726712226,18.364113,-82.95966
2020-09-02T06:28:25.796522140,18.36417,-82.95962
2020-09-02T06:28:25.798429489,18.364162,-82.959595
2020-09-02T06:28:25.804533958,18.364145,-82.959595
2020-09-02T06:28:25.806441307,18.364141,-82.9596
2020-09-02T06:28:25.808348655,18.338482,-82.958145
2020-09-02T06:28:25.810256004,18.367657,-82.95971
2020-09-02T06:28:25.812544822,18.363728,-82.96012
2020-09-02T06:28:25.814452171,18.349546,-82.95808
2020-09-02T06:28:25.873962402,18.322414,-82.95713
2020-09-02T06:28:25.875869750,18.378521,-82.96956
2020-09-02T06:28:25.877777099,18.364115,-82.95951
2020-09-02T06:28:25.880065917,18.287489,-83.26593
2020-09-02T06:28:25.891891479,18.287525,-83.26596
2020-09-02T06:28:25.893798828,18.257431,-83.291084
2020-09-02T06:28:25.893798828,18.28511,-82.955025
2020-09-02T06:28:25.895706176,18.355255,-82.95865
2020-09-02T06:28:25.897994995,18.350988,-82.95784
2020-09-02T06:28:25.897994995,18.268238,-83.2799
2020-09-02T06:28:25.899902343,18.365694,-82.96516
2020-09-02T06:28:25.901809692,18.344576,-82.95304
2020-09-02T06:28:25.903717041,18.323149,-82.9516
2020-09-02T06:28:25.907913208,18.287464,-83.26593
2020-09-02T06:28:25.909820556,18.287458,-83.26594
2020-09-02T06:28:25.921646118,18.266478,-83.27879
2020-09-02T06:28:25.933472633,18.258543,-83.2643
2020-09-02T06:28:25.943390846,18.259731,-83.289
2020-09-02T06:28:25.953690528,18.267727,-83.28275
2020-09-02T06:28:25.955597877,18.287445,-83.26592
2020-09-02T06:28:25.985353469,18.322222,-82.951836
2020-09-02T06:28:25.987260818,18.375555,-82.964325
2020-09-02T06:28:25.989168167,18.30556,-82.93908
2020-09-02T06:28:25.991456985,18.30186,-82.93904
2020-09-02T06:28:25.993364334,18.352974,-82.94943
2020-09-02T06:28:25.995271682,18.37048,-82.95146
2020-09-02T06:28:25.997179031,18.347603,-82.94255
2020-09-02T06:28:25.999086380,18.342133,-82.95024
2020-09-02T06:28:26.005189895,18.285044,-82.95508
2020-09-02T06:28:26.007097244,18.291737,-82.94217
2020-09-02T06:28:26.009004592,18.337185,-82.95341
2020-09-02T06:28:26.009004592,18.26058,-83.28944
2020-09-02T06:28:26.011293411,18.32188,-82.95722
2020-09-02T06:28:26.029222488,18.266985,-83.28293
2020-09-02T06:28:26.054781913,18.26854,-83.283615
2020-09-02T06:28:26.114673614,18.364285,-82.99599
2020-09-02T06:28:26.180287361,18.363989,-82.949905
2020-09-02T06:28:26.182194709,18.297964,-82.939705
2020-09-02T06:28:26.221867561,18.33655,-82.95075
2020-09-02T06:28:26.223774909,18.327765,-82.951904
2020-09-02T06:28:26.225682258,18.33737,-82.955025
2020-09-02T06:28:26.227971076,18.330196,-82.95589
2020-09-02T06:28:26.229878425,18.309341,-82.94544
2020-09-02T06:28:26.259634017,18.285053,-82.95507
2020-09-02T06:28:26.285573959,18.374146,-82.96582
2020-09-02T06:28:26.412605285,18.218098,-82.98828
2020-09-02T06:28:26.414894104,18.363466,-82.95905
2020-09-02T06:28:26.416801452,18.285116,-82.955154
2020-09-02T06:28:26.152439117,17.816204,-83.47115
2020-09-02T06:28:26.311514854,17.665503,-83.525055
2020-09-02T06:28:26.313422203,17.666796,-83.51811
2020-09-02T06:28:26.315329551,17.654898,-83.51417
2020-09-02T06:28:26.317236900,17.634678,-83.50851
2020-09-02T06:28:26.319525718,17.617323,-83.50264
2020-09-02T06:28:26.321433067,17.623026,-83.505936
2020-09-02T06:28:26.323340415,17.642586,-83.520096
2020-09-02T06:28:26.325247764,17.65016,-83.52218
2020-09-02T06:28:26.327155113,17.665161,-83.52643
2020-09-02T06:28:26.329443931,17.58077,-83.49072
2020-09-02T06:28:26.331351280,17.580801,-83.49369
2020-09-02T06:28:27.164113044,19.533915,-78.74802
2020-09-02T06:28:27.176320075,19.49964,-78.75394
2020-09-02T06:28:27.188145637,19.508158,-78.747185
2020-09-02T06:28:27.191960334,19.505146,-78.74706
2020-09-02T06:28:27.194249153,19.503115,-78.747025
2020-09-02T06:28:27.211796760,19.494795,-78.7469
2020-09-02T06:28:27.222097396,19.48305,-78.746544
2020-09-02T06:28:27.224004745,19.485748,-78.74662
2020-09-02T06:28:27.232015609,19.454123,-78.74569
2020-09-02T06:28:27.233922958,19.48139,-78.74646
2020-09-02T06:28:27.285422325,19.533957,-78.805824
2020-09-02T06:28:27.291525840,19.534046,-78.82538
2020-09-02T06:28:27.293433189,19.534018,-78.80689
2020-09-02T06:28:27.295340538,19.53408,-78.82538
2020-09-02T06:28:27.299536705,19.527914,-78.815956
2020-09-02T06:28:27.301444053,19.534115,-78.82537
2020-09-02T06:28:27.305258750,19.534073,-78.82539
2020-09-02T06:28:27.307547569,19.524193,-78.81288
2020-09-02T06:28:27.311362266,19.519102,-78.817116
2020-09-02T06:28:27.313269615,19.515549,-78.81558
2020-09-02T06:28:27.315176963,19.521269,-78.80963
2020-09-02T06:28:27.327383995,19.494566,-78.81845
2020-09-02T06:28:27.329291343,19.507994,-78.81257
2020-09-02T06:28:27.331198692,19.493755,-78.815216
2020-09-02T06:28:27.333106040,19.513325,-78.81254
2020-09-02T06:28:27.412835121,19.491045,-78.75265
2020-09-02T06:28:27.414742469,19.453995,-78.74563
2020-09-02T06:28:27.468529701,19.487799,-78.76616
2020-09-02T06:28:27.508203506,19.533813,-78.74797
2020-09-02T06:28:27.510110855,19.485043,-78.75444
2020-09-02T06:28:27.524225234,19.512615,-78.804016
2020-09-02T06:28:27.552073478,19.533852,-78.74801
2020-09-02T06:28:27.673382759,19.525232,-78.804146
2020-09-02T06:28:27.675290107,19.52039,-78.81403
2020-09-02T06:28:27.693219184,19.534029,-78.80264
2020-09-02T06:28:27.772565841,19.533976,-78.825516
2020-09-02T06:28:27.862213134,19.453789,-78.66843
2020-09-02T06:28:27.893875122,19.453794,-78.668365
2020-09-02T06:28:27.907990455,19.485338,-78.82406
2020-09-02T06:28:27.913712501,19.453857,-78.668396
2020-09-02T06:28:27.915619850,19.48089,-78.80006
2020-09-02T06:28:27.917908668,19.453804,-78.66843
2020-09-02T06:28:27.919816017,19.462244,-78.66272
2020-09-02T06:28:27.923630714,19.453705,-78.6444
2020-09-02T06:28:27.925538063,19.453758,-78.66841
2020-09-02T06:28:27.927826881,19.454138,-78.823166
2020-09-02T06:28:27.935456275,19.488903,-78.78863
2020-09-02T06:28:27.937745094,19.47737,-78.80141
2020-09-02T06:28:27.939652442,19.481781,-78.788475
2020-09-02T06:28:27.941559791,19.454184,-78.79715
2020-09-02T06:28:27.957581520,19.454231,-78.823135
2020-09-02T06:28:27.959488868,19.47834,-78.789474
2020-09-02T06:28:27.967500686,19.45381,-78.66841
2020-09-02T06:28:27.971315383,19.453642,-78.60895
2020-09-02T06:28:27.973604202,19.4537,-78.6377
2020-09-02T06:28:27.975511550,19.45358,-78.59104
2020-09-02T06:28:27.977418899,19.453636,-78.61956
2020-09-02T06:28:27.981233596,19.453562,-78.59101
2020-09-02T06:28:28.007173538,19.453985,-78.74579
2020-09-02T06:28:28.009080886,19.472624,-78.78096
2020-09-02T06:28:28.011369705,19.466843,-78.79411
2020-09-02T06:28:28.013277053,19.453594,-78.59106
2020-09-02T06:28:28.013277053,19.464579,-78.77336
2020-09-02T06:28:28.015184402,19.453684,-78.627205
2020-09-02T06:28:28.017091751,19.453651,-78.61093
2020-09-02T06:28:28.018999099,19.453688,-78.62399
2020-09-02T06:28:28.023195266,19.453606,-78.591095
2020-09-02T06:28:28.025102615,19.453657,-78.616394
2020-09-02T06:28:28.028918266,19.453583,-78.5911
2020-09-02T06:28:28.031207084,19.45755,-78.60967
2020-09-02T06:28:28.033114433,19.45974,-78.623085
2020-09-02T06:28:28.082705497,19.453646,-78.591034
2020-09-02T06:28:28.118564605,19.467148,-78.78271
2020-09-02T06:28:28.176167488,19.453737,-78.63115
2020-09-02T06:28:28.233770370,19.453793,-78.63586
2020-09-02T06:28:28.235677719,19.45953,-78.61466
2020-09-02T06:28:28.259710311,19.453732,-78.59119
2020-09-02T06:28:28.275732994,19.453833,-78.62971
2020-09-02T06:28:28.277640342,19.45965,-78.61452
2020-09-02T06:28:28.297476768,19.453814,-78.61969
2020-09-02T06:28:28.299384117,19.45393,-78.66852
2020-09-02T06:28:28.309302330,19.45389,-78.61396
2020-09-02T06:28:28.321509361,19.453812,-78.63469
2020-09-02T06:28:28.331427574,19.449282,-78.63186
2020-09-02T06:28:28.333334922,19.453817,-78.627625
2020-09-02T06:28:28.337150573,19.453936,-78.65796
2020-09-02T06:28:28.339057922,19.46166,-78.651405
2020-09-02T06:28:28.341346740,19.461805,-78.64913
2020-09-02T06:28:28.343254089,19.454393,-78.63852
2020-09-02T06:28:28.345161437,19.453976,-78.668564
2020-09-02T06:28:28.460367202,19.465559,-78.62413
2020-09-02T06:28:28.462656021,19.470778,-78.65005
2020-09-02T06:28:28.468378067,19.453936,-78.6686
2020-09-02T06:28:28.476388931,19.459131,-78.64015
2020-09-02T06:28:28.522166252,19.465757,-78.62293
2020-09-02T06:28:28.524073600,19.470171,-78.65745
2020-09-02T06:28:28.545817375,19.453857,-78.62001
2020-09-02T06:28:28.559931755,19.533585,-78.5934
2020-09-02T06:28:28.579768180,19.479792,-78.62889
2020-09-02T06:28:28.581675529,19.453968,-78.66856
2020-09-02T06:28:28.595790863,19.453976,-78.66853
2020-09-02T06:28:28.595790863,19.475912,-78.606445
2020-09-02T06:28:28.631649017,19.533634,-78.593445
2020-09-02T06:28:31.653318405,18.209433,-83.340004
2020-09-02T06:28:31.828414916,18.234673,-83.36349
2020-09-02T06:28:31.830322265,18.23568,-83.36472
2020-09-02T06:28:31.873809814,18.231653,-83.352646
2020-09-02T06:28:31.876098632,18.236675,-83.35831
2020-09-02T06:28:31.878005981,18.237568,-83.35959
2020-09-02T06:28:31.945528030,18.209642,-83.34007
2020-09-02T06:28:31.949342727,18.236954,-83.35628
2020-09-02T06:28:32.030979156,18.228638,-83.357834
2020-09-02T06:28:32.032886505,18.229322,-83.36399
2020-09-02T06:28:32.052722930,18.21894,-83.365715
2020-09-02T06:28:32.055011749,18.20957,-83.34006
2020-09-02T06:28:32.080570220,18.209805,-83.37039
2020-09-02T06:28:32.106510162,18.209608,-83.34006
2020-09-02T06:28:32.160299301,18.23655,-83.341675
2020-09-02T06:28:32.166402816,18.2364,-83.341644
2020-09-02T06:28:32.235830307,18.238543,-83.34172
2020-09-02T06:28:32.237737655,18.228924,-83.355034
2020-09-02T06:28:33.013278961,18.432173,-83.20387
2020-09-02T06:28:32.716871261,18.375834,-83.22797
2020-09-02T06:28:32.718778610,18.361555,-83.225426
2020-09-02T06:28:32.798507690,18.386642,-83.225
2020-09-02T06:28:32.800415039,18.391527,-83.20251
2020-09-02T06:28:32.802322387,18.412394,-83.203384
2020-09-02T06:28:32.804229736,18.40281,-83.20517
2020-09-02T06:28:32.806518554,18.398613,-83.21231
2020-09-02T06:28:32.808425903,18.366829,-83.23012
2020-09-02T06:28:32.947664260,18.28818,-83.266914
2020-09-02T06:28:33.009082794,18.368711,-83.23319
2020-09-02T06:28:33.010990142,18.419926,-83.2084
2020-09-02T06:28:33.015186309,18.342655,-83.242195
2020-09-02T06:28:33.110553741,18.386719,-83.226364
2020-09-02T06:28:33.112461090,18.409641,-83.216156
2020-09-02T06:28:33.114368438,18.37934,-83.209755
2020-09-02T06:28:33.116657257,18.407154,-83.21038
2020-09-02T06:28:33.118564605,18.40171,-83.20952
2020-09-02T06:28:33.120471954,18.37316,-83.22333
2020-09-02T06:28:33.122379302,18.366598,-83.193756
2020-09-02T06:28:33.343254089,18.364319,-83.23265
2020-09-02T06:28:33.345161437,18.403631,-83.20699
2020-09-02T06:28:33.347068786,18.38098,-83.22211
2020-09-02T06:28:33.348976135,18.40465,-83.20808
2020-09-02T06:28:33.351264953,18.418037,-83.209145
2020-09-02T06:28:33.353172302,18.403353,-83.20876
2020-09-02T06:28:33.355079650,18.390032,-83.21526
2020-09-02T06:28:33.356986999,18.349512,-83.23993
2020-09-02T06:28:37.100790023,18.442307,-82.731834
2020-09-02T06:28:37.102697372,18.442274,-82.731834
2020-09-02T06:28:37.180135726,18.44224,-82.73188
2020-09-02T06:28:37.265586853,18.459808,-82.748375
2020-09-02T06:28:37.872133255,18.442879,-82.80946
2020-09-02T06:28:37.919816970,18.442865,-82.80948
2020-09-02T06:28:37.937746047,18.443,-82.83044
2020-09-02T06:28:37.810333251,19.454622,-78.61209
2020-09-02T06:28:37.840089797,19.454618,-78.59186
2020-09-02T06:28:37.852296829,19.45451,-78.59183
2020-09-02T06:28:37.858018875,19.454483,-78.59181
2020-09-02T06:28:37.870225906,19.45458,-78.5918
2020-09-02T06:28:37.905702590,19.466198,-78.614365
2020-09-02T06:28:37.971317291,19.4642,-78.61092
2020-09-02T06:28:38.015186309,19.45453,-78.59178
2020-09-02T06:28:38.046848297,19.45451,-78.59178
2020-09-02T06:28:38.078891754,19.454556,-78.59173
2020-09-02T06:28:40.170138835,18.181059,-83.37783
2020-09-02T06:28:40.205997467,18.168577,-83.38179
2020-09-02T06:28:40.207904815,18.166622,-83.379974
2020-09-02T06:28:40.209812164,18.131824,-83.387405
2020-09-02T06:28:40.212100982,18.131844,-83.38879
2020-09-02T06:28:40.214008808,18.154108,-83.39475
2020-09-02T06:28:40.217823505,18.158945,-83.39237
2020-09-02T06:28:40.220112323,18.159903,-83.39115
2020-09-02T06:28:40.263600349,18.160181,-83.387566
2020-09-02T06:28:40.265507698,18.165497,-83.38848
2020-09-02T06:28:40.325399398,18.158688,-83.3675
2020-09-02T06:28:40.366980075,18.162735,-83.3888
2020-09-02T06:28:40.368887901,18.13191,-83.389336
2020-09-02T06:28:40.371176719,18.131907,-83.39016
2020-09-02T06:28:40.381094932,18.165176,-83.38794
2020-09-02T06:28:40.383002281,18.158548,-83.39069
2020-09-02T06:28:40.384909629,18.131844,-83.38997
2020-09-02T06:28:40.488289356,18.162617,-83.38946
2020-09-02T06:28:43.408866882,19.51138,-78.765785
2020-09-02T06:28:43.410774230,19.4558,-78.74637
2020-09-02T06:28:43.418785095,19.53563,-78.74871
2020-09-02T06:28:43.422599792,19.535631,-78.74872
2020-09-02T06:28:43.424888610,19.51893,-78.76107
2020-09-02T06:28:43.442436218,19.522835,-78.750114
2020-09-02T06:28:43.454644203,19.500772,-78.763756
2020-09-02T06:28:43.456551551,19.53558,-78.74868
2020-09-02T06:28:43.532083511,19.49387,-78.79537
2020-09-02T06:28:43.533990859,19.49652,-78.813835
2020-09-02T06:28:43.535898208,19.49443,-78.79372
2020-09-02T06:28:43.538187026,19.509445,-78.81327
2020-09-02T06:28:43.540094375,19.490417,-78.805244
2020-09-02T06:28:43.569849014,19.455908,-78.82386
2020-09-02T06:28:43.571757316,19.488459,-78.80769
2020-09-02T06:28:43.591593742,19.488096,-78.8024
2020-09-02T06:28:43.593882560,19.491802,-78.80104
2020-09-02T06:28:43.595789909,19.480913,-78.801544
2020-09-02T06:28:43.607615470,19.483475,-78.80868
2020-09-02T06:28:43.609522819,19.455935,-78.82379
2020-09-02T06:28:43.631648063,19.455893,-78.82391
2020-09-02T06:28:43.633556365,19.47778,-78.81276
2020-09-02T06:28:43.635463714,19.455877,-78.82389
2020-09-02T06:28:43.637371063,19.467077,-78.81568
2020-09-02T06:28:43.639278411,19.484291,-78.79874
2020-09-02T06:28:43.643474578,19.465866,-78.80949
2020-09-02T06:28:43.645381927,19.465633,-78.812225
2020-09-02T06:28:43.647289276,19.455896,-78.82386
2020-09-02T06:28:43.649196624,19.455906,-78.82386
2020-09-02T06:28:43.651485443,19.455889,-78.81119
2020-09-02T06:28:43.655300140,19.455933,-78.814865
2020-09-02T06:28:43.665218353,19.455793,-78.74645
2020-09-02T06:28:43.669414520,19.455976,-78.8238
2020-09-02T06:28:43.744946479,19.474869,-78.809685
2020-09-02T06:28:43.746853828,19.45596,-78.82383
2020-09-02T06:28:43.760587692,19.466654,-78.81679
2020-09-02T06:28:43.762876510,19.494295,-78.79876
2020-09-02T06:28:43.766691207,19.455984,-78.82387
2020-09-02T06:28:43.770505905,19.456003,-78.823875
2020-09-02T06:28:43.778516769,19.470766,-78.81307
2020-09-02T06:28:43.780424118,19.469978,-78.824265
2020-09-02T06:28:43.786527633,19.438904,-78.823944
2020-09-02T06:28:43.788434982,19.455982,-78.82396
2020-09-02T06:28:43.790342330,19.493942,-78.8136
2020-09-02T06:28:43.792631149,19.429203,-78.83043
2020-09-02T06:28:43.814374923,19.398964,-78.84596
2020-09-02T06:28:43.844130516,19.376299,-78.86208
2020-09-02T06:28:43.850234031,19.376293,-78.85456
2020-09-02T06:28:43.979554176,19.455667,-78.819275
2020-09-02T06:28:44.019227981,19.475239,-78.81441
2020-09-02T06:28:44.021135330,19.456041,-78.82391
2020-09-02T06:28:46.364921569,19.535105,-78.59446
2020-09-02T06:28:46.367210388,19.535122,-78.59446
2020-09-02T06:28:46.369117736,19.53514,-78.59445
2020-09-02T06:28:46.374839782,19.535143,-78.594444
2020-09-02T06:28:46.379035949,19.535133,-78.59443
2020-09-02T06:28:46.388954162,19.535032,-78.594444
2020-09-02T06:28:46.390861511,19.535017,-78.594444
2020-09-02T06:28:46.392768859,19.535042,-78.59445
2020-09-02T06:28:46.396965026,19.53509,-78.59445
2020-09-02T06:28:46.408790588,19.535118,-78.59437
2020-09-02T06:28:46.412986755,19.535099,-78.594376
2020-09-02T06:28:46.414894104,19.535086,-78.594406
2020-09-02T06:28:46.418709754,19.535059,-78.59445
2020-09-02T06:28:46.430535316,19.534996,-78.59438
2020-09-02T06:28:46.434731483,19.53503,-78.59441
2020-09-02T06:28:46.440453529,19.535082,-78.59445
2020-09-02T06:28:46.442742347,19.535084,-78.59445
2020-09-02T06:28:46.444649696,19.535088,-78.59445
2020-09-02T06:28:46.446557044,19.53509,-78.59445
2020-09-02T06:28:46.456475257,19.535044,-78.59444
2020-09-02T06:28:46.460671424,19.535007,-78.59443
2020-09-02T06:28:46.462578773,19.535017,-78.59444
2020-09-02T06:28:46.472496986,19.535065,-78.594444
2020-09-02T06:28:46.474404335,19.535067,-78.59444
2020-09-02T06:28:46.480508804,19.535069,-78.59441
2020-09-02T06:28:46.482416152,19.535038,-78.58318
2020-09-02T06:28:46.484323501,19.535059,-78.59441
2020-09-02T06:28:46.486230850,19.535055,-78.59442
2020-09-02T06:28:46.522089004,19.535,-78.59445
2020-09-02T06:28:46.532007217,19.48977,-78.55868
2020-09-02T06:28:46.533914566,19.520311,-78.576546
2020-09-02T06:28:46.541926383,19.479826,-78.550804
2020-09-02T06:28:46.543833732,19.535038,-78.59446
2020-09-02T06:28:46.573969841,19.534986,-78.59453
2020-09-02T06:28:46.575877189,19.476389,-78.543175
2020-09-02T06:28:46.585795402,19.45508,-78.51489
2020-09-02T06:28:46.593806266,19.455133,-78.53874
2020-09-02T06:28:46.625469207,19.455132,-78.54101
2020-09-02T06:28:46.627376556,19.517838,-78.577576
2020-09-02T06:28:46.651409149,19.535017,-78.59435
2020-09-02T06:28:46.661327362,19.535025,-78.573296
2020-09-02T06:28:46.669339179,19.534891,-78.56484
2020-09-02T06:28:46.671246528,19.534885,-78.5686
2020-09-02T06:28:46.744871139,19.534962,-78.59446
2020-09-02T06:28:46.754789352,19.534973,-78.59444
2020-09-02T06:28:46.798659324,19.505726,-78.56593
2020-09-02T06:28:46.800566673,19.519512,-78.57862
2020-09-02T06:28:46.802474021,19.534958,-78.57022
2020-09-02T06:28:46.806288719,19.534948,-78.56571
2020-09-02T06:28:46.810484886,19.524422,-78.57884
2020-09-02T06:28:46.812392234,19.534979,-78.57926
2020-09-02T06:28:46.818495750,19.535011,-78.5945
2020-09-02T06:28:46.828413963,19.534843,-78.54457
2020-09-02T06:28:46.832228660,19.510683,-78.57868
2020-09-02T06:28:46.834136009,19.53483,-78.55684
2020-09-02T06:28:46.854354858,19.525604,-78.56975
2020-09-02T06:28:46.866180419,19.535017,-78.594444
2020-09-02T06:28:46.868087768,19.528942,-78.57115
2020-09-02T06:28:46.869995117,19.535006,-78.57825
2020-09-02T06:28:46.871902465,19.534948,-78.552605
2020-09-02T06:28:46.874191284,19.53149,-78.56262
2020-09-02T06:28:46.876098632,19.535028,-78.59442
2020-09-02T06:28:46.878005981,19.531862,-78.55062
2020-09-02T06:28:46.879913330,19.535017,-78.594406
2020-09-02T06:28:46.881820678,19.53485,-78.51701
2020-09-02T06:28:46.884109497,19.53495,-78.55836
2020-09-02T06:28:46.886016845,19.5349,-78.53155
2020-09-02T06:28:46.887924194,19.534948,-78.54812
2020-09-02T06:28:46.894027709,19.534872,-78.52175
2020-09-02T06:28:46.895935058,19.534927,-78.55552
2020-09-02T06:28:46.897842407,19.534996,-78.59444
2020-09-02T06:28:46.899749755,19.532246,-78.52817
2020-09-02T06:28:46.902038574,19.531494,-78.5494
2020-09-02T06:28:46.903945922,19.531809,-78.549965
2020-09-02T06:28:46.905853271,19.534885,-78.548515
2020-09-02T06:28:46.907760620,19.534908,-78.55541
2020-09-02T06:28:46.909667968,19.532148,-78.544655
2020-09-02T06:28:46.911956787,19.53493,-78.55936
2020-09-02T06:28:46.915772438,19.534935,-78.562744
2020-09-02T06:28:46.917679786,19.534897,-78.54518
2020-09-02T06:28:46.921875953,19.534927,-78.55965
2020-09-02T06:28:46.923783302,19.534922,-78.55863
2020-09-02T06:28:46.925690650,19.534824,-78.51702
2020-09-02T06:28:46.927597999,19.534994,-78.59439
2020-09-02T06:28:46.931794166,19.52915,-78.51774
2020-09-02T06:28:46.933701515,19.534943,-78.57231
2020-09-02T06:28:46.937516212,19.534937,-78.568726
2020-09-02T06:28:46.939805030,19.534885,-78.544685
2020-09-02T06:28:46.941712379,19.528173,-78.50975
2020-09-02T06:28:46.943619728,19.534906,-78.55478
2020-09-02T06:28:46.945527076,19.534937,-78.568756
2020-09-02T06:28:46.955445289,19.507696,-78.477196
2020-09-02T06:28:46.971467018,19.455042,-78.46457
2020-09-02T06:28:46.979478836,19.480343,-78.46879
2020-09-02T06:28:47.005418777,19.45502,-78.48383
2020-09-02T06:28:47.029069900,19.455067,-78.5149
2020-09-02T06:28:47.060732841,19.454967,-78.51487
2020-09-02T06:28:47.063021659,19.454964,-78.51487
2020-09-02T06:28:47.191960334,19.534885,-78.56297
2020-09-02T06:28:47.194249153,19.534876,-78.5565
2020-09-02T06:28:47.206074714,19.53501,-78.5944
2020-09-02T06:28:48.315405845,18.131622,-83.33558
2020-09-02T06:28:48.355079650,18.154951,-83.313484
2020-09-02T06:28:48.356986999,18.131428,-83.3068
2020-09-02T06:28:48.394752502,18.131487,-83.315186
2020-09-02T06:28:48.397041320,18.131647,-83.33549
2020-09-02T06:28:48.398949623,18.155037,-83.32014
2020-09-02T06:28:48.434807777,18.151525,-83.31572
2020-09-02T06:28:48.498132705,18.149578,-83.31537
2020-09-02T06:28:50.798430442,18.210165,-83.33968
2020-09-02T06:28:50.989168167,18.23474,-83.31949
2020-09-02T06:28:50.995271682,18.236977,-83.34122
2020-09-02T06:28:51.039142608,18.210114,-83.339554
2020-09-02T06:28:51.041049957,18.21012,-83.33955
2020-09-02T06:28:51.060886383,18.22943,-83.340675
2020-09-02T06:28:51.100559234,18.210075,-83.33964
2020-09-02T06:28:52.583736419,18.62972,-82.32654
2020-09-02T06:28:52.585643768,18.630407,-82.32653
2020-09-02T06:28:52.587551116,18.634356,-82.30631
2020-09-02T06:28:52.589839935,18.630642,-82.308655
2020-09-02T06:28:52.599758148,18.629019,-82.3276
2020-09-02T06:28:54.124517440,18.209587,-83.340034
2020-09-02T06:28:54.126424789,18.203089,-83.3479
2020-09-02T06:28:54.184026718,18.209503,-83.340004
2020-09-02T06:28:54.190130233,18.209637,-83.356575
2020-09-02T06:28:54.216070175,18.209585,-83.34005
2020-09-02T06:28:54.233999252,18.209627,-83.34007
2020-09-02T06:28:54.257652282,18.209593,-83.340065
2020-09-02T06:28:54.263755798,18.209753,-83.36046
2020-09-02T06:28:54.271766662,18.209574,-83.34005
2020-09-02T06:28:54.390787124,18.202946,-83.33966
2020-09-02T06:28:54.995426177,18.365124,-83.03834
2020-09-02T06:28:54.997333526,18.340586,-83.054985
2020-09-02T06:28:55.062946319,18.348362,-83.070305
2020-09-02T06:28:55.064853668,18.333452,-83.05589
2020-09-02T06:28:55.128561019,18.300676,-83.03498
2020-09-02T06:28:55.189977645,18.365335,-83.0647
2020-09-02T06:28:55.189977645,18.207125,-83.02937
2020-09-02T06:28:55.192266464,18.291916,-83.03882
2020-09-02T06:28:55.128561019,17.891054,-82.894264
2020-09-02T06:28:55.231939315,18.264515,-83.01386
2020-09-02T06:28:55.235755920,18.365206,-83.03839
2020-09-02T06:28:55.237663269,18.36521,-83.038376
2020-09-02T06:28:55.238044738,18.207201,-83.0293
2020-09-02T06:28:55.239952087,18.241922,-83.03127
2020-09-02T06:28:55.351341247,18.261187,-83.01144
2020-09-02T06:28:55.414667129,18.237589,-83.00397
2020-09-02T06:28:55.416955947,18.278734,-83.03036
2020-09-02T06:28:55.416955947,17.890774,-82.85658
2020-09-02T06:28:55.494396209,18.207016,-82.98978
2020-09-02T06:28:55.496303558,18.270657,-83.01393
2020-09-02T06:28:55.498210906,18.271597,-83.03215
2020-09-02T06:28:55.500118255,18.280258,-83.02945
2020-09-02T06:28:55.502407073,18.294594,-83.03206
2020-09-02T06:28:56.454568862,18.367239,-83.27191
2020-09-02T06:28:56.458383560,18.343,-83.28871
2020-09-02T06:28:56.460672378,18.330013,-83.2697
2020-09-02T06:28:56.546123504,18.335566,-83.2967
2020-09-02T06:28:58.488216400,18.44264,-82.80996
2020-09-02T06:28:58.603803634,18.486053,-82.81249
2020-09-02T06:28:58.611433029,18.49868,-82.79555
2020-09-02T06:28:58.613721847,18.468134,-82.78684
2020-09-02T06:28:58.615629196,18.445538,-82.79134
2020-09-02T06:29:00.273518562,18.209484,-83.34067
2020-09-02T06:29:00.331121444,18.20952,-83.34062
2020-09-02T06:29:00.542077541,18.209446,-83.340546
2020-09-02T06:29:00.543984889,18.23543,-83.35604
2020-09-02T06:29:00.545892238,18.234737,-83.34207
2020-09-02T06:29:00.585566043,18.238005,-83.34226
2020-09-02T06:29:00.587854862,18.229118,-83.35504
2020-09-02T06:29:00.605783939,18.209373,-83.34058
2020-09-02T06:29:00.643549919,18.24004,-83.34245
2020-09-02T06:29:00.748837471,19.454063,-78.669846
2020-09-02T06:29:00.752652168,19.454065,-78.66982
2020-09-02T06:29:00.754940986,19.454031,-78.65463
2020-09-02T06:29:00.758755683,19.45407,-78.66979
2020-09-02T06:29:00.764859199,19.454096,-78.6698
2020-09-02T06:29:00.766766548,19.454107,-78.669815
2020-09-02T06:29:00.794614315,19.4541,-78.66989
2020-09-02T06:29:00.796521663,19.454113,-78.66989
2020-09-02T06:29:00.800336360,19.45414,-78.66989
2020-09-02T06:29:00.878157615,19.454107,-78.63993
2020-09-02T06:29:00.881972312,19.454184,-78.66987
2020-09-02T06:29:00.889983177,19.467934,-78.64998
2020-09-02T06:29:00.891890525,19.462238,-78.64695
2020-09-02T06:29:00.896087169,19.465244,-78.656525
2020-09-02T06:29:00.897994518,19.464502,-78.650505
2020-09-02T06:29:00.899901866,19.454214,-78.6698
2020-09-02T06:29:00.913634777,19.454067,-78.651436
2020-09-02T06:29:00.917830944,19.461794,-78.65713
2020-09-02T06:29:00.919738292,19.454113,-78.658134
2020-09-02T06:29:00.921645641,19.463558,-78.650826
2020-09-02T06:29:00.923934459,19.454123,-78.6554
2020-09-02T06:29:00.927749633,19.454103,-78.63979
2020-09-02T06:29:01.031129360,19.453943,-78.59235
2020-09-02T06:29:01.709011554,19.512789,-78.23083
2020-09-02T06:29:01.710918903,19.522251,-78.221275
2020-09-02T06:29:01.713207721,19.532925,-78.20767
2020-09-02T06:29:01.715115070,19.53292,-78.20767
2020-09-02T06:29:01.717022418,19.532936,-78.2187
2020-09-02T06:29:01.718929767,19.524796,-78.22102
2020-09-02T06:29:01.728847980,19.532888,-78.20767
2020-09-02T06:29:01.730755805,19.53292,-78.22828
2020-09-02T06:29:01.733044624,19.532919,-78.23052
2020-09-02T06:29:01.742962837,19.532923,-78.24551
2020-09-02T06:29:01.770810604,19.532862,-78.20766
2020-09-02T06:29:01.792554855,19.53295,-78.244484
2020-09-02T06:29:01.794462203,19.53288,-78.20768
2020-09-02T06:29:01.802473068,19.532959,-78.25715
2020-09-02T06:29:01.804380416,19.532927,-78.24238
2020-09-02T06:29:01.814298629,19.532936,-78.25405
2020-09-02T06:29:01.820402145,19.532969,-78.268486
2020-09-02T06:29:01.822309494,19.53299,-78.28507
2020-09-02T06:29:01.826506137,19.532892,-78.24281
2020-09-02T06:29:01.850157260,19.532999,-78.28496
2020-09-02T06:29:05.518045425,19.518574,-78.78671
2020-09-02T06:29:05.526056289,19.523083,-78.76573
2020-09-02T06:29:05.527963638,19.534254,-78.74893
2020-09-02T06:29:05.530252456,19.534313,-78.77304
2020-09-02T06:29:05.545892715,19.534393,-78.779
2020-09-02T06:29:05.561915397,19.534374,-78.77836
2020-09-02T06:29:05.583659172,19.53437,-78.76297
2020-09-02T06:29:05.589762687,19.534346,-78.74892
2020-09-02T06:29:05.591670036,19.53434,-78.74892
2020-09-02T06:29:05.603495597,19.534294,-78.74884
2020-09-02T06:29:05.629436492,19.534233,-78.748764
2020-09-02T06:29:05.649272918,19.534367,-78.7799
2020-09-02T06:29:05.653469085,19.534405,-78.7886
2020-09-02T06:29:05.687039375,19.534422,-78.82625
2020-09-02T06:29:05.689328193,19.534342,-78.80268
2020-09-02T06:29:05.693142890,19.49331,-78.74763
2020-09-02T06:29:05.695050239,19.4918,-78.75512
2020-09-02T06:29:05.696957588,19.491728,-78.75855
2020-09-02T06:29:05.699246406,19.491512,-78.758835
2020-09-02T06:29:05.730908393,19.454412,-78.74643
2020-09-02T06:29:05.732815742,19.49561,-78.74762
2020-09-02T06:29:05.834288597,19.53436,-78.82615
2020-09-02T06:29:07.120624542,18.53841,-82.589874
2020-09-02T06:29:07.186238288,18.529745,-82.6049
2020-09-02T06:29:07.188145637,18.562025,-82.5823
2020-09-02T06:29:07.253759384,18.538637,-82.57899
2020-09-02T06:29:07.255666732,18.525684,-82.59533
2020-09-02T06:29:07.301444053,18.565933,-82.6082
2020-09-02T06:29:07.363243103,18.51195,-82.57571
2020-09-02T06:29:07.365150451,18.550674,-82.59421
2020-09-02T06:29:07.428856849,18.599188,-82.6626
2020-09-02T06:29:07.430764198,18.565937,-82.60672
2020-09-02T06:29:08.424889564,18.310427,-83.30264
2020-09-02T06:29:08.434807777,18.287447,-83.299255
2020-09-02T06:29:08.440529823,18.287233,-83.26671
2020-09-02T06:29:08.446633338,18.287405,-83.29257
2020-09-02T06:29:08.448540687,18.287188,-83.266655
2020-09-02T06:29:08.462656021,18.314547,-83.29253
2020-09-02T06:29:08.482492446,18.28727,-83.26664
2020-09-02T06:29:08.484399795,18.28749,-83.29809
2020-09-02T06:29:08.488214492,18.287178,-83.26662
2020-09-02T06:29:08.591594696,18.313604,-83.29807
2020-09-02T06:29:08.756772994,18.313778,-83.304115
2020-09-02T06:29:08.458458900,18.441132,-82.73153
2020-09-02T06:29:08.538187980,18.457016,-82.73682
2020-09-02T06:29:08.540095329,18.462118,-82.746605
2020-09-02T06:29:08.542002677,18.441177,-82.73153
2020-09-02T06:29:08.607616424,18.457624,-82.727646
2020-09-02T06:29:08.627452850,18.451733,-82.720566
2020-09-02T06:29:08.639278411,18.441126,-82.73146
2020-09-02T06:29:08.641567230,18.46129,-82.72895
2020-09-02T06:29:08.669415473,18.461294,-82.731285
2020-09-02T06:29:08.671322822,18.44108,-82.73145
2020-09-02T06:29:08.677044868,18.460466,-82.71022
2020-09-02T06:29:08.685055732,18.469637,-82.72609
2020-09-02T06:29:08.697262763,18.461386,-82.71486
2020-09-02T06:29:08.707181930,18.474127,-82.71046
2020-09-02T06:29:08.722822189,18.452328,-82.716446
2020-09-02T06:29:08.725111007,18.441088,-82.731476
2020-09-02T06:29:08.784621238,18.459602,-82.71003
2020-09-02T06:29:08.794539451,18.441055,-82.73153
2020-09-02T06:29:08.796446800,18.441034,-82.731544
2020-09-02T06:29:08.818572044,18.440783,-82.68997
2020-09-02T06:29:11.017015457,18.276031,-83.290054
2020-09-02T06:29:11.052875518,18.28737,-83.26713
2020-09-02T06:29:11.090641021,18.2874,-83.26719
2020-09-02T06:29:11.098651885,18.28745,-83.26714
2020-09-02T06:29:11.140613555,18.272087,-83.28788
2020-09-02T06:29:11.144428253,18.287409,-83.26712
2020-09-02T06:29:11.208135604,18.28754,-83.26721
2020-09-02T06:29:14.756622314,19.454868,-78.823524
2020-09-02T06:29:14.812316894,19.484198,-78.78907
2020-09-02T06:29:14.814605712,19.486591,-78.791695
2020-09-02T06:29:14.816513061,19.486778,-78.79369
2020-09-02T06:29:14.842453002,19.454924,-78.82356
2020-09-02T06:29:14.844360351,19.486715,-78.79367
2020-09-02T06:29:14.879838943,19.491282,-78.79229
2020-09-02T06:29:14.882127761,19.476725,-78.797676
2020-09-02T06:29:14.885942459,19.45486,-78.792984
2020-09-02T06:29:14.955751419,19.517742,-78.80089
2020-09-02T06:29:14.957658767,19.454906,-78.82348
2020-09-02T06:29:14.961473464,19.514858,-78.80708
2020-09-02T06:29:14.963380813,19.534714,-78.825806
2020-09-02T06:29:14.967576980,19.496342,-78.80786
2020-09-02T06:29:14.969484329,19.490257,-78.80546
2020-09-02T06:29:14.979402542,19.534645,-78.82588
2020-09-02T06:29:14.989322662,19.505245,-78.82499
2020-09-02T06:29:14.991230010,19.49608,-78.81711
2020-09-02T06:29:14.995426177,19.497726,-78.824814
2020-09-02T06:29:14.999240875,19.490753,-78.80938
2020-09-02T06:29:15.005344390,19.493204,-78.8247
2020-09-02T06:29:15.007251739,19.494003,-78.82471
2020-09-02T06:29:15.106815338,19.489382,-78.81558
2020-09-02T06:29:15.108722686,19.45488,-78.82348
2020-09-02T06:29:15.110630035,19.491302,-78.80683
2020-09-02T06:29:15.112539291,19.481802,-78.79616
2020-09-02T06:29:15.204092025,19.490269,-78.809654
2020-09-02T06:29:15.768676757,18.413475,-82.85613
2020-09-02T06:29:15.770584106,18.44313,-82.88671
2020-09-02T06:29:17.726791381,18.317112,-83.26784
2020-09-02T06:29:17.729080200,18.2874,-83.2661
2020-09-02T06:29:17.808425903,18.287445,-83.26612
2020-09-02T06:29:17.814529418,18.306292,-83.26723
2020-09-02T06:29:17.816436767,18.315762,-83.26471
2020-09-02T06:29:20.357061862,18.209488,-83.372925
2020-09-02T06:29:20.361258029,18.209455,-83.37102
2020-09-02T06:29:20.426871776,18.209507,-83.37454
2020-09-02T06:29:20.434883117,18.203377,-83.37586
2020-09-02T06:29:20.581750869,18.201307,-83.376686
2020-09-02T06:29:20.585947513,18.20951,-83.37448
2020-09-02T06:29:20.591669559,18.202774,-83.3691
2020-09-02T06:29:20.593576908,18.196405,-83.37238
2020-09-02T06:29:20.595865726,18.200893,-83.37012
2020-09-02T06:29:20.597773075,18.196362,-83.37285
2020-09-02T06:29:20.599680423,18.192865,-83.36825
2020-09-02T06:29:20.643549919,18.199083,-83.367
2020-09-02T06:29:20.703060150,18.196432,-83.37294
2020-09-02T06:29:20.729000568,18.198767,-83.3676
2020-09-02T06:29:20.778592586,18.197454,-83.3736
2020-09-02T06:29:20.798429012,18.200941,-83.36928
2020-09-02T06:29:20.850309848,18.209248,-83.33903
2020-09-02T06:29:20.893797874,19.453876,-78.61194
2020-09-02T06:29:20.925842285,19.453814,-78.59093
2020-09-02T06:29:20.933853149,19.453865,-78.61063
2020-09-02T06:29:20.935760498,19.453842,-78.590904
2020-09-02T06:29:20.939575195,19.45389,-78.59088
2020-09-02T06:29:20.945678710,19.45392,-78.59085
2020-09-02T06:29:20.947586059,19.453926,-78.59084
2020-09-02T06:29:20.953689575,19.453943,-78.605034
2020-09-02T06:29:20.963608264,19.453875,-78.60266
2020-09-02T06:29:20.965515613,19.453878,-78.60478
2020-09-02T06:29:20.981537342,19.453873,-78.59987
2020-09-02T06:29:20.983444690,19.457764,-78.60189
2020-09-02T06:29:20.985352039,19.45389,-78.60357
2020-09-02T06:29:20.987259864,19.453865,-78.59085
2020-09-02T06:29:20.993363380,19.46226,-78.59752
2020-09-02T06:29:20.995270729,19.453848,-78.590866
2020-09-02T06:29:21.027314662,19.453875,-78.59087
2020-09-02T06:29:21.034944057,19.463755,-78.59682
2020-09-02T06:29:21.037232875,19.453878,-78.59086
2020-09-02T06:29:21.062791824,19.453886,-78.59084
2020-09-02T06:29:21.066987991,19.453865,-78.59083
2020-09-02T06:29:21.086824893,19.48506,-78.59171
2020-09-02T06:29:21.090639591,19.453913,-78.59084
2020-09-02T06:29:21.128405570,19.454844,-78.609474
2020-09-02T06:29:21.130694389,19.45386,-78.59081
2020-09-02T06:29:21.132601737,19.453861,-78.59081
2020-09-02T06:29:21.134509086,19.453901,-78.606514
2020-09-02T06:29:21.200122833,19.424011,-78.59958
2020-09-02T06:29:21.202030181,19.443865,-78.60952
2020-09-02T06:29:21.224155902,19.45382,-78.59082
2020-09-02T06:29:21.226063251,19.45389,-78.617325
2020-09-02T06:29:21.227970600,19.450779,-78.618866
2020-09-02T06:29:21.243992805,19.45883,-78.61783
2020-09-02T06:29:21.245900154,19.421846,-78.58999
2020-09-02T06:29:21.253911018,19.453903,-78.627205
2020-09-02T06:29:21.255818367,19.453907,-78.626396
2020-09-02T06:29:21.257725715,19.45815,-78.62584
2020-09-02T06:29:21.259633064,19.429083,-78.60414
2020-09-02T06:29:21.271840572,19.453999,-78.641716
2020-09-02T06:29:21.273747920,19.448994,-78.62501
2020-09-02T06:29:21.275655269,19.453943,-78.62748
2020-09-02T06:29:21.361105918,19.463913,-78.62064
2020-09-02T06:29:21.363013267,19.465712,-78.60489
2020-09-02T06:29:21.365302085,19.453869,-78.59074
2020-09-02T06:29:21.412986278,19.53369,-78.59294
2020-09-02T06:29:21.414893627,19.46047,-78.6032
2020-09-02T06:29:21.428627014,19.465258,-78.60383
2020-09-02T06:29:21.430915832,19.45393,-78.59081
2020-09-02T06:29:21.452660083,19.453856,-78.590744
2020-09-02T06:29:21.454567432,19.462017,-78.60373
2020-09-02T06:29:21.480507373,19.515001,-78.60941
2020-09-02T06:29:21.482415199,19.464548,-78.603004
2020-09-02T06:29:21.496529579,19.453945,-78.61337
2020-09-02T06:29:21.528192043,19.445675,-78.57335
2020-09-02T06:29:21.593805789,19.453934,-78.616455
2020-09-02T06:29:21.607539176,19.428139,-78.57978
2020-09-02T06:29:21.609827995,19.453983,-78.61975
2020-09-02T06:29:21.671245574,19.436522,-78.55696
2020-09-02T06:29:21.673152923,19.453947,-78.61618
2020-09-02T06:29:21.677349090,19.447384,-78.59554
2020-09-02T06:29:21.685359954,19.453943,-78.63548
2020-09-02T06:29:21.687267303,19.454805,-78.6167
2020-09-02T06:29:21.697185516,19.44981,-78.61442
2020-09-02T06:29:21.707104206,19.447437,-78.61194
2020-09-02T06:29:21.709011554,19.440641,-78.59418
2020-09-02T06:29:21.710918903,19.453886,-78.619385
2020-09-02T06:29:21.733044624,19.449972,-78.62388
2020-09-02T06:29:21.734951972,19.471245,-78.63237
2020-09-02T06:29:21.790647029,19.440844,-78.59443
2020-09-02T06:29:21.792554855,19.444393,-78.583664
2020-09-02T06:29:21.794462203,19.453964,-78.61747
2020-09-02T06:29:21.869994163,19.53375,-78.57042
2020-09-02T06:29:21.738766670,18.754827,-82.22997
2020-09-02T06:29:21.762799739,18.754726,-82.23214
2020-09-02T06:29:21.838331699,18.754816,-82.23363
2020-09-02T06:29:21.840239048,18.740788,-82.22743
2020-09-02T06:29:21.842146396,18.731745,-82.21944
2020-09-02T06:29:21.844053745,18.727869,-82.21698
2020-09-02T06:29:21.846342563,18.728676,-82.21523
2020-09-02T06:29:21.866179466,18.701855,-82.20123
2020-09-02T06:29:21.868086814,18.715038,-82.21181
2020-09-02T06:29:21.869994163,18.707445,-82.20823
2020-09-02T06:29:21.871901512,18.713379,-82.21309
2020-09-02T06:29:21.874190330,18.675404,-82.19985
2020-09-02T06:29:21.971466541,18.675396,-82.19992
2020-09-02T06:29:21.973373889,18.708035,-82.20162
2020-09-02T06:29:21.975281238,18.722393,-82.214134
2020-09-02T06:29:21.991303443,18.707352,-82.21207
2020-09-02T06:29:21.993210792,18.697847,-82.21387
2020-09-02T06:29:21.995499610,18.708025,-82.21257
2020-09-02T06:29:21.997406959,18.697132,-82.21454
2020-09-02T06:29:21.999314308,18.697756,-82.21692
2020-09-02T06:29:22.001221656,18.704285,-82.20138
2020-09-02T06:29:22.021058559,18.675386,-82.22006
2020-09-02T06:29:22.022965908,18.6938,-82.218544
2020-09-02T06:29:22.025254726,18.69668,-82.21785
2020-09-02T06:29:22.027162075,18.69904,-82.22098
2020-09-02T06:29:22.029069423,18.675442,-82.223854
2020-09-02T06:29:22.030976772,18.675482,-82.22863
2020-09-02T06:29:22.033265590,18.690916,-82.22699
2020-09-02T06:29:22.035172939,18.675291,-82.1998
2020-09-02T06:29:22.048906326,18.675707,-82.25175
2020-09-02T06:29:22.050813674,18.689499,-82.224556
2020-09-02T06:29:22.053102493,18.675352,-82.199814
2020-09-02T06:29:22.096590518,18.660458,-82.25868
2020-09-02T06:29:22.098879337,18.675486,-82.229324
2020-09-02T06:29:22.516213893,18.246767,-83.34114
2020-09-02T06:29:22.567713260,18.246912,-83.34112
2020-09-02T06:29:22.571909427,18.247213,-83.341156
2020-09-02T06:29:22.615778923,18.288046,-83.34361
2020-09-02T06:29:22.617686271,18.252151,-83.34146
2020-09-02T06:29:22.653544902,18.245333,-83.34108
2020-09-02T06:29:22.691311359,18.246029,-83.34109
2020-09-02T06:29:22.693218708,18.246262,-83.3411
2020-09-02T06:29:22.724881172,18.247597,-83.34119
2020-09-02T06:29:22.750821590,18.247427,-83.341286
2020-09-02T06:29:22.758832454,18.247381,-83.3412
2020-09-02T06:29:22.790494918,18.247042,-83.34118
2020-09-02T06:29:22.798505783,18.247866,-83.34123
2020-09-02T06:29:22.802320480,18.253094,-83.341545
2020-09-02T06:29:22.860304832,18.247095,-83.34124
2020-09-02T06:29:22.862212181,18.247103,-83.34123
2020-09-02T06:29:22.864119529,18.251581,-83.34149
2020-09-02T06:29:22.969407081,18.248896,-83.34133
2020-09-02T06:29:22.971314430,18.252247,-83.329315
2020-09-02T06:29:23.001450538,18.249851,-83.34147
2020-09-02T06:29:25.727093696,19.532684,-78.22647
2020-09-02T06:29:25.730908393,19.532639,-78.20684
2020-09-02T06:29:25.732815742,19.532633,-78.20685
2020-09-02T06:29:25.735104560,19.532627,-78.20686
2020-09-02T06:29:25.738920211,19.512787,-78.21986
2020-09-02T06:29:25.748838424,19.51428,-78.21958
2020-09-02T06:29:25.758756637,19.53265,-78.20687
2020-09-02T06:29:25.760663986,19.506203,-78.214066
2020-09-02T06:29:25.810637474,19.501963,-78.21708
2020-09-02T06:29:25.826277732,19.495369,-78.21055
2020-09-02T06:29:25.828185081,19.51175,-78.206314
2020-09-02T06:29:25.832381248,19.532568,-78.20685
2020-09-02T06:29:25.834288597,19.511274,-78.20633
2020-09-02T06:29:25.880065917,19.50777,-78.20625
2020-09-02T06:29:25.881973266,19.505976,-78.21549
2020-09-02T06:29:25.886169433,19.487476,-78.2227
2020-09-02T06:29:25.893798828,19.532629,-78.206856
2020-09-02T06:29:25.897994995,19.511143,-78.20637
2020-09-02T06:29:25.911727905,19.532652,-78.20688
2020-09-02T06:29:25.914016723,19.51329,-78.2103
2020-09-02T06:29:25.915924072,19.50126,-78.217316
2020-09-02T06:29:25.965516090,19.516855,-78.23647
2020-09-02T06:29:25.967423439,19.49151,-78.227615
2020-09-02T06:29:25.981537818,19.525013,-78.22071
2020-09-02T06:29:25.983445167,19.532616,-78.2253
2020-09-02T06:29:25.993364334,19.523281,-78.229256
2020-09-02T06:29:25.995271682,19.532648,-78.230354
2020-09-02T06:29:26.009386062,19.519333,-78.22626
2020-09-02T06:29:26.011293411,19.532663,-78.23186
2020-09-02T06:29:26.013200759,19.532642,-78.22403
2020-09-02T06:29:26.066988945,19.532623,-78.20685
2020-09-02T06:29:26.084918022,19.532661,-78.22999
2020-09-02T06:29:28.478296279,18.317072,-83.29373
2020-09-02T06:29:28.482492446,18.31791,-83.26866
2020-09-02T06:29:28.542002677,18.305052,-83.29148
2020-09-02T06:29:29.822235107,19.53379,-78.78498
2020-09-02T06:29:29.832153320,19.533678,-78.74886
2020-09-02T06:29:29.834442138,19.523523,-78.76849
2020-09-02T06:29:29.846267700,19.523819,-78.76511
2020-09-02T06:29:29.848175048,19.533806,-78.78019
2020-09-02T06:29:29.905777931,19.533682,-78.74884
2020-09-02T06:29:29.931717872,19.533667,-78.74882
2020-09-02T06:29:29.933625221,19.533672,-78.74882
2020-09-02T06:29:29.945833206,19.514471,-78.75684
2020-09-02T06:29:29.947740554,19.533642,-78.74885
2020-09-02T06:29:29.955751419,19.496006,-78.74779
2020-09-02T06:29:29.957658767,19.533638,-78.74887
2020-09-02T06:29:29.997331619,19.49874,-78.74784
2020-09-02T06:29:29.999238967,19.491343,-78.747635
2020-09-02T06:29:30.001146316,19.485159,-78.75791
2020-09-02T06:29:30.003435134,19.496523,-78.74777
2020-09-02T06:29:30.017168998,19.464584,-78.74683
2020-09-02T06:29:30.019076347,19.485577,-78.76055
2020-09-02T06:29:30.069049835,19.489962,-78.75953
2020-09-02T06:29:30.078968048,19.53373,-78.74894
2020-09-02T06:29:30.148396492,19.517927,-78.78616
2020-09-02T06:29:30.154500007,19.53386,-78.826385
2020-09-02T06:29:30.156407356,19.523577,-78.80768
2020-09-02T06:29:30.158314704,19.533804,-78.79912
2020-09-02T06:29:30.160222053,19.520367,-78.80749
2020-09-02T06:29:30.162510871,19.533855,-78.826385
2020-09-02T06:29:30.164418220,19.533829,-78.826385
2020-09-02T06:29:30.253683090,19.519894,-78.790054
2020-09-02T06:29:30.283438682,19.522076,-78.80923
2020-09-02T06:29:30.313574790,19.5198,-78.77724
2020-09-02T06:29:30.319297790,19.533527,-78.74888
2020-09-02T06:29:30.337226867,19.533611,-78.783134
2020-09-02T06:29:30.345237731,19.517735,-78.77395
2020-09-02T06:29:30.365074157,19.533567,-78.77998
2020-09-02T06:29:30.397118568,19.53375,-78.82632
2020-09-02T06:29:30.474557876,19.533627,-78.78069
2020-09-02T06:29:30.502406120,19.533548,-78.78133
2020-09-02T06:29:31.094837188,18.44126,-82.77844
2020-09-02T06:29:31.096744537,18.441246,-82.77931
2020-09-02T06:29:31.138324737,18.445133,-82.774574
2020-09-02T06:29:31.140613555,18.441196,-82.78125
2020-09-02T06:29:31.168462753,18.441334,-82.78099
2020-09-02T06:29:31.297401428,18.441395,-82.80965
2020-09-02T06:29:31.299690246,18.441223,-82.78355
2020-09-02T06:29:31.347373962,18.429653,-82.75441
2020-09-02T06:29:31.351188659,18.441133,-82.76656
2020-09-02T06:29:31.353096008,18.441133,-82.76987
2020-09-02T06:29:31.476312637,18.437334,-82.74744
2020-09-02T06:29:31.252004623,19.453321,-78.66916
2020-09-02T06:29:31.255819320,19.453323,-78.669235
2020-09-02T06:29:31.269552230,19.453178,-78.66938
2020-09-02T06:29:31.271841049,19.453167,-78.66938
2020-09-02T06:29:31.339363098,19.454615,-78.69329
2020-09-02T06:29:31.341270446,19.453289,-78.669304
2020-09-02T06:29:31.412988662,19.453243,-78.691086
2020-09-02T06:29:31.414896011,19.45324,-78.69128
2020-09-02T06:29:31.466394424,19.456167,-78.688225
2020-09-02T06:29:31.504159927,19.453194,-78.69263
2020-09-02T06:29:31.530101776,19.453314,-78.68847
2020-09-02T06:29:31.532009124,19.45331,-78.69704
2020-09-02T06:29:34.180212020,18.456982,-82.727745
2020-09-02T06:29:34.283592224,18.438492,-82.75339
2020-09-02T06:29:34.317543029,18.434624,-82.75041
2020-09-02T06:29:34.319450378,18.361374,-82.72757
2020-09-02T06:29:34.488443374,18.459995,-82.734085
2020-09-02T06:29:34.530025482,18.440344,-82.74158
2020-09-02T06:29:34.341194152,18.240791,-83.314865
2020-09-02T06:29:34.343101501,18.24501,-83.31573
2020-09-02T06:29:34.345390319,18.250507,-83.322784
2020-09-02T06:29:34.383157730,18.241735,-83.31269
2020-09-02T06:29:34.386972427,18.228195,-83.31911
2020-09-02T06:29:34.388879776,18.233374,-83.312355
2020-09-02T06:29:34.390787124,18.227005,-83.322655
2020-09-02T06:29:34.393075942,18.236345,-83.341835
2020-09-02T06:29:34.458688735,18.254452,-83.31164
2020-09-02T06:29:34.460596084,18.248987,-83.31069
2020-09-02T06:29:34.577709197,18.207882,-83.305244
2020-09-02T06:29:34.625394821,18.236101,-83.31225
2020-09-02T06:29:34.627683639,18.23066,-83.312195
2020-09-02T06:29:34.629590988,18.234068,-83.31581
2020-09-02T06:29:34.631498336,18.224855,-83.32208
2020-09-02T06:29:34.643323898,18.20823,-83.34003
2020-09-02T06:29:34.721143722,18.229992,-83.31398
2020-09-02T06:29:34.802398681,18.224375,-83.3232
2020-09-02T06:29:36.055164337,19.506435,-78.81211
2020-09-02T06:29:36.062793731,19.533712,-78.82655
2020-09-02T06:29:36.068897247,19.487871,-78.812675
2020-09-02T06:29:36.070804595,19.499863,-78.81348
2020-09-02T06:29:36.080722808,19.453775,-78.82414
2020-09-02T06:29:36.083011627,19.453768,-78.82415
2020-09-02T06:29:36.086826324,19.453753,-78.82417
2020-09-02T06:29:36.130697250,19.493517,-78.80756
2020-09-02T06:29:36.148626327,19.479975,-78.80785
2020-09-02T06:29:36.200124740,19.487091,-78.80576
2020-09-02T06:29:36.273750305,19.48193,-78.80452
2020-09-02T06:29:36.345085144,19.499931,-78.82552
2020-09-02T06:29:36.385141372,19.533741,-78.826546
2020-09-02T06:29:36.432825088,18.323286,-83.26917
2020-09-02T06:29:36.454568862,18.32005,-83.26896
2020-09-02T06:29:36.478603363,18.287167,-83.26701
2020-09-02T06:29:36.548030853,18.287174,-83.267105
2020-09-02T06:29:36.551845550,18.36621,-83.27179
2020-09-02T06:29:39.315251828,19.486458,-82.49035
2020-09-02T06:29:39.329366684,19.472994,-82.47848
2020-09-02T06:29:39.331274033,19.472984,-82.47847
2020-09-02T06:29:39.333181382,19.472992,-82.47846
2020-09-02T06:29:39.335088730,19.473,-82.47846
2020-09-02T06:29:39.339284897,19.483534,-82.47905
2020-09-02T06:29:39.347296238,19.473011,-82.4785
2020-09-02T06:29:39.349203587,19.471012,-82.48448
2020-09-02T06:29:39.354925633,19.45913,-82.47771
2020-09-02T06:29:39.362936497,19.455976,-82.477486
2020-09-02T06:29:39.382773400,19.448711,-82.47858
2020-09-02T06:29:39.385062218,19.473024,-82.47849
2020-09-02T06:29:39.392691613,19.393127,-82.47394
2020-09-02T06:29:39.394980431,19.446093,-82.48167
2020-09-02T06:29:39.396887780,19.473024,-82.4785
2020-09-02T06:29:39.416724682,19.439537,-82.476555
2020-09-02T06:29:39.418632031,19.473022,-82.47845
2020-09-02T06:29:39.422828198,19.427425,-82.48518
2020-09-02T06:29:39.424735547,19.473015,-82.47845
2020-09-02T06:29:39.508278847,19.472971,-82.47849
2020-09-02T06:29:39.520104409,19.472935,-82.47855
2020-09-02T06:29:39.526207924,19.472933,-82.47858
2020-09-02T06:29:39.629588128,19.43509,-82.52192
2020-09-02T06:29:40.965515613,19.453753,-78.6396
2020-09-02T06:29:40.967422962,19.453766,-78.63836
2020-09-02T06:29:40.973526477,19.453772,-78.636925
2020-09-02T06:29:40.981537342,19.453798,-78.669556
2020-09-02T06:29:41.013199806,19.45381,-78.66961
2020-09-02T06:29:41.015107154,19.453745,-78.65172
2020-09-02T06:29:41.025025844,19.45376,-78.66958
2020-09-02T06:29:41.078813552,19.453804,-78.669586
2020-09-02T06:29:41.080721378,19.453777,-78.656975
2020-09-02T06:29:41.083010196,19.463242,-78.65701
2020-09-02T06:29:41.084917545,19.453762,-78.66957
2020-09-02T06:29:41.086824893,19.45374,-78.66956
2020-09-02T06:29:41.094835758,19.45371,-78.66955
2020-09-02T06:29:41.196308135,19.453665,-78.6696
2020-09-02T06:29:45.856413841,19.415115,-78.5826
2020-09-02T06:29:45.488289833,19.453283,-78.59159
2020-09-02T06:29:45.492486953,19.453302,-78.59159
2020-09-02T06:29:45.496301651,19.453373,-78.59158
2020-09-02T06:29:45.498208999,19.45341,-78.59158
2020-09-02T06:29:45.560008049,19.453423,-78.59163
2020-09-02T06:29:45.561915397,19.453419,-78.59162
2020-09-02T06:29:45.569926261,19.453379,-78.59155
2020-09-02T06:29:45.571833610,19.45338,-78.59155
2020-09-02T06:29:45.619518280,19.453428,-78.591576
2020-09-02T06:29:45.621807098,19.458029,-78.59882
2020-09-02T06:29:45.633632659,19.453419,-78.59157
2020-09-02T06:29:45.635540008,19.457903,-78.59787
2020-09-02T06:29:45.637447357,19.453434,-78.591606
2020-09-02T06:29:45.657283782,19.453392,-78.597206
2020-09-02T06:29:45.659572601,19.453392,-78.59157
2020-09-02T06:29:45.699246406,19.45344,-78.59157
2020-09-02T06:29:45.758756637,19.453447,-78.611374
2020-09-02T06:29:45.862136840,19.431482,-78.59837
2020-09-02T06:29:46.152439117,19.45586,-79.454
2020-09-02T06:29:46.154346466,19.455841,-79.45055
2020-09-02T06:29:46.156253814,19.45581,-79.443146
2020-09-02T06:29:46.158542633,19.455803,-79.443146
2020-09-02T06:29:46.160449981,19.455797,-79.443146
2020-09-02T06:29:46.162357330,19.455805,-79.44314
2020-09-02T06:29:46.164264678,19.455814,-79.44313
2020-09-02T06:29:46.196309089,19.455854,-79.44308
2020-09-02T06:29:46.200123786,19.455845,-79.443054
2020-09-02T06:29:46.203938484,19.455849,-79.44308
2020-09-02T06:29:46.206227302,19.45585,-79.44309
2020-09-02T06:29:46.237890243,19.455872,-79.443085
2020-09-02T06:29:46.261922836,19.456137,-79.520645
2020-09-02T06:29:46.263830184,19.456123,-79.520676
2020-09-02T06:29:46.293585777,19.456163,-79.520706
2020-09-02T06:29:46.408790588,19.474615,-79.44377
2020-09-02T06:29:46.528192520,18.18655,-83.33822
2020-09-02T06:29:46.530099868,18.129997,-83.334885
2020-09-02T06:29:46.556040763,18.188251,-83.33842
2020-09-02T06:29:46.557948112,18.171602,-83.35384
2020-09-02T06:29:46.605632781,18.189516,-83.351715
2020-09-02T06:29:46.607540130,18.182537,-83.36336
2020-09-02T06:29:46.705197334,18.179787,-83.371155
2020-09-02T06:29:46.707104682,18.130026,-83.3348
2020-09-02T06:29:46.709012031,18.17605,-83.37105
2020-09-02T06:29:46.710919380,18.177843,-83.37327
2020-09-02T06:29:46.715115547,18.13002,-83.33484
2020-09-02T06:29:46.720837593,18.13022,-83.36502
2020-09-02T06:29:46.723126411,18.168457,-83.37201
2020-09-02T06:29:46.725033760,18.164688,-83.37216
2020-09-02T06:29:46.726942062,18.1664,-83.37246
2020-09-02T06:29:46.728849411,18.129948,-83.33487
2020-09-02T06:29:46.776533126,18.184772,-83.36175
2020-09-02T06:29:46.778821945,18.18038,-83.36318
2020-09-02T06:29:46.874191284,18.168957,-83.36872
2020-09-02T06:29:46.876098632,18.173847,-83.37146
2020-09-02T06:29:46.878005981,18.15312,-83.3613
2020-09-02T06:29:46.879913330,18.162954,-83.37217
2020-09-02T06:29:46.882202148,18.161041,-83.37111
2020-09-02T06:29:46.884109497,18.156998,-83.37065
2020-09-02T06:29:46.886016845,18.165491,-83.37041
2020-09-02T06:29:46.887924194,18.12987,-83.33492
2020-09-02T06:29:46.937897682,18.190737,-83.35392
2020-09-02T06:29:46.967652320,18.167107,-83.37213
2020-09-02T06:29:46.969559669,18.176554,-83.36984
2020-09-02T06:29:46.973374366,18.165648,-83.368614
2020-09-02T06:29:46.975664138,18.16248,-83.37158
2020-09-02T06:29:46.977571487,18.13025,-83.36804
2020-09-02T06:29:46.979478836,18.130224,-83.3647
2020-09-02T06:29:46.981386184,18.130236,-83.36607
2020-09-02T06:29:46.983293533,18.16185,-83.37024
2020-09-02T06:29:46.985582351,18.15888,-83.372116
2020-09-02T06:29:46.987489700,18.13024,-83.36746
2020-09-02T06:29:46.989397048,18.129978,-83.33495
2020-09-02T06:29:46.995500564,18.130104,-83.354485
2020-09-02T06:29:46.997407913,18.130167,-83.36398
2020-09-02T06:29:47.068743705,18.13025,-83.37156
2020-09-02T06:29:47.071032524,18.154558,-83.36632
2020-09-02T06:29:47.072939872,18.163988,-83.36756
2020-09-02T06:29:47.110706329,18.156744,-83.36395
2020-09-02T06:29:47.112613677,18.15655,-83.36333
2020-09-02T06:29:47.142368316,18.159393,-83.36945
2020-09-02T06:29:47.164494514,18.156654,-83.367485
2020-09-02T06:29:47.166401863,18.129982,-83.334885
2020-09-02T06:29:47.196156501,18.165197,-83.368774
2020-09-02T06:29:47.198063850,18.130035,-83.33488
2020-09-02T06:29:49.124515533,19.462172,-78.67885
2020-09-02T06:29:49.229803085,19.468058,-78.68411
2020-09-02T06:29:49.233999252,19.453842,-78.6688
2020-09-02T06:29:49.242010116,19.46161,-78.676636
2020-09-02T06:29:49.243917465,19.466965,-78.69222
2020-09-02T06:29:52.639432907,18.240604,-83.061134
2020-09-02T06:29:52.663465499,18.236948,-83.06796
2020-09-02T06:29:52.695127487,18.26405,-83.06658
2020-09-02T06:29:52.756925582,18.207663,-83.02934
2020-09-02T06:29:52.758832931,18.232485,-83.056786
2020-09-02T06:29:52.802703857,18.268698,-83.0696
2020-09-02T06:29:52.804611206,18.29296,-83.06484
2020-09-02T06:29:52.848098754,18.249165,-83.06146
2020-09-02T06:29:52.850387573,18.286211,-83.06784
2020-09-02T06:29:52.919816970,18.253061,-83.04606
2020-09-02T06:29:52.850387573,17.891323,-82.85647
2020-09-02T06:29:52.967500686,18.271755,-83.06268
2020-09-02T06:29:52.969408035,18.296045,-83.06932
2020-09-02T06:29:53.210119247,18.25437,-83.04418
2020-09-02T06:29:53.210119247,17.891361,-82.85654
2020-09-02T06:29:53.212026596,18.250004,-83.04715
2020-09-02T06:29:53.213933944,18.27669,-83.07423
2020-09-02T06:29:53.305488586,18.282515,-83.003235
2020-09-02T06:29:53.307395935,18.24603,-83.06374
2020-09-02T06:29:53.309684753,18.23394,-83.081276
2020-09-02T06:29:53.311592102,18.250053,-83.047134
2020-09-02T06:29:53.313499450,18.257082,-83.04871
2020-09-02T06:29:53.315406799,18.259758,-83.071014
2020-09-02T06:29:53.444726943,18.270035,-83.04233
2020-09-02T06:29:53.446634292,18.262352,-83.032585
2020-09-02T06:29:53.448541641,18.26944,-83.05115
2020-09-02T06:29:53.677427291,18.28852,-83.26708
2020-09-02T06:29:53.694974899,18.323488,-83.26919
2020-09-02T06:29:53.834213256,18.288568,-83.26711
2020-09-02T06:29:53.850234985,18.320292,-83.289986
2020-09-02T06:29:53.915849685,18.31251,-83.28782
2020-09-02T06:29:53.949800491,18.313316,-83.26868
2020-09-02T06:29:53.957429885,18.288553,-83.26717
2020-09-02T06:29:55.088886260,19.533802,-78.22587
2020-09-02T06:29:55.090793609,19.524075,-78.221794
2020-09-02T06:29:55.092700958,19.512856,-78.22899
2020-09-02T06:29:55.094989776,19.508884,-78.23271
2020-09-02T06:29:55.098804473,19.53373,-78.20756
2020-09-02T06:29:55.110630035,19.533821,-78.20749
2020-09-02T06:29:55.128561019,19.533785,-78.241585
2020-09-02T06:29:55.132757186,19.533741,-78.20751
2020-09-02T06:29:55.134664535,19.533789,-78.231606
2020-09-02T06:29:55.148397445,19.533752,-78.23279
2020-09-02T06:29:55.275810241,19.519245,-78.241714
2020-09-02T06:29:55.305564880,19.533699,-78.24027
2020-09-02T06:29:55.315483093,19.512405,-78.241905
2020-09-02T06:29:55.317390441,19.533615,-78.207466
2020-09-02T06:29:55.333412170,19.533754,-78.26238
2020-09-02T06:29:55.335319519,19.533745,-78.25645
2020-09-02T06:29:55.337226867,19.515808,-78.25285
2020-09-02T06:29:55.124746322,18.455961,-82.75153
2020-09-02T06:29:55.144582748,18.44241,-82.73211
2020-09-02T06:29:55.228124618,18.442413,-82.73215
2020-09-02T06:29:55.249870300,18.448353,-82.73668
2020-09-02T06:29:55.345237731,18.442654,-82.76956
2020-09-02T06:29:55.347145080,18.43833,-82.75768
2020-09-02T06:29:56.977573394,18.209692,-83.34054
2020-09-02T06:29:57.005420684,18.232378,-83.36074
2020-09-02T06:29:57.092779159,18.209623,-83.34051
2020-09-02T06:29:57.158391952,18.209711,-83.3405
2020-09-02T06:29:57.257957458,18.234669,-83.36115
2020-09-02T06:29:57.428857803,18.238117,-83.34232
2020-09-02T06:29:57.444498062,18.242622,-83.342545
2020-09-02T06:29:57.689023971,18.209673,-83.36225
2020-09-02T06:29:57.742813110,18.209518,-83.340576
2020-09-02T06:29:58.331430435,18.559347,-82.622116
2020-09-02T06:29:58.369195938,18.599262,-82.62247
2020-09-02T06:29:58.371103286,18.537819,-82.587105
2020-09-02T06:29:58.373010635,18.599316,-82.62945
2020-09-02T06:29:58.418787002,18.530209,-82.58958
2020-09-02T06:29:58.484401702,18.572699,-82.60971
2020-09-02T06:29:58.486309051,18.550253,-82.601395
2020-09-02T06:29:58.538188934,18.545774,-82.58524
2020-09-02T06:29:58.559932708,18.57693,-82.5904
2020-09-02T06:29:58.587781906,18.567669,-82.60686
2020-09-02T06:29:58.611814498,18.59935,-82.6304
2020-09-02T06:29:58.643476486,18.557722,-82.59476
2020-09-02T06:29:58.669416427,18.440144,-82.49949
2020-09-02T06:29:58.669416427,18.599289,-82.6229
2020-09-02T06:29:58.820480346,18.475286,-82.54936
2020-09-02T06:29:58.822387695,18.53944,-82.59595
2020-09-02T06:30:00.886168479,19.469618,-78.69634
2020-09-02T06:30:00.901809215,19.455347,-78.669655
2020-09-02T06:30:00.904098033,19.455336,-78.669655
2020-09-02T06:30:00.963608264,19.455326,-78.6956
2020-09-02T06:30:00.989548683,19.45538,-78.66963
2020-09-02T06:30:01.035325527,19.466633,-78.695595
2020-09-02T06:30:01.037232875,19.46563,-78.69524
2020-09-02T06:30:01.042954921,19.46435,-78.69897
2020-09-02T06:30:01.050966262,19.455256,-78.6971
2020-09-02T06:30:01.057069778,19.45523,-78.66962
2020-09-02T06:30:01.060884475,19.455322,-78.69866
2020-09-02T06:30:01.066987991,19.455284,-78.69675
2020-09-02T06:30:01.068895339,19.455292,-78.70519
2020-09-02T06:30:01.070802688,19.464294,-78.70058
2020-09-02T06:30:01.092928409,19.455418,-78.71532
2020-09-02T06:30:01.094835758,19.455418,-78.71442
2020-09-02T06:30:01.152438640,19.455421,-78.746994
2020-09-02T06:30:01.154345989,19.455368,-78.7221
2020-09-02T06:30:01.156253337,19.455385,-78.727104
2020-09-02T06:30:01.158542156,19.455362,-78.71555
2020-09-02T06:30:01.170367717,19.455473,-78.74685
2020-09-02T06:30:01.172275066,19.455463,-78.74686
2020-09-02T06:30:01.174182891,19.455452,-78.74688
2020-09-02T06:30:01.184101104,19.455399,-78.73768
2020-09-02T06:30:01.186389923,19.460032,-78.725494
2020-09-02T06:30:01.188297271,19.455376,-78.72607
2020-09-02T06:30:01.194400787,19.455437,-78.74699
2020-09-02T06:30:01.210041522,19.455467,-78.74696
2020-09-02T06:30:01.211948871,19.455431,-78.72897
2020-09-02T06:30:01.214237689,19.455444,-78.73167
2020-09-02T06:30:01.216145038,19.455488,-78.74699
2020-09-02T06:30:01.218052387,19.455494,-78.747
2020-09-02T06:30:01.219959735,19.455473,-78.734886
2020-09-02T06:30:01.221867084,19.455486,-78.747
2020-09-02T06:30:01.224155902,19.455463,-78.74699
2020-09-02T06:30:01.226063251,19.455406,-78.73293
2020-09-02T06:30:01.259633064,19.455479,-78.725624
2020-09-02T06:30:01.261921882,19.455555,-78.746994
2020-09-02T06:30:01.271840572,19.45566,-78.74705
2020-09-02T06:30:01.454567432,19.456537,-78.73328
2020-09-02T06:30:03.727017402,18.398897,-82.89728
2020-09-02T06:30:03.740750312,18.365513,-82.88313
2020-09-02T06:30:03.743039131,18.39363,-82.88975
2020-09-02T06:30:03.744946479,18.388424,-82.88287
2020-09-02T06:30:03.760969161,18.393202,-82.88072
2020-09-02T06:30:03.764783859,18.36544,-82.88313
2020-09-02T06:30:03.766691207,18.385677,-82.8852
2020-09-02T06:30:03.784620285,18.389294,-82.88132
2020-09-02T06:30:03.846419334,18.365429,-82.88311
2020-09-02T06:30:03.848326683,18.392445,-82.87617
2020-09-02T06:30:03.913940429,18.394968,-82.866325
2020-09-02T06:30:03.915847778,18.384844,-82.85888
2020-09-02T06:30:03.931869506,18.365404,-82.88317
2020-09-02T06:30:04.053178787,18.402422,-82.8603
2020-09-02T06:30:04.430839538,18.327774,-83.25574
2020-09-02T06:30:04.432746887,18.308788,-83.25224
2020-09-02T06:30:04.468605995,18.320612,-83.269196
2020-09-02T06:30:05.233845710,18.418468,-83.20177
2020-09-02T06:30:04.859999656,18.3972,-83.2343
2020-09-02T06:30:04.862288475,18.386728,-83.227905
2020-09-02T06:30:04.864195823,18.36804,-83.23241
2020-09-02T06:30:04.866103172,18.368063,-83.235535
2020-09-02T06:30:04.874114990,18.367956,-83.22528
2020-09-02T06:30:04.876022338,18.409575,-83.19448
2020-09-02T06:30:04.877929687,18.41629,-83.18388
2020-09-02T06:30:04.880218505,18.210257,-83.26279
2020-09-02T06:30:04.937821388,18.368017,-83.23276
2020-09-02T06:30:04.997331619,18.388348,-83.22781
2020-09-02T06:30:04.999238967,18.378012,-83.22057
2020-09-02T06:30:05.007249832,18.416435,-83.18912
2020-09-02T06:30:05.009157180,18.386236,-83.19216
2020-09-02T06:30:05.046922683,18.379436,-83.19161
2020-09-02T06:30:05.049211502,18.367996,-83.23164
2020-09-02T06:30:05.051118850,18.38833,-83.23009
2020-09-02T06:30:05.235753059,18.358635,-83.21318
2020-09-02T06:30:05.291448593,18.36267,-83.24582
2020-09-02T06:30:05.293737411,18.403894,-83.18978
2020-09-02T06:30:05.295644760,18.394382,-83.18679
2020-09-02T06:30:05.297552108,18.379547,-83.21851
2020-09-02T06:30:05.450524330,18.38597,-83.20033
2020-09-02T06:30:05.543985366,18.399157,-83.207466
2020-09-02T06:30:05.545892715,18.389616,-83.222305
2020-09-02T06:30:05.548181533,18.390928,-83.22597
2020-09-02T06:30:05.550088882,18.401495,-83.196556
2020-09-02T06:30:05.551997184,18.384058,-83.18625
2020-09-02T06:30:05.553904533,18.367983,-83.23131
2020-09-02T06:30:06.931794166,19.455465,-78.67004
2020-09-02T06:30:06.933701515,19.455444,-78.67003
2020-09-02T06:30:06.935608863,19.455425,-78.67003
2020-09-02T06:30:06.937897682,19.455404,-78.67003
2020-09-02T06:30:06.941712379,19.46441,-78.67028
2020-09-02T06:30:06.943619728,19.455399,-78.67003
2020-09-02T06:30:06.945527076,19.455414,-78.67004
2020-09-02T06:30:06.947815895,19.462223,-78.67023
2020-09-02T06:30:06.949723243,19.455446,-78.67004
2020-09-02T06:30:06.953537940,19.45542,-78.67003
2020-09-02T06:30:06.967652320,19.463812,-78.67022
2020-09-02T06:30:06.969559669,19.461441,-78.67015
2020-09-02T06:30:06.995500564,19.455397,-78.67001
2020-09-02T06:30:07.007326126,19.455423,-78.66997
2020-09-02T06:30:07.011140823,19.45543,-78.66999
2020-09-02T06:30:07.035173416,19.455446,-78.66997
2020-09-02T06:30:07.037081718,19.45544,-78.66993
2020-09-02T06:30:07.038989067,19.462406,-78.67009
2020-09-02T06:30:07.041277885,19.455439,-78.66987
2020-09-02T06:30:07.043185234,19.455463,-78.66991
2020-09-02T06:30:07.072939872,19.455458,-78.67
2020-09-02T06:30:07.074847221,19.455452,-78.670006
2020-09-02T06:30:07.087054252,19.455362,-78.6625
2020-09-02T06:30:07.088961601,19.455362,-78.66997
2020-09-02T06:30:07.126728057,19.535307,-78.67227
2020-09-02T06:30:07.128635406,19.535328,-78.67228
2020-09-02T06:30:07.130542755,19.522064,-78.671906
2020-09-02T06:30:07.132450103,19.537216,-78.67585
2020-09-02T06:30:07.134738922,19.511263,-78.67506
2020-09-02T06:30:07.174412727,19.482965,-78.669624
2020-09-02T06:30:07.176320075,19.495512,-78.67111
2020-09-02T06:30:07.184330940,19.455482,-78.66999
2020-09-02T06:30:07.217900276,19.475372,-78.67062
2020-09-02T06:30:07.220189094,19.484007,-78.66469
2020-09-02T06:30:07.222097396,19.467001,-78.6704
2020-09-02T06:30:07.233922958,19.486374,-78.67084
2020-09-02T06:30:07.235830307,19.484808,-78.65983
2020-09-02T06:30:07.267873764,19.478914,-78.66804
2020-09-02T06:30:07.269781112,19.45552,-78.670006
2020-09-02T06:30:07.271688461,19.455517,-78.67
2020-09-02T06:30:07.295722007,19.472403,-78.67049
2020-09-02T06:30:07.297629356,19.471615,-78.66342
2020-09-02T06:30:07.301444053,19.455488,-78.66999
2020-09-02T06:30:07.319373130,19.45554,-78.669914
2020-09-02T06:30:07.329291343,19.482452,-78.670815
2020-09-02T06:30:07.331580162,19.490057,-78.67105
2020-09-02T06:30:07.394905090,19.469404,-78.65442
2020-09-02T06:30:07.396812438,19.501831,-78.67134
2020-09-02T06:30:07.407112121,19.4555,-78.670006
2020-09-02T06:30:07.409020423,19.472988,-78.66233
2020-09-02T06:30:07.448693275,19.455608,-78.67004
2020-09-02T06:30:07.452507972,19.467815,-78.650734
2020-09-02T06:30:07.454796791,19.482449,-78.670815
2020-09-02T06:30:07.462426185,19.455605,-78.67003
2020-09-02T06:30:07.486459732,19.47201,-78.64722
2020-09-02T06:30:07.488367080,19.502476,-78.67134
2020-09-02T06:30:07.490274429,19.535234,-78.67226
2020-09-02T06:30:07.492563247,19.50768,-78.67147
2020-09-02T06:30:07.500574111,19.487999,-78.666145
2020-09-02T06:30:07.532237052,19.48308,-78.66385
2020-09-02T06:30:07.534144401,19.48834,-78.66232
2020-09-02T06:30:07.536051750,19.51197,-78.67168
2020-09-02T06:30:07.538340568,19.513273,-78.67172
2020-09-02T06:30:07.542155265,19.494753,-78.67149
2020-09-02T06:30:07.544062614,19.535383,-78.67234
2020-09-02T06:30:07.545969963,19.504427,-78.671455
2020-09-02T06:30:07.548258781,19.488611,-78.66177
2020-09-02T06:30:07.550166130,19.513409,-78.67169
2020-09-02T06:30:07.558176994,19.492865,-78.6643
2020-09-02T06:30:07.561991691,19.52054,-78.672134
2020-09-02T06:30:07.563899040,19.515905,-78.6698
2020-09-02T06:30:07.224004745,19.534414,-78.236015
2020-09-02T06:30:07.225912094,19.534416,-78.2398
2020-09-02T06:30:07.230108261,19.534489,-78.28527
2020-09-02T06:30:07.267873764,19.53445,-78.25488
2020-09-02T06:30:07.303732872,19.534428,-78.25439
2020-09-02T06:30:07.319373130,19.534533,-78.28522
2020-09-02T06:30:07.321280479,19.534538,-78.285225
2020-09-02T06:30:07.329291343,19.534546,-78.285355
2020-09-02T06:30:07.333487510,19.53452,-78.28538
2020-09-02T06:30:07.347221374,19.534498,-78.28538
2020-09-02T06:30:07.359046936,19.53443,-78.28535
2020-09-02T06:30:07.454796791,19.534618,-78.285355
2020-09-02T06:30:07.458611488,19.534475,-78.20798
2020-09-02T06:30:07.460518836,19.534517,-78.23241
2020-09-02T06:30:07.464715003,19.534494,-78.236305
2020-09-02T06:30:07.466622352,19.512648,-78.23284
2020-09-02T06:30:07.470438003,19.534424,-78.223404
2020-09-02T06:30:07.472726821,19.534422,-78.225204
2020-09-02T06:30:07.474634170,19.534422,-78.228874
2020-09-02T06:30:07.476541519,19.53438,-78.20799
2020-09-02T06:30:07.486459732,19.534332,-78.2179
2020-09-02T06:30:07.488367080,19.534342,-78.23277
2020-09-02T06:30:07.532237052,19.534468,-78.20801
2020-09-02T06:30:07.552073478,19.534475,-78.24767
2020-09-02T06:30:07.565806388,19.49029,-78.66439
2020-09-02T06:30:07.568095207,19.534418,-78.207924
2020-09-02T06:30:07.568095207,19.455564,-78.66998
2020-09-02T06:30:07.581828117,19.534399,-78.207985
2020-09-02T06:30:07.583735466,19.534412,-78.20798
2020-09-02T06:30:07.603954315,19.455553,-78.67
2020-09-02T06:30:07.199971199,18.459589,-82.790054
2020-09-02T06:30:07.160298347,18.522732,-82.814766
2020-09-02T06:30:07.235830307,18.522705,-82.81476
2020-09-02T06:30:07.238119125,18.4511,-82.78771
2020-09-02T06:30:07.536051750,18.431442,-82.75542
2020-09-02T06:30:07.537959098,18.452906,-82.765274
2020-09-02T06:30:07.571909904,18.444035,-82.782196
2020-09-02T06:30:07.597850799,18.40657,-82.71691
2020-09-02T06:30:07.647441864,19.854975,-78.81307
2020-09-02T06:30:07.730985641,19.855509,-78.80089
2020-09-02T06:30:07.603954315,19.534407,-78.20794
2020-09-02T06:30:07.623790740,19.534443,-78.20804
2020-09-02T06:30:07.685208320,19.534403,-78.21774
2020-09-02T06:30:07.752729415,19.53441,-78.20786
2020-09-02T06:30:07.778670310,19.53443,-78.226616
2020-09-02T06:30:07.603954315,19.487352,-78.6125
2020-09-02T06:30:07.605861663,19.455551,-78.67
2020-09-02T06:30:07.645534515,19.488428,-78.656715
2020-09-02T06:30:07.647441864,19.514156,-78.6656
2020-09-02T06:30:07.649349212,19.49891,-78.66031
2020-09-02T06:30:07.651638031,19.497725,-78.67081
2020-09-02T06:30:07.653545379,19.505625,-78.67143
2020-09-02T06:30:07.655453681,19.507483,-78.67151
2020-09-02T06:30:07.657361030,19.535372,-78.67232
2020-09-02T06:30:07.721067428,19.46043,-78.635
2020-09-02T06:30:07.722974777,19.495255,-78.671455
2020-09-02T06:30:07.724882125,19.501532,-78.67216
2020-09-02T06:30:07.727170944,19.504614,-78.670425
2020-09-02T06:30:07.729078292,19.49824,-78.658745
2020-09-02T06:30:07.730985641,19.499882,-78.65705
2020-09-02T06:30:07.732892990,19.498732,-78.65979
2020-09-02T06:30:07.734800338,19.50268,-78.66003
2020-09-02T06:30:07.737089157,19.499163,-78.66885
2020-09-02T06:30:07.738996505,19.498367,-78.661896
2020-09-02T06:30:07.740903854,19.50911,-78.6624
2020-09-02T06:30:07.742811203,19.505331,-78.67136
2020-09-02T06:30:07.745100021,19.505161,-78.67134
2020-09-02T06:30:07.747007369,19.508156,-78.67141
2020-09-02T06:30:07.748914718,19.505047,-78.67131
2020-09-02T06:30:07.750822067,19.503616,-78.67126
2020-09-02T06:30:07.752729415,19.505484,-78.67133
2020-09-02T06:30:07.755018234,19.503672,-78.6713
2020-09-02T06:30:07.756925582,19.504599,-78.67135
2020-09-02T06:30:07.758832931,19.507456,-78.6631
2020-09-02T06:30:07.760740280,19.504133,-78.67137
2020-09-02T06:30:07.762647628,19.504625,-78.67138
2020-09-02T06:30:07.764936447,19.504208,-78.67136
2020-09-02T06:30:07.766843795,19.504644,-78.67136
2020-09-02T06:30:07.768751144,19.504053,-78.67133
2020-09-02T06:30:07.770658493,19.504492,-78.67134
2020-09-02T06:30:07.772565841,19.502773,-78.67129
2020-09-02T06:30:07.774854660,19.503925,-78.671326
2020-09-02T06:30:07.776762008,19.504025,-78.671326
2020-09-02T06:30:07.778670310,19.503103,-78.6713
2020-09-02T06:30:07.780577659,19.50191,-78.67127
2020-09-02T06:30:07.782866477,19.502974,-78.6713
2020-09-02T06:30:07.784773826,19.49974,-78.67122
2020-09-02T06:30:07.786681175,19.498732,-78.67119
2020-09-02T06:30:07.916001319,19.53501,-78.51734
2020-09-02T06:30:07.981615066,19.53517,-78.57408
2020-09-02T06:30:07.983522415,19.50552,-78.56903
2020-09-02T06:30:07.985429763,19.519182,-78.56831
2020-09-02T06:30:07.987337112,19.535166,-78.58626
2020-09-02T06:30:07.989244461,19.537489,-78.58904
2020-09-02T06:30:07.991533279,19.535383,-78.583176
2020-09-02T06:30:07.993440628,19.53512,-78.56831
2020-09-02T06:30:07.995347976,19.537647,-78.57752
2020-09-02T06:30:07.997255325,19.538177,-78.58096
2020-09-02T06:30:07.999544143,19.543673,-78.55534
2020-09-02T06:30:08.001451492,19.537567,-78.55349
2020-09-02T06:30:08.003358840,19.53518,-78.57329
2020-09-02T06:30:08.005266189,19.535145,-78.550026
2020-09-02T06:30:08.007173538,19.539745,-78.55538
2020-09-02T06:30:08.009462356,19.535648,-78.7496
2020-09-02T06:30:08.009462356,19.535172,-78.5458
2020-09-02T06:30:08.011369705,19.539558,-78.548355
2020-09-02T06:30:08.013277053,19.535192,-78.54645
2020-09-02T06:30:08.015184402,19.535172,-78.533424
2020-09-02T06:30:08.017091751,19.541866,-78.531975
2020-09-02T06:30:08.017091751,19.53568,-78.74959
2020-09-02T06:30:08.019380569,19.295765,-78.43363
2020-09-02T06:30:08.019380569,19.534266,-78.5598
2020-09-02T06:30:08.021287918,19.543797,-78.54728
2020-09-02T06:30:08.023195266,19.538187,-78.68787
2020-09-02T06:30:08.025102615,19.535147,-78.526855
2020-09-02T06:30:08.027392387,19.542774,-78.5319
2020-09-02T06:30:08.029299736,19.546513,-78.53316
2020-09-02T06:30:08.031207084,19.535185,-78.55954
2020-09-02T06:30:08.033114433,19.535105,-78.52893
2020-09-02T06:30:08.035021781,19.535126,-78.54415
2020-09-02T06:30:08.037310600,19.539158,-78.55969
2020-09-02T06:30:08.039217948,19.56171,-78.534
2020-09-02T06:30:08.041125297,19.560932,-78.53757
2020-09-02T06:30:08.043032646,19.53511,-78.552795
2020-09-02T06:30:08.047228813,19.539732,-78.5189
2020-09-02T06:30:08.047228813,19.535614,-78.76653
2020-09-02T06:30:08.049136161,19.535572,-78.74961
2020-09-02T06:30:08.051043510,19.535007,-78.504135
2020-09-02T06:30:08.052950859,19.535013,-78.50135
2020-09-02T06:30:08.054858207,19.535057,-78.517395
2020-09-02T06:30:08.057147026,19.535,-78.48428
2020-09-02T06:30:08.059054374,19.53508,-78.51741
2020-09-02T06:30:08.060961723,19.535042,-78.49492
2020-09-02T06:30:08.060961723,19.53563,-78.74965
2020-09-02T06:30:08.068972587,19.534939,-78.43994
2020-09-02T06:30:08.090717315,19.535204,-78.59479
2020-09-02T06:30:08.148319244,19.535572,-78.749626
2020-09-02T06:30:08.150609016,19.53558,-78.75369
2020-09-02T06:30:08.194096565,19.535223,-78.59478
2020-09-02T06:30:08.216222763,19.535246,-78.59474
2020-09-02T06:30:08.220037460,19.526499,-78.75244
2020-09-02T06:30:08.237966537,19.560259,-78.59549
2020-09-02T06:30:08.247884750,19.53521,-78.594765
2020-09-02T06:30:08.257802963,19.5352,-78.5947
2020-09-02T06:30:08.281836509,19.52668,-78.75466
2020-09-02T06:30:08.287558555,19.535547,-78.74959
2020-09-02T06:30:08.299765586,19.543863,-78.67793
2020-09-02T06:30:08.287558555,19.45593,-78.82467
2020-09-02T06:30:08.289465904,19.535612,-78.77545
2020-09-02T06:30:08.291754722,19.535614,-78.77562
2020-09-02T06:30:08.297476768,19.535622,-78.773674
2020-09-02T06:30:08.305487632,19.45595,-78.82469
2020-09-02T06:30:08.307394981,19.535618,-78.76967
2020-09-02T06:30:08.309683799,19.535625,-78.77288
2020-09-02T06:30:08.319602012,19.509968,-78.78009
2020-09-02T06:30:08.321509361,19.503454,-78.79067
2020-09-02T06:30:08.325324058,19.554035,-78.58075
2020-09-02T06:30:08.331427574,19.489105,-78.814
2020-09-02T06:30:08.333334922,19.49978,-78.79408
2020-09-02T06:30:08.345161437,19.455933,-78.82467
2020-09-02T06:30:08.347450256,19.490788,-78.810455
2020-09-02T06:30:08.349357604,19.497002,-78.80528
2020-09-02T06:30:08.351264953,19.552376,-78.57895
2020-09-02T06:30:08.357368469,19.476887,-78.81845
2020-09-02T06:30:08.359275817,19.49739,-78.802124
2020-09-02T06:30:08.361183166,19.47102,-78.81047
2020-09-02T06:30:08.363090515,19.455952,-78.82468
2020-09-02T06:30:08.488595962,19.514341,-78.78204
2020-09-02T06:30:08.490503311,19.479843,-78.814186
2020-09-02T06:30:08.498514175,19.46255,-78.82122
2020-09-02T06:30:08.500421524,19.477167,-78.80873
2020-09-02T06:30:08.502328872,19.49568,-78.795395
2020-09-02T06:30:08.504236221,19.489668,-78.80906
2020-09-02T06:30:08.506525039,19.45603,-78.82471
2020-09-02T06:30:08.508432388,19.460737,-78.81654
2020-09-02T06:30:08.510339736,19.477888,-78.80778
2020-09-02T06:30:08.512247085,19.50437,-78.7977
2020-09-02T06:30:08.518350601,19.430931,-78.82395
2020-09-02T06:30:08.520257949,19.455975,-78.824684
2020-09-02T06:30:08.522166252,19.435621,-78.81405
2020-09-02T06:30:08.524073600,19.445513,-78.81744
2020-09-02T06:30:08.526362419,19.475464,-78.80636
2020-09-02T06:30:08.536280632,19.408417,-78.8233
2020-09-02T06:30:08.538187980,19.41709,-78.82355
2020-09-02T06:30:08.561839103,19.393402,-78.82283
2020-09-02T06:30:08.597698211,19.5358,-78.82705
2020-09-02T06:30:08.603801727,19.407686,-78.823265
2020-09-02T06:30:08.695355415,19.489944,-78.79349
2020-09-02T06:30:08.697262763,19.46144,-78.81334
2020-09-02T06:30:08.751050949,19.45603,-78.82464
2020-09-02T06:30:08.752958297,19.466986,-78.81345
2020-09-02T06:30:08.760969161,19.456007,-78.82465
2020-09-02T06:30:08.814375877,19.535614,-78.788994
2020-09-02T06:30:08.816664695,19.513035,-78.795364
2020-09-02T06:30:08.818572044,19.463778,-78.82487
2020-09-02T06:30:08.820479393,19.516142,-78.79272
2020-09-02T06:30:08.822386741,19.422937,-78.82365
2020-09-02T06:30:08.862060546,19.399015,-78.82291
2020-09-02T06:30:08.879989624,19.535494,-78.777176
2020-09-02T06:30:08.882278442,19.46603,-78.81209
2020-09-02T06:30:12.005418777,18.63047,-82.33287
2020-09-02T06:30:12.007326126,18.631979,-82.333244
2020-09-02T06:30:12.009233474,18.63845,-82.34787
2020-09-02T06:30:12.011140823,18.62791,-82.34689
2020-09-02T06:30:12.013429641,18.63035,-82.31755
2020-09-02T06:30:12.079044342,18.638056,-82.33651
2020-09-02T06:30:12.088962554,18.65531,-82.34379
2020-09-02T06:30:12.090869903,18.634602,-82.33544
2020-09-02T06:30:12.116809844,18.630411,-82.349846
2020-09-02T06:30:12.122531890,18.644852,-82.354546
2020-09-02T06:30:12.128635406,18.67673,-82.35631
2020-09-02T06:30:12.134357452,18.676706,-82.35631
2020-09-02T06:30:12.154577255,18.621883,-82.30614
2020-09-02T06:30:12.156484603,18.630556,-82.30636
2020-09-02T06:30:12.158391952,18.639616,-82.30409
2020-09-02T06:30:12.160299301,18.627466,-82.283745
2020-09-02T06:30:12.162206649,18.632645,-82.3265
2020-09-02T06:30:12.164495468,18.629766,-82.30839
2020-09-02T06:30:12.166402816,18.636333,-82.28736
2020-09-02T06:30:12.215993881,18.661888,-82.35524
2020-09-02T06:30:12.217901229,18.655046,-82.3444
2020-09-02T06:30:12.220190048,18.642174,-82.31828
2020-09-02T06:30:12.227819442,18.67139,-82.3653
2020-09-02T06:30:12.230108261,18.678257,-82.364426
2020-09-02T06:30:12.232015609,18.670618,-82.35787
2020-09-02T06:30:12.233922958,18.674837,-82.358734
2020-09-02T06:30:12.235830307,18.679527,-82.3532
2020-09-02T06:30:12.237737655,18.678534,-82.35181
2020-09-02T06:30:12.240026473,18.662382,-82.344574
2020-09-02T06:30:12.241933822,18.676598,-82.34873
2020-09-02T06:30:12.248037338,18.676243,-82.30156
2020-09-02T06:30:12.249944686,18.67644,-82.33134
2020-09-02T06:30:12.251852035,18.676605,-82.35623
2020-09-02T06:30:12.273597717,18.672838,-82.30531
2020-09-02T06:30:12.275886535,18.676645,-82.35827
2020-09-02T06:30:12.277793884,18.676628,-82.35629
2020-09-02T06:30:12.279701232,18.676626,-82.35629
2020-09-02T06:30:12.281608581,18.676626,-82.356285
2020-09-02T06:30:12.315559387,18.648796,-82.354034
2020-09-02T06:30:12.317466735,18.644516,-82.34901
2020-09-02T06:30:12.319374084,18.676672,-82.356224
2020-09-02T06:30:12.323570251,18.630817,-82.33438
2020-09-02T06:30:12.325477600,18.638418,-82.33808
2020-09-02T06:30:14.269859313,18.287352,-83.266525
2020-09-02T06:30:14.277870178,18.287306,-83.26657
2020-09-02T06:30:14.333183288,18.287336,-83.26657
2020-09-02T06:30:14.339286804,18.28728,-83.266594
2020-09-02T06:30:14.388879776,18.309835,-83.29072
2020-09-02T06:30:14.391168594,18.287493,-83.29108
2020-09-02T06:30:14.422830581,18.304445,-83.2902
2020-09-02T06:30:14.456781387,18.287493,-83.29185
2020-09-02T06:30:14.546047210,18.287386,-83.26662
2020-09-02T06:30:14.557872772,18.304087,-83.28839
2020-09-02T06:30:14.563976287,18.287462,-83.2918
2020-09-02T06:30:14.579998016,18.287493,-83.29298
2020-09-02T06:30:14.639509201,18.287317,-83.26658
2020-09-02T06:30:14.659345626,18.287258,-83.26653
2020-09-02T06:30:14.685285568,18.301165,-83.29289
2020-09-02T06:30:14.816513061,18.287333,-83.26654
2020-09-02T06:30:15.838485717,18.209047,-83.33973
2020-09-02T06:30:15.872056961,18.209017,-83.33975
2020-09-02T06:30:15.955598831,18.209032,-83.33978
2020-09-02T06:30:15.957506179,18.209017,-83.33977
2020-09-02T06:30:16.083011627,18.212652,-83.33978
2020-09-02T06:30:16.084918975,18.209003,-83.339806
2020-09-02T06:30:16.086826324,18.209015,-83.33979
2020-09-02T06:30:16.088733673,18.209026,-83.33978
2020-09-02T06:30:16.106664657,18.209005,-83.339775
2020-09-02T06:30:16.194021224,18.211351,-83.33985
2020-09-02T06:30:16.196310043,18.208925,-83.33979
2020-09-02T06:30:16.198217391,18.20894,-83.33978
2020-09-02T06:30:16.219961166,18.209026,-83.33976
2020-09-02T06:30:16.221868515,18.209013,-83.33975
2020-09-02T06:30:16.226066589,18.203749,-83.33943
2020-09-02T06:30:16.252006530,18.208946,-83.339714
2020-09-02T06:30:16.253913879,18.208956,-83.339745
2020-09-02T06:30:16.287483215,18.209099,-83.33983
2020-09-02T06:30:16.289772033,18.209093,-83.33981
2020-09-02T06:30:16.333259582,18.20912,-83.33989
2020-09-02T06:30:16.351190567,18.209148,-83.33988
2020-09-02T06:30:16.398874282,18.20907,-83.339874
2020-09-02T06:30:16.411081314,18.209068,-83.33986
2020-09-02T06:30:16.412988662,18.20906,-83.33985
2020-09-02T06:30:16.426721572,18.203949,-83.33351
2020-09-02T06:30:16.428628921,18.209074,-83.3399
2020-09-02T06:30:16.430917739,18.209084,-83.33991
2020-09-02T06:30:16.448846817,18.209093,-83.33975
2020-09-02T06:30:16.466394424,18.209099,-83.33984
2020-09-02T06:30:16.528194427,18.209093,-83.33989
2020-09-02T06:30:16.530101776,18.209106,-83.339905
2020-09-02T06:30:16.540019989,18.209042,-83.33989
2020-09-02T06:30:16.559856414,18.209097,-83.33987
2020-09-02T06:30:21.047151088,19.471912,-82.496124
2020-09-02T06:30:21.049058914,19.472391,-82.49851
2020-09-02T06:30:21.068895339,19.472046,-82.5037
2020-09-02T06:30:21.070802688,19.472057,-82.50398
2020-09-02T06:30:21.072710037,19.467321,-82.50489
2020-09-02T06:30:21.090639591,19.471796,-82.47848
2020-09-02T06:30:21.112383842,19.472042,-82.516624
2020-09-02T06:30:21.146335124,19.47205,-82.50896
2020-09-02T06:30:21.168078899,19.471714,-82.47858
2020-09-02T06:30:21.223774433,19.452168,-82.48089
2020-09-02T06:30:21.226063251,19.454264,-82.49359
2020-09-02T06:30:21.227970600,19.445732,-82.48069
2020-09-02T06:30:21.229877948,19.45353,-82.482796
2020-09-02T06:30:21.233692646,19.440872,-82.47776
2020-09-02T06:30:21.281377315,19.471989,-82.51699
2020-09-02T06:30:22.478447914,19.45275,-78.7009
2020-09-02T06:30:22.484551429,19.452682,-78.66968
2020-09-02T06:30:22.502480506,19.435751,-78.704575
2020-09-02T06:30:22.581827640,19.44254,-78.70013
2020-09-02T06:30:22.583734989,19.452816,-78.707146
2020-09-02T06:30:22.599757194,19.452826,-78.70458
2020-09-02T06:30:22.714962482,19.452635,-78.66975
2020-09-02T06:30:22.738995552,19.452751,-78.70569
2020-09-02T06:30:22.755017757,19.452805,-78.7042
2020-09-02T06:30:22.621500968,18.240984,-83.28267
2020-09-02T06:30:22.657359600,18.243841,-83.26488
2020-09-02T06:30:22.719158649,18.23683,-83.28571
2020-09-02T06:30:22.768750667,18.23779,-83.28379
2020-09-02T06:30:22.770658016,18.240456,-83.26463
2020-09-02T06:30:22.776761531,18.241903,-83.264786
2020-09-02T06:30:22.786680221,18.241018,-83.26475
2020-09-02T06:30:22.921722412,18.239422,-83.26462
2020-09-02T06:30:23.144504547,18.24091,-83.290245
2020-09-02T06:30:23.744946479,18.440632,-82.7729
2020-09-02T06:30:23.746853828,18.440647,-82.773384
2020-09-02T06:30:23.748761177,18.440626,-82.76893
2020-09-02T06:30:23.983368873,18.448824,-82.76979
2020-09-02T06:30:23.985276222,18.44068,-82.76644
2020-09-02T06:30:24.027238845,18.44067,-82.76659
2020-09-02T06:30:24.045167922,18.44071,-82.77425
2020-09-02T06:30:24.047075271,18.440739,-82.77645
2020-09-02T06:30:24.066912651,18.4407,-82.77154
2020-09-02T06:30:24.110781669,18.440714,-82.76851
2020-09-02T06:30:24.114596366,18.42048,-82.76422
2020-09-02T06:30:24.126803398,18.440746,-82.773155
2020-09-02T06:30:24.164569854,18.44082,-82.77614
2020-09-02T06:30:24.528116226,19.531885,-78.207405
2020-09-02T06:30:24.532312393,19.531872,-78.20741
2020-09-02T06:30:24.534219741,19.531904,-78.22348
2020-09-02T06:30:24.536127090,19.53191,-78.22627
2020-09-02T06:30:24.538034439,19.531921,-78.23172
2020-09-02T06:30:24.565882682,19.520954,-78.233154
2020-09-02T06:30:24.593729972,19.531921,-78.20742
2020-09-02T06:30:24.599833488,19.531935,-78.20742
2020-09-02T06:30:24.637599945,19.522314,-78.243744
2020-09-02T06:30:24.639507293,19.532005,-78.207375
2020-09-02T06:30:24.699398994,19.532099,-78.2265
2020-09-02T06:30:24.701306343,19.532082,-78.207436
2020-09-02T06:30:24.703213691,19.517939,-78.22721
2020-09-02T06:30:24.705121040,19.514912,-78.22321
2020-09-02T06:30:24.707028388,19.522247,-78.22599
2020-09-02T06:30:24.715039253,19.504969,-78.22324
2020-09-02T06:30:24.723050117,19.504688,-78.20674
2020-09-02T06:30:24.747083663,19.488033,-78.213036
2020-09-02T06:30:24.824522972,19.517502,-78.2353
2020-09-02T06:30:24.844359397,19.492828,-78.21045
2020-09-02T06:30:24.846266746,19.496033,-78.22629
2020-09-02T06:30:24.929809570,19.513172,-78.224815
2020-09-02T06:30:24.931716918,19.452257,-78.20541
2020-09-02T06:30:24.951554298,19.532011,-78.20737
2020-09-02T06:30:24.973679542,19.532001,-78.20734
2020-09-02T06:30:25.019456863,19.518845,-78.22126
2020-09-02T06:30:25.051118850,19.532106,-78.20732
2020-09-02T06:30:24.925994873,19.453186,-78.6694
2020-09-02T06:30:24.927902221,19.47335,-78.66998
2020-09-02T06:30:24.929809570,19.453207,-78.669426
2020-09-02T06:30:24.931716918,19.466764,-78.66313
2020-09-02T06:30:24.933625221,19.45319,-78.66945
2020-09-02T06:30:24.935914039,19.46101,-78.66044
2020-09-02T06:30:24.939728736,19.453148,-78.66948
2020-09-02T06:30:24.947739601,19.453156,-78.66943
2020-09-02T06:30:24.949646949,19.45316,-78.66942
2020-09-02T06:30:24.963761329,19.453096,-78.6517
2020-09-02T06:30:24.969483375,19.453074,-78.649506
2020-09-02T06:30:24.977494239,19.46067,-78.645386
2020-09-02T06:30:24.979401588,19.45322,-78.669395
2020-09-02T06:30:24.981690406,19.453056,-78.592026
2020-09-02T06:30:24.983597755,19.453169,-78.64068
2020-09-02T06:30:25.017168045,19.463959,-78.62815
2020-09-02T06:30:25.019456863,19.467316,-78.64633
2020-09-02T06:30:25.033189773,19.453087,-78.59197
2020-09-02T06:30:25.035097122,19.467495,-78.63494
2020-09-02T06:30:25.049211502,19.465878,-78.63319
2020-09-02T06:30:25.051118850,19.453255,-78.66937
2020-09-02T06:30:25.054933547,19.461521,-78.62722
2020-09-02T06:30:25.096896171,19.453255,-78.66934
2020-09-02T06:30:25.124744415,19.453228,-78.66933
2020-09-02T06:30:25.164417266,19.465582,-78.654106
2020-09-02T06:30:25.166324615,19.46776,-78.636856
2020-09-02T06:30:25.170520782,19.45324,-78.66943
2020-09-02T06:30:25.172428131,19.47131,-78.620026
2020-09-02T06:30:25.174335479,19.465586,-78.62919
2020-09-02T06:30:25.176242828,19.468111,-78.635994
2020-09-02T06:30:25.180439949,19.46274,-78.65874
2020-09-02T06:30:25.182347297,19.460953,-78.61311
2020-09-02T06:30:25.184254646,19.464449,-78.6272
2020-09-02T06:30:25.236134529,19.473663,-78.652885
2020-09-02T06:30:25.277715682,19.467264,-78.63463
2020-09-02T06:30:25.279623031,19.469334,-78.64249
2020-09-02T06:30:25.307471275,19.466822,-78.62813
2020-09-02T06:30:25.317389488,19.43076,-78.61633
2020-09-02T06:30:25.339514732,19.466312,-78.65046
2020-09-02T06:30:25.341422080,19.466326,-78.62799
2020-09-02T06:30:25.363165855,19.464966,-78.635376
2020-09-02T06:30:25.365073204,19.469452,-78.62544
2020-09-02T06:30:25.374992370,19.463858,-78.61172
2020-09-02T06:30:25.377281188,19.467371,-78.62908
2020-09-02T06:30:25.379188537,19.467434,-78.63199
2020-09-02T06:30:25.381095886,19.453318,-78.63535
2020-09-02T06:30:25.383003234,19.453218,-78.59187
2020-09-02T06:30:25.387199401,19.453396,-78.66922
2020-09-02T06:30:25.389106750,19.453218,-78.59185
2020-09-02T06:30:25.391014099,19.46036,-78.59945
2020-09-02T06:30:25.392921447,19.467901,-78.645935
2020-09-02T06:30:25.399024963,19.453197,-78.59189
2020-09-02T06:30:25.412757873,19.453234,-78.59192
2020-09-02T06:30:25.418861389,19.45321,-78.59186
2020-09-02T06:30:25.852217674,18.28714,-83.26678
2020-09-02T06:30:25.945679664,18.310213,-83.27731
2020-09-02T06:30:26.007478713,18.287127,-83.266685
2020-09-02T06:30:26.039140701,18.304674,-83.28217
2020-09-02T06:30:26.045244216,18.304663,-83.28092
2020-09-02T06:30:26.108570098,18.287209,-83.266655
2020-09-02T06:30:28.337532043,19.45404,-78.69992
2020-09-02T06:30:28.339439392,19.453957,-78.66885
2020-09-02T06:30:28.355461120,19.454039,-78.69775
2020-09-02T06:30:28.357368469,19.454031,-78.69957
2020-09-02T06:30:28.400856971,19.471924,-78.69646
2020-09-02T06:30:28.405053138,19.45398,-78.668884
2020-09-02T06:30:28.488595962,19.454071,-78.70869
2020-09-02T06:30:28.498514175,19.47999,-78.70769
2020-09-02T06:30:28.510339736,19.454067,-78.70294
2020-09-02T06:30:28.534373283,19.454035,-78.7042
2020-09-02T06:30:28.613719940,19.454042,-78.70679
2020-09-02T06:30:28.728925704,19.454037,-78.70967
2020-09-02T06:30:28.943696022,18.61558,-82.37308
2020-09-02T06:30:28.945603370,18.597029,-82.351845
2020-09-02T06:30:28.947510719,18.597057,-82.35184
2020-09-02T06:30:28.949799537,18.597084,-82.35183
2020-09-02T06:30:28.957811355,18.59703,-82.35186
2020-09-02T06:30:28.959718704,18.597012,-82.35187
2020-09-02T06:30:28.965440750,18.597006,-82.351906
2020-09-02T06:30:29.015413284,18.615343,-82.3529
2020-09-02T06:30:29.116504669,18.596983,-82.35191
2020-09-02T06:30:29.206151962,18.616978,-82.361244
2020-09-02T06:30:29.224081039,18.61294,-82.35882
2020-09-02T06:30:30.263983726,18.44176,-82.809654
2020-09-02T06:30:30.265891075,18.419577,-82.7868
2020-09-02T06:30:30.277716636,18.426218,-82.810104
2020-09-02T06:30:30.279623985,18.413645,-82.80559
2020-09-02T06:30:30.289542198,18.42306,-82.81379
2020-09-02T06:30:30.291831016,18.430876,-82.81711
2020-09-02T06:30:30.333412170,18.414402,-82.81792
2020-09-02T06:30:30.830474853,18.287556,-83.315605
2020-09-02T06:30:35.748840332,18.171515,-83.38451
2020-09-02T06:30:35.750747680,18.168312,-83.38198
2020-09-02T06:30:35.753036499,18.171219,-83.382774
2020-09-02T06:30:35.754943847,18.130617,-83.37165
2020-09-02T06:30:35.756851196,18.16407,-83.37827
2020-09-02T06:30:35.772872924,18.159416,-83.37681
2020-09-02T06:30:35.909822463,18.158302,-83.37662
2020-09-02T06:30:35.912111282,18.16135,-83.37953
2020-09-02T06:30:35.927751541,18.16619,-83.37919
2020-09-02T06:30:35.939577102,18.157528,-83.386566
2020-09-02T06:30:35.953691482,18.153557,-83.3697
2020-09-02T06:30:35.955598831,18.157099,-83.37171
2020-09-02T06:30:35.957506179,18.153652,-83.369
2020-09-02T06:30:35.959794998,18.130432,-83.36388
2020-09-02T06:30:35.961702346,18.130194,-83.3352
2020-09-02T06:30:35.963609695,18.130196,-83.3352
2020-09-02T06:30:35.965517044,18.130327,-83.351616
2020-09-02T06:30:35.967424392,18.147587,-83.36433
2020-09-02T06:30:36.091022491,18.153934,-83.3683
2020-09-02T06:30:36.229881286,19.453876,-78.61595
2020-09-02T06:30:36.234077453,19.453905,-78.61374
2020-09-02T06:30:36.245903015,19.45385,-78.59181
2020-09-02T06:30:36.269935607,19.453888,-78.59167
2020-09-02T06:30:36.307701110,19.453814,-78.61474
2020-09-02T06:30:36.309608459,19.45374,-78.59163
2020-09-02T06:30:36.329444885,19.453876,-78.61979
2020-09-02T06:30:36.333259582,19.453856,-78.61865
2020-09-02T06:30:36.335548400,19.453836,-78.61682
2020-09-02T06:30:36.345466613,19.453796,-78.5917
2020-09-02T06:30:36.434732437,19.45392,-78.62748
2020-09-02T06:30:36.438928604,19.453917,-78.62441
2020-09-02T06:30:36.440835952,19.453917,-78.62358
2020-09-02T06:30:36.442743301,19.453842,-78.591705
2020-09-02T06:30:36.444650650,19.458366,-78.61938
2020-09-02T06:30:36.446557998,19.453907,-78.6218
2020-09-02T06:30:36.450754165,19.449772,-78.614586
2020-09-02T06:30:36.452661514,19.453833,-78.59166
2020-09-02T06:30:36.466775894,19.45389,-78.61948
2020-09-02T06:30:36.516368865,19.453886,-78.61873
2020-09-02T06:30:36.518276214,19.453901,-78.627556
2020-09-02T06:30:36.554134368,19.453854,-78.61725
2020-09-02T06:30:36.556041717,19.453852,-78.618324
2020-09-02T06:30:36.613645553,19.4584,-78.61741
2020-09-02T06:30:36.615552902,19.453783,-78.591736
2020-09-02T06:30:36.629667282,19.453896,-78.62118
2020-09-02T06:30:36.681165695,19.45375,-78.591675
2020-09-02T06:30:36.683454513,19.461248,-78.61668
2020-09-02T06:30:36.697187423,19.45378,-78.59176
2020-09-02T06:30:36.699094772,19.453835,-78.6171
2020-09-02T06:30:38.245979309,18.40948,-82.77003
2020-09-02T06:30:38.311592102,18.442118,-82.80925
2020-09-02T06:30:38.313499450,18.427748,-82.76547
2020-09-02T06:30:38.389032363,18.428698,-82.76501
2020-09-02T06:30:38.390939712,18.414663,-82.728874
2020-09-02T06:30:38.494319915,18.429604,-82.76107
2020-09-02T06:30:38.496608734,18.427074,-82.75862
2020-09-02T06:30:38.569850921,18.405931,-82.77176
2020-09-02T06:30:38.572139739,18.433386,-82.751625
2020-09-02T06:30:38.623640060,18.362562,-82.72711
2020-09-02T06:30:38.623640060,18.52106,-82.77394
2020-09-02T06:30:38.625547409,18.397728,-82.76338
2020-09-02T06:30:37.788589477,18.28758,-83.26663
2020-09-02T06:30:37.929735183,18.310291,-83.28374
2020-09-02T06:30:37.931642532,18.30786,-83.289734
2020-09-02T06:30:37.933931350,18.28755,-83.26661
2020-09-02T06:30:38.055240631,18.307137,-83.28011
2020-09-02T06:30:38.057147979,18.287546,-83.266594
2020-09-02T06:30:38.100637435,18.287508,-83.26661
2020-09-02T06:30:38.102926254,18.28752,-83.2666
2020-09-02T06:30:38.104833602,18.301613,-83.27568
2020-09-02T06:30:38.106740951,18.30515,-83.27616
2020-09-02T06:30:38.108648300,18.287554,-83.26658
2020-09-02T06:30:38.210121154,18.308731,-83.27518
2020-09-02T06:30:38.212028503,18.287642,-83.26658
2020-09-02T06:30:38.213935852,18.287647,-83.26659
2020-09-02T06:30:38.263908386,18.302847,-83.26749
2020-09-02T06:30:38.275733947,18.287558,-83.26665
2020-09-02T06:30:38.319602966,18.287582,-83.26658
2020-09-02T06:30:38.382928848,18.209044,-83.32079
2020-09-02T06:30:38.385217666,18.20918,-83.33971
2020-09-02T06:30:38.440912246,18.209238,-83.339714
2020-09-02T06:30:38.474483489,18.209066,-83.31921
2020-09-02T06:30:38.508434295,18.209223,-83.33967
2020-09-02T06:30:38.534374237,18.20921,-83.33971
2020-09-02T06:30:38.540096282,18.209236,-83.339745
2020-09-02T06:30:38.554210662,18.20919,-83.339645
2020-09-02T06:30:38.556118011,18.209208,-83.33965
2020-09-02T06:30:38.593885421,18.209307,-83.33967
2020-09-02T06:30:38.595792770,18.20914,-83.32247
2020-09-02T06:30:38.635465621,18.209263,-83.33966
2020-09-02T06:30:38.637754440,18.20917,-83.32493
2020-09-02T06:30:38.643476486,18.209078,-83.311195
2020-09-02T06:30:38.661405563,18.209274,-83.33965
2020-09-02T06:30:38.689252853,18.209263,-83.3396
2020-09-02T06:30:38.691160202,18.209259,-83.3396
2020-09-02T06:30:38.766693115,18.209112,-83.32284
2020-09-02T06:30:38.768600463,18.209234,-83.33964
2020-09-02T06:30:38.669416427,19.454105,-78.668846
2020-09-02T06:30:38.677427291,19.471947,-78.66935
2020-09-02T06:30:38.681241989,19.454132,-78.668846
2020-09-02T06:30:38.685438156,19.454105,-78.668846
2020-09-02T06:30:38.699171066,19.465631,-78.65866
2020-09-02T06:30:38.701080322,19.47375,-78.66938
2020-09-02T06:30:38.715194702,19.467604,-78.65834
2020-09-02T06:30:38.731216430,19.466404,-78.66919
2020-09-02T06:30:38.736938476,19.454153,-78.66893
2020-09-02T06:30:38.746856689,19.464231,-78.66158
2020-09-02T06:30:38.762878417,19.454082,-78.668846
2020-09-02T06:30:38.764785766,19.46521,-78.66321
2020-09-02T06:30:38.782714843,19.45407,-78.66883
2020-09-02T06:30:38.840318679,19.464733,-78.66217
2020-09-02T06:30:39.579996110,19.53443,-78.748695
2020-09-02T06:30:39.581903458,19.534409,-78.73695
2020-09-02T06:30:39.583810807,19.534433,-78.740074
2020-09-02T06:30:39.585718155,19.53445,-78.74091
2020-09-02T06:30:39.588006974,19.528242,-78.74179
2020-09-02T06:30:39.599833012,19.524708,-78.74833
2020-09-02T06:30:39.601740361,19.527254,-78.7467
2020-09-02T06:30:39.615854741,19.534513,-78.74866
2020-09-02T06:30:39.621576787,19.534512,-78.74865
2020-09-02T06:30:39.623484135,19.534481,-78.74864
2020-09-02T06:30:39.629588128,19.53439,-78.74861
2020-09-02T06:30:39.663539410,19.534527,-78.74863
2020-09-02T06:30:39.671550274,19.534452,-78.74864
2020-09-02T06:30:39.673457623,19.525028,-78.741425
2020-09-02T06:30:39.683375836,19.534433,-78.748566
2020-09-02T06:30:39.685283185,19.534449,-78.7486
2020-09-02T06:30:39.689098359,19.534481,-78.74865
2020-09-02T06:30:39.705120087,19.498705,-78.753944
2020-09-02T06:30:39.707027436,19.51797,-78.74807
2020-09-02T06:30:39.716945649,19.504,-78.75618
2020-09-02T06:30:39.719234944,19.495554,-78.761215
2020-09-02T06:30:39.721142293,19.49835,-78.75955
2020-09-02T06:30:39.729153157,19.493711,-78.7666
2020-09-02T06:30:39.731060505,19.484293,-78.7793
2020-09-02T06:30:39.852369786,19.534643,-78.82606
2020-09-02T06:30:39.872206212,19.534601,-78.78814
2020-09-02T06:30:39.874114037,19.534597,-78.78808
2020-09-02T06:30:39.876021386,19.547144,-78.78257
2020-09-02T06:30:39.876021386,19.693594,-78.4433
2020-09-02T06:30:39.877928734,19.56686,-78.77878
2020-09-02T06:30:39.949645997,19.534487,-78.74865
2020-09-02T06:30:39.991608143,19.4983,-78.758
2020-09-02T06:30:39.993515492,19.492905,-78.76479
2020-09-02T06:30:39.995422841,19.490562,-78.7901
2020-09-02T06:30:39.997330666,19.499022,-78.76841
2020-09-02T06:30:40.001526832,19.48983,-78.7701
2020-09-02T06:30:40.003434181,19.501862,-78.77941
2020-09-02T06:30:40.013352394,19.471771,-78.789185
2020-09-02T06:30:40.015259742,19.505865,-78.771255
2020-09-02T06:30:40.031281948,19.480286,-78.78628
2020-09-02T06:30:40.033189296,19.516233,-78.77944
2020-09-02T06:30:40.035096645,19.486317,-78.78864
2020-09-02T06:30:40.039292812,19.480412,-78.80754
2020-09-02T06:30:40.043107509,19.489668,-78.77889
2020-09-02T06:30:40.061037063,19.534634,-78.826004
2020-09-02T06:30:40.064851760,19.45485,-78.82369
2020-09-02T06:30:44.661251068,19.344032,-82.131386
2020-09-02T06:30:44.663158416,19.351137,-82.159584
2020-09-02T06:30:44.669261932,19.338142,-82.128105
2020-09-02T06:30:44.671169281,19.311287,-82.157394
2020-09-02T06:30:44.681087493,19.342415,-82.11404
2020-09-02T06:30:44.683376312,19.339458,-82.11904
2020-09-02T06:30:44.691006660,19.349564,-82.12208
2020-09-02T06:30:44.697110176,19.31076,-82.07939
2020-09-02T06:30:44.699017524,19.344372,-82.10937
2020-09-02T06:30:44.705121040,19.310732,-82.079384
2020-09-02T06:30:44.707028388,19.331966,-82.10098
2020-09-02T06:30:44.731060981,19.3372,-82.08084
2020-09-02T06:30:44.732968330,19.310728,-82.07942
2020-09-02T06:30:44.748991012,19.334827,-82.10552
2020-09-02T06:30:44.754713058,19.336315,-82.0808
2020-09-02T06:30:44.756620407,19.348171,-82.11241
2020-09-02T06:30:44.770734786,19.31074,-82.079445
2020-09-02T06:30:44.772642135,19.337215,-82.09706
2020-09-02T06:30:44.780652999,19.327742,-82.09055
2020-09-02T06:30:44.782560348,19.328598,-82.09614
2020-09-02T06:30:45.737012863,19.487314,-78.24146
2020-09-02T06:30:45.738920211,19.474937,-78.23936
2020-09-02T06:30:45.748838424,19.483149,-78.24259
2020-09-02T06:30:45.756849288,19.532965,-78.20773
2020-09-02T06:30:45.761045455,19.487478,-78.24517
2020-09-02T06:30:45.768674850,19.504335,-78.24634
2020-09-02T06:30:45.772871017,19.486174,-78.249504
2020-09-02T06:30:45.774778366,19.488556,-78.249916
2020-09-02T06:30:45.802626609,19.514551,-78.248634
2020-09-02T06:30:45.808730125,19.490065,-78.250565
2020-09-02T06:30:45.820555686,19.533072,-78.26571
2020-09-02T06:30:45.872055053,19.502466,-78.24328
2020-09-02T06:30:45.981537818,19.532955,-78.20769
2020-09-02T06:30:45.983445167,19.49478,-78.24799
2020-09-02T06:30:45.665294647,18.754757,-82.2056
2020-09-02T06:30:45.667583465,18.735992,-82.21319
2020-09-02T06:30:45.669490814,18.743187,-82.2132
2020-09-02T06:30:45.687420845,18.742481,-82.22366
2020-09-02T06:30:45.729001045,18.75474,-82.20563
2020-09-02T06:30:45.740827560,18.754858,-82.229744
2020-09-02T06:30:45.760663986,18.754631,-82.20562
2020-09-02T06:30:45.782789230,18.754688,-82.20567
2020-09-02T06:30:45.784696578,18.754854,-82.22935
2020-09-02T06:30:45.786603927,18.754694,-82.20564
2020-09-02T06:30:45.788511276,18.734991,-82.231285
2020-09-02T06:30:45.790800094,18.754702,-82.205605
2020-09-02T06:30:45.794614791,18.718916,-82.2332
2020-09-02T06:30:45.796522140,18.713387,-82.230095
2020-09-02T06:30:45.836195945,18.75469,-82.205696
2020-09-02T06:30:45.881973266,18.754595,-82.205696
2020-09-02T06:30:45.957505226,18.713268,-82.227066
2020-09-02T06:30:45.959794044,18.703978,-82.22019
2020-09-02T06:30:45.967423439,18.712217,-82.22509
2020-09-02T06:30:45.973526954,18.72742,-82.232994
2020-09-02T06:30:46.035326004,18.705992,-82.22736
2020-09-02T06:30:46.050967216,18.723734,-82.235306
2020-09-02T06:30:46.106661796,18.701153,-82.227875
2020-09-02T06:30:46.718930244,19.472832,-82.47903
2020-09-02T06:30:46.733045578,19.457815,-82.47815
2020-09-02T06:30:46.776533126,19.472797,-82.479004
2020-09-02T06:30:46.915772438,19.454008,-78.669876
2020-09-02T06:30:46.919968605,19.453999,-78.66987
2020-09-02T06:30:46.923783302,19.453999,-78.66988
2020-09-02T06:30:46.927979469,19.454,-78.6699
2020-09-02T06:30:46.975664138,19.454042,-78.66985
2020-09-02T06:30:47.033266067,19.468071,-78.67501
2020-09-02T06:30:47.061114311,19.471058,-78.67036
2020-09-02T06:30:47.064929008,19.454107,-78.66987
2020-09-02T06:30:47.067217826,19.454105,-78.66987
2020-09-02T06:30:47.074847221,19.461071,-78.673416
2020-09-02T06:30:47.077136039,19.454046,-78.66982
2020-09-02T06:30:47.096972465,19.464497,-78.67021
2020-09-02T06:30:47.118717193,19.465767,-78.67455
2020-09-02T06:30:47.138553619,19.454136,-78.6699
2020-09-02T06:30:47.200352668,19.469957,-78.67039
2020-09-02T06:30:47.204167366,19.47021,-78.67037
2020-09-02T06:30:47.214085578,19.480263,-78.67064
2020-09-02T06:30:47.218281745,19.474422,-78.6705
2020-09-02T06:30:47.224004745,19.473986,-78.6705
2020-09-02T06:30:47.233922958,19.475021,-78.6705
2020-09-02T06:30:47.259862899,19.454065,-78.66985
2020-09-02T06:30:47.261770248,19.45407,-78.66986
2020-09-02T06:30:48.073168754,19.454334,-78.715385
2020-09-02T06:30:48.076983451,19.45434,-78.72933
2020-09-02T06:30:48.078890800,19.460226,-78.73052
2020-09-02T06:30:48.080798149,19.454313,-78.729065
2020-09-02T06:30:48.096820831,19.45435,-78.73582
2020-09-02T06:30:48.106739044,19.454401,-78.74721
2020-09-02T06:30:48.108646392,19.45441,-78.74722
2020-09-02T06:30:48.126575469,19.454344,-78.7348
2020-09-02T06:30:48.128482818,19.46665,-78.73169
2020-09-02T06:30:48.160527229,19.454382,-78.74721
2020-09-02T06:30:48.216222763,19.454443,-78.747246
2020-09-02T06:30:48.218130111,19.454468,-78.747246
2020-09-02T06:30:48.275732994,19.454296,-78.69706
2020-09-02T06:30:49.724958419,19.534212,-78.59452
2020-09-02T06:30:49.731061935,19.534212,-78.5945
2020-09-02T06:30:49.732969284,19.534208,-78.59451
2020-09-02T06:30:49.734876632,19.534206,-78.59452
2020-09-02T06:30:49.737165451,19.534203,-78.594536
2020-09-02T06:30:49.760817527,19.534204,-78.59455
2020-09-02T06:30:49.778746604,19.53415,-78.594604
2020-09-02T06:30:49.790572166,19.534184,-78.573
2020-09-02T06:30:49.812697410,19.534275,-78.59451
2020-09-02T06:30:49.814604759,19.534271,-78.59452
2020-09-02T06:30:49.820326805,19.53423,-78.58199
2020-09-02T06:30:49.822616577,19.534264,-78.59455
2020-09-02T06:30:49.834442138,19.534285,-78.594574
2020-09-02T06:30:49.852371215,19.534117,-78.55848
2020-09-02T06:30:49.854278564,19.534197,-78.59452
2020-09-02T06:30:49.856185913,19.534195,-78.59448
2020-09-02T06:30:49.858474731,19.534193,-78.59445
2020-09-02T06:30:49.860382080,19.534191,-78.59442
2020-09-02T06:30:49.862289428,19.534199,-78.59441
2020-09-02T06:30:49.866104125,19.53422,-78.59442
2020-09-02T06:30:49.868392944,19.53681,-78.588974
2020-09-02T06:30:49.872207641,19.534235,-78.59444
2020-09-02T06:30:49.874114990,19.534225,-78.594444
2020-09-02T06:30:49.876022338,19.534218,-78.59445
2020-09-02T06:30:49.885941505,19.534204,-78.5945
2020-09-02T06:30:49.901963233,19.536448,-78.59408
2020-09-02T06:30:49.903870582,19.534277,-78.59448
2020-09-02T06:30:49.909974098,19.522898,-78.59416
2020-09-02T06:30:49.911881446,19.534296,-78.594475
2020-09-02T06:30:49.913788795,19.534273,-78.594475
2020-09-02T06:30:49.937821388,19.534199,-78.57849
2020-09-02T06:30:49.957658767,19.525347,-78.59431
2020-09-02T06:30:49.959566116,19.53429,-78.59457
2020-09-02T06:30:49.961473464,19.534292,-78.59456
2020-09-02T06:30:49.971773147,19.51838,-78.594
2020-09-02T06:30:49.995424270,19.507242,-78.593666
2020-09-02T06:30:50.013354301,19.49188,-78.59528
2020-09-02T06:30:50.015261650,19.531412,-78.593124
2020-09-02T06:30:50.017168998,19.534264,-78.59446
2020-09-02T06:30:50.019457817,19.496393,-78.59341
2020-09-02T06:30:50.025179862,19.534248,-78.594406
2020-09-02T06:30:50.027468681,19.454433,-78.59218
2020-09-02T06:30:50.029376029,19.454428,-78.592155
2020-09-02T06:30:50.057223320,19.534256,-78.583176
2020-09-02T06:30:50.062945365,19.534286,-78.59438
2020-09-02T06:30:50.064852714,19.534279,-78.594406
2020-09-02T06:30:50.067141532,19.534225,-78.573044
2020-09-02T06:30:50.069049835,19.534266,-78.59446
2020-09-02T06:30:50.124744415,19.53763,-78.579056
2020-09-02T06:30:50.126651763,19.534285,-78.576614
2020-09-02T06:30:50.136570930,19.534233,-78.56993
2020-09-02T06:30:50.138478279,19.53422,-78.56721
2020-09-02T06:30:50.140767097,19.534237,-78.579544
2020-09-02T06:30:50.142674446,19.534084,-78.51713
2020-09-02T06:30:50.144581794,19.534193,-78.57273
2020-09-02T06:30:50.148396492,19.534138,-78.561386
2020-09-02T06:30:50.150685310,19.536118,-78.57261
2020-09-02T06:30:50.152592658,19.536444,-78.5611
2020-09-02T06:30:50.154500007,19.534193,-78.56657
2020-09-02T06:30:50.156407356,19.534155,-78.53441
2020-09-02T06:30:50.158314704,19.536386,-78.55829
2020-09-02T06:30:50.160603523,19.534245,-78.54692
2020-09-02T06:30:50.162510871,19.537521,-78.56034
2020-09-02T06:30:50.164418220,19.534275,-78.55982
2020-09-02T06:30:50.166325569,19.544416,-78.5341
2020-09-02T06:30:50.168232917,19.53699,-78.5631
2020-09-02T06:30:50.170521736,19.548466,-78.53833
2020-09-02T06:30:50.172429084,19.545633,-78.54967
2020-09-02T06:30:50.174336433,19.543388,-78.553505
2020-09-02T06:30:50.176243782,19.55581,-78.535324
2020-09-02T06:30:50.178532600,19.549318,-78.54849
2020-09-02T06:30:50.180439949,19.559315,-78.53709
2020-09-02T06:30:50.182347297,19.544147,-78.556076
2020-09-02T06:30:50.184254646,19.563095,-78.54148
2020-09-02T06:30:50.186161994,19.581102,-78.53205
2020-09-02T06:30:50.188450813,19.55895,-78.5461
2020-09-02T06:30:50.190358161,19.614,-78.51923
2020-09-02T06:30:50.192266464,19.599806,-78.518845
2020-09-02T06:30:50.194173812,19.534306,-78.59445
2020-09-02T06:30:50.204092025,19.614027,-78.519226
2020-09-02T06:30:50.208288192,19.614046,-78.51923
2020-09-02T06:30:50.214010238,19.614048,-78.51925
2020-09-02T06:30:50.231939315,19.613958,-78.51921
2020-09-02T06:30:50.239950180,19.596077,-78.51877
2020-09-02T06:30:50.265891075,19.569988,-78.51807
2020-09-02T06:30:52.325477600,18.408144,-83.18943
2020-09-02T06:30:52.327384948,18.39136,-83.22528
2020-09-02T06:30:52.957582473,18.413115,-83.244
2020-09-02T06:30:52.959489822,18.394764,-83.214966
2020-09-02T06:30:52.961778640,18.382324,-83.22222
2020-09-02T06:30:53.027393341,18.321674,-83.322136
2020-09-02T06:30:53.152517318,18.408716,-83.187386
2020-09-02T06:30:53.154424667,18.41096,-83.25692
2020-09-02T06:30:53.156332015,18.400913,-83.23622
2020-09-02T06:30:53.158620834,18.32839,-83.22988
2020-09-02T06:30:55.383005142,19.45361,-78.67012
2020-09-02T06:30:55.387201309,19.453629,-78.670166
2020-09-02T06:30:55.400934219,19.453718,-78.67018
2020-09-02T06:30:55.466547012,19.453608,-78.67011
2020-09-02T06:30:55.530254364,19.453695,-78.67014
2020-09-02T06:30:55.599681854,19.468105,-78.66063
2020-09-02T06:30:55.601970672,19.453587,-78.67011
2020-09-02T06:30:55.617612838,19.453598,-78.67012
2020-09-02T06:30:55.633634567,19.45359,-78.67013
2020-09-02T06:30:55.639738082,19.453608,-78.67014
2020-09-02T06:30:55.647748947,19.453686,-78.67014
2020-09-02T06:30:55.661481857,19.465548,-78.65764
2020-09-02T06:30:55.679410934,19.464615,-78.65911
2020-09-02T06:30:57.832458496,18.240768,-83.051636
2020-09-02T06:30:56.502254486,18.287514,-83.309525
2020-09-02T06:30:56.504543304,18.287521,-83.30989
2020-09-02T06:30:56.699094772,18.287512,-83.30269
2020-09-02T06:30:56.764709472,18.287165,-83.26756
2020-09-02T06:30:56.778823852,18.287472,-83.30552
2020-09-02T06:30:56.858171463,18.287516,-83.303535
2020-09-02T06:30:56.868089675,18.287523,-83.30022
2020-09-02T06:30:56.884111404,18.287472,-83.30111
2020-09-02T06:30:56.910051345,18.287558,-83.30173
2020-09-02T06:30:56.941713333,18.29756,-83.30071
2020-09-02T06:30:56.959642410,18.287554,-83.30387
2020-09-02T06:30:57.015338897,18.287458,-83.30435
2020-09-02T06:30:57.182424545,18.26957,-83.07581
2020-09-02T06:30:57.263679504,18.219397,-83.05175
2020-09-02T06:30:57.303733825,18.239393,-83.0593
2020-09-02T06:30:57.341501235,18.285915,-83.11204
2020-09-02T06:30:57.341501235,18.12743,-83.02529
2020-09-02T06:30:57.343408584,18.275095,-83.077835
2020-09-02T06:30:57.375070571,18.26403,-83.071686
2020-09-02T06:30:57.498287200,18.24974,-83.04286
2020-09-02T06:30:57.534145355,18.216347,-83.0708
2020-09-02T06:30:57.536052703,18.227043,-83.05213
2020-09-02T06:30:57.538341522,18.127815,-83.06031
2020-09-02T06:30:57.834365844,18.24032,-83.02756
2020-09-02T06:30:57.836275100,18.231932,-83.039635
2020-09-02T06:30:58.065158843,18.24187,-83.01683
2020-09-02T06:30:58.065158843,18.046526,-82.710724
2020-09-02T06:30:58.067066192,18.262169,-83.04489
2020-09-02T06:30:58.068973541,18.206558,-83.029816
2020-09-02T06:30:58.073169708,18.283443,-83.00607
2020-09-02T06:30:58.174261093,18.338253,-82.9388
2020-09-02T06:30:58.176549911,18.245476,-83.04563
2020-09-02T06:31:00.907912731,19.532627,-78.26874
2020-09-02T06:31:00.915923595,19.53264,-78.28504
2020-09-02T06:31:00.917830944,19.532593,-78.26834
2020-09-02T06:31:00.925842285,19.53261,-78.28505
2020-09-02T06:31:00.927749633,19.532614,-78.28506
2020-09-02T06:31:00.933853149,19.532578,-78.268974
2020-09-02T06:31:00.935760498,19.532597,-78.28503
2020-09-02T06:31:00.983444690,19.532488,-78.273415
2020-09-02T06:31:00.991456031,19.532507,-78.2851
2020-09-02T06:31:00.997559547,19.53255,-78.285065
2020-09-02T06:31:00.999466896,19.532534,-78.2678
2020-09-02T06:31:01.025407314,19.53254,-78.285
2020-09-02T06:31:01.027314662,19.520668,-78.280136
2020-09-02T06:31:01.029222011,19.521212,-78.274635
2020-09-02T06:31:01.081102848,19.524057,-78.27336
2020-09-02T06:31:01.083010196,19.452772,-78.28302
2020-09-02T06:31:01.172275066,19.53256,-78.28501
2020-09-02T06:31:01.174564361,19.518145,-78.26846
2020-09-02T06:31:01.184482574,19.522621,-78.27209
2020-09-02T06:31:01.186389923,19.520096,-78.27311
2020-09-02T06:31:01.194400787,19.53253,-78.27059
2020-09-02T06:31:01.196308135,19.532545,-78.284966
2020-09-02T06:31:01.198215484,19.51935,-78.26949
2020-09-02T06:31:01.202411651,19.53252,-78.28497
2020-09-02T06:31:01.204319477,19.5197,-78.27479
2020-09-02T06:31:01.250096321,19.522045,-78.269745
2020-09-02T06:31:01.253911018,19.532482,-78.25944
2020-09-02T06:31:01.269933223,19.532524,-78.25207
2020-09-02T06:31:02.412834167,18.20926,-83.37142
2020-09-02T06:31:02.428855895,18.209166,-83.36959
2020-09-02T06:31:02.482644081,18.211637,-83.36894
2020-09-02T06:31:02.484551429,18.209017,-83.340065
2020-09-02T06:31:02.506295680,18.212103,-83.366104
2020-09-02T06:31:02.581827640,18.209246,-83.3725
2020-09-02T06:31:02.583734989,18.20923,-83.36779
2020-09-02T06:31:02.623789787,18.208996,-83.32863
2020-09-02T06:31:03.567941665,19.45374,-78.62291
2020-09-02T06:31:03.570230484,19.453672,-78.59172
2020-09-02T06:31:03.611811637,19.453735,-78.62084
2020-09-02T06:31:03.613718986,19.469044,-78.607025
2020-09-02T06:31:03.631648063,19.45372,-78.62464
2020-09-02T06:31:03.633556365,19.453701,-78.62433
2020-09-02T06:31:03.649578094,19.453655,-78.59169
2020-09-02T06:31:03.657588958,19.4537,-78.59169
2020-09-02T06:31:03.669414520,19.475899,-78.61319
2020-09-02T06:31:03.685436248,19.490774,-78.61614
2020-09-02T06:31:03.697262763,19.486279,-78.614494
2020-09-02T06:31:03.699170112,19.49421,-78.61613
2020-09-02T06:31:03.705273628,19.490343,-78.61504
2020-09-02T06:31:03.721295356,19.533497,-78.62117
2020-09-02T06:31:03.756772994,19.453732,-78.629814
2020-09-02T06:31:03.759061813,19.478245,-78.63045
2020-09-02T06:31:03.762876510,19.453716,-78.62948
2020-09-02T06:31:03.766691207,19.453714,-78.62882
2020-09-02T06:31:03.786909103,19.464426,-78.6254
2020-09-02T06:31:03.788816452,19.469917,-78.62479
2020-09-02T06:31:03.796827316,19.453646,-78.59174
2020-09-02T06:31:03.798734664,19.45867,-78.61728
2020-09-02T06:31:03.800642013,19.453642,-78.59178
2020-09-02T06:31:03.802549362,19.45363,-78.59178
2020-09-02T06:31:03.826582908,19.453653,-78.591705
2020-09-02T06:31:03.828490257,19.453651,-78.59169
2020-09-02T06:31:03.850234031,19.453552,-78.59176
2020-09-02T06:31:03.923858642,19.480467,-78.61475
2020-09-02T06:31:04.003586769,19.460972,-78.61745
2020-09-02T06:31:04.118792533,19.453669,-78.59173
2020-09-02T06:31:04.120699882,19.453743,-78.624825
2020-09-02T06:31:04.214161872,19.429422,-78.61631
2020-09-02T06:31:03.894104003,18.441383,-82.74894
2020-09-02T06:31:03.987565040,18.441307,-82.731674
2020-09-02T06:31:04.074923515,18.441277,-82.7316
2020-09-02T06:31:04.076830863,18.441416,-82.751884
2020-09-02T06:31:04.166477203,18.409924,-82.74654
2020-09-02T06:31:04.196232795,18.427896,-82.735016
2020-09-02T06:31:04.217976570,18.441332,-82.731606
2020-09-02T06:31:04.250020027,18.427763,-82.74862
2020-09-02T06:31:04.880218505,18.363504,-82.88257
2020-09-02T06:31:04.884033203,18.363483,-82.882545
2020-09-02T06:31:04.901962280,18.363531,-82.88249
2020-09-02T06:31:04.925994873,18.363384,-82.86857
2020-09-02T06:31:04.927902221,18.363491,-82.882515
2020-09-02T06:31:05.005342483,18.36346,-82.88242
2020-09-02T06:31:05.062945365,18.377766,-82.85403
2020-09-02T06:31:05.130466461,18.376429,-82.85316
2020-09-02T06:31:05.142673492,18.377499,-82.84484
2020-09-02T06:31:05.160602569,18.363577,-82.88246
2020-09-02T06:31:07.615779876,19.454111,-78.74647
2020-09-02T06:31:07.623790740,19.45415,-78.746475
2020-09-02T06:31:07.639812469,19.45416,-78.74647
2020-09-02T06:31:07.645534515,19.454166,-78.74647
2020-09-02T06:31:07.687497138,19.45416,-78.7466
2020-09-02T06:31:07.756925582,19.454094,-78.70971
2020-09-02T06:31:07.796599388,19.454102,-78.74656
2020-09-02T06:31:07.832457542,19.46989,-78.7286
2020-09-02T06:31:07.856491088,19.464035,-78.731865
2020-09-02T06:31:07.858398437,19.45425,-78.74661
2020-09-02T06:31:07.907990455,19.45414,-78.714455
2020-09-02T06:31:07.909897804,19.454226,-78.74668
2020-09-02T06:31:07.917908668,19.464426,-78.73048
2020-09-02T06:31:07.922104835,19.471384,-78.730194
2020-09-02T06:31:07.924012184,19.454264,-78.74659
2020-09-02T06:31:07.925919532,19.473463,-78.732414
2020-09-02T06:31:07.927826881,19.454256,-78.74661
2020-09-02T06:31:07.973604202,19.473186,-78.72765
2020-09-02T06:31:07.975511550,19.454182,-78.71954
2020-09-02T06:31:07.993440628,19.47218,-78.732056
2020-09-02T06:31:08.013277053,19.471764,-78.72844
2020-09-02T06:31:08.043032646,19.454166,-78.71629
2020-09-02T06:31:08.045321464,19.468693,-78.730835
2020-09-02T06:31:08.426796913,19.453836,-78.669136
2020-09-02T06:31:08.430993080,19.453812,-78.669136
2020-09-02T06:31:08.432900428,19.46318,-78.66939
2020-09-02T06:31:08.440911293,19.453856,-78.669075
2020-09-02T06:31:08.444725990,19.45386,-78.66909
2020-09-02T06:31:08.464563369,19.45382,-78.66907
2020-09-02T06:31:08.488595962,19.453869,-78.66914
2020-09-02T06:31:08.635463714,19.462166,-78.66955
2020-09-02T06:31:08.651486396,19.45382,-78.6691
2020-09-02T06:31:08.667508125,19.453735,-78.669106
2020-09-02T06:31:08.683529853,19.45377,-78.66913
2020-09-02T06:31:08.695355415,19.453764,-78.66915
2020-09-02T06:31:08.587779998,19.503603,-78.23451
2020-09-02T06:31:08.609905242,19.532732,-78.207115
2020-09-02T06:31:08.611812591,19.498837,-78.235504
2020-09-02T06:31:08.615627288,19.532684,-78.20714
2020-09-02T06:31:08.617916107,19.521606,-78.20687
2020-09-02T06:31:08.619823455,19.515284,-78.22357
2020-09-02T06:31:08.665600776,19.474611,-78.237976
2020-09-02T06:31:08.717100143,19.508543,-78.22207
2020-09-02T06:31:08.719007492,19.49759,-78.229385
2020-09-02T06:31:08.736936569,19.518621,-78.22039
2020-09-02T06:31:08.739225387,19.495823,-78.224976
2020-09-02T06:31:08.790724754,19.517036,-78.2235
2020-09-02T06:31:08.792632102,19.492262,-78.24526
2020-09-02T06:31:08.800642967,19.492424,-78.22536
2020-09-02T06:31:08.808653831,19.532696,-78.20719
2020-09-02T06:31:08.824675559,19.532639,-78.20714
2020-09-02T06:31:08.826582908,19.502625,-78.22342
2020-09-02T06:31:08.832305908,19.493715,-78.22649
2020-09-02T06:31:08.840316772,19.488628,-78.22354
2020-09-02T06:31:08.842605590,19.508945,-78.22889
2020-09-02T06:31:08.888000488,19.516272,-78.222984
2020-09-02T06:31:08.910126686,19.532564,-78.207184
2020-09-02T06:31:08.928055763,19.509865,-78.22043
2020-09-02T06:31:08.969636917,19.452797,-78.238014
2020-09-02T06:31:08.989473342,19.452787,-78.205124
2020-09-02T06:31:09.025332450,19.452774,-78.20511
2020-09-02T06:31:09.065005302,19.452742,-78.20516
2020-09-02T06:31:08.643474578,18.617,-82.32503
2020-09-02T06:31:08.671322822,18.59681,-82.35194
2020-09-02T06:31:08.717100143,18.642244,-82.32522
2020-09-02T06:31:08.764783859,18.623972,-82.32889
2020-09-02T06:31:08.766691207,18.638142,-82.27453
2020-09-02T06:31:08.798735618,18.648985,-82.355965
2020-09-02T06:31:08.800642967,18.647676,-82.323715
2020-09-02T06:31:08.802550315,18.639936,-82.326454
2020-09-02T06:31:08.804457664,18.636911,-82.3206
2020-09-02T06:31:09.023425102,18.63918,-82.298325
2020-09-02T06:31:09.029147148,18.638247,-82.28471
2020-09-02T06:31:09.031435966,18.61673,-82.29551
2020-09-02T06:31:09.037158012,18.615913,-82.3275
2020-09-02T06:31:09.142445564,18.659565,-82.293495
2020-09-02T06:31:09.144734382,18.676167,-82.29397
2020-09-02T06:31:09.146641731,18.668468,-82.30746
2020-09-02T06:31:09.148549079,18.734074,-82.3207
2020-09-02T06:31:09.152363777,18.72271,-82.31256
2020-09-02T06:31:09.156559944,18.662592,-82.285355
2020-09-02T06:31:09.194325447,18.652866,-82.27062
2020-09-02T06:31:10.373085021,18.287405,-83.29924
2020-09-02T06:31:10.374992370,18.302,-83.30276
2020-09-02T06:31:10.377281188,18.287172,-83.266655
2020-09-02T06:31:10.392922401,18.294884,-83.30668
2020-09-02T06:31:10.405129432,18.287436,-83.30112
2020-09-02T06:31:10.434884071,18.28718,-83.26662
2020-09-02T06:31:10.454721450,18.287525,-83.310135
2020-09-02T06:31:10.456628799,18.287579,-83.31679
2020-09-02T06:31:10.484476089,18.287804,-83.344345
2020-09-02T06:31:10.486383438,18.28782,-83.34436
2020-09-02T06:31:10.540171623,18.318474,-83.31184
2020-09-02T06:31:10.542078971,18.30732,-83.302055
2020-09-02T06:31:10.643551826,18.310316,-83.32381
2020-09-02T06:31:10.645459175,18.310383,-83.32472
2020-09-02T06:31:10.647366523,18.318691,-83.32413
2020-09-02T06:31:10.649655342,18.315744,-83.32043
2020-09-02T06:31:10.720991134,18.287409,-83.31399
2020-09-02T06:31:10.770964622,18.317125,-83.32621
2020-09-02T06:31:10.772871971,18.302107,-83.316246
2020-09-02T06:31:11.810485839,18.753119,-82.04927
2020-09-02T06:31:11.812393188,18.75318,-82.05945
2020-09-02T06:31:11.814682006,18.753105,-82.049255
2020-09-02T06:31:11.820404052,18.753084,-82.049225
2020-09-02T06:31:11.822311401,18.7576,-82.05524
2020-09-02T06:31:11.824600219,18.753103,-82.049225
2020-09-02T06:31:11.828414916,18.753124,-82.04922
2020-09-02T06:31:11.836425781,18.753115,-82.04922
2020-09-02T06:31:11.842529296,18.753105,-82.049225
2020-09-02T06:31:11.854354858,18.75312,-82.04922
2020-09-02T06:31:11.880294799,18.753107,-82.0492
2020-09-02T06:31:11.918062210,18.753193,-82.04921
2020-09-02T06:31:11.925691604,18.753117,-82.04922
2020-09-02T06:31:11.931795120,18.753067,-82.04922
2020-09-02T06:31:11.933702468,18.753077,-82.04919
2020-09-02T06:31:11.935991287,18.76596,-82.04981
2020-09-02T06:31:11.939805984,18.753103,-82.04908
2020-09-02T06:31:11.941713333,18.753109,-82.04907
2020-09-02T06:31:11.945909500,18.753113,-82.049126
2020-09-02T06:31:11.947816848,18.76198,-82.05964
2020-09-02T06:31:11.953538894,18.753124,-82.049164
2020-09-02T06:31:11.955827713,18.75313,-82.04916
2020-09-02T06:31:11.977571487,18.753122,-82.04912
2020-09-02T06:31:11.979478836,18.753122,-82.0491
2020-09-02T06:31:11.989397048,18.753132,-82.04916
2020-09-02T06:31:11.991304397,18.753176,-82.05655
2020-09-02T06:31:11.997407913,18.753149,-82.058334
2020-09-02T06:31:11.999315261,18.753075,-82.049095
2020-09-02T06:31:12.498285293,19.460693,-82.49262
2020-09-02T06:31:12.500192642,19.455587,-82.496925
2020-09-02T06:31:12.508203506,19.460917,-82.493996
2020-09-02T06:31:12.536052703,19.472664,-82.50442
2020-09-02T06:31:12.537960052,19.47249,-82.4777
2020-09-02T06:31:12.633327484,19.472504,-82.477684
2020-09-02T06:31:12.663465499,19.472563,-82.49216
2020-09-02T06:31:12.665372848,19.472603,-82.495056
2020-09-02T06:31:12.675291061,19.472666,-82.50052
2020-09-02T06:31:12.721067428,19.47248,-82.47762
2020-09-02T06:31:12.722974777,19.47248,-82.47763
2020-09-02T06:31:13.204397201,18.440018,-82.794235
2020-09-02T06:31:13.206304550,18.489298,-82.80751
2020-09-02T06:31:13.208211898,18.44804,-82.77883
2020-09-02T06:31:13.482492446,18.444695,-82.77063
2020-09-02T06:31:15.804534912,19.45444,-78.66895
2020-09-02T06:31:15.810638427,19.454426,-78.66889
2020-09-02T06:31:15.889986038,19.471882,-78.656944
2020-09-02T06:31:15.922029495,19.477829,-78.66961
2020-09-02T06:31:15.930040359,19.474392,-78.65495
2020-09-02T06:31:15.939958572,19.468185,-78.65388
2020-09-02T06:31:15.967805862,19.466074,-78.65669
2020-09-02T06:31:15.969713211,19.454443,-78.66895
2020-09-02T06:31:15.973527908,19.454414,-78.65409
2020-09-02T06:31:15.975435256,19.464447,-78.655594
2020-09-02T06:31:15.981540679,19.464794,-78.65655
2020-09-02T06:31:15.999469757,19.45429,-78.66896
2020-09-02T06:31:16.023502349,19.454416,-78.668945
2020-09-02T06:31:16.057071685,19.471361,-78.655525
2020-09-02T06:31:16.076908111,19.454391,-78.66899
2020-09-02T06:31:16.078815460,19.454407,-78.669
2020-09-02T06:31:16.099033355,19.469284,-78.654175
2020-09-02T06:31:16.140615463,19.454393,-78.66901
2020-09-02T06:31:16.162359237,19.454313,-78.66901
2020-09-02T06:31:17.675291061,18.366192,-83.19352
2020-09-02T06:31:17.985431671,18.392923,-83.18572
2020-09-02T06:31:18.369195938,18.418322,-83.27466
2020-09-02T06:31:18.480587005,18.418678,-83.27813
2020-09-02T06:31:18.482494354,18.405958,-83.28601
2020-09-02T06:31:18.484401702,18.366661,-83.27143
2020-09-02T06:31:20.832380294,19.534594,-78.82639
2020-09-02T06:31:20.848402500,19.534538,-78.826355
2020-09-02T06:31:20.852217197,19.53453,-78.82637
2020-09-02T06:31:20.854506015,19.513828,-78.81578
2020-09-02T06:31:20.862135410,19.534513,-78.801125
2020-09-02T06:31:20.864424705,19.534546,-78.82637
2020-09-02T06:31:20.874342918,19.534472,-78.82637
2020-09-02T06:31:20.876250267,19.513983,-78.81047
2020-09-02T06:31:20.909820079,19.534563,-78.826294
2020-09-02T06:31:20.912108898,19.495665,-78.81806
2020-09-02T06:31:20.917830944,19.522306,-78.81041
2020-09-02T06:31:20.920119762,19.511131,-78.806725
2020-09-02T06:31:20.935760498,19.53446,-78.826294
2020-09-02T06:31:20.943771362,19.51659,-78.80931
2020-09-02T06:31:20.945678710,19.492971,-78.820206
2020-09-02T06:31:20.947967529,19.45469,-78.824
2020-09-02T06:31:20.957886219,19.483303,-78.82485
2020-09-02T06:31:20.959793567,19.479918,-78.821785
2020-09-02T06:31:20.969711780,19.486631,-78.82219
2020-09-02T06:31:20.971619129,19.479822,-78.824814
2020-09-02T06:31:20.977722644,19.454727,-78.824066
2020-09-02T06:31:20.979629993,19.48068,-78.822075
2020-09-02T06:31:20.981537342,19.454762,-78.824066
2020-09-02T06:31:20.989548683,19.467398,-78.8244
2020-09-02T06:31:20.991456031,19.482075,-78.82483
2020-09-02T06:31:21.003281593,19.508837,-78.79876
2020-09-02T06:31:21.005570411,19.534586,-78.82646
2020-09-02T06:31:21.009385108,19.504572,-78.77374
2020-09-02T06:31:21.011292457,19.501648,-78.78638
2020-09-02T06:31:21.015488624,19.498953,-78.765305
2020-09-02T06:31:21.017395973,19.493252,-78.78524
2020-09-02T06:31:21.027314662,19.492159,-78.781425
2020-09-02T06:31:21.029222011,19.49823,-78.79116
2020-09-02T06:31:21.061265945,19.475775,-78.824684
2020-09-02T06:31:21.063173294,19.4847,-78.82494
2020-09-02T06:31:21.065080642,19.454721,-78.82406
2020-09-02T06:31:21.066987991,19.480186,-78.82481
2020-09-02T06:31:21.068895339,19.473711,-78.821915
2020-09-02T06:31:21.071184158,19.473326,-78.82169
2020-09-02T06:31:21.084917545,19.454733,-78.82404
2020-09-02T06:31:21.092928409,19.45473,-78.82404
2020-09-02T06:31:21.096743106,19.454716,-78.82407
2020-09-02T06:31:21.099031925,19.46381,-78.83006
2020-09-02T06:31:21.100939273,19.454706,-78.824104
2020-09-02T06:31:21.102846622,19.45472,-78.8241
2020-09-02T06:31:21.104753971,19.466597,-78.82444
2020-09-02T06:31:21.106661319,19.454746,-78.82408
2020-09-02T06:31:21.108950138,19.454758,-78.824066
2020-09-02T06:31:21.118868827,19.448359,-78.83938
2020-09-02T06:31:21.120776176,19.482716,-78.8249
2020-09-02T06:31:21.122683525,19.454788,-78.82409
2020-09-02T06:31:21.124590873,19.454817,-78.83986
2020-09-02T06:31:21.126879692,19.463726,-78.83432
2020-09-02T06:31:21.128787040,19.465136,-78.83568
2020-09-02T06:31:21.130694389,19.45474,-78.82412
2020-09-02T06:31:21.132601737,19.458134,-78.83971
2020-09-02T06:31:21.134509086,19.475248,-78.82471
2020-09-02T06:31:21.136797904,19.454742,-78.8241
2020-09-02T06:31:21.138705253,19.454742,-78.82409
2020-09-02T06:31:21.140612602,19.454744,-78.82408
2020-09-02T06:31:21.144427776,19.454735,-78.82405
2020-09-02T06:31:21.146716594,19.454731,-78.82403
2020-09-02T06:31:21.162356853,19.454775,-78.82415
2020-09-02T06:31:21.164645671,19.454784,-78.824135
2020-09-02T06:31:21.166553020,19.454792,-78.82412
2020-09-02T06:31:21.168460369,19.466707,-78.840546
2020-09-02T06:31:21.174564361,19.49207,-78.825195
2020-09-02T06:31:21.180286407,19.454876,-78.86102
2020-09-02T06:31:21.182193756,19.479296,-78.866486
2020-09-02T06:31:21.184482574,19.466654,-78.845314
2020-09-02T06:31:21.186389923,19.454845,-78.85858
2020-09-02T06:31:21.188297271,19.47637,-78.85709
2020-09-02T06:31:21.190204620,19.479416,-78.86634
2020-09-02T06:31:21.192493438,19.470428,-78.83835
2020-09-02T06:31:21.194400787,19.484905,-78.8704
2020-09-02T06:31:21.196308135,19.48041,-78.84866
2020-09-02T06:31:21.198215484,19.45472,-78.82402
2020-09-02T06:31:21.200122833,19.48887,-78.85808
2020-09-02T06:31:21.315710067,19.497498,-78.82637
2020-09-02T06:31:21.317617416,19.48567,-78.80119
2020-09-02T06:31:23.864348411,19.491415,-78.67069
2020-09-02T06:31:23.884185791,19.454645,-78.66963
2020-09-02T06:31:23.864729881,15.263607,-82.098465
2020-09-02T06:31:23.888381958,15.259369,-82.10504
2020-09-02T06:31:23.906311035,15.243056,-82.1148
2020-09-02T06:31:23.665599822,19.533691,-78.28481
2020-09-02T06:31:23.667507171,19.53369,-78.28482
2020-09-02T06:31:23.669414520,19.533688,-78.28483
2020-09-02T06:31:23.673610687,19.533695,-78.28486
2020-09-02T06:31:23.675518035,19.5337,-78.284874
2020-09-02T06:31:23.691158294,19.53359,-78.28488
2020-09-02T06:31:23.693447113,19.53361,-78.2849
2020-09-02T06:31:23.707180976,19.533678,-78.28489
2020-09-02T06:31:23.709088325,19.533648,-78.26808
2020-09-02T06:31:23.711377143,19.533676,-78.28487
2020-09-02T06:31:23.725110054,19.53366,-78.28492
2020-09-02T06:31:23.727017402,19.533632,-78.263405
2020-09-02T06:31:23.728924751,19.533682,-78.284904
2020-09-02T06:31:23.731213569,19.53369,-78.2849
2020-09-02T06:31:23.872359275,19.525137,-78.27111
2020-09-02T06:31:23.874266624,19.533688,-78.284966
2020-09-02T06:31:23.913940429,19.533648,-78.28489
2020-09-02T06:31:23.918136596,19.533636,-78.28487
2020-09-02T06:31:24.027238845,19.503227,-78.2671
2020-09-02T06:31:25.343329429,18.210121,-83.372604
2020-09-02T06:31:25.373085021,18.210062,-83.37359
2020-09-02T06:31:25.375373840,18.210028,-83.36878
2020-09-02T06:31:25.377281188,18.210007,-83.36574
2020-09-02T06:31:25.379188537,18.210012,-83.3659
2020-09-02T06:31:25.381095886,18.21,-83.363884
2020-09-02T06:31:25.383003234,18.210047,-83.36961
2020-09-02T06:31:25.428780555,18.210035,-83.36477
2020-09-02T06:31:25.510416030,18.209774,-83.34032
2020-09-02T06:31:25.649654388,18.211458,-83.36692
2020-09-02T06:31:25.651561737,18.210035,-83.364784
2020-09-02T06:31:25.653469085,18.210037,-83.36627
2020-09-02T06:31:25.657665252,18.210026,-83.36734
2020-09-02T06:31:25.659572601,18.210037,-83.37007
2020-09-02T06:31:25.675595283,18.209988,-83.36232
2020-09-02T06:31:25.727093696,18.210028,-83.36481
2020-09-02T06:31:25.786603927,18.20999,-83.36473
2020-09-02T06:31:25.788892745,18.210047,-83.37129
2020-09-02T06:31:25.836577415,18.200201,-83.36991
2020-09-02T06:31:25.866333007,18.20171,-83.36995
2020-09-02T06:31:25.896087646,18.201004,-83.36992
2020-09-02T06:31:25.912109375,18.200808,-83.368645
2020-09-02T06:31:25.943772315,18.210062,-83.37325
2020-09-02T06:31:25.973526954,18.407444,-82.886536
2020-09-02T06:31:26.015489578,18.398731,-82.902145
2020-09-02T06:31:26.096743583,18.397709,-82.8718
2020-09-02T06:31:26.099032402,18.395084,-82.86248
2020-09-02T06:31:26.104754447,18.395958,-82.864456
2020-09-02T06:31:26.110858917,18.44322,-82.88761
2020-09-02T06:31:26.315711021,18.456562,-82.798584
2020-09-02T06:31:26.339362144,18.363028,-82.727806
2020-09-02T06:31:26.339362144,18.521824,-82.814384
2020-09-02T06:31:27.079043388,19.454668,-78.669525
2020-09-02T06:31:27.095065116,19.454645,-78.66955
2020-09-02T06:31:27.110706329,19.45461,-78.66956
2020-09-02T06:31:27.112995147,19.454609,-78.669556
2020-09-02T06:31:27.114902496,19.462595,-78.66855
2020-09-02T06:31:27.130542755,19.454605,-78.669525
2020-09-02T06:31:27.138553619,19.454702,-78.6695
2020-09-02T06:31:27.140460968,19.46008,-78.67045
2020-09-02T06:31:27.142749786,19.454723,-78.66951
2020-09-02T06:31:27.204167366,19.454674,-78.66953
2020-09-02T06:31:27.271688461,19.458607,-78.66547
2020-09-02T06:31:27.293814659,19.461847,-78.66298
2020-09-02T06:31:27.313651084,19.454664,-78.66953
2020-09-02T06:31:27.315558433,19.454638,-78.669525
2020-09-02T06:31:27.333487510,19.45464,-78.66954
2020-09-02T06:31:27.351417541,19.45461,-78.669525
2020-09-02T06:31:27.353324890,19.454626,-78.66952
2020-09-02T06:31:27.402915954,19.454613,-78.669495
2020-09-02T06:31:27.474634170,19.454662,-78.66952
2020-09-02T06:31:27.506296157,19.454565,-78.66954
2020-09-02T06:31:27.512399673,19.454523,-78.65211
2020-09-02T06:31:27.516214370,19.468056,-78.65483
2020-09-02T06:31:27.520410537,19.469238,-78.65535
2020-09-02T06:31:27.524225234,19.4715,-78.656654
2020-09-02T06:31:27.528421401,19.45456,-78.6695
2020-09-02T06:31:27.530328750,19.470808,-78.6543
2020-09-02T06:31:27.532237052,19.470387,-78.650665
2020-09-02T06:31:27.534144401,19.467161,-78.6479
2020-09-02T06:31:27.536433219,19.47102,-78.64562
2020-09-02T06:31:27.538340568,19.471457,-78.64074
2020-09-02T06:31:27.540247917,19.47025,-78.63835
2020-09-02T06:31:27.542155265,19.470446,-78.62877
2020-09-02T06:31:27.544062614,19.471487,-78.63309
2020-09-02T06:31:27.550166130,19.46944,-78.62306
2020-09-02T06:31:27.552073478,19.468866,-78.63588
2020-09-02T06:31:27.560084342,19.461329,-78.60276
2020-09-02T06:31:27.561991691,19.4689,-78.629074
2020-09-02T06:31:27.564280509,19.45445,-78.61927
2020-09-02T06:31:27.566187858,19.466955,-78.616135
2020-09-02T06:31:27.568095207,19.465857,-78.6222
2020-09-02T06:31:27.581828117,19.454485,-78.592125
2020-09-02T06:31:27.665371894,19.454615,-78.669525
2020-09-02T06:31:27.548258781,18.28864,-83.32244
2020-09-02T06:31:27.579920768,18.288654,-83.32419
2020-09-02T06:31:27.643627166,18.2885,-83.315315
2020-09-02T06:31:27.669568061,18.288523,-83.31514
2020-09-02T06:31:27.671475410,18.28853,-83.31582
2020-09-02T06:31:27.844284057,18.300777,-83.32112
2020-09-02T06:31:27.866409301,18.288757,-83.32329
2020-09-02T06:31:29.245824813,19.454876,-78.71434
2020-09-02T06:31:29.256124496,19.454897,-78.72195
2020-09-02T06:31:29.258031845,19.454895,-78.720535
2020-09-02T06:31:29.267951011,19.454935,-78.7227
2020-09-02T06:31:29.269858360,19.454937,-78.71879
2020-09-02T06:31:29.287787437,19.455025,-78.74671
2020-09-02T06:31:29.293890953,19.454992,-78.71775
2020-09-02T06:31:29.305716514,19.454922,-78.71395
2020-09-02T06:31:29.343482971,19.455032,-78.726204
2020-09-02T06:31:29.345390319,19.456675,-78.726494
2020-09-02T06:31:29.347297668,19.455023,-78.732086
2020-09-02T06:31:29.349205017,19.455046,-78.74677
2020-09-02T06:31:29.355308532,19.455038,-78.746735
2020-09-02T06:31:29.363319396,19.455027,-78.74671
2020-09-02T06:31:29.472803115,19.454922,-78.70979
2020-09-02T06:31:29.504465103,19.459095,-78.72712
2020-09-02T06:31:29.506372451,19.454964,-78.71798
2020-09-02T06:31:30.220113754,19.473547,-82.47837
2020-09-02T06:31:30.253683090,19.473618,-82.478424
2020-09-02T06:31:30.317390441,19.473661,-82.47843
2020-09-02T06:31:30.357063293,19.473648,-82.47837
2020-09-02T06:31:30.369270324,19.445278,-82.493965
2020-09-02T06:31:30.371177673,19.457506,-82.49469
2020-09-02T06:31:30.407036781,19.433071,-82.498886
2020-09-02T06:31:30.432595252,19.473589,-82.47838
2020-09-02T06:31:30.504313468,19.47361,-82.47841
2020-09-02T06:31:30.506220817,19.47362,-82.47841
2020-09-02T06:31:32.180517196,18.552584,-82.61667
2020-09-02T06:31:32.172506332,18.59971,-82.62602
2020-09-02T06:31:32.174413681,18.599714,-82.626915
2020-09-02T06:31:32.176321029,18.59974,-82.63085
2020-09-02T06:31:32.178228378,18.599747,-82.632515
2020-09-02T06:31:32.214086532,18.515947,-82.57894
2020-09-02T06:31:32.215993881,18.539135,-82.5994
2020-09-02T06:31:32.230108261,18.59942,-82.585495
2020-09-02T06:31:32.264059066,18.534277,-82.576744
2020-09-02T06:31:32.265968322,18.534197,-82.594246
2020-09-02T06:31:32.315559387,18.519075,-82.58762
2020-09-02T06:31:32.345314025,18.51081,-82.580124
2020-09-02T06:31:32.373161315,18.599585,-82.62224
2020-09-02T06:31:32.484552383,18.560444,-82.60118
2020-09-02T06:31:32.520412445,18.488981,-82.56417
2020-09-02T06:31:32.522319793,18.559263,-82.60179
2020-09-02T06:31:32.576107025,18.440397,-82.49915
2020-09-02T06:31:32.576107025,18.59955,-82.623924
2020-09-02T06:31:32.578014373,18.522856,-82.57597
2020-09-02T06:31:32.579921722,18.534487,-82.58917
2020-09-02T06:31:32.820632934,18.599495,-82.623116
2020-09-02T06:31:35.299842834,18.32464,-83.269615
2020-09-02T06:31:35.305564880,18.321308,-83.258896
2020-09-02T06:31:35.307472229,18.287868,-83.26745
2020-09-02T06:31:35.309761047,18.287874,-83.267456
2020-09-02T06:31:35.315483093,18.287848,-83.267426
2020-09-02T06:31:35.434885025,18.28792,-83.267395
2020-09-02T06:31:37.232017517,19.471878,-82.308105
2020-09-02T06:31:37.233924865,19.471975,-82.32185
2020-09-02T06:31:37.235832214,19.471857,-82.30594
2020-09-02T06:31:37.237739562,19.47197,-82.32184
2020-09-02T06:31:37.240028381,19.471855,-82.30628
2020-09-02T06:31:37.241935729,19.462938,-82.30781
2020-09-02T06:31:37.243843078,19.471943,-82.32182
2020-09-02T06:31:37.245750427,19.471796,-82.303375
2020-09-02T06:31:37.248039245,19.471788,-82.3043
2020-09-02T06:31:37.249946594,19.4719,-82.321815
2020-09-02T06:31:37.251853942,19.471893,-82.321815
2020-09-02T06:31:37.253761291,19.47189,-82.321815
2020-09-02T06:31:37.255668640,19.471737,-82.30135
2020-09-02T06:31:37.257957458,19.479397,-82.31101
2020-09-02T06:31:37.259864807,19.471876,-82.32182
2020-09-02T06:31:37.261772155,19.471857,-82.32184
2020-09-02T06:31:37.263679504,19.481916,-82.31473
2020-09-02T06:31:37.265586853,19.462868,-82.30712
2020-09-02T06:31:37.267875671,19.471779,-82.32191
2020-09-02T06:31:37.269783020,19.458532,-82.31402
2020-09-02T06:31:37.271690368,19.471598,-82.30179
2020-09-02T06:31:37.273597717,19.471743,-82.32191
2020-09-02T06:31:37.275886535,19.486477,-82.322716
2020-09-02T06:31:37.277793884,19.456734,-82.31639
2020-09-02T06:31:37.279701232,19.470581,-82.31561
2020-09-02T06:31:37.283515930,19.471783,-82.32185
2020-09-02T06:31:37.285804748,19.49242,-82.323
2020-09-02T06:31:37.287712097,19.45324,-82.320816
2020-09-02T06:31:37.289619445,19.471853,-82.321846
2020-09-02T06:31:37.291526794,19.44593,-82.32333
2020-09-02T06:31:37.293434143,19.441595,-82.31748
2020-09-02T06:31:37.297630310,19.499859,-82.3235
2020-09-02T06:31:37.299537658,19.497425,-82.33186
2020-09-02T06:31:37.301445007,19.471886,-82.321976
2020-09-02T06:31:37.303352355,19.510544,-82.33398
2020-09-02T06:31:37.305641174,19.507019,-82.34129
2020-09-02T06:31:37.307548522,19.516558,-82.344765
2020-09-02T06:31:37.309455871,19.511724,-82.34297
2020-09-02T06:31:37.311363220,19.516806,-82.34627
2020-09-02T06:31:37.313652038,19.509188,-82.34397
2020-09-02T06:31:37.315559387,19.532097,-82.34674
2020-09-02T06:31:37.317466735,19.551992,-82.35773
2020-09-02T06:31:37.319374084,19.530092,-82.351036
2020-09-02T06:31:37.321281433,19.535326,-82.34736
2020-09-02T06:31:37.323570251,19.551996,-82.35758
2020-09-02T06:31:37.325477600,19.552017,-82.35909
2020-09-02T06:31:37.327384948,19.53498,-82.35084
2020-09-02T06:31:37.329292297,19.517487,-82.34617
2020-09-02T06:31:37.331199645,19.53577,-82.35548
2020-09-02T06:31:37.446786880,19.471884,-82.32183
2020-09-02T06:31:37.456705093,19.471678,-82.29601
2020-09-02T06:31:37.371255874,19.51394,-78.26474
2020-09-02T06:31:37.373163223,19.501278,-78.28365
2020-09-02T06:31:37.426950454,19.489977,-78.2719
2020-09-02T06:31:37.476543426,19.50814,-78.263725
2020-09-02T06:31:37.514308929,19.48311,-78.27003
2020-09-02T06:31:37.579921722,19.485548,-78.27256
2020-09-02T06:31:37.582210540,19.48095,-78.260635
2020-09-02T06:31:37.595945358,19.49393,-78.26169
2020-09-02T06:31:37.597852706,19.497812,-78.25989
2020-09-02T06:31:37.599760055,19.453466,-78.28239
2020-09-02T06:31:37.609678268,19.497805,-78.261314
2020-09-02T06:31:37.613874435,19.493975,-78.258575
2020-09-02T06:31:37.635618209,19.533236,-78.23828
2020-09-02T06:31:37.637525558,19.490984,-78.25796
2020-09-02T06:31:37.675291061,19.503584,-78.256996
2020-09-02T06:31:37.677579879,19.49754,-78.25113
2020-09-02T06:31:37.699323654,19.506664,-78.25581
2020-09-02T06:31:37.721069335,19.49307,-78.2507
2020-09-02T06:31:37.784774780,19.48858,-78.24916
2020-09-02T06:31:41.895934581,19.472252,-78.66994
2020-09-02T06:31:41.908141613,19.471992,-78.669975
2020-09-02T06:31:41.910048961,19.470438,-78.669945
2020-09-02T06:31:41.921875000,19.470438,-78.66982
2020-09-02T06:31:41.939804077,19.471375,-78.66988
2020-09-02T06:31:41.941711425,19.453554,-78.66938
2020-09-02T06:31:41.993592262,19.470589,-78.669876
2020-09-02T06:31:41.997406959,19.468908,-78.6698
2020-09-02T06:31:42.003510475,19.453495,-78.66936
2020-09-02T06:31:42.009614467,19.470118,-78.660934
2020-09-02T06:31:42.011521816,19.453423,-78.66942
2020-09-02T06:31:42.013429164,19.453453,-78.66941
2020-09-02T06:31:42.021440029,19.472956,-78.66993
2020-09-02T06:31:42.025254726,19.473127,-78.66992
2020-09-02T06:31:42.027162075,19.453506,-78.669365
2020-09-02T06:31:42.031358242,19.45347,-78.66936
2020-09-02T06:31:43.679332733,19.513916,-78.82576
2020-09-02T06:31:43.683528900,19.504137,-78.8201
2020-09-02T06:31:43.695355415,19.516975,-78.81381
2020-09-02T06:31:43.713284492,19.533407,-78.79004
2020-09-02T06:31:43.715191841,19.517145,-78.80919
2020-09-02T06:31:43.717099189,19.52072,-78.80145
2020-09-02T06:31:43.731213569,19.51647,-78.788864
2020-09-02T06:31:43.733120918,19.533495,-78.797226
2020-09-02T06:31:43.752957344,19.533533,-78.82636
2020-09-02T06:31:43.756772994,19.523079,-78.82608
2020-09-02T06:31:43.762876510,19.495789,-78.77249
2020-09-02T06:31:43.764783859,19.53346,-78.82642
2020-09-02T06:31:43.768980026,19.533455,-78.82645
2020-09-02T06:31:43.770887374,19.533451,-78.826454
2020-09-02T06:31:43.778898239,19.533405,-78.8264
2020-09-02T06:31:43.780805587,19.517027,-78.7819
2020-09-02T06:31:43.784620285,19.495823,-78.76351
2020-09-02T06:31:43.786909103,19.508545,-78.79086
2020-09-02T06:31:43.790723800,19.533474,-78.826385
2020-09-02T06:31:43.798734664,19.533518,-78.82633
2020-09-02T06:31:43.832686424,19.53336,-78.748955
2020-09-02T06:31:43.834593772,19.514168,-78.7883
2020-09-02T06:31:43.860533714,19.485168,-78.76522
2020-09-02T06:31:43.862441062,19.494297,-78.77825
2020-09-02T06:31:43.864348411,19.45351,-78.746605
2020-09-02T06:31:43.894104003,19.516827,-78.81527
2020-09-02T06:31:43.908218383,19.483557,-78.62094
2020-09-02T06:31:43.908218383,19.497938,-78.825325
2020-09-02T06:31:43.910125732,19.4532,-78.59191
2020-09-02T06:31:43.913940429,19.495035,-78.7899
2020-09-02T06:31:43.915847778,19.45368,-78.823975
2020-09-02T06:31:43.918136596,19.484476,-78.82486
2020-09-02T06:31:43.921951293,19.453615,-78.82393
2020-09-02T06:31:43.923858642,19.48216,-78.820045
2020-09-02T06:31:43.925765991,19.486244,-78.82492
2020-09-02T06:31:43.928054809,19.453653,-78.823975
2020-09-02T06:31:43.928054809,19.532902,-78.59406
2020-09-02T06:31:43.929962158,19.5054,-78.593315
2020-09-02T06:31:43.931869506,19.532925,-78.59408
2020-09-02T06:31:43.933776855,19.453682,-78.82398
2020-09-02T06:31:43.933776855,19.51006,-78.59344
2020-09-02T06:31:43.939880371,19.532955,-78.59405
2020-09-02T06:31:43.943696022,19.479082,-78.81908
2020-09-02T06:31:43.945984840,19.484907,-78.81919
2020-09-02T06:31:43.945984840,19.532936,-78.59408
2020-09-02T06:31:43.947892189,19.532927,-78.59409
2020-09-02T06:31:43.963532447,19.478266,-78.824715
2020-09-02T06:31:43.963532447,19.532915,-78.59408
2020-09-02T06:31:43.965821266,19.475279,-78.81657
2020-09-02T06:31:43.979554176,19.453632,-78.82403
2020-09-02T06:31:43.987565040,19.532892,-78.59409
2020-09-02T06:31:43.989472389,19.50053,-78.60844
2020-09-02T06:31:43.993668556,19.533463,-78.82635
2020-09-02T06:31:43.995575904,19.533464,-78.826355
2020-09-02T06:31:43.995575904,19.475563,-78.630615
2020-09-02T06:31:43.997483253,19.533466,-78.826355
2020-09-02T06:31:43.999390602,19.468143,-78.62538
2020-09-02T06:31:43.999390602,19.533468,-78.826355
2020-09-02T06:31:44.001679420,19.453188,-78.62796
2020-09-02T06:31:44.003586769,19.453188,-78.62484
2020-09-02T06:31:44.011598587,19.467285,-78.622665
2020-09-02T06:31:44.013505935,19.453228,-78.62969
2020-09-02T06:31:44.019227981,19.489487,-78.82788
2020-09-02T06:31:44.023424148,19.477562,-78.82472
2020-09-02T06:31:44.025331497,19.48576,-78.82905
2020-09-02T06:31:44.027238845,19.491892,-78.82515
2020-09-02T06:31:44.029146194,19.53292,-78.59411
2020-09-02T06:31:44.029146194,19.481821,-78.828514
2020-09-02T06:31:44.031435012,19.495375,-78.82525
2020-09-02T06:31:44.033342361,19.453651,-78.82401
2020-09-02T06:31:44.033342361,19.453094,-78.59189
2020-09-02T06:31:44.043260574,19.464937,-78.61868
2020-09-02T06:31:44.063097000,19.519606,-78.60215
2020-09-02T06:31:44.066912651,19.532904,-78.59406
2020-09-02T06:31:44.069201469,19.489029,-78.60149
2020-09-02T06:31:44.082934379,19.495037,-78.60221
2020-09-02T06:31:44.084841728,19.48907,-78.60752
2020-09-02T06:31:44.087130546,19.51631,-78.59357
2020-09-02T06:31:44.089037895,19.503332,-78.60097
2020-09-02T06:31:44.100863456,19.532911,-78.5941
2020-09-02T06:31:44.102770805,19.519657,-78.5899
2020-09-02T06:31:44.105059623,19.491795,-78.60044
2020-09-02T06:31:44.114977836,19.532988,-78.59409
2020-09-02T06:31:44.116885185,19.45373,-78.82399
2020-09-02T06:31:44.116885185,19.513615,-78.59354
2020-09-02T06:31:44.128711700,19.453197,-78.61832
2020-09-02T06:31:44.134815216,19.532953,-78.594025
2020-09-02T06:31:44.138629913,19.532967,-78.594086
2020-09-02T06:31:44.140537261,19.532974,-78.59412
2020-09-02T06:31:44.154651641,19.509634,-78.82566
2020-09-02T06:31:44.154651641,19.533035,-78.5941
2020-09-02T06:31:44.188220977,19.476221,-78.63166
2020-09-02T06:31:44.190510749,19.466057,-78.62863
2020-09-02T06:31:44.192418098,19.486633,-78.62656
2020-09-02T06:31:44.198140144,19.468632,-78.62443
2020-09-02T06:31:44.220265388,19.472626,-78.63038
2020-09-02T06:31:44.225987434,19.453287,-78.629005
2020-09-02T06:31:44.228276252,19.470095,-78.62579
2020-09-02T06:31:44.230183601,19.453299,-78.63048
2020-09-02T06:31:44.232090950,19.469606,-78.634384
2020-09-02T06:31:44.233998298,19.45338,-78.669235
2020-09-02T06:31:43.836501121,18.441412,-82.80953
2020-09-02T06:31:43.838408470,18.441198,-82.78256
2020-09-02T06:31:43.874266624,18.441076,-82.76762
2020-09-02T06:31:43.876173973,18.44082,-82.73177
2020-09-02T06:31:43.878081321,18.441069,-82.76452
2020-09-02T06:31:44.011598587,18.441084,-82.76793
2020-09-02T06:31:44.037157058,18.445765,-82.773575
2020-09-02T06:31:44.039064407,18.440739,-82.731766
2020-09-02T06:31:44.043260574,18.441055,-82.77133
2020-09-02T06:31:44.045167922,18.441004,-82.76067
2020-09-02T06:31:44.081027030,18.441177,-82.78456
2020-09-02T06:31:44.100863456,18.441032,-82.76516
2020-09-02T06:31:44.102770805,18.440805,-82.731804
2020-09-02T06:31:44.122607231,18.441086,-82.76656
2020-09-02T06:31:43.968110084,16.724049,-81.92884
2020-09-02T06:31:44.097048759,16.788567,-82.030594
2020-09-02T06:31:44.144733428,16.788649,-82.03061
2020-09-02T06:31:44.147022247,16.776688,-82.01724
2020-09-02T06:31:44.148929595,16.788677,-82.030594
2020-09-02T06:31:43.562219619,18.287191,-83.32418
2020-09-02T06:31:43.564126968,18.287231,-83.32658
2020-09-02T06:31:43.659496307,18.307352,-83.32208
2020-09-02T06:31:43.728924751,18.287308,-83.32036
2020-09-02T06:31:43.856337547,18.208471,-83.34
2020-09-02T06:31:43.882278442,18.208479,-83.33996
2020-09-02T06:31:43.953614234,18.312004,-83.32086
2020-09-02T06:31:43.973450660,18.208414,-83.340004
2020-09-02T06:31:43.975739479,18.208252,-83.31972
2020-09-02T06:31:43.977646827,18.208412,-83.34
2020-09-02T06:31:44.090945243,18.208466,-83.33995
2020-09-02T06:31:44.092852592,18.217484,-83.32498
2020-09-02T06:31:44.094759941,18.2083,-83.32031
2020-09-02T06:31:44.116885185,18.208506,-83.33996
2020-09-02T06:31:44.118792533,18.208303,-83.31557
2020-09-02T06:31:44.134815216,18.208479,-83.33991
2020-09-02T06:31:44.136722564,18.208347,-83.32252
2020-09-02T06:31:44.138629913,18.21775,-83.328705
2020-09-02T06:31:44.140537261,18.216286,-83.328964
2020-09-02T06:31:44.142444610,18.219038,-83.327156
2020-09-02T06:31:44.144733428,18.220808,-83.32484
2020-09-02T06:31:44.146640777,18.208546,-83.33997
2020-09-02T06:31:44.230183601,18.208305,-83.309875
2020-09-02T06:31:44.266042709,18.214636,-83.314896
2020-09-02T06:31:44.317542076,18.208515,-83.33986
2020-09-02T06:31:44.233998298,19.453203,-78.59187
2020-09-02T06:31:44.242009162,19.458677,-78.64078
2020-09-02T06:31:44.253835678,19.453402,-78.64253
2020-09-02T06:31:44.259939193,19.469252,-78.63748
2020-09-02T06:31:44.261846542,19.472729,-78.63319
2020-09-02T06:31:44.273672103,19.533022,-78.594
2020-09-02T06:31:44.289693832,19.467356,-78.64192
2020-09-02T06:31:44.291601181,19.487768,-78.64126
2020-09-02T06:31:44.309530258,19.533087,-78.594055
2020-09-02T06:31:44.311819076,19.467798,-78.63251
2020-09-02T06:31:44.313727378,19.453424,-78.669174
2020-09-02T06:31:44.325552940,19.532972,-78.59398
2020-09-02T06:31:44.353400230,19.533182,-78.67145
2020-09-02T06:31:44.363318443,19.533,-78.594
2020-09-02T06:31:44.417106628,19.53304,-78.59402
2020-09-02T06:31:44.430839538,19.532999,-78.59405
2020-09-02T06:31:44.436943054,19.532965,-78.59402
2020-09-02T06:31:44.456780433,19.471148,-78.62724
2020-09-02T06:31:44.458687782,19.481989,-78.61666
2020-09-02T06:31:44.480813026,19.484442,-78.61724
2020-09-02T06:31:44.492638587,19.477634,-78.62001
2020-09-02T06:31:44.496453285,19.50382,-78.62157
2020-09-02T06:31:44.498360633,19.461504,-78.63297
2020-09-02T06:31:44.508661270,19.466297,-78.62974
2020-09-02T06:31:44.510568618,19.47696,-78.61742
2020-09-02T06:31:44.550241470,19.476027,-78.61523
2020-09-02T06:31:44.552148818,19.490332,-78.61294
2020-09-02T06:31:44.568171501,19.53305,-78.59399
2020-09-02T06:31:44.594111442,19.510212,-78.58932
2020-09-02T06:31:44.596018791,19.465359,-78.6284
2020-09-02T06:31:44.611659049,19.533028,-78.59399
2020-09-02T06:31:44.653621673,19.533594,-78.580444
2020-09-02T06:31:44.655529022,19.475487,-78.626015
2020-09-02T06:31:44.683376312,19.51989,-78.57672
2020-09-02T06:31:49.242010116,19.53251,-78.28489
2020-09-02T06:31:49.259939193,19.532457,-78.28489
2020-09-02T06:31:49.295798301,19.532492,-78.25973
2020-09-02T06:31:49.297705650,19.532558,-78.284935
2020-09-02T06:31:49.305716514,19.532557,-78.28493
2020-09-02T06:31:49.351493835,19.5325,-78.284874
2020-09-02T06:31:49.391167640,19.532463,-78.28501
2020-09-02T06:31:49.412911415,19.532444,-78.269135
2020-09-02T06:31:49.430840492,19.532494,-78.284935
2020-09-02T06:31:51.526287078,19.44812,-82.47709
2020-09-02T06:31:51.575878143,19.44825,-82.477196
2020-09-02T06:31:51.647596359,19.422709,-82.48592
2020-09-02T06:31:51.657514572,19.443993,-82.47691
2020-09-02T06:31:51.661329269,19.445045,-82.47698
2020-09-02T06:31:51.705198287,19.444315,-82.477005
2020-09-02T06:31:51.709012985,19.43945,-82.47672
2020-09-02T06:31:51.726942062,19.417992,-82.48708
2020-09-02T06:31:51.756696701,19.42396,-82.48632
2020-09-02T06:31:51.762800216,19.436853,-82.47661
2020-09-02T06:31:51.788742065,19.419296,-82.484604
2020-09-02T06:31:51.828414916,19.418192,-82.484604
2020-09-02T06:31:51.856262207,19.417952,-82.48603
2020-09-02T06:31:51.900133132,19.435497,-82.476524
2020-09-02T06:31:51.902040481,19.472162,-82.478615
2020-09-02T06:31:51.907762527,19.429989,-82.489456
2020-09-02T06:31:51.923784255,19.43647,-82.47658
2020-09-02T06:31:52.357521057,19.47314,-78.6701
2020-09-02T06:31:52.377357482,19.45342,-78.669525
2020-09-02T06:31:54.659727096,18.41451,-82.78835
2020-09-02T06:31:54.661634445,18.361946,-82.727844
2020-09-02T06:31:54.695203781,18.416803,-82.80001
2020-09-02T06:31:54.745178222,18.413736,-82.785065
2020-09-02T06:31:54.846267700,18.43953,-82.78481
2020-09-02T06:31:57.118719100,18.130484,-83.39769
2020-09-02T06:31:58.522548675,19.532885,-78.28572
2020-09-02T06:31:58.532466888,19.532871,-78.28569
2020-09-02T06:31:58.570232391,19.532887,-78.285645
2020-09-02T06:31:58.572139739,19.532875,-78.285645
2020-09-02T06:31:58.601896286,19.53286,-78.28567
2020-09-02T06:31:58.603803634,19.53286,-78.28566
2020-09-02T06:31:58.637754440,19.532822,-78.27129
2020-09-02T06:31:58.639661788,19.532845,-78.285675
2020-09-02T06:31:58.661405563,19.53285,-78.28572
2020-09-02T06:31:58.677427291,19.532833,-78.28565
2020-09-02T06:31:58.679334640,19.532837,-78.28565
2020-09-02T06:31:58.705276489,19.53282,-78.28565
2020-09-02T06:31:58.729309082,19.532911,-78.267525
2020-09-02T06:31:58.733123779,19.532928,-78.285675
2020-09-02T06:31:58.741134643,19.532804,-78.28565
2020-09-02T06:31:58.743041992,19.532816,-78.28566
2020-09-02T06:31:58.744949340,19.532827,-78.28567
2020-09-02T06:31:58.747238159,19.532799,-78.26351
2020-09-02T06:31:58.774703979,19.532858,-78.285675
2020-09-02T06:31:58.790725708,19.532812,-78.26404
2020-09-02T06:31:58.794921875,19.521034,-78.26857
2020-09-02T06:31:58.864351272,19.532806,-78.26473
2020-09-02T06:31:58.945985794,19.53282,-78.26414
2020-09-02T06:31:58.965824127,19.532774,-78.20826
2020-09-02T06:31:58.989475250,18.36369,-82.91931
2020-09-02T06:31:58.999393463,18.398518,-82.93093
2020-09-02T06:31:59.001682281,18.363632,-82.914536
2020-09-02T06:31:59.003589630,18.363659,-82.91779
2020-09-02T06:31:59.005496978,18.36359,-82.90827
2020-09-02T06:31:59.007404327,18.391613,-82.91635
2020-09-02T06:31:59.009311676,18.36341,-82.883865
2020-09-02T06:31:59.011600494,18.381786,-82.90896
2020-09-02T06:31:59.037158966,18.363497,-82.88388
2020-09-02T06:31:59.104681015,18.442871,-82.92398
2020-09-02T06:31:59.106969833,18.442858,-82.92202
2020-09-02T06:31:59.512475014,19.473017,-82.51092
2020-09-02T06:31:59.609751225,19.472717,-82.479195
2020-09-02T06:31:59.611658574,19.4437,-82.52024
2020-09-02T06:31:59.687190533,19.41539,-82.52985
2020-09-02T06:31:59.707027436,19.472963,-82.511604
2020-09-02T06:31:59.768826485,19.473114,-82.5153
2020-09-02T06:31:59.498360158,19.454033,-78.67024
2020-09-02T06:31:59.504464150,19.45403,-78.67022
2020-09-02T06:31:59.536126614,19.454006,-78.67027
2020-09-02T06:31:59.538415432,19.45402,-78.67029
2020-09-02T06:31:59.546426297,19.454031,-78.67026
2020-09-02T06:31:59.548333645,19.454031,-78.67024
2020-09-02T06:31:59.579996110,19.453972,-78.6702
2020-09-02T06:31:59.605936528,19.462847,-78.673996
2020-09-02T06:31:59.607843876,19.45398,-78.67013
2020-09-02T06:31:59.617762089,19.453993,-78.6701
2020-09-02T06:31:59.619669438,19.453999,-78.67009
2020-09-02T06:31:59.621958256,19.45401,-78.6701
2020-09-02T06:31:59.623865605,19.454042,-78.677155
2020-09-02T06:31:59.659724713,19.470467,-78.67064
2020-09-02T06:31:59.667354107,19.454042,-78.670204
2020-09-02T06:31:59.669642926,19.468243,-78.6588
2020-09-02T06:31:59.683375836,19.454004,-78.6702
2020-09-02T06:31:59.685283185,19.472494,-78.66032
2020-09-02T06:31:59.687572480,19.469076,-78.65962
2020-09-02T06:31:59.689479828,19.45398,-78.670166
2020-09-02T06:31:59.709316254,19.468983,-78.65912
2020-09-02T06:31:59.735256672,19.470377,-78.65991
2020-09-02T06:31:59.750897408,19.453983,-78.67015
2020-09-02T06:31:59.765011788,19.461304,-78.67031
2020-09-02T06:31:59.774930001,19.45412,-78.670105
2020-09-02T06:31:59.776837349,19.45413,-78.670105
2020-09-02T06:31:59.814603806,19.472902,-78.65824
2020-09-02T06:31:59.816511155,19.467823,-78.65005
2020-09-02T06:31:59.832532883,19.472094,-78.65428
2020-09-02T06:31:59.834440232,19.46682,-78.65471
2020-09-02T06:31:59.840543747,19.468159,-78.64312
2020-09-02T06:31:59.842451573,19.470175,-78.65129
2020-09-02T06:31:59.846266270,19.464018,-78.645424
2020-09-02T06:31:59.850462437,19.464962,-78.63587
2020-09-02T06:31:59.852369786,19.470694,-78.65483
2020-09-02T06:31:59.864195347,19.46203,-78.620384
2020-09-02T06:31:59.866484166,19.469788,-78.64566
2020-09-02T06:31:59.868391514,19.464916,-78.64901
2020-09-02T06:31:59.882124901,19.462782,-78.62457
2020-09-02T06:31:59.884413720,19.454046,-78.64721
2020-09-02T06:31:59.901961327,19.471472,-78.6473
2020-09-02T06:31:59.943923951,19.454096,-78.6701
2020-09-02T06:31:59.945831299,19.46988,-78.65418
2020-09-02T06:31:59.947738648,19.470644,-78.639084
2020-09-02T06:31:59.949645997,19.471117,-78.64878
2020-09-02T06:31:59.951934815,19.453892,-78.59276
2020-09-02T06:31:59.959945679,19.45393,-78.5928
2020-09-02T06:31:59.963760376,19.466396,-78.63314
2020-09-02T06:31:59.965667725,19.467386,-78.63192
2020-09-02T06:31:59.967575551,19.466436,-78.62973
2020-09-02T06:31:59.969864369,19.462599,-78.6181
2020-09-02T06:31:59.971771718,19.465649,-78.64043
2020-09-02T06:31:59.973679066,19.458279,-78.61953
2020-09-02T06:31:59.975586415,19.46396,-78.63363
2020-09-02T06:31:59.977493763,19.45392,-78.61262
2020-09-02T06:31:59.979782582,19.453856,-78.59268
2020-09-02T06:31:59.999619484,19.453901,-78.58105
2020-09-02T06:32:00.001526832,19.45392,-78.5927
2020-09-02T06:32:00.009537696,19.454117,-78.670105
2020-09-02T06:32:00.011445045,19.454115,-78.67011
2020-09-02T06:32:00.063325881,19.46967,-78.6558
2020-09-02T06:32:00.083162307,19.471622,-78.6361
2020-09-02T06:32:00.085069656,19.453917,-78.592705
2020-09-02T06:32:00.088884353,19.454063,-78.637825
2020-09-02T06:32:00.206378936,19.486988,-78.64322
2020-09-02T06:32:00.208286285,19.454012,-78.65233
2020-09-02T06:32:00.210193634,19.463585,-78.61671
2020-09-02T06:32:00.838484287,18.2882,-83.32046
2020-09-02T06:32:00.856413364,18.298271,-83.32935
2020-09-02T06:32:00.876250267,18.288343,-83.32568
2020-09-02T06:32:00.878157615,18.299665,-83.32796
2020-09-02T06:32:01.118868827,18.302502,-83.32893
2020-09-02T06:32:06.188298225,18.714823,-82.2879
2020-09-02T06:32:06.192494392,18.723553,-82.28199
2020-09-02T06:32:06.194401741,18.710817,-82.28695
2020-09-02T06:32:06.196309089,18.717241,-82.29071
2020-09-02T06:32:06.198216438,18.713566,-82.2805
2020-09-02T06:32:06.202412605,18.710386,-82.27493
2020-09-02T06:32:06.208134651,18.727036,-82.28213
2020-09-02T06:32:06.216145515,18.75509,-82.283646
2020-09-02T06:32:06.218052864,18.675795,-82.27944
2020-09-02T06:32:06.226063728,18.726547,-82.28217
2020-09-02T06:32:06.227971076,18.755196,-82.28371
2020-09-02T06:32:06.230259895,18.713564,-82.26778
2020-09-02T06:32:06.232168197,18.75522,-82.2837
2020-09-02T06:32:06.261922836,18.740374,-82.263084
2020-09-02T06:32:06.263830184,18.721529,-82.26831
2020-09-02T06:32:06.265737533,18.7551,-82.283646
2020-09-02T06:32:06.311514854,18.754839,-82.24273
2020-09-02T06:32:06.313803672,18.738382,-82.26016
2020-09-02T06:32:06.315711021,18.754873,-82.24925
2020-09-02T06:32:06.341269493,18.714407,-82.281494
2020-09-02T06:32:06.343558311,18.708036,-82.26459
2020-09-02T06:32:06.345465660,18.709047,-82.26994
2020-09-02T06:32:06.437020301,18.704123,-82.27196
2020-09-02T06:32:06.438927650,18.71019,-82.28232
2020-09-02T06:32:06.440834999,18.729515,-82.28219
2020-09-02T06:32:06.442742347,18.707703,-82.28516
2020-09-02T06:32:06.444649696,18.714993,-82.28403
2020-09-02T06:32:06.446938514,18.722876,-82.2952
2020-09-02T06:32:06.448845863,18.755041,-82.28352
2020-09-02T06:32:06.450753211,18.755049,-82.283516
2020-09-02T06:32:06.452660560,18.755037,-82.28354
2020-09-02T06:32:06.454949378,18.755024,-82.28356
2020-09-02T06:32:06.456856727,18.755013,-82.283585
2020-09-02T06:32:06.458764076,18.755001,-82.283615
2020-09-02T06:32:06.460671424,18.75499,-82.28363
2020-09-02T06:32:06.462578773,18.741156,-82.29525
2020-09-02T06:32:06.464867591,18.75512,-82.30059
2020-09-02T06:32:06.466774940,18.755146,-82.30329
2020-09-02T06:32:06.468682289,18.755194,-82.3094
2020-09-02T06:32:06.470589637,18.755226,-82.31324
2020-09-02T06:32:06.472496986,18.741407,-82.316414
2020-09-02T06:32:06.474785804,18.746305,-82.31162
2020-09-02T06:32:06.476693153,18.734257,-82.31416
2020-09-02T06:32:06.478600502,18.746912,-82.325455
2020-09-02T06:32:06.480508804,18.743095,-82.323006
2020-09-02T06:32:06.482416152,18.739975,-82.32985
2020-09-02T06:32:06.484704971,18.752176,-82.32825
2020-09-02T06:32:06.486612319,18.807995,-82.3403
2020-09-02T06:32:06.575877189,18.691101,-82.2723
2020-09-02T06:32:06.578166007,18.717228,-82.28159
2020-09-02T06:32:06.253911972,19.466133,-78.731964
2020-09-02T06:32:06.255819320,19.454254,-78.74749
2020-09-02T06:32:06.258108139,19.454233,-78.73838
2020-09-02T06:32:06.260015487,19.454218,-78.73207
2020-09-02T06:32:06.261922836,19.461214,-78.73321
2020-09-02T06:32:06.268026351,19.454214,-78.74743
2020-09-02T06:32:06.269933700,19.454203,-78.74741
2020-09-02T06:32:06.271841049,19.454166,-78.73643
2020-09-02T06:32:06.276037216,19.459581,-78.734665
2020-09-02T06:32:06.277944564,19.454172,-78.747475
2020-09-02T06:32:06.287862777,19.454203,-78.737976
2020-09-02T06:32:06.289770126,19.454243,-78.747475
2020-09-02T06:32:06.291677474,19.458536,-78.7376
2020-09-02T06:32:06.325629234,19.454187,-78.747375
2020-09-02T06:32:06.327536582,19.45925,-78.73594
2020-09-02T06:32:06.329443931,19.454165,-78.74738
2020-09-02T06:32:06.331732749,19.459255,-78.736855
2020-09-02T06:32:06.339362144,19.454111,-78.74747
2020-09-02T06:32:06.341650962,19.45409,-78.73811
2020-09-02T06:32:06.343558311,19.454134,-78.74743
2020-09-02T06:32:06.373313903,19.459799,-78.753654
2020-09-02T06:32:06.375221252,19.462635,-78.74175
2020-09-02T06:32:06.379417419,19.454212,-78.74743
2020-09-02T06:32:06.383232116,19.454205,-78.74743
2020-09-02T06:32:06.385139465,19.46279,-78.753746
2020-09-02T06:32:06.403068542,19.454365,-78.82472
2020-09-02T06:32:06.404975891,19.45413,-78.72915
2020-09-02T06:32:06.414894104,19.45436,-78.8248
2020-09-02T06:32:06.417182922,19.454268,-78.7919
2020-09-02T06:32:06.419091224,19.454147,-78.74742
2020-09-02T06:32:06.424813270,19.454357,-78.8248
2020-09-02T06:32:06.427102088,19.454313,-78.80305
2020-09-02T06:32:06.429009437,19.46843,-78.73101
2020-09-02T06:32:06.430916786,19.454191,-78.74738
2020-09-02T06:32:06.432824134,19.45437,-78.82477
2020-09-02T06:32:06.435112953,19.45429,-78.79729
2020-09-02T06:32:06.437020301,19.454153,-78.74737
2020-09-02T06:32:06.442742347,19.454332,-78.82473
2020-09-02T06:32:06.528192520,19.460579,-78.78044
2020-09-02T06:32:06.530481338,19.463385,-78.73114
2020-09-02T06:32:06.534296035,19.454308,-78.824715
2020-09-02T06:32:06.548411369,19.45433,-78.815445
2020-09-02T06:32:06.550318717,19.460777,-78.76866
2020-09-02T06:32:06.552226066,19.46201,-78.75269
2020-09-02T06:32:06.554133415,19.45434,-78.82477
2020-09-02T06:32:06.558329582,19.454243,-78.802864
2020-09-02T06:32:06.560236930,19.454216,-78.80013
2020-09-02T06:32:06.564051628,19.454163,-78.777916
2020-09-02T06:32:06.572062492,19.454296,-78.824745
2020-09-02T06:32:06.715115547,19.45422,-78.79619
2020-09-02T06:32:07.834364891,19.453762,-78.66966
2020-09-02T06:32:07.858398437,19.479107,-78.67031
2020-09-02T06:32:07.894256591,19.453766,-78.66967
2020-09-02T06:32:09.812697410,18.193857,-83.372986
2020-09-02T06:32:09.979784011,18.196144,-83.37572
2020-09-02T06:32:09.981691360,18.184591,-83.376976
2020-09-02T06:32:09.983598709,18.18204,-83.37643
2020-09-02T06:32:09.985506057,18.18862,-83.38155
2020-09-02T06:32:10.017550468,18.130035,-83.33552
2020-09-02T06:32:10.019457817,18.1756,-83.37749
2020-09-02T06:32:10.021365165,18.184855,-83.37642
2020-09-02T06:32:10.023272514,18.130285,-83.36321
2020-09-02T06:32:10.025561332,18.130072,-83.33552
2020-09-02T06:32:10.027468681,18.17889,-83.37239
2020-09-02T06:32:10.103000640,18.181057,-83.37824
2020-09-02T06:32:10.166707038,18.199312,-83.37785
2020-09-02T06:32:10.214391708,18.178963,-83.37209
2020-09-02T06:32:10.216299057,18.181759,-83.375
2020-09-02T06:32:10.218206405,18.17494,-83.37489
2020-09-02T06:32:10.224309921,18.130003,-83.335556
2020-09-02T06:32:10.226217269,18.171305,-83.37275
2020-09-02T06:32:10.228124618,18.17253,-83.3699
2020-09-02T06:32:10.230031967,18.168789,-83.36907
2020-09-02T06:32:10.231939315,18.169703,-83.369865
2020-09-02T06:32:10.234228134,18.129986,-83.33563
2020-09-02T06:32:10.287634849,18.167583,-83.370476
2020-09-02T06:32:10.363166809,18.168974,-83.37106
2020-09-02T06:32:10.365455627,18.130499,-83.37409
2020-09-02T06:32:10.385293006,18.175632,-83.37242
2020-09-02T06:32:10.595867156,18.130205,-83.33565
2020-09-02T06:32:11.667432785,18.29561,-83.32364
2020-09-02T06:32:11.677350997,18.288155,-83.31619
2020-09-02T06:32:11.679258346,18.29247,-83.314384
2020-09-02T06:32:11.681547164,18.288122,-83.312775
2020-09-02T06:32:11.707105636,18.288116,-83.3096
2020-09-02T06:32:11.709394454,18.28812,-83.30868
2020-09-02T06:32:11.737241744,18.288082,-83.30398
2020-09-02T06:32:11.739149093,18.288076,-83.30441
2020-09-02T06:32:11.747159957,18.287941,-83.28953
2020-09-02T06:32:11.749067306,18.287989,-83.29604
2020-09-02T06:32:11.824600219,18.287931,-83.284874
2020-09-02T06:32:16.486614227,18.38557,-82.75188
2020-09-02T06:32:16.494625091,18.361958,-82.727715
2020-09-02T06:32:16.273750305,19.45357,-78.61636
2020-09-02T06:32:16.276039123,19.473148,-78.61478
2020-09-02T06:32:16.289772033,19.479498,-78.616264
2020-09-02T06:32:16.299690246,19.481194,-78.61068
2020-09-02T06:32:16.341651916,19.453531,-78.63114
2020-09-02T06:32:16.363397598,19.48054,-78.6301
2020-09-02T06:32:16.369501113,19.453487,-78.632095
2020-09-02T06:32:16.373315811,19.475502,-78.63557
2020-09-02T06:32:16.377130508,19.472038,-78.63509
2020-09-02T06:32:16.379419326,19.45352,-78.63141
2020-09-02T06:32:16.385141372,19.453512,-78.62925
2020-09-02T06:32:16.391244888,19.453411,-78.59205
2020-09-02T06:32:16.409173965,19.483654,-78.593
2020-09-02T06:32:16.411081314,19.453495,-78.592186
2020-09-02T06:32:16.430917739,19.45341,-78.59214
2020-09-02T06:32:16.460672378,19.489063,-78.62774
2020-09-02T06:32:16.462961196,19.478216,-78.621506
2020-09-02T06:32:16.468683242,19.486044,-78.62112
2020-09-02T06:32:16.470590591,19.484566,-78.62148
2020-09-02T06:32:16.500728607,19.45335,-78.59219
2020-09-02T06:32:16.504543304,19.472387,-78.633415
2020-09-02T06:32:16.506450653,19.469683,-78.62824
2020-09-02T06:32:16.510646820,19.467419,-78.62923
2020-09-02T06:32:16.512554168,19.47196,-78.63019
2020-09-02T06:32:16.514461517,19.453457,-78.63217
2020-09-02T06:32:16.518276214,19.46762,-78.62943
2020-09-02T06:32:16.520565032,19.468035,-78.62689
2020-09-02T06:32:16.522472381,19.461391,-78.63421
2020-09-02T06:32:16.528575897,19.453403,-78.592125
2020-09-02T06:32:16.530483245,19.453482,-78.62913
2020-09-02T06:32:16.544216156,19.453394,-78.607025
2020-09-02T06:32:16.546123504,19.472036,-78.62819
2020-09-02T06:32:16.548412322,19.464174,-78.617645
2020-09-02T06:32:16.550319671,19.460823,-78.617744
2020-09-02T06:32:16.552227020,19.462145,-78.61705
2020-09-02T06:32:16.554134368,19.453407,-78.61366
2020-09-02T06:32:16.558330535,19.45335,-78.59208
2020-09-02T06:32:16.560237884,19.453346,-78.59205
2020-09-02T06:32:16.568248748,19.453388,-78.60932
2020-09-02T06:32:16.570156097,19.45339,-78.609886
2020-09-02T06:32:16.572063446,19.453362,-78.59218
2020-09-02T06:32:16.614027023,19.499622,-78.67079
2020-09-02T06:32:16.615934371,19.533321,-78.67176
2020-09-02T06:32:16.617841720,19.49032,-78.64012
2020-09-02T06:32:16.665525436,19.533401,-78.6718
2020-09-02T06:32:16.768905639,19.475018,-78.61646
2020-09-02T06:32:16.783020019,19.453415,-78.592155
2020-09-02T06:32:16.800567626,19.50361,-78.627014
2020-09-02T06:32:16.830703735,19.478106,-78.607834
2020-09-02T06:32:16.832611083,19.475107,-78.615166
2020-09-02T06:32:16.852449417,19.477219,-78.61312
2020-09-02T06:32:16.866182327,19.474407,-78.61425
2020-09-02T06:32:16.882204055,19.506214,-78.59371
2020-09-02T06:32:16.884111404,19.483408,-78.59307
2020-09-02T06:32:16.926073074,19.48889,-78.61092
2020-09-02T06:32:16.927980422,19.453316,-78.59217
2020-09-02T06:32:16.937898635,19.484604,-78.603
2020-09-02T06:32:16.941713333,19.473751,-78.61362
2020-09-02T06:32:16.957735061,19.478933,-78.60826
2020-09-02T06:32:17.009616851,19.496397,-78.58584
2020-09-02T06:32:17.011524200,19.480322,-78.595055
2020-09-02T06:32:17.013431549,19.453327,-78.59212
2020-09-02T06:32:17.017627716,19.484045,-78.5967
2020-09-02T06:32:17.061115264,19.486242,-78.594536
2020-09-02T06:32:17.063022613,19.481968,-78.60545
2020-09-02T06:32:17.088962554,19.533157,-78.5677
2020-09-02T06:32:17.090869903,19.477713,-78.61132
2020-09-02T06:32:17.096975326,19.453371,-78.59216
2020-09-02T06:32:17.098882675,19.486225,-78.59309
2020-09-02T06:32:17.112997055,19.475094,-78.614655
2020-09-02T06:32:17.118719100,19.475979,-78.61398
2020-09-02T06:32:17.121007919,19.533157,-78.59439
2020-09-02T06:32:17.122915267,19.490332,-78.60513
2020-09-02T06:32:17.124822616,19.4867,-78.592735
2020-09-02T06:32:17.126729965,19.501535,-78.601875
2020-09-02T06:32:17.128637313,19.496277,-78.5971
2020-09-02T06:32:17.130926132,19.48675,-78.60817
2020-09-02T06:32:17.144659042,19.533138,-78.59433
2020-09-02T06:32:17.146566390,19.53315,-78.594345
2020-09-02T06:32:17.154577255,19.509462,-78.591606
2020-09-02T06:32:17.156484603,19.486738,-78.59882
2020-09-02T06:32:17.158773422,19.504532,-78.58693
2020-09-02T06:32:17.160680770,19.491749,-78.58968
2020-09-02T06:32:17.162588119,19.506943,-78.57962
2020-09-02T06:32:17.164495468,19.51711,-78.57648
2020-09-02T06:32:17.166402816,19.492521,-78.59034
2020-09-02T06:32:17.168691635,19.532999,-78.55154
2020-09-02T06:32:17.170598983,19.52749,-78.560814
2020-09-02T06:32:17.172506332,19.517622,-78.57693
2020-09-02T06:32:17.174413681,19.526173,-78.56076
2020-09-02T06:32:17.176321029,19.522606,-78.572495
2020-09-02T06:32:17.178609848,19.511341,-78.57609
2020-09-02T06:32:17.180517196,19.532146,-78.5589
2020-09-02T06:32:17.182424545,19.507183,-78.580055
2020-09-02T06:32:17.184331893,19.537174,-78.556366
2020-09-02T06:32:17.186620712,19.522453,-78.57197
2020-09-02T06:32:17.188528060,19.525682,-78.56219
2020-09-02T06:32:17.190435409,19.535147,-78.542786
2020-09-02T06:32:17.192342758,19.54065,-78.56229
2020-09-02T06:32:17.194250106,19.521471,-78.56427
2020-09-02T06:32:17.196538925,19.533321,-78.67178
2020-09-02T06:32:17.196538925,19.532295,-78.55617
2020-09-02T06:32:17.198446273,19.518839,-78.55845
2020-09-02T06:32:17.200353622,19.534807,-78.55162
2020-09-02T06:32:17.202260971,19.534664,-78.55372
2020-09-02T06:32:17.204168319,19.544386,-78.54757
2020-09-02T06:32:17.206457138,19.54126,-78.53503
2020-09-02T06:32:17.208364486,19.511606,-78.571495
2020-09-02T06:32:17.210271835,19.576982,-78.53393
2020-09-02T06:32:17.212179183,19.564028,-78.54387
2020-09-02T06:32:17.214086532,19.559692,-78.55445
2020-09-02T06:32:17.216377258,19.49977,-78.59343
2020-09-02T06:32:17.218284606,19.559948,-78.54586
2020-09-02T06:32:17.220191955,19.55248,-78.55788
2020-09-02T06:32:17.222099304,19.453348,-78.59214
2020-09-02T06:32:17.224388122,19.532991,-78.51695
2020-09-02T06:32:17.226295471,19.54128,-78.52898
2020-09-02T06:32:17.228202819,19.533072,-78.54697
2020-09-02T06:32:17.230110168,19.579922,-78.54981
2020-09-02T06:32:17.232017517,19.51133,-78.57243
2020-09-02T06:32:17.234306335,19.556654,-78.55232
2020-09-02T06:32:17.236213684,19.533056,-78.54635
2020-09-02T06:32:17.238121032,19.548775,-78.53096
2020-09-02T06:32:17.240028381,19.518398,-78.554596
2020-09-02T06:32:17.244224548,19.532993,-78.51691
2020-09-02T06:32:17.246131896,19.548199,-78.527855
2020-09-02T06:32:17.248039245,19.533014,-78.51695
2020-09-02T06:32:17.256050109,19.53302,-78.517
2020-09-02T06:32:17.257957458,19.532963,-78.4915
2020-09-02T06:32:17.259864807,19.533012,-78.517006
2020-09-02T06:32:17.283897399,19.532843,-78.439735
2020-09-02T06:32:17.317466735,19.532759,-78.4397
2020-09-02T06:32:17.325477600,19.578367,-78.44089
2020-09-02T06:32:17.335395812,19.612682,-78.44178
2020-09-02T06:32:17.341501235,19.612694,-78.441765
2020-09-02T06:32:17.355234146,19.612738,-78.44171
2020-09-02T06:32:18.170446395,19.532316,-78.25355
2020-09-02T06:32:18.172353744,19.532341,-78.25516
2020-09-02T06:32:18.174642562,19.53237,-78.25792
2020-09-02T06:32:18.176549911,19.54051,-78.25517
2020-09-02T06:32:18.194478988,19.54155,-78.25377
2020-09-02T06:32:18.206306457,19.532393,-78.262245
2020-09-02T06:32:18.208213806,19.532402,-78.262405
2020-09-02T06:32:18.210121154,19.539791,-78.256325
2020-09-02T06:32:18.212409973,19.529192,-78.258125
2020-09-02T06:32:18.214317321,19.532377,-78.2651
2020-09-02T06:32:18.216224670,19.53239,-78.28489
2020-09-02T06:32:18.271919250,19.53216,-78.25932
2020-09-02T06:32:18.289848327,19.526543,-78.25825
2020-09-02T06:32:18.319602966,19.532372,-78.261185
2020-09-02T06:32:18.321510314,19.53242,-78.28482
2020-09-02T06:32:18.337533950,19.502634,-78.26363
2020-09-02T06:32:18.339441299,19.532406,-78.2612
2020-09-02T06:32:18.349359512,19.53238,-78.284805
2020-09-02T06:32:18.419168472,19.53238,-78.2591
2020-09-02T06:32:18.421075820,19.500452,-78.25946
2020-09-02T06:32:18.432901382,19.53234,-78.28482
2020-09-02T06:32:18.484783172,19.507406,-78.26194
2020-09-02T06:32:18.486690521,19.452587,-78.28284
2020-09-02T06:32:19.132528305,19.390043,-82.16175
2020-09-02T06:32:19.134817123,19.357279,-82.159966
2020-09-02T06:32:19.140539169,19.361654,-82.160194
2020-09-02T06:32:19.144735336,19.36009,-82.148964
2020-09-02T06:32:19.154653549,19.355965,-82.14929
2020-09-02T06:32:19.156560897,19.342726,-82.14293
2020-09-02T06:32:19.168386459,19.338814,-82.13952
2020-09-02T06:32:19.170293807,19.348083,-82.13614
2020-09-02T06:32:19.184408187,19.335075,-82.127396
2020-09-02T06:32:19.186315536,19.34939,-82.13153
2020-09-02T06:32:19.210350036,19.340078,-82.13139
2020-09-02T06:32:19.212257385,19.351595,-82.15971
2020-09-02T06:32:19.222175598,19.30992,-82.11483
2020-09-02T06:32:19.243919372,19.352406,-82.14834
2020-09-02T06:32:19.251930236,19.390022,-82.16178
2020-09-02T06:32:19.253837585,19.357517,-82.14366
2020-09-02T06:32:19.258033752,19.39006,-82.16178
2020-09-02T06:32:19.259941101,19.390072,-82.16178
2020-09-02T06:32:19.261848449,19.374517,-82.14439
2020-09-02T06:32:19.279777526,19.390087,-82.161766
2020-09-02T06:32:19.319450378,19.336555,-82.12932
2020-09-02T06:32:19.321359634,19.352,-82.12908
2020-09-02T06:32:19.337381362,19.332565,-82.10389
2020-09-02T06:32:19.339288711,19.337961,-82.11799
2020-09-02T06:32:19.341577529,19.349854,-82.121376
2020-09-02T06:32:19.349206924,19.349365,-82.106285
2020-09-02T06:32:19.351495742,19.347258,-82.09945
2020-09-02T06:32:19.353403091,19.337465,-82.11782
2020-09-02T06:32:19.359125137,19.350077,-82.09902
2020-09-02T06:32:19.361413955,19.389492,-82.08372
2020-09-02T06:32:19.363321304,19.363699,-82.10164
2020-09-02T06:32:19.365228652,19.374897,-82.0952
2020-09-02T06:32:19.373239517,19.38951,-82.083725
2020-09-02T06:32:19.381250381,19.389519,-82.083694
2020-09-02T06:32:19.399179458,19.38965,-82.10722
2020-09-02T06:32:20.205997467,19.416431,-82.50897
2020-09-02T06:32:20.202182769,19.472258,-82.50313
2020-09-02T06:32:20.208286285,19.392101,-82.47423
2020-09-02T06:32:20.263981819,19.428335,-82.50586
2020-09-02T06:32:20.277715206,19.4444,-82.50436
2020-09-02T06:32:20.504311561,18.463558,-82.84446
2020-09-02T06:32:20.600061893,18.510084,-82.851654
2020-09-02T06:32:20.601969242,18.496603,-82.85801
2020-09-02T06:32:20.415046215,18.287226,-83.33818
2020-09-02T06:32:20.421149730,18.293488,-83.33971
2020-09-02T06:32:20.510415077,18.289885,-83.342476
2020-09-02T06:32:20.754940986,19.471031,-78.670296
2020-09-02T06:32:20.780881404,19.453138,-78.669876
2020-09-02T06:32:20.897994518,19.45307,-78.66987
2020-09-02T06:32:23.252461433,17.538496,-77.074646
2020-09-02T06:32:23.254368782,17.539154,-77.07352
2020-09-02T06:32:23.256276130,17.54493,-77.075325
2020-09-02T06:32:23.258183479,17.554771,-77.06576
2020-09-02T06:32:23.260472297,17.554775,-77.062775
2020-09-02T06:32:23.262380599,17.55477,-77.09418
2020-09-02T06:32:23.268102645,17.55474,-77.06468
2020-09-02T06:32:23.371481895,17.517939,-77.07814
2020-09-02T06:32:25.337607383,19.533556,-78.67217
2020-09-02T06:32:25.383384704,19.51106,-78.67152
2020-09-02T06:32:25.436791419,19.533537,-78.67219
2020-09-02T06:32:27.729078292,18.287964,-83.31524
2020-09-02T06:32:27.730985641,18.297935,-83.3166
2020-09-02T06:32:27.733274459,18.287958,-83.31549
2020-09-02T06:32:27.738996505,18.299583,-83.314095
2020-09-02T06:32:27.740903854,18.28786,-83.30636
2020-09-02T06:32:27.792784690,18.287828,-83.303406
2020-09-02T06:32:27.830550193,18.287828,-83.29638
2020-09-02T06:32:27.832457542,18.287823,-83.291885
2020-09-02T06:32:27.991533279,18.300726,-83.298164
2020-09-02T06:32:27.993440628,18.308504,-83.304115
2020-09-02T06:32:28.023195266,18.29823,-83.29394
2020-09-02T06:32:28.025484085,18.287638,-83.287
2020-09-02T06:32:28.027392387,18.287657,-83.28797
2020-09-02T06:32:28.029299736,18.28751,-83.26781
2020-09-02T06:32:28.031207084,18.30221,-83.32754
2020-09-02T06:32:28.112842559,18.305275,-83.30547
2020-09-02T06:32:28.200200080,18.287428,-83.267845
2020-09-02T06:32:29.693295478,19.53359,-78.74996
2020-09-02T06:32:29.697492599,19.520903,-78.763596
2020-09-02T06:32:29.757001876,19.521906,-78.75532
2020-09-02T06:32:29.782942771,19.533672,-78.775856
2020-09-02T06:32:29.798583030,19.522057,-78.77183
2020-09-02T06:32:29.800871849,19.53358,-78.74983
2020-09-02T06:32:29.850463867,19.52513,-78.7824
2020-09-02T06:32:29.854278564,19.51885,-78.8022
2020-09-02T06:32:29.856567382,19.533737,-78.79307
2020-09-02T06:32:29.860382080,19.511274,-78.82668
2020-09-02T06:32:29.862289428,19.518538,-78.80992
2020-09-02T06:32:29.866485595,19.508175,-78.82658
2020-09-02T06:32:29.868392944,19.533728,-78.79513
2020-09-02T06:32:29.870300292,19.498495,-78.82628
2020-09-02T06:32:29.872207641,19.495121,-78.81306
2020-09-02T06:32:29.874496459,19.454008,-78.82496
2020-09-02T06:32:29.878311157,19.471867,-78.82547
2020-09-02T06:32:29.880218505,19.454046,-78.824936
2020-09-02T06:32:29.890137672,19.470425,-78.825424
2020-09-02T06:32:29.892045021,19.48544,-78.81482
2020-09-02T06:32:29.894333839,19.48863,-78.81669
2020-09-02T06:32:29.896241188,19.499508,-78.82628
2020-09-02T06:32:29.898148536,19.499907,-78.826294
2020-09-02T06:32:29.935914039,19.487421,-78.825966
2020-09-02T06:32:29.937821388,19.49433,-78.82618
2020-09-02T06:32:29.943924903,19.483042,-78.82585
2020-09-02T06:32:29.947740554,19.478788,-78.828285
2020-09-02T06:32:29.950029373,19.495108,-78.81398
2020-09-02T06:32:29.951936721,19.485798,-78.825905
2020-09-02T06:32:29.953844070,19.453966,-78.82496
2020-09-02T06:32:29.959947586,19.470806,-78.825424
2020-09-02T06:32:29.965669631,19.467957,-78.82536
2020-09-02T06:32:29.997713088,19.523863,-78.746506
2020-09-02T06:32:30.017550468,19.53357,-78.74993
2020-09-02T06:32:30.019457817,19.533566,-78.74995
2020-09-02T06:32:30.025561332,19.518534,-78.74951
2020-09-02T06:32:30.027468681,19.50356,-78.75149
2020-09-02T06:32:30.029376029,19.510883,-78.75734
2020-09-02T06:32:30.041201591,19.491962,-78.74866
2020-09-02T06:32:30.063326835,19.480515,-78.7483
2020-09-02T06:32:30.065234184,19.486979,-78.758545
2020-09-02T06:32:30.067141532,19.493294,-78.75816
2020-09-02T06:32:30.069049835,19.53352,-78.74986
2020-09-02T06:32:30.073246002,19.533731,-78.82731
2020-09-02T06:32:30.096897125,19.485064,-78.748505
2020-09-02T06:32:30.098804473,19.494835,-78.75947
2020-09-02T06:32:30.101093292,19.48481,-78.76812
2020-09-02T06:32:30.106815338,19.453766,-78.7476
2020-09-02T06:32:30.108722686,19.473372,-78.775024
2020-09-02T06:32:30.111011505,19.479836,-78.76547
2020-09-02T06:32:30.112918853,19.475933,-78.77006
2020-09-02T06:32:30.114826202,19.478638,-78.77068
2020-09-02T06:32:30.198369979,19.52219,-78.749664
2020-09-02T06:32:30.270087242,19.484554,-78.76124
2020-09-02T06:32:30.271994590,19.48036,-78.77093
2020-09-02T06:32:30.385293006,19.512093,-78.75859
2020-09-02T06:32:30.387200355,19.477478,-78.770226
2020-09-02T06:32:30.426873207,19.453896,-78.82505
2020-09-02T06:32:31.902040481,18.20839,-83.34097
2020-09-02T06:32:31.983675003,18.208397,-83.34108
2020-09-02T06:32:32.015336990,18.20838,-83.341
2020-09-02T06:32:32.055393218,18.20839,-83.34102
2020-09-02T06:32:32.122913360,18.20848,-83.34101
2020-09-02T06:32:32.124820709,18.208473,-83.340996
2020-09-02T06:32:32.126728057,18.213867,-83.34595
2020-09-02T06:32:32.128635406,18.215042,-83.34317
2020-09-02T06:32:32.130924224,18.217482,-83.3485
2020-09-02T06:32:32.180517196,18.217024,-83.34736
2020-09-02T06:32:32.182424545,18.20841,-83.34099
2020-09-02T06:32:32.188528060,18.214645,-83.3408
2020-09-02T06:32:32.190435409,18.20836,-83.34101
2020-09-02T06:32:32.192342758,18.208366,-83.34101
2020-09-02T06:32:32.202260971,18.208414,-83.34099
2020-09-02T06:32:32.204168319,18.208372,-83.33378
2020-09-02T06:32:32.206457138,18.21638,-83.341446
2020-09-02T06:32:32.218282699,18.208378,-83.34094
2020-09-02T06:32:32.272071838,18.215855,-83.35294
2020-09-02T06:32:32.275886535,18.20842,-83.34097
2020-09-02T06:32:32.281990051,18.20855,-83.35384
2020-09-02T06:32:32.303733825,18.208485,-83.353775
2020-09-02T06:32:32.327766418,18.20839,-83.34105
2020-09-02T06:32:32.329673767,18.216696,-83.34063
2020-09-02T06:32:32.331581115,18.20836,-83.34105
2020-09-02T06:32:31.939805984,19.49399,-78.67143
2020-09-02T06:32:32.166402816,19.490044,-78.67135
2020-09-02T06:32:32.168691635,19.48644,-78.67124
2020-09-02T06:32:32.176702499,19.453289,-78.67027
2020-09-02T06:32:32.182424545,19.485321,-78.671165
2020-09-02T06:32:32.184331893,19.49215,-78.671364
2020-09-02T06:32:32.234304428,19.489887,-78.67126
2020-09-02T06:32:32.236211776,19.485506,-78.67114
2020-09-02T06:32:32.240026473,19.479029,-78.6691
2020-09-02T06:32:32.241933822,19.472986,-78.67159
2020-09-02T06:32:32.244222640,19.480871,-78.671036
2020-09-02T06:32:32.272071838,19.490768,-78.671265
2020-09-02T06:32:32.285804748,19.471615,-78.67052
2020-09-02T06:32:32.287712097,19.471102,-78.670334
2020-09-02T06:32:32.290000915,19.480831,-78.67105
2020-09-02T06:32:32.295722961,19.453268,-78.67024
2020-09-02T06:32:32.297630310,19.472807,-78.66992
2020-09-02T06:32:32.299919128,19.475407,-78.66968
2020-09-02T06:32:32.301826477,19.45323,-78.67021
2020-09-02T06:32:32.303733825,19.453228,-78.67021
2020-09-02T06:32:32.305641174,19.465878,-78.67056
2020-09-02T06:32:32.307548522,19.46762,-78.67061
2020-09-02T06:32:32.385368347,19.475586,-78.669624
2020-09-02T06:32:32.387275695,19.470451,-78.667915
2020-09-02T06:32:32.391092300,19.453243,-78.67028
2020-09-02T06:32:32.417032241,19.464159,-78.67248
2020-09-02T06:32:32.426950454,19.490658,-78.67134
2020-09-02T06:32:32.428857803,19.470827,-78.66987
2020-09-02T06:32:32.438776016,19.484716,-78.66353
2020-09-02T06:32:32.444879531,19.453245,-78.67023
2020-09-02T06:32:32.446786880,19.483368,-78.665115
2020-09-02T06:32:32.448694229,19.480566,-78.65836
2020-09-02T06:32:32.450983047,19.478117,-78.65255
2020-09-02T06:32:32.452890396,19.478241,-78.658875
2020-09-02T06:32:32.454797744,19.470646,-78.6517
2020-09-02T06:32:32.458993911,19.463806,-78.63501
2020-09-02T06:32:32.460901260,19.47287,-78.651505
2020-09-02T06:32:32.462808609,19.480284,-78.671
2020-09-02T06:32:32.466623306,19.463852,-78.619606
2020-09-02T06:32:32.468912124,19.474638,-78.65462
2020-09-02T06:32:32.472726821,19.453287,-78.67026
2020-09-02T06:32:32.480737686,19.453087,-78.592834
2020-09-02T06:32:32.482645034,19.453257,-78.67021
2020-09-02T06:32:32.490655899,19.47864,-78.60813
2020-09-02T06:32:32.494470596,19.49042,-78.67134
2020-09-02T06:32:32.554363250,19.453312,-78.67032
2020-09-02T06:32:32.556270599,19.49525,-78.67149
2020-09-02T06:32:32.651639938,19.4777,-78.647194
2020-09-02T06:32:32.653547286,19.488789,-78.64301
2020-09-02T06:32:32.679487228,19.492281,-78.67129
2020-09-02T06:32:34.017704010,15.277179,-82.11673
2020-09-02T06:32:34.023807525,15.241813,-82.11523
2020-09-02T06:32:34.101245880,15.271419,-82.09443
2020-09-02T06:32:34.105442047,15.276543,-82.10266
2020-09-02T06:32:34.210729598,15.294819,-82.098
2020-09-02T06:32:34.228658676,15.318566,-82.07546
2020-09-02T06:32:34.230566024,15.27759,-82.07146
2020-09-02T06:32:34.232473373,15.28179,-82.07426
2020-09-02T06:32:34.234762191,15.279946,-82.07493
2020-09-02T06:32:34.236669540,15.287235,-82.07293
2020-09-02T06:32:34.238576889,15.285091,-82.06914
2020-09-02T06:32:34.240484237,15.291561,-82.08291
2020-09-02T06:32:34.242391586,15.318589,-82.07927
2020-09-02T06:32:34.270240783,15.318287,-82.008064
2020-09-02T06:32:34.272529602,15.325605,-82.03273
2020-09-02T06:32:34.274436950,15.31528,-82.04546
2020-09-02T06:32:34.381631851,15.291307,-82.09548
2020-09-02T06:32:34.383539199,15.277274,-82.08851
2020-09-02T06:32:34.385828018,15.27316,-82.08248
2020-09-02T06:32:34.387735366,15.318696,-82.07661
2020-09-02T06:32:34.403375625,15.318374,-82.01599
2020-09-02T06:32:34.267951965,19.490145,-78.25983
2020-09-02T06:32:34.269859313,19.489767,-78.260155
2020-09-02T06:32:34.287788391,19.51522,-78.26237
2020-09-02T06:32:34.440759658,19.532543,-78.28532
2020-09-02T06:32:34.452966690,19.452879,-78.28328
2020-09-02T06:32:34.482721328,19.474058,-78.28378
2020-09-02T06:32:34.526592254,19.452751,-78.25952
2020-09-02T06:32:34.528499603,19.452793,-78.2833
2020-09-02T06:32:34.564357757,19.488525,-78.25877
2020-09-02T06:32:34.586101531,19.494066,-78.267204
2020-09-02T06:32:34.592205047,19.496069,-78.24838
2020-09-02T06:32:34.637601852,19.479202,-78.25371
2020-09-02T06:32:34.643705368,19.532627,-78.285324
2020-09-02T06:32:34.645612716,19.50177,-78.26084
2020-09-02T06:32:34.701307296,19.489428,-78.25353
2020-09-02T06:32:34.703214645,19.511723,-78.261894
2020-09-02T06:32:34.729154586,19.493,-78.243835
2020-09-02T06:32:34.763107299,19.532541,-78.207924
2020-09-02T06:32:34.765014648,19.493553,-78.24479
2020-09-02T06:32:35.101093292,18.29554,-83.33595
2020-09-02T06:32:35.119024276,18.363575,-82.9119
2020-09-02T06:32:35.120931625,18.363352,-82.88339
2020-09-02T06:32:35.132757186,18.363379,-82.88346
2020-09-02T06:32:35.180440902,18.363451,-82.88346
2020-09-02T06:32:35.289924621,18.386066,-82.92777
2020-09-02T06:32:35.291831970,18.36364,-82.92266
2020-09-02T06:32:35.407037734,18.3879,-82.91139
2020-09-02T06:32:35.436792373,18.363548,-82.90833
2020-09-02T06:32:35.458917617,18.382845,-82.91795
2020-09-02T06:32:35.466928482,18.36374,-82.92909
2020-09-02T06:32:35.468835830,18.386404,-82.93246
2020-09-02T06:32:35.470743179,18.393581,-82.94248
2020-09-02T06:32:35.472650527,18.380434,-82.94042
2020-09-02T06:32:35.474557876,18.373373,-82.94429
2020-09-02T06:32:35.492488861,18.371998,-82.93781
2020-09-02T06:32:35.494396209,18.36936,-82.95574
2020-09-02T06:32:35.496685028,18.365892,-82.94533
2020-09-02T06:32:35.498592376,18.37485,-82.94811
2020-09-02T06:32:35.500499725,18.36406,-82.961075
2020-09-02T06:32:35.532543182,18.34219,-82.97571
2020-09-02T06:32:35.534450531,18.38627,-82.93066
2020-09-02T06:32:35.625623703,18.3773,-82.93971
2020-09-02T06:32:35.627912521,18.369802,-82.93723
2020-09-02T06:32:35.673688888,18.363483,-82.883385
2020-09-02T06:32:35.725187301,18.374136,-82.92311
2020-09-02T06:32:35.727094650,18.384964,-82.950745
2020-09-02T06:32:35.729001998,18.356993,-82.962234
2020-09-02T06:32:35.731292724,18.37481,-82.950264
2020-09-02T06:32:35.733200073,18.370636,-82.950676
2020-09-02T06:32:35.735107421,18.356663,-82.95445
2020-09-02T06:32:35.762954711,18.350279,-82.95436
2020-09-02T06:32:35.764862060,18.35761,-82.95761
2020-09-02T06:32:35.766769409,18.344404,-82.955795
2020-09-02T06:32:35.769058227,18.362215,-82.951775
2020-09-02T06:32:35.770965576,18.367195,-82.94707
2020-09-02T06:32:35.772872924,18.351889,-82.95325
2020-09-02T06:32:35.794616699,18.285124,-82.956604
2020-09-02T06:32:35.796905517,18.316284,-82.958084
2020-09-02T06:32:35.798812866,18.335697,-82.954735
2020-09-02T06:32:35.800720214,18.361975,-82.94178
2020-09-02T06:32:35.802627563,18.354803,-82.943375
2020-09-02T06:32:35.804534912,18.364153,-82.96108
2020-09-02T06:32:35.818649291,18.285126,-82.95655
2020-09-02T06:32:35.820556640,18.28512,-82.95655
2020-09-02T06:32:35.953691482,18.364138,-82.96112
2020-09-02T06:32:35.961702346,18.35644,-82.94599
2020-09-02T06:32:35.963609695,18.361675,-82.9426
2020-09-02T06:32:35.965898513,18.334866,-82.95162
2020-09-02T06:32:35.967805862,18.331879,-82.95652
2020-09-02T06:32:35.969713211,18.327206,-82.95971
2020-09-02T06:32:35.971620559,18.323317,-82.95628
2020-09-02T06:32:35.973527908,18.32178,-82.95868
2020-09-02T06:32:35.975816726,18.285198,-82.95659
2020-09-02T06:32:35.981540679,18.28525,-82.95657
2020-09-02T06:32:35.983829498,18.293497,-82.96927
2020-09-02T06:32:35.985736846,18.299444,-82.96639
2020-09-02T06:32:35.987644195,18.328806,-82.956314
2020-09-02T06:32:35.989551544,18.333742,-82.94451
2020-09-02T06:32:35.991458892,18.28521,-82.9566
2020-09-02T06:32:35.993747711,18.285898,-82.97213
2020-09-02T06:32:35.995655059,18.364218,-82.9611
2020-09-02T06:32:36.204320907,18.28582,-83.034294
2020-09-02T06:32:36.204320907,18.12793,-83.02527
2020-09-02T06:32:40.655757427,19.4935,-78.63006
2020-09-02T06:32:40.661479473,19.496155,-78.6253
2020-09-02T06:32:40.669490337,19.474709,-78.62548
2020-09-02T06:32:40.699245452,19.487158,-78.59334
2020-09-02T06:32:40.753033638,19.454762,-78.6266
2020-09-02T06:32:40.757229804,19.49064,-78.62714
2020-09-02T06:32:40.759137153,19.454708,-78.63164
2020-09-02T06:32:40.762951850,19.502382,-78.62651
2020-09-02T06:32:40.769055366,19.492168,-78.630165
2020-09-02T06:32:40.770963191,19.534475,-78.6268
2020-09-02T06:32:40.784696102,19.501446,-78.63397
2020-09-02T06:32:40.786984920,19.53445,-78.59467
2020-09-02T06:32:40.798810482,19.534472,-78.63058
2020-09-02T06:32:40.856413364,19.486752,-78.63028
2020-09-02T06:32:43.367285728,19.533173,-78.28525
2020-09-02T06:32:43.369193077,19.53318,-78.285255
2020-09-02T06:32:43.383307456,19.533161,-78.28526
2020-09-02T06:32:43.385215759,19.533165,-78.28525
2020-09-02T06:32:43.429084777,19.53309,-78.272255
2020-09-02T06:32:43.452736854,19.53318,-78.28526
2020-09-02T06:32:43.455025672,19.533197,-78.28524
2020-09-02T06:32:43.484780311,19.533127,-78.28526
2020-09-02T06:32:43.621729850,19.52468,-78.26964
2020-09-02T06:32:43.667507171,19.533148,-78.28525
2020-09-02T06:32:43.703366279,19.53306,-78.27064
2020-09-02T06:32:43.828490257,19.45418,-78.66992
2020-09-02T06:32:43.850615501,19.454147,-78.66993
2020-09-02T06:32:43.856337547,19.454136,-78.66993
2020-09-02T06:32:43.908218383,19.473896,-78.670525
2020-09-02T06:32:43.939880371,19.454067,-78.66994
2020-09-02T06:32:43.941787719,19.47087,-78.68453
2020-09-02T06:32:43.944077491,19.473475,-78.68464
2020-09-02T06:32:43.949799537,19.454166,-78.67001
2020-09-02T06:32:43.955903053,19.454113,-78.67003
2020-09-02T06:32:43.959717750,19.454205,-78.72754
2020-09-02T06:32:43.961625099,19.45421,-78.73326
2020-09-02T06:32:43.963913917,19.45421,-78.733406
2020-09-02T06:32:43.973832130,19.454243,-78.74737
2020-09-02T06:32:43.987565040,19.467169,-78.6841
2020-09-02T06:32:43.989472389,19.454205,-78.70811
2020-09-02T06:32:43.991761207,19.454113,-78.66992
2020-09-02T06:32:43.993668556,19.454283,-78.747314
2020-09-02T06:32:43.999772071,19.454052,-78.67
2020-09-02T06:32:44.009691238,19.454168,-78.724686
2020-09-02T06:32:44.027238845,19.454283,-78.74735
2020-09-02T06:32:44.029527664,19.454256,-78.737045
2020-09-02T06:32:44.043260574,19.472162,-78.68046
2020-09-02T06:32:44.051271438,19.468971,-78.68234
2020-09-02T06:32:44.063097000,19.464834,-78.6817
2020-09-02T06:32:44.065004348,19.454056,-78.66994
2020-09-02T06:32:44.085223197,19.454248,-78.73324
2020-09-02T06:32:44.087130546,19.462303,-78.685776
2020-09-02T06:32:44.089037895,19.464247,-78.68775
2020-09-02T06:32:44.092852592,19.466164,-78.68193
2020-09-02T06:32:44.098956108,19.454113,-78.66993
2020-09-02T06:32:44.108874320,19.45411,-78.66991
2020-09-02T06:32:44.113070487,19.45428,-78.74729
2020-09-02T06:32:44.114977836,19.45424,-78.73516
2020-09-02T06:32:44.116885185,19.461348,-78.73536
2020-09-02T06:32:44.118792533,19.454216,-78.73518
2020-09-02T06:32:44.128711700,19.454271,-78.747406
2020-09-02T06:32:44.130619049,19.454279,-78.74742
2020-09-02T06:32:44.142826080,19.454107,-78.669975
2020-09-02T06:32:44.170673370,19.464561,-78.6815
2020-09-02T06:32:44.236287117,19.454098,-78.67
2020-09-02T06:32:44.261846542,19.45415,-78.670006
2020-09-02T06:32:44.264135360,19.454313,-78.74739
2020-09-02T06:32:44.305715560,19.454096,-78.67007
2020-09-02T06:32:44.343482017,19.460545,-78.736336
2020-09-02T06:32:44.345389366,19.454323,-78.74744
2020-09-02T06:32:44.373236656,19.454227,-78.732574
2020-09-02T06:32:44.385444641,19.454285,-78.74739
2020-09-02T06:32:44.391166687,19.454287,-78.73325
2020-09-02T06:32:44.411003112,19.454245,-78.74742
2020-09-02T06:32:44.420921325,19.45431,-78.74748
2020-09-02T06:32:44.430839538,19.454298,-78.74742
2020-09-02T06:32:44.456780433,19.45425,-78.73094
2020-09-02T06:32:44.430839538,18.288055,-83.32235
2020-09-02T06:32:44.743268013,18.288115,-83.32479
2020-09-02T06:32:44.794767379,18.289282,-83.34356
2020-09-02T06:32:45.111010551,18.442127,-82.81021
2020-09-02T06:32:45.112917900,18.44214,-82.81021
2020-09-02T06:32:45.188450813,18.44219,-82.81028
2020-09-02T06:32:45.190358161,18.441198,-82.8101
2020-09-02T06:32:45.273900985,18.44221,-82.81023
2020-09-02T06:32:45.288015365,18.442217,-82.810196
2020-09-02T06:32:45.500497817,18.445051,-82.8141
2020-09-02T06:32:45.502405166,18.44198,-82.782646
2020-09-02T06:32:45.514612197,18.442179,-82.810196
2020-09-02T06:32:45.613796234,18.442245,-82.81023
2020-09-02T06:32:45.721371650,18.713158,-82.289375
2020-09-02T06:32:45.723278999,18.715609,-82.28559
2020-09-02T06:32:45.725186347,18.7307,-82.28212
2020-09-02T06:32:45.749219894,18.726503,-82.28189
2020-09-02T06:32:45.753034591,18.675957,-82.27919
2020-09-02T06:32:45.756849288,18.708559,-82.273506
2020-09-02T06:32:45.759138107,18.722855,-82.28169
2020-09-02T06:32:45.774778366,18.72541,-82.28187
2020-09-02T06:32:45.777067184,18.720991,-82.281624
2020-09-02T06:32:45.798811912,18.71796,-82.258026
2020-09-02T06:32:45.800719261,18.711346,-82.257515
2020-09-02T06:32:45.802626609,18.709856,-82.26267
2020-09-02T06:32:45.894180297,18.700163,-82.25443
2020-09-02T06:32:45.896087646,18.714123,-82.26844
2020-09-02T06:32:46.007478713,18.712566,-82.26002
2020-09-02T06:32:46.009386062,18.704054,-82.265175
2020-09-02T06:32:46.011293411,18.719809,-82.24922
2020-09-02T06:32:46.013582229,18.707066,-82.25956
2020-09-02T06:32:46.023500442,18.711535,-82.262505
2020-09-02T06:32:46.051348686,18.705112,-82.25792
2020-09-02T06:32:46.091021537,18.7207,-82.25463
2020-09-02T06:32:46.092928886,18.719414,-82.281364
2020-09-02T06:32:46.168460845,18.720955,-82.25875
2020-09-02T06:32:46.200505256,18.755156,-82.283264
2020-09-02T06:32:46.202412605,18.729433,-82.26385
2020-09-02T06:32:46.238271713,18.72025,-82.28141
2020-09-02T06:32:50.073246002,19.505053,-78.670364
2020-09-02T06:32:50.144581794,19.534536,-78.67122
2020-09-02T06:32:50.220113754,19.534607,-78.67121
2020-09-02T06:32:50.246053695,19.53456,-78.671234
2020-09-02T06:32:50.309760093,19.510124,-78.67059
2020-09-02T06:32:50.447092056,19.534544,-78.67131
2020-09-02T06:32:54.315635681,19.482433,-78.67066
2020-09-02T06:32:54.317543029,19.47777,-78.65512
2020-09-02T06:32:54.321739196,19.474184,-78.650276
2020-09-02T06:32:54.323646545,19.482101,-78.64567
2020-09-02T06:32:54.329750061,19.481314,-78.63777
2020-09-02T06:32:54.343482971,19.48152,-78.631256
2020-09-02T06:32:54.345390319,19.470896,-78.63598
2020-09-02T06:32:54.347679138,19.453999,-78.625336
2020-09-02T06:32:54.355308532,19.471779,-78.616516
2020-09-02T06:32:54.357597351,19.481205,-78.628525
2020-09-02T06:32:54.361412048,19.479826,-78.62429
2020-09-02T06:32:54.383157730,19.467405,-78.60902
2020-09-02T06:32:54.385446548,19.475592,-78.62072
2020-09-02T06:32:54.407190322,19.453892,-78.5925
2020-09-02T06:32:54.409097671,19.453888,-78.59249
2020-09-02T06:32:54.452966690,19.47875,-78.62491
2020-09-02T06:32:54.454874038,19.453997,-78.61906
2020-09-02T06:32:54.456781387,19.453945,-78.59243
2020-09-02T06:32:54.462884902,19.471737,-78.636986
2020-09-02T06:32:54.466699600,19.454016,-78.62379
2020-09-02T06:32:54.468606948,19.485445,-78.63916
2020-09-02T06:32:54.474710464,19.477528,-78.64093
2020-09-02T06:32:54.560161590,19.471512,-78.60943
2020-09-02T06:32:54.562068939,19.477879,-78.63036
2020-09-02T06:32:54.564357757,19.48458,-78.629395
2020-09-02T06:32:54.571987152,19.473173,-78.6446
2020-09-02T06:32:54.574275970,19.476788,-78.6238
2020-09-02T06:32:54.631879806,19.454058,-78.66985
2020-09-02T06:32:54.653623580,18.288073,-83.33114
2020-09-02T06:32:54.757003784,18.288027,-83.32891
2020-09-02T06:32:55.168615341,18.301252,-83.334885
2020-09-02T06:32:56.671628952,19.460655,-78.8368
2020-09-02T06:32:56.673536300,19.454208,-78.824196
2020-09-02T06:32:56.675443649,19.454206,-78.8242
2020-09-02T06:32:56.679639816,19.4542,-78.82423
2020-09-02T06:32:56.683454513,19.454212,-78.82424
2020-09-02T06:32:56.711301803,19.454117,-78.82413
2020-09-02T06:32:56.719312667,19.454231,-78.83439
2020-09-02T06:32:56.721221923,19.459818,-78.83301
2020-09-02T06:32:56.723129272,19.454208,-78.824165
2020-09-02T06:32:56.725418090,19.458757,-78.830574
2020-09-02T06:32:56.727325439,19.454218,-78.834885
2020-09-02T06:32:56.733047485,19.454191,-78.82425
2020-09-02T06:32:56.735336303,19.454206,-78.82425
2020-09-02T06:32:56.749069213,19.45415,-78.82422
2020-09-02T06:32:56.750976562,19.458895,-78.829956
2020-09-02T06:32:56.753265380,19.454124,-78.82421
2020-09-02T06:32:56.755172729,19.45863,-78.83115
2020-09-02T06:32:56.768905639,19.454151,-78.824196
2020-09-02T06:32:56.770812988,19.45416,-78.82419
2020-09-02T06:32:56.773101806,19.454155,-78.824196
2020-09-02T06:32:56.802856445,19.460707,-78.82433
2020-09-02T06:32:56.804763793,19.461004,-78.830635
2020-09-02T06:32:56.814682006,19.454159,-78.82414
2020-09-02T06:32:56.816589355,19.454159,-78.82415
2020-09-02T06:32:56.824600219,19.454163,-78.82416
2020-09-02T06:32:56.826507568,19.462652,-78.820915
2020-09-02T06:32:56.828796386,19.463753,-78.82443
2020-09-02T06:32:56.850542068,19.454117,-78.8242
2020-09-02T06:32:56.852449417,19.454134,-78.824196
2020-09-02T06:32:56.856645584,19.465078,-78.81752
2020-09-02T06:32:56.858552932,19.454178,-78.824165
2020-09-02T06:32:56.860460281,19.454191,-78.82415
2020-09-02T06:32:56.862367630,19.454187,-78.82415
2020-09-02T06:32:56.864274978,19.462982,-78.81968
2020-09-02T06:32:56.866563796,19.454176,-78.82416
2020-09-02T06:32:56.880296707,19.454159,-78.82415
2020-09-02T06:32:56.882204055,19.454165,-78.82416
2020-09-02T06:32:56.884111404,19.454172,-78.82417
2020-09-02T06:32:56.894411087,19.454187,-78.824196
2020-09-02T06:32:56.898225784,19.454176,-78.824165
2020-09-02T06:32:56.900133132,19.45417,-78.82416
2020-09-02T06:32:56.902040481,19.45417,-78.82417
2020-09-02T06:32:56.908143997,19.454174,-78.82427
2020-09-02T06:32:56.918062210,19.454153,-78.82423
2020-09-02T06:32:56.924165725,19.454128,-78.82418
2020-09-02T06:32:56.932176589,19.473461,-78.82472
2020-09-02T06:32:56.937898635,19.454218,-78.84637
2020-09-02T06:32:56.939805984,19.459133,-78.84417
2020-09-02T06:32:56.942094802,19.454243,-78.84796
2020-09-02T06:32:56.947816848,19.45424,-78.85282
2020-09-02T06:32:56.949724197,19.45423,-78.850555
2020-09-02T06:32:56.952013015,19.454239,-78.853905
2020-09-02T06:32:56.953920364,19.461739,-78.856544
2020-09-02T06:32:56.955827713,19.462576,-78.8594
2020-09-02T06:32:56.957735061,19.454254,-78.855255
2020-09-02T06:32:56.959642410,19.464401,-78.8654
2020-09-02T06:32:56.961931228,19.467678,-78.86633
2020-09-02T06:32:56.963838577,19.472029,-78.869896
2020-09-02T06:32:56.965745925,19.47083,-78.875435
2020-09-02T06:32:56.967653274,19.464989,-78.875275
2020-09-02T06:32:56.969944000,19.463837,-78.86407
2020-09-02T06:32:56.971851348,19.454422,-78.90162
2020-09-02T06:32:56.973758697,19.454374,-78.88504
2020-09-02T06:32:56.975666046,19.459888,-78.885
2020-09-02T06:32:56.977573394,19.454304,-78.862045
2020-09-02T06:32:56.979862213,19.454369,-78.88821
2020-09-02T06:32:56.981769561,19.454344,-78.88227
2020-09-02T06:32:56.983676910,19.458055,-78.88537
2020-09-02T06:32:56.985584259,19.454273,-78.865616
2020-09-02T06:32:56.987491607,19.454273,-78.87053
2020-09-02T06:32:56.989780426,19.457157,-78.88494
2020-09-02T06:32:56.991687774,19.457003,-78.87583
2020-09-02T06:32:56.993595123,19.454273,-78.88168
2020-09-02T06:32:56.995502471,19.454268,-78.882095
2020-09-02T06:32:56.997791290,19.454311,-78.90157
2020-09-02T06:32:56.999698638,19.458593,-78.88663
2020-09-02T06:32:57.001605987,19.465586,-78.872475
2020-09-02T06:32:57.003513336,19.454271,-78.89259
2020-09-02T06:32:57.005420684,19.45716,-78.88603
2020-09-02T06:32:57.007709503,19.454224,-78.877556
2020-09-02T06:32:57.011524200,19.454288,-78.90157
2020-09-02T06:32:57.013431549,19.454279,-78.891266
2020-09-02T06:32:57.015338897,19.456673,-78.880455
2020-09-02T06:32:57.017627716,19.454288,-78.88197
2020-09-02T06:32:57.023349761,19.44155,-78.90115
2020-09-02T06:32:57.025257110,19.454329,-78.90156
2020-09-02T06:32:57.027545928,19.454311,-78.90158
2020-09-02T06:32:57.033267974,19.429401,-78.900856
2020-09-02T06:32:57.035556793,19.45423,-78.8835
2020-09-02T06:32:57.037464141,19.45419,-78.86953
2020-09-02T06:32:57.039371490,19.49229,-78.87998
2020-09-02T06:32:57.041278839,19.487717,-78.87894
2020-09-02T06:32:57.043186187,19.424898,-78.89115
2020-09-02T06:32:57.045475006,19.454218,-78.86782
2020-09-02T06:32:57.047382354,19.454243,-78.870804
2020-09-02T06:32:57.049289703,19.478804,-78.88065
2020-09-02T06:32:57.085147857,19.53405,-78.903885
2020-09-02T06:32:57.087055206,19.519426,-78.90344
2020-09-02T06:32:57.088962554,19.510397,-78.88795
2020-09-02T06:32:57.090869903,19.490541,-78.88494
2020-09-02T06:32:57.093160629,19.454037,-78.82411
2020-09-02T06:32:57.093160629,19.503717,-78.90299
2020-09-02T06:32:57.095067977,19.486639,-78.877525
2020-09-02T06:32:57.096975326,19.478668,-78.87455
2020-09-02T06:32:57.101171493,19.454105,-78.82419
2020-09-02T06:32:57.106893539,19.532127,-78.847275
2020-09-02T06:32:57.108800888,19.509102,-78.85996
2020-09-02T06:32:57.110708236,19.83902,-78.83363
2020-09-02T06:32:57.111089706,19.49119,-78.858765
2020-09-02T06:32:57.112997055,19.494667,-78.857666
2020-09-02T06:32:57.114904403,19.508324,-78.86396
2020-09-02T06:32:57.116811752,19.53388,-78.826454
2020-09-02T06:32:57.180517196,19.53399,-78.90391
2020-09-02T06:32:57.182424545,19.477068,-78.84711
2020-09-02T06:32:57.218284606,19.454025,-78.82412
2020-09-02T06:32:57.220191955,19.454014,-78.82411
2020-09-02T06:32:58.013660430,19.484983,-78.65932
2020-09-02T06:32:58.019382476,19.453657,-78.66942
2020-09-02T06:32:58.084997177,19.495468,-78.670555
2020-09-02T06:32:58.117040634,19.494467,-78.670525
2020-09-02T06:32:58.132680892,19.481632,-78.660995
2020-09-02T06:32:58.158620834,19.453579,-78.66943
2020-09-02T06:32:58.160528182,19.453596,-78.66945
2020-09-02T06:32:58.192571640,19.477959,-78.6613
2020-09-02T06:32:58.198293685,19.453587,-78.66945
2020-09-02T06:32:58.200582504,19.480124,-78.661415
2020-09-02T06:32:58.228050231,19.490578,-78.67043
2020-09-02T06:32:58.230339050,19.47959,-78.65838
2020-09-02T06:32:58.250175476,19.453547,-78.66954
2020-09-02T06:32:58.343637466,19.489521,-78.6704
2020-09-02T06:32:58.367288589,19.479216,-78.65787
2020-09-02T06:32:58.383310317,19.48273,-78.65782
2020-09-02T06:32:58.417261123,19.453665,-78.669395
2020-09-02T06:32:58.419168472,19.490377,-78.67043
2020-09-02T06:32:58.437097549,19.480907,-78.67016
2020-09-02T06:32:58.460750579,19.453571,-78.66931
2020-09-02T06:32:58.510723114,19.45361,-78.669365
2020-09-02T06:32:58.514537811,19.453634,-78.66935
2020-09-02T06:32:58.572139739,19.453547,-78.66944
2020-09-02T06:33:00.516518592,18.447296,-82.83162
2020-09-02T06:33:00.695430755,18.441675,-82.809135
2020-09-02T06:33:00.727093219,18.414795,-82.80598
2020-09-02T06:33:00.751126289,18.418385,-82.79991
2020-09-02T06:33:00.753033638,18.362663,-82.80534
2020-09-02T06:33:00.761044502,18.441378,-82.756325
2020-09-02T06:33:00.762951850,18.441204,-82.73207
2020-09-02T06:33:00.834669589,18.406275,-82.80745
2020-09-02T06:33:00.862516880,18.362642,-82.8054
2020-09-02T06:33:00.866332054,18.383518,-82.78452
2020-09-02T06:33:00.949874877,18.37728,-82.79613
2020-09-02T06:33:00.951782226,18.393799,-82.78932
2020-09-02T06:33:01.615931510,18.285873,-83.11163
2020-09-02T06:33:01.639583110,18.300726,-83.0935
2020-09-02T06:33:01.669719696,18.33152,-83.1028
2020-09-02T06:33:01.695278167,18.34336,-83.09072
2020-09-02T06:33:03.369193077,18.286938,-83.267044
2020-09-02T06:33:03.419166564,18.28684,-83.267075
2020-09-02T06:33:03.421073913,18.286844,-83.26708
2020-09-02T06:33:03.452736854,18.286856,-83.26708
2020-09-02T06:33:03.488595008,18.286884,-83.26707
2020-09-02T06:33:03.498513221,18.286934,-83.267105
2020-09-02T06:33:03.524454116,18.286915,-83.2671
2020-09-02T06:33:03.548105239,18.286833,-83.26705
2020-09-02T06:33:03.606089591,18.286827,-83.267006
2020-09-02T06:33:04.224080085,19.53276,-78.59413
2020-09-02T06:33:04.226368904,19.532768,-78.59414
2020-09-02T06:33:04.232090950,19.532776,-78.594154
2020-09-02T06:33:04.236287117,19.532755,-78.594154
2020-09-02T06:33:04.238194465,19.532743,-78.594154
2020-09-02T06:33:04.240101814,19.532732,-78.594154
2020-09-02T06:33:04.246205329,19.532772,-78.59417
2020-09-02T06:33:04.248112678,19.532774,-78.58794
2020-09-02T06:33:04.258031845,19.532839,-78.594185
2020-09-02T06:33:04.259939193,19.532848,-78.594185
2020-09-02T06:33:04.267950057,19.532833,-78.59411
2020-09-02T06:33:04.282064437,19.518728,-78.59375
2020-09-02T06:33:04.283971786,19.516745,-78.59368
2020-09-02T06:33:04.293889999,19.511784,-78.59354
2020-09-02T06:33:04.301900863,19.508371,-78.59347
2020-09-02T06:33:04.303808212,19.50858,-78.59346
2020-09-02T06:33:04.317542076,19.53283,-78.59411
2020-09-02T06:33:04.345389366,19.53276,-78.59411
2020-09-02T06:33:04.351492881,19.532747,-78.594055
2020-09-02T06:33:04.405281066,19.532791,-78.59412
2020-09-02T06:33:04.407188415,19.53279,-78.59411
2020-09-02T06:33:04.415199279,19.53279,-78.59411
2020-09-02T06:33:04.417106628,19.53279,-78.59412
2020-09-02T06:33:04.419013977,19.532791,-78.594124
2020-09-02T06:33:04.420921325,19.528545,-78.59278
2020-09-02T06:33:04.423210144,19.529673,-78.59352
2020-09-02T06:33:04.468605995,19.532682,-78.594086
2020-09-02T06:33:04.474709510,19.53569,-78.584236
2020-09-02T06:33:04.480813026,19.532671,-78.57913
2020-09-02T06:33:04.482720375,19.532682,-78.5814
2020-09-02T06:33:04.488823890,19.53267,-78.56708
2020-09-02T06:33:04.490731239,19.535582,-78.57695
2020-09-02T06:33:04.492638587,19.534592,-78.573204
2020-09-02T06:33:04.494545936,19.53268,-78.57184
2020-09-02T06:33:04.496453285,19.534588,-78.563644
2020-09-02T06:33:04.498742103,19.536655,-78.566536
2020-09-02T06:33:04.500650405,19.537247,-78.559006
2020-09-02T06:33:04.508661270,19.532537,-78.51664
2020-09-02T06:33:04.512475967,19.539318,-78.54857
2020-09-02T06:33:04.514383316,19.53558,-78.57562
2020-09-02T06:33:04.516672134,19.532516,-78.51662
2020-09-02T06:33:04.518579483,19.53256,-78.53878
2020-09-02T06:33:04.520486831,19.532612,-78.56426
2020-09-02T06:33:04.524301528,19.53252,-78.516655
2020-09-02T06:33:04.526590347,19.532646,-78.57103
2020-09-02T06:33:04.528497695,19.532648,-78.56853
2020-09-02T06:33:04.530405044,19.532589,-78.53848
2020-09-02T06:33:04.532312393,19.54219,-78.52522
2020-09-02T06:33:04.534219741,19.541162,-78.53717
2020-09-02T06:33:04.536508560,19.537811,-78.551414
2020-09-02T06:33:04.538415908,19.541424,-78.55391
2020-09-02T06:33:04.540323257,19.544502,-78.55216
2020-09-02T06:33:04.542230606,19.532553,-78.54284
2020-09-02T06:33:04.546426773,19.568207,-78.529045
2020-09-02T06:33:04.548334121,19.532503,-78.51672
2020-09-02T06:33:04.550241470,19.532572,-78.546425
2020-09-02T06:33:04.552148818,19.573414,-78.53642
2020-09-02T06:33:04.554437637,19.561146,-78.54725
2020-09-02T06:33:04.556344985,19.532728,-78.59411
2020-09-02T06:33:04.562067985,19.532589,-78.51667
2020-09-02T06:33:04.570078849,19.612421,-78.51883
2020-09-02T06:33:04.571986198,19.590538,-78.518234
2020-09-02T06:33:04.582285881,19.532372,-78.43928
2020-09-02T06:33:04.582285881,19.532705,-78.59407
2020-09-02T06:33:04.627681732,19.612206,-78.4414
2020-09-02T06:33:04.629970550,19.612213,-78.44141
2020-09-02T06:33:04.629970550,19.532679,-78.59406
2020-09-02T06:33:04.635692596,19.612188,-78.441414
2020-09-02T06:33:04.641796112,19.612192,-78.451996
2020-09-02T06:33:04.645610809,19.612202,-78.44143
2020-09-02T06:33:04.647899627,19.612217,-78.44143
2020-09-02T06:33:04.649806976,19.612267,-78.45798
2020-09-02T06:33:04.655529022,19.612307,-78.462715
2020-09-02T06:33:04.667736053,19.61231,-78.47627
2020-09-02T06:33:04.673458099,19.612303,-78.48515
2020-09-02T06:33:04.681468963,19.612356,-78.51879
2020-09-02T06:33:04.683376312,19.61235,-78.51879
2020-09-02T06:33:04.689480781,19.612288,-78.49903
2020-09-02T06:33:04.695584297,19.612331,-78.51884
2020-09-02T06:33:04.703213691,19.61234,-78.51885
2020-09-02T06:33:04.896240234,19.53264,-78.577995
2020-09-02T06:33:04.902343750,19.532652,-78.59406
2020-09-02T06:33:04.908065795,19.532648,-78.59404
2020-09-02T06:33:04.909973144,19.532648,-78.59403
2020-09-02T06:33:04.924087524,19.532585,-78.59411
2020-09-02T06:33:04.932099342,19.532578,-78.59401
2020-09-02T06:33:04.934006690,19.532581,-78.594025
2020-09-02T06:33:04.955750465,19.532608,-78.594055
2020-09-02T06:33:04.975586891,19.540037,-78.585304
2020-09-02T06:33:04.983597755,19.53256,-78.594
2020-09-02T06:33:05.017549514,19.53261,-78.59401
2020-09-02T06:33:05.019456863,19.53874,-78.58967
2020-09-02T06:33:05.454720497,19.510324,-78.670815
2020-09-02T06:33:05.474938392,19.508356,-78.67078
2020-09-02T06:33:05.621807098,19.485617,-78.6659
2020-09-02T06:33:05.639736175,19.496586,-78.67048
2020-09-02T06:33:05.647747039,19.4995,-78.67054
2020-09-02T06:33:05.691617012,19.498886,-78.67056
2020-09-02T06:33:05.693524360,19.487165,-78.670235
2020-09-02T06:33:05.709546089,19.452898,-78.669266
2020-09-02T06:33:05.733197212,19.49505,-78.670395
2020-09-02T06:33:05.774778366,19.494465,-78.67043
2020-09-02T06:33:05.816740989,19.475763,-78.68585
2020-09-02T06:33:06.419091224,19.531721,-78.28485
2020-09-02T06:33:06.420998573,19.531708,-78.28485
2020-09-02T06:33:06.427102088,19.53176,-78.28484
2020-09-02T06:33:06.433205604,19.531765,-78.26786
2020-09-02T06:33:06.435112953,19.53519,-78.27048
2020-09-02T06:33:06.437020301,19.531826,-78.27101
2020-09-02T06:33:06.438927650,19.531776,-78.26936
2020-09-02T06:33:06.482797622,19.53169,-78.267365
2020-09-02T06:33:06.484704971,19.508543,-78.28429
2020-09-02T06:33:06.510644912,19.531786,-78.2691
2020-09-02T06:33:06.512552261,19.531809,-78.28486
2020-09-02T06:33:06.522470474,19.531767,-78.28483
2020-09-02T06:33:06.524377822,19.531752,-78.28484
2020-09-02T06:33:06.536584854,19.531683,-78.26372
2020-09-02T06:33:06.546504020,19.531761,-78.28491
2020-09-02T06:33:06.570155143,19.524012,-78.269035
2020-09-02T06:33:06.578166007,19.531717,-78.266136
2020-09-02T06:33:06.599909782,19.531754,-78.28485
2020-09-02T06:33:06.743345260,19.539505,-78.251366
2020-09-02T06:33:06.770811080,19.531715,-78.284966
2020-09-02T06:33:06.945908546,19.53156,-78.20761
2020-09-02T06:33:08.526362419,18.289293,-83.342636
2020-09-02T06:33:08.762876510,18.286877,-83.33819
2020-09-02T06:33:10.520335197,19.48351,-78.63098
2020-09-02T06:33:10.522624015,19.48064,-78.62924
2020-09-02T06:33:10.526438713,19.45294,-78.623795
2020-09-02T06:33:10.530253410,19.474438,-78.62533
2020-09-02T06:33:10.536356925,19.467566,-78.62997
2020-09-02T06:33:10.544367790,19.45287,-78.63424
2020-09-02T06:33:10.546275138,19.468342,-78.63023
2020-09-02T06:33:10.548182487,19.452866,-78.62613
2020-09-02T06:33:10.550471305,19.452877,-78.62771
2020-09-02T06:33:10.552378654,19.452888,-78.623825
2020-09-02T06:33:10.560389518,19.452917,-78.59245
2020-09-02T06:33:10.576030731,19.45289,-78.5925
2020-09-02T06:33:10.627911567,19.452879,-78.59251
2020-09-02T06:33:10.631726264,19.452888,-78.59249
2020-09-02T06:33:10.633633613,19.452864,-78.592476
2020-09-02T06:33:10.645840644,19.45282,-78.59245
2020-09-02T06:33:10.661480903,19.452827,-78.59245
2020-09-02T06:33:10.735105514,19.452892,-78.61936
2020-09-02T06:33:10.737012863,19.476427,-78.62473
2020-09-02T06:33:10.739301681,19.480997,-78.62732
2020-09-02T06:33:10.741209030,19.484625,-78.63319
2020-09-02T06:33:10.747312545,19.452824,-78.5925
2020-09-02T06:33:10.749220848,19.481464,-78.62997
2020-09-02T06:33:10.754942893,19.475975,-78.61599
2020-09-02T06:33:10.764861106,19.505667,-78.6181
2020-09-02T06:33:10.767149925,19.489807,-78.6224
2020-09-02T06:33:10.772871971,19.488657,-78.62946
2020-09-02T06:33:10.832763671,19.467142,-78.62379
2020-09-02T06:33:10.834671020,19.465368,-78.62162
2020-09-02T06:33:10.838485717,19.452972,-78.59251
2020-09-02T06:33:10.840393066,19.465338,-78.62121
2020-09-02T06:33:10.842681884,19.452986,-78.59251
2020-09-02T06:33:10.848403930,19.457716,-78.609184
2020-09-02T06:33:10.850692749,19.460793,-78.618454
2020-09-02T06:33:10.858322143,19.532866,-78.67211
2020-09-02T06:33:10.860610961,19.452915,-78.61324
2020-09-02T06:33:10.862518310,19.452953,-78.62634
2020-09-02T06:33:10.914017677,19.532948,-78.672134
2020-09-02T06:33:10.918213844,19.453012,-78.60446
2020-09-02T06:33:10.920121192,19.452995,-78.59249
2020-09-02T06:33:10.922028541,19.469511,-78.6189
2020-09-02T06:33:10.930039405,19.51074,-78.65158
2020-09-02T06:33:10.983827590,19.532906,-78.67212
2020-09-02T06:33:10.987642288,19.473995,-78.6261
2020-09-02T06:33:10.989549636,19.452879,-78.592514
2020-09-02T06:33:11.001756668,19.532896,-78.64419
2020-09-02T06:33:11.343559265,19.472038,-82.49543
2020-09-02T06:33:11.345466613,19.472086,-82.4988
2020-09-02T06:33:11.353477478,19.47216,-82.50019
2020-09-02T06:33:11.379035949,19.471968,-82.47872
2020-09-02T06:33:11.381324768,19.46466,-82.514565
2020-09-02T06:33:11.383232116,19.465391,-82.50777
2020-09-02T06:33:11.430917739,19.438187,-82.523186
2020-09-02T06:33:11.432825088,19.472313,-82.51507
2020-09-02T06:33:11.488519668,19.47215,-82.50781
2020-09-02T06:33:11.580074310,19.427073,-82.53028
2020-09-02T06:33:11.581981658,19.472227,-82.514145
2020-09-02T06:33:11.583889007,19.464495,-82.507324
2020-09-02T06:33:11.619747161,19.47221,-82.51332
2020-09-02T06:33:11.619747161,19.313133,-82.58633
2020-09-02T06:33:11.621654510,19.472218,-82.51304
2020-09-02T06:33:11.649503707,19.472239,-82.51688
2020-09-02T06:33:11.697187423,19.472267,-82.512634
2020-09-02T06:33:11.673536300,18.38733,-82.91761
2020-09-02T06:33:11.675443649,18.3631,-82.915436
2020-09-02T06:33:11.693372726,18.363104,-82.91771
2020-09-02T06:33:11.695280075,18.37946,-82.916046
2020-09-02T06:33:11.753263473,18.362833,-82.882996
2020-09-02T06:33:11.758985519,18.376421,-82.91226
2020-09-02T06:33:11.760892868,18.363085,-82.91266
2020-09-02T06:33:11.763181686,18.363047,-82.90881
2020-09-02T06:33:11.765089035,18.363035,-82.90846
2020-09-02T06:33:11.766996383,18.363,-82.90504
2020-09-02T06:33:11.870376586,18.363527,-82.9608
2020-09-02T06:33:11.886398315,18.377224,-82.83587
2020-09-02T06:33:12.021442413,18.397213,-82.92332
2020-09-02T06:33:14.460977554,18.209446,-83.37463
2020-09-02T06:33:14.709318161,18.418411,-82.89295
2020-09-02T06:33:14.748992919,18.409988,-82.88086
2020-09-02T06:33:14.753189086,18.418793,-82.877625
2020-09-02T06:33:14.763107299,18.41868,-82.88239
2020-09-02T06:33:14.287788391,19.454159,-78.74614
2020-09-02T06:33:14.289695739,19.46139,-78.73206
2020-09-02T06:33:14.291984558,19.454157,-78.74614
2020-09-02T06:33:14.295799255,19.454132,-78.746155
2020-09-02T06:33:14.297706604,19.45412,-78.74617
2020-09-02T06:33:14.307624816,19.454123,-78.74623
2020-09-02T06:33:14.315635681,19.454155,-78.74627
2020-09-02T06:33:14.319831848,19.462978,-78.735016
2020-09-02T06:33:14.331657409,19.45423,-78.74623
2020-09-02T06:33:14.333564758,19.45998,-78.73841
2020-09-02T06:33:14.335472106,19.461432,-78.7366
2020-09-02T06:33:14.337760925,19.454178,-78.74623
2020-09-02T06:33:14.341575622,19.45416,-78.74622
2020-09-02T06:33:14.349586486,19.459085,-78.737
2020-09-02T06:33:14.361412048,19.454185,-78.746155
2020-09-02T06:33:14.375528335,19.454216,-78.74618
2020-09-02T06:33:14.377435684,19.45422,-78.74616
2020-09-02T06:33:14.379343032,19.454226,-78.74614
2020-09-02T06:33:14.383157730,19.454222,-78.746155
2020-09-02T06:33:14.407190322,19.454247,-78.74617
2020-09-02T06:33:14.413293838,19.454311,-78.77777
2020-09-02T06:33:14.417108535,19.454247,-78.766136
2020-09-02T06:33:14.492639541,19.454174,-78.72804
2020-09-02T06:33:14.494548797,19.45422,-78.74618
2020-09-02T06:33:14.496837615,19.454224,-78.746185
2020-09-02T06:33:14.510570526,19.454226,-78.72561
2020-09-02T06:33:14.530406951,19.454231,-78.74627
2020-09-02T06:33:14.582286834,19.468178,-78.73073
2020-09-02T06:33:14.584194183,19.461271,-78.75256
2020-09-02T06:33:14.586101531,19.454216,-78.74627
2020-09-02T06:33:14.592205047,19.454388,-78.82365
2020-09-02T06:33:14.596019744,19.454273,-78.76492
2020-09-02T06:33:14.597927093,19.459757,-78.76012
2020-09-02T06:33:14.599834442,19.461283,-78.75682
2020-09-02T06:33:14.602123260,19.454262,-78.74627
2020-09-02T06:33:14.604030609,19.460892,-78.76716
2020-09-02T06:33:14.610134124,19.454378,-78.80278
2020-09-02T06:33:14.612041473,19.454304,-78.773895
2020-09-02T06:33:14.613948822,19.45433,-78.78529
2020-09-02T06:33:14.615856170,19.454233,-78.74625
2020-09-02T06:33:14.635694503,19.454433,-78.82365
2020-09-02T06:33:14.637983322,19.454453,-78.823654
2020-09-02T06:33:14.649808883,19.454445,-78.82368
2020-09-02T06:33:14.651716232,19.450161,-78.80248
2020-09-02T06:33:14.653623580,19.454252,-78.746284
2020-09-02T06:33:14.689481735,19.440744,-78.80405
2020-09-02T06:33:14.691389083,19.454458,-78.823654
2020-09-02T06:33:14.773025512,19.461973,-78.74471
2020-09-02T06:33:14.774932861,19.454323,-78.78194
2020-09-02T06:33:16.025409698,19.48735,-78.67026
2020-09-02T06:33:16.115056991,19.487017,-78.67034
2020-09-02T06:33:16.128789901,19.454086,-78.66937
2020-09-02T06:33:16.130697250,19.486303,-78.67027
2020-09-02T06:33:16.132986068,19.471352,-78.66342
2020-09-02T06:33:16.134893417,19.489138,-78.67034
2020-09-02T06:33:16.160833358,19.483437,-78.6762
2020-09-02T06:33:16.176473617,19.491117,-78.67042
2020-09-02T06:33:16.178380966,19.48315,-78.67763
2020-09-02T06:33:16.212331771,19.48702,-78.670334
2020-09-02T06:33:16.214239120,19.48266,-78.67018
2020-09-02T06:33:16.234077453,19.454128,-78.66934
2020-09-02T06:33:16.236366271,19.474134,-78.67084
2020-09-02T06:33:16.252006530,19.484467,-78.67021
2020-09-02T06:33:16.279853820,19.45412,-78.669395
2020-09-02T06:33:16.281761169,19.476946,-78.66978
2020-09-02T06:33:16.301979064,19.454138,-78.66937
2020-09-02T06:33:16.319526672,19.482283,-78.67023
2020-09-02T06:33:16.339744567,19.479622,-78.6701
2020-09-02T06:33:16.355386734,19.454107,-78.669426
2020-09-02T06:33:16.377511978,19.47665,-78.67003
2020-09-02T06:33:16.405359268,19.454107,-78.669426
2020-09-02T06:33:19.128713607,18.287876,-83.33148
2020-09-02T06:33:19.130620956,18.295897,-83.33057
2020-09-02T06:33:19.184408187,18.295605,-83.33231
2020-09-02T06:33:19.226371765,18.287857,-83.32898
2020-09-02T06:33:19.339670181,18.287865,-83.32624
2020-09-02T06:33:19.351495742,18.28777,-83.32005
2020-09-02T06:33:19.353403091,18.287785,-83.32196
2020-09-02T06:33:23.922332763,15.242571,-82.076385
2020-09-02T06:33:23.926528930,15.284094,-82.085365
2020-09-02T06:33:23.928436279,15.282669,-82.08369
2020-09-02T06:33:23.930343627,15.277884,-82.08546
2020-09-02T06:33:23.934539794,15.242553,-82.08774
2020-09-02T06:33:23.994050025,15.293897,-82.084984
2020-09-02T06:33:23.995957374,15.319639,-82.118484
2020-09-02T06:33:24.748991012,18.964361,-82.7879
2020-09-02T06:33:24.297704696,18.715267,-82.28138
2020-09-02T06:33:24.301900863,18.71738,-82.28149
2020-09-02T06:33:24.303808212,18.702042,-82.28872
2020-09-02T06:33:24.305715560,18.715677,-82.28142
2020-09-02T06:33:24.307622909,18.708443,-82.28714
2020-09-02T06:33:24.309911727,18.706799,-82.28303
2020-09-02T06:33:24.337759971,18.712826,-82.281235
2020-09-02T06:33:24.339667320,18.712822,-82.281235
2020-09-02T06:33:24.341574668,18.67616,-82.27928
2020-09-02T06:33:24.349585533,18.704603,-82.28078
2020-09-02T06:33:24.387351989,18.71428,-82.28135
2020-09-02T06:33:24.389259338,18.712639,-82.28126
2020-09-02T06:33:24.413291931,18.719564,-82.28165
2020-09-02T06:33:24.417106628,18.75547,-82.283516
2020-09-02T06:33:24.428932189,18.72626,-82.28196
2020-09-02T06:33:24.478905677,18.704844,-82.27257
2020-09-02T06:33:24.480813026,18.711899,-82.281204
2020-09-02T06:33:24.502557754,18.721376,-82.31455
2020-09-02T06:33:24.504465103,18.723625,-82.269966
2020-09-02T06:33:24.506753921,18.721869,-82.27917
2020-09-02T06:33:24.508661270,18.713163,-82.27142
2020-09-02T06:33:24.510568618,18.67611,-82.279305
2020-09-02T06:33:24.512475967,18.722187,-82.28177
2020-09-02T06:33:24.514383316,18.755424,-82.283554
2020-09-02T06:33:24.530405044,18.676722,-82.35705
2020-09-02T06:33:24.538415908,18.676706,-82.357025
2020-09-02T06:33:24.594111442,18.700262,-82.21835
2020-09-02T06:33:24.596018791,18.722094,-82.30975
2020-09-02T06:33:24.597926139,18.73342,-82.29846
2020-09-02T06:33:24.651714324,18.675117,-82.123985
2020-09-02T06:33:24.653621673,18.701344,-82.262924
2020-09-02T06:33:24.657817840,18.70292,-82.26378
2020-09-02T06:33:24.683376312,18.676718,-82.35698
2020-09-02T06:33:24.685666084,18.676706,-82.35698
2020-09-02T06:33:24.687573432,18.676693,-82.35697
2020-09-02T06:33:24.689480781,18.703049,-82.27224
2020-09-02T06:33:24.691388130,18.676802,-82.37632
2020-09-02T06:33:24.693295478,18.67665,-82.35697
2020-09-02T06:33:24.695584297,18.676632,-82.35697
2020-09-02T06:33:24.697491645,18.676615,-82.35697
2020-09-02T06:33:24.699398994,18.6766,-82.35697
2020-09-02T06:33:24.713513374,18.706593,-82.28332
2020-09-02T06:33:24.719235420,18.676945,-82.390884
2020-09-02T06:33:24.721142768,18.67695,-82.39107
2020-09-02T06:33:24.723431587,18.676928,-82.39032
2020-09-02T06:33:24.725338935,18.676891,-82.3878
2020-09-02T06:33:24.727246284,18.676868,-82.386894
2020-09-02T06:33:24.729153633,18.691063,-82.36506
2020-09-02T06:33:24.731060981,18.685854,-82.37374
2020-09-02T06:33:24.733349800,18.67685,-82.38561
2020-09-02T06:33:24.739071846,18.68877,-82.35354
2020-09-02T06:33:24.740979194,18.684948,-82.37557
2020-09-02T06:33:24.743268013,18.688688,-82.37796
2020-09-02T06:33:24.745175361,18.688112,-82.37491
2020-09-02T06:33:24.747083663,18.698854,-82.38598
2020-09-02T06:33:24.748991012,18.749153,-82.35364
2020-09-02T06:33:24.748991012,19.18165,-82.618576
2020-09-02T06:33:24.751279830,18.688236,-82.33433
2020-09-02T06:33:24.750898361,19.076027,-82.69051
2020-09-02T06:33:24.818800926,18.676119,-82.27931
2020-09-02T06:33:24.820708274,18.676592,-82.35477
2020-09-02T06:33:24.820708274,18.67507,-82.12398
2020-09-02T06:33:25.753034591,19.485136,-78.66649
2020-09-02T06:33:25.798811912,19.494822,-78.6712
2020-09-02T06:33:25.824751853,19.50031,-78.671394
2020-09-02T06:33:25.842680931,19.454258,-78.670074
2020-09-02T06:33:25.864425659,19.505981,-78.67151
2020-09-02T06:33:25.884262084,19.49615,-78.67118
2020-09-02T06:33:25.904098510,19.48083,-78.66983
2020-09-02T06:33:25.906005859,19.494478,-78.671135
2020-09-02T06:33:25.947968482,19.483942,-78.67032
2020-09-02T06:33:25.961701393,19.492609,-78.67107
2020-09-02T06:33:25.977723121,19.49048,-78.67097
2020-09-02T06:33:25.989549636,19.454287,-78.67001
2020-09-02T06:33:26.003664016,19.454319,-78.67002
2020-09-02T06:33:26.019685745,19.454271,-78.670006
2020-09-02T06:33:26.077288627,19.454216,-78.67007
2020-09-02T06:33:26.083010673,19.484814,-78.67095
2020-09-02T06:33:26.882202148,19.454262,-78.67006
2020-09-02T06:33:26.918061256,19.454216,-78.67005
2020-09-02T06:33:26.919968605,19.47948,-78.659515
2020-09-02T06:33:26.924164772,19.480204,-78.66187
2020-09-02T06:33:26.926072120,19.47993,-78.657555
2020-09-02T06:33:26.927979469,19.482216,-78.65424
2020-09-02T06:33:26.929886817,19.474037,-78.64713
2020-09-02T06:33:26.932175636,19.482101,-78.64394
2020-09-02T06:33:26.940186500,19.479174,-78.64081
2020-09-02T06:33:26.942093849,19.454004,-78.619995
2020-09-02T06:33:26.944001197,19.454046,-78.63443
2020-09-02T06:33:26.945908546,19.475187,-78.63262
2020-09-02T06:33:26.947815895,19.454142,-78.670074
2020-09-02T06:33:26.953919410,19.454004,-78.61381
2020-09-02T06:33:26.955826759,19.473827,-78.63397
2020-09-02T06:33:26.963837623,19.472244,-78.62483
2020-09-02T06:33:26.965744972,19.474136,-78.62802
2020-09-02T06:33:26.967652320,19.476171,-78.63639
2020-09-02T06:33:26.991685867,19.453918,-78.592705
2020-09-02T06:33:26.993593215,19.474016,-78.623886
2020-09-02T06:33:27.035554885,19.453981,-78.592705
2020-09-02T06:33:27.037463188,19.454163,-78.670074
2020-09-02T06:33:27.079043388,19.453974,-78.59276
2020-09-02T06:33:27.081332206,19.481455,-78.64934
2020-09-02T06:33:27.091250419,19.45389,-78.62902
2020-09-02T06:33:27.106891632,19.45397,-78.63708
2020-09-02T06:33:27.108798980,19.466808,-78.64034
2020-09-02T06:33:27.111087799,19.466282,-78.64533
2020-09-02T06:33:27.112995147,19.454094,-78.67005
2020-09-02T06:33:27.121006011,19.453968,-78.64224
2020-09-02T06:33:27.186619758,19.454094,-78.67004
2020-09-02T06:33:29.540324211,18.30338,-83.31893
2020-09-02T06:33:29.615856170,18.304035,-83.31089
2020-09-02T06:33:29.617763519,18.304125,-83.310684
2020-09-02T06:33:29.620052337,18.287975,-83.30647
2020-09-02T06:33:29.627681732,18.287943,-83.30198
2020-09-02T06:33:29.671551704,18.28793,-83.293625
2020-09-02T06:33:29.673459053,18.287714,-83.267334
2020-09-02T06:33:29.761198997,18.287872,-83.29683
2020-09-02T06:33:29.786757469,19.533165,-78.28487
2020-09-02T06:33:29.789046287,19.51253,-78.272514
2020-09-02T06:33:29.808882713,19.533224,-78.284904
2020-09-02T06:33:29.810790061,19.53322,-78.284904
2020-09-02T06:33:29.812697410,19.53322,-78.2849
2020-09-02T06:33:29.814604759,19.53322,-78.28489
2020-09-02T06:33:29.816893577,19.533222,-78.28489
2020-09-02T06:33:29.828720092,19.520302,-78.26533
2020-09-02T06:33:29.892426490,19.533312,-78.28487
2020-09-02T06:33:29.894333839,19.533283,-78.28489
2020-09-02T06:33:29.979784011,19.497307,-78.26845
2020-09-02T06:33:29.993516921,19.504961,-78.260925
2020-09-02T06:33:29.997713088,19.523108,-78.26786
2020-09-02T06:33:30.009539604,19.50896,-78.26739
2020-09-02T06:33:30.043490409,19.515179,-78.26493
2020-09-02T06:33:30.093082427,19.492092,-78.2606
2020-09-02T06:33:31.862365722,18.209488,-83.34051
2020-09-02T06:33:31.864273071,18.209473,-83.34048
2020-09-02T06:33:31.916154861,18.209435,-83.3404
2020-09-02T06:33:31.919969558,18.209482,-83.34039
2020-09-02T06:33:31.922258377,18.209478,-83.34039
2020-09-02T06:33:31.926073074,18.209457,-83.34041
2020-09-02T06:33:31.927980422,18.209446,-83.340416
2020-09-02T06:33:31.999696731,18.20946,-83.34046
2020-09-02T06:33:32.098880767,18.209496,-83.340485
2020-09-02T06:33:32.114902496,18.209435,-83.3405
2020-09-02T06:33:32.116809844,18.222483,-83.34126
2020-09-02T06:33:32.142751693,18.209398,-83.340454
2020-09-02T06:33:32.144659042,18.2094,-83.340454
2020-09-02T06:33:32.146566390,18.220325,-83.35012
2020-09-02T06:33:32.148855209,18.209404,-83.34045
2020-09-02T06:33:32.184331893,18.20944,-83.340485
2020-09-02T06:33:32.186620712,18.220493,-83.33233
2020-09-02T06:33:32.188528060,18.219742,-83.33135
2020-09-02T06:33:32.190435409,18.209465,-83.34048
2020-09-02T06:33:32.210271835,18.209478,-83.3405
2020-09-02T06:33:32.212179183,18.209364,-83.32749
2020-09-02T06:33:32.214468002,18.214802,-83.32937
2020-09-02T06:33:32.216375350,18.21935,-83.32937
2020-09-02T06:33:32.218282699,18.209301,-83.32493
2020-09-02T06:33:32.226293563,18.20944,-83.340454
2020-09-02T06:33:32.315559387,18.219149,-83.3321
2020-09-02T06:33:32.317848205,18.209454,-83.340355
2020-09-02T06:33:32.343406677,18.209412,-83.34032
2020-09-02T06:33:32.345695495,18.217152,-83.32652
2020-09-02T06:33:32.351417541,18.209297,-83.32567
2020-09-02T06:33:32.353324890,18.20943,-83.34037
2020-09-02T06:33:32.407114028,18.216066,-83.32544
2020-09-02T06:33:32.428857803,18.209435,-83.34041
2020-09-02T06:33:32.446786880,18.209469,-83.34036
2020-09-02T06:33:32.490655899,18.20929,-83.321655
2020-09-02T06:33:34.800872802,19.533104,-78.28519
2020-09-02T06:33:34.830627441,19.53307,-78.285095
2020-09-02T06:33:34.856567382,19.53309,-78.285164
2020-09-02T06:33:34.914171218,19.53311,-78.28516
2020-09-02T06:33:34.958040237,19.533026,-78.262184
2020-09-02T06:33:34.981691360,19.533003,-78.262276
2020-09-02T06:33:35.017551422,19.53299,-78.25276
2020-09-02T06:33:35.019458770,19.53299,-78.25208
2020-09-02T06:33:35.029376983,19.53302,-78.258865
2020-09-02T06:33:35.053409576,19.533043,-78.251564
2020-09-02T06:33:35.067142486,19.53309,-78.285164
2020-09-02T06:33:35.194555282,19.53295,-78.207756
2020-09-02T06:33:35.196462631,19.533012,-78.245445
2020-09-02T06:33:35.210577011,19.533075,-78.24777
2020-09-02T06:33:35.244148254,19.532976,-78.24623
2020-09-02T06:33:35.252159118,19.539198,-78.2614
2020-09-02T06:33:35.254066467,19.532999,-78.24461
2020-09-02T06:33:35.255973815,19.533026,-78.264755
2020-09-02T06:33:35.265892028,19.533052,-78.285126
2020-09-02T06:33:35.283821105,19.533066,-78.28512
2020-09-02T06:33:35.333793640,19.539343,-78.25308
2020-09-02T06:33:35.369272232,19.533018,-78.246826
2020-09-02T06:33:35.407037734,19.532928,-78.20767
2020-09-02T06:33:35.457010269,19.532942,-78.20774
2020-09-02T06:33:35.130849838,19.496185,-78.67097
2020-09-02T06:33:35.166707992,19.483046,-78.67063
2020-09-02T06:33:35.168615341,19.454082,-78.66981
2020-09-02T06:33:35.216299057,19.486513,-78.67071
2020-09-02T06:33:35.218206405,19.454086,-78.66977
2020-09-02T06:33:35.258262634,19.454058,-78.66981
2020-09-02T06:33:35.260169982,19.485167,-78.6707
2020-09-02T06:33:35.273902893,19.454071,-78.66981
2020-09-02T06:33:35.275810241,19.47563,-78.6704
2020-09-02T06:33:35.355537414,19.454062,-78.669785
2020-09-02T06:33:35.357444763,19.474411,-78.671646
2020-09-02T06:33:35.359354019,19.473766,-78.670364
2020-09-02T06:33:35.365457534,19.492453,-78.670906
2020-09-02T06:33:35.367364883,19.454075,-78.66982
2020-09-02T06:33:35.383386611,19.454031,-78.669785
2020-09-02T06:33:35.405130386,19.454096,-78.66974
2020-09-02T06:33:35.437173843,19.45406,-78.66977
2020-09-02T06:33:35.450906753,19.473879,-78.672165
2020-09-02T06:33:35.462732315,19.45408,-78.66979
2020-09-02T06:33:35.468835830,19.470697,-78.67131
2020-09-02T06:33:35.486766815,19.472797,-78.67123
2020-09-02T06:33:35.508510589,19.476501,-78.67908
2020-09-02T06:33:35.532543182,19.480919,-78.67051
2020-09-02T06:33:35.585948944,19.45409,-78.669754
2020-09-02T06:33:35.603878021,19.454077,-78.66978
2020-09-02T06:33:35.643934249,19.45402,-78.669785
2020-09-02T06:33:41.013581275,19.453552,-78.67006
2020-09-02T06:33:41.089113712,19.490885,-78.671074
2020-09-02T06:33:41.091021060,19.486456,-78.66048
2020-09-02T06:33:41.110857486,19.453703,-78.67002
2020-09-02T06:33:41.136797904,19.490797,-78.671135
2020-09-02T06:33:41.172656536,19.48786,-78.67097
2020-09-02T06:33:41.186389923,19.491142,-78.67118
2020-09-02T06:33:41.222248554,18.287668,-83.337
2020-09-02T06:33:41.311895370,18.287708,-83.334915
2020-09-02T06:33:41.508736610,18.289438,-83.342926
2020-09-02T06:33:42.832457065,18.441147,-82.73267
2020-09-02T06:33:42.834745883,18.441164,-82.73266
2020-09-02T06:33:42.850386619,18.453821,-82.747505
2020-09-02T06:33:42.852675437,18.441551,-82.747185
2020-09-02T06:33:42.898070812,18.457867,-82.74607
2020-09-02T06:33:42.902266979,18.441174,-82.7327
2020-09-02T06:33:42.951858997,18.44121,-82.73261
2020-09-02T06:33:43.023576736,18.456654,-82.74718
2020-09-02T06:33:43.102923393,18.436628,-82.760956
2020-09-02T06:33:43.186466217,18.446518,-82.74485
2020-09-02T06:33:43.188373565,18.441204,-82.73256
2020-09-02T06:33:43.190662384,18.441206,-82.73257
2020-09-02T06:33:43.303960800,18.434937,-82.75078
2020-09-02T06:33:43.319601058,18.441143,-82.732506
2020-09-02T06:33:43.321889877,18.44374,-82.75255
2020-09-02T06:33:44.526590347,19.49392,-78.6709
2020-09-02T06:33:44.534601211,19.48831,-78.68168
2020-09-02T06:33:44.536508560,19.486593,-78.68164
2020-09-02T06:33:44.590296745,19.48749,-78.68562
2020-09-02T06:33:44.607844352,19.4894,-78.670715
2020-09-02T06:33:44.641796112,19.488213,-78.69077
2020-09-02T06:33:44.657817840,19.480833,-78.6855
2020-09-02T06:33:44.671550750,19.45362,-78.66969
2020-09-02T06:33:44.705502510,19.487871,-78.69061
2020-09-02T06:33:44.715420722,19.479765,-78.68668
2020-09-02T06:33:44.751279830,19.479727,-78.69014
2020-09-02T06:33:44.753187179,19.48275,-78.67054
2020-09-02T06:33:44.757001876,19.453644,-78.66967
2020-09-02T06:33:44.781034469,19.48335,-78.68405
2020-09-02T06:33:44.808882713,19.533264,-78.59452
2020-09-02T06:33:44.810790061,19.533276,-78.59451
2020-09-02T06:33:44.814604759,19.533264,-78.59453
2020-09-02T06:33:44.816893577,19.533257,-78.594536
2020-09-02T06:33:44.820708274,19.533245,-78.59456
2020-09-02T06:33:44.822615623,19.524082,-78.59431
2020-09-02T06:33:44.824522972,19.533247,-78.594574
2020-09-02T06:33:44.826811790,19.481405,-78.68449
2020-09-02T06:33:44.828719139,19.479324,-78.683975
2020-09-02T06:33:44.854659080,19.533333,-78.59456
2020-09-02T06:33:44.860381126,19.533312,-78.59459
2020-09-02T06:33:44.862669944,19.520237,-78.594215
2020-09-02T06:33:44.870300292,19.533312,-78.59451
2020-09-02T06:33:44.884414672,19.533255,-78.59452
2020-09-02T06:33:44.890136718,19.484188,-78.6894
2020-09-02T06:33:44.892425537,19.453592,-78.66967
2020-09-02T06:33:44.894332885,19.490652,-78.67072
2020-09-02T06:33:44.896240234,19.477156,-78.68816
2020-09-02T06:33:44.898147583,19.533264,-78.59453
2020-09-02T06:33:44.900436401,19.53354,-78.59239
2020-09-02T06:33:44.902343750,19.533293,-78.59453
2020-09-02T06:33:44.908065795,19.453705,-78.66966
2020-09-02T06:33:44.912261962,19.53334,-78.59451
2020-09-02T06:33:44.940110206,19.533295,-78.594475
2020-09-02T06:33:44.942017555,19.527655,-78.59432
2020-09-02T06:33:44.958039283,19.48228,-78.6851
2020-09-02T06:33:44.959946632,19.533243,-78.59456
2020-09-02T06:33:44.963761329,19.453598,-78.669716
2020-09-02T06:33:44.973679542,19.52374,-78.594315
2020-09-02T06:33:44.975968360,19.523277,-78.59431
2020-09-02T06:33:44.979783058,19.533285,-78.59459
2020-09-02T06:33:44.981690406,19.533293,-78.59459
2020-09-02T06:33:44.985886573,19.5333,-78.5946
2020-09-02T06:33:44.993515968,19.527496,-78.582245
2020-09-02T06:33:44.995805740,19.523733,-78.586945
2020-09-02T06:33:44.997713088,19.533333,-78.58308
2020-09-02T06:33:45.001527786,19.533363,-78.59459
2020-09-02T06:33:45.003816604,19.533329,-78.59458
2020-09-02T06:33:45.009538650,19.530403,-78.58326
2020-09-02T06:33:45.011445999,19.52917,-78.58591
2020-09-02T06:33:45.013734817,19.533209,-78.58892
2020-09-02T06:33:45.015642166,19.53323,-78.59456
2020-09-02T06:33:45.101092338,19.533266,-78.594536
2020-09-02T06:33:45.102999687,19.533258,-78.59454
2020-09-02T06:33:45.104907035,19.511633,-78.59697
2020-09-02T06:33:45.107195854,19.493979,-78.608505
2020-09-02T06:33:45.109103202,19.533237,-78.59456
2020-09-02T06:33:45.111010551,19.453424,-78.592354
2020-09-02T06:33:45.112917900,19.494545,-78.60977
2020-09-02T06:33:45.114825248,19.488,-78.60807
2020-09-02T06:33:45.117114067,19.480192,-78.61203
2020-09-02T06:33:45.119022369,19.489948,-78.61242
2020-09-02T06:33:45.127033233,19.4535,-78.60994
2020-09-02T06:33:45.128940582,19.482574,-78.61298
2020-09-02T06:33:45.130847930,19.453485,-78.592354
2020-09-02T06:33:45.132755279,19.453485,-78.59235
2020-09-02T06:33:45.135044097,19.48185,-78.60854
2020-09-02T06:33:45.136951446,19.474112,-78.6063
2020-09-02T06:33:45.138858795,19.453482,-78.59232
2020-09-02T06:33:45.140766143,19.486435,-78.59731
2020-09-02T06:33:45.142673492,19.485083,-78.60207
2020-09-02T06:33:45.144962310,19.453485,-78.59233
2020-09-02T06:33:45.250249862,19.453457,-78.5923
2020-09-02T06:33:45.265890121,19.489725,-78.6009
2020-09-02T06:33:45.268178939,19.521833,-78.58702
2020-09-02T06:33:45.315863609,19.533337,-78.59454
2020-09-02T06:33:45.317770957,19.505928,-78.593796
2020-09-02T06:33:47.482645034,18.448734,-82.84783
2020-09-02T06:33:47.512399673,18.442354,-82.8877
2020-09-02T06:33:47.623790740,18.442265,-82.86709
2020-09-02T06:33:47.625698089,18.442215,-82.86164
2020-09-02T06:33:47.627986907,18.440552,-82.854965
2020-09-02T06:33:48.089191436,18.304726,-83.32482
2020-09-02T06:33:48.091098785,18.307589,-83.320656
2020-09-02T06:33:48.112842559,18.297636,-83.3241
2020-09-02T06:33:48.115131378,18.287664,-83.31992
2020-09-02T06:33:48.162816047,18.294893,-83.32111
2020-09-02T06:33:48.164723396,18.297297,-83.31875
2020-09-02T06:33:48.170445442,18.287725,-83.317535
2020-09-02T06:33:48.172734260,18.28772,-83.318275
2020-09-02T06:33:48.289847373,18.287807,-83.32256
2020-09-02T06:33:48.291754722,18.30137,-83.318146
2020-09-02T06:33:48.417260169,18.30015,-83.32615
2020-09-02T06:33:48.419167518,18.295818,-83.31825
2020-09-02T06:33:49.751279830,19.45988,-78.73838
2020-09-02T06:33:49.753187179,19.460205,-78.742455
2020-09-02T06:33:49.755094528,19.454205,-78.7473
2020-09-02T06:33:49.759291648,19.454208,-78.74727
2020-09-02T06:33:49.763106346,19.454218,-78.74727
2020-09-02T06:33:49.774931907,19.454226,-78.74727
2020-09-02T06:33:49.779128074,19.460133,-78.7442
2020-09-02T06:33:49.781035423,19.458498,-78.74811
2020-09-02T06:33:49.782942771,19.454235,-78.75467
2020-09-02T06:33:49.784850120,19.454224,-78.74725
2020-09-02T06:33:49.798964500,19.454264,-78.74734
2020-09-02T06:33:49.800871849,19.454268,-78.747345
2020-09-02T06:33:49.802779197,19.45426,-78.74734
2020-09-02T06:33:49.806975364,19.45819,-78.75174
2020-09-02T06:33:49.808882713,19.454254,-78.75458
2020-09-02T06:33:49.810790061,19.45423,-78.7473
2020-09-02T06:33:49.816893577,19.46028,-78.754265
2020-09-02T06:33:49.818800926,19.460314,-78.75497
2020-09-02T06:33:49.828720092,19.45418,-78.74726
2020-09-02T06:33:49.834823608,19.454203,-78.7473
2020-09-02T06:33:49.836730957,19.454222,-78.74732
2020-09-02T06:33:49.838638305,19.465405,-78.753174
2020-09-02T06:33:49.840545654,19.464005,-78.75494
2020-09-02T06:33:49.842453002,19.46762,-78.7541
2020-09-02T06:33:49.844741821,19.469963,-78.75259
2020-09-02T06:33:49.846649169,19.46671,-78.74771
2020-09-02T06:33:49.848556518,19.470633,-78.74782
2020-09-02T06:33:49.850463867,19.454252,-78.74734
2020-09-02T06:33:49.852371215,19.454248,-78.74732
2020-09-02T06:33:49.856567382,19.478628,-78.748
2020-09-02T06:33:49.870300292,19.454548,-78.824715
2020-09-02T06:33:49.872589111,19.460701,-78.826485
2020-09-02T06:33:49.874496459,19.465094,-78.7722
2020-09-02T06:33:49.876403808,19.454275,-78.747284
2020-09-02T06:33:49.878311157,19.454473,-78.837845
2020-09-02T06:33:49.880218505,19.454447,-78.838974
2020-09-02T06:33:49.882507324,19.454414,-78.82466
2020-09-02T06:33:49.884415626,19.454475,-78.84417
2020-09-02T06:33:49.908066749,19.454275,-78.74733
2020-09-02T06:33:49.910355567,19.454704,-78.76051
2020-09-02T06:33:49.912262916,19.454462,-78.82469
2020-09-02T06:33:49.914170265,19.45452,-78.84987
2020-09-02T06:33:49.922181129,19.454449,-78.835365
2020-09-02T06:33:49.924088478,19.45448,-78.85032
2020-09-02T06:33:49.925995826,19.45421,-78.7473
2020-09-02T06:33:49.928284645,19.454235,-78.76041
2020-09-02T06:33:49.930191993,19.460989,-78.82895
2020-09-02T06:33:49.932099342,19.471977,-78.759605
2020-09-02T06:33:49.938202857,19.45441,-78.82469
2020-09-02T06:33:49.940110206,19.454502,-78.856606
2020-09-02T06:33:49.942017555,19.454433,-78.824684
2020-09-02T06:33:49.943924903,19.454468,-78.83098
2020-09-02T06:33:49.945833206,19.45834,-78.83098
2020-09-02T06:33:49.973680496,19.45912,-78.82882
2020-09-02T06:33:49.981691360,19.454515,-78.85143
2020-09-02T06:33:49.987794876,19.454514,-78.85577
2020-09-02T06:33:49.995805740,19.474905,-78.758354
2020-09-02T06:33:49.997713088,19.460735,-78.74845
2020-09-02T06:33:50.039294242,19.45914,-78.83611
2020-09-02T06:33:50.043490409,19.454458,-78.82461
2020-09-02T06:33:50.045397758,19.46003,-78.83437
2020-09-02T06:33:50.047305107,19.460657,-78.83366
2020-09-02T06:33:50.053408622,19.46514,-78.83303
2020-09-02T06:33:50.055315971,19.454447,-78.82469
2020-09-02T06:33:50.057223320,19.490955,-78.748375
2020-09-02T06:33:50.059130668,19.483553,-78.82556
2020-09-02T06:33:50.061419486,19.471306,-78.83121
2020-09-02T06:33:50.117115020,19.4545,-78.84718
2020-09-02T06:33:50.119022369,19.454521,-78.85639
2020-09-02T06:33:50.120929718,19.454437,-78.82465
2020-09-02T06:33:50.124744415,19.454525,-78.85281
2020-09-02T06:33:50.136952400,19.44596,-78.852455
2020-09-02T06:33:50.152592658,19.438213,-78.84358
2020-09-02T06:33:50.154881477,19.442247,-78.84838
2020-09-02T06:33:50.156788825,19.45448,-78.82467
2020-09-02T06:33:50.158696174,19.45448,-78.82468
2020-09-02T06:33:50.160603523,19.444866,-78.854225
2020-09-02T06:33:50.162510871,19.4372,-78.85353
2020-09-02T06:33:50.164799690,19.439585,-78.84673
2020-09-02T06:33:50.166707038,19.374743,-78.82231
2020-09-02T06:33:50.168614387,19.416914,-78.84711
2020-09-02T06:33:50.170521736,19.453934,-78.84704
2020-09-02T06:33:50.176625251,19.387743,-78.828636
2020-09-02T06:33:50.178532600,19.415077,-78.84877
2020-09-02T06:33:50.180439949,19.454395,-78.824684
2020-09-02T06:33:50.182728767,19.37466,-78.82234
2020-09-02T06:33:50.184636116,19.374674,-78.82233
2020-09-02T06:33:50.265891075,19.454624,-78.84632
2020-09-02T06:33:50.268179893,19.454603,-78.82476
2020-09-02T06:33:50.276190757,19.462154,-78.841675
2020-09-02T06:33:50.317771911,19.462698,-78.83821
2020-09-02T06:33:50.319679260,19.45106,-78.85594
2020-09-02T06:33:50.321586608,19.418365,-78.84429
2020-09-02T06:33:50.359352111,19.454554,-78.824715
2020-09-02T06:33:50.361640930,19.454546,-78.82472
2020-09-02T06:33:52.725263595,18.420944,-82.891914
2020-09-02T06:33:52.727170944,18.44307,-82.92325
2020-09-02T06:33:52.359428405,18.73008,-82.28201
2020-09-02T06:33:52.409021377,18.755184,-82.283264
2020-09-02T06:33:52.411310195,18.720394,-82.289986
2020-09-02T06:33:52.413217544,18.755173,-82.28325
2020-09-02T06:33:52.560466766,18.731888,-82.2821
2020-09-02T06:33:52.659650802,18.735874,-82.28228
2020-09-02T06:33:52.665754318,18.722828,-82.2767
2020-09-02T06:33:52.667661666,18.718828,-82.27471
2020-09-02T06:33:52.669569015,18.755312,-82.28333
2020-09-02T06:33:52.703519821,18.730053,-82.281906
2020-09-02T06:33:52.711530685,18.73101,-82.28196
2020-09-02T06:33:52.713438034,18.710781,-82.27368
2020-09-02T06:33:52.715345382,18.714437,-82.27261
2020-09-02T06:33:52.717252731,18.711948,-82.25516
2020-09-02T06:33:52.806900024,18.710585,-82.27374
2020-09-02T06:33:52.858398437,18.729006,-82.28183
2020-09-02T06:33:52.860305786,18.67592,-82.27899
2020-09-02T06:33:52.868316650,18.730495,-82.2819
2020-09-02T06:33:52.953767776,18.728777,-82.28188
2020-09-02T06:33:53.798736572,19.45419,-78.66959
2020-09-02T06:33:53.852523803,19.495138,-78.669136
2020-09-02T06:33:53.854431152,19.45419,-78.669556
2020-09-02T06:33:53.868545532,19.502377,-78.66652
2020-09-02T06:33:53.876558303,19.53402,-78.67183
2020-09-02T06:33:53.952089309,19.480127,-78.67116
2020-09-02T06:33:53.955904006,19.454245,-78.669586
2020-09-02T06:33:53.957811355,19.479088,-78.67641
2020-09-02T06:33:53.960100173,19.48101,-78.67485
2020-09-02T06:33:53.962007522,19.47749,-78.6741
2020-09-02T06:33:53.975740432,19.454233,-78.66962
2020-09-02T06:33:53.985658645,19.481583,-78.678375
2020-09-02T06:33:53.987565994,19.487139,-78.67056
2020-09-02T06:33:53.989854812,19.472673,-78.67341
2020-09-02T06:33:53.991762161,19.454252,-78.66962
2020-09-02T06:33:53.993669509,19.476728,-78.67472
2020-09-02T06:33:53.995576858,19.47658,-78.67946
2020-09-02T06:33:54.001682281,19.491947,-78.66272
2020-09-02T06:33:54.011600494,19.454193,-78.669655
2020-09-02T06:33:54.013507843,19.477856,-78.66914
2020-09-02T06:33:54.015415191,19.481306,-78.67039
2020-09-02T06:33:54.017704010,19.475826,-78.650856
2020-09-02T06:33:54.019611358,19.484365,-78.67044
2020-09-02T06:33:54.063480377,19.454227,-78.66962
2020-09-02T06:33:54.081027984,19.492811,-78.67068
2020-09-02T06:33:54.083316802,19.47213,-78.67581
2020-09-02T06:33:54.087131500,19.491348,-78.63604
2020-09-02T06:33:54.093235015,19.471228,-78.67138
2020-09-02T06:33:54.095142364,19.470097,-78.67
2020-09-02T06:33:54.106967926,19.533854,-78.59447
2020-09-02T06:33:54.108875274,19.50284,-78.648125
2020-09-02T06:33:54.234380722,19.478136,-78.67067
2020-09-02T06:33:54.236288070,19.4686,-78.67941
2020-09-02T06:33:54.238195419,19.470669,-78.67497
2020-09-02T06:33:54.262229919,19.481028,-78.63882
2020-09-02T06:33:53.729307174,18.364323,-82.960815
2020-09-02T06:33:53.731214523,18.364325,-82.960815
2020-09-02T06:33:53.743040084,18.36434,-82.96086
2020-09-02T06:33:53.749143600,18.364351,-82.96084
2020-09-02T06:33:53.751052856,18.382568,-82.97761
2020-09-02T06:33:53.755249023,18.364288,-82.96084
2020-09-02T06:33:53.773178100,18.364342,-82.960846
2020-09-02T06:33:53.775085449,18.377419,-82.96672
2020-09-02T06:33:53.783096313,18.364243,-82.960815
2020-09-02T06:33:53.785003662,18.375572,-82.973366
2020-09-02T06:33:53.786911010,18.364248,-82.960815
2020-09-02T06:33:53.788818359,18.364252,-82.960815
2020-09-02T06:33:53.790725708,18.364256,-82.960815
2020-09-02T06:33:53.793014526,18.364265,-82.96082
2020-09-02T06:33:53.794921875,18.364275,-82.96082
2020-09-02T06:33:53.796829223,18.364367,-82.97139
2020-09-02T06:33:53.798736572,18.364296,-82.96083
2020-09-02T06:33:53.840698242,18.364317,-82.9608
2020-09-02T06:33:53.846420288,18.396494,-82.96264
2020-09-02T06:33:53.850616455,18.364313,-82.96079
2020-09-02T06:33:53.852523803,18.364141,-82.93972
2020-09-02T06:33:53.856338500,18.364288,-82.960815
2020-09-02T06:33:53.858627319,18.364283,-82.96084
2020-09-02T06:33:53.860534667,18.364065,-82.93258
2020-09-02T06:33:53.864349365,18.378807,-82.94589
2020-09-02T06:33:53.866638183,18.364326,-82.960846
2020-09-02T06:33:53.904405593,18.364336,-82.96082
2020-09-02T06:33:53.952089309,18.377192,-82.974846
2020-09-02T06:33:53.953996658,18.362516,-82.973076
2020-09-02T06:33:53.955904006,18.364347,-82.96083
2020-09-02T06:33:54.081027984,18.31447,-82.93292
2020-09-02T06:33:54.089038848,18.371115,-82.940956
2020-09-02T06:33:54.184408187,18.364305,-82.960884
2020-09-02T06:33:54.186697006,18.36635,-82.96815
2020-09-02T06:33:54.190511703,18.364359,-82.9609
2020-09-02T06:33:54.192419052,18.36434,-82.96089
2020-09-02T06:33:54.194326400,18.352947,-82.97452
2020-09-02T06:33:54.198522567,18.364422,-82.97993
2020-09-02T06:33:54.200429916,18.358782,-82.975464
2020-09-02T06:33:54.224462509,18.330671,-82.991585
2020-09-02T06:33:54.226369857,18.351816,-82.99114
2020-09-02T06:33:54.228277206,18.352636,-82.981575
2020-09-02T06:33:54.230184555,18.364328,-82.9608
2020-09-02T06:33:54.244298934,18.313612,-82.999374
2020-09-02T06:33:54.246208190,18.338058,-82.985374
2020-09-02T06:33:54.258033752,18.285625,-83.002525
2020-09-02T06:33:54.259941101,18.309963,-82.99402
2020-09-02T06:33:54.262229919,18.308172,-83.00398
2020-09-02T06:33:54.264137268,18.324215,-82.99638
2020-09-02T06:33:54.266044616,18.324514,-82.98355
2020-09-02T06:33:54.274055480,18.2857,-83.002144
2020-09-02T06:33:54.290077209,18.303267,-82.99039
2020-09-02T06:33:54.291984558,18.303568,-82.993904
2020-09-02T06:33:54.293891906,18.319649,-82.98922
2020-09-02T06:33:54.309913635,18.285357,-82.95632
2020-09-02T06:33:54.311820983,18.298294,-82.9876
2020-09-02T06:33:54.313728332,18.36439,-82.960846
2020-09-02T06:33:54.462884902,18.34171,-82.97994
2020-09-02T06:33:54.464792251,18.285355,-82.95638
2020-09-02T06:33:54.506755828,18.364376,-82.960884
2020-09-02T06:33:54.508663177,18.32254,-82.993805
2020-09-02T06:33:54.510570526,18.292795,-82.98936
2020-09-02T06:33:54.512477874,18.298986,-82.98665
2020-09-02T06:33:54.514385223,18.303751,-82.98401
2020-09-02T06:33:54.516674041,18.315971,-82.98281
2020-09-02T06:33:54.518581390,18.285511,-82.98563
2020-09-02T06:33:54.520488739,18.28546,-82.98116
2020-09-02T06:33:54.522396087,18.341858,-82.96783
2020-09-02T06:33:54.542232513,18.285582,-82.97677
2020-09-02T06:33:54.544521331,18.33266,-82.98516
2020-09-02T06:33:54.548336029,18.285366,-82.95636
2020-09-02T06:33:54.610134124,18.364365,-82.96085
2020-09-02T06:33:54.766921997,18.364359,-82.9609
2020-09-02T06:33:54.769210815,18.334265,-82.993195
2020-09-02T06:33:54.784851074,18.364521,-82.9895
2020-09-02T06:33:55.083164215,19.453392,-78.28302
2020-09-02T06:33:55.158697128,19.460642,-78.28195
2020-09-02T06:33:55.160604476,19.453465,-78.283005
2020-09-02T06:33:55.182729721,19.45344,-78.28303
2020-09-02T06:33:55.184637069,19.45344,-78.28302
2020-09-02T06:33:55.198369979,19.453434,-78.28291
2020-09-02T06:33:55.200658798,19.453432,-78.2829
2020-09-02T06:33:55.202566146,19.477259,-78.28351
2020-09-02T06:33:55.204473495,19.466656,-78.281586
2020-09-02T06:33:55.206380844,19.472702,-78.28086
2020-09-02T06:33:55.208288192,19.453442,-78.28293
2020-09-02T06:33:55.258262634,19.460382,-78.279366
2020-09-02T06:33:55.266273498,19.483871,-78.27275
2020-09-02T06:33:55.268180847,19.476894,-78.27905
2020-09-02T06:33:55.270088195,19.453514,-78.28304
2020-09-02T06:33:55.286109924,19.533266,-78.28509
2020-09-02T06:33:55.315864562,19.521986,-78.26386
2020-09-02T06:33:55.317771911,19.469873,-78.27655
2020-09-02T06:33:55.387201309,19.45856,-78.27948
2020-09-02T06:33:55.389490127,19.453455,-78.28311
2020-09-02T06:33:55.445184707,19.45348,-78.2831
2020-09-02T06:33:55.447092056,19.46103,-78.27929
2020-09-02T06:33:55.512706756,19.453543,-78.28322
2020-09-02T06:33:55.514614105,19.476328,-78.27427
2020-09-02T06:33:55.552379608,19.453459,-78.28315
2020-09-02T06:33:56.783020019,18.209637,-83.340866
2020-09-02T06:33:56.784927368,18.209898,-83.37106
2020-09-02T06:33:56.786834716,18.209898,-83.3687
2020-09-02T06:33:56.788742065,18.209929,-83.36998
2020-09-02T06:33:56.818878173,18.209955,-83.37118
2020-09-02T06:33:56.852449417,18.2097,-83.340935
2020-09-02T06:33:56.854356765,18.20258,-83.36236
2020-09-02T06:33:56.918062210,18.20967,-83.341
2020-09-02T06:33:56.919969558,18.180176,-83.357155
2020-09-02T06:33:56.922258377,18.179836,-83.362976
2020-09-02T06:33:56.924165725,18.130749,-83.33636
2020-09-02T06:33:56.937898635,18.173954,-83.35404
2020-09-02T06:33:56.940187454,18.186401,-83.33964
2020-09-02T06:33:56.979862213,18.130848,-83.33642
2020-09-02T06:33:56.981769561,18.188635,-83.339836
2020-09-02T06:33:56.983676910,18.188587,-83.36212
2020-09-02T06:33:56.991687774,18.202425,-83.37162
2020-09-02T06:33:57.011524200,18.166489,-83.3385
2020-09-02T06:33:57.013431549,18.172745,-83.35688
2020-09-02T06:33:57.015720367,18.164566,-83.34713
2020-09-02T06:33:57.017627716,18.164291,-83.34891
2020-09-02T06:33:57.079044342,18.19018,-83.369
2020-09-02T06:33:57.081333160,18.130777,-83.33633
2020-09-02T06:33:57.083240509,18.203945,-83.36837
2020-09-02T06:33:57.087055206,18.209867,-83.36394
2020-09-02T06:33:57.152669906,18.171364,-83.34965
2020-09-02T06:33:57.154577255,18.17632,-83.35768
2020-09-02T06:33:57.158773422,18.169758,-83.34734
2020-09-02T06:33:57.168691635,18.1763,-83.35711
2020-09-02T06:33:57.172506332,18.20968,-83.341034
2020-09-02T06:33:57.174795150,18.16595,-83.34939
2020-09-02T06:33:57.178609848,18.166964,-83.35433
2020-09-02T06:33:57.180517196,18.153912,-83.35342
2020-09-02T06:33:57.182424545,18.17146,-83.35674
2020-09-02T06:33:57.240409851,18.130869,-83.33637
2020-09-02T06:33:57.244224548,18.172491,-83.35594
2020-09-02T06:33:57.246131896,18.180973,-83.363716
2020-09-02T06:33:57.267875671,18.186548,-83.33965
2020-09-02T06:33:57.270164489,18.162497,-83.36223
2020-09-02T06:33:57.272071838,18.154787,-83.362434
2020-09-02T06:33:57.273979187,18.166067,-83.360725
2020-09-02T06:33:57.275886535,18.168497,-83.35222
2020-09-02T06:33:57.323570251,18.13081,-83.33634
2020-09-02T06:34:01.123064994,19.492521,-78.670845
2020-09-02T06:34:01.138705253,19.48578,-78.68266
2020-09-02T06:34:01.140994071,19.488222,-78.670746
2020-09-02T06:34:01.224155902,19.489748,-78.67082
2020-09-02T06:34:01.279851436,19.45434,-78.70099
2020-09-02T06:34:01.331732273,19.482023,-78.6857
2020-09-02T06:34:01.333639621,19.487608,-78.6958
2020-09-02T06:34:01.349661350,19.482164,-78.68534
2020-09-02T06:34:01.373312950,19.480669,-78.6897
2020-09-02T06:34:01.413367748,19.494093,-78.67084
2020-09-02T06:34:01.446937561,19.485601,-78.6941
2020-09-02T06:34:01.453041553,19.454271,-78.66975
2020-09-02T06:34:01.472877979,19.472513,-78.69409
2020-09-02T06:34:01.474785327,19.480976,-78.69966
2020-09-02T06:34:01.490807533,19.474741,-78.693405
2020-09-02T06:34:01.558328628,19.45427,-78.66977
2020-09-02T06:34:01.528192043,19.472979,-82.47885
2020-09-02T06:34:01.530480861,19.473185,-82.504364
2020-09-02T06:34:01.532388210,19.473185,-82.505165
2020-09-02T06:34:01.536202907,19.463078,-82.50104
2020-09-02T06:34:01.538491725,19.472967,-82.47884
2020-09-02T06:34:01.562143325,19.473259,-82.51432
2020-09-02T06:34:01.564050674,19.466282,-82.513016
2020-09-02T06:34:01.565958023,19.473255,-82.51745
2020-09-02T06:34:01.596094608,19.427486,-82.51836
2020-09-02T06:34:01.598001956,19.473152,-82.51184
2020-09-02T06:34:01.637675762,19.47317,-82.51378
2020-09-02T06:34:01.639583110,19.473234,-82.52148
2020-09-02T06:34:01.778821468,19.422634,-82.53549
2020-09-02T06:34:01.780728816,19.473198,-82.52427
2020-09-02T06:34:01.783017635,19.473167,-82.51999
2020-09-02T06:34:01.866179466,19.372282,-82.552086
2020-09-02T06:34:01.973755359,18.36763,-83.15914
2020-09-02T06:34:01.989777565,18.28748,-83.26748
2020-09-02T06:34:02.353705406,18.344444,-83.18117
2020-09-02T06:34:02.399100780,18.209133,-83.34069
2020-09-02T06:34:02.401389598,18.209146,-83.34069
2020-09-02T06:34:02.482644081,18.362709,-83.17563
2020-09-02T06:34:02.484932899,18.238625,-83.283844
2020-09-02T06:34:02.639811992,18.391905,-83.15311
2020-09-02T06:34:02.641719341,18.342344,-83.23268
2020-09-02T06:34:02.647822856,18.316708,-83.185905
2020-09-02T06:34:02.737088203,18.337208,-83.19828
2020-09-02T06:34:02.987717628,18.335617,-83.22193
2020-09-02T06:34:02.989624977,18.347712,-83.2813
2020-09-02T06:34:05.593958854,18.659994,-82.14646
2020-09-02T06:34:05.685513496,18.674212,-82.124374
2020-09-02T06:34:05.687420845,18.636354,-82.20562
2020-09-02T06:34:05.689709663,18.675253,-82.27974
2020-09-02T06:34:05.985734939,18.674158,-82.12438
2020-09-02T06:34:06.208516120,18.674158,-82.12437
2020-09-02T06:34:06.214238166,18.596537,-82.353165
2020-09-02T06:34:06.216526985,18.625412,-82.32623
2020-09-02T06:34:06.208516120,18.754507,-82.28394
2020-09-02T06:34:06.216526985,18.674206,-82.124374
2020-09-02T06:34:06.242086410,18.65341,-82.375206
2020-09-02T06:34:06.244375228,18.675735,-82.357414
2020-09-02T06:34:06.856262207,19.47107,-82.322876
2020-09-02T06:34:06.858551025,19.471205,-82.34154
2020-09-02T06:34:06.860458374,19.471067,-82.32285
2020-09-02T06:34:06.862365722,19.47122,-82.34223
2020-09-02T06:34:06.864273071,19.471088,-82.32288
2020-09-02T06:34:06.866180419,19.4711,-82.32289
2020-09-02T06:34:06.868469238,19.471111,-82.32291
2020-09-02T06:34:06.870376586,19.47112,-82.32292
2020-09-02T06:34:06.872283935,19.471119,-82.3229
2020-09-02T06:34:06.874191284,19.471117,-82.322876
2020-09-02T06:34:06.886398315,19.471085,-82.32286
2020-09-02T06:34:06.903945922,19.471146,-82.32287
2020-09-02T06:34:06.914246559,19.471085,-82.322876
2020-09-02T06:34:06.916153907,19.47108,-82.3229
2020-09-02T06:34:06.919968605,19.471073,-82.32294
2020-09-02T06:34:06.921875953,19.470873,-82.29568
2020-09-02T06:34:06.924164772,19.47088,-82.297325
2020-09-02T06:34:06.926072120,19.471062,-82.322914
2020-09-02T06:34:06.929886817,19.470848,-82.2944
2020-09-02T06:34:06.931794166,19.47083,-82.293755
2020-09-02T06:34:06.949723243,19.471052,-82.322845
2020-09-02T06:34:06.952012062,19.471056,-82.32283
2020-09-02T06:34:06.963837623,19.470818,-82.29078
2020-09-02T06:34:06.967652320,19.471046,-82.32277
2020-09-02T06:34:06.969559669,19.471045,-82.32278
2020-09-02T06:34:06.971848487,19.449484,-82.321594
2020-09-02T06:34:06.973755836,19.471046,-82.32282
2020-09-02T06:34:06.975664138,19.469263,-82.30656
2020-09-02T06:34:06.977571487,19.471048,-82.32288
2020-09-02T06:34:06.979478836,19.47105,-82.322914
2020-09-02T06:34:06.983675003,19.471052,-82.32289
2020-09-02T06:34:06.985582351,19.470898,-82.301125
2020-09-02T06:34:06.987489700,19.470903,-82.30159
2020-09-02T06:34:06.989778518,19.47106,-82.32283
2020-09-02T06:34:06.991685867,19.456608,-82.30183
2020-09-02T06:34:06.993593215,19.471066,-82.322815
2020-09-02T06:34:07.001604080,19.391205,-82.318344
2020-09-02T06:34:07.003511428,19.453402,-82.300545
2020-09-02T06:34:07.005418777,19.471067,-82.322784
2020-09-02T06:34:07.007326126,19.448957,-82.30144
2020-09-02T06:34:07.009614944,19.391191,-82.31833
2020-09-02T06:34:07.013429641,19.391193,-82.31832
2020-09-02T06:34:07.051196098,19.471432,-82.3771
2020-09-02T06:34:07.059206962,19.50179,-82.37305
2020-09-02T06:34:07.061114311,19.471458,-82.37442
2020-09-02T06:34:07.065310478,19.551004,-82.32738
2020-09-02T06:34:07.067217826,19.550997,-82.327385
2020-09-02T06:34:07.069125175,19.550991,-82.3274
2020-09-02T06:34:07.071032524,19.518362,-82.3577
2020-09-02T06:34:07.072939872,19.528076,-82.34119
2020-09-02T06:34:07.075228691,19.55098,-82.32732
2020-09-02T06:34:07.077136039,19.55111,-82.34539
2020-09-02T06:34:07.079043388,19.550972,-82.32723
2020-09-02T06:34:07.080950736,19.528938,-82.36154
2020-09-02T06:34:07.082858085,19.550983,-82.32722
2020-09-02T06:34:07.087054252,19.551,-82.32724
2020-09-02T06:34:07.088961601,19.551199,-82.35282
2020-09-02T06:34:07.090868949,19.551212,-82.35432
2020-09-02T06:34:07.093157768,19.550999,-82.32726
2020-09-02T06:34:07.096972465,19.551214,-82.36072
2020-09-02T06:34:07.098880767,19.550953,-82.32729
2020-09-02T06:34:07.100788116,19.55122,-82.36427
2020-09-02T06:34:07.103076934,19.551277,-82.36778
2020-09-02T06:34:07.106891632,19.551619,-82.40551
2020-09-02T06:34:07.216374397,19.471636,-82.40097
2020-09-02T06:34:07.246129989,19.44976,-82.42125
2020-09-02T06:34:07.248037338,19.471365,-82.357124
2020-09-02T06:34:07.259862899,19.471664,-82.40092
2020-09-02T06:34:07.262151718,19.471416,-82.36602
2020-09-02T06:34:07.272069931,19.48272,-82.34144
2020-09-02T06:34:07.273977279,19.479837,-82.32348
2020-09-02T06:34:07.275884628,19.501778,-82.34357
2020-09-02T06:34:07.277791976,19.471136,-82.32273
2020-09-02T06:34:07.279699325,19.502708,-82.3385
2020-09-02T06:34:07.281988143,19.518972,-82.35882
2020-09-02T06:34:07.283896446,19.502243,-82.35639
2020-09-02T06:34:07.285803794,19.541227,-82.367935
2020-09-02T06:34:07.287711143,19.460333,-82.3259
2020-09-02T06:34:07.289999961,19.478764,-82.3081
2020-09-02T06:34:07.291907310,19.422201,-82.30639
2020-09-02T06:34:07.297629356,19.416399,-82.31974
2020-09-02T06:34:07.299918174,19.391321,-82.31834
2020-09-02T06:34:07.301825523,19.39132,-82.31833
2020-09-02T06:34:07.303732872,19.470993,-82.29783
2020-09-02T06:34:07.317465782,19.391232,-82.31837
2020-09-02T06:34:07.325476646,19.391216,-82.31837
2020-09-02T06:34:07.417031288,19.471664,-82.400826
2020-09-02T06:34:07.426949501,19.419106,-82.454666
2020-09-02T06:34:07.438775062,19.39361,-82.462585
2020-09-02T06:34:07.441063880,19.424341,-82.44572
2020-09-02T06:34:07.538340568,19.472237,-82.47904
2020-09-02T06:34:07.697415351,19.490866,-78.67101
2020-09-02T06:34:07.729459762,19.493198,-78.67107
2020-09-02T06:34:07.731367111,19.482899,-78.65931
2020-09-02T06:34:07.757307052,19.487103,-78.65888
2020-09-02T06:34:07.772947311,19.478867,-78.660194
2020-09-02T06:34:07.798888206,19.487198,-78.65948
2020-09-02T06:34:07.816817283,19.490475,-78.6598
2020-09-02T06:34:07.826735496,19.486944,-78.65966
2020-09-02T06:34:07.838561058,19.49328,-78.670975
2020-09-02T06:34:07.848480224,19.453518,-78.66991
2020-09-02T06:34:07.858398437,19.488504,-78.659325
2020-09-02T06:34:07.892349243,19.487642,-78.65974
2020-09-02T06:34:07.916382789,19.483652,-78.65962
2020-09-02T06:34:07.922104835,19.48202,-78.661674
2020-09-02T06:34:07.924012184,19.47993,-78.659904
2020-09-02T06:34:07.956055641,19.484325,-78.66054
2020-09-02T06:34:07.969789505,19.47973,-78.66038
2020-09-02T06:34:07.987718582,19.478857,-78.659386
2020-09-02T06:34:08.011751174,19.479153,-78.66036
2020-09-02T06:34:08.013658523,19.49133,-78.67096
2020-09-02T06:34:08.041506767,19.481936,-78.65842
2020-09-02T06:34:08.043414115,19.483833,-78.654625
2020-09-02T06:34:08.045321464,19.491882,-78.6709
2020-09-02T06:34:08.053332328,19.486134,-78.65763
2020-09-02T06:34:08.061343193,19.453447,-78.66992
2020-09-02T06:34:08.081179618,19.49109,-78.670845
2020-09-02T06:34:08.083086967,19.490427,-78.67082
2020-09-02T06:34:08.087283134,19.481644,-78.65855
2020-09-02T06:34:08.089191436,19.480867,-78.658806
2020-09-02T06:34:08.091098785,19.488363,-78.65909
2020-09-02T06:34:08.093006134,19.478128,-78.655075
2020-09-02T06:34:08.128864288,19.482462,-78.660416
2020-09-02T06:34:08.130771636,19.483135,-78.65977
2020-09-02T06:34:08.133060455,19.453527,-78.66976
2020-09-02T06:34:08.134967803,19.478825,-78.66332
2020-09-02T06:34:08.136875152,19.477236,-78.67044
2020-09-02T06:34:08.140689849,19.481379,-78.658585
2020-09-02T06:34:08.142978668,19.47891,-78.656296
2020-09-02T06:34:08.158619880,19.48622,-78.6707
2020-09-02T06:34:08.228429794,19.48051,-78.65946
2020-09-02T06:34:08.230337142,19.476728,-78.65385
2020-09-02T06:34:08.315787315,19.478819,-78.658195
2020-09-02T06:34:08.317694664,19.474964,-78.65944
2020-09-02T06:34:08.333716392,19.453478,-78.66985
2020-09-02T06:34:08.335624694,19.480808,-78.65957
2020-09-02T06:34:08.343635559,19.453447,-78.63767
2020-09-02T06:34:08.425271034,19.453424,-78.63162
2020-09-02T06:34:10.085071563,19.453554,-78.74679
2020-09-02T06:34:10.101093292,19.453535,-78.74685
2020-09-02T06:34:10.104907989,19.453526,-78.74684
2020-09-02T06:34:10.120929718,19.45358,-78.74676
2020-09-02T06:34:10.122837066,19.453573,-78.74678
2020-09-02T06:34:10.135045051,19.453543,-78.746864
2020-09-02T06:34:10.138859748,19.453545,-78.74685
2020-09-02T06:34:10.140767097,19.453545,-78.74683
2020-09-02T06:34:10.150685310,19.453512,-78.74685
2020-09-02T06:34:10.152592658,19.453485,-78.73704
2020-09-02T06:34:10.174717903,19.453556,-78.74685
2020-09-02T06:34:10.178532600,19.453552,-78.73432
2020-09-02T06:34:10.204473495,19.453558,-78.74681
2020-09-02T06:34:10.210577011,19.45357,-78.74678
2020-09-02T06:34:10.212484359,19.453531,-78.73808
2020-09-02T06:34:10.214391708,19.453533,-78.74678
2020-09-02T06:34:10.218206405,19.453495,-78.74678
2020-09-02T06:34:10.220495223,19.453474,-78.74678
2020-09-02T06:34:10.268179893,19.453594,-78.74686
2020-09-02T06:34:10.270087242,19.453568,-78.735756
2020-09-02T06:34:10.278098106,19.45359,-78.74687
2020-09-02T06:34:10.280005455,19.449165,-78.74053
2020-09-02T06:34:10.281912803,19.453903,-78.74008
2020-09-02T06:34:10.283820152,19.453054,-78.741234
2020-09-02T06:34:10.288016319,19.373846,-78.74454
2020-09-02T06:34:10.289923667,19.42945,-78.742325
2020-09-02T06:34:10.291831016,19.443497,-78.74036
2020-09-02T06:34:10.296027183,19.453562,-78.746826
2020-09-02T06:34:10.297934532,19.4204,-78.74588
2020-09-02T06:34:10.299841880,19.42569,-78.7419
2020-09-02T06:34:10.301749229,19.453524,-78.74684
2020-09-02T06:34:10.305945396,19.373749,-78.74456
2020-09-02T06:34:10.307852745,19.425137,-78.74604
2020-09-02T06:34:10.317771911,19.401299,-78.74535
2020-09-02T06:34:10.319679260,19.453571,-78.74686
2020-09-02T06:34:10.385293006,19.43823,-78.74275
2020-09-02T06:34:10.387200355,19.453548,-78.7469
2020-09-02T06:34:10.397500038,19.405855,-78.74548
2020-09-02T06:34:10.401314735,19.45349,-78.74683
2020-09-02T06:34:10.457010269,19.453518,-78.746895
2020-09-02T06:34:10.468835830,19.461618,-78.75392
2020-09-02T06:34:10.474939346,19.45354,-78.746826
2020-09-02T06:34:10.476846694,19.461637,-78.75281
2020-09-02T06:34:10.478754043,19.453598,-78.765274
2020-09-02T06:34:10.480661392,19.453554,-78.746826
2020-09-02T06:34:10.482950210,19.453571,-78.760414
2020-09-02T06:34:10.484857559,19.456505,-78.75181
2020-09-02T06:34:10.486764907,19.456577,-78.75912
2020-09-02T06:34:10.488672256,19.453485,-78.74687
2020-09-02T06:34:10.492868423,19.453579,-78.78878
2020-09-02T06:34:10.494775772,19.457565,-78.773964
2020-09-02T06:34:10.496683120,19.453583,-78.78488
2020-09-02T06:34:10.498590469,19.45358,-78.78183
2020-09-02T06:34:10.502787590,19.453527,-78.76002
2020-09-02T06:34:10.504694938,19.453596,-78.790115
2020-09-02T06:34:10.506602287,19.453484,-78.746895
2020-09-02T06:34:10.508509635,19.453615,-78.801704
2020-09-02T06:34:10.510798454,19.457085,-78.78516
2020-09-02T06:34:10.512705802,19.453577,-78.78292
2020-09-02T06:34:10.526438713,19.453714,-78.82428
2020-09-02T06:34:10.528346061,19.453619,-78.789635
2020-09-02T06:34:10.530634880,19.453623,-78.794395
2020-09-02T06:34:10.532542228,19.453598,-78.784836
2020-09-02T06:34:10.534449577,19.4537,-78.82432
2020-09-02T06:34:10.542460441,19.453695,-78.82429
2020-09-02T06:34:10.550471305,19.453669,-78.824295
2020-09-02T06:34:10.560389518,19.453655,-78.82426
2020-09-02T06:34:10.586330413,19.453743,-78.83369
2020-09-02T06:34:10.985734939,18.287174,-83.31318
2020-09-02T06:34:14.385446548,19.532293,-78.284966
2020-09-02T06:34:14.393457412,19.532278,-78.28494
2020-09-02T06:34:14.395364761,19.541876,-78.27404
2020-09-02T06:34:14.399179458,19.532246,-78.2849
2020-09-02T06:34:14.411386489,19.54033,-78.2777
2020-09-02T06:34:14.413293838,19.543846,-78.269035
2020-09-02T06:34:14.454874038,19.540735,-78.27318
2020-09-02T06:34:14.468988418,19.541441,-78.2688
2020-09-02T06:34:14.488824844,19.532282,-78.28493
2020-09-02T06:34:14.490732192,19.532307,-78.28492
2020-09-02T06:34:14.498744964,19.532307,-78.28488
2020-09-02T06:34:14.506755828,19.532284,-78.28491
2020-09-02T06:34:14.508663177,19.532276,-78.28493
2020-09-02T06:34:14.516674041,19.532238,-78.28496
2020-09-02T06:34:14.530406951,19.532171,-78.265205
2020-09-02T06:34:14.538417816,19.532244,-78.26319
2020-09-02T06:34:14.540325164,19.532259,-78.26169
2020-09-02T06:34:14.542613983,19.532286,-78.28486
2020-09-02T06:34:14.544521331,19.532267,-78.28486
2020-09-02T06:34:14.556346893,19.53221,-78.25744
2020-09-02T06:34:14.558254241,19.532225,-78.2565
2020-09-02T06:34:14.576183319,19.532198,-78.251205
2020-09-02T06:34:14.584194183,19.532179,-78.20762
2020-09-02T06:34:14.586101531,19.53233,-78.28497
2020-09-02T06:34:14.641798019,19.541311,-78.26636
2020-09-02T06:34:14.753189086,19.538351,-78.259544
2020-09-02T06:34:14.755096435,19.532234,-78.25497
2020-09-02T06:34:14.763107299,19.532185,-78.26293
2020-09-02T06:34:14.765014648,19.540054,-78.268745
2020-09-02T06:34:14.766921997,19.532253,-78.28479
2020-09-02T06:34:14.769210815,19.537792,-78.277054
2020-09-02T06:34:14.777221679,19.5323,-78.28478
2020-09-02T06:34:14.779129028,19.532307,-78.28479
2020-09-02T06:34:14.789047241,19.532225,-78.28476
2020-09-02T06:34:14.790954589,19.53221,-78.28476
2020-09-02T06:34:14.898149490,19.54263,-78.27019
2020-09-02T06:34:14.605937957,19.533077,-78.67183
2020-09-02T06:34:14.631879806,19.48388,-78.68357
2020-09-02T06:34:14.657819747,19.49554,-78.67079
2020-09-02T06:34:14.681470870,19.49211,-78.67057
2020-09-02T06:34:14.707410812,19.493452,-78.67068
2020-09-02T06:34:14.713514328,19.499374,-78.67083
2020-09-02T06:34:14.721525192,19.490292,-78.67055
2020-09-02T06:34:14.735258102,19.480362,-78.684006
2020-09-02T06:34:14.741363525,19.500923,-78.67088
2020-09-02T06:34:14.747085571,19.487827,-78.67048
2020-09-02T06:34:14.777221679,19.481512,-78.68289
2020-09-02T06:34:14.804687500,19.489475,-78.67052
2020-09-02T06:34:14.846649169,19.489079,-78.67052
2020-09-02T06:34:14.862670898,19.487925,-78.67043
2020-09-02T06:34:14.864580154,19.453255,-78.66944
2020-09-02T06:34:14.882509231,19.480679,-78.670135
2020-09-02T06:34:14.918367385,19.453188,-78.66941
2020-09-02T06:34:14.938203811,19.47596,-78.67
2020-09-02T06:34:14.940111160,19.480587,-78.685425
2020-09-02T06:34:14.942018508,19.453188,-78.66936
2020-09-02T06:34:14.953844070,19.490211,-78.67043
2020-09-02T06:34:14.956132888,19.453136,-78.66938
2020-09-02T06:34:14.973680496,19.475723,-78.68733
2020-09-02T06:34:15.003818511,19.453135,-78.66939
2020-09-02T06:34:15.005725860,19.453123,-78.669395
2020-09-02T06:34:15.013736724,19.515877,-78.6712
2020-09-02T06:34:15.015644073,19.468235,-78.6726
2020-09-02T06:34:15.160604476,18.444742,-82.824356
2020-09-02T06:34:15.236137390,18.441233,-82.809685
2020-09-02T06:34:15.271995544,18.44113,-82.809616
2020-09-02T06:34:15.273902893,18.441105,-82.80961
2020-09-02T06:34:15.357444763,18.440998,-82.809586
2020-09-02T06:34:15.359354019,18.44099,-82.809586
2020-09-02T06:34:15.432977676,18.453243,-82.83063
2020-09-02T06:34:15.434885025,18.44103,-82.809586
2020-09-02T06:34:15.437173843,18.449785,-82.830826
2020-09-02T06:34:15.474939346,18.421131,-82.81626
2020-09-02T06:34:15.476846694,18.465178,-82.83124
2020-09-02T06:34:15.478754043,18.441107,-82.80965
2020-09-02T06:34:15.486766815,18.441109,-82.809654
2020-09-02T06:34:15.490581512,18.441105,-82.80965
2020-09-02T06:34:15.492870330,18.438507,-82.81217
2020-09-02T06:34:15.550472259,18.440226,-82.82409
2020-09-02T06:34:15.570308685,18.440985,-82.80961
2020-09-02T06:34:15.582134246,18.479784,-82.82682
2020-09-02T06:34:15.584041595,18.473146,-82.811424
2020-09-02T06:34:15.593959808,18.441038,-82.80968
2020-09-02T06:34:15.596248626,18.441025,-82.80965
2020-09-02T06:34:15.614179611,18.441078,-82.80966
2020-09-02T06:34:15.616086959,18.438057,-82.811775
2020-09-02T06:34:15.631727218,18.441078,-82.80968
2020-09-02T06:34:15.663770675,18.421625,-82.78969
2020-09-02T06:34:16.089115142,18.286995,-83.34458
2020-09-02T06:34:16.128789901,18.286951,-83.34462
2020-09-02T06:34:16.158544540,18.286926,-83.3446
2020-09-02T06:34:16.182577133,18.286947,-83.34457
2020-09-02T06:34:18.128866195,18.305485,-83.32416
2020-09-02T06:34:18.170827865,18.286676,-83.34423
2020-09-02T06:34:20.321584701,18.207855,-83.339966
2020-09-02T06:34:20.323873519,18.207851,-83.339966
2020-09-02T06:34:20.379569053,18.207863,-83.33999
2020-09-02T06:34:20.385291099,18.207865,-83.33997
2020-09-02T06:34:20.395209312,18.207802,-83.33992
2020-09-02T06:34:20.424964427,18.207844,-83.33991
2020-09-02T06:34:20.473030567,18.20781,-83.33998
2020-09-02T06:34:20.480659961,18.207897,-83.34
2020-09-02T06:34:20.486763477,18.207901,-83.34001
2020-09-02T06:34:20.556192398,18.207897,-83.34003
2020-09-02T06:34:20.584039688,18.207834,-83.34001
2020-09-02T06:34:20.586328983,18.207848,-83.340004
2020-09-02T06:34:20.590143680,18.207878,-83.33998
2020-09-02T06:34:20.592051029,18.207884,-83.33999
2020-09-02T06:34:20.593958377,18.207888,-83.34
2020-09-02T06:34:20.603876590,18.207907,-83.34005
2020-09-02T06:34:20.606165409,18.207794,-83.32532
2020-09-02T06:34:20.608072757,18.207914,-83.34007
2020-09-02T06:34:20.643931388,18.205671,-83.3197
2020-09-02T06:34:20.645838737,18.207787,-83.32239
2020-09-02T06:34:20.647746562,18.207914,-83.340034
2020-09-02T06:34:20.691616058,18.2078,-83.32097
2020-09-02T06:34:20.693523406,18.207954,-83.340096
2020-09-02T06:34:20.753033638,18.20796,-83.34014
2020-09-02T06:34:20.785077571,18.207956,-83.34018
2020-09-02T06:34:20.803007125,18.20806,-83.34021
2020-09-02T06:34:20.965897083,19.463926,-78.64917
2020-09-02T06:34:20.967804431,19.465662,-78.647934
2020-09-02T06:34:20.969711780,19.465267,-78.641914
2020-09-02T06:34:20.972000598,19.465672,-78.63919
2020-09-02T06:34:20.975815296,19.45277,-78.62667
2020-09-02T06:34:20.977722644,19.452765,-78.627815
2020-09-02T06:34:20.999848365,19.452692,-78.59195
2020-09-02T06:34:21.001755714,19.452797,-78.633995
2020-09-02T06:34:21.007477760,19.452793,-78.62866
2020-09-02T06:34:21.013581275,19.461868,-78.62953
2020-09-02T06:34:21.019685268,19.452875,-78.62582
2020-09-02T06:34:21.021592617,19.45288,-78.63057
2020-09-02T06:34:21.033418178,19.456966,-78.6274
2020-09-02T06:34:21.035325527,19.460205,-78.62755
2020-09-02T06:34:21.037614345,19.45275,-78.62653
2020-09-02T06:34:21.043336391,19.45275,-78.61504
2020-09-02T06:34:21.045625209,19.452755,-78.61422
2020-09-02T06:34:21.047532558,19.458017,-78.61889
2020-09-02T06:34:21.049440383,19.452795,-78.62506
2020-09-02T06:34:21.059358596,19.452738,-78.592
2020-09-02T06:34:21.061265945,19.45278,-78.609
2020-09-02T06:34:21.063173294,19.457535,-78.61646
2020-09-02T06:34:21.073091506,19.45292,-78.66936
2020-09-02T06:34:21.075380325,19.485468,-78.6703
2020-09-02T06:34:21.077287673,19.452904,-78.66941
2020-09-02T06:34:21.079195022,19.452896,-78.66944
2020-09-02T06:34:21.081102848,19.477638,-78.650055
2020-09-02T06:34:21.083391666,19.452711,-78.59207
2020-09-02T06:34:21.085299015,19.478409,-78.651955
2020-09-02T06:34:21.095217227,19.471186,-78.63269
2020-09-02T06:34:21.097124576,19.452736,-78.614265
2020-09-02T06:34:21.099031925,19.452736,-78.6165
2020-09-02T06:34:21.100939273,19.481983,-78.65049
2020-09-02T06:34:21.103228092,19.480072,-78.64766
2020-09-02T06:34:21.110857486,19.490904,-78.67054
2020-09-02T06:34:21.113146781,19.452917,-78.66945
2020-09-02T06:34:21.116961479,19.493357,-78.63847
2020-09-02T06:34:21.118868827,19.482327,-78.63696
2020-09-02T06:34:21.136797904,19.532547,-78.59427
2020-09-02T06:34:21.138705253,19.4838,-78.62661
2020-09-02T06:34:21.140994071,19.485905,-78.63461
2020-09-02T06:34:21.142901897,19.452726,-78.592026
2020-09-02T06:34:21.188678741,19.457947,-78.62771
2020-09-02T06:34:21.190586090,19.463049,-78.62652
2020-09-02T06:34:21.192493438,19.452875,-78.63525
2020-09-02T06:34:21.194400787,19.452864,-78.63071
2020-09-02T06:34:21.208515644,19.462803,-78.63202
2020-09-02T06:34:21.210422992,19.472061,-78.63348
2020-09-02T06:34:21.212330341,19.45274,-78.592064
2020-09-02T06:34:21.240178108,19.532803,-78.671684
2020-09-02T06:34:21.274129390,19.45298,-78.63907
2020-09-02T06:34:21.276036739,19.460888,-78.6227
2020-09-02T06:34:21.277944087,19.452858,-78.59214
2020-09-02T06:34:21.284047603,19.452951,-78.626564
2020-09-02T06:34:21.285954952,19.457672,-78.62886
2020-09-02T06:34:21.287862300,19.46106,-78.630135
2020-09-02T06:34:21.293965816,19.473207,-78.62872
2020-09-02T06:34:21.297780990,19.452957,-78.59216
2020-09-02T06:34:21.319906234,19.452908,-78.62303
2020-09-02T06:34:21.321813583,19.46327,-78.631386
2020-09-02T06:34:21.327917575,19.453098,-78.66945
2020-09-02T06:34:21.413367748,19.47276,-78.64577
2020-09-02T06:34:21.415275096,19.49176,-78.63053
2020-09-02T06:34:21.486611366,19.465311,-78.64027
2020-09-02T06:34:21.508736610,19.453054,-78.64187
2020-09-02T06:34:22.176700592,19.45352,-78.7469
2020-09-02T06:34:22.270162105,19.453362,-78.72693
2020-09-02T06:34:22.272069454,19.453413,-78.74695
2020-09-02T06:34:22.353705406,19.459272,-78.72651
2020-09-02T06:34:22.960251331,15.318714,-82.088844
2020-09-02T06:34:22.962158679,15.288979,-82.08279
2020-09-02T06:34:22.964447498,15.2894335,-82.08271
2020-09-02T06:34:22.968262672,15.272263,-82.08358
2020-09-02T06:34:22.970170021,15.273121,-82.09404
2020-09-02T06:34:22.972458839,15.275914,-82.09742
2020-09-02T06:34:22.974366188,15.292694,-82.09902
2020-09-02T06:34:22.976273536,15.289411,-82.09904
2020-09-02T06:34:23.087664604,15.318646,-82.072464
2020-09-02T06:34:23.089571952,15.318677,-82.07789
2020-09-02T06:34:23.101397514,15.318511,-82.04203
2020-09-02T06:34:23.103304862,15.318666,-82.070335
2020-09-02T06:34:23.105593681,15.318691,-82.07268
2020-09-02T06:34:23.107501029,15.308092,-82.071556
2020-09-02T06:34:23.109408378,15.31874,-82.07771
2020-09-02T06:34:23.111315727,15.318568,-82.04208
2020-09-02T06:34:24.246205329,19.482153,-78.70163
2020-09-02T06:34:24.258031845,19.482107,-78.687416
2020-09-02T06:34:24.260320663,19.47753,-78.69111
2020-09-02T06:34:24.272146224,19.454258,-78.6695
2020-09-02T06:34:24.345770835,19.477703,-78.688446
2020-09-02T06:34:24.389259338,19.483368,-78.69217
2020-09-02T06:34:24.474709510,19.454256,-78.66956
2020-09-02T06:34:24.953843116,19.473045,-82.47856
2020-09-02T06:34:24.991608619,19.473085,-82.4786
2020-09-02T06:34:24.993515968,19.47606,-82.51001
2020-09-02T06:34:25.021364212,19.448307,-82.51472
2020-09-02T06:34:25.049211502,19.473103,-82.47852
2020-09-02T06:34:25.116732597,19.473064,-82.47861
2020-09-02T06:34:25.562296867,18.288162,-83.302956
2020-09-02T06:34:25.564204216,18.28816,-83.30172
2020-09-02T06:34:25.588236808,18.288227,-83.31072
2020-09-02T06:34:25.590144157,18.288233,-83.30869
2020-09-02T06:34:25.601969718,18.288216,-83.31945
2020-09-02T06:34:25.769056320,18.288164,-83.304665
2020-09-02T06:34:25.770963668,18.288177,-83.30479
2020-09-02T06:34:25.898376464,18.293016,-83.31736
2020-09-02T06:34:25.928132057,18.288214,-83.31745
2020-09-02T06:34:25.954071998,18.288198,-83.31465
2020-09-02T06:34:26.401161193,18.28775,-83.267265
2020-09-02T06:34:26.441216468,18.287752,-83.26729
2020-09-02T06:34:26.480890274,18.287771,-83.26718
2020-09-02T06:34:26.536584854,18.28775,-83.267296
2020-09-02T06:34:26.588084220,18.287722,-83.26723
2020-09-02T06:34:26.625850677,18.28777,-83.26729
2020-09-02T06:34:26.637676239,18.2877,-83.26732
2020-09-02T06:34:30.914017677,18.25069,-83.34319
2020-09-02T06:34:32.844665527,19.45429,-78.66991
2020-09-02T06:34:32.890443801,19.479511,-78.67565
2020-09-02T06:34:32.892351150,19.48092,-78.67063
2020-09-02T06:34:32.908372879,19.49664,-78.67114
2020-09-02T06:34:32.916383743,19.475683,-78.6859
2020-09-02T06:34:32.944231033,19.473991,-78.67046
2020-09-02T06:34:32.946138381,19.479641,-78.67064
2020-09-02T06:34:32.959871292,19.454195,-78.66997
2020-09-02T06:34:32.999544143,19.475332,-78.670525
2020-09-02T06:34:33.001832962,19.48114,-78.670685
2020-09-02T06:34:33.041507720,19.497402,-78.671104
2020-09-02T06:34:33.047611236,19.50672,-78.6714
2020-09-02T06:34:33.049518585,19.489614,-78.67093
2020-09-02T06:34:33.089191436,19.471828,-78.67485
2020-09-02T06:34:33.091098785,19.468756,-78.67157
2020-09-02T06:34:33.115131378,19.478596,-78.67065
2020-09-02T06:34:33.117038726,19.476805,-78.670586
2020-09-02T06:34:33.123142242,19.469858,-78.67558
2020-09-02T06:34:33.125049591,19.468796,-78.67693
2020-09-02T06:34:33.126956939,19.469805,-78.67665
2020-09-02T06:34:33.128864288,19.468801,-78.67583
2020-09-02T06:34:33.130771636,19.469547,-78.673294
2020-09-02T06:34:33.133062362,19.454288,-78.66987
2020-09-02T06:34:33.141073226,19.454329,-78.6699
2020-09-02T06:34:33.142980575,19.468424,-78.6738
2020-09-02T06:34:33.210500717,19.471636,-78.67249
2020-09-02T06:34:33.248266220,19.468573,-78.673256
2020-09-02T06:34:33.268104553,19.462296,-78.67539
2020-09-02T06:34:33.276115417,19.486206,-78.67081
2020-09-02T06:34:33.295951843,19.45448,-78.69311
2020-09-02T06:34:33.118946075,18.364323,-82.96119
2020-09-02T06:34:33.182653427,18.36456,-82.97823
2020-09-02T06:34:33.198675155,18.364334,-82.96115
2020-09-02T06:34:33.202489852,18.350664,-82.969696
2020-09-02T06:34:33.218511581,18.364408,-82.96117
2020-09-02T06:34:33.220418930,18.350285,-82.97027
2020-09-02T06:34:33.278022766,18.379002,-82.95777
2020-09-02T06:34:33.279930114,18.372377,-82.95858
2020-09-02T06:34:33.289848327,18.377222,-82.94391
2020-09-02T06:34:33.291755676,18.384705,-82.96755
2020-09-02T06:34:33.329902648,18.37631,-82.93479
2020-09-02T06:34:33.331809997,18.364353,-82.93731
2020-09-02T06:34:33.508815765,18.364489,-82.961174
2020-09-02T06:34:33.510723114,18.364746,-82.969154
2020-09-02T06:34:33.522548675,18.370089,-82.973366
2020-09-02T06:34:33.536663055,18.40063,-82.995155
2020-09-02T06:34:33.538570404,18.364815,-82.992836
2020-09-02T06:34:33.540477752,18.364805,-82.99037
2020-09-02T06:34:33.544292449,18.404673,-82.996635
2020-09-02T06:34:33.548488616,18.404858,-82.99826
2020-09-02T06:34:33.550395965,18.4059,-82.99991
2020-09-02T06:34:33.552303314,18.40523,-83.00111
2020-09-02T06:34:33.556499481,18.385582,-82.99294
2020-09-02T06:34:33.566417694,18.390617,-82.98854
2020-09-02T06:34:33.572139739,18.426228,-83.00962
2020-09-02T06:34:33.574428558,18.439388,-83.01448
2020-09-02T06:34:33.576335906,18.340155,-82.98344
2020-09-02T06:34:33.622112274,18.389671,-82.99533
2020-09-02T06:34:33.673612594,18.401318,-83.010124
2020-09-02T06:34:33.675519943,18.430017,-83.01391
2020-09-02T06:34:33.677808761,18.410482,-83.01324
2020-09-02T06:34:33.677427291,18.839413,-82.91075
2020-09-02T06:34:33.731214523,18.405087,-83.0122
2020-09-02T06:34:33.733121871,18.414846,-83.01568
2020-09-02T06:34:33.735410690,18.408573,-83.01317
2020-09-02T06:34:33.737318038,18.40872,-83.011246
2020-09-02T06:34:33.739225387,18.422163,-83.012726
2020-09-02T06:34:33.848709106,18.443092,-82.887985
2020-09-02T06:34:33.882280349,18.442932,-82.86019
2020-09-02T06:34:34.023426055,18.42061,-82.860535
2020-09-02T06:34:34.037540435,18.44296,-82.862564
2020-09-02T06:34:34.037540435,18.36524,-83.039
2020-09-02T06:34:34.039447784,18.370602,-83.07677
2020-09-02T06:34:34.041355133,18.38817,-82.94725
2020-09-02T06:34:34.043262481,18.426176,-82.90583
2020-09-02T06:34:34.049365997,18.269356,-83.03658
2020-09-02T06:34:34.055469512,18.314669,-83.06672
2020-09-02T06:34:34.057376861,18.30839,-83.03858
2020-09-02T06:34:34.106967926,18.442982,-82.86513
2020-09-02T06:34:34.019611358,18.676283,-82.27929
2020-09-02T06:34:34.027622222,18.711727,-82.30411
2020-09-02T06:34:34.031436920,18.70215,-82.300125
2020-09-02T06:34:34.053180694,18.711658,-82.28124
2020-09-02T06:34:34.069202423,18.676226,-82.27933
2020-09-02T06:34:34.075305938,18.676233,-82.27933
2020-09-02T06:34:34.079120635,18.709244,-82.3035
2020-09-02T06:34:34.113071441,18.708313,-82.30347
2020-09-02T06:34:34.114978790,18.676277,-82.27935
2020-09-02T06:34:34.118793487,18.694351,-82.30264
2020-09-02T06:34:34.121082305,18.706444,-82.30484
2020-09-02T06:34:34.122991561,18.676464,-82.30295
2020-09-02T06:34:34.124898910,18.695707,-82.309204
2020-09-02T06:34:34.126806259,18.693565,-82.31098
2020-09-02T06:34:34.132909774,18.690554,-82.30797
2020-09-02T06:34:34.134817123,18.68843,-82.31022
2020-09-02T06:34:34.134817123,18.675264,-82.12402
2020-09-02T06:34:34.156560897,18.69004,-82.301315
2020-09-02T06:34:34.158849716,18.676298,-82.27941
2020-09-02T06:34:34.230184555,18.676327,-82.279335
2020-09-02T06:34:34.236288070,18.720724,-82.281715
2020-09-02T06:34:34.238195419,18.718811,-82.28162
2020-09-02T06:34:34.248115539,18.716013,-82.29107
2020-09-02T06:34:34.250022888,18.704943,-82.29045
2020-09-02T06:34:34.252311706,18.711054,-82.284225
2020-09-02T06:34:34.254219055,18.718687,-82.281624
2020-09-02T06:34:34.262229919,18.725252,-82.282
2020-09-02T06:34:34.264137268,18.70731,-82.288765
2020-09-02T06:34:34.266044616,18.714727,-82.28587
2020-09-02T06:34:34.267951965,18.719898,-82.28175
2020-09-02T06:34:34.377435684,18.690441,-82.29965
2020-09-02T06:34:34.381250381,18.67649,-82.302216
2020-09-02T06:34:34.383539199,18.6763,-82.27937
2020-09-02T06:34:34.385446548,18.676268,-82.279366
2020-09-02T06:34:34.387353897,18.690239,-82.299034
2020-09-02T06:34:34.391168594,18.697987,-82.302536
2020-09-02T06:34:34.405282974,18.684519,-82.30103
2020-09-02T06:34:34.407190322,18.689323,-82.296745
2020-09-02T06:34:34.409097671,18.688114,-82.3047
2020-09-02T06:34:34.421304702,18.676432,-82.295944
2020-09-02T06:34:34.530406951,18.692844,-82.29465
2020-09-02T06:34:34.532695770,18.678524,-82.300156
2020-09-02T06:34:34.536510467,18.682625,-82.30212
2020-09-02T06:34:34.546428680,18.666689,-82.30102
2020-09-02T06:34:34.548336029,18.664835,-82.30646
2020-09-02T06:34:34.550243377,18.679693,-82.308205
2020-09-02T06:34:34.550243377,18.675226,-82.12407
2020-09-02T06:34:34.552532196,18.690702,-82.29845
2020-09-02T06:34:34.693677902,18.678396,-82.29516
2020-09-02T06:34:34.695585250,18.669695,-82.30045
2020-09-02T06:34:34.248115539,19.533587,-78.28531
2020-09-02T06:34:34.250404357,19.533575,-78.28531
2020-09-02T06:34:34.254219055,19.533573,-78.28531
2020-09-02T06:34:34.256126403,19.533573,-78.28532
2020-09-02T06:34:34.258033752,19.533573,-78.28532
2020-09-02T06:34:34.260322570,19.53358,-78.28903
2020-09-02T06:34:34.282066345,19.533554,-78.28536
2020-09-02T06:34:34.283973693,19.533548,-78.28536
2020-09-02T06:34:34.285881042,19.533543,-78.28536
2020-09-02T06:34:34.288169860,19.531199,-78.28749
2020-09-02T06:34:34.290077209,19.533533,-78.285355
2020-09-02T06:34:34.347679138,19.53354,-78.285324
2020-09-02T06:34:34.353782653,19.533535,-78.28528
2020-09-02T06:34:34.355690002,19.533531,-78.28527
2020-09-02T06:34:34.365608215,19.50258,-78.28452
2020-09-02T06:34:34.403375625,19.528786,-78.28421
2020-09-02T06:34:34.409097671,19.533577,-78.28535
2020-09-02T06:34:34.498744964,19.50244,-78.27766
2020-09-02T06:34:34.615856170,19.515242,-78.27463
2020-09-02T06:34:34.618146896,19.504694,-78.27072
2020-09-02T06:34:34.663923263,19.507956,-78.27842
2020-09-02T06:34:34.697492599,19.533436,-78.20802
2020-09-02T06:34:34.699399948,19.521406,-78.28508
2020-09-02T06:34:36.769287109,19.50143,-78.74929
2020-09-02T06:34:36.791030883,19.45513,-78.747986
2020-09-02T06:34:36.794845581,19.49788,-78.752556
2020-09-02T06:34:36.852449417,19.496933,-78.74904
2020-09-02T06:34:36.898225784,19.502052,-78.74931
2020-09-02T06:34:36.950105667,19.534817,-78.75022
2020-09-02T06:34:36.983676910,19.510864,-78.73103
2020-09-02T06:34:36.985965728,19.50651,-78.74944
2020-09-02T06:34:36.987873077,19.502789,-78.74932
2020-09-02T06:34:37.009616851,19.501324,-78.75487
2020-09-02T06:34:37.011524200,19.494764,-78.75961
2020-09-02T06:34:37.031360626,19.507713,-78.74943
2020-09-02T06:34:37.039371490,19.53484,-78.750275
2020-09-02T06:34:37.041660308,19.496834,-78.759895
2020-09-02T06:34:37.172506332,19.534807,-78.75018
2020-09-02T06:34:37.174795150,19.496887,-78.75316
2020-09-02T06:34:37.176702499,19.534826,-78.75021
2020-09-02T06:34:37.222480773,19.491274,-78.74906
2020-09-02T06:34:37.967884063,18.37288,-83.16309
2020-09-02T06:34:38.011753082,18.373537,-83.157394
2020-09-02T06:34:38.057529449,18.374756,-83.148926
2020-09-02T06:34:38.192571640,18.373709,-83.16785
2020-09-02T06:34:38.250175476,18.389889,-83.147705
2020-09-02T06:34:38.321891784,18.374763,-83.16644
2020-09-02T06:34:38.377588272,18.39167,-83.15663
2020-09-02T06:34:38.379495620,18.288254,-83.26843
2020-09-02T06:34:38.707565307,18.34798,-83.19912
2020-09-02T06:34:42.246129035,19.45827,-82.49445
2020-09-02T06:34:42.289999008,19.457067,-82.49247
2020-09-02T06:34:42.291906356,19.458216,-82.49602
2020-09-02T06:34:42.315557479,19.47272,-82.50146
2020-09-02T06:34:42.365530967,19.460094,-82.500114
2020-09-02T06:34:42.367438316,19.45976,-82.49952
2020-09-02T06:34:42.433052062,19.472492,-82.47933
2020-09-02T06:34:42.434959411,19.449884,-82.50336
2020-09-02T06:34:42.436866760,19.472479,-82.47934
2020-09-02T06:34:42.438774108,19.4727,-82.509476
2020-09-02T06:34:42.441062927,19.47269,-82.50872
2020-09-02T06:34:42.564279556,19.461636,-82.5045
2020-09-02T06:34:42.566187381,19.441963,-82.51973
2020-09-02T06:34:42.568094730,19.47265,-82.51378
2020-09-02T06:34:42.570002079,19.458492,-82.50314
2020-09-02T06:34:42.590219974,19.472687,-82.49592
2020-09-02T06:34:42.592127323,19.314032,-82.626465
2020-09-02T06:34:42.592127323,19.463629,-82.49761
2020-09-02T06:34:42.594034671,19.439106,-82.51559
2020-09-02T06:34:42.595942020,19.459604,-82.502815
2020-09-02T06:34:42.597849845,19.413998,-82.52656
2020-09-02T06:34:42.645915508,19.448204,-82.50896
2020-09-02T06:34:42.647822856,19.47258,-82.49993
2020-09-02T06:34:43.612193107,18.67657,-82.46517
2020-09-02T06:34:43.711377143,18.666866,-82.4702
2020-09-02T06:34:42.949951648,19.47388,-78.692184
2020-09-02T06:34:42.951858997,19.488136,-78.67108
2020-09-02T06:34:42.964066028,19.453691,-78.670074
2020-09-02T06:34:43.001832008,19.480347,-78.68714
2020-09-02T06:34:43.043413162,19.453661,-78.67012
2020-09-02T06:34:43.045320510,19.488005,-78.69754
2020-09-02T06:34:43.156711578,19.479975,-78.69217
2020-09-02T06:34:43.188755035,19.474483,-78.69628
2020-09-02T06:34:43.190662384,19.482206,-78.69028
2020-09-02T06:34:43.192569732,19.475187,-78.69178
2020-09-02T06:34:43.202488899,19.481443,-78.688934
2020-09-02T06:34:43.206685066,19.47887,-78.68462
2020-09-02T06:34:43.208592414,19.45364,-78.670105
2020-09-02T06:34:43.256276130,19.478638,-78.685425
2020-09-02T06:34:43.258183479,19.453575,-78.67011
2020-09-02T06:34:43.286031723,19.478872,-78.68636
2020-09-02T06:34:43.315786361,19.486034,-78.69021
2020-09-02T06:34:43.317693710,19.453632,-78.670105
2020-09-02T06:34:43.353552818,19.483065,-78.68315
2020-09-02T06:34:43.369574546,19.486055,-78.69266
2020-09-02T06:34:43.391319274,19.478973,-78.69154
2020-09-02T06:34:43.393226623,19.480585,-78.687386
2020-09-02T06:34:43.445106506,19.475077,-78.64744
2020-09-02T06:34:43.448922157,19.45357,-78.6701
2020-09-02T06:34:43.729306221,19.453646,-78.747475
2020-09-02T06:34:43.761350631,19.453728,-78.74752
2020-09-02T06:34:43.768980026,19.453665,-78.74752
2020-09-02T06:34:43.771268844,19.453653,-78.74752
2020-09-02T06:34:43.785001754,19.453695,-78.74755
2020-09-02T06:34:43.786909103,19.453701,-78.747536
2020-09-02T06:34:43.832686424,19.453691,-78.75722
2020-09-02T06:34:43.834593772,19.455004,-78.75734
2020-09-02T06:34:43.842604637,19.45363,-78.76615
2020-09-02T06:34:43.844511985,19.453638,-78.76166
2020-09-02T06:34:43.850615501,19.453703,-78.7649
2020-09-02T06:34:43.852522850,19.453684,-78.76613
2020-09-02T06:34:43.854430198,19.453663,-78.760925
2020-09-02T06:34:43.860533714,19.453663,-78.765724
2020-09-02T06:34:43.898300170,19.453642,-78.772766
2020-09-02T06:34:43.904403686,19.455086,-78.76062
2020-09-02T06:34:43.906311035,19.453636,-78.75885
2020-09-02T06:34:43.918136596,19.453638,-78.74753
2020-09-02T06:34:43.920043945,19.455606,-78.769066
2020-09-02T06:34:43.922332763,19.45742,-78.762764
2020-09-02T06:34:43.924240112,19.453735,-78.78462
2020-09-02T06:34:43.926147460,19.453714,-78.77402
2020-09-02T06:34:43.932250976,19.453768,-78.79392
2020-09-02T06:34:43.934158325,19.453718,-78.776375
2020-09-02T06:34:43.937973022,19.453827,-78.82488
2020-09-02T06:34:43.940261840,19.453676,-78.76713
2020-09-02T06:34:43.942170143,19.45372,-78.78394
2020-09-02T06:34:43.947892189,19.45365,-78.74753
2020-09-02T06:34:43.952088356,19.453836,-78.824936
2020-09-02T06:34:43.953995704,19.45373,-78.79051
2020-09-02T06:34:43.955903053,19.453604,-78.74754
2020-09-02T06:34:43.975739479,19.453823,-78.82491
2020-09-02T06:34:43.983750343,19.453802,-78.824936
2020-09-02T06:34:43.993668556,19.453762,-78.82491
2020-09-02T06:34:43.999772071,19.453733,-78.82496
2020-09-02T06:34:44.001679420,19.453745,-78.82497
2020-09-02T06:34:44.007783889,19.45383,-78.82497
2020-09-02T06:34:44.049364089,19.453568,-78.76415
2020-09-02T06:34:44.051271438,19.45353,-78.74749
2020-09-02T06:34:44.091326713,19.453688,-78.7475
2020-09-02T06:34:44.111163139,19.45434,-78.7605
2020-09-02T06:34:44.113070487,19.458265,-78.78691
2020-09-02T06:34:44.114977836,19.453724,-78.804276
2020-09-02T06:34:44.116885185,19.453772,-78.824875
2020-09-02T06:34:44.188602447,19.45357,-78.74749
2020-09-02T06:34:44.214543342,19.458206,-78.78091
2020-09-02T06:34:44.216450691,19.453638,-78.77524
2020-09-02T06:34:44.234379768,19.453522,-78.763695
2020-09-02T06:34:44.236287117,19.45349,-78.747574
2020-09-02T06:34:44.238194465,19.458532,-78.79118
2020-09-02T06:34:44.240483283,19.453579,-78.77753
2020-09-02T06:34:44.250401496,19.45364,-78.80252
2020-09-02T06:34:44.252309799,19.457886,-78.775406
2020-09-02T06:34:44.256124496,19.46508,-78.7976
2020-09-02T06:34:44.258031845,19.455858,-78.76561
2020-09-02T06:34:44.260320663,19.455368,-78.77246
2020-09-02T06:34:44.262228012,19.456455,-78.77495
2020-09-02T06:34:44.278249740,19.484598,-78.82582
2020-09-02T06:34:44.280157089,19.482113,-78.81587
2020-09-02T06:34:44.282064437,19.444435,-78.76847
2020-09-02T06:34:44.283971786,19.447182,-78.76505
2020-09-02T06:34:44.285879135,19.44508,-78.764824
2020-09-02T06:34:44.369421958,19.457375,-78.77135
2020-09-02T06:34:44.371329307,19.458254,-78.78204
2020-09-02T06:34:44.375526428,19.453562,-78.74753
2020-09-02T06:34:44.423210144,19.453732,-78.824844
2020-09-02T06:34:44.427024841,19.453587,-78.76726
2020-09-02T06:34:44.429313659,19.453665,-78.7988
2020-09-02T06:34:44.460976600,19.459923,-78.78168
2020-09-02T06:34:44.462883949,19.453556,-78.78598
2020-09-02T06:34:44.274053573,18.20847,-83.34091
2020-09-02T06:34:44.369421958,18.208727,-83.37034
2020-09-02T06:34:44.407188415,18.208708,-83.36803
2020-09-02T06:34:44.449151039,18.208633,-83.37161
2020-09-02T06:34:44.472802162,18.208326,-83.3408
2020-09-02T06:34:44.492638587,18.208752,-83.37107
2020-09-02T06:34:44.584193229,18.208662,-83.37083
2020-09-02T06:34:44.586100578,18.192703,-83.37016
2020-09-02T06:34:44.631877899,18.193453,-83.36957
2020-09-02T06:34:44.645992279,18.199354,-83.36448
2020-09-02T06:34:44.737164497,18.208431,-83.340965
2020-09-02T06:34:44.755094528,18.195827,-83.36799
2020-09-02T06:34:48.657971382,19.515318,-78.671684
2020-09-02T06:34:48.683529853,19.53361,-78.6721
2020-09-02T06:34:48.709470748,19.53365,-78.672104
2020-09-02T06:34:48.711378097,19.533659,-78.6721
2020-09-02T06:34:48.763257980,19.511295,-78.67151
2020-09-02T06:34:48.776991844,19.533703,-78.67221
2020-09-02T06:34:48.820860862,19.508211,-78.671486
2020-09-02T06:34:48.832687377,19.533863,-78.67218
2020-09-02T06:34:48.850616455,19.507341,-78.67146
2020-09-02T06:34:48.890289306,19.53372,-78.67215
2020-09-02T06:34:49.019610404,19.5338,-78.67216
2020-09-02T06:34:49.025713920,19.53385,-78.67218
2020-09-02T06:34:49.073397636,19.50438,-78.671364
2020-09-02T06:34:49.087131500,19.505335,-78.6714
2020-09-02T06:34:49.116886138,19.503893,-78.671295
2020-09-02T06:34:49.142827033,19.5338,-78.672195
2020-09-02T06:34:49.184788703,19.480162,-78.67191
2020-09-02T06:34:49.287787437,18.304129,-83.32875
2020-09-02T06:34:49.290076255,18.302998,-83.32811
2020-09-02T06:34:49.291983604,18.287926,-83.32659
2020-09-02T06:34:49.381248474,18.287916,-83.320274
2020-09-02T06:34:49.383537292,18.287947,-83.32209
2020-09-02T06:34:49.385444641,18.287981,-83.3243
2020-09-02T06:34:50.355537414,18.208902,-83.34092
2020-09-02T06:34:50.357444763,18.20894,-83.34091
2020-09-02T06:34:50.442895889,18.208834,-83.340866
2020-09-02T06:34:50.445184707,18.20884,-83.340866
2020-09-02T06:34:50.447092056,18.208845,-83.34086
2020-09-02T06:34:50.478754043,18.20888,-83.34087
2020-09-02T06:34:50.518427848,18.208939,-83.34082
2020-09-02T06:34:50.520716667,18.208946,-83.3408
2020-09-02T06:34:50.550471305,18.208847,-83.34081
2020-09-02T06:34:50.552378654,18.208849,-83.34082
2020-09-02T06:34:50.614177703,18.208927,-83.340935
2020-09-02T06:34:50.989931106,19.532763,-78.28551
2020-09-02T06:34:50.991838455,19.532759,-78.2855
2020-09-02T06:34:51.005571365,19.528046,-78.28909
2020-09-02T06:34:51.007860183,19.522491,-78.29482
2020-09-02T06:34:51.027698516,19.525867,-78.29165
2020-09-02T06:34:51.029605865,19.53275,-78.28558
2020-09-02T06:34:51.031513214,19.526495,-78.292336
2020-09-02T06:34:51.033420562,19.523466,-78.28598
2020-09-02T06:34:51.055545806,19.532812,-78.28555
2020-09-02T06:34:51.057453155,19.5236,-78.29063
2020-09-02T06:34:51.059360504,19.532854,-78.28557
2020-09-02T06:34:51.061267852,19.532856,-78.28518
2020-09-02T06:34:51.063556671,19.527966,-78.28536
2020-09-02T06:34:51.077289581,19.532764,-78.28554
2020-09-02T06:34:51.081104278,19.532764,-78.27904
2020-09-02T06:34:51.083393096,19.532778,-78.28553
2020-09-02T06:34:51.089115142,19.532784,-78.28549
2020-09-02T06:34:51.091022491,19.532785,-78.28549
2020-09-02T06:34:51.149005889,19.532787,-78.28552
2020-09-02T06:34:51.150913238,19.53278,-78.2855
2020-09-02T06:34:52.753110885,18.403746,-82.80901
2020-09-02T06:34:52.737470626,18.442192,-82.888306
2020-09-02T06:34:52.763031005,18.447485,-82.821014
2020-09-02T06:34:52.765319824,18.436453,-82.81082
2020-09-02T06:34:52.810714721,18.440937,-82.81757
2020-09-02T06:34:52.813003540,18.362299,-82.773605
2020-09-02T06:34:53.093006134,18.362291,-82.76928
2020-09-02T06:34:53.095294952,18.3623,-82.77016
2020-09-02T06:34:53.125049591,18.408354,-82.76335
2020-09-02T06:34:53.198675155,18.435947,-82.7655
2020-09-02T06:34:53.200582504,18.446348,-82.78976
2020-09-02T06:34:53.202489852,18.4456,-82.77119
2020-09-02T06:34:53.204397201,18.439947,-82.77859
2020-09-02T06:34:53.206304550,18.438496,-82.76411
2020-09-02T06:34:53.212408065,18.445845,-82.751305
2020-09-02T06:34:53.214315414,18.440536,-82.773155
2020-09-02T06:34:53.216604232,18.44164,-82.77427
2020-09-02T06:34:55.260169982,18.28707,-83.29806
2020-09-02T06:34:55.262077331,18.29851,-83.30231
2020-09-02T06:34:55.263984680,18.28706,-83.29995
2020-09-02T06:34:55.351722717,18.287008,-83.29864
2020-09-02T06:34:55.353630065,18.28703,-83.29985
2020-09-02T06:34:55.405130386,18.28707,-83.30049
2020-09-02T06:34:55.419244766,18.287054,-83.30104
2020-09-02T06:34:55.465021133,18.28712,-83.302444
2020-09-02T06:34:55.492870330,18.287046,-83.298744
2020-09-02T06:34:54.677656173,19.533884,-78.90482
2020-09-02T06:34:54.679563522,19.53389,-78.9048
2020-09-02T06:34:54.681470870,19.533892,-78.9048
2020-09-02T06:34:54.683759689,19.533886,-78.90483
2020-09-02T06:34:54.687574386,19.533875,-78.90489
2020-09-02T06:34:54.818801879,19.533865,-78.904945
2020-09-02T06:34:54.820709228,19.535934,-78.90128
2020-09-02T06:34:54.822998046,19.533014,-78.91402
2020-09-02T06:34:54.824905395,19.533842,-78.90494
2020-09-02T06:34:54.902345657,19.533766,-78.90487
2020-09-02T06:34:54.916078567,19.521418,-78.889435
2020-09-02T06:34:54.922182083,19.533869,-78.904915
2020-09-02T06:34:54.928285598,19.533836,-78.90492
2020-09-02T06:34:54.932100296,19.53376,-78.88618
2020-09-02T06:34:54.938203811,19.533758,-78.90481
2020-09-02T06:34:54.940111160,19.523045,-78.899956
2020-09-02T06:34:54.942018508,19.533741,-78.904785
2020-09-02T06:34:54.943925857,19.533705,-78.8891
2020-09-02T06:34:54.946214675,19.53375,-78.904816
2020-09-02T06:34:54.966051101,19.519972,-78.882744
2020-09-02T06:34:54.983980178,19.5238,-78.886185
2020-09-02T06:34:54.985887527,19.533712,-78.87007
2020-09-02T06:34:54.993900299,19.533665,-78.853745
2020-09-02T06:34:54.995807647,19.544008,-78.86702
2020-09-02T06:34:54.997714996,19.529276,-78.87537
2020-09-02T06:34:55.039676666,19.533726,-78.88059
2020-09-02T06:34:55.059513092,19.53383,-78.88896
2020-09-02T06:34:55.061420440,19.53387,-78.9048
2020-09-02T06:34:55.067142486,19.53384,-78.90486
2020-09-02T06:34:55.069431304,19.53383,-78.904884
2020-09-02T06:34:55.071338653,19.53382,-78.9049
2020-09-02T06:34:55.083164215,19.53377,-78.904854
2020-09-02T06:34:55.085071563,19.536613,-78.897095
2020-09-02T06:34:55.087360382,19.53406,-78.8996
2020-09-02T06:34:55.087360382,19.773417,-78.834564
2020-09-02T06:34:55.089267730,19.534275,-78.89918
2020-09-02T06:34:55.089267730,19.773428,-78.83457
2020-09-02T06:34:55.091175079,19.533499,-78.89869
2020-09-02T06:34:55.094989776,19.53379,-78.89875
2020-09-02T06:34:55.097278594,19.533804,-78.90488
2020-09-02T06:34:55.099185943,19.5338,-78.90488
2020-09-02T06:34:55.101093292,19.533806,-78.90487
2020-09-02T06:34:55.103000640,19.533834,-78.904854
2020-09-02T06:34:55.105289459,19.533865,-78.90484
2020-09-02T06:34:55.107196807,19.533894,-78.90482
2020-09-02T06:34:55.109104156,19.533922,-78.90481
2020-09-02T06:34:55.268180847,19.499172,-78.90376
2020-09-02T06:34:55.506603240,19.533792,-78.904785
2020-09-02T06:34:55.508510589,19.533823,-78.90477
2020-09-02T06:34:55.510799407,19.53385,-78.904755
2020-09-02T06:34:55.512706756,19.533823,-78.90477
2020-09-02T06:34:55.518810272,19.453926,-78.90243
2020-09-02T06:34:55.520717620,19.535233,-78.89839
2020-09-02T06:34:55.522624969,19.5337,-78.90483
2020-09-02T06:34:55.524532318,19.533693,-78.90482
2020-09-02T06:34:55.532543182,19.484777,-78.911026
2020-09-02T06:34:55.548564910,19.533718,-78.9048
2020-09-02T06:34:55.600063323,19.453854,-78.90238
2020-09-02T06:34:55.601970672,19.5193,-78.907745
2020-09-02T06:34:55.604259490,19.53366,-78.90477
2020-09-02T06:34:56.226448059,19.453287,-78.67022
2020-09-02T06:34:56.277946472,19.471413,-78.6674
2020-09-02T06:34:56.293968200,19.472013,-78.668304
2020-09-02T06:34:56.315711975,19.476957,-78.67082
2020-09-02T06:34:56.325630187,19.47679,-78.67082
2020-09-02T06:34:56.337837219,19.453243,-78.67011
2020-09-02T06:34:56.397348403,19.476208,-78.6707
2020-09-02T06:34:56.399255752,19.47742,-78.67073
2020-09-02T06:34:56.423288345,19.45323,-78.67006
2020-09-02T06:34:56.425195693,19.473019,-78.66085
2020-09-02T06:34:56.431299209,19.45324,-78.67005
2020-09-02T06:34:56.441217422,19.47085,-78.66579
2020-09-02T06:34:56.443124771,19.453302,-78.67006
2020-09-02T06:34:56.445032119,19.453314,-78.67006
2020-09-02T06:34:56.446939468,19.453325,-78.67006
2020-09-02T06:34:56.488903045,19.453293,-78.67008
2020-09-02T06:34:56.500728607,19.475393,-78.66831
2020-09-02T06:34:56.502635955,19.470396,-78.67186
2020-09-02T06:34:56.504543304,19.474648,-78.670586
2020-09-02T06:34:56.506832122,19.453318,-78.66999
2020-09-02T06:34:56.512554168,19.453297,-78.67002
2020-09-02T06:34:56.534679412,19.4714,-78.67238
2020-09-02T06:34:56.540401458,19.453207,-78.670105
2020-09-02T06:34:56.560237884,19.471014,-78.66456
2020-09-02T06:34:56.562526702,19.468449,-78.665794
2020-09-02T06:34:56.615934371,19.470554,-78.67
2020-09-02T06:34:56.618223190,19.467796,-78.66402
2020-09-02T06:34:56.620130538,19.478483,-78.65415
2020-09-02T06:34:56.623945236,19.453302,-78.67007
2020-09-02T06:34:56.625852584,19.468122,-78.65947
2020-09-02T06:34:56.633863449,19.467335,-78.657814
2020-09-02T06:34:56.635770797,19.468172,-78.65853
2020-09-02T06:34:56.639966964,19.457432,-78.641945
2020-09-02T06:34:56.641874313,19.463333,-78.64582
2020-09-02T06:34:56.643781661,19.46602,-78.65112
2020-09-02T06:34:56.643781661,19.293512,-78.51105
2020-09-02T06:34:56.646070480,19.453213,-78.630806
2020-09-02T06:34:56.647977828,19.462051,-78.6421
2020-09-02T06:34:56.649885177,19.462418,-78.6315
2020-09-02T06:34:56.651792526,19.462923,-78.62994
2020-09-02T06:34:56.653699874,19.46884,-78.64061
2020-09-02T06:34:56.655988693,19.471094,-78.63882
2020-09-02T06:34:56.657896041,19.4533,-78.67005
2020-09-02T06:34:56.671628952,19.47707,-78.61049
2020-09-02T06:34:56.673536300,19.46569,-78.62809
2020-09-02T06:34:56.675825119,19.462706,-78.64475
2020-09-02T06:34:56.689558029,19.492712,-78.59381
2020-09-02T06:34:56.691465377,19.47591,-78.61314
2020-09-02T06:34:56.693754196,19.47652,-78.62851
2020-09-02T06:34:56.695661544,19.475435,-78.63961
2020-09-02T06:34:56.697568893,19.468246,-78.64497
2020-09-02T06:34:56.808959960,19.453218,-78.64574
2020-09-02T06:34:56.810867309,19.47024,-78.64366
2020-09-02T06:34:56.810867309,19.2935,-78.51105
2020-09-02T06:34:56.822692871,19.45316,-78.63103
2020-09-02T06:34:56.824981689,19.462078,-78.63995
2020-09-02T06:34:56.826889038,19.464659,-78.64615
2020-09-02T06:34:56.826889038,19.293533,-78.51109
2020-09-02T06:34:56.828796386,19.453224,-78.62959
2020-09-02T06:34:56.830703735,19.475914,-78.64054
2020-09-02T06:34:56.832611083,19.481539,-78.613716
2020-09-02T06:34:56.856645584,19.495989,-78.64232
2020-09-02T06:34:56.858552932,19.47119,-78.636955
2020-09-02T06:34:56.864656448,19.473059,-78.6196
2020-09-02T06:34:56.866563796,19.480663,-78.64701
2020-09-02T06:34:56.870378494,19.53284,-78.59486
2020-09-02T06:34:56.880296707,19.476986,-78.61295
2020-09-02T06:34:56.904329299,19.453194,-78.636566
2020-09-02T06:34:56.908143997,19.47253,-78.6156
2020-09-02T06:34:56.918062210,19.453157,-78.63082
2020-09-02T06:34:57.023731231,19.532812,-78.594864
2020-09-02T06:34:57.025638580,19.477694,-78.651566
2020-09-02T06:34:57.027545928,19.4791,-78.63718
2020-09-02T06:34:57.069507598,19.505123,-78.629135
2020-09-02T06:34:57.071414947,19.478128,-78.63758
2020-09-02T06:34:57.127111434,19.477957,-78.64167
2020-09-02T06:34:57.129018783,19.484556,-78.63063
2020-09-02T06:34:57.130926132,19.476828,-78.63287
2020-09-02T06:34:57.132833480,19.481178,-78.62965
2020-09-02T06:34:57.135122299,19.453125,-78.63903
2020-09-02T06:34:57.651639938,18.707718,-82.28103
2020-09-02T06:34:57.657743453,18.674864,-82.27927
2020-09-02T06:34:57.699705123,18.714527,-82.28135
2020-09-02T06:34:57.719543457,18.717285,-82.28155
2020-09-02T06:34:57.727172851,18.698805,-82.29248
2020-09-02T06:34:57.735183715,18.715357,-82.281456
2020-09-02T06:34:57.737472534,18.713436,-82.281364
2020-09-02T06:34:57.800796508,18.724485,-82.2719
2020-09-02T06:34:57.803085327,18.70762,-82.28222
2020-09-02T06:34:57.804992675,18.7109,-82.2792
2020-09-02T06:34:57.806900024,18.711359,-82.28119
2020-09-02T06:34:57.918291091,18.70347,-82.28066
2020-09-02T06:34:57.922105789,18.706095,-82.280815
2020-09-02T06:34:57.930116653,18.697403,-82.29384
2020-09-02T06:34:57.936220169,18.704859,-82.29892
2020-09-02T06:34:57.938127517,18.6748,-82.27919
2020-09-02T06:34:57.940034866,18.697859,-82.29588
2020-09-02T06:34:57.961780548,18.699142,-82.2963
2020-09-02T06:34:57.964069366,18.67483,-82.2792
2020-09-02T06:34:59.401468276,18.257751,-83.34359
2020-09-02T06:34:59.443048477,18.266771,-83.34407
2020-09-02T06:35:00.112917423,19.458853,-78.7309
2020-09-02T06:35:00.117113590,19.453777,-78.74742
2020-09-02T06:35:00.119020938,19.453733,-78.732574
2020-09-02T06:35:00.120928764,19.453762,-78.747406
2020-09-02T06:35:00.122836112,19.453762,-78.7474
2020-09-02T06:35:00.125124931,19.453764,-78.74739
2020-09-02T06:35:00.128939628,19.453766,-78.74737
2020-09-02T06:35:00.136950492,19.453768,-78.74739
2020-09-02T06:35:00.178531169,19.45373,-78.74734
2020-09-02T06:35:00.214390277,19.453667,-78.73451
2020-09-02T06:35:00.216297626,19.453701,-78.74733
2020-09-02T06:35:00.222401142,19.4537,-78.74732
2020-09-02T06:35:00.224308490,19.45369,-78.74732
2020-09-02T06:35:00.286107540,19.453691,-78.73053
2020-09-02T06:35:00.288014888,19.460394,-78.730576
2020-09-02T06:35:00.296025753,19.453667,-78.73169
2020-09-02T06:35:00.297933101,19.453657,-78.730965
2020-09-02T06:35:00.299840450,19.459646,-78.73391
2020-09-02T06:35:00.302129268,19.453678,-78.747345
2020-09-02T06:35:00.305943965,19.453661,-78.74736
2020-09-02T06:35:00.307851791,19.453619,-78.73325
2020-09-02T06:35:00.309759140,19.45731,-78.733536
2020-09-02T06:35:00.312047958,19.456867,-78.73456
2020-09-02T06:35:00.323873519,19.453629,-78.737526
2020-09-02T06:35:00.379569053,19.45952,-78.73363
2020-09-02T06:35:00.381476402,19.453762,-78.74737
2020-09-02T06:35:00.423057079,19.45382,-78.747314
2020-09-02T06:35:00.425345897,19.453817,-78.74732
2020-09-02T06:35:00.468834400,19.453886,-78.747444
2020-09-02T06:35:00.570306777,19.45391,-78.7335
2020-09-02T06:35:00.572214126,19.453901,-78.73453
2020-09-02T06:35:00.132754325,18.384542,-82.97425
2020-09-02T06:35:00.143054008,18.368973,-82.97284
2020-09-02T06:35:00.144961357,18.387474,-82.9626
2020-09-02T06:35:00.182727813,18.35799,-82.95719
2020-09-02T06:35:00.184635162,18.389755,-82.977425
2020-09-02T06:35:00.186542510,18.376581,-82.965034
2020-09-02T06:35:00.188449859,18.363573,-82.96113
2020-09-02T06:35:00.238422870,18.442661,-82.96574
2020-09-02T06:35:00.258259773,18.414381,-82.98368
2020-09-02T06:35:00.263981819,18.40444,-82.98074
2020-09-02T06:35:00.268177986,18.403381,-82.97864
2020-09-02T06:35:00.355535984,18.442972,-82.99999
2020-09-02T06:35:00.357443332,18.442701,-82.96575
2020-09-02T06:35:00.359732151,18.44297,-83.00207
2020-09-02T06:35:00.361639499,18.441952,-83.01727
2020-09-02T06:35:00.363546848,18.417381,-83.0026
2020-09-02T06:35:00.365454196,18.414312,-82.99533
2020-09-02T06:35:00.496682167,18.406504,-82.99202
2020-09-02T06:35:00.498589515,18.419752,-82.98448
2020-09-02T06:35:00.556573867,18.416039,-82.98458
2020-09-02T06:35:00.558481216,18.413834,-82.99259
2020-09-02T06:35:00.564203262,18.431854,-83.01193
2020-09-02T06:35:00.566492080,18.425287,-83.0102
2020-09-02T06:35:00.568399429,18.412634,-83.001465
2020-09-02T06:35:00.570306777,18.443205,-82.99898
2020-09-02T06:35:00.685512542,18.372152,-83.17836
2020-09-02T06:35:00.689708709,18.417711,-82.983345
2020-09-02T06:35:03.512628555,19.533531,-78.28556
2020-09-02T06:35:03.514535903,19.53351,-78.27988
2020-09-02T06:35:03.516824722,19.537378,-78.28227
2020-09-02T06:35:03.518732070,19.533497,-78.28556
2020-09-02T06:35:03.550394058,19.537271,-78.2769
2020-09-02T06:35:03.552301406,19.5334,-78.26876
2020-09-02T06:35:03.554590225,19.53344,-78.2856
2020-09-02T06:35:03.578242301,19.53344,-78.28561
2020-09-02T06:35:03.580149650,19.533457,-78.28561
2020-09-02T06:35:03.599986076,19.533415,-78.28558
2020-09-02T06:35:03.627833366,19.533459,-78.27685
2020-09-02T06:35:03.630122184,19.533463,-78.285515
2020-09-02T06:35:03.632029533,19.533468,-78.28551
2020-09-02T06:35:03.635845184,19.5335,-78.28553
2020-09-02T06:35:03.657970428,19.533466,-78.28554
2020-09-02T06:35:03.659877777,19.533445,-78.27809
2020-09-02T06:35:03.661785125,19.533438,-78.277794
2020-09-02T06:35:03.663692474,19.533443,-78.28557
2020-09-02T06:35:03.761350631,19.533468,-78.285576
2020-09-02T06:35:03.763257980,19.533438,-78.259186
2020-09-02T06:35:03.768980026,19.533531,-78.28552
2020-09-02T06:35:03.801023483,19.53348,-78.28554
2020-09-02T06:35:03.802930831,19.528915,-78.29071
2020-09-02T06:35:03.804838180,19.53265,-78.270096
2020-09-02T06:35:03.882278442,19.536743,-78.27606
2020-09-02T06:35:03.886474609,19.524591,-78.27624
2020-09-02T06:35:03.898300170,19.53471,-78.27097
2020-09-02T06:35:03.973832130,19.52925,-78.27607
2020-09-02T06:35:05.031663894,19.409767,-78.64321
2020-09-02T06:35:05.033571243,19.413504,-78.66906
2020-09-02T06:35:05.039674758,19.399654,-78.64707
2020-09-02T06:35:05.043489456,19.410152,-78.63952
2020-09-02T06:35:05.049592971,19.396158,-78.63778
2020-09-02T06:35:05.053407669,19.409298,-78.63504
2020-09-02T06:35:05.061419486,19.3744,-78.6333
2020-09-02T06:35:05.063326835,19.374382,-78.6278
2020-09-02T06:35:05.065234184,19.406681,-78.636765
2020-09-02T06:35:05.099184989,19.39723,-78.640236
2020-09-02T06:35:05.112917900,19.39218,-78.639145
2020-09-02T06:35:05.115206718,19.37441,-78.66791
2020-09-02T06:35:05.117114067,19.397606,-78.64154
2020-09-02T06:35:05.119022369,19.374435,-78.66785
2020-09-02T06:35:05.158695220,19.396923,-78.64112
2020-09-02T06:35:05.160984039,19.390478,-78.645195
2020-09-02T06:35:05.162891387,19.374422,-78.667946
2020-09-02T06:35:05.304038047,19.394493,-78.63827
2020-09-02T06:35:05.796903610,19.514835,-78.671745
2020-09-02T06:35:05.819029808,19.497482,-78.6754
2020-09-02T06:35:05.842680931,19.491066,-78.671165
2020-09-02T06:35:05.866714477,19.533688,-78.672424
2020-09-02T06:35:05.884643554,19.511429,-78.67179
2020-09-02T06:35:05.892272949,19.503887,-78.67151
2020-09-02T06:35:05.894561767,19.496447,-78.67132
2020-09-02T06:35:05.914398193,19.481237,-78.6764
2020-09-02T06:35:05.965897560,19.510641,-78.67179
2020-09-02T06:35:05.967804908,19.488237,-78.6792
2020-09-02T06:35:05.972001075,19.49987,-78.67148
2020-09-02T06:35:05.981919288,19.493267,-78.67124
2020-09-02T06:35:06.011674880,19.501936,-78.68003
2020-09-02T06:35:06.061266899,19.48622,-78.672554
2020-09-02T06:35:06.085299491,19.48436,-78.67829
2020-09-02T06:35:06.093310356,19.53364,-78.672386
2020-09-02T06:35:06.121158599,19.497185,-78.67138
2020-09-02T06:35:06.131076812,19.499104,-78.6714
2020-09-02T06:35:06.142902374,19.533724,-78.67237
2020-09-02T06:35:06.158924102,19.499262,-78.67145
2020-09-02T06:35:06.194783210,19.498375,-78.673225
2020-09-02T06:35:06.200505256,19.533722,-78.67241
2020-09-02T06:35:06.228352546,19.47958,-78.6707
2020-09-02T06:35:06.230259895,19.485918,-78.671074
2020-09-02T06:35:06.232549667,19.492815,-78.67126
2020-09-02T06:35:06.234457015,19.488924,-78.671135
2020-09-02T06:35:06.236364364,19.484686,-78.671005
2020-09-02T06:35:06.238271713,19.478418,-78.67015
2020-09-02T06:35:06.284048080,19.481066,-78.667694
2020-09-02T06:35:06.321814537,19.49105,-78.671234
2020-09-02T06:35:07.920197486,18.742838,-82.12057
2020-09-02T06:35:07.922104835,18.745674,-82.1189
2020-09-02T06:35:07.924012184,18.753517,-82.10104
2020-09-02T06:35:07.938126564,18.753561,-82.110466
2020-09-02T06:35:07.940033912,18.74607,-82.11653
2020-09-02T06:35:07.989625930,18.753803,-82.128105
2020-09-02T06:35:07.991914749,18.747446,-82.11835
2020-09-02T06:35:07.993822097,18.746765,-82.1127
2020-09-02T06:35:08.053332328,18.753595,-82.10409
2020-09-02T06:35:08.055239677,18.753763,-82.1282
2020-09-02T06:35:08.071261405,18.753807,-82.12818
2020-09-02T06:35:08.110935211,18.727436,-82.10781
2020-09-02T06:35:09.918366432,18.442453,-82.8269
2020-09-02T06:35:09.920273780,18.442345,-82.81007
2020-09-02T06:35:10.105289459,18.44233,-82.81001
2020-09-02T06:35:10.107196807,18.44234,-82.810005
2020-09-02T06:35:10.160603523,18.44251,-82.82158
2020-09-02T06:35:10.250249862,18.442438,-82.81006
2020-09-02T06:35:10.252157211,18.419699,-82.82353
2020-09-02T06:35:10.256354331,18.44246,-82.81
2020-09-02T06:35:10.289923667,18.432377,-82.821556
2020-09-02T06:35:11.804763793,18.311749,-83.30697
2020-09-02T06:35:11.824600219,18.318764,-83.31092
2020-09-02T06:35:11.850540161,18.288557,-83.309326
2020-09-02T06:35:11.872665405,18.288572,-83.30825
2020-09-02T06:35:11.916154861,18.304226,-83.31267
2020-09-02T06:35:12.756925582,19.437784,-82.52148
2020-09-02T06:35:12.806900024,19.43119,-82.5245
2020-09-02T06:35:12.808807373,19.40623,-82.52898
2020-09-02T06:35:12.888154983,19.43692,-82.51578
2020-09-02T06:35:12.969789505,19.473598,-82.53096
2020-09-02T06:35:12.971696853,19.396286,-82.543236
2020-09-02T06:35:13.081180572,19.314014,-82.54725
2020-09-02T06:35:13.083087921,19.364046,-82.551186
2020-09-02T06:35:13.084995269,19.47353,-82.530945
2020-09-02T06:35:13.091098785,19.376724,-82.5401
2020-09-02T06:35:14.669645309,19.48156,-78.69291
2020-09-02T06:35:14.693677902,19.484787,-78.69436
2020-09-02T06:35:14.715421676,19.454128,-78.70648
2020-09-02T06:35:14.759292602,19.488438,-78.69294
2020-09-02T06:35:14.844741821,19.481041,-78.69513
2020-09-02T06:35:14.846649169,19.454235,-78.70559
2020-09-02T06:35:14.922182083,19.479328,-78.6936
2020-09-02T06:35:14.924089431,19.47909,-78.69665
2020-09-02T06:35:14.926378250,19.477926,-78.695946
2020-09-02T06:35:14.928285598,19.472103,-78.69972
2020-09-02T06:35:14.964143753,19.45427,-78.70575
2020-09-02T06:35:14.966051101,19.478703,-78.69483
2020-09-02T06:35:15.005725860,19.477428,-78.696335
2020-09-02T06:35:15.120931625,19.47501,-78.70167
2020-09-02T06:35:14.789047241,18.288073,-83.32527
2020-09-02T06:35:14.790954589,18.287868,-83.326515
2020-09-02T06:35:14.914171218,18.286865,-83.33246
2020-09-02T06:35:15.099185943,18.28516,-83.337234
2020-09-02T06:35:15.172811508,18.288134,-83.33258
2020-09-02T06:35:15.174718856,18.288069,-83.325
2020-09-02T06:35:15.176626205,18.271542,-83.34379
2020-09-02T06:35:15.198369979,18.28809,-83.329865
2020-09-02T06:35:15.254066467,18.288029,-83.33278
2020-09-02T06:35:15.443277359,18.288145,-83.334145
2020-09-02T06:35:15.926225662,18.368896,-83.135056
2020-09-02T06:35:15.928133010,18.344461,-83.139175
2020-09-02T06:35:15.965898513,18.350546,-83.13439
2020-09-02T06:35:15.967805862,18.367285,-83.13175
2020-09-02T06:35:15.970094680,18.369051,-83.13426
2020-09-02T06:35:15.972002029,18.36519,-83.13299
2020-09-02T06:35:15.973909378,18.328852,-83.15024
2020-09-02T06:35:16.103231430,18.31018,-83.13314
2020-09-02T06:35:16.152822494,18.3118,-83.13749
2020-09-02T06:35:16.152822494,18.128176,-83.068954
2020-09-02T06:35:16.301979064,18.351988,-83.12871
2020-09-02T06:35:16.303886413,18.374868,-83.12616
2020-09-02T06:35:16.305793762,18.35932,-83.13135
2020-09-02T06:35:16.305793762,18.128336,-83.10241
2020-09-02T06:35:16.353479385,18.358055,-83.136765
2020-09-02T06:35:16.355768203,18.286268,-83.11158
2020-09-02T06:35:16.357675552,18.348156,-83.1176
2020-09-02T06:35:16.361490249,18.339443,-83.131584
2020-09-02T06:35:16.363397598,18.365622,-83.15315
2020-09-02T06:35:17.810714721,18.250229,-83.34301
2020-09-02T06:35:17.920198440,18.246378,-83.34268
2020-09-02T06:35:17.922105789,18.243307,-83.3425
2020-09-02T06:35:17.926301956,18.240704,-83.342354
2020-09-02T06:35:17.930116653,18.238516,-83.34223
2020-09-02T06:35:17.932024002,18.230995,-83.3418
2020-09-02T06:35:17.969791412,18.209167,-83.34055
2020-09-02T06:35:17.972080230,18.232912,-83.3577
2020-09-02T06:35:17.973987579,18.23432,-83.34203
2020-09-02T06:35:18.037693023,18.235119,-83.35942
2020-09-02T06:35:18.049518585,18.209162,-83.34055
2020-09-02T06:35:18.079273223,18.230305,-83.35358
2020-09-02T06:35:18.123144149,18.229412,-83.35246
2020-09-02T06:35:18.184560775,18.236086,-83.35877
2020-09-02T06:35:18.186468124,18.23591,-83.34214
2020-09-02T06:35:18.204397201,18.235062,-83.35775
2020-09-02T06:35:18.266197204,18.234673,-83.35661
2020-09-02T06:35:18.268104553,18.240149,-83.34239
2020-09-02T06:35:18.279930114,18.2286,-83.35213
2020-09-02T06:35:18.287940979,18.238016,-83.34224
2020-09-02T06:35:18.303962707,18.231726,-83.34183
2020-09-02T06:35:18.341730117,18.231094,-83.35153
2020-09-02T06:35:19.790952206,19.50723,-78.28422
2020-09-02T06:35:19.792859555,19.494137,-78.28452
2020-09-02T06:35:19.795148373,19.505215,-78.28418
2020-09-02T06:35:19.806973935,19.533236,-78.28496
2020-09-02T06:35:19.906539441,19.4794,-78.29213
2020-09-02T06:35:19.954223633,19.453642,-78.28296
2020-09-02T06:35:19.795148373,19.454216,-78.66958
2020-09-02T06:35:19.797055722,19.474243,-78.656685
2020-09-02T06:35:19.822996140,19.471207,-78.65208
2020-09-02T06:35:19.846647740,19.454296,-78.66968
2020-09-02T06:35:19.848555089,19.469759,-78.65184
2020-09-02T06:35:19.866484166,19.468624,-78.64973
2020-09-02T06:35:19.898528100,19.45433,-78.669716
2020-09-02T06:35:19.900435448,19.468489,-78.64925
2020-09-02T06:35:19.914168835,19.468325,-78.65044
2020-09-02T06:35:19.928283215,19.470894,-78.65436
2020-09-02T06:35:19.944305420,19.471645,-78.653915
2020-09-02T06:35:19.958038331,19.467978,-78.64996
2020-09-02T06:35:19.967957020,19.471493,-78.6518
2020-09-02T06:35:19.982071400,19.454323,-78.64303
2020-09-02T06:35:19.993896962,19.45437,-78.669586
2020-09-02T06:35:20.007630348,19.47155,-78.65183
2020-09-02T06:35:20.009919166,19.454231,-78.64228
2020-09-02T06:35:20.037385463,19.470358,-78.652985
2020-09-02T06:35:20.039674282,19.468178,-78.64831
2020-09-02T06:35:20.059511184,19.470224,-78.65063
2020-09-02T06:35:20.061418533,19.466816,-78.647064
2020-09-02T06:35:20.075151443,19.45434,-78.669586
2020-09-02T06:35:20.097277164,19.45425,-78.669556
2020-09-02T06:35:20.164798259,19.46688,-78.65803
2020-09-02T06:35:20.206378936,19.47252,-78.64898
2020-09-02T06:35:20.222401142,19.471062,-78.64679
2020-09-02T06:35:20.242237567,19.470215,-78.64815
2020-09-02T06:35:20.256352424,19.454268,-78.66949
2020-09-02T06:35:20.281911373,19.454212,-78.64248
2020-09-02T06:35:20.353628635,19.472004,-78.645996
2020-09-02T06:35:20.395590782,19.477411,-78.64904
2020-09-02T06:35:20.478752613,19.473185,-78.645676
2020-09-02T06:35:22.009614467,18.363873,-82.960556
2020-09-02T06:35:22.011521816,18.363869,-82.96056
2020-09-02T06:35:22.035554409,18.363647,-82.935875
2020-09-02T06:35:22.037461757,18.363632,-82.933014
2020-09-02T06:35:22.166782379,18.363817,-82.96058
2020-09-02T06:35:22.168689727,18.36382,-82.96059
2020-09-02T06:35:22.170597076,18.363596,-82.93086
2020-09-02T06:35:22.178607940,18.363766,-82.96055
2020-09-02T06:35:22.645915508,18.267252,-83.280014
2020-09-02T06:35:22.652019023,18.255795,-83.26502
2020-09-02T06:35:22.653926372,18.263355,-83.26177
2020-09-02T06:35:22.655833721,18.262308,-83.26138
2020-09-02T06:35:22.657741069,18.287043,-83.266945
2020-09-02T06:35:22.731366157,18.287008,-83.267006
2020-09-02T06:35:22.733273506,18.264166,-83.253845
2020-09-02T06:35:22.804990768,18.263132,-83.255264
2020-09-02T06:35:22.844664573,18.286995,-83.26703
2020-09-02T06:35:22.878615856,18.259235,-83.265434
2020-09-02T06:35:22.317846775,19.453783,-78.74676
2020-09-02T06:35:22.319754123,19.45377,-78.74676
2020-09-02T06:35:22.322042942,19.453775,-78.74675
2020-09-02T06:35:22.325857639,19.45381,-78.74674
2020-09-02T06:35:22.345694065,19.453817,-78.7467
2020-09-02T06:35:22.347601413,19.453827,-78.746704
2020-09-02T06:35:22.377356529,19.453842,-78.74665
2020-09-02T06:35:22.415122985,19.450073,-78.752464
2020-09-02T06:35:22.417411804,19.453812,-78.753654
2020-09-02T06:35:22.419319152,19.453768,-78.74675
2020-09-02T06:35:22.429237365,19.453804,-78.74668
2020-09-02T06:35:22.431144714,19.453842,-78.75772
2020-09-02T06:35:22.433052062,19.453821,-78.74668
2020-09-02T06:35:22.441062927,19.453884,-78.76274
2020-09-02T06:35:22.442970752,19.449913,-78.76412
2020-09-02T06:35:22.445259571,19.453857,-78.7644
2020-09-02T06:35:22.447166919,19.453884,-78.78051
2020-09-02T06:35:22.449074268,19.453848,-78.771996
2020-09-02T06:35:22.465095996,19.453836,-78.77876
2020-09-02T06:35:22.467003345,19.453794,-78.76907
2020-09-02T06:35:22.468910694,19.453833,-78.79169
2020-09-02T06:35:22.470818042,19.453777,-78.77514
2020-09-02T06:35:22.483025550,19.453884,-78.79088
2020-09-02T06:35:22.486840248,19.453876,-78.79171
2020-09-02T06:35:22.488747596,19.453825,-78.77292
2020-09-02T06:35:22.496758460,19.453852,-78.805016
2020-09-02T06:35:22.498665809,19.455458,-78.78293
2020-09-02T06:35:22.500954627,19.453764,-78.78146
2020-09-02T06:35:22.502861976,19.4538,-78.785614
2020-09-02T06:35:22.530709743,19.453909,-78.80897
2020-09-02T06:35:22.532617092,19.452227,-78.77921
2020-09-02T06:35:22.558557510,19.455563,-78.79166
2020-09-02T06:35:22.560464859,19.453882,-78.77539
2020-09-02T06:35:22.564279556,19.456797,-78.82267
2020-09-02T06:35:22.566568851,19.456217,-78.7919
2020-09-02T06:35:22.568476200,19.454426,-78.79444
2020-09-02T06:35:22.570383548,19.455194,-78.8071
2020-09-02T06:35:22.572290897,19.453869,-78.7715
2020-09-02T06:35:22.580301761,19.453983,-78.83796
2020-09-02T06:35:22.582209110,19.453924,-78.82407
2020-09-02T06:35:22.584116458,19.453705,-78.74671
2020-09-02T06:35:22.590219974,19.455532,-78.835266
2020-09-02T06:35:22.592127323,19.453737,-78.78512
2020-09-02T06:35:22.594034671,19.45386,-78.82417
2020-09-02T06:35:22.598231315,19.453815,-78.78718
2020-09-02T06:35:22.600138664,19.454012,-78.85464
2020-09-02T06:35:22.610056877,19.45399,-78.86725
2020-09-02T06:35:22.614253044,19.4541,-78.901505
2020-09-02T06:35:22.639811992,19.455738,-78.77635
2020-09-02T06:35:22.642100811,19.448835,-78.76938
2020-09-02T06:35:22.675670623,19.453856,-78.77642
2020-09-02T06:35:22.677577972,19.453838,-78.770294
2020-09-02T06:35:22.679866790,19.45378,-78.746704
2020-09-02T06:35:22.699703693,19.453766,-78.74673
2020-09-02T06:35:22.767224788,19.45378,-78.78003
2020-09-02T06:35:22.844664573,19.453815,-78.7834
2020-09-02T06:35:22.846571922,19.453726,-78.74675
2020-09-02T06:35:22.856490135,19.453773,-78.77211
2020-09-02T06:35:22.858778953,19.451628,-78.762436
2020-09-02T06:35:22.864500999,19.453808,-78.790375
2020-09-02T06:35:22.868697166,19.446966,-78.798485
2020-09-02T06:35:22.872511863,19.453749,-78.76031
2020-09-02T06:35:22.878615856,19.447416,-78.78871
2020-09-02T06:35:22.880523204,19.444592,-78.771904
2020-09-02T06:35:22.890441417,19.453863,-78.82411
2020-09-02T06:35:22.892348766,19.443272,-78.789635
2020-09-02T06:35:22.894256114,19.453674,-78.74674
2020-09-02T06:35:22.904174327,19.453907,-78.82414
2020-09-02T06:35:22.906463623,19.424543,-78.79375
2020-09-02T06:35:22.908370971,19.439325,-78.807465
2020-09-02T06:35:26.691464424,19.504322,-78.68316
2020-09-02T06:35:26.693753242,19.532814,-78.671715
2020-09-02T06:35:26.721600532,19.500656,-78.67088
2020-09-02T06:35:26.725415229,19.493425,-78.670654
2020-09-02T06:35:26.727323532,19.501936,-78.67088
2020-09-02T06:35:26.733427047,19.493568,-78.68647
2020-09-02T06:35:26.767377853,19.489735,-78.6823
2020-09-02T06:35:27.011903762,19.497753,-78.70488
2020-09-02T06:35:27.021821975,19.45294,-78.66956
2020-09-02T06:35:27.039370536,19.53293,-78.69989
2020-09-02T06:35:27.041659355,19.494131,-78.68062
2020-09-02T06:35:27.045474052,19.480684,-78.67908
2020-09-02T06:35:27.049670219,19.532797,-78.67174
2020-09-02T06:35:27.057299613,19.483454,-78.68521
2020-09-02T06:35:27.059588432,19.532782,-78.67176
2020-09-02T06:35:27.065310478,19.490599,-78.693054
2020-09-02T06:35:27.069506645,19.484314,-78.676125
2020-09-02T06:35:27.071413993,19.48208,-78.69382
2020-09-02T06:35:27.081332206,19.476732,-78.68585
2020-09-02T06:35:27.103076934,19.488005,-78.681946
2020-09-02T06:35:27.140842437,19.482382,-78.68756
2020-09-02T06:35:27.145038604,19.488182,-78.69197
2020-09-02T06:35:27.164875984,19.489939,-78.69206
2020-09-02T06:35:27.190815925,19.532825,-78.67174
2020-09-02T06:35:27.192723274,19.48101,-78.64337
2020-09-02T06:35:26.091403007,18.208069,-83.34011
2020-09-02T06:35:26.220341682,18.204563,-83.34567
2020-09-02T06:35:26.325629234,18.203415,-83.33985
2020-09-02T06:35:26.359580993,18.20374,-83.34593
2020-09-02T06:35:26.361488342,18.208069,-83.340126
2020-09-02T06:35:26.377510070,18.208105,-83.340096
2020-09-02T06:35:26.395439147,18.20809,-83.34016
2020-09-02T06:35:26.441216468,18.202583,-83.34665
2020-09-02T06:35:26.445031166,18.208061,-83.34014
2020-09-02T06:35:26.446938514,18.208046,-83.340126
2020-09-02T06:35:26.467156410,18.208061,-83.3402
2020-09-02T06:35:26.469063758,18.208057,-83.34021
2020-09-02T06:35:26.496912002,18.208055,-83.340034
2020-09-02T06:35:26.554514884,18.20136,-83.339676
2020-09-02T06:35:26.556422233,18.244455,-83.34224
2020-09-02T06:35:26.576258659,18.208014,-83.34019
2020-09-02T06:35:26.584269523,18.207996,-83.340126
2020-09-02T06:35:26.586176872,18.202496,-83.34462
2020-09-02T06:35:26.588084220,18.208036,-83.340126
2020-09-02T06:35:26.628139495,18.208076,-83.34015
2020-09-02T06:35:26.630046844,18.208075,-83.34015
2020-09-02T06:35:26.638057708,18.208023,-83.34013
2020-09-02T06:35:26.646068572,18.208103,-83.34016
2020-09-02T06:35:26.653697967,18.19095,-83.343475
2020-09-02T06:35:26.655986785,18.195272,-83.33937
2020-09-02T06:35:26.657894134,18.208124,-83.34012
2020-09-02T06:35:26.695660591,18.129154,-83.33551
2020-09-02T06:35:26.697567939,18.18345,-83.34422
2020-09-02T06:35:26.699475288,18.188396,-83.346756
2020-09-02T06:35:26.701382637,18.171274,-83.348495
2020-09-02T06:35:26.703671455,18.21249,-83.35636
2020-09-02T06:35:26.705578804,18.184717,-83.34897
2020-09-02T06:35:26.713589668,18.129425,-83.36878
2020-09-02T06:35:26.715497016,18.20809,-83.340225
2020-09-02T06:35:26.751356124,18.207088,-83.35421
2020-09-02T06:35:26.753263473,18.17158,-83.355316
2020-09-02T06:35:26.755170822,18.145853,-83.372185
2020-09-02T06:35:26.757078170,18.166374,-83.360115
2020-09-02T06:35:26.759366989,18.178524,-83.3527
2020-09-02T06:35:26.761274337,18.221634,-83.31076
2020-09-02T06:35:26.763181686,18.171385,-83.350876
2020-09-02T06:35:26.765089035,18.17096,-83.358
2020-09-02T06:35:26.775007247,18.146414,-83.38251
2020-09-02T06:35:26.777296066,18.155586,-83.377266
2020-09-02T06:35:26.779203414,18.165428,-83.36981
2020-09-02T06:35:26.781110763,18.166384,-83.371155
2020-09-02T06:35:26.783018112,18.169455,-83.361336
2020-09-02T06:35:26.784925460,18.16406,-83.36633
2020-09-02T06:35:26.787214279,18.1296,-83.39265
2020-09-02T06:35:26.789122581,18.162048,-83.38337
2020-09-02T06:35:26.792937278,18.161243,-83.385086
2020-09-02T06:35:26.794844627,18.129486,-83.37763
2020-09-02T06:35:26.836806297,18.317377,-83.26405
2020-09-02T06:35:26.930268287,18.171339,-83.3656
2020-09-02T06:35:26.932175636,18.175196,-83.365875
2020-09-02T06:35:26.934082984,18.169777,-83.36552
2020-09-02T06:35:26.935990333,18.165407,-83.379166
2020-09-02T06:35:26.991685867,18.181446,-83.343605
2020-09-02T06:35:27.001604080,18.184086,-83.347206
2020-09-02T06:35:27.011522293,18.182192,-83.34852
2020-09-02T06:35:27.033647537,18.378048,-83.19715
2020-09-02T06:35:27.071413993,18.208101,-83.34023
2020-09-02T06:35:27.196537971,18.208109,-83.340256
2020-09-02T06:35:27.198445320,18.162577,-83.357925
2020-09-02T06:35:27.200734138,18.157785,-83.39338
2020-09-02T06:35:27.202641487,18.12916,-83.3356
2020-09-02T06:35:29.252309799,18.286873,-83.31555
2020-09-02T06:35:29.337760925,18.269552,-83.321236
2020-09-02T06:35:29.363700866,18.26842,-83.31923
2020-09-02T06:35:29.470895767,18.253254,-83.31192
2020-09-02T06:35:29.542613029,18.264597,-83.32208
2020-09-02T06:35:29.596019744,18.264212,-83.32216
2020-09-02T06:35:31.405359268,19.464685,-78.6419
2020-09-02T06:35:31.407266616,19.47379,-78.640884
2020-09-02T06:35:31.409173965,19.452639,-78.6387
2020-09-02T06:35:31.411462783,19.468292,-78.64143
2020-09-02T06:35:31.413370132,19.469034,-78.63909
2020-09-02T06:35:31.415277481,19.47485,-78.63746
2020-09-02T06:35:31.419473648,19.477093,-78.633965
2020-09-02T06:35:31.421380996,19.46638,-78.63661
2020-09-02T06:35:31.425195693,19.452547,-78.59319
2020-09-02T06:35:31.427103042,19.482256,-78.625626
2020-09-02T06:35:31.429391860,19.45265,-78.62474
2020-09-02T06:35:31.462961196,19.476988,-78.635666
2020-09-02T06:35:31.480890274,19.482254,-78.62124
2020-09-02T06:35:31.514841079,19.452536,-78.59322
2020-09-02T06:35:31.516748428,19.484055,-78.61895
2020-09-02T06:35:31.518655776,19.47737,-78.62301
2020-09-02T06:35:31.524761199,19.452635,-78.633575
2020-09-02T06:35:31.526668548,19.452639,-78.63258
2020-09-02T06:35:31.534679412,19.452572,-78.59318
2020-09-02T06:35:31.536586761,19.456509,-78.62893
2020-09-02T06:35:31.538494110,19.452583,-78.593185
2020-09-02T06:35:31.540401458,19.452658,-78.62374
2020-09-02T06:35:31.558330535,19.452549,-78.59318
2020-09-02T06:35:31.560619354,19.456915,-78.62203
2020-09-02T06:35:31.562526702,19.456741,-78.62082
2020-09-02T06:35:31.564434051,19.452621,-78.63021
2020-09-02T06:35:31.572444915,19.452562,-78.61117
2020-09-02T06:35:31.574352264,19.452564,-78.61414
2020-09-02T06:35:31.576259613,19.4741,-78.62121
2020-09-02T06:35:31.578166961,19.452505,-78.593254
2020-09-02T06:35:31.584270477,19.45253,-78.60315
2020-09-02T06:35:31.586177825,19.452564,-78.615746
2020-09-02T06:35:31.615932464,19.475086,-78.62973
2020-09-02T06:35:31.618221282,19.452606,-78.634766
2020-09-02T06:35:31.620128631,19.466972,-78.64281
2020-09-02T06:35:31.622035980,19.470436,-78.64392
2020-09-02T06:35:31.623943328,19.471945,-78.64235
2020-09-02T06:35:31.626232147,19.456419,-78.613365
2020-09-02T06:35:31.628139495,19.455046,-78.61279
2020-09-02T06:35:31.630046844,19.47308,-78.636955
2020-09-02T06:35:31.631954193,19.48197,-78.64986
2020-09-02T06:35:31.633861541,19.472044,-78.649284
2020-09-02T06:35:31.689558029,19.452646,-78.62088
2020-09-02T06:35:31.691465377,19.457754,-78.62972
2020-09-02T06:35:31.743345260,19.452547,-78.5932
2020-09-02T06:35:31.761274337,19.479567,-78.62982
2020-09-02T06:35:31.767377853,19.478432,-78.63775
2020-09-02T06:35:31.888305664,19.456255,-78.61483
2020-09-02T06:35:31.890594482,19.457462,-78.61998
2020-09-02T06:35:31.896318435,19.452587,-78.601456
2020-09-02T06:35:31.898225784,19.455673,-78.610794
2020-09-02T06:35:31.900514602,19.452593,-78.611755
2020-09-02T06:35:31.902421951,19.452597,-78.61682
2020-09-02T06:35:31.977952957,19.470379,-78.62759
2020-09-02T06:35:31.979860305,19.452614,-78.59328
2020-09-02T06:35:32.011903762,19.463648,-78.617744
2020-09-02T06:35:32.013811111,19.452658,-78.60827
2020-09-02T06:35:32.059589385,19.476763,-78.619354
2020-09-02T06:35:32.061496734,19.452663,-78.610725
2020-09-02T06:35:32.085147857,19.4668,-78.61835
2020-09-02T06:35:32.087436676,19.452604,-78.593315
2020-09-02T06:35:32.121006011,19.473385,-78.62381
2020-09-02T06:35:32.122913360,19.452688,-78.61229
2020-09-02T06:35:32.178609848,19.492085,-78.61546
2020-09-02T06:35:32.190816879,19.532387,-78.59541
2020-09-02T06:35:32.210653305,19.452623,-78.62325
2020-09-02T06:35:32.337684631,19.452682,-78.63879
2020-09-02T06:35:32.361717224,19.477196,-78.62518
2020-09-02T06:35:32.371635437,19.452785,-78.67074
2020-09-02T06:35:32.373542785,19.452705,-78.637634
2020-09-02T06:35:32.375450134,19.485836,-78.614586
2020-09-02T06:35:32.379646301,19.479128,-78.64531
2020-09-02T06:35:32.395288467,19.484219,-78.644394
2020-09-02T06:35:32.397577285,19.496092,-78.63612
2020-09-02T06:35:32.399484634,19.532572,-78.673035
2020-09-02T06:35:32.411310195,19.532444,-78.595634
2020-09-02T06:35:32.473108291,19.532406,-78.59558
2020-09-02T06:35:32.119098663,18.441418,-82.88856
2020-09-02T06:35:32.121006011,18.44143,-82.88856
2020-09-02T06:35:32.125202178,18.441412,-82.88854
2020-09-02T06:35:32.127109527,18.430973,-82.89139
2020-09-02T06:35:32.129016876,18.441395,-82.88853
2020-09-02T06:35:32.130924224,18.44128,-82.87457
2020-09-02T06:35:32.166784286,18.441454,-82.88862
2020-09-02T06:35:32.264059066,18.441345,-82.88868
2020-09-02T06:35:32.266349792,18.433376,-82.89284
2020-09-02T06:35:32.314033508,18.433832,-82.89171
2020-09-02T06:35:32.315940856,18.441296,-82.88873
2020-09-02T06:35:32.321662902,18.441328,-82.88873
2020-09-02T06:35:32.397577285,18.415234,-82.88648
2020-09-02T06:35:32.409402847,18.417278,-82.88058
2020-09-02T06:35:32.421228408,18.44128,-82.888756
2020-09-02T06:35:32.467004776,18.403439,-82.87519
2020-09-02T06:35:32.574199676,18.400522,-82.876816
2020-09-02T06:35:32.584117889,18.415174,-82.878174
2020-09-02T06:35:32.596324920,18.415419,-82.8786
2020-09-02T06:35:32.611965179,18.414272,-82.87582
2020-09-02T06:35:32.635997772,18.413788,-82.88328
2020-09-02T06:35:32.653928756,18.407604,-82.87836
2020-09-02T06:35:32.681776046,18.39594,-82.84184
2020-09-02T06:35:32.693601608,18.441437,-82.88874
2020-09-02T06:35:32.711530685,18.4205,-82.86721
2020-09-02T06:35:32.564281463,19.514214,-78.285645
2020-09-02T06:35:32.566570281,19.531828,-78.28609
2020-09-02T06:35:32.568477630,19.531845,-78.28607
2020-09-02T06:35:32.635997772,19.451942,-78.28402
2020-09-02T06:35:32.671857833,19.48483,-78.28485
2020-09-02T06:35:32.687498092,19.495365,-78.28514
2020-09-02T06:35:32.699705123,19.452032,-78.28402
2020-09-02T06:35:32.713438034,19.525095,-78.26901
2020-09-02T06:35:32.715345382,19.487783,-78.26341
2020-09-02T06:35:32.733274459,19.520277,-78.26717
2020-09-02T06:35:32.735563278,19.484581,-78.284904
2020-09-02T06:35:32.844665527,19.496033,-78.27315
2020-09-02T06:35:32.860687255,19.51243,-78.28566
2020-09-02T06:35:32.854583740,19.453022,-82.50642
2020-09-02T06:35:32.876327514,19.471708,-82.5191
2020-09-02T06:35:32.890443801,19.471687,-82.52411
2020-09-02T06:35:32.936220169,19.471786,-82.52048
2020-09-02T06:35:32.948045730,19.471748,-82.52049
2020-09-02T06:35:32.969789505,19.392546,-82.526924
2020-09-02T06:35:33.094913482,19.351612,-82.54881
2020-09-02T06:35:33.097202301,19.471863,-82.523865
2020-09-02T06:35:33.110935211,19.430807,-82.521355
2020-09-02T06:35:33.186468124,19.341982,-82.54824
2020-09-02T06:35:35.323875427,19.453413,-78.7481
2020-09-02T06:35:35.325782775,19.453432,-78.74809
2020-09-02T06:35:35.327690124,19.453451,-78.748085
2020-09-02T06:35:35.339897155,19.453434,-78.74803
2020-09-02T06:35:35.367746353,19.453493,-78.73802
2020-09-02T06:35:35.381479263,19.45345,-78.74805
2020-09-02T06:35:35.455102920,19.458675,-78.739624
2020-09-02T06:35:35.492870330,19.46009,-78.74055
2020-09-02T06:35:35.500881195,19.4592,-78.74041
2020-09-02T06:35:35.502788543,19.453478,-78.748055
2020-09-02T06:35:35.504695892,19.453487,-78.748055
2020-09-02T06:35:35.508892059,19.453505,-78.74805
2020-09-02T06:35:35.520717620,19.453547,-78.74809
2020-09-02T06:35:35.622190475,19.460484,-78.740944
2020-09-02T06:35:35.624097824,19.46267,-78.74829
2020-09-02T06:35:35.665678024,19.453518,-78.74805
2020-09-02T06:35:35.669874191,19.453499,-78.74807
2020-09-02T06:35:35.343711853,18.259632,-83.344444
2020-09-02T06:35:35.450906753,18.260128,-83.34443
2020-09-02T06:35:35.528728485,18.260025,-83.34451
2020-09-02T06:35:35.530635833,18.2551,-83.344215
2020-09-02T06:35:36.604108810,19.533245,-78.672806
2020-09-02T06:35:36.631956100,19.533237,-78.672775
2020-09-02T06:35:36.681547164,19.533329,-78.67278
2020-09-02T06:35:36.703672409,19.53321,-78.67284
2020-09-02T06:35:36.723510742,19.533247,-78.67278
2020-09-02T06:35:36.739532470,19.533194,-78.672775
2020-09-02T06:35:36.751358032,19.533352,-78.67281
2020-09-02T06:35:36.763183593,19.53327,-78.67282
2020-09-02T06:35:36.789123535,19.533302,-78.67285
2020-09-02T06:35:36.836807250,19.533255,-78.672806
2020-09-02T06:35:36.854738235,19.519238,-78.672424
2020-09-02T06:35:36.880678176,19.533304,-78.672745
2020-09-02T06:35:36.908525466,19.533253,-78.67289
2020-09-02T06:35:36.918443679,18.675304,-82.30544
2020-09-02T06:35:36.922258377,18.675287,-82.305084
2020-09-02T06:35:36.924165725,18.667313,-82.308174
2020-09-02T06:35:36.935991287,18.675158,-82.27994
2020-09-02T06:35:36.952013015,18.675167,-82.27984
2020-09-02T06:35:36.953920364,18.675346,-82.3046
2020-09-02T06:35:36.956209182,18.67536,-82.30538
2020-09-02T06:35:36.963838577,18.66345,-82.29788
2020-09-02T06:35:36.966127395,18.647377,-82.30606
2020-09-02T06:35:36.969944000,18.654306,-82.294655
2020-09-02T06:35:36.971851348,18.652931,-82.30338
2020-09-02T06:35:36.985965728,18.595898,-82.27571
2020-09-02T06:35:36.987873077,18.646563,-82.27841
2020-09-02T06:35:36.989780426,18.636856,-82.29397
2020-09-02T06:35:36.991687774,18.63132,-82.29764
2020-09-02T06:35:37.007709503,18.63888,-82.3073
2020-09-02T06:35:37.039371490,18.636148,-82.32052
2020-09-02T06:35:37.041660308,18.62839,-82.31147
2020-09-02T06:35:37.081333160,18.675135,-82.27992
2020-09-02T06:35:37.135122299,18.631052,-82.302025
2020-09-02T06:35:37.137029647,18.633055,-82.30841
2020-09-02T06:35:37.198446273,18.65097,-82.32262
2020-09-02T06:35:37.198446273,18.67402,-82.1246
2020-09-02T06:35:37.200735092,18.656387,-82.34315
2020-09-02T06:35:37.200735092,18.674015,-82.12461
2020-09-02T06:35:37.202642440,18.65886,-82.316505
2020-09-02T06:35:37.202642440,18.674013,-82.12459
2020-09-02T06:35:37.204549789,18.674011,-82.124565
2020-09-02T06:35:37.204549789,18.663774,-82.33257
2020-09-02T06:35:37.206457138,18.659086,-82.34174
2020-09-02T06:35:37.208364486,18.667566,-82.33475
2020-09-02T06:35:37.210653305,18.660812,-82.32446
2020-09-02T06:35:37.212560653,18.668297,-82.32893
2020-09-02T06:35:37.212560653,18.673996,-82.12452
2020-09-02T06:35:37.214468002,18.684504,-82.33468
2020-09-02T06:35:37.216377258,18.675339,-82.32539
2020-09-02T06:35:37.218284606,18.691025,-82.33416
2020-09-02T06:35:37.220573425,18.594727,-82.12043
2020-09-02T06:35:37.220573425,18.69204,-82.33207
2020-09-02T06:35:37.222480773,18.699577,-82.33445
2020-09-02T06:35:37.224388122,18.71142,-82.32824
2020-09-02T06:35:37.226295471,18.695261,-82.33017
2020-09-02T06:35:37.266349792,18.754961,-82.3618
2020-09-02T06:35:37.268257141,18.754763,-82.3328
2020-09-02T06:35:37.270164489,18.754965,-82.361786
2020-09-02T06:35:37.272071838,18.75497,-82.36177
2020-09-02T06:35:37.273979187,18.754976,-82.361755
2020-09-02T06:35:37.276268005,18.754982,-82.36174
2020-09-02T06:35:37.278175354,18.754902,-82.34943
2020-09-02T06:35:37.280082702,18.735106,-82.34382
2020-09-02T06:35:37.281990051,18.729033,-82.34833
2020-09-02T06:35:37.283897399,18.679497,-82.34012
2020-09-02T06:35:37.286186218,18.718002,-82.35105
2020-09-02T06:35:37.288093566,18.737259,-82.35893
2020-09-02T06:35:37.290000915,18.736364,-82.358635
2020-09-02T06:35:37.291908264,18.682817,-82.3315
2020-09-02T06:35:37.293815612,18.742796,-82.361465
2020-09-02T06:35:37.296104431,18.73576,-82.336624
2020-09-02T06:35:37.298011779,18.698408,-82.33894
2020-09-02T06:35:37.373544692,18.675234,-82.30687
2020-09-02T06:35:37.506679534,18.666813,-82.28003
2020-09-02T06:35:37.508586883,18.691517,-82.3236
2020-09-02T06:35:37.510875701,18.730286,-82.3333
2020-09-02T06:35:37.512783050,18.754894,-82.36179
2020-09-02T06:35:44.160755157,19.532772,-78.28605
2020-09-02T06:35:44.162662506,19.532776,-78.28604
2020-09-02T06:35:44.172962188,19.532791,-78.28602
2020-09-02T06:35:44.188602447,19.532877,-78.28605
2020-09-02T06:35:44.198521614,19.532766,-78.286064
2020-09-02T06:35:44.200428962,19.532734,-78.286064
2020-09-02T06:35:44.204625129,19.532774,-78.286064
2020-09-02T06:35:44.236287117,19.532885,-78.28607
2020-09-02T06:35:44.258413314,19.532843,-78.28605
2020-09-02T06:35:44.298086166,19.5328,-78.28605
2020-09-02T06:35:44.324027061,19.53005,-78.283356
2020-09-02T06:35:44.325934410,19.532845,-78.28612
2020-09-02T06:35:44.331656455,19.532839,-78.28615
2020-09-02T06:35:44.365607261,19.532814,-78.28605
2020-09-02T06:35:44.381629943,19.532923,-78.28608
2020-09-02T06:35:45.033571243,19.454103,-78.670685
2020-09-02T06:35:45.079348564,19.45421,-78.6707
2020-09-02T06:35:45.081255912,19.476383,-78.67133
2020-09-02T06:35:45.162891387,19.49257,-78.67173
2020-09-02T06:35:45.164798736,19.454317,-78.70377
2020-09-02T06:35:45.210576057,19.454205,-78.67068
2020-09-02T06:35:45.212483406,19.454208,-78.670685
2020-09-02T06:35:45.260168075,19.454096,-78.67062
2020-09-02T06:35:45.297933578,19.473047,-78.70032
2020-09-02T06:35:45.304038047,19.473341,-78.68446
2020-09-02T06:35:45.305945396,19.477776,-78.69327
2020-09-02T06:35:45.333792686,19.468233,-78.684944
2020-09-02T06:35:45.335700035,19.471107,-78.684326
2020-09-02T06:35:45.345618247,19.468592,-78.68988
2020-09-02T06:35:45.363547325,19.476402,-78.69148
2020-09-02T06:35:45.395591735,19.470724,-78.680336
2020-09-02T06:35:45.397499084,19.454128,-78.6706
2020-09-02T06:35:45.425346374,19.470839,-78.68163
2020-09-02T06:35:45.445183753,19.471249,-78.67929
2020-09-02T06:35:45.463112831,19.474524,-78.69168
2020-09-02T06:35:45.465020179,19.454294,-78.67065
2020-09-02T06:35:45.481041908,19.454405,-78.69589
2020-09-02T06:35:45.508890151,19.477802,-78.67131
2020-09-02T06:35:45.590144157,19.473097,-78.68125
2020-09-02T06:35:46.303885459,19.118769,-82.77165
2020-09-02T06:35:46.323721885,19.115824,-82.78007
2020-09-02T06:35:46.349661827,19.122608,-82.77182
2020-09-02T06:35:46.514459609,19.120462,-82.7798
2020-09-02T06:35:46.526666641,19.132568,-82.77236
2020-09-02T06:35:46.542307853,19.156109,-82.77374
2020-09-02T06:35:46.576258659,19.138134,-82.78943
2020-09-02T06:35:46.589991569,19.156176,-82.773735
2020-09-02T06:35:46.606014251,19.156185,-82.77371
2020-09-02T06:35:46.627758026,19.156183,-82.77376
2020-09-02T06:35:46.669720649,19.118656,-82.78765
2020-09-02T06:35:46.671627998,19.112066,-82.77115
2020-09-02T06:35:46.673535346,19.132185,-82.77262
2020-09-02T06:35:46.707486152,19.076544,-82.76912
2020-09-02T06:35:46.713589668,19.076519,-82.76912
2020-09-02T06:35:46.719311714,19.07651,-82.76913
2020-09-02T06:35:46.725415229,19.076529,-82.76912
2020-09-02T06:35:47.858398437,19.450533,-82.500755
2020-09-02T06:35:47.896163940,19.472866,-82.47927
2020-09-02T06:35:47.900360107,19.453989,-82.50655
2020-09-02T06:35:47.904175758,19.47286,-82.4793
2020-09-02T06:35:47.959870338,19.401794,-82.52538
2020-09-02T06:35:47.975893020,19.41266,-82.52696
2020-09-02T06:35:48.013658523,19.47314,-82.51648
2020-09-02T06:35:48.013658523,19.313751,-82.54834
2020-09-02T06:35:48.015565872,19.371483,-82.53169
2020-09-02T06:35:48.031588554,19.473173,-82.51748
2020-09-02T06:35:48.033495903,19.405378,-82.51293
2020-09-02T06:35:48.051424980,19.4083,-82.52468
2020-09-02T06:35:48.065157890,19.473137,-82.51538
2020-09-02T06:35:48.079272270,19.473179,-82.518486
2020-09-02T06:35:50.500879287,19.453894,-78.74755
2020-09-02T06:35:50.512705802,19.453918,-78.74753
2020-09-02T06:35:50.554667472,19.453918,-78.74745
2020-09-02T06:35:50.588237762,19.462347,-78.74109
2020-09-02T06:35:50.608074188,19.453844,-78.747475
2020-09-02T06:35:50.617992401,19.464882,-78.74781
2020-09-02T06:35:50.620281219,19.453865,-78.7475
2020-09-02T06:35:50.626004219,19.46391,-78.74478
2020-09-02T06:35:50.634015083,19.453905,-78.74745
2020-09-02T06:35:50.635922431,19.461899,-78.74546
2020-09-02T06:35:50.650036811,19.453844,-78.7534
2020-09-02T06:35:50.651944160,19.459148,-78.74672
2020-09-02T06:35:50.658047676,19.453854,-78.74737
2020-09-02T06:35:50.671780586,19.453892,-78.74749
2020-09-02T06:35:50.673687934,19.453894,-78.74749
2020-09-02T06:35:50.699628829,19.453909,-78.74746
2020-09-02T06:35:50.713361740,19.45383,-78.74749
2020-09-02T06:35:50.715650558,19.453836,-78.747475
2020-09-02T06:35:50.729383468,19.453896,-78.755104
2020-09-02T06:35:50.731290817,19.459856,-78.74963
2020-09-02T06:35:50.743497848,19.453838,-78.74746
2020-09-02T06:35:50.745405197,19.453842,-78.74746
2020-09-02T06:35:50.806822776,19.459862,-78.75042
2020-09-02T06:35:50.811019897,19.453905,-78.74745
2020-09-02T06:35:50.812927246,19.45391,-78.74746
2020-09-02T06:35:50.822845458,19.461008,-78.75505
2020-09-02T06:35:50.824752807,19.453928,-78.75137
2020-09-02T06:35:50.827041625,19.4591,-78.74827
2020-09-02T06:35:50.828948974,19.453905,-78.74748
2020-09-02T06:35:50.848785400,19.453094,-78.747925
2020-09-02T06:35:50.850692749,19.45555,-78.749275
2020-09-02T06:35:50.852600097,19.446678,-78.75706
2020-09-02T06:35:50.854888916,19.436697,-78.75074
2020-09-02T06:35:50.856796264,19.442238,-78.757095
2020-09-02T06:35:50.866714477,19.404396,-78.74607
2020-09-02T06:35:50.868621826,19.422483,-78.74959
2020-09-02T06:35:50.870529174,19.449232,-78.74833
2020-09-02T06:35:50.876633644,19.374176,-78.74514
2020-09-02T06:35:50.884644508,19.390759,-78.74565
2020-09-02T06:35:50.886551856,19.416082,-78.746414
2020-09-02T06:35:50.892655372,19.453873,-78.73465
2020-09-02T06:35:50.894562721,19.37415,-78.74527
2020-09-02T06:35:50.896470069,19.374142,-78.74526
2020-09-02T06:35:50.898377418,19.374132,-78.745255
2020-09-02T06:35:50.900284767,19.374125,-78.74525
2020-09-02T06:35:50.902573585,19.453878,-78.747536
2020-09-02T06:35:50.972002029,19.45387,-78.74756
2020-09-02T06:35:51.079196929,19.444784,-78.7508
2020-09-02T06:35:51.081485748,19.452892,-78.76487
2020-09-02T06:35:51.083393096,19.393784,-78.74576
2020-09-02T06:35:51.085300445,19.374113,-78.74521
2020-09-02T06:35:51.099414825,19.391344,-78.7458
2020-09-02T06:35:51.101322174,19.374218,-78.74531
2020-09-02T06:35:51.103229522,19.438784,-78.750755
2020-09-02T06:35:51.105136871,19.453989,-78.747574
2020-09-02T06:35:51.111240386,19.4251,-78.74596
2020-09-02T06:35:51.129169464,19.453926,-78.74758
2020-09-02T06:35:52.622264862,19.53282,-78.28544
2020-09-02T06:35:52.634090423,19.53281,-78.2854
2020-09-02T06:35:52.657743453,19.532831,-78.28539
2020-09-02T06:35:52.660032272,19.532814,-78.285385
2020-09-02T06:35:52.703519821,19.532843,-78.28538
2020-09-02T06:35:52.755399703,19.532923,-78.28541
2020-09-02T06:35:52.840850830,19.532837,-78.28538
2020-09-02T06:35:52.842758178,19.532852,-78.28539
2020-09-02T06:35:52.874420166,19.532896,-78.285484
2020-09-02T06:35:52.884340286,19.532875,-78.267624
2020-09-02T06:35:52.888536453,19.513258,-78.29278
2020-09-02T06:35:52.890443801,19.532864,-78.28536
2020-09-02T06:35:52.892351150,19.532877,-78.28538
2020-09-02T06:35:52.910280227,19.532969,-78.28543
2020-09-02T06:35:52.916383743,19.53292,-78.285416
2020-09-02T06:35:52.985811233,19.53289,-78.28544
2020-09-02T06:35:53.069355010,19.51378,-78.28502
2020-09-02T06:35:53.039600372,18.363825,-82.93083
2020-09-02T06:35:53.053333282,18.363707,-82.92927
2020-09-02T06:35:53.055622100,18.36372,-82.930824
2020-09-02T06:35:53.139165878,18.356916,-82.93532
2020-09-02T06:35:53.141073226,18.347742,-82.93762
2020-09-02T06:35:53.282218933,18.36402,-82.96141
2020-09-02T06:35:53.287940979,18.359558,-82.94777
2020-09-02T06:35:53.300148010,18.364027,-82.961426
2020-09-02T06:35:53.303962707,18.376316,-82.98075
2020-09-02T06:35:53.311973571,18.364054,-82.9614
2020-09-02T06:35:53.318077087,18.364002,-82.961395
2020-09-02T06:35:53.347831726,18.363997,-82.96142
2020-09-02T06:35:53.383691787,18.36403,-82.96143
2020-09-02T06:35:53.407342910,18.364004,-82.96143
2020-09-02T06:35:53.448923110,18.349762,-82.95033
2020-09-02T06:35:53.455026626,18.363958,-82.961426
2020-09-02T06:35:53.383310317,18.653559,-82.38648
2020-09-02T06:35:53.385599136,18.627552,-82.401306
2020-09-02T06:35:53.387506484,18.63117,-82.39834
2020-09-02T06:35:53.389413833,18.630762,-82.39806
2020-09-02T06:35:53.391321182,18.63428,-82.39758
2020-09-02T06:35:53.393610000,18.633274,-82.39311
2020-09-02T06:35:53.395517349,18.646324,-82.39381
2020-09-02T06:35:53.397424697,18.633028,-82.39435
2020-09-02T06:35:53.399332046,18.632109,-82.394165
2020-09-02T06:35:53.401239395,18.63585,-82.39489
2020-09-02T06:35:53.403528213,18.631462,-82.39206
2020-09-02T06:35:53.405435562,18.641802,-82.390686
2020-09-02T06:35:53.407342910,18.64275,-82.38979
2020-09-02T06:35:53.409250259,18.65312,-82.3881
2020-09-02T06:35:53.411157608,18.654524,-82.38962
2020-09-02T06:35:53.413446426,18.654224,-82.38882
2020-09-02T06:35:53.415353775,18.655727,-82.39161
2020-09-02T06:35:53.417261123,18.659397,-82.39831
2020-09-02T06:35:53.419168472,18.676521,-82.40911
2020-09-02T06:35:53.421457290,18.65809,-82.39799
2020-09-02T06:35:53.423364639,18.676699,-82.43496
2020-09-02T06:35:53.433282852,18.65558,-82.39974
2020-09-02T06:35:53.435190200,18.657316,-82.40313
2020-09-02T06:35:53.522548675,18.625586,-82.41758
2020-09-02T06:35:53.526744842,18.596922,-82.35305
2020-09-02T06:35:53.540477752,18.597137,-82.38285
2020-09-02T06:35:53.914323806,18.287746,-83.3149
2020-09-02T06:35:54.003589630,18.287783,-83.317764
2020-09-02T06:35:55.546657562,19.533745,-78.67237
2020-09-02T06:35:55.548564910,19.53376,-78.67238
2020-09-02T06:35:55.550472259,19.533775,-78.672386
2020-09-02T06:35:55.564586639,19.533772,-78.67239
2020-09-02T06:35:55.584423065,19.533812,-78.70983
2020-09-02T06:35:55.586330413,19.533804,-78.708565
2020-09-02T06:35:55.588237762,19.54263,-78.70591
2020-09-02T06:35:55.617994308,19.53375,-78.693504
2020-09-02T06:35:55.619901657,19.773893,-78.83442
2020-09-02T06:35:55.620283126,19.540665,-78.70529
2020-09-02T06:35:55.622190475,19.539103,-78.705734
2020-09-02T06:35:55.624097824,19.533773,-78.705345
2020-09-02T06:35:55.626005172,19.533783,-78.70641
2020-09-02T06:35:55.627912521,19.533806,-78.71227
2020-09-02T06:35:55.970094680,19.533653,-78.63138
2020-09-02T06:35:55.972002029,19.533741,-78.67241
2020-09-02T06:35:55.999851226,19.533577,-78.63634
2020-09-02T06:35:56.001758575,19.533737,-78.699585
2020-09-02T06:35:56.003665924,19.533785,-78.70819
2020-09-02T06:35:56.005954742,19.533726,-78.6724
2020-09-02T06:35:56.033802032,19.533813,-78.7111
2020-09-02T06:35:56.063556671,19.453966,-78.67014
2020-09-02T06:35:56.158926010,19.533695,-78.63791
2020-09-02T06:35:56.160833358,19.540619,-78.69646
2020-09-02T06:35:56.162740707,19.541903,-78.69323
2020-09-02T06:35:56.165029525,19.533127,-78.69209
2020-09-02T06:35:56.162740707,19.294193,-78.51114
2020-09-02T06:35:56.166936874,19.53909,-78.68659
2020-09-02T06:35:56.168844223,19.533842,-78.7022
2020-09-02T06:35:56.170751571,19.533773,-78.67245
2020-09-02T06:35:56.174947738,19.533594,-78.59503
2020-09-02T06:35:56.190587997,19.453907,-78.642235
2020-09-02T06:35:56.254295349,19.538347,-78.70527
2020-09-02T06:35:56.262306213,19.540222,-78.67965
2020-09-02T06:35:56.264213562,19.544058,-78.69281
2020-09-02T06:35:56.162740707,19.774073,-78.87156
2020-09-02T06:35:56.164648056,19.80261,-78.82825
2020-09-02T06:35:56.266120910,19.549524,-78.690216
2020-09-02T06:35:56.268028259,19.53991,-78.68592
2020-09-02T06:35:56.272224426,19.490667,-78.67702
2020-09-02T06:35:56.274131774,19.533796,-78.70313
2020-09-02T06:35:56.357675552,19.533567,-78.59495
2020-09-02T06:35:56.361490249,19.533741,-78.67237
2020-09-02T06:35:56.365686416,19.540825,-78.6916
2020-09-02T06:35:56.367593765,19.538548,-78.69369
2020-09-02T06:35:56.369501113,19.53833,-78.694954
2020-09-02T06:35:56.371408462,19.540949,-78.68253
2020-09-02T06:35:56.373697280,19.537851,-78.67206
2020-09-02T06:35:56.373697280,19.805807,-78.823395
2020-09-02T06:35:56.375604629,19.539751,-78.682434
2020-09-02T06:35:56.379419326,19.545221,-78.646996
2020-09-02T06:35:56.381708145,19.533764,-78.70336
2020-09-02T06:35:56.383615493,19.533691,-78.67242
2020-09-02T06:35:56.413370132,19.533594,-78.59499
2020-09-02T06:35:57.178609848,19.502005,-78.74896
2020-09-02T06:35:57.315940856,19.512886,-78.765564
2020-09-02T06:35:57.337684631,19.506374,-78.74911
2020-09-02T06:35:57.349893569,19.512484,-78.76278
2020-09-02T06:35:57.365533828,19.516964,-78.75147
2020-09-02T06:35:57.387659072,19.514978,-78.75033
2020-09-02T06:35:57.415506362,19.521597,-78.77206
2020-09-02T06:35:57.417413711,19.516464,-78.766335
2020-09-02T06:35:57.419321060,19.519629,-78.77677
2020-09-02T06:35:57.431146621,19.534136,-78.79739
2020-09-02T06:35:57.433053970,19.514765,-78.78107
2020-09-02T06:35:57.435342788,19.454256,-78.74758
2020-09-02T06:35:57.439157485,19.534245,-78.80092
2020-09-02T06:35:57.441064834,19.51519,-78.79433
2020-09-02T06:35:57.445261001,19.534298,-78.82733
2020-09-02T06:35:57.447168350,19.534283,-78.82732
2020-09-02T06:35:57.450983047,19.509676,-78.82657
2020-09-02T06:35:57.546733856,19.534233,-78.80431
2020-09-02T06:35:57.548641204,19.502548,-78.7679
2020-09-02T06:35:57.558559417,19.502611,-78.82648
2020-09-02T06:35:57.560466766,19.504988,-78.79054
2020-09-02T06:35:57.562374114,19.49784,-78.777664
2020-09-02T06:35:57.564281463,19.454432,-78.825035
2020-09-02T06:35:57.566570281,19.476007,-78.82567
2020-09-02T06:35:57.568477630,19.488808,-78.793434
2020-09-02T06:35:57.570384979,19.480507,-78.800446
2020-09-02T06:35:57.572292327,19.45438,-78.80113
2020-09-02T06:35:57.574199676,19.466301,-78.825386
2020-09-02T06:35:57.580303192,19.463263,-78.8253
2020-09-02T06:35:57.582210540,19.454472,-78.82505
2020-09-02T06:35:57.584499359,19.454468,-78.82506
2020-09-02T06:35:57.586406707,19.454464,-78.825066
2020-09-02T06:35:57.592130661,19.454456,-78.82509
2020-09-02T06:35:57.610059738,19.454441,-78.82504
2020-09-02T06:35:57.612348556,19.454441,-78.82504
2020-09-02T06:35:57.614255905,19.454441,-78.82504
2020-09-02T06:35:57.619977951,19.454441,-78.82504
2020-09-02T06:35:57.624174118,19.454441,-78.82508
2020-09-02T06:35:57.627988815,19.454441,-78.82512
2020-09-02T06:35:57.635999679,19.454445,-78.82507
2020-09-02T06:35:57.642103195,19.454443,-78.82502
2020-09-02T06:35:57.644010543,19.454477,-78.84076
2020-09-02T06:35:57.652021408,19.454487,-78.848976
2020-09-02T06:35:57.653928756,19.45444,-78.82508
2020-09-02T06:35:57.657743453,19.458494,-78.833015
2020-09-02T06:35:57.661939620,19.454496,-78.825096
2020-09-02T06:35:57.667661666,19.454535,-78.82513
2020-09-02T06:35:57.705427169,19.45455,-78.85568
2020-09-02T06:35:57.709623336,19.454554,-78.86676
2020-09-02T06:35:57.717636108,19.45467,-78.90254
2020-09-02T06:35:57.727554321,19.454596,-78.86159
2020-09-02T06:35:57.733276367,19.454628,-78.87201
2020-09-02T06:35:57.814910888,19.500607,-78.77651
2020-09-02T06:35:57.876710891,19.490997,-78.76886
2020-09-02T06:35:57.954149246,18.335922,-83.13387
2020-09-02T06:35:58.013660430,18.365448,-83.1171
2020-09-02T06:35:58.015567779,18.314749,-83.12456
2020-09-02T06:35:58.085378646,18.298704,-83.107445
2020-09-02T06:35:58.200582504,18.266577,-83.085724
2020-09-02T06:35:58.202489852,18.27129,-83.10972
2020-09-02T06:35:58.308158874,18.263557,-83.085915
2020-09-02T06:35:58.357751846,18.286457,-83.11259
2020-09-02T06:35:58.492794036,18.342983,-83.09316
2020-09-02T06:35:58.492794036,18.128311,-83.07127
2020-09-02T06:35:58.494701385,18.280468,-83.07958
2020-09-02T06:35:58.495082855,17.890999,-82.93499
2020-09-02T06:35:58.496990203,18.327099,-83.0775
2020-09-02T06:35:58.496990203,18.128546,-83.10346
2020-09-02T06:35:56.918062210,19.422836,-82.52912
2020-09-02T06:35:55.803009033,18.209055,-83.34088
2020-09-02T06:35:55.840774536,18.20901,-83.34094
2020-09-02T06:35:55.902574539,18.208946,-83.327
2020-09-02T06:35:55.904481887,18.209051,-83.34092
2020-09-02T06:35:55.947969436,18.20904,-83.34084
2020-09-02T06:35:55.950258255,18.20903,-83.34083
2020-09-02T06:35:55.970094680,18.209017,-83.34088
2020-09-02T06:35:56.011676788,18.209051,-83.340904
2020-09-02T06:35:56.073474884,18.209024,-83.34086
2020-09-02T06:35:56.075382232,18.205414,-83.336876
2020-09-02T06:35:56.077289581,18.204702,-83.33277
2020-09-02T06:35:56.083393096,18.209028,-83.34088
2020-09-02T06:35:56.091403961,18.208977,-83.34089
2020-09-02T06:35:56.099033355,18.20899,-83.331566
2020-09-02T06:35:56.131078720,18.20896,-83.340805
2020-09-02T06:35:56.186773300,18.204857,-83.325424
2020-09-02T06:35:56.188680648,18.208887,-83.32123
2020-09-02T06:35:56.190587997,18.208902,-83.32286
2020-09-02T06:35:56.192495346,18.205505,-83.322685
2020-09-02T06:35:56.194784164,18.208847,-83.317154
2020-09-02T06:35:56.204702377,18.204426,-83.3214
2020-09-02T06:35:56.238273620,18.208899,-83.32553
2020-09-02T06:35:56.240180969,18.209013,-83.34083
2020-09-02T06:35:56.292060852,18.208862,-83.32458
2020-09-02T06:35:56.319908142,18.208843,-83.324036
2020-09-02T06:35:56.321815490,18.20179,-83.32716
2020-09-02T06:35:56.373697280,18.205206,-83.33244
2020-09-02T06:35:56.385522842,18.208803,-83.3211
2020-09-02T06:35:56.393533706,18.20895,-83.34086
2020-09-02T06:35:56.469064712,18.208834,-83.318245
2020-09-02T06:35:56.490810394,18.20877,-83.3162
2020-09-02T06:35:56.618223190,18.208792,-83.31606
2020-09-02T06:35:56.626234054,18.209017,-83.34083
2020-09-02T06:35:56.628141403,18.209026,-83.34082
2020-09-02T06:35:56.657896041,18.209002,-83.309715
2020-09-02T06:35:56.659803390,18.203554,-83.28754
2020-09-02T06:35:56.661710739,18.203957,-83.30349
2020-09-02T06:35:56.663999557,18.20032,-83.30696
2020-09-02T06:35:56.709394454,18.208815,-83.30695
2020-09-02T06:35:56.711683273,18.20186,-83.31532
2020-09-02T06:35:56.731521606,18.209112,-83.34088
2020-09-02T06:35:56.751358032,18.209063,-83.34093
2020-09-02T06:35:56.753265380,18.204605,-83.295296
2020-09-02T06:35:56.775009155,18.246689,-83.33251
2020-09-02T06:35:56.777297973,18.208485,-83.26312
2020-09-02T06:35:56.908525466,18.287876,-83.316536
2020-09-02T06:35:56.910432815,18.293818,-83.31794
2020-09-02T06:35:56.944002151,18.287853,-83.30965
2020-09-02T06:35:57.057300567,18.287863,-83.3095
2020-09-02T06:35:57.059589385,18.287905,-83.31274
2020-09-02T06:35:57.468914031,18.677254,-82.485886
2020-09-02T06:35:57.516597747,18.677416,-82.51287
2020-09-02T06:35:59.727627278,19.533583,-78.28586
2020-09-02T06:35:59.816892624,19.53361,-78.28579
2020-09-02T06:35:59.876402855,19.533264,-78.291374
2020-09-02T06:35:59.882506371,19.533623,-78.28582
2020-09-02T06:35:59.892424584,19.53356,-78.28584
2020-09-02T06:35:59.898528100,19.533587,-78.28581
2020-09-02T06:35:59.902342797,19.533596,-78.285805
2020-09-02T06:35:59.920272351,19.53357,-78.2858
2020-09-02T06:35:59.922179699,19.533564,-78.2858
2020-09-02T06:35:59.924468518,19.533556,-78.285805
2020-09-02T06:35:59.934386731,19.533506,-78.2664
2020-09-02T06:35:59.938201905,19.533546,-78.285774
2020-09-02T06:35:59.944305420,19.53349,-78.268394
2020-09-02T06:35:59.959945679,19.533587,-78.28571
2020-09-02T06:35:59.749371052,18.326593,-82.95961
2020-09-02T06:35:59.751278878,18.322006,-82.95935
2020-09-02T06:35:59.779126168,18.285583,-82.957306
2020-09-02T06:35:59.781033993,18.319508,-82.95925
2020-09-02T06:35:59.782941342,18.316477,-82.95908
2020-09-02T06:35:59.785230160,18.3199,-82.97609
2020-09-02T06:35:59.787137509,18.317554,-82.974655
2020-09-02T06:35:59.789044858,18.31188,-82.98051
2020-09-02T06:35:59.790952206,18.309944,-82.98255
2020-09-02T06:35:59.814985276,18.305435,-82.97761
2020-09-02T06:35:59.816892624,18.28565,-82.95722
2020-09-02T06:35:59.818799973,18.298069,-82.98265
2020-09-02T06:35:59.820707322,18.306898,-82.97568
2020-09-02T06:35:59.842833043,18.3045,-82.98408
2020-09-02T06:35:59.844740391,18.304188,-82.98084
2020-09-02T06:35:59.846647740,18.317343,-82.98005
2020-09-02T06:35:59.886321068,18.2858,-82.98035
2020-09-02T06:35:59.888609887,18.306038,-82.97932
2020-09-02T06:35:59.890517235,18.30845,-82.97473
2020-09-02T06:35:59.892424584,18.308477,-82.975876
2020-09-02T06:35:59.894331933,18.317087,-82.95906
2020-09-02T06:35:59.902342797,18.298761,-82.97789
2020-09-02T06:35:59.904250622,18.285635,-82.957245
2020-09-02T06:35:59.910354138,18.304296,-82.97648
2020-09-02T06:36:00.039674282,18.305426,-82.97463
2020-09-02T06:36:00.041581630,18.305471,-82.97095
2020-09-02T06:36:00.043488979,18.285753,-82.97823
2020-09-02T06:36:00.099184513,18.310957,-82.98026
2020-09-02T06:36:00.128939628,18.285622,-82.9573
2020-09-02T06:36:00.190738677,18.284817,-82.84916
2020-09-02T06:36:00.530633449,18.443058,-82.88868
2020-09-02T06:36:00.532540798,18.456749,-82.86998
2020-09-02T06:36:00.534448146,18.46412,-82.86673
2020-09-02T06:36:00.536736965,18.40751,-82.85194
2020-09-02T06:36:00.560388565,18.442984,-82.86406
2020-09-02T06:36:00.562295913,18.443176,-82.888756
2020-09-02T06:36:00.600061893,18.441233,-82.86156
2020-09-02T06:36:00.637827873,18.445833,-82.860596
2020-09-02T06:36:00.653850078,18.4429,-82.862595
2020-09-02T06:36:00.669871807,18.442911,-82.88869
2020-09-02T06:36:00.777066707,18.408207,-82.82161
2020-09-02T06:36:00.786984920,18.44264,-82.85383
2020-09-02T06:36:03.532464981,19.482908,-78.68136
2020-09-02T06:36:03.620203971,19.483923,-78.68865
2020-09-02T06:36:03.622111320,19.533148,-78.67283
2020-09-02T06:36:03.633937835,19.477833,-78.698875
2020-09-02T06:36:03.663692474,19.45333,-78.67056
2020-09-02T06:36:03.665981292,19.486017,-78.68651
2020-09-02T06:36:03.709469795,19.477634,-78.69829
2020-09-02T06:36:03.717480659,19.4533,-78.670525
2020-09-02T06:36:03.757154464,19.493921,-78.6717
2020-09-02T06:36:03.789197921,19.477983,-78.68522
2020-09-02T06:36:03.791105270,19.484001,-78.67137
2020-09-02T06:36:03.940261840,19.474321,-78.68526
2020-09-02T06:36:03.942170143,19.469282,-78.68673
2020-09-02T06:36:03.945984840,19.453484,-78.71349
2020-09-02T06:36:04.005876541,19.470514,-78.68309
2020-09-02T06:36:04.007783889,19.453308,-78.670586
2020-09-02T06:36:04.029527664,19.472685,-78.692566
2020-09-02T06:36:04.063478469,19.45337,-78.67051
2020-09-02T06:36:04.673839569,18.286863,-83.28817
2020-09-02T06:36:04.675746917,18.2774,-83.28667
2020-09-02T06:36:04.677654266,18.286736,-83.26811
2020-09-02T06:36:04.745175361,18.28701,-83.31655
2020-09-02T06:36:04.747465133,18.282742,-83.30752
2020-09-02T06:36:04.749372482,18.277508,-83.30319
2020-09-02T06:36:04.751279830,18.287,-83.31444
2020-09-02T06:36:04.822997093,18.286867,-83.31495
2020-09-02T06:36:04.832915306,18.286898,-83.31424
2020-09-02T06:36:04.850844383,18.286924,-83.30643
2020-09-02T06:36:04.902343750,18.286968,-83.3111
2020-09-02T06:36:05.031663894,18.286625,-83.26798
2020-09-02T06:36:05.033571243,18.286963,-83.311165
2020-09-02T06:36:05.071337699,18.287,-83.30945
2020-09-02T06:36:05.073245048,18.286911,-83.30043
2020-09-02T06:36:05.429162025,18.75435,-82.30899
2020-09-02T06:36:05.433358192,18.745375,-82.2901
2020-09-02T06:36:05.435265541,18.754168,-82.28393
2020-09-02T06:36:05.437172889,18.754282,-82.301186
2020-09-02T06:36:05.439080238,18.738518,-82.30984
2020-09-02T06:36:05.443276405,18.754145,-82.283936
2020-09-02T06:36:07.286185264,19.532429,-78.28537
2020-09-02T06:36:07.407494544,19.532436,-78.28539
2020-09-02T06:36:07.453270912,19.522715,-78.28843
2020-09-02T06:36:07.455178260,19.520622,-78.28149
2020-09-02T06:36:07.457085609,19.532427,-78.285416
2020-09-02T06:36:07.463189125,19.532423,-78.285416
2020-09-02T06:36:07.483026504,19.532507,-78.28543
2020-09-02T06:36:07.491037368,19.532467,-78.28547
2020-09-02T06:36:07.494852066,19.532446,-78.285446
2020-09-02T06:36:07.502862930,19.53242,-78.2854
2020-09-02T06:36:07.504770278,19.532423,-78.28539
2020-09-02T06:36:07.506677627,19.532427,-78.285385
2020-09-02T06:36:07.510873794,19.532434,-78.28538
2020-09-02T06:36:07.570384025,19.517614,-78.28506
2020-09-02T06:36:09.578472137,19.533077,-78.67217
2020-09-02T06:36:09.580379486,19.49222,-78.647766
2020-09-02T06:36:09.584194183,19.486517,-78.64914
2020-09-02T06:36:09.598308563,19.488907,-78.65176
2020-09-02T06:36:09.604412078,19.494427,-78.64722
2020-09-02T06:36:09.628063201,19.533056,-78.67212
2020-09-02T06:36:09.631877899,19.485247,-78.64953
2020-09-02T06:36:09.639889717,19.486029,-78.650826
2020-09-02T06:36:09.645993232,19.533045,-78.67212
2020-09-02T06:36:09.705503463,19.483442,-78.64641
2020-09-02T06:36:09.713514328,19.477797,-78.64172
2020-09-02T06:36:09.715421676,19.483139,-78.641884
2020-09-02T06:36:09.717710494,19.453165,-78.636
2020-09-02T06:36:09.719617843,19.48442,-78.634186
2020-09-02T06:36:09.721525192,19.453197,-78.63861
2020-09-02T06:36:09.747465133,19.482655,-78.63193
2020-09-02T06:36:09.749372482,19.483685,-78.63137
2020-09-02T06:36:09.751279830,19.453157,-78.63212
2020-09-02T06:36:09.763106346,19.493881,-78.63582
2020-09-02T06:36:09.783324241,19.478043,-78.6424
2020-09-02T06:36:09.852752685,19.453154,-78.63898
2020-09-02T06:36:09.860763549,19.475853,-78.63636
2020-09-02T06:36:09.862670898,19.471924,-78.63419
2020-09-02T06:36:09.864578247,19.471619,-78.63896
2020-09-02T06:36:09.870681762,19.469358,-78.633415
2020-09-02T06:36:09.872589111,19.4531,-78.626915
2020-09-02T06:36:09.876785278,19.453144,-78.62672
2020-09-02T06:36:09.884415626,19.453089,-78.5925
2020-09-02T06:36:09.886704444,19.467283,-78.6297
2020-09-02T06:36:09.888611793,19.46965,-78.63624
2020-09-02T06:36:10.007632255,19.484667,-78.64762
2020-09-02T06:36:10.009921073,19.453278,-78.66983
2020-09-02T06:36:10.011828422,19.4532,-78.63583
2020-09-02T06:36:10.017550468,19.533035,-78.6721
2020-09-02T06:36:10.089267730,19.453463,-78.74716
2020-09-02T06:36:10.091175079,19.467579,-78.7393
2020-09-02T06:36:10.093463897,19.466337,-78.63191
2020-09-02T06:36:10.103382110,19.453033,-78.59241
2020-09-02T06:36:10.105289459,19.466356,-78.62775
2020-09-02T06:36:10.107196807,19.463552,-78.62733
2020-09-02T06:36:10.109104156,19.462675,-78.62911
2020-09-02T06:36:10.117115020,19.453403,-78.74716
2020-09-02T06:36:10.119022369,19.453043,-78.59242
2020-09-02T06:36:10.136952400,19.453363,-78.74717
2020-09-02T06:36:10.138859748,19.453382,-78.74717
2020-09-02T06:36:10.151066780,19.453402,-78.74718
2020-09-02T06:36:10.182728767,19.453413,-78.747185
2020-09-02T06:36:10.190739631,19.472256,-78.74767
2020-09-02T06:36:10.194555282,19.447195,-78.62901
2020-09-02T06:36:10.268179893,19.476793,-78.747765
2020-09-02T06:36:10.270087242,19.45326,-78.74707
2020-09-02T06:36:10.312048912,19.467777,-78.73953
2020-09-02T06:36:10.333793640,19.453238,-78.747215
2020-09-02T06:36:10.335700988,19.45325,-78.747185
2020-09-02T06:36:10.343711853,19.479141,-78.7479
2020-09-02T06:36:10.351722717,19.469933,-78.74771
2020-09-02T06:36:10.363548278,19.47601,-78.74785
2020-09-02T06:36:10.399407386,19.453272,-78.74716
2020-09-02T06:36:10.425347328,19.468214,-78.747604
2020-09-02T06:36:12.190816879,18.320875,-83.3302
2020-09-02T06:36:12.192724227,18.31382,-83.33003
2020-09-02T06:36:12.290000915,18.32463,-83.3254
2020-09-02T06:36:13.105213165,19.505226,-78.67156
2020-09-02T06:36:13.107120513,19.532598,-78.672325
2020-09-02T06:36:13.194860458,19.4849,-78.688545
2020-09-02T06:36:13.220418930,19.484888,-78.68883
2020-09-02T06:36:13.240255355,19.532612,-78.67237
2020-09-02T06:36:13.270393371,19.486427,-78.68978
2020-09-02T06:36:13.854812622,18.456402,-82.82911
2020-09-02T06:36:13.856719970,18.455433,-82.82346
2020-09-02T06:36:13.858627319,18.44074,-82.81034
2020-09-02T06:36:13.912416458,18.44087,-82.81037
2020-09-02T06:36:14.009693145,18.440928,-82.828
2020-09-02T06:36:14.011600494,18.440794,-82.81032
2020-09-02T06:36:14.055469512,18.440886,-82.828476
2020-09-02T06:36:14.057376861,18.440758,-82.810356
2020-09-02T06:36:14.059284210,18.440765,-82.81036
2020-09-02T06:36:14.061573028,18.440773,-82.81037
2020-09-02T06:36:14.063480377,18.440878,-82.8228
2020-09-02T06:36:14.137105941,18.456486,-82.81859
2020-09-02T06:36:14.139013290,18.439253,-82.816
2020-09-02T06:36:14.140920639,18.448992,-82.81778
2020-09-02T06:36:14.142827987,18.440788,-82.810326
2020-09-02T06:36:14.240484237,18.361416,-82.77133
2020-09-02T06:36:14.242391586,18.44713,-82.81221
2020-09-02T06:36:14.244298934,18.455357,-82.79353
2020-09-02T06:36:14.252311706,18.454912,-82.82342
2020-09-02T06:36:14.258415222,18.44082,-82.81035
2020-09-02T06:36:14.347679138,18.459452,-82.80759
2020-09-02T06:36:14.355690002,18.440945,-82.81039
2020-09-02T06:36:14.357597351,18.453445,-82.816864
2020-09-02T06:36:14.359504699,18.456238,-82.818
2020-09-02T06:36:14.361793518,18.441006,-82.81041
2020-09-02T06:36:14.510951995,18.45847,-82.79148
2020-09-02T06:36:14.512859344,18.44546,-82.809105
2020-09-02T06:36:14.514766693,18.4561,-82.803024
2020-09-02T06:36:14.516674041,18.457415,-82.80134
2020-09-02T06:36:14.518581390,18.440895,-82.81038
2020-09-02T06:36:14.641798019,18.45701,-82.78863
2020-09-02T06:36:15.339897155,19.531933,-78.285484
2020-09-02T06:36:15.433359146,19.531876,-78.285484
2020-09-02T06:36:15.439081192,19.531847,-78.28554
2020-09-02T06:36:15.441370010,19.531843,-78.28554
2020-09-02T06:36:15.443277359,19.531849,-78.285515
2020-09-02T06:36:15.445184707,19.535625,-78.28594
2020-09-02T06:36:15.458917617,19.531843,-78.28543
2020-09-02T06:36:15.461206436,19.53184,-78.28543
2020-09-02T06:36:15.497066497,19.53191,-78.2855
2020-09-02T06:36:15.498973846,19.531923,-78.28551
2020-09-02T06:36:15.500881195,19.531935,-78.285515
2020-09-02T06:36:15.524532318,19.53462,-78.274506
2020-09-02T06:36:15.526821136,19.534328,-78.27982
2020-09-02T06:36:15.528728485,19.531895,-78.28547
2020-09-02T06:36:15.530635833,19.531885,-78.28547
2020-09-02T06:36:15.566493988,19.536509,-78.27454
2020-09-02T06:36:15.596248626,19.531883,-78.285416
2020-09-02T06:36:15.622190475,19.531893,-78.2854
2020-09-02T06:36:15.673688888,19.535688,-78.27864
2020-09-02T06:36:15.675977706,19.531918,-78.26407
2020-09-02T06:36:15.717557907,19.531935,-78.271355
2020-09-02T06:36:15.733581542,19.532055,-78.285515
2020-09-02T06:36:17.826736450,18.521704,-82.86273
2020-09-02T06:36:17.829025268,18.525808,-82.8672
2020-09-02T06:36:17.854585647,18.520374,-82.854324
2020-09-02T06:36:17.884340286,18.521114,-82.8518
2020-09-02T06:36:17.886629104,18.524601,-82.857666
2020-09-02T06:36:18.220420837,19.484825,-82.5164
2020-09-02T06:36:18.222328186,19.49142,-82.51099
2020-09-02T06:36:18.226524353,19.471657,-82.479065
2020-09-02T06:36:18.228431701,19.481905,-82.50141
2020-09-02T06:36:18.232246398,19.487755,-82.50261
2020-09-02T06:36:18.234153747,19.47179,-82.49803
2020-09-02T06:36:18.236442565,19.486692,-82.49699
2020-09-02T06:36:18.238349914,19.471647,-82.47902
2020-09-02T06:36:18.240257263,19.487291,-82.49271
2020-09-02T06:36:18.242164611,19.482994,-82.490944
2020-09-02T06:36:18.244071960,19.486588,-82.49599
2020-09-02T06:36:18.246360778,19.471703,-82.48924
2020-09-02T06:36:18.248268127,19.471619,-82.47912
2020-09-02T06:36:18.250175476,19.4797,-82.48404
2020-09-02T06:36:18.252082824,19.479057,-82.48248
2020-09-02T06:36:18.253990173,19.483097,-82.48554
2020-09-02T06:36:18.264289855,19.471651,-82.47907
2020-09-02T06:36:18.266197204,19.483242,-82.4813
2020-09-02T06:36:18.270011901,19.465036,-82.50081
2020-09-02T06:36:18.278022766,19.471502,-82.46168
2020-09-02T06:36:18.279930114,19.47163,-82.4791
2020-09-02T06:36:18.284126281,19.471634,-82.479126
2020-09-02T06:36:18.286033630,19.471434,-82.45208
2020-09-02T06:36:18.287940979,19.47444,-82.47028
2020-09-02T06:36:18.299766540,19.471395,-82.457855
2020-09-02T06:36:18.302055358,19.478548,-82.474365
2020-09-02T06:36:18.307777404,19.430134,-82.50908
2020-09-02T06:36:18.309684753,19.471516,-82.46337
2020-09-02T06:36:18.311973571,19.471502,-82.462166
2020-09-02T06:36:18.317695617,19.47133,-82.44501
2020-09-02T06:36:18.319602966,19.471375,-82.45308
2020-09-02T06:36:18.325706481,19.471586,-82.47902
2020-09-02T06:36:18.327613830,19.471436,-82.45743
2020-09-02T06:36:18.329904556,19.471397,-82.45108
2020-09-02T06:36:18.331811904,19.457228,-82.46666
2020-09-02T06:36:18.337533950,19.442486,-82.44719
2020-09-02T06:36:18.339822769,19.471586,-82.47908
2020-09-02T06:36:18.341730117,19.429499,-82.44964
2020-09-02T06:36:18.343637466,19.453325,-82.46472
2020-09-02T06:36:18.351648330,19.402166,-82.45434
2020-09-02T06:36:18.353555679,19.43022,-82.45434
2020-09-02T06:36:18.355463027,19.425758,-82.458046
2020-09-02T06:36:18.361566543,19.40489,-82.46085
2020-09-02T06:36:18.371484756,19.391699,-82.47453
2020-09-02T06:36:18.377588272,19.408285,-82.46484
2020-09-02T06:36:18.379495620,19.391727,-82.47455
2020-09-02T06:36:18.387506484,19.391699,-82.47448
2020-09-02T06:36:18.389413833,19.413315,-82.46387
2020-09-02T06:36:18.455028533,19.341997,-82.57915
2020-09-02T06:36:18.468761444,19.489952,-82.501945
2020-09-02T06:36:18.471050262,19.484112,-82.49452
2020-09-02T06:36:18.472957611,19.431269,-82.52702
2020-09-02T06:36:18.474864959,19.490093,-82.501755
2020-09-02T06:36:18.476772308,19.480946,-82.508354
2020-09-02T06:36:18.478679656,19.484484,-82.49739
2020-09-02T06:36:18.480968475,19.486403,-82.49604
2020-09-02T06:36:18.482875823,19.487041,-82.49635
2020-09-02T06:36:18.482875823,19.312496,-82.54814
2020-09-02T06:36:18.484783172,19.485796,-82.497635
2020-09-02T06:36:18.486690521,19.492937,-82.4803
2020-09-02T06:36:18.488597869,19.49175,-82.493546
2020-09-02T06:36:18.490886688,19.489794,-82.492424
2020-09-02T06:36:18.500804901,19.471586,-82.47903
2020-09-02T06:36:18.506526947,19.504086,-82.480865
2020-09-02T06:36:18.512630462,19.471624,-82.479
2020-09-02T06:36:18.514537811,19.471619,-82.47899
2020-09-02T06:36:18.516445159,19.499258,-82.48056
2020-09-02T06:36:18.520641326,19.50491,-82.46159
2020-09-02T06:36:18.522548675,19.503294,-82.462006
2020-09-02T06:36:18.524456024,19.491493,-82.47195
2020-09-02T06:36:18.526363372,19.498356,-82.47174
2020-09-02T06:36:18.528652191,19.504389,-82.45827
2020-09-02T06:36:18.530559539,19.503902,-82.46429
2020-09-02T06:36:18.532466888,19.495174,-82.46773
2020-09-02T06:36:18.534374237,19.50225,-82.45656
2020-09-02T06:36:18.536663055,19.506748,-82.45307
2020-09-02T06:36:18.538570404,19.50366,-82.46735
2020-09-02T06:36:18.540477752,19.513031,-82.450874
2020-09-02T06:36:18.542385101,19.494053,-82.461494
2020-09-02T06:36:18.544292449,19.506226,-82.45297
2020-09-02T06:36:18.546581268,19.520912,-82.4388
2020-09-02T06:36:18.548488616,19.496696,-82.432465
2020-09-02T06:36:18.550395965,19.521206,-82.439926
2020-09-02T06:36:18.552303314,19.528778,-82.43995
2020-09-02T06:36:18.554210662,19.515305,-82.43123
2020-09-02T06:36:18.556499481,19.52567,-82.428825
2020-09-02T06:36:18.558406829,19.550976,-82.40533
2020-09-02T06:36:18.562221527,19.550976,-82.40532
2020-09-02T06:36:18.596174240,19.471073,-82.4008
2020-09-02T06:36:18.599988937,19.471205,-82.41184
2020-09-02T06:36:18.604185104,19.47108,-82.40081
2020-09-02T06:36:18.607999801,19.471027,-82.40077
2020-09-02T06:36:18.614103317,19.47964,-82.40207
2020-09-02T06:36:18.616010665,19.47105,-82.40076
2020-09-02T06:36:18.617918014,19.478205,-82.396774
2020-09-02T06:36:18.619825363,19.471296,-82.428345
2020-09-02T06:36:18.622114181,19.470963,-82.38278
2020-09-02T06:36:18.625928878,19.471087,-82.40078
2020-09-02T06:36:18.632032394,19.471079,-82.40079
2020-09-02T06:36:18.783096313,19.471642,-82.478935
2020-09-02T06:36:18.719390869,19.30994,-82.20188
2020-09-02T06:36:18.727401733,19.309929,-82.193275
2020-09-02T06:36:18.729309082,19.309956,-82.19459
2020-09-02T06:36:18.763259887,19.31514,-82.187355
2020-09-02T06:36:18.785003662,19.309952,-82.19147
2020-09-02T06:36:18.789199829,19.309912,-82.18598
2020-09-02T06:36:18.791107177,19.309912,-82.18638
2020-09-02T06:36:18.793014526,19.309984,-82.198746
2020-09-02T06:36:18.794921875,19.309967,-82.19819
2020-09-02T06:36:18.796829223,19.30988,-82.1878
2020-09-02T06:36:18.799118041,19.313387,-82.18562
2020-09-02T06:36:18.216606140,18.503536,-82.854996
2020-09-02T06:36:18.218513488,18.491894,-82.86931
2020-09-02T06:36:18.224617004,18.520409,-82.85223
2020-09-02T06:36:18.443201065,18.38633,-83.166046
2020-09-02T06:36:18.560314178,18.364529,-83.157555
2020-09-02T06:36:18.562602996,18.387444,-83.16809
2020-09-02T06:36:18.801025390,19.317745,-82.186966
2020-09-02T06:36:18.802932739,19.309874,-82.19008
2020-09-02T06:36:18.806747436,19.309835,-82.18366
2020-09-02T06:36:18.809036254,19.309843,-82.184364
2020-09-02T06:36:18.810943603,19.316204,-82.18269
2020-09-02T06:36:18.812850952,19.309797,-82.1765
2020-09-02T06:36:18.870454788,19.309711,-82.15763
2020-09-02T06:36:18.872362136,19.3117,-82.1752
2020-09-02T06:36:18.874650955,19.30992,-82.18815
2020-09-02T06:36:18.945985794,19.310072,-82.20619
2020-09-02T06:36:18.947893142,19.339806,-82.19898
2020-09-02T06:36:18.950183868,19.310026,-82.20146
2020-09-02T06:36:18.960102081,19.32702,-82.193344
2020-09-02T06:36:18.962009429,19.33272,-82.18919
2020-09-02T06:36:18.963916778,19.330761,-82.191505
2020-09-02T06:36:18.965824127,19.335373,-82.18927
2020-09-02T06:36:18.970020294,19.338919,-82.18614
2020-09-02T06:36:18.971927642,19.389482,-82.161964
2020-09-02T06:36:18.973834991,19.389494,-82.161964
2020-09-02T06:36:18.978031158,19.342693,-82.182076
2020-09-02T06:36:18.979938507,19.338936,-82.184105
2020-09-02T06:36:18.983753204,19.353374,-82.17285
2020-09-02T06:36:18.985660552,19.344637,-82.17865
2020-09-02T06:36:18.997867584,19.345299,-82.1725
2020-09-02T06:36:18.999774932,19.336252,-82.18421
2020-09-02T06:36:19.005878448,19.389446,-82.161964
2020-09-02T06:36:19.007785797,19.368656,-82.16085
2020-09-02T06:36:19.013507843,19.389435,-82.16197
2020-09-02T06:36:19.017704010,19.369379,-82.160835
2020-09-02T06:36:19.031436920,19.367188,-82.134384
2020-09-02T06:36:19.041355133,19.389257,-82.12242
2020-09-02T06:36:19.047458648,19.37099,-82.12819
2020-09-02T06:36:19.051273345,19.389196,-82.119545
2020-09-02T06:36:19.053562164,19.376015,-82.123856
2020-09-02T06:36:19.055469512,19.36493,-82.16463
2020-09-02T06:36:19.057376861,19.347794,-82.15488
2020-09-02T06:36:19.059284210,19.389553,-82.16203
2020-09-02T06:36:19.065387725,19.389025,-82.08394
2020-09-02T06:36:19.067295074,19.383757,-82.116684
2020-09-02T06:36:18.852525711,19.488068,-82.45676
2020-09-02T06:36:18.854433059,19.471634,-82.478935
2020-09-02T06:36:19.011600494,19.471535,-82.47898
2020-09-02T06:36:19.027622222,19.471458,-82.45273
2020-09-02T06:36:19.043262481,19.483414,-82.49026
2020-09-02T06:36:19.045551300,19.471642,-82.47897
2020-09-02T06:36:19.069202423,19.47145,-82.44487
2020-09-02T06:36:19.071109771,19.49228,-82.48583
2020-09-02T06:36:19.085226058,19.471455,-82.45213
2020-09-02T06:36:19.061570645,18.364283,-83.11668
2020-09-02T06:36:19.385443688,18.364635,-83.15565
2020-09-02T06:36:20.769436836,19.53239,-78.284874
2020-09-02T06:36:20.809110641,19.521193,-78.28465
2020-09-02T06:36:20.811017990,19.51358,-78.29039
2020-09-02T06:36:20.876631736,19.532545,-78.28497
2020-09-02T06:36:20.916305065,19.532532,-78.28494
2020-09-02T06:36:20.936141967,19.532536,-78.28496
2020-09-02T06:36:20.938049316,19.532553,-78.284966
2020-09-02T06:36:21.047532558,19.532515,-78.284904
2020-09-02T06:36:21.075380325,19.532633,-78.28499
2020-09-02T06:36:21.077287673,19.532627,-78.284996
2020-09-02T06:36:21.079576492,19.532621,-78.285
2020-09-02T06:36:21.085299015,19.532616,-78.28497
2020-09-02T06:36:21.097124576,19.532614,-78.28495
2020-09-02T06:36:21.101320743,19.532612,-78.28496
2020-09-02T06:36:21.160830974,19.482573,-78.29084
2020-09-02T06:36:21.162738323,19.494188,-78.27966
2020-09-02T06:36:21.165027141,19.480394,-78.29105
2020-09-02T06:36:21.184864044,19.474283,-78.29269
2020-09-02T06:36:21.186771392,19.452833,-78.2829
2020-09-02T06:36:22.425041198,19.140303,-82.79224
2020-09-02T06:36:22.494851112,19.123116,-82.80634
2020-09-02T06:36:22.512780666,19.127228,-82.8115
2020-09-02T06:36:22.544443130,19.12272,-82.80998
2020-09-02T06:36:22.560464859,19.114948,-82.81108
2020-09-02T06:36:23.202488899,19.480917,-78.689575
2020-09-02T06:36:23.204777717,19.4745,-78.69176
2020-09-02T06:36:23.250172615,19.481176,-78.68988
2020-09-02T06:36:23.258183479,19.476896,-78.698494
2020-09-02T06:36:23.268102645,19.477919,-78.69299
2020-09-02T06:36:23.278020858,19.50136,-78.67085
2020-09-02T06:36:23.280309677,19.4732,-78.698135
2020-09-02T06:36:23.284124374,19.454271,-78.66952
2020-09-02T06:36:23.308156967,19.48851,-78.670555
2020-09-02T06:36:23.367667198,19.454329,-78.6696
2020-09-02T06:36:23.369574546,19.48286,-78.70138
2020-09-02T06:36:23.397422790,19.478024,-78.69011
2020-09-02T06:36:23.435188293,19.454487,-78.74699
2020-09-02T06:36:23.437095642,19.471405,-78.692245
2020-09-02T06:36:23.439384460,19.475473,-78.69342
2020-09-02T06:36:23.441291809,19.454327,-78.66958
2020-09-02T06:36:23.443199157,19.475811,-78.69435
2020-09-02T06:36:23.447014808,19.47101,-78.700615
2020-09-02T06:36:23.500802040,19.48151,-78.68348
2020-09-02T06:36:23.502709388,19.46883,-78.68974
2020-09-02T06:36:23.518732070,19.464947,-78.694565
2020-09-02T06:36:23.544672012,19.48004,-78.68922
2020-09-02T06:36:23.546579360,19.472128,-78.70218
2020-09-02T06:36:23.548486709,19.48262,-78.67052
2020-09-02T06:36:23.558404922,19.454365,-78.66967
2020-09-02T06:36:23.562601089,19.469341,-78.697136
2020-09-02T06:36:23.568323135,19.475126,-78.684746
2020-09-02T06:36:23.570611953,19.477545,-78.68469
2020-09-02T06:36:23.574427604,19.454369,-78.66963
2020-09-02T06:36:23.648052215,19.46967,-78.68478
2020-09-02T06:36:23.649959564,19.466879,-78.690735
2020-09-02T06:36:23.679714202,19.476398,-78.68177
2020-09-02T06:36:23.703747749,19.476759,-78.684265
2020-09-02T06:36:23.745327949,19.476072,-78.690125
2020-09-02T06:36:23.747235298,19.454489,-78.69373
2020-09-02T06:36:23.769361495,19.469202,-78.67829
2020-09-02T06:36:23.771268844,19.454409,-78.66974
2020-09-02T06:36:23.781187057,19.454386,-78.66966
2020-09-02T06:36:23.783094406,19.469595,-78.684395
2020-09-02T06:36:23.812849044,19.473063,-78.68135
2020-09-02T06:36:23.825057029,19.486216,-78.67058
2020-09-02T06:36:23.826964378,19.47029,-78.67921
2020-09-02T06:36:23.846800804,19.47311,-78.67903
2020-09-02T06:36:23.848708152,19.471489,-78.67672
2020-09-02T06:36:23.850615501,19.467945,-78.6775
2020-09-02T06:36:23.852904319,19.470858,-78.677475
2020-09-02T06:36:23.854811668,19.465313,-78.67614
2020-09-02T06:36:23.870833396,19.463295,-78.67284
2020-09-02T06:36:23.872740745,19.463507,-78.67649
2020-09-02T06:36:23.874648094,19.465698,-78.68264
2020-09-02T06:36:23.876555442,19.454422,-78.69166
2020-09-02T06:36:23.942170143,19.454325,-78.63553
2020-09-02T06:36:23.944077491,19.466864,-78.67805
2020-09-02T06:36:23.946366310,19.461395,-78.6734
2020-09-02T06:36:24.009691238,19.468903,-78.67499
2020-09-02T06:36:24.011980056,19.458212,-78.67317
2020-09-02T06:36:24.051652908,19.479223,-78.66427
2020-09-02T06:36:28.437096595,19.453947,-78.748146
2020-09-02T06:36:28.487070083,19.454023,-78.74818
2020-09-02T06:36:28.495080947,19.45403,-78.74816
2020-09-02T06:36:28.522929191,19.45402,-78.74819
2020-09-02T06:36:28.534754753,19.454004,-78.748184
2020-09-02T06:36:28.536662101,19.453993,-78.74817
2020-09-02T06:36:28.538569450,19.453983,-78.74815
2020-09-02T06:36:28.540476799,19.453972,-78.74813
2020-09-02T06:36:28.542765617,19.453974,-78.74814
2020-09-02T06:36:28.548487663,19.45398,-78.74815
2020-09-02T06:36:28.550395011,19.453981,-78.74816
2020-09-02T06:36:28.552683830,19.453987,-78.74817
2020-09-02T06:36:28.556498527,19.454058,-78.77036
2020-09-02T06:36:28.558405876,19.454037,-78.75917
2020-09-02T06:36:28.572520256,19.4565,-78.76487
2020-09-02T06:36:28.574427604,19.4579,-78.762924
2020-09-02T06:36:28.596172332,19.454037,-78.7482
2020-09-02T06:36:28.598461151,19.454039,-78.748184
2020-09-02T06:36:28.630123138,19.45404,-78.74819
2020-09-02T06:36:28.632030487,19.454086,-78.76776
2020-09-02T06:36:28.633937835,19.454071,-78.76162
2020-09-02T06:36:28.648053169,19.454082,-78.748116
2020-09-02T06:36:28.649960517,19.454096,-78.74812
2020-09-02T06:36:28.651867866,19.45409,-78.74814
2020-09-02T06:36:28.653775215,19.454075,-78.74815
2020-09-02T06:36:28.656064033,19.454128,-78.77565
2020-09-02T06:36:28.657971382,19.456766,-78.76721
2020-09-02T06:36:28.659878730,19.45926,-78.76242
2020-09-02T06:36:28.661786079,19.463993,-78.75856
2020-09-02T06:36:28.664074897,19.454128,-78.78122
2020-09-02T06:36:28.665982246,19.454107,-78.767746
2020-09-02T06:36:28.667889595,19.454165,-78.785614
2020-09-02T06:36:28.669796943,19.454107,-78.7581
2020-09-02T06:36:28.677807807,19.454102,-78.78212
2020-09-02T06:36:28.679715156,19.453999,-78.74819
2020-09-02T06:36:28.681622505,19.454006,-78.74819
2020-09-02T06:36:28.687726020,19.454195,-78.79016
2020-09-02T06:36:28.689633369,19.454199,-78.78106
2020-09-02T06:36:28.691540718,19.454208,-78.78253
2020-09-02T06:36:28.693829536,19.462206,-78.76433
2020-09-02T06:36:28.701840400,19.454157,-78.7868
2020-09-02T06:36:28.703747749,19.454113,-78.767975
2020-09-02T06:36:28.727399826,19.454247,-78.82554
2020-09-02T06:36:28.729688644,19.454067,-78.748146
2020-09-02T06:36:28.731595993,19.454071,-78.74814
2020-09-02T06:36:28.735410690,19.454144,-78.784485
2020-09-02T06:36:28.737318038,19.461046,-78.76622
2020-09-02T06:36:28.747236251,19.454042,-78.74814
2020-09-02T06:36:28.749525070,19.454239,-78.82555
2020-09-02T06:36:28.755247116,19.454128,-78.76874
2020-09-02T06:36:28.757154464,19.45409,-78.74815
2020-09-02T06:36:28.759443283,19.461613,-78.74836
2020-09-02T06:36:28.761350631,19.454111,-78.748146
2020-09-02T06:36:28.763257980,19.45411,-78.74815
2020-09-02T06:36:28.765165328,19.461136,-78.74837
2020-09-02T06:36:28.767454147,19.4543,-78.82556
2020-09-02T06:36:28.769362449,19.454298,-78.82557
2020-09-02T06:36:28.773177146,19.454094,-78.74363
2020-09-02T06:36:28.775084495,19.462847,-78.75842
2020-09-02T06:36:28.777373313,19.454176,-78.776764
2020-09-02T06:36:28.779280662,19.454279,-78.818504
2020-09-02T06:36:28.781188011,19.454231,-78.79939
2020-09-02T06:36:28.783095359,19.457865,-78.7903
2020-09-02T06:36:28.785002708,19.454294,-78.82553
2020-09-02T06:36:28.787291526,19.454227,-78.79948
2020-09-02T06:36:28.789198875,19.454168,-78.77573
2020-09-02T06:36:28.793013572,19.454096,-78.74817
2020-09-02T06:36:28.799117088,19.45429,-78.82926
2020-09-02T06:36:28.807127952,19.454258,-78.82561
2020-09-02T06:36:28.809035301,19.444178,-78.82533
2020-09-02T06:36:28.810942649,19.454248,-78.82564
2020-09-02T06:36:28.812849998,19.454065,-78.74822
2020-09-02T06:36:28.815138816,19.454075,-78.74819
2020-09-02T06:36:28.940262794,19.454063,-78.7669
2020-09-02T06:36:28.971925735,19.462006,-78.754326
2020-09-02T06:36:28.974214553,19.454086,-78.782875
2020-09-02T06:36:29.025713920,19.454208,-78.82558
2020-09-02T06:36:29.614330291,19.533125,-78.286
2020-09-02T06:36:29.665829658,19.533108,-78.285965
2020-09-02T06:36:29.667737007,19.53309,-78.28596
2020-09-02T06:36:29.679944038,19.533033,-78.27392
2020-09-02T06:36:29.683758735,19.533072,-78.286026
2020-09-02T06:36:29.695584297,19.533098,-78.28597
2020-09-02T06:36:29.697874069,19.533092,-78.28596
2020-09-02T06:36:29.699781417,19.533089,-78.28594
2020-09-02T06:36:29.707792282,19.533089,-78.28602
2020-09-02T06:36:29.735639572,19.533155,-78.28594
2020-09-02T06:36:29.737546920,19.533161,-78.28594
2020-09-02T06:36:29.767302513,19.533173,-78.28594
2020-09-02T06:36:29.811171531,19.533157,-78.28596
2020-09-02T06:36:29.906540870,19.533102,-78.28595
2020-09-02T06:36:30.886551856,18.337086,-82.960106
2020-09-02T06:36:30.888459205,18.364597,-82.96169
2020-09-02T06:36:30.940340042,18.364624,-82.96165
2020-09-02T06:36:30.968187332,18.357815,-82.945595
2020-09-02T06:36:30.970094680,18.347897,-82.9432
2020-09-02T06:36:31.041431427,18.363712,-82.960724
2020-09-02T06:36:31.045627593,18.364708,-82.96167
2020-09-02T06:36:31.061649322,18.364683,-82.9617
2020-09-02T06:36:31.065464019,18.359585,-82.95135
2020-09-02T06:36:31.067371368,18.347094,-82.96066
2020-09-02T06:36:31.069278717,18.345896,-82.96059
2020-09-02T06:36:31.077289581,18.364708,-82.96171
2020-09-02T06:36:30.936143875,19.484264,-78.644745
2020-09-02T06:36:30.942247390,19.45456,-78.67041
2020-09-02T06:36:30.970094680,19.534365,-78.67277
2020-09-02T06:36:30.973909378,19.483925,-78.644966
2020-09-02T06:36:30.976198196,19.491434,-78.642555
2020-09-02T06:36:30.978105545,19.454462,-78.636925
2020-09-02T06:36:30.980012893,19.534344,-78.672714
2020-09-02T06:36:30.981920242,19.501808,-78.63393
2020-09-02T06:36:30.999850273,19.514189,-78.62274
2020-09-02T06:36:31.003664016,19.511208,-78.59463
2020-09-02T06:36:31.065464019,19.534285,-78.595276
2020-09-02T06:36:31.127262115,19.495892,-78.63848
2020-09-02T06:36:31.176855087,19.534445,-78.67267
2020-09-02T06:36:31.258489608,19.49308,-78.64925
2020-09-02T06:36:31.260396957,19.495504,-78.650475
2020-09-02T06:36:31.262304306,19.50237,-78.654564
2020-09-02T06:36:31.264211654,19.534523,-78.67267
2020-09-02T06:36:31.375602722,19.492434,-78.6541
2020-09-02T06:36:31.391624450,19.480402,-78.6403
2020-09-02T06:36:31.421380996,19.484669,-78.64402
2020-09-02T06:36:31.459146499,19.454628,-78.63211
2020-09-02T06:36:31.480890274,19.454618,-78.62453
2020-09-02T06:36:32.043567657,18.313528,-83.331696
2020-09-02T06:36:33.896394729,18.443398,-82.888
2020-09-02T06:36:33.932252883,18.443386,-82.88803
2020-09-02T06:36:33.934160232,18.416664,-82.88651
2020-09-02T06:36:33.950181961,18.443317,-82.88794
2020-09-02T06:36:33.966203689,18.443323,-82.88802
2020-09-02T06:36:34.122991561,18.443388,-82.88799
2020-09-02T06:36:34.234380722,18.44337,-82.88802
2020-09-02T06:36:34.834823608,19.413622,-82.52621
2020-09-02T06:36:34.906160354,19.393751,-82.520996
2020-09-02T06:36:34.983980178,19.396729,-82.53615
2020-09-02T06:36:35.007633209,19.414228,-82.52959
2020-09-02T06:36:35.029376983,19.393911,-82.55289
2020-09-02T06:36:34.997714996,18.288227,-83.29697
2020-09-02T06:36:35.059513092,18.288021,-83.26793
2020-09-02T06:36:35.624097824,19.533445,-78.28577
2020-09-02T06:36:35.659955978,19.53339,-78.28574
2020-09-02T06:36:35.693906784,19.533382,-78.28576
2020-09-02T06:36:35.771347045,19.533348,-78.28572
2020-09-02T06:36:35.786987304,19.533377,-78.28575
2020-09-02T06:36:35.819030761,19.534426,-78.289566
2020-09-02T06:36:35.828948974,19.533293,-78.28574
2020-09-02T06:36:35.830856323,19.533278,-78.28572
2020-09-02T06:36:35.832763671,19.533276,-78.28571
2020-09-02T06:36:35.836959838,19.53327,-78.2857
2020-09-02T06:36:35.870531082,19.53327,-78.28569
2020-09-02T06:36:35.872819900,19.528477,-78.29089
2020-09-02T06:36:38.502712249,19.533384,-78.59539
2020-09-02T06:36:38.505001068,19.533373,-78.59539
2020-09-02T06:36:38.508815765,19.533352,-78.59538
2020-09-02T06:36:38.528652191,19.533358,-78.595375
2020-09-02T06:36:38.568325042,19.533302,-78.59535
2020-09-02T06:36:38.570613861,19.533287,-78.59536
2020-09-02T06:36:38.572521209,19.533297,-78.59537
2020-09-02T06:36:38.574428558,19.533308,-78.595375
2020-09-02T06:36:38.576335906,19.53332,-78.59539
2020-09-02T06:36:38.578245162,19.533329,-78.5954
2020-09-02T06:36:38.580533981,19.53334,-78.595406
2020-09-02T06:36:38.582441329,19.533352,-78.59539
2020-09-02T06:36:38.588163375,19.533382,-78.595314
2020-09-02T06:36:38.590452194,19.533392,-78.59529
2020-09-02T06:36:38.592359542,19.555399,-78.5959
2020-09-02T06:36:38.596174240,19.564154,-78.59615
2020-09-02T06:36:38.598463058,19.559454,-78.587326
2020-09-02T06:36:38.602277755,19.57503,-78.596466
2020-09-02T06:36:38.604185104,19.53333,-78.595314
2020-09-02T06:36:38.612195968,19.613237,-78.59758
2020-09-02T06:36:38.614103317,19.581585,-78.58437
2020-09-02T06:36:38.616010665,19.591927,-78.575096
2020-09-02T06:36:38.618299484,19.613253,-78.59759
2020-09-02T06:36:38.620206832,19.613165,-78.55628
2020-09-02T06:36:38.630125045,19.61303,-78.52012
2020-09-02T06:36:38.664075851,19.533163,-78.51795
2020-09-02T06:36:38.687726974,19.533308,-78.59536
2020-09-02T06:36:38.689634323,19.533293,-78.595375
2020-09-02T06:36:38.691541671,19.533297,-78.595375
2020-09-02T06:36:38.693830490,19.53332,-78.59537
2020-09-02T06:36:38.695737838,19.533342,-78.59536
2020-09-02T06:36:38.697645187,19.533363,-78.59536
2020-09-02T06:36:38.699552536,19.533216,-78.51795
2020-09-02T06:36:38.713668823,19.533314,-78.56058
2020-09-02T06:36:38.725494384,19.533232,-78.54817
2020-09-02T06:36:38.729690551,19.533333,-78.595406
2020-09-02T06:36:38.733505249,19.533186,-78.51799
2020-09-02T06:36:38.739608764,19.533236,-78.51792
2020-09-02T06:36:38.745330810,19.542238,-78.60857
2020-09-02T06:36:38.757156372,19.533348,-78.595314
2020-09-02T06:36:38.763259887,19.533497,-78.67273
2020-09-02T06:36:38.777374267,19.533325,-78.59533
2020-09-02T06:36:38.801025390,19.557106,-78.612495
2020-09-02T06:36:38.807128906,19.613129,-78.597565
2020-09-02T06:36:38.809036254,19.613148,-78.59757
2020-09-02T06:36:38.812850952,19.5333,-78.59532
2020-09-02T06:36:38.815139770,19.592983,-78.581985
2020-09-02T06:36:38.817047119,19.533316,-78.59528
2020-09-02T06:36:38.822769165,19.613144,-78.5717
2020-09-02T06:36:38.840700149,19.53333,-78.59527
2020-09-02T06:36:38.842988967,19.553831,-78.59585
2020-09-02T06:36:38.848711013,19.533394,-78.59532
2020-09-02T06:36:38.850618362,19.533407,-78.59534
2020-09-02T06:36:38.852907180,19.547276,-78.599785
2020-09-02T06:36:38.854814529,19.533392,-78.595314
2020-09-02T06:36:38.856721878,19.533405,-78.595314
2020-09-02T06:36:38.858629226,19.533419,-78.595314
2020-09-02T06:36:38.860536575,19.545546,-78.59565
2020-09-02T06:36:38.862825393,19.544676,-78.5973
2020-09-02T06:36:38.864732742,19.547754,-78.59813
2020-09-02T06:36:38.866640090,19.544264,-78.59743
2020-09-02T06:36:38.868547439,19.54445,-78.595634
2020-09-02T06:36:38.870836257,19.54283,-78.5956
2020-09-02T06:36:38.872743606,19.542923,-78.5956
2020-09-02T06:36:38.874650955,19.542381,-78.60172
2020-09-02T06:36:38.876558303,19.543404,-78.60112
2020-09-02T06:36:38.878465652,19.53344,-78.59533
2020-09-02T06:36:38.880754470,19.533457,-78.59533
2020-09-02T06:36:38.882661819,19.533457,-78.59534
2020-09-02T06:36:38.884569168,19.533455,-78.595345
2020-09-02T06:36:38.886476516,19.533455,-78.595345
2020-09-02T06:36:38.888383865,19.541695,-78.60331
2020-09-02T06:36:38.890672683,19.541395,-78.604866
2020-09-02T06:36:38.892580032,19.542347,-78.595604
2020-09-02T06:36:38.894487380,19.533426,-78.59536
2020-09-02T06:36:38.896394729,19.533413,-78.59536
2020-09-02T06:36:38.898302078,19.5334,-78.59536
2020-09-02T06:36:38.900590896,19.533386,-78.59536
2020-09-02T06:36:38.902498245,19.533382,-78.59535
2020-09-02T06:36:38.904405593,19.533379,-78.595345
2020-09-02T06:36:38.906312942,19.5436,-78.61194
2020-09-02T06:36:38.908601760,19.549036,-78.60855
2020-09-02T06:36:38.910509109,19.548061,-78.607864
2020-09-02T06:36:38.912416458,19.54802,-78.60667
2020-09-02T06:36:38.914323806,19.543488,-78.60914
2020-09-02T06:36:38.916231155,19.546719,-78.603134
2020-09-02T06:36:38.918519973,19.533371,-78.59533
2020-09-02T06:36:38.920427322,19.533371,-78.59534
2020-09-02T06:36:38.930345535,19.533405,-78.59533
2020-09-02T06:36:38.932252883,19.533438,-78.614685
2020-09-02T06:36:39.015796661,19.533493,-78.60798
2020-09-02T06:36:39.150838851,19.45392,-78.747955
2020-09-02T06:36:39.155035018,19.453894,-78.747925
2020-09-02T06:36:39.158849716,19.48799,-78.73221
2020-09-02T06:36:39.164953231,19.453903,-78.747894
2020-09-02T06:36:39.166860580,19.481777,-78.7487
2020-09-02T06:36:39.184789657,19.47092,-78.748375
2020-09-02T06:36:39.226371765,19.453976,-78.74793
2020-09-02T06:36:39.228660583,19.453983,-78.74795
2020-09-02T06:36:39.260322570,19.47376,-78.73733
2020-09-02T06:36:39.262229919,19.453896,-78.7479
2020-09-02T06:36:39.262229919,19.453712,-78.670525
2020-09-02T06:36:39.290077209,19.453928,-78.74794
2020-09-02T06:36:39.355691909,19.47003,-78.73157
2020-09-02T06:36:39.373620986,19.453861,-78.74799
2020-09-02T06:36:39.389639855,18.711956,-82.31296
2020-09-02T06:36:39.431220532,18.711403,-82.28176
2020-09-02T06:36:39.447242737,18.71458,-82.31414
2020-09-02T06:36:39.449150086,18.696033,-82.303375
2020-09-02T06:36:39.498741627,18.675365,-82.27992
2020-09-02T06:36:39.504845620,18.707226,-82.30016
2020-09-02T06:36:39.506752968,18.701622,-82.29715
2020-09-02T06:36:39.508660317,18.675407,-82.27988
2020-09-02T06:36:39.743267537,18.7104,-82.31335
2020-09-02T06:36:39.783322812,18.702604,-82.27882
2020-09-02T06:36:39.785230160,18.710394,-82.28173
2020-09-02T06:36:39.787137509,18.711432,-82.304756
2020-09-02T06:36:39.789044858,18.698206,-82.29801
2020-09-02T06:36:39.811170102,18.675463,-82.27988
2020-09-02T06:36:40.669871807,19.48179,-78.67935
2020-09-02T06:36:40.687801361,19.487202,-78.67909
2020-09-02T06:36:40.695812225,19.48519,-78.6804
2020-09-02T06:36:40.701534271,19.45358,-78.67044
2020-09-02T06:36:40.743496894,19.47226,-78.676956
2020-09-02T06:36:40.755322456,19.484968,-78.67141
2020-09-02T06:36:40.757229804,19.482124,-78.693886
2020-09-02T06:36:40.771344661,19.47964,-78.68558
2020-09-02T06:36:40.783170223,19.53342,-78.6728
2020-09-02T06:36:40.785077571,19.48083,-78.69418
2020-09-02T06:36:40.791181087,19.508413,-78.67215
2020-09-02T06:36:40.794995784,19.491602,-78.68598
2020-09-02T06:36:40.822843551,19.472204,-78.67983
2020-09-02T06:36:40.840773105,19.486399,-78.691086
2020-09-02T06:36:40.874724388,19.47726,-78.69159
2020-09-02T06:36:40.876631736,19.453514,-78.670555
2020-09-02T06:36:40.892653465,19.476032,-78.67141
2020-09-02T06:36:40.896468639,19.453445,-78.670586
2020-09-02T06:36:40.898375988,19.477512,-78.67348
2020-09-02T06:36:40.900664806,19.46886,-78.68325
2020-09-02T06:36:40.902572154,19.470325,-78.68691
2020-09-02T06:36:41.343939304,19.532448,-78.285866
2020-09-02T06:36:41.365683555,19.53252,-78.28589
2020-09-02T06:36:41.393531322,19.532448,-78.28581
2020-09-02T06:36:41.395438671,19.526917,-78.27163
2020-09-02T06:36:41.439308166,19.532486,-78.285805
2020-09-02T06:36:41.495003700,19.532387,-78.27409
2020-09-02T06:36:41.530862331,19.53246,-78.28587
2020-09-02T06:36:41.532769680,19.532473,-78.28587
2020-09-02T06:36:41.538491725,19.532463,-78.25547
2020-09-02T06:36:41.590372562,19.510477,-78.26982
2020-09-02T06:36:41.592279911,19.523455,-78.27374
2020-09-02T06:36:41.594187259,19.53238,-78.28589
2020-09-02T06:36:41.602198123,19.531143,-78.26677
2020-09-02T06:36:41.624323844,19.532331,-78.269135
2020-09-02T06:36:41.626231193,19.512995,-78.266655
2020-09-02T06:36:41.628138542,19.532366,-78.2859
2020-09-02T06:36:41.630045890,19.532366,-78.28591
2020-09-02T06:36:41.631953239,19.532377,-78.28591
2020-09-02T06:36:41.634242057,19.505661,-78.26943
2020-09-02T06:36:41.636149406,19.50035,-78.26654
2020-09-02T06:36:41.638057231,19.493723,-78.2669
2020-09-02T06:36:41.647975444,19.490538,-78.26125
2020-09-02T06:36:41.649882793,19.493433,-78.26174
2020-09-02T06:36:41.751355171,19.48897,-78.26093
2020-09-02T06:36:41.773099422,19.506311,-78.26257
2020-09-02T06:36:41.775388240,19.498081,-78.25174
2020-09-02T06:36:41.838713169,19.495386,-78.25986
2020-09-02T06:36:41.841001987,19.488531,-78.24231
2020-09-02T06:36:41.882582664,19.532364,-78.28581
2020-09-02T06:36:41.884490489,19.49334,-78.26561
2020-09-02T06:36:43.675899505,19.532192,-78.28569
2020-09-02T06:36:43.703747749,19.565737,-78.24286
2020-09-02T06:36:43.705655097,19.55216,-78.28381
2020-09-02T06:36:43.777372360,19.57543,-78.24927
2020-09-02T06:36:43.779279708,19.558933,-78.253525
2020-09-02T06:36:43.828871726,19.53224,-78.28566
2020-09-02T06:36:43.890670776,19.549963,-78.284294
2020-09-02T06:36:43.894485473,19.553883,-78.26408
2020-09-02T06:36:43.962006568,19.561617,-78.272545
2020-09-02T06:36:43.964295387,19.552399,-78.28047
2020-09-02T06:36:44.083315849,19.53229,-78.28568
2020-09-02T06:36:44.286260604,18.371428,-83.16459
2020-09-02T06:36:44.363699913,18.354343,-83.18403
2020-09-02T06:36:44.409477233,18.34254,-83.19272
2020-09-02T06:36:44.644084930,18.19953,-83.34825
2020-09-02T06:36:44.671932220,18.208567,-83.341095
2020-09-02T06:36:44.673839569,18.208578,-83.34108
2020-09-02T06:36:44.693676948,18.200682,-83.35452
2020-09-02T06:36:44.725338935,18.199486,-83.353775
2020-09-02T06:36:44.733349800,18.20862,-83.34102
2020-09-02T06:36:44.749372482,18.208588,-83.34103
2020-09-02T06:36:44.757383346,18.208574,-83.341064
2020-09-02T06:36:44.771116256,18.208593,-83.34105
2020-09-02T06:36:44.793241500,18.208555,-83.341034
2020-09-02T06:36:44.803159713,18.208557,-83.341
2020-09-02T06:36:44.808882713,18.20853,-83.34105
2020-09-02T06:36:44.822997093,18.20107,-83.35342
2020-09-02T06:36:44.826811790,18.20849,-83.341064
2020-09-02T06:36:44.828719139,18.20248,-83.353355
2020-09-02T06:36:44.831007957,18.198376,-83.34046
2020-09-02T06:36:44.842833518,18.208605,-83.34105
2020-09-02T06:36:44.844740867,18.208565,-83.34103
2020-09-02T06:36:44.848937034,18.208483,-83.34097
2020-09-02T06:36:44.850844383,18.208448,-83.34094
2020-09-02T06:36:44.902343750,18.208418,-83.34092
2020-09-02T06:36:44.904251098,18.208416,-83.34092
2020-09-02T06:36:44.906539916,18.200813,-83.35216
2020-09-02T06:36:44.956131935,18.208418,-83.34088
2020-09-02T06:36:44.959946632,18.20842,-83.340866
2020-09-02T06:36:44.967957496,18.208433,-83.34094
2020-09-02T06:36:44.993897438,18.208637,-83.35808
2020-09-02T06:36:45.001909255,18.208464,-83.34081
2020-09-02T06:36:45.053407669,18.208431,-83.34087
2020-09-02T06:36:45.059512138,18.183245,-83.35117
2020-09-02T06:36:45.079348564,18.208393,-83.34083
2020-09-02T06:36:45.166706085,18.208635,-83.3558
2020-09-02T06:36:45.202565193,18.204178,-83.356346
2020-09-02T06:36:45.395591735,18.208494,-83.34076
2020-09-02T06:36:45.308234214,19.453545,-78.74747
2020-09-02T06:36:45.329977989,19.453482,-78.74741
2020-09-02T06:36:45.335700035,19.45353,-78.74742
2020-09-02T06:36:45.367744445,19.453566,-78.74748
2020-09-02T06:36:45.397499084,19.467167,-78.74778
2020-09-02T06:36:45.399406433,19.453604,-78.74736
2020-09-02T06:36:45.411231994,19.466736,-78.74785
2020-09-02T06:36:45.419242858,19.453587,-78.74746
2020-09-02T06:36:45.421531677,19.453588,-78.74746
2020-09-02T06:36:45.457009315,19.453533,-78.74738
2020-09-02T06:36:45.487145423,19.45358,-78.74739
2020-09-02T06:36:45.530633926,19.453583,-78.74751
2020-09-02T06:36:45.536737442,19.45356,-78.7475
2020-09-02T06:36:45.620281219,19.467026,-78.74774
2020-09-02T06:36:45.622188568,19.45363,-78.74735
2020-09-02T06:36:45.624095916,19.466965,-78.74775
2020-09-02T06:36:45.630199432,19.464584,-78.74771
2020-09-02T06:36:45.632106781,19.453674,-78.74738
2020-09-02T06:36:45.673686981,19.466124,-78.74772
2020-09-02T06:36:45.749219894,19.453718,-78.74735
2020-09-02T06:36:45.769437789,19.467915,-78.747696
2020-09-02T06:36:45.830855369,19.464094,-78.74753
2020-09-02T06:36:45.852599143,19.453732,-78.74733
2020-09-02T06:36:45.960175514,19.453726,-78.74729
2020-09-02T06:36:45.962082862,19.453718,-78.7473
2020-09-02T06:36:46.027696609,19.466635,-78.75515
2020-09-02T06:36:46.029603958,19.465565,-78.75449
2020-09-02T06:36:46.031511306,19.464796,-78.75698
2020-09-02T06:36:46.033800125,19.46213,-78.76281
2020-09-02T06:36:46.035707473,19.453766,-78.747246
2020-09-02T06:36:46.037614822,19.459396,-78.76383
2020-09-02T06:36:46.039522171,19.453814,-78.76546
2020-09-02T06:36:46.043718338,19.45376,-78.74728
2020-09-02T06:36:46.045625686,19.453815,-78.7718
2020-09-02T06:36:46.047533988,19.461704,-78.77068
2020-09-02T06:36:46.049441337,19.45379,-78.76649
2020-09-02T06:36:46.081484794,19.453743,-78.773094
2020-09-02T06:36:46.083392143,19.453766,-78.779106
2020-09-02T06:36:46.085299491,19.466028,-78.77835
2020-09-02T06:36:46.087206840,19.466335,-78.77712
2020-09-02T06:36:46.089495658,19.468012,-78.77416
2020-09-02T06:36:46.091403007,19.470346,-78.77873
2020-09-02T06:36:46.093310356,19.474953,-78.7839
2020-09-02T06:36:46.095217704,19.45383,-78.77419
2020-09-02T06:36:46.113147735,19.4915,-78.791504
2020-09-02T06:36:46.115055084,19.477364,-78.78256
2020-09-02T06:36:46.117343902,19.453732,-78.747246
2020-09-02T06:36:49.528880119,18.750206,-82.12791
2020-09-02T06:36:49.530787467,18.753094,-82.1282
2020-09-02T06:36:49.532694816,18.754194,-82.1286
2020-09-02T06:36:49.534602165,18.753086,-82.12822
2020-09-02T06:36:49.544520378,18.762682,-82.12761
2020-09-02T06:36:49.546427726,18.752892,-82.10318
2020-09-02T06:36:49.548716545,18.753054,-82.12835
2020-09-02T06:36:49.554438591,18.75285,-82.09733
2020-09-02T06:36:49.562449455,18.753056,-82.12821
2020-09-02T06:36:49.568552970,18.753027,-82.1282
2020-09-02T06:36:49.576564788,18.753004,-82.1282
2020-09-02T06:36:49.586483001,18.753016,-82.128174
2020-09-02T06:36:49.588390350,18.75314,-82.145836
2020-09-02T06:36:49.600215911,18.753073,-82.12822
2020-09-02T06:36:49.618144989,18.75297,-82.12822
2020-09-02T06:36:49.620052337,18.752962,-82.128204
2020-09-02T06:36:51.735334396,19.509659,-78.74902
2020-09-02T06:36:51.793319702,19.514956,-78.73586
2020-09-02T06:36:51.808959960,19.514488,-78.73709
2020-09-02T06:36:51.810867309,19.505486,-78.73827
2020-09-02T06:36:51.813156127,19.50834,-78.74893
2020-09-02T06:36:51.874572753,19.503763,-78.73596
2020-09-02T06:36:51.936372756,19.514416,-78.73587
2020-09-02T06:36:52.009996414,19.506838,-78.74888
2020-09-02T06:36:53.200582504,19.440298,-82.52181
2020-09-02T06:36:53.202489852,19.412746,-82.51942
2020-09-02T06:36:53.238348007,19.411707,-82.5277
2020-09-02T06:36:53.240255355,19.400438,-82.52626
2020-09-02T06:36:53.270011901,19.45216,-82.51324
2020-09-02T06:36:53.279930114,19.433231,-82.51823
2020-09-02T06:36:53.305870056,19.45469,-82.51641
2020-09-02T06:36:53.313880920,19.452124,-82.51419
2020-09-02T06:36:53.327613830,19.421394,-82.5338
2020-09-02T06:36:53.339820861,19.47127,-82.523155
2020-09-02T06:36:53.349739074,19.45315,-82.5149
2020-09-02T06:36:53.355461120,19.47147,-82.55693
2020-09-02T06:36:53.448923110,19.424353,-82.509094
2020-09-02T06:36:53.518733978,19.368715,-82.557396
2020-09-02T06:36:53.520641326,19.37884,-82.54638
2020-09-02T06:36:53.528652191,19.399855,-82.542984
2020-09-02T06:36:53.530559539,19.471592,-82.556946
2020-09-02T06:36:53.715574264,18.286482,-83.34488
2020-09-02T06:36:53.908601760,18.286482,-83.34483
2020-09-02T06:36:54.705503463,19.531809,-78.284874
2020-09-02T06:36:54.775314331,19.531843,-78.28485
2020-09-02T06:36:54.777221679,19.514812,-78.284424
2020-09-02T06:36:54.822998046,19.514893,-78.28448
2020-09-02T06:36:54.834823608,19.51526,-78.28449
2020-09-02T06:36:54.839019775,19.53185,-78.28486
2020-09-02T06:36:54.840927124,19.531864,-78.284836
2020-09-02T06:36:54.856948852,19.531813,-78.28489
2020-09-02T06:36:54.910356521,19.500715,-78.28069
2020-09-02T06:36:54.912263870,19.514486,-78.28447
2020-09-02T06:36:54.974061965,19.497747,-78.27897
2020-09-02T06:36:54.975969314,19.4962,-78.28213
2020-09-02T06:36:55.003818511,19.531902,-78.28493
2020-09-02T06:36:55.005725860,19.531895,-78.28492
2020-09-02T06:36:55.059513092,19.5319,-78.28485
2020-09-02T06:36:55.061420440,19.531895,-78.28484
2020-09-02T06:36:55.063709259,19.531874,-78.272026
2020-09-02T06:36:55.081256866,19.53192,-78.28494
2020-09-02T06:36:55.083545684,19.531925,-78.28494
2020-09-02T06:36:56.596477508,18.489563,-82.87035
2020-09-02T06:36:56.598386764,18.441896,-82.88762
2020-09-02T06:36:56.685743331,18.476429,-82.860535
2020-09-02T06:36:56.691846847,18.441944,-82.88767
2020-09-02T06:36:56.749450683,18.50366,-82.85704
2020-09-02T06:36:56.761276245,18.4848,-82.89021
2020-09-02T06:36:56.763183593,18.480478,-82.88997
2020-09-02T06:36:56.838714599,18.477736,-82.87714
2020-09-02T06:36:56.842910766,18.442331,-82.93039
2020-09-02T06:36:56.926454544,18.464725,-82.84705
2020-09-02T06:36:56.928361892,18.463392,-82.89631
2020-09-02T06:36:57.371637344,18.543194,-82.8761
2020-09-02T06:36:57.347604751,18.520851,-82.856026
2020-09-02T06:36:57.349893569,18.502714,-82.86167
2020-09-02T06:36:57.351800918,18.517687,-82.859474
2020-09-02T06:36:57.353708267,18.507746,-82.855095
2020-09-02T06:36:57.355615615,18.509113,-82.855
2020-09-02T06:36:57.357904434,18.49538,-82.8528
2020-09-02T06:36:57.359811782,18.488356,-82.852165
2020-09-02T06:36:57.361719131,18.492647,-82.84965
2020-09-02T06:36:57.363626480,18.494747,-82.849
2020-09-02T06:36:57.365533828,18.4986,-82.851
2020-09-02T06:36:57.367822647,18.51043,-82.853004
2020-09-02T06:36:57.369729995,18.508171,-82.85299
2020-09-02T06:36:57.373544692,18.441229,-82.78142
2020-09-02T06:36:57.433435440,18.436546,-82.758194
2020-09-02T06:36:57.455179214,18.4419,-82.887794
2020-09-02T06:36:57.463190078,18.52076,-82.85629
2020-09-02T06:36:57.468914031,18.479887,-82.82557
2020-09-02T06:36:57.473110198,18.526535,-82.874435
2020-09-02T06:36:57.475017547,18.53633,-82.87386
2020-09-02T06:36:57.476924896,18.49165,-82.84656
2020-09-02T06:36:57.476924896,18.838287,-82.91061
2020-09-02T06:36:57.478832244,18.509567,-82.84019
2020-09-02T06:36:57.481121063,18.520838,-82.85617
2020-09-02T06:36:57.743576049,18.754456,-82.28349
2020-09-02T06:36:57.751205444,18.754652,-82.31666
2020-09-02T06:36:57.757308959,18.721085,-82.31141
2020-09-02T06:36:57.759216308,18.722418,-82.32086
2020-09-02T06:36:57.761505126,18.711906,-82.32867
2020-09-02T06:36:57.763412475,18.75495,-82.361145
2020-09-02T06:36:57.765319824,18.675636,-82.35687
2020-09-02T06:36:57.767227172,18.724522,-82.33266
2020-09-02T06:36:57.769134521,18.67562,-82.35687
2020-09-02T06:36:57.773330688,18.675404,-82.32664
2020-09-02T06:36:57.799270629,18.675333,-82.31651
2020-09-02T06:36:57.822921752,18.675362,-82.313965
2020-09-02T06:36:57.824829101,18.703259,-82.31854
2020-09-02T06:36:57.938127517,18.754368,-82.28339
2020-09-02T06:36:57.981998443,18.697296,-82.30693
2020-09-02T06:36:57.983905792,18.700617,-82.31514
2020-09-02T06:36:57.998020172,18.689734,-82.31788
2020-09-02T06:36:58.047611236,18.69504,-82.31796
2020-09-02T06:36:58.053714752,18.675283,-82.30691
2020-09-02T06:36:58.055622100,18.698465,-82.317856
2020-09-02T06:36:58.057529449,18.69501,-82.31799
2020-09-02T06:36:58.059436798,18.69442,-82.3145
2020-09-02T06:36:58.216606140,18.691936,-82.31469
2020-09-02T06:36:58.244453430,18.675303,-82.31307
2020-09-02T06:36:58.266197204,18.675201,-82.315254
2020-09-02T06:36:58.310066223,18.675232,-82.31565
2020-09-02T06:36:58.323799133,18.675213,-82.31489
2020-09-02T06:36:58.349740982,18.682726,-82.32697
2020-09-02T06:36:58.349740982,18.673946,-82.12391
2020-09-02T06:36:59.274055480,18.676062,-82.43486
2020-09-02T06:36:59.379724502,18.676441,-82.45913
2020-09-02T06:36:59.405282974,18.67632,-82.47582
2020-09-02T06:36:59.435419082,18.666903,-82.47204
2020-09-02T06:36:59.477001190,18.676323,-82.474
2020-09-02T06:36:59.478908538,18.676271,-82.46968
2020-09-02T06:37:00.252537727,18.286417,-83.26775
2020-09-02T06:37:00.307851791,18.286722,-83.29771
2020-09-02T06:37:00.310140609,18.286732,-83.29862
2020-09-02T06:37:00.312047958,18.295889,-83.3
2020-09-02T06:37:00.313955307,18.286705,-83.29798
2020-09-02T06:37:00.439079284,18.297388,-83.30098
2020-09-02T06:37:00.445182800,18.286661,-83.29604
2020-09-02T06:37:00.447090148,18.28667,-83.29623
2020-09-02T06:37:00.572595596,19.49305,-78.691574
2020-09-02T06:37:00.586328983,19.532707,-78.67245
2020-09-02T06:37:00.588236331,19.486744,-78.6812
2020-09-02T06:37:00.590525150,19.49437,-78.68231
2020-09-02T06:37:00.610361576,19.488035,-78.695366
2020-09-02T06:37:00.620280265,19.48848,-78.69544
2020-09-02T06:37:00.622187614,19.452953,-78.67015
2020-09-02T06:37:00.640116691,19.493164,-78.69565
2020-09-02T06:37:00.642024040,19.497778,-78.69624
2020-09-02T06:37:00.643931388,19.532661,-78.672356
2020-09-02T06:37:00.659953594,19.532795,-78.70023
2020-09-02T06:37:00.699626922,19.532637,-78.672325
2020-09-02T06:37:00.723659992,19.484495,-78.68395
2020-09-02T06:37:00.725567340,19.495836,-78.67131
2020-09-02T06:37:00.807203292,19.48869,-78.67119
2020-09-02T06:37:00.809110641,19.485355,-78.671104
2020-09-02T06:37:00.811017990,19.483023,-78.67105
2020-09-02T06:37:00.812925338,19.453053,-78.67018
2020-09-02T06:37:00.866713523,19.532892,-78.67252
2020-09-02T06:37:00.900664806,19.50731,-78.68443
2020-09-02T06:37:00.902572154,19.491459,-78.68481
2020-09-02T06:37:00.980011463,19.467833,-78.6733
2020-09-02T06:37:00.981918811,19.49433,-78.70898
2020-09-02T06:37:01.061647415,19.484016,-78.67023
2020-09-02T06:37:01.063554763,19.48616,-78.68279
2020-09-02T06:37:01.065462112,19.481455,-78.67105
2020-09-02T06:37:01.067369461,19.453144,-78.67026
2020-09-02T06:37:01.085299015,19.480934,-78.68169
2020-09-02T06:37:01.761273860,19.15549,-82.81426
2020-09-02T06:37:01.781110286,19.137447,-82.81531
2020-09-02T06:37:01.892501354,19.13589,-82.81382
2020-09-02T06:37:01.932174682,19.155478,-82.81542
2020-09-02T06:37:01.984055519,19.15548,-82.81024
2020-09-02T06:37:01.916534423,18.206528,-83.10792
2020-09-02T06:37:01.946289539,18.285501,-83.112526
2020-09-02T06:37:01.948196887,18.285519,-83.11252
2020-09-02T06:37:02.200733661,18.259892,-83.117645
2020-09-02T06:37:02.210651874,18.247026,-83.110306
2020-09-02T06:37:02.252232551,18.253712,-83.11065
2020-09-02T06:37:02.254521369,18.250555,-83.11045
2020-09-02T06:37:02.258336544,18.244904,-83.12443
2020-09-02T06:37:02.262151241,18.285597,-83.11246
2020-09-02T06:37:02.264440059,18.285591,-83.112465
2020-09-02T06:37:02.266347408,18.285587,-83.11247
2020-09-02T06:37:02.415504455,18.261126,-83.11029
2020-09-02T06:37:02.461281299,18.285713,-83.11256
2020-09-02T06:37:02.049669265,19.453535,-78.74777
2020-09-02T06:37:02.075609683,19.453482,-78.74776
2020-09-02T06:37:02.109179496,19.453545,-78.74776
2020-09-02T06:37:02.111086845,19.458988,-78.75129
2020-09-02T06:37:02.123293876,19.453537,-78.747795
2020-09-02T06:37:02.137027263,19.453527,-78.74777
2020-09-02T06:37:02.138934612,19.45835,-78.752594
2020-09-02T06:37:02.151141643,19.453598,-78.74776
2020-09-02T06:37:02.153048992,19.453579,-78.74776
2020-09-02T06:37:02.220570087,19.453592,-78.74776
2020-09-02T06:37:02.230488777,19.457605,-78.753944
2020-09-02T06:37:02.232396125,19.458652,-78.75552
2020-09-02T06:37:02.274358272,19.464134,-78.753876
2020-09-02T06:37:02.276265621,19.463825,-78.74798
2020-09-02T06:37:02.278172969,19.463352,-78.7522
2020-09-02T06:37:02.314031600,19.45359,-78.74774
2020-09-02T06:37:02.333868503,19.461262,-78.75535
2020-09-02T06:37:02.353705406,19.458656,-78.75284
2020-09-02T06:37:02.355612754,19.453663,-78.74779
2020-09-02T06:37:02.431144714,19.453636,-78.747696
2020-09-02T06:37:02.439155578,19.453676,-78.74763
2020-09-02T06:37:02.502861976,19.453709,-78.747765
2020-09-02T06:37:02.522698879,19.453669,-78.7478
2020-09-02T06:37:04.596400260,18.401018,-82.874115
2020-09-02T06:37:04.600214958,18.41613,-82.88707
2020-09-02T06:37:04.622340202,18.442293,-82.88848
2020-09-02T06:37:04.624248504,18.409954,-82.88664
2020-09-02T06:37:04.747465133,18.336851,-82.85686
2020-09-02T06:37:04.759290695,18.397005,-82.87024
2020-09-02T06:37:04.763486862,18.399872,-82.873116
2020-09-02T06:37:04.771116256,18.40216,-82.886314
2020-09-02T06:37:04.785230636,18.403997,-82.886444
2020-09-02T06:37:04.798963546,18.38246,-82.87064
2020-09-02T06:37:04.822997093,18.405018,-82.88645
2020-09-02T06:37:04.518960952,19.53264,-78.28586
2020-09-02T06:37:04.524682998,19.532665,-78.28588
2020-09-02T06:37:04.526590347,19.52229,-78.27558
2020-09-02T06:37:04.552530288,19.522,-78.284904
2020-09-02T06:37:04.554437637,19.532696,-78.28585
2020-09-02T06:37:04.566645622,19.532694,-78.28586
2020-09-02T06:37:04.568552970,19.53268,-78.28586
2020-09-02T06:37:04.570460319,19.532665,-78.28586
2020-09-02T06:37:04.572367668,19.53268,-78.28587
2020-09-02T06:37:04.574656486,19.532698,-78.28589
2020-09-02T06:37:04.602122306,19.53271,-78.28585
2020-09-02T06:37:04.628063201,19.528376,-78.2814
2020-09-02T06:37:04.629970550,19.517954,-78.27312
2020-09-02T06:37:04.636074066,19.520103,-78.26786
2020-09-02T06:37:04.637981414,19.532696,-78.285866
2020-09-02T06:37:04.640270233,19.532701,-78.28588
2020-09-02T06:37:04.642177581,19.532707,-78.28587
2020-09-02T06:37:04.693676948,19.527534,-78.28047
2020-09-02T06:37:04.695584297,19.521011,-78.277596
2020-09-02T06:37:04.699780464,19.532646,-78.26882
2020-09-02T06:37:04.731442451,19.525686,-78.285194
2020-09-02T06:37:04.777219772,19.524147,-78.27013
2020-09-02T06:37:04.791334152,19.532639,-78.2698
2020-09-02T06:37:04.829100608,19.532663,-78.285805
2020-09-02T06:37:05.242620468,18.328112,-82.9831
2020-09-02T06:37:05.252538681,18.33336,-82.971634
2020-09-02T06:37:05.290304183,18.36395,-82.96173
2020-09-02T06:37:05.304038047,18.327976,-82.95971
2020-09-02T06:37:05.305945396,18.284851,-82.957245
2020-09-02T06:37:05.308234214,18.320374,-82.95927
2020-09-02T06:37:05.345999717,18.339092,-82.96031
2020-09-02T06:37:05.347907066,18.338188,-82.96812
2020-09-02T06:37:05.421531677,18.320906,-82.95924
2020-09-02T06:37:05.423439025,18.321781,-82.96177
2020-09-02T06:37:05.425346374,18.321054,-82.95925
2020-09-02T06:37:05.459298133,18.31816,-82.95902
2020-09-02T06:37:05.461205482,18.284815,-82.957115
2020-09-02T06:37:05.466927528,18.319843,-82.95918
2020-09-02T06:37:05.510797500,18.330297,-82.95164
2020-09-02T06:37:05.538644790,18.345947,-82.943756
2020-09-02T06:37:05.540552139,18.32119,-82.9592
2020-09-02T06:37:05.653850555,18.284578,-82.9234
2020-09-02T06:37:05.656139373,18.32991,-82.95008
2020-09-02T06:37:07.791258811,18.287313,-83.32952
2020-09-02T06:37:07.793166160,18.280792,-83.31705
2020-09-02T06:37:07.795073509,18.273527,-83.32531
2020-09-02T06:37:07.827116966,18.27246,-83.318375
2020-09-02T06:37:07.894638061,18.270914,-83.31809
2020-09-02T06:37:07.922486305,18.287273,-83.32295
2020-09-02T06:37:07.924393653,18.287228,-83.31865
2020-09-02T06:37:07.988100051,18.287195,-83.315704
2020-09-02T06:37:10.138859748,19.42465,-82.53156
2020-09-02T06:37:10.192647933,19.405739,-82.537834
2020-09-02T06:37:10.212484359,19.424738,-82.53388
2020-09-02T06:37:10.234228134,19.434889,-82.53749
2020-09-02T06:37:10.254446983,19.40576,-82.53411
2020-09-02T06:37:10.258261680,19.42775,-82.53482
2020-09-02T06:37:10.284201622,19.442429,-82.531586
2020-09-02T06:37:10.288016319,19.44332,-82.556244
2020-09-02T06:37:10.355537414,19.398739,-82.55275
2020-09-02T06:37:10.361640930,19.405226,-82.54312
2020-09-02T06:37:10.391396522,19.38388,-82.55489
2020-09-02T06:37:10.544749259,19.47577,-78.7487
2020-09-02T06:37:10.626004219,19.453997,-78.74807
2020-09-02T06:37:12.236593246,19.454401,-78.748245
2020-09-02T06:37:12.244604110,19.45439,-78.74824
2020-09-02T06:37:12.246511459,19.454365,-78.74824
2020-09-02T06:37:12.254522323,19.471144,-78.7318
2020-09-02T06:37:12.256429672,19.470856,-78.72147
2020-09-02T06:37:12.272453308,19.471182,-78.70013
2020-09-02T06:37:12.274360656,19.471817,-78.70438
2020-09-02T06:37:12.276268005,19.454195,-78.67089
2020-09-02T06:37:12.300300598,19.494467,-78.74942
2020-09-02T06:37:12.314033508,19.484415,-78.70093
2020-09-02T06:37:12.315940856,19.474867,-78.7008
2020-09-02T06:37:12.320137023,19.472198,-78.72208
2020-09-02T06:37:12.328147888,19.454184,-78.670906
2020-09-02T06:37:12.330055236,19.45419,-78.67089
2020-09-02T06:37:12.331962585,19.478912,-78.69459
2020-09-02T06:37:12.333869934,19.472569,-78.69415
2020-09-02T06:37:12.365913391,19.454205,-78.69499
2020-09-02T06:37:12.367820739,19.45418,-78.67093
2020-09-02T06:37:12.369728088,19.454212,-78.67094
2020-09-02T06:37:12.371635437,19.454224,-78.67093
2020-09-02T06:37:12.373542785,19.473177,-78.69358
2020-09-02T06:37:12.375831604,19.469997,-78.70471
2020-09-02T06:37:12.532619476,19.471062,-78.69794
2020-09-02T06:37:12.534908294,19.466501,-78.69536
2020-09-02T06:37:12.536815643,19.465517,-78.69545
2020-09-02T06:37:12.538722991,19.454191,-78.670845
2020-09-02T06:37:12.540630340,19.45417,-78.67082
2020-09-02T06:37:12.564662933,19.469309,-78.69038
2020-09-02T06:37:12.566570281,19.454206,-78.67086
2020-09-02T06:37:12.673765182,19.454332,-78.71465
2020-09-02T06:37:12.707715988,19.471142,-78.693886
2020-09-02T06:37:12.731367111,19.473858,-78.705475
2020-09-02T06:37:12.791259765,19.454353,-78.74828
2020-09-02T06:37:12.793167114,19.454226,-78.6997
2020-09-02T06:37:12.795074462,19.454144,-78.670906
2020-09-02T06:37:12.940416336,18.477573,-82.93481
2020-09-02T06:37:13.162817001,18.474466,-82.9473
2020-09-02T06:37:14.029911041,18.195278,-83.360344
2020-09-02T06:37:14.065387725,18.174831,-83.37556
2020-09-02T06:37:14.067676544,18.1667,-83.360756
2020-09-02T06:37:14.077594757,18.161236,-83.3652
2020-09-02T06:37:14.079502105,18.170649,-83.371124
2020-09-02T06:37:14.158849716,18.168589,-83.37466
2020-09-02T06:37:14.161138534,18.130602,-83.3744
2020-09-02T06:37:14.171056747,18.17006,-83.381516
2020-09-02T06:37:14.172964096,18.1715,-83.38189
2020-09-02T06:37:14.174871444,18.16845,-83.38005
2020-09-02T06:37:14.176778793,18.17679,-83.37776
2020-09-02T06:37:14.266426086,18.176022,-83.385704
2020-09-02T06:37:14.270240783,18.170542,-83.38885
2020-09-02T06:37:14.272148132,18.171759,-83.38589
2020-09-02T06:37:14.274436950,18.176037,-83.38561
2020-09-02T06:37:14.365608215,18.18417,-83.374664
2020-09-02T06:37:14.393457412,18.185345,-83.34034
2020-09-02T06:37:14.542613983,18.17731,-83.38406
2020-09-02T06:37:14.556728363,18.130322,-83.33706
2020-09-02T06:37:14.558635711,18.181862,-83.36967
2020-09-02T06:37:14.560543060,18.181541,-83.36734
2020-09-02T06:37:14.562450408,18.18113,-83.36995
2020-09-02T06:37:14.612422943,18.201313,-83.37166
2020-09-02T06:37:15.638212203,18.260935,-83.34455
2020-09-02T06:37:17.204549789,19.523445,-78.29206
2020-09-02T06:37:17.083621978,19.532955,-78.28564
2020-09-02T06:37:17.135122299,19.532972,-78.28565
2020-09-02T06:37:17.137029647,19.532959,-78.28564
2020-09-02T06:37:17.148855209,19.532974,-78.285675
2020-09-02T06:37:17.151144027,19.532982,-78.28568
2020-09-02T06:37:17.170980453,19.53296,-78.2856
2020-09-02T06:37:17.202642440,19.532959,-78.28553
2020-09-02T06:37:17.220573425,19.532959,-78.28569
2020-09-02T06:37:17.222480773,19.526527,-78.28551
2020-09-02T06:37:17.242317199,19.532963,-78.28561
2020-09-02T06:37:17.244606018,19.528503,-78.28505
2020-09-02T06:37:17.246513366,19.532991,-78.285614
2020-09-02T06:37:17.256431579,19.53302,-78.28566
2020-09-02T06:37:17.258338928,19.533018,-78.285675
2020-09-02T06:37:17.260246276,19.533016,-78.28569
2020-09-02T06:37:17.288093566,19.533098,-78.28577
2020-09-02T06:37:17.323951721,19.533033,-78.28575
2020-09-02T06:37:17.325859069,19.521393,-78.29121
2020-09-02T06:37:17.377740859,19.52082,-78.28534
2020-09-02T06:37:17.415506362,19.529364,-78.28625
2020-09-02T06:37:17.417413711,19.519491,-78.28823
2020-09-02T06:37:17.419321060,19.533035,-78.285736
2020-09-02T06:37:17.427331924,19.53302,-78.28565
2020-09-02T06:37:17.429239273,19.524809,-78.28287
2020-09-02T06:37:17.431528091,19.52757,-78.28632
2020-09-02T06:37:17.445261001,19.495079,-78.28478
2020-09-02T06:37:17.504772186,19.533045,-78.28572
2020-09-02T06:37:17.558559417,19.509575,-78.28611
2020-09-02T06:37:17.713821411,19.454184,-78.74771
2020-09-02T06:37:17.785156250,19.454214,-78.74765
2020-09-02T06:37:17.845048904,19.454176,-78.74766
2020-09-02T06:37:17.846956253,19.454172,-78.74765
2020-09-02T06:37:17.886629104,19.462212,-78.75582
2020-09-02T06:37:17.888536453,19.454102,-78.74767
2020-09-02T06:37:17.930498123,19.454193,-78.74761
2020-09-02T06:37:17.932405471,19.454208,-78.74762
2020-09-02T06:37:17.934312820,19.45423,-78.747635
2020-09-02T06:37:17.938127517,19.45427,-78.747665
2020-09-02T06:37:17.962162017,19.454247,-78.74766
2020-09-02T06:37:17.964069366,19.454254,-78.74766
2020-09-02T06:37:17.999927520,19.454271,-78.74766
2020-09-02T06:37:18.001834869,19.462713,-78.75726
2020-09-02T06:37:18.006031036,19.45426,-78.74763
2020-09-02T06:37:18.019763946,19.4543,-78.74769
2020-09-02T06:37:18.021671295,19.454292,-78.747696
2020-09-02T06:37:18.035785675,19.45425,-78.74764
2020-09-02T06:37:18.075458526,19.454235,-78.74764
2020-09-02T06:37:18.093389511,19.454222,-78.74766
2020-09-02T06:37:18.107122421,19.454252,-78.74761
2020-09-02T06:37:18.111318588,19.45425,-78.74761
2020-09-02T06:37:18.117422103,19.454237,-78.74766
2020-09-02T06:37:18.125051498,19.454237,-78.74769
2020-09-02T06:37:18.159002304,19.45418,-78.7477
2020-09-02T06:37:18.160909652,19.464499,-78.75509
2020-09-02T06:37:18.186849594,19.454199,-78.747635
2020-09-02T06:37:18.188756942,19.454195,-78.74763
2020-09-02T06:37:18.202871322,19.476318,-78.74826
2020-09-02T06:37:18.204778671,19.465874,-78.75652
2020-09-02T06:37:18.228431701,19.466791,-78.757286
2020-09-02T06:37:18.234535217,19.505627,-78.74912
2020-09-02T06:37:18.236442565,19.481264,-78.74841
2020-09-02T06:37:18.238349914,19.475636,-78.74924
2020-09-02T06:37:18.240638732,19.472149,-78.74814
2020-09-02T06:37:18.242546081,19.454243,-78.74762
2020-09-02T06:37:18.244453430,19.488865,-78.74862
2020-09-02T06:37:18.246360778,19.45423,-78.74762
2020-09-02T06:37:18.258567810,19.489689,-78.748695
2020-09-02T06:37:18.260475158,19.49234,-78.74979
2020-09-02T06:37:18.262382507,19.482618,-78.751884
2020-09-02T06:37:18.264289855,19.501568,-78.75827
2020-09-02T06:37:18.266197204,19.480116,-78.757454
2020-09-02T06:37:18.268486022,19.454195,-78.74768
2020-09-02T06:37:18.365762710,19.482391,-78.75711
2020-09-02T06:37:18.367670059,19.466991,-78.76961
2020-09-02T06:37:18.419549942,19.480495,-78.75776
2020-09-02T06:37:18.421457290,19.498747,-78.76599
2020-09-02T06:37:18.423364639,19.496965,-78.761826
2020-09-02T06:37:18.425271987,19.500154,-78.76552
2020-09-02T06:37:18.427179336,19.503662,-78.78121
2020-09-02T06:37:18.433282852,19.513386,-78.79094
2020-09-02T06:37:18.435190200,19.481533,-78.76605
2020-09-02T06:37:18.437479019,19.454271,-78.74763
2020-09-02T06:37:18.439386367,19.5217,-78.826996
2020-09-02T06:37:18.441293716,19.534298,-78.82737
2020-09-02T06:37:18.443201065,19.508293,-78.793884
2020-09-02T06:37:18.445108413,19.482445,-78.76692
2020-09-02T06:37:18.447397232,19.488829,-78.78219
2020-09-02T06:37:18.449304580,19.49874,-78.79195
2020-09-02T06:37:18.451211929,19.482977,-78.77422
2020-09-02T06:37:18.453119277,19.48876,-78.772964
2020-09-02T06:37:18.455028533,19.486292,-78.80248
2020-09-02T06:37:18.457317352,19.488928,-78.79373
2020-09-02T06:37:18.459224700,19.485493,-78.78046
2020-09-02T06:37:18.461132049,19.486078,-78.78313
2020-09-02T06:37:18.463039398,19.483145,-78.789635
2020-09-02T06:37:18.465328216,19.485723,-78.77825
2020-09-02T06:37:18.467235565,19.483585,-78.7998
2020-09-02T06:37:18.469142913,19.474957,-78.7894
2020-09-02T06:37:18.471050262,19.482233,-78.798744
2020-09-02T06:37:18.472957611,19.4542,-78.74764
2020-09-02T06:37:18.475246429,19.454407,-78.81736
2020-09-02T06:37:18.477153778,19.474535,-78.81175
2020-09-02T06:37:18.479061126,19.47079,-78.748085
2020-09-02T06:37:18.480968475,19.454472,-78.80934
2020-09-02T06:37:18.487071990,19.454445,-78.82503
2020-09-02T06:37:18.488979339,19.469406,-78.8059
2020-09-02T06:37:18.490886688,19.454367,-78.80886
2020-09-02T06:37:18.492794036,19.454319,-78.78595
2020-09-02T06:37:18.495082855,19.454426,-78.82503
2020-09-02T06:37:18.496990203,19.454435,-78.82501
2020-09-02T06:37:18.498897552,19.462854,-78.820404
2020-09-02T06:37:18.500804901,19.48007,-78.77693
2020-09-02T06:37:18.503093719,19.462185,-78.80887
2020-09-02T06:37:18.505001068,19.47911,-78.77935
2020-09-02T06:37:18.506908416,19.47665,-78.81211
2020-09-02T06:37:18.508815765,19.481833,-78.79155
2020-09-02T06:37:18.510723114,19.48337,-78.777664
2020-09-02T06:37:18.513011932,19.48085,-78.800995
2020-09-02T06:37:18.514919281,19.467396,-78.795654
2020-09-02T06:37:18.516826629,19.476723,-78.8087
2020-09-02T06:37:18.518733978,19.47968,-78.77387
2020-09-02T06:37:18.520641326,19.476377,-78.805984
2020-09-02T06:37:18.522930145,19.466242,-78.82663
2020-09-02T06:37:18.524837493,19.452436,-78.81656
2020-09-02T06:37:18.526744842,19.462687,-78.80358
2020-09-02T06:37:18.528652191,19.468002,-78.760994
2020-09-02T06:37:18.530941009,19.45425,-78.74769
2020-09-02T06:37:18.530941009,19.454643,-78.90247
2020-09-02T06:37:18.532848358,19.454653,-78.902466
2020-09-02T06:37:18.986042022,19.432175,-78.77472
2020-09-02T06:37:18.984134674,19.423203,-78.72132
2020-09-02T06:37:18.532848358,19.454453,-78.825066
2020-09-02T06:37:18.536663055,19.46311,-78.86978
2020-09-02T06:37:18.538570404,19.45468,-78.90243
2020-09-02T06:37:18.540859222,19.462996,-78.86275
2020-09-02T06:37:18.542766571,19.465818,-78.83899
2020-09-02T06:37:18.544673919,19.46171,-78.82289
2020-09-02T06:37:18.546581268,19.454659,-78.902405
2020-09-02T06:37:18.546581268,19.454266,-78.74762
2020-09-02T06:37:18.550777435,19.45464,-78.9024
2020-09-02T06:37:18.560695648,19.454567,-78.90249
2020-09-02T06:37:18.582441329,19.421234,-78.90143
2020-09-02T06:37:18.598463058,19.41208,-78.90111
2020-09-02T06:37:18.600370407,19.454615,-78.902374
2020-09-02T06:37:18.602277755,19.37487,-78.9
2020-09-02T06:37:18.604185104,19.402401,-78.90084
2020-09-02T06:37:18.606473922,19.415821,-78.90126
2020-09-02T06:37:18.608381271,19.407871,-78.89144
2020-09-02T06:37:18.610288619,19.439701,-78.865
2020-09-02T06:37:18.612195968,19.448362,-78.844925
2020-09-02T06:37:18.614103317,19.374853,-78.90005
2020-09-02T06:37:18.614103317,19.478485,-78.74835
2020-09-02T06:37:18.616392135,19.39327,-78.90059
2020-09-02T06:37:18.616392135,19.454184,-78.747635
2020-09-02T06:37:18.618299484,19.413965,-78.88146
2020-09-02T06:37:18.620206832,19.438307,-78.83898
2020-09-02T06:37:18.622114181,19.454145,-78.74761
2020-09-02T06:37:18.622114181,19.374788,-78.90001
2020-09-02T06:37:18.624021530,19.404737,-78.889336
2020-09-02T06:37:18.626310348,19.374832,-78.90002
2020-09-02T06:37:18.626310348,19.45419,-78.74762
2020-09-02T06:37:18.628217697,19.374853,-78.900024
2020-09-02T06:37:18.630125045,19.374876,-78.900024
2020-09-02T06:37:18.632032394,19.374884,-78.900024
2020-09-02T06:37:18.640043258,19.534063,-78.749916
2020-09-02T06:37:18.644239425,19.374886,-78.9
2020-09-02T06:37:18.733505249,19.454618,-78.90244
2020-09-02T06:37:18.769363403,19.466286,-78.748566
2020-09-02T06:37:18.775466918,19.454586,-78.902435
2020-09-02T06:37:18.833070755,19.454227,-78.74757
2020-09-02T06:37:18.834978103,19.466343,-78.74793
2020-09-02T06:37:18.836885452,19.503862,-78.76055
2020-09-02T06:37:18.838792800,19.523376,-78.8051
2020-09-02T06:37:18.841081619,19.454214,-78.74763
2020-09-02T06:37:18.844896316,19.46879,-78.86284
2020-09-02T06:37:18.880754470,19.468136,-78.74804
2020-09-02T06:37:18.906312942,19.454203,-78.74763
2020-09-02T06:37:18.971927642,19.454224,-78.7477
2020-09-02T06:37:18.974216461,19.45421,-78.74768
2020-09-02T06:37:18.987949371,19.487957,-78.76253
2020-09-02T06:37:19.188985824,19.45415,-78.747635
2020-09-02T06:37:19.190893173,19.454163,-78.74762
2020-09-02T06:37:19.405664443,19.478842,-78.724396
2020-09-02T06:37:19.490730763,19.308796,-82.57887
2020-09-02T06:37:19.520485878,19.350254,-82.56022
2020-09-02T06:37:19.552529812,19.337349,-82.565445
2020-09-02T06:37:19.562448025,19.313847,-82.58754
2020-09-02T06:37:19.562448025,19.472662,-82.47936
2020-09-02T06:37:19.671931744,19.299957,-82.582466
2020-09-02T06:37:19.691768647,19.352484,-82.56215
2020-09-02T06:37:19.709697724,19.30317,-82.5888
2020-09-02T06:37:25.323874473,18.363281,-83.169426
2020-09-02T06:37:25.377662658,18.366457,-83.167
2020-09-02T06:37:25.294118881,19.509058,-78.72663
2020-09-02T06:37:25.296026229,19.504663,-78.72927
2020-09-02T06:37:25.300222396,19.510637,-78.72432
2020-09-02T06:37:25.383766174,19.510443,-78.70692
2020-09-02T06:37:25.385673522,19.512985,-78.70399
2020-09-02T06:37:25.387580871,19.509567,-78.703156
2020-09-02T06:37:25.389488220,19.513926,-78.6967
2020-09-02T06:37:25.457390785,19.520761,-78.702194
2020-09-02T06:37:25.459298133,19.495352,-78.70414
2020-09-02T06:37:25.465020179,19.453121,-78.747116
2020-09-02T06:37:25.582514762,19.495863,-78.695366
2020-09-02T06:37:25.584422111,19.532787,-78.67193
2020-09-02T06:37:25.590525627,19.4977,-78.7112
2020-09-02T06:37:25.616085052,19.506926,-78.69193
2020-09-02T06:37:25.618373870,19.49174,-78.67779
2020-09-02T06:37:25.620281219,19.49382,-78.68619
2020-09-02T06:37:25.622188568,19.494488,-78.68752
2020-09-02T06:37:25.624095916,19.49566,-78.68392
2020-09-02T06:37:25.648128509,19.532845,-78.67193
2020-09-02T06:37:25.651943206,19.486572,-78.67062
2020-09-02T06:37:25.653850555,19.487024,-78.69382
2020-09-02T06:37:25.656139373,19.483572,-78.68393
2020-09-02T06:37:25.659954071,19.51013,-78.71951
2020-09-02T06:37:25.661861419,19.51324,-78.68378
2020-09-02T06:37:25.723660469,19.512238,-78.71833
2020-09-02T06:37:25.725567817,19.49109,-78.68437
2020-09-02T06:37:25.727475166,19.452984,-78.66968
2020-09-02T06:37:25.751508712,19.46976,-78.681625
2020-09-02T06:37:25.874725341,19.491983,-78.69219
2020-09-02T06:37:25.876632690,19.489864,-78.681175
2020-09-02T06:37:25.906387329,19.452766,-78.5923
2020-09-02T06:37:25.963990211,19.452808,-78.59235
2020-09-02T06:37:25.999849319,19.452791,-78.59225
2020-09-02T06:37:26.107424736,18.506128,-82.85588
2020-09-02T06:37:26.119251251,18.493645,-82.86995
2020-09-02T06:37:26.127262115,18.441563,-82.887665
2020-09-02T06:37:26.214619636,18.48408,-82.89007
2020-09-02T06:37:26.293967247,18.502146,-82.85855
2020-09-02T06:37:26.309988975,18.441586,-82.88766
2020-09-02T06:37:26.319907188,18.49518,-82.87611
2020-09-02T06:37:26.321814537,18.487875,-82.873604
2020-09-02T06:37:26.324103355,18.492237,-82.87741
2020-09-02T06:37:26.326010704,18.480682,-82.88638
2020-09-02T06:37:26.363777160,18.465866,-82.88909
2020-09-02T06:37:26.365684509,18.486757,-82.880264
2020-09-02T06:37:26.367591857,18.464922,-82.867485
2020-09-02T06:37:26.443123817,18.48239,-82.870995
2020-09-02T06:37:26.445412635,18.440964,-82.80995
2020-09-02T06:37:26.486993789,18.494114,-82.86931
2020-09-02T06:37:26.488901138,18.477707,-82.888054
2020-09-02T06:37:26.506830215,18.520437,-82.854515
2020-09-02T06:37:26.508737564,18.4737,-82.8739
2020-09-02T06:37:26.514841079,18.441599,-82.887726
2020-09-02T06:37:26.518655776,18.481424,-82.885864
2020-09-02T06:37:26.524759292,18.486662,-82.873955
2020-09-02T06:37:26.644161224,18.465223,-82.85803
2020-09-02T06:37:26.646068572,18.441658,-82.88767
2020-09-02T06:37:26.665905952,18.471281,-82.85686
2020-09-02T06:37:26.729612350,18.441679,-82.887634
2020-09-02T06:37:26.731519699,18.46769,-82.881165
2020-09-02T06:37:26.741437911,18.441687,-82.88774
2020-09-02T06:37:26.958115577,19.532148,-78.28509
2020-09-02T06:37:26.960022926,19.532133,-78.2851
2020-09-02T06:37:26.968033790,19.520636,-78.28478
2020-09-02T06:37:26.970322608,19.513865,-78.28243
2020-09-02T06:37:26.993974685,19.532206,-78.28511
2020-09-02T06:37:26.995882034,19.51693,-78.284706
2020-09-02T06:37:27.039752006,19.495958,-78.27984
2020-09-02T06:37:27.041659355,19.49468,-78.27785
2020-09-02T06:37:27.073321342,19.532259,-78.28515
2020-09-02T06:37:27.075610160,19.532255,-78.28514
2020-09-02T06:37:27.087435722,19.532207,-78.28508
2020-09-02T06:37:27.107273101,19.532124,-78.2851
2020-09-02T06:37:27.162968635,19.532251,-78.271194
2020-09-02T06:37:27.169072151,19.532242,-78.28511
2020-09-02T06:37:27.170979499,19.532234,-78.2851
2020-09-02T06:37:27.184712409,19.532265,-78.285164
2020-09-02T06:37:27.202641487,19.532309,-78.28515
2020-09-02T06:37:27.204548835,19.52265,-78.297264
2020-09-02T06:37:27.210652351,19.508078,-78.29583
2020-09-02T06:37:27.216755867,19.525448,-78.28275
2020-09-02T06:37:27.220570564,19.532188,-78.28508
2020-09-02T06:37:27.250326156,19.532194,-78.2851
2020-09-02T06:37:27.266347885,19.532284,-78.26894
2020-09-02T06:37:27.325858116,19.52666,-78.28597
2020-09-02T06:37:27.328146934,19.532257,-78.285164
2020-09-02T06:37:27.345695495,19.532251,-78.26802
2020-09-02T06:37:27.467003822,19.532278,-78.2754
2020-09-02T06:37:27.497140884,19.532175,-78.28519
2020-09-02T06:37:27.524988174,19.532303,-78.285225
2020-09-02T06:37:28.657971382,19.45367,-78.74752
2020-09-02T06:37:28.707563400,19.453617,-78.74752
2020-09-02T06:37:28.783095359,19.453686,-78.76224
2020-09-02T06:37:28.807127952,19.45358,-78.74749
2020-09-02T06:37:29.574657440,19.472176,-78.74826
2020-09-02T06:37:29.610134124,19.477234,-78.74839
2020-09-02T06:37:29.636075019,19.453592,-78.74775
2020-09-02T06:37:32.606243133,19.453419,-78.74763
2020-09-02T06:37:32.608150482,19.466455,-78.747986
2020-09-02T06:37:32.630275726,19.453407,-78.74756
2020-09-02T06:37:32.635997772,19.453407,-78.74756
2020-09-02T06:37:32.638288497,19.453407,-78.74755
2020-09-02T06:37:32.743574142,19.477406,-78.7483
2020-09-02T06:37:32.745481491,19.453474,-78.7476
2020-09-02T06:37:32.757307052,19.45346,-78.74753
2020-09-02T06:37:32.783248901,19.453505,-78.74754
2020-09-02T06:37:32.797363281,19.453476,-78.747574
2020-09-02T06:37:32.813003540,19.45343,-78.747574
2020-09-02T06:37:32.824829101,19.453465,-78.74754
2020-09-02T06:37:32.846954345,19.472654,-78.748184
2020-09-02T06:37:32.874801635,19.453419,-78.74761
2020-09-02T06:37:32.880523681,19.453419,-78.747635
2020-09-02T06:37:32.900743484,19.453396,-78.7476
2020-09-02T06:37:32.902650833,19.453413,-78.74762
2020-09-02T06:37:32.910661697,19.46888,-78.748146
2020-09-02T06:37:32.956056594,19.45336,-78.7476
2020-09-02T06:37:32.958345413,19.45336,-78.74758
2020-09-02T06:37:32.991914749,19.467577,-78.740845
2020-09-02T06:37:33.037693023,19.45334,-78.74753
2020-09-02T06:37:33.047611236,19.453382,-78.74751
2020-09-02T06:37:33.053714752,19.453384,-78.74756
2020-09-02T06:37:33.119327545,19.453363,-78.74761
2020-09-02T06:37:34.242391586,18.67488,-82.27932
2020-09-02T06:37:34.276344299,18.754232,-82.28347
2020-09-02T06:37:34.278251647,18.725529,-82.30616
2020-09-02T06:37:34.290077209,18.674877,-82.27918
2020-09-02T06:37:34.306098937,18.727718,-82.29665
2020-09-02T06:37:34.433511734,18.674871,-82.27927
2020-09-02T06:37:34.435419082,18.754168,-82.2835
2020-09-02T06:37:34.481195449,18.754463,-82.318954
2020-09-02T06:37:34.493022918,18.745478,-82.32474
2020-09-02T06:37:34.494930267,18.718626,-82.31683
2020-09-02T06:37:34.496837615,18.754787,-82.36122
2020-09-02T06:37:34.502941131,18.754639,-82.33417
2020-09-02T06:37:34.506755828,18.754583,-82.328636
2020-09-02T06:37:34.509044647,18.754595,-82.33178
2020-09-02T06:37:34.510951995,18.746174,-82.338486
2020-09-02T06:37:34.512859344,18.754793,-82.36128
2020-09-02T06:37:34.514766693,18.754616,-82.33534
2020-09-02T06:37:34.516674041,18.754595,-82.33224
2020-09-02T06:37:34.518962860,18.754587,-82.33096
2020-09-02T06:37:34.520870208,18.754606,-82.33339
2020-09-02T06:37:34.522777557,18.754614,-82.3327
2020-09-02T06:37:34.524684906,18.754622,-82.33188
2020-09-02T06:37:34.526592254,18.754623,-82.33062
2020-09-02T06:37:34.528881072,18.75463,-82.3297
2020-09-02T06:37:34.530788421,18.754608,-82.32523
2020-09-02T06:37:34.532695770,18.754578,-82.32439
2020-09-02T06:37:34.534603118,18.754568,-82.32638
2020-09-02T06:37:34.536510467,18.754545,-82.326836
2020-09-02T06:37:34.538799285,18.754517,-82.32618
2020-09-02T06:37:34.540706634,18.753263,-82.32473
2020-09-02T06:37:34.542613983,18.767458,-82.31845
2020-09-02T06:37:34.544521331,18.783123,-82.3193
2020-09-02T06:37:34.574657440,18.738787,-82.32931
2020-09-02T06:37:34.576564788,18.744436,-82.33539
2020-09-02T06:37:34.578472137,18.75451,-82.33022
2020-09-02T06:37:34.620054244,18.718697,-82.3099
2020-09-02T06:37:34.637983322,18.73724,-82.33486
2020-09-02T06:37:34.685667037,18.72222,-82.309135
2020-09-02T06:37:34.687955856,18.67495,-82.279205
2020-09-02T06:37:34.783325195,18.754436,-82.306435
2020-09-02T06:37:34.785232543,18.699228,-82.3087
2020-09-02T06:37:34.791336059,18.728724,-82.305244
2020-09-02T06:37:34.791336059,18.59468,-82.1198
2020-09-02T06:37:34.793243408,18.722004,-82.32045
2020-09-02T06:37:34.795150756,18.730097,-82.33803
2020-09-02T06:37:34.797058105,18.739664,-82.34621
2020-09-02T06:37:34.798965454,18.740871,-82.33703
2020-09-02T06:37:34.801254272,18.73714,-82.34488
2020-09-02T06:37:34.803161621,18.754557,-82.3293
2020-09-02T06:37:34.805068969,18.754562,-82.33234
2020-09-02T06:37:34.806976318,18.754557,-82.333496
2020-09-02T06:37:34.808883666,18.742374,-82.3344
2020-09-02T06:37:34.811172485,18.75473,-82.36122
2020-09-02T06:37:34.813079833,18.754543,-82.33061
2020-09-02T06:37:34.814987182,18.758177,-82.329796
2020-09-02T06:37:34.814987182,18.673899,-82.12394
2020-09-02T06:37:34.816894531,18.769192,-82.32088
2020-09-02T06:37:34.816894531,19.070486,-82.067024
2020-09-02T06:37:34.818801879,18.841534,-82.34953
2020-09-02T06:37:34.819183349,18.83759,-82.15836
2020-09-02T06:37:34.821090698,18.75461,-82.325836
2020-09-02T06:37:34.900438308,18.71127,-82.32088
2020-09-02T06:37:34.902345657,18.754559,-82.33008
2020-09-02T06:37:36.602201461,19.515707,-78.285126
2020-09-02T06:37:36.604490280,19.531988,-78.28553
2020-09-02T06:37:36.628141403,19.531973,-78.28554
2020-09-02T06:37:36.630048751,19.531986,-78.28555
2020-09-02T06:37:36.646070480,19.512615,-78.28494
2020-09-02T06:37:36.647977828,19.532013,-78.28543
2020-09-02T06:37:36.665906906,19.532017,-78.28542
2020-09-02T06:37:36.705579757,19.532026,-78.285484
2020-09-02T06:37:36.707868576,19.531998,-78.285484
2020-09-02T06:37:36.715497970,19.531952,-78.285515
2020-09-02T06:37:36.318000793,19.51971,-78.71186
2020-09-02T06:37:36.355768203,19.53291,-78.70875
2020-09-02T06:37:36.357675552,19.532896,-78.71106
2020-09-02T06:37:36.431299209,19.514519,-78.721214
2020-09-02T06:37:36.457239151,19.50493,-78.74894
2020-09-02T06:37:36.483180999,19.499239,-78.74878
2020-09-02T06:37:36.485088348,19.532999,-78.74976
2020-09-02T06:37:36.592281341,19.533005,-78.749825
2020-09-02T06:37:36.618223190,19.51084,-78.713745
2020-09-02T06:37:36.620130538,19.532814,-78.707115
2020-09-02T06:37:36.685743331,19.506052,-78.71806
2020-09-02T06:37:36.737625122,19.520672,-78.710884
2020-09-02T06:37:37.053485870,18.267357,-83.344536
2020-09-02T06:37:37.071414947,18.26169,-83.34415
2020-09-02T06:37:37.264442443,18.274567,-83.344986
2020-09-02T06:37:37.266349792,18.255371,-83.34383
2020-09-02T06:37:38.932250500,19.467793,-78.70805
2020-09-02T06:37:38.936446667,19.452978,-78.670555
2020-09-02T06:37:38.966201783,19.47228,-78.692856
2020-09-02T06:37:38.968109131,19.47407,-78.69145
2020-09-02T06:37:38.970016718,19.45312,-78.695335
2020-09-02T06:37:38.992142201,19.452936,-78.67058
2020-09-02T06:37:38.994049550,19.452938,-78.670586
2020-09-02T06:37:39.013886452,19.452974,-78.67063
2020-09-02T06:37:39.015793801,19.452974,-78.67062
2020-09-02T06:37:39.089418412,19.453018,-78.68414
2020-09-02T06:37:39.091325760,19.452984,-78.67059
2020-09-02T06:37:39.151217461,19.486156,-78.68899
2020-09-02T06:37:39.153124810,19.481249,-78.682526
2020-09-02T06:37:39.200809479,19.472132,-78.69141
2020-09-02T06:37:39.204624177,19.477415,-78.68534
2020-09-02T06:37:39.206531525,19.47264,-78.689125
2020-09-02T06:37:39.230564595,19.463808,-78.68126
2020-09-02T06:37:39.284352303,19.465506,-78.69262
2020-09-02T06:37:39.286260129,19.463963,-78.685776
2020-09-02T06:37:39.292363644,19.45298,-78.67062
2020-09-02T06:37:39.302281857,19.532742,-78.67282
2020-09-02T06:37:39.304189206,19.47219,-78.689026
2020-09-02T06:37:39.306096554,19.49843,-78.687
2020-09-02T06:37:39.308003903,19.487314,-78.69085
2020-09-02T06:37:39.337759018,19.508205,-78.676315
2020-09-02T06:37:39.340047837,19.467255,-78.686714
2020-09-02T06:37:39.341955185,19.492146,-78.67718
2020-09-02T06:37:39.343862534,19.496492,-78.67593
2020-09-02T06:37:39.345769883,19.4821,-78.677925
2020-09-02T06:37:39.348059178,19.496307,-78.671104
2020-09-02T06:37:39.349966527,19.496445,-78.663956
2020-09-02T06:37:39.351873875,19.532812,-78.67288
2020-09-02T06:37:39.357977391,19.50438,-78.64279
2020-09-02T06:37:39.359884739,19.496485,-78.65
2020-09-02T06:37:39.361792088,19.481665,-78.662025
2020-09-02T06:37:39.379721642,19.503496,-78.60964
2020-09-02T06:37:39.445335389,19.501917,-78.64518
2020-09-02T06:37:39.447242737,19.484882,-78.695206
2020-09-02T06:37:39.536889554,19.452831,-78.59321
2020-09-02T06:37:39.570459366,19.503418,-78.6607
2020-09-02T06:37:39.572366715,19.487642,-78.65963
2020-09-02T06:37:39.574655533,19.532694,-78.6306
2020-09-02T06:37:39.576562882,19.452812,-78.59321
2020-09-02T06:37:39.586481095,19.49727,-78.67148
2020-09-02T06:37:39.590295792,19.453064,-78.70408
2020-09-02T06:37:39.592584610,19.479073,-78.651245
2020-09-02T06:37:39.594491959,19.500257,-78.61941
2020-09-02T06:37:39.600214482,19.515678,-78.63024
2020-09-02T06:37:39.602503300,19.485836,-78.61522
2020-09-02T06:37:39.604410649,19.48426,-78.63765
2020-09-02T06:37:39.606317997,19.478008,-78.65381
2020-09-02T06:37:39.610132695,19.481424,-78.60996
2020-09-02T06:37:39.612421513,19.484667,-78.6368
2020-09-02T06:37:39.614328862,19.4753,-78.63592
2020-09-02T06:37:39.616236210,19.485647,-78.65452
2020-09-02T06:37:39.628062249,19.452822,-78.59324
2020-09-02T06:37:39.634165764,19.4637,-78.60105
2020-09-02T06:37:39.636073113,19.481096,-78.626236
2020-09-02T06:37:39.637980462,19.458677,-78.65128
2020-09-02T06:37:39.650187493,19.460043,-78.59925
2020-09-02T06:37:39.652094842,19.452812,-78.593285
2020-09-02T06:37:39.658198834,19.452778,-78.593285
2020-09-02T06:37:39.663920880,19.452799,-78.593254
2020-09-02T06:37:39.665828228,19.452822,-78.59325
2020-09-02T06:37:39.668117047,19.452843,-78.59323
2020-09-02T06:37:39.670024395,19.491524,-78.65008
2020-09-02T06:37:39.671931744,19.48846,-78.63307
2020-09-02T06:37:39.673839093,19.453005,-78.67057
2020-09-02T06:37:39.678035260,19.452774,-78.59319
2020-09-02T06:37:39.679942608,19.452747,-78.59319
2020-09-02T06:37:39.753567696,19.48452,-78.62479
2020-09-02T06:37:39.757382393,19.50185,-78.658676
2020-09-02T06:37:39.872587681,18.338846,-82.96042
2020-09-02T06:37:39.890517235,18.337877,-82.951866
2020-09-02T06:37:39.892424584,18.33145,-82.95995
2020-09-02T06:37:39.898528100,18.363037,-82.96178
2020-09-02T06:37:39.902342797,18.363028,-82.9618
2020-09-02T06:37:39.904632092,18.343437,-82.95312
2020-09-02T06:37:39.906539441,18.34078,-82.96055
2020-09-02T06:37:39.908446789,18.346323,-82.96088
2020-09-02T06:37:39.944305420,18.348936,-82.96183
2020-09-02T06:37:39.948120118,18.338968,-82.96045
2020-09-02T06:37:39.952316285,18.363205,-82.98138
2020-09-02T06:37:39.975967885,18.362993,-82.96173
2020-09-02T06:37:39.978256703,18.28395,-82.95724
2020-09-02T06:37:39.985886097,18.339853,-82.94871
2020-09-02T06:37:39.993896962,18.283987,-82.95722
2020-09-02T06:37:40.011826515,18.3203,-82.959335
2020-09-02T06:37:40.013733863,18.318977,-82.95926
2020-09-02T06:37:40.043870449,18.3158,-82.95906
2020-09-02T06:37:40.045777797,18.284006,-82.95726
2020-09-02T06:37:40.059511184,18.304697,-82.94858
2020-09-02T06:37:40.061418533,18.3092,-82.95863
2020-09-02T06:37:40.067522048,18.284004,-82.95721
2020-09-02T06:37:40.109102725,18.35033,-82.97039
2020-09-02T06:37:40.111391544,18.348185,-82.956
2020-09-02T06:37:40.141146659,18.363014,-82.96173
2020-09-02T06:37:40.143054008,18.34778,-82.95918
2020-09-02T06:37:40.168994426,18.344063,-82.97332
2020-09-02T06:37:40.172809123,18.348703,-82.977844
2020-09-02T06:37:40.196842193,18.299997,-82.958115
2020-09-02T06:37:40.198749542,18.316547,-82.942635
2020-09-02T06:37:40.200656890,18.284039,-82.957214
2020-09-02T06:37:40.234608173,18.34825,-82.96679
2020-09-02T06:37:40.254445075,18.365377,-82.98674
2020-09-02T06:37:40.256352424,18.366932,-82.98699
2020-09-02T06:37:40.258259773,18.353594,-82.9803
2020-09-02T06:37:40.310140609,18.315203,-82.93858
2020-09-02T06:37:40.312047958,18.364935,-82.983376
2020-09-02T06:37:40.361639499,18.34772,-82.97437
2020-09-02T06:37:40.363928318,18.344994,-82.97885
2020-09-02T06:37:40.395590782,18.284098,-82.957146
2020-09-02T06:37:40.397498130,18.28411,-82.95716
2020-09-02T06:37:40.399405956,18.296522,-82.948166
2020-09-02T06:37:40.401694774,18.307653,-82.958534
2020-09-02T06:37:40.405509471,18.301231,-82.946625
2020-09-02T06:37:40.407416820,18.284094,-82.95718
2020-09-02T06:37:40.484856128,18.353352,-82.97286
2020-09-02T06:37:40.677883148,18.284124,-82.957115
2020-09-02T06:37:40.695812225,18.319168,-82.950836
2020-09-02T06:37:40.843061923,19.479153,-78.747856
2020-09-02T06:37:40.846876621,19.472956,-78.748276
2020-09-02T06:37:40.848783969,19.469934,-78.7482
2020-09-02T06:37:40.850691318,19.472603,-78.74828
2020-09-02T06:37:40.860991001,19.453346,-78.74772
2020-09-02T06:37:40.862898349,19.468546,-78.74816
2020-09-02T06:37:40.864806175,19.469181,-78.74838
2020-09-02T06:37:40.866713523,19.453388,-78.74773
2020-09-02T06:37:40.872817039,19.453403,-78.74771
2020-09-02T06:37:40.874724388,19.467382,-78.74809
2020-09-02T06:37:40.888457298,19.463837,-78.747986
2020-09-02T06:37:40.890746116,19.453426,-78.7477
2020-09-02T06:37:40.930419921,19.453371,-78.74766
2020-09-02T06:37:40.934234619,19.481068,-78.74845
2020-09-02T06:37:40.997941017,19.453474,-78.74771
2020-09-02T06:37:41.005951881,19.503016,-78.74913
2020-09-02T06:37:41.685741424,18.441837,-82.87294
2020-09-02T06:37:41.687648773,18.441988,-82.88821
2020-09-02T06:37:41.689937591,18.442022,-82.8882
2020-09-02T06:37:41.691844940,18.442024,-82.8882
2020-09-02T06:37:41.749447822,18.44188,-82.8882
2020-09-02T06:37:41.761273860,18.441988,-82.88823
2020-09-02T06:37:41.763181209,18.441986,-82.88822
2020-09-02T06:37:41.836805820,18.441917,-82.88817
2020-09-02T06:37:41.839094638,18.441921,-82.88817
2020-09-02T06:37:41.924545288,18.441938,-82.88809
2020-09-02T06:37:42.035554409,18.430733,-82.8786
2020-09-02T06:37:42.049669265,18.441988,-82.888145
2020-09-02T06:37:42.063402175,18.441946,-82.8881
2020-09-02T06:37:42.087435245,18.44204,-82.88817
2020-09-02T06:37:42.143130779,18.442019,-82.88813
2020-09-02T06:37:42.852675437,19.392845,-82.52237
2020-09-02T06:37:42.936218261,19.392801,-82.52367
2020-09-02T06:37:42.938126087,19.392818,-82.522194
2020-09-02T06:37:43.075456619,19.4169,-82.519325
2020-09-02T06:37:43.077364921,19.392889,-82.51929
2020-09-02T06:37:43.172733306,19.392382,-82.526024
2020-09-02T06:37:43.180744171,19.392843,-82.52158
2020-09-02T06:37:43.204777717,19.420683,-82.52216
2020-09-02T06:37:43.677806854,18.205566,-83.37011
2020-09-02T06:37:43.997864723,18.209166,-83.36947
2020-09-02T06:37:44.025712966,18.208958,-83.34098
2020-09-02T06:37:44.027620315,18.20617,-83.35881
2020-09-02T06:37:44.029909133,18.200928,-83.36461
2020-09-02T06:37:44.055467605,18.209103,-83.363045
2020-09-02T06:37:44.057756423,18.209152,-83.37078
2020-09-02T06:37:44.061571121,18.209066,-83.362434
2020-09-02T06:37:44.063478469,18.203232,-83.35739
2020-09-02T06:37:44.065385818,18.195826,-83.36092
2020-09-02T06:37:44.069582939,18.193464,-83.340096
2020-09-02T06:37:44.176776885,18.194244,-83.35248
2020-09-02T06:37:44.179065704,18.191435,-83.36265
2020-09-02T06:37:44.180973052,18.19985,-83.35773
2020-09-02T06:37:44.182880401,18.200304,-83.3668
2020-09-02T06:37:44.216832160,18.199516,-83.35866
2020-09-02T06:37:44.250401496,18.19949,-83.35782
2020-09-02T06:37:45.556574821,19.390625,-82.19533
2020-09-02T06:37:45.558482170,19.361513,-82.1946
2020-09-02T06:37:45.562296867,19.359726,-82.19119
2020-09-02T06:37:45.564585685,19.390385,-82.16284
2020-09-02T06:37:45.566493034,19.349937,-82.18629
2020-09-02T06:37:45.580225944,19.345192,-82.18669
2020-09-02T06:37:45.582514762,19.368118,-82.18128
2020-09-02T06:37:45.604258537,19.353113,-82.160866
2020-09-02T06:37:45.624095916,19.342989,-82.174416
2020-09-02T06:37:45.626003265,19.353489,-82.18272
2020-09-02T06:37:45.648128509,19.310532,-82.15856
2020-09-02T06:37:45.719464302,19.343298,-82.18626
2020-09-02T06:37:45.729382514,19.33768,-82.159935
2020-09-02T06:37:45.731289863,19.341595,-82.18113
2020-09-02T06:37:45.733578681,19.358318,-82.18912
2020-09-02T06:37:45.749219894,19.336533,-82.18151
2020-09-02T06:37:45.751508712,19.338726,-82.18701
2020-09-02T06:37:45.753416061,19.337873,-82.180275
2020-09-02T06:37:45.755323410,19.310587,-82.15853
2020-09-02T06:37:45.757230758,19.310585,-82.15852
2020-09-02T06:37:45.759138107,19.342188,-82.186005
2020-09-02T06:37:45.763334274,19.325588,-82.176
2020-09-02T06:37:45.765241622,19.329739,-82.18065
2020-09-02T06:37:45.767148971,19.325754,-82.176186
2020-09-02T06:37:45.769056320,19.327436,-82.17862
2020-09-02T06:37:46.083392143,19.532778,-78.28613
2020-09-02T06:37:46.166934967,19.532877,-78.28609
2020-09-02T06:37:46.168842315,19.532877,-78.28606
2020-09-02T06:37:46.171132087,19.532875,-78.286026
2020-09-02T06:37:46.184864997,19.53288,-78.286095
2020-09-02T06:37:46.196690559,19.53286,-78.28611
2020-09-02T06:37:46.226445198,19.532803,-78.286125
2020-09-02T06:37:46.228734016,19.532803,-78.28614
2020-09-02T06:37:46.234457015,19.532799,-78.28612
2020-09-02T06:37:46.248571395,19.532814,-78.28599
2020-09-02T06:37:46.280233383,19.532703,-78.28606
2020-09-02T06:37:46.282140731,19.526537,-78.27551
2020-09-02T06:37:46.288244247,19.532728,-78.286095
2020-09-02T06:37:46.298163414,19.532763,-78.28613
2020-09-02T06:37:46.300070762,19.532768,-78.28614
2020-09-02T06:37:46.357673645,19.523823,-78.285904
2020-09-02T06:37:46.359962463,19.513096,-78.28535
2020-09-02T06:37:46.363777160,19.53278,-78.28608
2020-09-02T06:37:46.365684509,19.511372,-78.27958
2020-09-02T06:37:46.375602722,19.53277,-78.28606
2020-09-02T06:37:46.453423500,19.523203,-78.279625
2020-09-02T06:37:46.455330848,19.52934,-78.27858
2020-09-02T06:37:46.457238197,19.532763,-78.28606
2020-09-02T06:37:46.514841079,19.52293,-78.27928
2020-09-02T06:37:46.982149124,19.45386,-78.74816
2020-09-02T06:37:47.067599296,19.45385,-78.74816
2020-09-02T06:37:47.101551055,19.453856,-78.74819
2020-09-02T06:37:48.558787345,19.479382,-78.74859
2020-09-02T06:37:48.588542938,19.453571,-78.74788
2020-09-02T06:37:48.612194061,19.492294,-78.73541
2020-09-02T06:37:48.614482879,19.48377,-78.71901
2020-09-02T06:37:48.630123138,19.45352,-78.76448
2020-09-02T06:37:48.656064033,19.478115,-78.74714
2020-09-02T06:37:48.662167549,19.453506,-78.7478
2020-09-02T06:37:48.664074897,19.45352,-78.7478
2020-09-02T06:37:48.665982246,19.453575,-78.76523
2020-09-02T06:37:48.669796943,19.490257,-78.718864
2020-09-02T06:37:48.717863082,19.453543,-78.747826
2020-09-02T06:37:48.719770431,19.453533,-78.74784
2020-09-02T06:37:48.727781295,19.45356,-78.74776
2020-09-02T06:37:48.779280662,19.4801,-78.713554
2020-09-02T06:37:48.787291526,19.45363,-78.76698
2020-09-02T06:37:48.789198875,19.453648,-78.77375
2020-09-02T06:37:48.791106224,19.453579,-78.74775
2020-09-02T06:37:48.799117088,19.49299,-78.71053
2020-09-02T06:37:48.801024436,19.453531,-78.74774
2020-09-02T06:37:48.803313255,19.453583,-78.773186
2020-09-02T06:37:48.805220603,19.453506,-78.74774
2020-09-02T06:37:48.807127952,19.453556,-78.771904
2020-09-02T06:37:48.809035301,19.453543,-78.77162
2020-09-02T06:37:48.813231468,19.453596,-78.79187
2020-09-02T06:37:48.815138816,19.456284,-78.78015
2020-09-02T06:37:48.833068847,19.45348,-78.7477
2020-09-02T06:37:48.834976196,19.45357,-78.77884
2020-09-02T06:37:48.836883544,19.453506,-78.74776
2020-09-02T06:37:48.852905273,19.45349,-78.74779
2020-09-02T06:37:48.854812622,19.45356,-78.77717
2020-09-02T06:37:48.870834350,19.47639,-78.717354
2020-09-02T06:37:48.872741699,19.453451,-78.7478
2020-09-02T06:37:48.880752563,19.50555,-78.721245
2020-09-02T06:37:48.890670776,19.450645,-78.77256
2020-09-02T06:37:48.894486427,19.49514,-78.71123
2020-09-02T06:37:48.896775245,19.453518,-78.78062
2020-09-02T06:37:48.900589942,19.470263,-78.73275
2020-09-02T06:37:48.902497291,19.453531,-78.78423
2020-09-02T06:37:48.904404640,19.453457,-78.7477
2020-09-02T06:37:48.906693458,19.453566,-78.78516
2020-09-02T06:37:48.908600807,19.45357,-78.78008
2020-09-02T06:37:48.912415504,19.45362,-78.798645
2020-09-02T06:37:48.916611671,19.453577,-78.78967
2020-09-02T06:37:48.918519020,19.453299,-78.78714
2020-09-02T06:37:48.920426368,19.449215,-78.777725
2020-09-02T06:37:48.926529884,19.447458,-78.78478
2020-09-02T06:37:48.928437232,19.441074,-78.76898
2020-09-02T06:37:49.003969192,19.45031,-78.77976
2020-09-02T06:37:49.063479423,19.44962,-78.77888
2020-09-02T06:37:49.067675590,19.453564,-78.7896
2020-09-02T06:37:49.069582939,19.455894,-78.78615
2020-09-02T06:37:49.071490287,19.448019,-78.783104
2020-09-02T06:37:49.073397636,19.4536,-78.79234
2020-09-02T06:37:49.075686454,19.453604,-78.78859
2020-09-02T06:37:49.083316802,19.453655,-78.80097
2020-09-02T06:37:49.085605621,19.45364,-78.79804
2020-09-02T06:37:49.087512969,19.453623,-78.79409
2020-09-02T06:37:49.091327667,19.453682,-78.825096
2020-09-02T06:37:49.097431182,19.453594,-78.80989
2020-09-02T06:37:49.099338531,19.453539,-78.79465
2020-09-02T06:37:49.105442047,19.453642,-78.8251
2020-09-02T06:37:49.216833114,19.4538,-78.7917
2020-09-02T06:37:49.218740463,19.453514,-78.78374
2020-09-02T06:37:49.220647811,19.453552,-78.8028
2020-09-02T06:37:49.228658676,19.45567,-78.798485
2020-09-02T06:37:49.236669540,19.455912,-78.80751
2020-09-02T06:37:49.238576889,19.453608,-78.800835
2020-09-02T06:37:49.242391586,19.458525,-78.81764
2020-09-02T06:37:49.244680404,19.458101,-78.805664
2020-09-02T06:37:49.246587753,19.454016,-78.79207
2020-09-02T06:37:49.248495101,19.453592,-78.79568
2020-09-02T06:37:49.252309799,19.472044,-78.82555
2020-09-02T06:37:49.254598617,19.466532,-78.81343
2020-09-02T06:37:49.256505966,19.462395,-78.80702
2020-09-02T06:37:49.258413314,19.453617,-78.82504
2020-09-02T06:37:49.272528648,19.453606,-78.833855
2020-09-02T06:37:49.274435997,19.453487,-78.79044
2020-09-02T06:37:49.278250694,19.453558,-78.82502
2020-09-02T06:37:49.280158042,19.453548,-78.825005
2020-09-02T06:37:49.294272422,19.453573,-78.825005
2020-09-02T06:37:49.324027061,19.453775,-78.90239
2020-09-02T06:37:49.327842712,19.453466,-78.78287
2020-09-02T06:37:49.337760925,19.453707,-78.87981
2020-09-02T06:37:49.433510780,19.453573,-78.775055
2020-09-02T06:37:49.435418128,19.453577,-78.78637
2020-09-02T06:37:52.481119155,18.287354,-83.304375
2020-09-02T06:37:52.590602874,18.268028,-83.30797
2020-09-02T06:37:52.592510223,18.287437,-83.31027
2020-09-02T06:37:52.632183074,18.272905,-83.313
2020-09-02T06:37:52.655836105,18.287437,-83.30851
2020-09-02T06:37:52.693601608,18.266476,-83.315834
2020-09-02T06:37:52.715726852,18.287426,-83.3073
2020-09-02T06:37:52.731748580,18.287363,-83.30311
2020-09-02T06:37:53.049518585,19.512562,-78.284904
2020-09-02T06:37:53.141073226,19.483856,-78.29171
2020-09-02T06:37:53.176931381,19.532896,-78.28543
2020-09-02T06:37:53.178838729,19.506311,-78.28475
2020-09-02T06:37:53.204778671,19.499218,-78.28455
2020-09-02T06:37:53.206686019,19.501833,-78.28465
2020-09-02T06:37:53.208593368,19.495607,-78.28452
2020-09-02T06:37:53.248647689,19.479155,-78.295074
2020-09-02T06:37:53.264289855,19.480213,-78.293434
2020-09-02T06:37:53.278404235,19.494022,-78.28441
2020-09-02T06:37:53.321891784,19.477745,-78.29345
2020-09-02T06:37:53.337913513,19.49535,-78.28446
2020-09-02T06:37:53.339820861,19.474827,-78.29689
2020-09-02T06:37:53.365760803,19.503654,-78.28468
2020-09-02T06:37:53.367668151,19.491396,-78.28438
2020-09-02T06:37:53.371864318,19.4738,-78.29466
2020-09-02T06:37:53.383691787,19.49862,-78.28462
2020-09-02T06:37:53.385599136,19.485764,-78.29604
2020-09-02T06:37:53.387506484,19.532871,-78.285484
2020-09-02T06:37:53.391702651,19.479189,-78.29158
2020-09-02T06:37:53.393610000,19.487467,-78.29328
2020-09-02T06:37:53.431375503,19.485132,-78.284325
2020-09-02T06:37:53.435571670,19.471716,-78.29364
2020-09-02T06:37:53.465326309,19.474752,-78.29269
2020-09-02T06:37:53.467233657,19.45307,-78.28347
2020-09-02T06:37:53.469141006,19.476234,-78.29027
2020-09-02T06:37:53.473337173,19.470673,-78.29286
2020-09-02T06:37:53.475244522,19.453047,-78.28346
2020-09-02T06:37:53.477151870,19.479708,-78.284134
2020-09-02T06:37:53.550777435,19.491304,-78.28448
2020-09-02T06:37:53.552684783,19.47315,-78.28402
2020-09-02T06:37:54.176778793,19.120567,-82.80937
2020-09-02T06:37:54.180593490,19.119095,-82.81462
2020-09-02T06:37:54.182882308,19.110365,-82.81737
2020-09-02T06:37:54.204626083,19.076797,-82.84711
2020-09-02T06:37:54.234380722,19.127743,-82.8502
2020-09-02T06:37:54.262229919,19.110191,-82.820854
2020-09-02T06:37:54.299995422,19.470285,-78.74832
2020-09-02T06:37:54.304191589,19.469845,-78.748344
2020-09-02T06:37:54.306098937,19.45859,-78.74289
2020-09-02T06:37:54.341957092,19.454184,-78.7479
2020-09-02T06:37:54.355690002,19.464212,-78.74821
2020-09-02T06:37:54.357978820,19.454224,-78.74789
2020-09-02T06:37:54.411386489,19.454231,-78.74793
2020-09-02T06:37:54.437326431,19.468512,-78.748344
2020-09-02T06:37:54.483102798,19.454214,-78.74802
2020-09-02T06:37:54.485010147,19.454208,-78.74799
2020-09-02T06:37:54.514766693,19.454191,-78.74797
2020-09-02T06:37:54.542613983,19.454182,-78.74794
2020-09-02T06:37:54.584575653,19.45418,-78.74801
2020-09-02T06:37:54.592586517,19.472824,-78.7485
2020-09-02T06:37:54.616237640,19.4542,-78.74792
2020-09-02T06:37:54.662015914,19.473827,-78.74859
2020-09-02T06:37:54.670026779,19.475723,-78.74858
2020-09-02T06:37:54.671934127,19.45422,-78.747955
2020-09-02T06:37:56.290153503,18.482462,-82.941
2020-09-02T06:37:56.334022521,18.479017,-82.95076
2020-09-02T06:37:56.343940734,18.473959,-82.93843
2020-09-02T06:37:56.351953506,18.442682,-82.888664
2020-09-02T06:37:56.383615493,18.476574,-82.924324
2020-09-02T06:37:56.391626358,18.471691,-82.93618
2020-09-02T06:37:56.393533706,18.442692,-82.888695
2020-09-02T06:37:56.397729873,18.468039,-82.92219
2020-09-02T06:37:56.469064712,19.454311,-78.74799
2020-09-02T06:37:56.546886444,19.454294,-78.74799
2020-09-02T06:37:56.604490280,19.464907,-78.74833
2020-09-02T06:37:56.618223190,19.454336,-78.74794
2020-09-02T06:37:56.662092208,19.4544,-78.748024
2020-09-02T06:37:56.699857711,19.454361,-78.747986
2020-09-02T06:37:56.860841751,18.39159,-82.82686
2020-09-02T06:37:56.862749099,18.389164,-82.824524
2020-09-02T06:37:56.864656448,18.393597,-82.824745
2020-09-02T06:37:56.866945266,18.394957,-82.823395
2020-09-02T06:37:56.868852615,18.39465,-82.8228
2020-09-02T06:37:56.870759963,18.393858,-82.8237
2020-09-02T06:37:56.960023880,18.442053,-82.810814
2020-09-02T06:37:56.962312698,18.421417,-82.809654
2020-09-02T06:37:56.964220046,18.408209,-82.818886
2020-09-02T06:37:56.966127395,18.414415,-82.81767
2020-09-02T06:37:56.968034744,18.401405,-82.817604
2020-09-02T06:37:56.970325469,18.442055,-82.81083
2020-09-02T06:37:56.992069244,18.442184,-82.810844
2020-09-02T06:37:56.993976593,18.442173,-82.81085
2020-09-02T06:37:57.031742095,18.442188,-82.81093
2020-09-02T06:37:57.033649444,18.42192,-82.80978
2020-09-02T06:37:57.161062240,18.442093,-82.810844
2020-09-02T06:37:57.162969589,18.431993,-82.80978
2020-09-02T06:37:57.164876937,18.433704,-82.80798
2020-09-02T06:37:57.166784286,18.430977,-82.8109
2020-09-02T06:37:57.169073104,18.407145,-82.809944
2020-09-02T06:37:57.172887802,18.442083,-82.81081
2020-09-02T06:37:57.174795150,18.430182,-82.80888
2020-09-02T06:37:57.177083969,18.442074,-82.810844
2020-09-02T06:37:57.230491638,18.442123,-82.81076
2020-09-02T06:37:57.236595153,18.424387,-82.80981
2020-09-02T06:37:57.238502502,18.442156,-82.810814
2020-09-02T06:37:57.320137023,18.429647,-82.812675
2020-09-02T06:37:57.322044372,18.4156,-82.80282
2020-09-02T06:37:57.330055236,18.426128,-82.810036
2020-09-02T06:37:57.331962585,18.442047,-82.81093
2020-09-02T06:37:57.338066101,18.419506,-82.8096
2020-09-02T06:37:57.431528091,18.420845,-82.80346
2020-09-02T06:37:57.433435440,18.426273,-82.79782
2020-09-02T06:37:57.473110198,18.411816,-82.79198
2020-09-02T06:37:57.679868698,18.410799,-82.80899
2020-09-02T06:37:57.681776046,18.413616,-82.77279
2020-09-02T06:37:57.683683395,18.389484,-82.81644
2020-09-02T06:37:57.685972213,18.442047,-82.81078
2020-09-02T06:37:57.894639968,18.285694,-83.03492
2020-09-02T06:37:57.900743484,18.285694,-83.03494
2020-09-02T06:37:57.902650833,18.295364,-83.05336
2020-09-02T06:37:57.918291091,18.285713,-83.03491
2020-09-02T06:37:57.920579910,18.308947,-83.0616
2020-09-02T06:37:57.932405471,18.317028,-83.05218
2020-09-02T06:37:58.047611236,18.285975,-83.06204
2020-09-02T06:37:58.049518585,18.313292,-83.06768
2020-09-02T06:37:58.075458526,18.313328,-83.07112
2020-09-02T06:37:58.111318588,18.312538,-83.07098
2020-09-02T06:37:58.113225936,18.285675,-83.03494
2020-09-02T06:37:58.178838729,18.299952,-83.05212
2020-09-02T06:37:58.180746078,18.317406,-83.06438
2020-09-02T06:37:58.183034896,18.314505,-83.060356
2020-09-02T06:37:58.282218933,18.305077,-83.05744
2020-09-02T06:37:58.300148010,18.309261,-83.06239
2020-09-02T06:37:58.302055358,18.28563,-83.034935
2020-09-02T06:37:58.415353775,19.533869,-78.67274
2020-09-02T06:37:58.417642593,19.533867,-78.672745
2020-09-02T06:37:58.435190200,19.533926,-78.6728
2020-09-02T06:37:58.437479019,19.498156,-78.69022
2020-09-02T06:37:58.441293716,19.502295,-78.67188
2020-09-02T06:37:58.469142913,19.534143,-78.75021
2020-09-02T06:37:58.526744842,19.454039,-78.67053
2020-09-02T06:37:58.528652191,19.482899,-78.681404
2020-09-02T06:37:58.530941009,19.533869,-78.672775
2020-09-02T06:37:58.568706512,19.483057,-78.677444
2020-09-02T06:37:58.570613861,19.503477,-78.69511
2020-09-02T06:37:58.622114181,19.49462,-78.67162
2020-09-02T06:37:58.624402999,19.454054,-78.67047
2020-09-02T06:37:58.638135910,19.494852,-78.65341
2020-09-02T06:37:58.640043258,19.495455,-78.67163
2020-09-02T06:37:58.649961471,19.481384,-78.67083
2020-09-02T06:37:58.657972335,19.480831,-78.64184
2020-09-02T06:37:58.705657958,19.534021,-78.70282
2020-09-02T06:37:58.707565307,19.490839,-78.67155
2020-09-02T06:37:58.711761474,19.492447,-78.68966
2020-09-02T06:37:58.729690551,19.493092,-78.68862
2020-09-02T06:37:58.743423461,19.482601,-78.649475
2020-09-02T06:37:58.745712280,19.454025,-78.632324
2020-09-02T06:37:58.747619628,19.47647,-78.64013
2020-09-02T06:37:58.749526977,19.485443,-78.636734
2020-09-02T06:37:58.751434326,19.453993,-78.62828
2020-09-02T06:37:58.753341674,19.45396,-78.61745
2020-09-02T06:37:58.755630493,19.476313,-78.631516
2020-09-02T06:37:58.757537841,19.475779,-78.63252
2020-09-02T06:37:58.779281616,19.475739,-78.61948
2020-09-02T06:37:58.781188964,19.478779,-78.627266
2020-09-02T06:37:58.846803665,19.521475,-78.70148
2020-09-02T06:37:58.848711013,19.53391,-78.67285
2020-09-02T06:37:58.852907180,19.50641,-78.69328
2020-09-02T06:37:58.888765335,19.509192,-78.69641
2020-09-02T06:38:00.310140609,19.53276,-78.286026
2020-09-02T06:38:00.329977035,19.532793,-78.28614
2020-09-02T06:38:00.355917453,19.532728,-78.28612
2020-09-02T06:38:00.369650840,19.532736,-78.286064
2020-09-02T06:38:00.371939659,19.52069,-78.28575
2020-09-02T06:38:00.373847007,19.532751,-78.28605
2020-09-02T06:38:00.375754356,19.53276,-78.28604
2020-09-02T06:38:00.389487266,19.532738,-78.28605
2020-09-02T06:38:00.437553405,19.53273,-78.28605
2020-09-02T06:38:00.447471618,19.532701,-78.28613
2020-09-02T06:38:00.449378967,19.532694,-78.286156
2020-09-02T06:38:00.461205005,19.532757,-78.2862
2020-09-02T06:38:00.463112354,19.522608,-78.28591
2020-09-02T06:38:00.477226734,19.532772,-78.28607
2020-09-02T06:38:00.479134082,19.532804,-78.286095
2020-09-02T06:38:00.481041431,19.53282,-78.2861
2020-09-02T06:38:00.492867469,19.532677,-78.28608
2020-09-02T06:38:00.497063636,19.532701,-78.28611
2020-09-02T06:38:00.514992713,19.532734,-78.28615
2020-09-02T06:38:00.516900062,19.52094,-78.28584
2020-09-02T06:38:00.548562526,19.532618,-78.286095
2020-09-02T06:38:00.554666519,19.514168,-78.28566
2020-09-02T06:38:00.580606460,19.512234,-78.2857
2020-09-02T06:38:00.582513809,19.498644,-78.2836
2020-09-02T06:38:00.584421157,19.497343,-78.29211
2020-09-02T06:38:00.588617801,19.532604,-78.286125
2020-09-02T06:38:00.644312858,19.532724,-78.28612
2020-09-02T06:38:00.646220207,19.528551,-78.284386
2020-09-02T06:38:00.648128032,19.532742,-78.286125
2020-09-02T06:38:00.689708709,19.517096,-78.27644
2020-09-02T06:38:00.691997528,19.485844,-78.278465
2020-09-02T06:38:00.715649127,19.493887,-78.28519
2020-09-02T06:38:00.717556476,19.489635,-78.27716
2020-09-02T06:38:00.719845294,19.484749,-78.2712
2020-09-02T06:38:00.733578205,19.487726,-78.27681
2020-09-02T06:38:00.735485553,19.484735,-78.270996
2020-09-02T06:38:00.789273738,19.48856,-78.27663
2020-09-02T06:38:00.819028854,19.48276,-78.27788
2020-09-02T06:38:00.876631736,19.499086,-78.27674
2020-09-02T06:38:00.878920555,19.452852,-78.284195
2020-09-02T06:38:00.894561290,19.532688,-78.2862
2020-09-02T06:38:00.916305065,19.532684,-78.26528
2020-09-02T06:38:01.069658279,19.532753,-78.28629
2020-09-02T06:38:01.071565628,19.532755,-78.28629
2020-09-02T06:38:02.184711456,19.453463,-78.74839
2020-09-02T06:38:02.427330017,19.47237,-78.72085
2020-09-02T06:38:02.437248229,19.4533,-78.74846
2020-09-02T06:38:03.755246162,19.49051,-82.52721
2020-09-02T06:38:03.761350631,19.483873,-82.52832
2020-09-02T06:38:03.783094406,19.471691,-82.52619
2020-09-02T06:38:03.789197921,19.47179,-82.52685
2020-09-02T06:38:03.810941696,19.484642,-82.52912
2020-09-02T06:38:03.834975242,19.49105,-82.52584
2020-09-02T06:38:03.836882591,19.471745,-82.524445
2020-09-02T06:38:03.840697288,19.471794,-82.52248
2020-09-02T06:38:03.842604637,19.490618,-82.52209
2020-09-02T06:38:03.844893455,19.47168,-82.51402
2020-09-02T06:38:03.846800804,19.49166,-82.516426
2020-09-02T06:38:03.848708152,19.471657,-82.517815
2020-09-02T06:38:03.850615501,19.47156,-82.50767
2020-09-02T06:38:03.854811668,19.471537,-82.50324
2020-09-02T06:38:03.856719017,19.485075,-82.50209
2020-09-02T06:38:03.858626365,19.471382,-82.48002
2020-09-02T06:38:03.862822532,19.4887,-82.50525
2020-09-02T06:38:03.872740745,19.481628,-82.49173
2020-09-02T06:38:03.874648094,19.48966,-82.50647
2020-09-02T06:38:03.876555442,19.488712,-82.50114
2020-09-02T06:38:03.878462791,19.486998,-82.502884
2020-09-02T06:38:03.880371093,19.471344,-82.47994
2020-09-02T06:38:03.882659912,19.48583,-82.49638
2020-09-02T06:38:03.884567260,19.471558,-82.50979
2020-09-02T06:38:03.886474609,19.47139,-82.48809
2020-09-02T06:38:03.888381958,19.471497,-82.503075
2020-09-02T06:38:03.892578125,19.471325,-82.48003
2020-09-02T06:38:03.894485473,19.471428,-82.49265
2020-09-02T06:38:03.896392822,19.471342,-82.48006
2020-09-02T06:38:03.898300170,19.477869,-82.49012
2020-09-02T06:38:03.900588989,19.471357,-82.480095
2020-09-02T06:38:03.902496337,19.471344,-82.48009
2020-09-02T06:38:03.904403686,19.44776,-82.53923
2020-09-02T06:38:03.906311035,19.471313,-82.480064
2020-09-02T06:38:03.908218383,19.471298,-82.48006
2020-09-02T06:38:03.910507202,19.471285,-82.48005
2020-09-02T06:38:03.912414550,19.472204,-82.49093
2020-09-02T06:38:03.914321899,19.471273,-82.48004
2020-09-02T06:38:03.916229248,19.471378,-82.49462
2020-09-02T06:38:03.940261840,19.471354,-82.479996
2020-09-02T06:38:03.942170143,19.471453,-82.492676
2020-09-02T06:38:03.944077491,19.471554,-82.50522
2020-09-02T06:38:03.962006568,19.430431,-82.477715
2020-09-02T06:38:03.963913917,19.44762,-82.47869
2020-09-02T06:38:04.087512016,19.315308,-82.604935
2020-09-02T06:38:04.099337577,19.276018,-82.587006
2020-09-02T06:38:04.099337577,19.48432,-82.5351
2020-09-02T06:38:04.200810432,19.470783,-82.50859
2020-09-02T06:38:04.202717781,19.464745,-82.509186
2020-09-02T06:38:04.240483283,19.471317,-82.479996
2020-09-02T06:38:04.282445907,19.45276,-78.74813
2020-09-02T06:38:04.284353256,19.452755,-78.748146
2020-09-02T06:38:04.310293197,19.452707,-78.74823
2020-09-02T06:38:04.345770835,19.471096,-78.748764
2020-09-02T06:38:04.361792564,19.466297,-78.74861
2020-09-02T06:38:04.371710777,19.452703,-78.74822
2020-09-02T06:38:04.415580749,19.46355,-78.74844
2020-09-02T06:38:04.417488098,19.45273,-78.74814
2020-09-02T06:38:04.425498962,19.45275,-78.74816
2020-09-02T06:38:04.447243690,19.452795,-78.7481
2020-09-02T06:38:04.457161903,19.452747,-78.748146
2020-09-02T06:38:04.499124526,19.452734,-78.748116
2020-09-02T06:38:06.286336898,18.36304,-82.98883
2020-09-02T06:38:06.296256065,18.362854,-82.96194
2020-09-02T06:38:06.369880676,18.420258,-82.989
2020-09-02T06:38:06.371788024,18.402815,-83.017105
2020-09-02T06:38:06.373695373,18.414125,-83.017334
2020-09-02T06:38:06.375602722,18.409025,-83.02631
2020-09-02T06:38:06.377510070,18.408628,-83.02286
2020-09-02T06:38:06.379798889,18.402195,-83.01917
2020-09-02T06:38:06.381706237,18.405663,-83.00149
2020-09-02T06:38:06.383613586,18.407665,-83.00145
2020-09-02T06:38:06.385520935,18.407583,-83.00418
2020-09-02T06:38:06.387809753,18.43246,-83.038635
2020-09-02T06:38:06.389717102,18.399912,-83.032845
2020-09-02T06:38:06.457238197,18.421087,-83.02713
2020-09-02T06:38:06.461052894,18.408857,-83.03453
2020-09-02T06:38:06.463341712,18.415894,-83.02245
2020-09-02T06:38:06.465249061,18.394577,-83.01901
2020-09-02T06:38:06.467156410,18.406784,-83.0208
2020-09-02T06:38:06.469063758,18.412245,-83.01757
2020-09-02T06:38:06.470971107,18.409607,-83.01426
2020-09-02T06:38:06.473259925,18.363247,-83.00363
2020-09-02T06:38:06.570536613,18.404333,-83.02515
2020-09-02T06:38:06.572443962,18.405645,-83.03554
2020-09-02T06:38:06.576640129,18.40377,-82.98176
2020-09-02T06:38:06.584650993,18.362955,-82.96192
2020-09-02T06:38:06.632335662,18.362978,-82.96192
2020-09-02T06:38:06.667813301,18.406862,-82.985176
2020-09-02T06:38:06.763563156,18.402157,-82.99377
2020-09-02T06:38:06.765470504,18.407885,-82.99934
2020-09-02T06:38:06.773481369,18.400877,-82.995476
2020-09-02T06:38:06.775388717,18.410683,-83.00437
2020-09-02T06:38:06.795226097,18.411133,-83.03259
2020-09-02T06:38:06.797133445,18.434668,-83.03676
2020-09-02T06:38:06.799040794,18.394035,-83.02072
2020-09-02T06:38:06.846724510,18.362974,-82.96197
2020-09-02T06:38:06.866943359,18.40441,-82.998795
2020-09-02T06:38:06.974137306,18.410881,-82.98863
2020-09-02T06:38:06.980241775,18.42269,-83.018585
2020-09-02T06:38:06.982149124,18.408056,-83.03782
2020-09-02T06:38:06.984056472,18.408218,-83.02527
2020-09-02T06:38:06.985963821,18.406208,-83.02233
2020-09-02T06:38:06.987871170,18.398304,-83.019806
2020-09-02T06:38:06.990159988,18.406649,-83.034744
2020-09-02T06:38:06.992067337,18.401909,-83.02644
2020-09-02T06:38:06.993974685,18.408676,-83.025986
2020-09-02T06:38:06.995882034,18.363642,-83.0397
2020-09-02T06:38:07.113376617,18.363096,-82.96203
2020-09-02T06:38:07.202641487,18.404718,-82.999115
2020-09-02T06:38:07.210652351,18.4228,-83.018875
2020-09-02T06:38:07.174794197,19.480587,-78.74898
2020-09-02T06:38:07.230489730,19.453367,-78.748184
2020-09-02T06:38:07.292288780,19.453264,-78.748245
2020-09-02T06:38:07.320136070,19.453255,-78.748314
2020-09-02T06:38:07.338065147,19.453257,-78.74821
2020-09-02T06:38:07.389564514,19.453281,-78.74832
2020-09-02T06:38:07.409401893,19.453299,-78.74825
2020-09-02T06:38:08.319983482,19.482267,-78.70048
2020-09-02T06:38:08.321890830,19.471691,-78.693695
2020-09-02T06:38:08.324179649,19.45354,-78.67115
2020-09-02T06:38:08.367668151,19.473986,-78.69801
2020-09-02T06:38:08.369956970,19.47167,-78.68955
2020-09-02T06:38:08.373771667,19.453564,-78.70397
2020-09-02T06:38:08.381782531,19.453485,-78.67122
2020-09-02T06:38:08.383689880,19.469667,-78.691
2020-09-02T06:38:08.385597229,19.453568,-78.70841
2020-09-02T06:38:08.405434608,19.478788,-78.700745
2020-09-02T06:38:08.427559852,19.453552,-78.67119
2020-09-02T06:38:08.445488929,19.476656,-78.69167
2020-09-02T06:38:08.514917373,19.474638,-78.6903
2020-09-02T06:38:08.524836540,19.472267,-78.69334
2020-09-02T06:38:08.552683830,19.471104,-78.68954
2020-09-02T06:38:08.572520256,19.45372,-78.7486
2020-09-02T06:38:08.657971382,19.488138,-78.70002
2020-09-02T06:38:08.659878730,19.46368,-78.68175
2020-09-02T06:38:08.703747749,19.492289,-78.70581
2020-09-02T06:38:08.797209739,19.493109,-78.711586
2020-09-02T06:38:08.920426368,19.484928,-78.73305
2020-09-02T06:38:08.922333717,19.493769,-78.710976
2020-09-02T06:38:08.948273658,19.490059,-78.7239
2020-09-02T06:38:08.950181007,19.500322,-78.654564
2020-09-02T06:38:08.954377174,19.453897,-78.74859
2020-09-02T06:38:09.691769599,18.253794,-83.3448
2020-09-02T06:38:09.693676948,18.24689,-83.34438
2020-09-02T06:38:09.882507324,18.236439,-83.363846
2020-09-02T06:38:11.952394485,19.461493,-78.74863
2020-09-02T06:38:11.968034744,19.453283,-78.748436
2020-09-02T06:38:12.003892898,19.453321,-78.74843
2020-09-02T06:38:12.037845611,19.46557,-78.74865
2020-09-02T06:38:12.039752960,19.45335,-78.74829
2020-09-02T06:38:12.053867340,19.46616,-78.748764
2020-09-02T06:38:12.089344024,19.464,-78.7487
2020-09-02T06:38:12.093540191,19.453268,-78.7484
2020-09-02T06:38:12.095447540,19.45328,-78.74841
2020-09-02T06:38:12.097354888,19.45329,-78.74842
2020-09-02T06:38:12.099262237,19.469612,-78.7489
2020-09-02T06:38:12.111469268,19.453314,-78.74843
2020-09-02T06:38:12.113376617,19.453306,-78.74841
2020-09-02T06:38:12.115283966,19.4533,-78.7484
2020-09-02T06:38:12.117191314,19.453295,-78.74838
2020-09-02T06:38:12.131305694,19.453281,-78.74832
2020-09-02T06:38:12.153051376,19.453253,-78.748405
2020-09-02T06:38:12.162969589,19.463366,-78.74868
2020-09-02T06:38:12.198827743,19.461554,-78.7519
2020-09-02T06:38:12.200735092,19.453264,-78.748344
2020-09-02T06:38:12.204931259,19.461731,-78.7486
2020-09-02T06:38:12.206838607,19.453312,-78.74835
2020-09-02T06:38:12.208745956,19.45814,-78.7485
2020-09-02T06:38:12.210653305,19.453342,-78.74837
2020-09-02T06:38:12.212560653,19.453342,-78.74836
2020-09-02T06:38:12.214849472,19.45334,-78.74835
2020-09-02T06:38:12.218664169,19.453339,-78.74834
2020-09-02T06:38:12.220571517,19.453339,-78.74833
2020-09-02T06:38:12.230489730,19.459684,-78.748604
2020-09-02T06:38:12.232778549,19.453257,-78.74841
2020-09-02T06:38:12.298393249,19.453363,-78.74843
2020-09-02T06:38:12.300300598,19.445534,-78.75367
2020-09-02T06:38:12.315940856,19.451214,-78.751366
2020-09-02T06:38:12.318229675,19.453407,-78.748405
2020-09-02T06:38:12.357902526,19.427681,-78.74765
2020-09-02T06:38:12.359809875,19.42922,-78.751236
2020-09-02T06:38:12.361717224,19.451408,-78.75241
2020-09-02T06:38:12.393762588,19.453312,-78.748344
2020-09-02T06:38:12.407495498,19.453339,-78.7484
2020-09-02T06:38:12.423517227,19.453373,-78.748276
2020-09-02T06:38:12.441446304,19.453365,-78.748276
2020-09-02T06:38:12.530712127,19.454105,-78.75285
2020-09-02T06:38:12.533000946,19.43139,-78.74769
2020-09-02T06:38:12.540630340,19.45322,-78.74839
2020-09-02T06:38:12.608531951,19.455942,-78.755104
2020-09-02T06:38:12.610439300,19.42906,-78.74764
2020-09-02T06:38:12.642103195,19.453781,-78.7572
2020-09-02T06:38:12.417413711,19.480074,-78.28738
2020-09-02T06:38:12.419321060,19.476727,-78.29041
2020-09-02T06:38:12.421609878,19.532188,-78.2862
2020-09-02T06:38:12.481119155,19.532162,-78.28631
2020-09-02T06:38:12.550548553,19.532087,-78.28632
2020-09-02T06:38:12.552837371,19.514671,-78.28588
2020-09-02T06:38:12.570766448,19.532114,-78.28624
2020-09-02T06:38:12.618450164,19.502913,-78.28551
2020-09-02T06:38:12.644010543,19.532131,-78.28627
2020-09-02T06:38:12.646299362,19.498188,-78.28539
2020-09-02T06:38:12.733655929,19.452244,-78.28421
2020-09-02T06:38:12.805374145,19.491741,-78.28522
2020-09-02T06:38:12.807281494,19.48979,-78.28516
2020-09-02T06:38:12.815292358,19.47979,-78.28814
2020-09-02T06:38:12.817199707,19.49805,-78.28538
2020-09-02T06:38:12.821014404,19.486624,-78.285095
2020-09-02T06:38:12.829025268,19.478836,-78.282524
2020-09-02T06:38:12.830932617,19.489954,-78.2851
2020-09-02T06:38:12.552837371,18.75437,-82.32975
2020-09-02T06:38:12.558559417,18.754606,-82.36231
2020-09-02T06:38:12.570384979,18.75462,-82.362236
2020-09-02T06:38:12.572673797,18.754417,-82.330666
2020-09-02T06:38:12.576488494,18.754671,-82.36226
2020-09-02T06:38:12.578395843,18.731691,-82.34389
2020-09-02T06:38:12.588314056,18.754656,-82.36229
2020-09-02T06:38:12.608150482,18.675364,-82.35799
2020-09-02T06:38:12.610439300,18.709484,-82.35983
2020-09-02T06:38:12.618450164,18.702923,-82.34736
2020-09-02T06:38:12.656217575,18.754309,-82.31338
2020-09-02T06:38:12.668043136,18.735266,-82.31047
2020-09-02T06:38:12.669950485,18.754122,-82.28456
2020-09-02T06:38:12.673765182,18.717974,-82.296646
2020-09-02T06:38:12.693983078,18.70593,-82.297516
2020-09-02T06:38:12.695890426,18.715317,-82.282425
2020-09-02T06:38:12.817199707,18.708689,-82.30526
2020-09-02T06:38:12.819107055,18.709259,-82.30282
2020-09-02T06:38:12.866790771,18.710154,-82.33059
2020-09-02T06:38:14.632261276,19.475794,-78.71438
2020-09-02T06:38:14.817276000,19.452837,-78.707436
2020-09-02T06:38:14.868776321,19.464312,-78.70602
2020-09-02T06:38:14.958421707,19.472754,-78.70123
2020-09-02T06:38:14.960329055,19.45262,-78.67046
2020-09-02T06:38:15.031665802,19.457285,-78.69632
2020-09-02T06:38:15.053791046,19.45259,-78.698845
2020-09-02T06:38:15.055698394,19.452532,-78.67047
2020-09-02T06:38:16.542690277,18.285995,-83.296265
2020-09-02T06:38:16.544597625,18.286005,-83.29878
2020-09-02T06:38:16.590373992,18.285686,-83.267815
2020-09-02T06:38:16.729614257,18.285957,-83.29779
2020-09-02T06:38:16.793319702,18.285784,-83.26778
2020-09-02T06:38:16.606397628,18.67542,-82.47947
2020-09-02T06:38:16.624326705,18.675444,-82.490654
2020-09-02T06:38:16.632337570,18.675627,-82.51267
2020-09-02T06:38:16.670103073,18.675451,-82.49832
2020-09-02T06:38:16.688032150,18.67567,-82.51273
2020-09-02T06:38:16.759368896,18.675673,-82.51269
2020-09-02T06:38:16.836807250,18.675228,-82.46793
2020-09-02T06:38:16.839096069,18.675228,-82.46849
2020-09-02T06:38:16.841003417,18.674992,-82.43495
2020-09-02T06:38:16.910432815,18.675268,-82.463234
2020-09-02T06:38:16.912340164,18.655497,-82.4611
2020-09-02T06:38:18.311973571,19.532183,-78.67223
2020-09-02T06:38:18.314262390,19.520113,-78.69995
2020-09-02T06:38:18.332193374,19.532219,-78.67233
2020-09-02T06:38:18.334100723,19.520018,-78.701706
2020-09-02T06:38:18.385599136,19.51144,-78.707275
2020-09-02T06:38:18.403528213,19.5323,-78.699875
2020-09-02T06:38:18.457317352,19.521149,-78.70212
2020-09-02T06:38:18.465328216,19.532171,-78.672195
2020-09-02T06:38:18.467235565,19.532173,-78.6722
2020-09-02T06:38:18.488979339,19.532286,-78.69507
2020-09-02T06:38:18.528652191,19.532228,-78.67214
2020-09-02T06:38:19.381628991,19.309385,-82.204315
2020-09-02T06:38:19.455253602,19.309624,-82.235405
2020-09-02T06:38:19.459068299,19.309633,-82.235405
2020-09-02T06:38:19.491112233,19.32473,-82.214386
2020-09-02T06:38:19.501030446,19.337816,-82.210304
2020-09-02T06:38:19.570459366,19.309435,-82.20578
2020-09-02T06:38:19.588388443,19.33009,-82.21088
2020-09-02T06:38:19.600214482,19.332561,-82.20946
2020-09-02T06:38:19.610132695,19.333042,-82.20817
2020-09-02T06:38:19.616236210,19.344772,-82.20561
2020-09-02T06:38:19.620050908,19.34177,-82.20647
2020-09-02T06:38:19.624247075,19.336752,-82.201294
2020-09-02T06:38:19.634165764,19.34631,-82.2038
2020-09-02T06:38:19.636073113,19.309483,-82.20756
2020-09-02T06:38:19.650187493,19.330666,-82.206406
2020-09-02T06:38:19.654002190,19.388903,-82.16166
2020-09-02T06:38:19.657817364,19.323286,-82.213905
2020-09-02T06:38:19.665828228,19.330044,-82.20835
2020-09-02T06:38:19.667735577,19.35093,-82.19702
2020-09-02T06:38:19.757382393,19.33968,-82.20758
2020-09-02T06:38:19.761197091,19.30943,-82.206726
2020-09-02T06:38:19.777218819,19.3344,-82.20275
2020-09-02T06:38:19.779126168,19.38887,-82.16165
2020-09-02T06:38:19.785230160,19.309437,-82.20523
2020-09-02T06:38:19.787137509,19.35263,-82.18658
2020-09-02T06:38:19.836729050,19.35875,-82.18739
2020-09-02T06:38:19.839017869,19.333628,-82.20209
2020-09-02T06:38:19.866865635,19.309763,-82.23512
2020-09-02T06:38:19.429313183,18.25765,-83.343414
2020-09-02T06:38:19.566644669,18.366947,-83.17984
2020-09-02T06:38:19.642176629,18.372883,-83.18354
2020-09-02T06:38:19.644083977,18.322037,-83.23344
2020-09-02T06:38:19.779126168,18.363907,-83.15696
2020-09-02T06:38:19.781415463,18.36658,-83.21067
2020-09-02T06:38:19.785230160,18.378998,-83.18034
2020-09-02T06:38:19.787137509,18.370579,-83.190025
2020-09-02T06:38:19.922561169,18.364319,-83.193886
2020-09-02T06:38:19.942398072,18.37807,-83.17767
2020-09-02T06:38:19.944305420,18.28585,-83.267
2020-09-02T06:38:19.946212769,18.326872,-83.22877
2020-09-02T06:38:19.988174916,18.373947,-83.17758
2020-09-02T06:38:19.990082264,18.371944,-83.181274
2020-09-02T06:38:20.373847007,18.309813,-83.28137
2020-09-02T06:38:20.375754356,18.364119,-83.15759
2020-09-02T06:38:20.377661705,18.281696,-83.24616
2020-09-02T06:38:20.497063636,18.342405,-83.18795
2020-09-02T06:38:20.498970985,18.32891,-83.262535
2020-09-02T06:38:20.500878334,18.30038,-83.29746
2020-09-02T06:38:20.659953594,18.480787,-82.88521
2020-09-02T06:38:20.661860942,18.493969,-82.85819
2020-09-02T06:38:20.683986663,18.15505,-83.33621
2020-09-02T06:38:20.687801361,18.492765,-82.87123
2020-09-02T06:38:20.689708709,18.441187,-82.88747
2020-09-02T06:38:20.691997528,18.4769,-82.8895
2020-09-02T06:38:20.743496894,18.128819,-83.335495
2020-09-02T06:38:20.759518623,18.441252,-82.88748
2020-09-02T06:38:20.761425971,18.47868,-82.87657
2020-09-02T06:38:20.763333320,18.44124,-82.887474
2020-09-02T06:38:20.836958408,18.44128,-82.887474
2020-09-02T06:38:20.966278553,18.470678,-82.877525
2020-09-02T06:38:20.968185901,18.463898,-82.87079
2020-09-02T06:38:20.970093250,18.457233,-82.88836
2020-09-02T06:38:20.972000598,18.44123,-82.88744
2020-09-02T06:38:21.047532558,18.440641,-82.87355
2020-09-02T06:38:21.049821853,18.44128,-82.887535
2020-09-02T06:38:21.127261161,18.441313,-82.887474
2020-09-02T06:38:20.600443363,19.45284,-78.74682
2020-09-02T06:38:20.602350711,19.452824,-78.74683
2020-09-02T06:38:20.604258060,19.452805,-78.74685
2020-09-02T06:38:20.618372917,19.47452,-78.74748
2020-09-02T06:38:20.650035381,19.452835,-78.74687
2020-09-02T06:38:20.727474689,19.499165,-78.748215
2020-09-02T06:38:20.749600410,19.532722,-78.74924
2020-09-02T06:38:20.751507759,19.505194,-78.74845
2020-09-02T06:38:20.759518623,19.532698,-78.74919
2020-09-02T06:38:20.856794834,19.481543,-78.74774
2020-09-02T06:38:20.858702182,19.468775,-78.75748
2020-09-02T06:38:20.870909690,19.479086,-78.756584
2020-09-02T06:38:20.954452514,19.499027,-78.74824
2020-09-02T06:38:21.039903163,19.489859,-78.74795
2020-09-02T06:38:21.049821853,19.491034,-78.74804
2020-09-02T06:38:21.063554763,19.493734,-78.74814
2020-09-02T06:38:21.071565628,19.495945,-78.74815
2020-09-02T06:38:21.085680484,19.488014,-78.74793
2020-09-02T06:38:21.097506046,19.489582,-78.74795
2020-09-02T06:38:21.111239433,19.495497,-78.74817
2020-09-02T06:38:21.174945831,19.50055,-78.74829
2020-09-02T06:38:21.198978424,19.51475,-78.76518
2020-09-02T06:38:21.236744880,19.532818,-78.7493
2020-09-02T06:38:21.268407344,19.509953,-78.76638
2020-09-02T06:38:23.152896881,18.363123,-82.960976
2020-09-02T06:38:23.218510627,18.363281,-82.97681
2020-09-02T06:38:23.220799446,18.36328,-82.977974
2020-09-02T06:38:23.262380599,18.363213,-82.96104
2020-09-02T06:38:23.272298812,18.366285,-82.98018
2020-09-02T06:38:23.274206161,18.342012,-82.959885
2020-09-02T06:38:23.276494979,18.363153,-82.96111
2020-09-02T06:38:23.300146102,18.363155,-82.96112
2020-09-02T06:38:23.375678062,18.363232,-82.973976
2020-09-02T06:38:23.377585411,18.360123,-82.9751
2020-09-02T06:38:23.296331405,19.453249,-78.71579
2020-09-02T06:38:23.298238754,19.453213,-78.70434
2020-09-02T06:38:23.300146102,19.474627,-78.70747
2020-09-02T06:38:23.302053451,19.453203,-78.70311
2020-09-02T06:38:23.327994346,19.453117,-78.66999
2020-09-02T06:38:23.334097862,19.453201,-78.69608
2020-09-02T06:38:23.447396278,19.453104,-78.669876
2020-09-02T06:38:23.540857315,19.453312,-78.7473
2020-09-02T06:38:23.542764663,19.453241,-78.71794
2020-09-02T06:38:23.578623771,19.463148,-78.69809
2020-09-02T06:38:23.580531120,19.46299,-78.71326
2020-09-02T06:38:23.586634635,19.453402,-78.747284
2020-09-02T06:38:23.598460197,19.46506,-78.700424
2020-09-02T06:38:23.640041351,19.472054,-78.70908
2020-09-02T06:38:23.642330169,19.471088,-78.69837
2020-09-02T06:38:23.644237518,19.45345,-78.74731
2020-09-02T06:38:23.654155731,19.45336,-78.72216
2020-09-02T06:38:23.662166595,19.453405,-78.74736
2020-09-02T06:38:23.697644233,19.471748,-78.70695
2020-09-02T06:38:23.699933052,19.453241,-78.68641
2020-09-02T06:38:23.703747749,19.466965,-78.70226
2020-09-02T06:38:23.705655097,19.453192,-78.66994
2020-09-02T06:38:23.713665962,19.453253,-78.6956
2020-09-02T06:38:23.719769477,19.453276,-78.69551
2020-09-02T06:38:23.729687690,19.533358,-78.79587
2020-09-02T06:38:23.735409736,19.533415,-78.827065
2020-09-02T06:38:23.741513252,19.439919,-78.72674
2020-09-02T06:38:23.793394088,19.471241,-78.70245
2020-09-02T06:38:23.805219650,19.533403,-78.80852
2020-09-02T06:38:23.807126998,19.515594,-78.793976
2020-09-02T06:38:23.809034347,19.514084,-78.79109
2020-09-02T06:38:23.813230514,19.453337,-78.71613
2020-09-02T06:38:23.821242332,19.503286,-78.79432
2020-09-02T06:38:23.823149681,19.466173,-78.74406
2020-09-02T06:38:23.825057029,19.499811,-78.81595
2020-09-02T06:38:23.826964378,19.484934,-78.7269
2020-09-02T06:38:23.828871726,19.453278,-78.669945
2020-09-02T06:38:23.831160545,19.478426,-78.69734
2020-09-02T06:38:23.833067893,19.461756,-78.710106
2020-09-02T06:38:23.834975242,19.4986,-78.823296
2020-09-02T06:38:23.836882591,19.465525,-78.69639
2020-09-02T06:38:23.866637229,19.505447,-78.8173
2020-09-02T06:38:23.896774291,19.519852,-78.81415
2020-09-02T06:38:23.900588989,19.453234,-78.63505
2020-09-02T06:38:23.916610717,19.520245,-78.813805
2020-09-02T06:38:23.922332763,19.493645,-78.81959
2020-09-02T06:38:23.924621582,19.533346,-78.82709
2020-09-02T06:38:23.928436279,19.5196,-78.81596
2020-09-02T06:38:23.930343627,19.533367,-78.82704
2020-09-02T06:38:23.932250976,19.533367,-78.82706
2020-09-02T06:38:23.934539794,19.533367,-78.82708
2020-09-02T06:38:23.936447143,19.533367,-78.8271
2020-09-02T06:38:23.940261840,19.533367,-78.82715
2020-09-02T06:38:23.952469825,19.483644,-78.82705
2020-09-02T06:38:23.954377174,19.511843,-78.81428
2020-09-02T06:38:23.966202735,19.475899,-78.696915
2020-09-02T06:38:23.976120948,19.473719,-78.82535
2020-09-02T06:38:23.978028297,19.486416,-78.825714
2020-09-02T06:38:23.980317115,19.485497,-78.8198
2020-09-02T06:38:23.982224464,19.479576,-78.82549
2020-09-02T06:38:24.053560256,19.483719,-78.82557
2020-09-02T06:38:24.055849075,19.492682,-78.81903
2020-09-02T06:38:24.057756423,19.490482,-78.82582
2020-09-02T06:38:24.059663772,19.487738,-78.82079
2020-09-02T06:38:24.061571121,19.45365,-78.82476
2020-09-02T06:38:24.077593803,19.477507,-78.8277
2020-09-02T06:38:24.079501152,19.490644,-78.82169
2020-09-02T06:38:24.093615531,19.453575,-78.82467
2020-09-02T06:38:24.095522880,19.47089,-78.832
2020-09-02T06:38:24.097430229,19.4992,-78.81038
2020-09-02T06:38:24.103533744,19.533432,-78.8271
2020-09-02T06:38:24.105441093,19.533434,-78.82712
2020-09-02T06:38:24.107348442,19.457773,-78.83873
2020-09-02T06:38:24.109255790,19.488848,-78.81778
2020-09-02T06:38:24.113451957,19.453669,-78.84341
2020-09-02T06:38:24.115359306,19.48584,-78.825714
2020-09-02T06:38:24.117266654,19.453676,-78.85016
2020-09-02T06:38:24.119174003,19.481943,-78.82558
2020-09-02T06:38:24.121462821,19.453678,-78.85345
2020-09-02T06:38:24.123370170,19.453655,-78.84094
2020-09-02T06:38:24.125277519,19.521233,-78.80461
2020-09-02T06:38:24.127184867,19.51258,-78.82642
2020-09-02T06:38:24.129093170,19.516617,-78.81495
2020-09-02T06:38:24.135196685,19.453745,-78.86093
2020-09-02T06:38:24.139011383,19.519823,-78.82665
2020-09-02T06:38:24.141300201,19.533472,-78.827065
2020-09-02T06:38:24.143207550,19.453806,-78.87533
2020-09-02T06:38:24.145114898,19.453772,-78.85546
2020-09-02T06:38:24.147022247,19.514978,-78.82653
2020-09-02T06:38:24.148929595,19.51699,-78.83189
2020-09-02T06:38:24.153125762,19.500574,-78.83999
2020-09-02T06:38:24.155033111,19.519054,-78.83616
2020-09-02T06:38:24.159229278,19.53348,-78.84644
2020-09-02T06:38:24.161136627,19.533403,-78.82708
2020-09-02T06:38:24.163043975,19.49969,-78.864555
2020-09-02T06:38:24.164951324,19.533436,-78.851654
2020-09-02T06:38:24.166858673,19.533436,-78.85778
2020-09-02T06:38:24.169147491,19.533339,-78.82712
2020-09-02T06:38:24.171054840,19.495562,-78.90343
2020-09-02T06:38:24.174869537,19.49158,-78.90331
2020-09-02T06:38:24.176776885,19.53365,-78.90458
2020-09-02T06:38:23.063631057,19.334007,-78.302
2020-09-02T06:38:23.025865554,19.452461,-78.36038
2020-09-02T06:38:23.077746391,19.360884,-78.308
2020-09-02T06:38:23.109408378,19.354847,-78.29946
2020-09-02T06:38:23.111315727,19.532347,-78.36242
2020-09-02T06:38:23.150989532,19.373753,-78.30512
2020-09-02T06:38:23.220799446,19.367308,-78.30622
2020-09-02T06:38:23.298238754,19.532206,-78.32285
2020-09-02T06:38:23.381781578,19.492992,-78.32224
2020-09-02T06:38:23.451210975,19.39861,-78.28674
2020-09-02T06:38:23.453118324,19.543795,-78.28173
2020-09-02T06:38:23.562601089,19.532026,-78.20784
2020-09-02T06:38:23.741513252,19.532145,-78.24617
2020-09-02T06:38:23.741513252,19.372677,-78.28124
2020-09-02T06:38:23.745709419,19.538956,-78.26969
2020-09-02T06:38:23.747616767,19.54619,-78.27101
2020-09-02T06:38:23.749524116,19.545614,-78.26274
2020-09-02T06:38:23.862822532,19.430136,-78.27283
2020-09-02T06:38:24.021898269,19.185207,-82.791504
2020-09-02T06:38:24.101244926,19.209276,-82.78955
2020-09-02T06:38:24.117266654,19.187141,-82.80549
2020-09-02T06:38:24.176776885,19.453836,-78.902176
2020-09-02T06:38:24.179065704,19.487144,-78.90318
2020-09-02T06:38:24.182880401,19.487402,-78.90319
2020-09-02T06:38:24.184787750,19.533474,-78.804184
2020-09-02T06:38:24.226750373,19.453924,-78.90216
2020-09-02T06:38:24.232472419,19.453928,-78.90213
2020-09-02T06:38:24.236668586,19.453905,-78.90212
2020-09-02T06:38:24.240483283,19.453882,-78.902115
2020-09-02T06:38:24.244679450,19.453873,-78.902145
2020-09-02T06:38:24.246586799,19.453869,-78.90217
2020-09-02T06:38:24.250401496,19.453861,-78.9022
2020-09-02T06:38:24.252691268,19.453863,-78.902214
2020-09-02T06:38:24.254598617,19.453867,-78.90223
2020-09-02T06:38:24.256505966,19.453869,-78.90224
2020-09-02T06:38:24.260320663,19.453875,-78.90227
2020-09-02T06:38:24.262609481,19.453865,-78.902275
2020-09-02T06:38:24.264516830,19.492643,-78.865715
2020-09-02T06:38:24.268331527,19.453863,-78.91577
2020-09-02T06:38:24.278249740,19.441757,-78.916794
2020-09-02T06:38:24.284353256,19.434391,-78.915054
2020-09-02T06:38:24.286260604,19.45376,-78.90234
2020-09-02T06:38:24.288167953,19.487387,-78.87063
2020-09-02T06:38:24.292364120,19.453754,-78.90233
2020-09-02T06:38:24.294271469,19.533394,-78.82727
2020-09-02T06:38:24.324027061,19.533325,-78.82726
2020-09-02T06:38:24.423591613,19.490604,-78.8255
2020-09-02T06:38:24.425498962,19.500183,-78.83897
2020-09-02T06:38:24.465172767,19.453707,-78.86394
2020-09-02T06:38:25.099566459,19.45265,-78.36081
2020-09-02T06:38:25.103381156,19.452663,-78.36084
2020-09-02T06:38:25.107577323,19.452686,-78.360886
2020-09-02T06:38:25.123218536,19.478895,-78.36154
2020-09-02T06:38:25.131229400,19.452663,-78.36091
2020-09-02T06:38:25.133136749,19.483782,-78.36172
2020-09-02T06:38:25.137332916,19.484524,-78.361725
2020-09-02T06:38:25.139240264,19.48707,-78.361786
2020-09-02T06:38:25.141147613,19.452639,-78.36089
2020-09-02T06:38:25.143054962,19.452631,-78.3609
2020-09-02T06:38:25.145343780,19.452621,-78.36091
2020-09-02T06:38:25.147251129,19.452614,-78.360916
2020-09-02T06:38:25.149158477,19.493536,-78.36199
2020-09-02T06:38:25.151065826,19.500559,-78.36218
2020-09-02T06:38:25.165180206,19.467855,-78.35665
2020-09-02T06:38:25.167087554,19.452642,-78.36081
2020-09-02T06:38:25.175098419,19.465136,-78.35549
2020-09-02T06:38:25.185017585,19.463303,-78.353546
2020-09-02T06:38:25.194935798,19.452677,-78.36093
2020-09-02T06:38:25.238423347,19.452686,-78.36089
2020-09-02T06:38:25.276189804,19.532513,-78.363014
2020-09-02T06:38:25.815215110,19.467936,-78.74818
2020-09-02T06:38:25.817122459,19.453493,-78.74777
2020-09-02T06:38:25.848784446,19.45355,-78.747795
2020-09-02T06:38:27.801177024,19.395855,-82.614746
2020-09-02T06:38:27.868698120,19.423553,-82.59875
2020-09-02T06:38:27.870605468,19.420961,-82.5993
2020-09-02T06:38:27.973985671,19.40508,-82.59829
2020-09-02T06:38:28.071642875,19.36566,-82.60417
2020-09-02T06:38:28.097202301,19.3833,-82.6014
2020-09-02T06:38:28.109409332,19.430517,-82.59761
2020-09-02T06:38:30.246816635,15.278366,-82.09118
2020-09-02T06:38:30.268942832,15.28514,-82.07366
2020-09-02T06:38:30.320442199,15.288499,-82.07469
2020-09-02T06:38:30.360115051,15.318293,-82.07355
2020-09-02T06:38:30.362403869,15.283888,-82.068054
2020-09-02T06:38:30.364311218,15.318322,-82.07392
2020-09-02T06:38:29.377815246,18.441286,-82.81024
2020-09-02T06:38:29.419396400,18.441212,-82.8103
2020-09-02T06:38:29.421303749,18.441286,-82.82072
2020-09-02T06:38:29.423592567,18.441322,-82.82405
2020-09-02T06:38:29.447243690,18.44902,-82.819595
2020-09-02T06:38:29.449151039,18.466791,-82.82044
2020-09-02T06:38:29.451440811,18.441233,-82.81026
2020-09-02T06:38:29.510950088,18.441267,-82.81024
2020-09-02T06:38:29.512858390,18.451797,-82.822014
2020-09-02T06:38:29.520869255,18.441204,-82.810165
2020-09-02T06:38:29.522776603,18.441193,-82.81015
2020-09-02T06:38:29.548716545,18.441225,-82.810196
2020-09-02T06:38:29.568552970,18.441212,-82.81017
2020-09-02T06:38:29.642178535,18.449436,-82.820114
2020-09-02T06:38:29.644085884,18.441267,-82.82479
2020-09-02T06:38:29.655911445,18.44118,-82.81022
2020-09-02T06:38:29.658200263,18.453568,-82.82119
2020-09-02T06:38:29.660107612,18.441196,-82.81023
2020-09-02T06:38:29.719617843,18.455635,-82.831955
2020-09-02T06:38:29.721525192,18.441221,-82.810196
2020-09-02T06:38:29.735639572,18.454433,-82.822624
2020-09-02T06:38:29.801253318,18.461607,-82.81298
2020-09-02T06:38:29.803160667,18.44118,-82.81023
2020-09-02T06:38:29.805068016,18.441168,-82.810234
2020-09-02T06:38:29.806975364,18.441156,-82.81025
2020-09-02T06:38:29.814986228,18.457743,-82.81411
2020-09-02T06:38:29.827194213,18.45119,-82.82585
2020-09-02T06:38:29.864959716,18.456038,-82.809135
2020-09-02T06:38:29.884797096,18.448944,-82.825134
2020-09-02T06:38:29.886704444,18.441305,-82.810265
2020-09-02T06:38:29.972154617,18.458294,-82.83194
2020-09-02T06:38:29.974061965,18.441387,-82.81026
2020-09-02T06:38:30.024035453,18.441313,-82.81021
2020-09-02T06:38:30.101474761,18.441063,-82.782104
2020-09-02T06:38:30.103382110,18.441391,-82.82535
2020-09-02T06:38:30.105289459,18.461447,-82.823006
2020-09-02T06:38:30.107196807,18.449762,-82.80431
2020-09-02T06:38:30.159077644,18.441288,-82.81016
2020-09-02T06:38:30.208669662,18.460613,-82.79659
2020-09-02T06:38:30.351722717,18.470467,-82.78298
2020-09-02T06:38:30.359733581,18.462976,-82.81133
2020-09-02T06:38:30.362022399,18.441288,-82.810104
2020-09-02T06:38:30.363929748,18.441309,-82.81011
2020-09-02T06:38:30.365837097,18.44133,-82.81012
2020-09-02T06:38:30.367744445,18.441349,-82.81013
2020-09-02T06:38:30.413521766,18.441357,-82.810165
2020-09-02T06:38:30.415429115,18.44139,-82.821815
2020-09-02T06:38:30.417336463,18.441475,-82.825325
2020-09-02T06:38:30.419625282,18.441475,-82.82501
2020-09-02T06:38:30.421532630,18.441357,-82.8101
2020-09-02T06:38:30.423439979,18.441336,-82.81011
2020-09-02T06:38:30.292212486,19.491417,-78.709564
2020-09-02T06:38:30.375755310,19.485285,-78.70103
2020-09-02T06:38:30.377662658,19.479807,-78.697205
2020-09-02T06:38:30.425347328,19.491133,-78.70814
2020-09-02T06:38:30.435265541,19.453325,-78.669876
2020-09-02T06:38:30.439461708,19.48276,-78.69652
2020-09-02T06:38:30.493249893,19.485956,-78.7016
2020-09-02T06:38:30.520716667,19.493238,-78.70421
2020-09-02T06:38:30.548563957,19.485405,-78.69688
2020-09-02T06:38:30.580608367,19.494347,-78.699486
2020-09-02T06:38:30.590526580,19.493902,-78.70334
2020-09-02T06:38:30.783171653,19.47909,-78.703445
2020-09-02T06:38:30.514994621,19.532387,-78.285194
2020-09-02T06:38:30.548563957,19.532269,-78.28508
2020-09-02T06:38:30.560770988,19.532364,-78.285126
2020-09-02T06:38:30.582515716,19.532362,-78.28514
2020-09-02T06:38:30.610363006,19.532394,-78.285225
2020-09-02T06:38:30.612270355,19.517265,-78.299255
2020-09-02T06:38:30.628293037,19.532421,-78.28506
2020-09-02T06:38:30.630200386,19.532423,-78.28503
2020-09-02T06:38:30.691999435,19.532335,-78.285126
2020-09-02T06:38:30.693906784,19.532352,-78.28513
2020-09-02T06:38:30.713743209,19.532345,-78.28518
2020-09-02T06:38:30.715650558,19.532343,-78.28518
2020-09-02T06:38:30.717557907,19.532341,-78.28517
2020-09-02T06:38:30.767531394,19.512291,-78.29289
2020-09-02T06:38:30.777449607,19.508904,-78.29073
2020-09-02T06:38:30.779356956,19.51354,-78.28465
2020-09-02T06:38:30.781264305,19.505947,-78.28774
2020-09-02T06:38:30.783171653,19.512909,-78.31257
2020-09-02T06:38:30.801100730,19.517838,-78.28485
2020-09-02T06:38:30.880829811,19.501162,-78.2943
2020-09-02T06:38:30.918595314,19.493267,-78.291245
2020-09-02T06:38:30.950258255,19.532442,-78.28515
2020-09-02T06:38:30.980012893,19.49471,-78.28424
2020-09-02T06:38:30.982301712,19.532452,-78.285194
2020-09-02T06:38:31.942476272,19.453745,-78.74727
2020-09-02T06:38:31.944383621,19.453733,-78.747284
2020-09-02T06:38:31.946290969,19.45372,-78.74729
2020-09-02T06:38:31.968034744,19.453712,-78.74733
2020-09-02T06:38:31.982149124,19.453709,-78.7473
2020-09-02T06:38:31.984056472,19.45372,-78.7473
2020-09-02T06:38:32.027927398,19.453732,-78.74732
2020-09-02T06:38:32.029834747,19.453764,-78.74733
2020-09-02T06:38:32.061496734,19.453768,-78.7473
2020-09-02T06:38:32.196920394,19.46385,-78.74771
2020-09-02T06:38:32.198827743,19.45913,-78.75369
2020-09-02T06:38:32.238500595,19.46581,-78.74775
2020-09-02T06:38:32.331962585,19.453814,-78.7474
2020-09-02T06:38:32.355995178,19.477133,-78.74806
2020-09-02T06:38:32.413599014,19.467072,-78.747826
2020-09-02T06:38:32.415506362,19.453749,-78.74742
2020-09-02T06:38:32.427331924,19.45378,-78.7474
2020-09-02T06:38:32.431528091,19.467955,-78.747826
2020-09-02T06:38:32.467386245,19.47368,-78.74792
2020-09-02T06:38:34.179067611,18.478912,-82.89045
2020-09-02T06:38:34.248497009,18.442066,-82.88838
2020-09-02T06:38:34.250404357,18.458788,-82.89056
2020-09-02T06:38:34.268333435,18.44206,-82.8883
2020-09-02T06:38:34.270240783,18.442053,-82.8883
2020-09-02T06:38:34.272529602,18.442047,-82.8883
2020-09-02T06:38:34.298088073,18.442083,-82.88835
2020-09-02T06:38:34.300376892,18.437551,-82.88647
2020-09-02T06:38:34.302284240,18.442627,-82.88549
2020-09-02T06:38:34.355690002,18.441994,-82.88835
2020-09-02T06:38:34.357978820,18.430683,-82.887695
2020-09-02T06:38:34.359886169,18.442146,-82.9038
2020-09-02T06:38:34.540706634,18.43941,-82.90265
2020-09-02T06:38:36.351953506,19.53347,-78.6455
2020-09-02T06:38:36.353860855,19.533487,-78.649055
2020-09-02T06:38:36.355768203,19.533495,-78.648575
2020-09-02T06:38:36.361871719,19.533503,-78.649
2020-09-02T06:38:36.363779067,19.533472,-78.645935
2020-09-02T06:38:36.365686416,19.533442,-78.64305
2020-09-02T06:38:36.367975234,19.533422,-78.64441
2020-09-02T06:38:36.375604629,19.51705,-78.62653
2020-09-02T06:38:36.377893447,19.520094,-78.63041
2020-09-02T06:38:36.385904312,19.533304,-78.59552
2020-09-02T06:38:36.451135635,19.533264,-78.59544
2020-09-02T06:38:36.453424453,19.518694,-78.62488
2020-09-02T06:38:36.455331802,19.533354,-78.63627
2020-09-02T06:38:36.457239151,19.533354,-78.63707
2020-09-02T06:38:36.473262786,19.5334,-78.62754
2020-09-02T06:38:36.475170135,19.53337,-78.62491
2020-09-02T06:38:36.477077484,19.533278,-78.59549
2020-09-02T06:38:36.478984832,19.533304,-78.61776
2020-09-02T06:38:36.481273651,19.533293,-78.618645
2020-09-02T06:38:36.483180999,19.53326,-78.5955
2020-09-02T06:38:36.486995697,19.5333,-78.59549
2020-09-02T06:38:36.489284515,19.533321,-78.59549
2020-09-02T06:38:36.491191864,19.533337,-78.59549
2020-09-02T06:38:36.495006561,19.533342,-78.59547
2020-09-02T06:38:36.512935638,19.533302,-78.5955
2020-09-02T06:38:36.542690277,19.533325,-78.595535
2020-09-02T06:38:36.576641082,19.533386,-78.62142
2020-09-02T06:38:36.578548431,19.533321,-78.59543
2020-09-02T06:38:36.588466644,19.533352,-78.61727
2020-09-02T06:38:36.590373992,19.55018,-78.62256
2020-09-02T06:38:36.592662811,19.549717,-78.622795
2020-09-02T06:38:36.594570159,19.54444,-78.62319
2020-09-02T06:38:36.596477508,19.549372,-78.62364
2020-09-02T06:38:36.598386764,19.54636,-78.62552
2020-09-02T06:38:36.600294113,19.543901,-78.62408
2020-09-02T06:38:36.602582931,19.53343,-78.628296
2020-09-02T06:38:36.604490280,19.533424,-78.62963
2020-09-02T06:38:36.606397628,19.533434,-78.636765
2020-09-02T06:38:36.608304977,19.533428,-78.63755
2020-09-02T06:38:36.610212326,19.533419,-78.63705
2020-09-02T06:38:36.612501144,19.533419,-78.63149
2020-09-02T06:38:36.642255783,19.533379,-78.59547
2020-09-02T06:38:36.646070480,19.569204,-78.59647
2020-09-02T06:38:36.650266647,19.579937,-78.59679
2020-09-02T06:38:36.652173995,19.56836,-78.596466
2020-09-02T06:38:36.655988693,19.574568,-78.59664
2020-09-02T06:38:36.657896041,19.56823,-78.64017
2020-09-02T06:38:36.660184860,19.563284,-78.62201
2020-09-02T06:38:36.662092208,19.533525,-78.67291
2020-09-02T06:38:36.663999557,19.533527,-78.67293
2020-09-02T06:38:36.665906906,19.56449,-78.63261
2020-09-02T06:38:36.668195724,19.559406,-78.67377
2020-09-02T06:38:36.670103073,19.558847,-78.66132
2020-09-02T06:38:36.672010421,19.548538,-78.65748
2020-09-02T06:38:36.673917770,19.552677,-78.645
2020-09-02T06:38:36.721603393,19.591875,-78.57641
2020-09-02T06:38:36.725799560,19.574638,-78.559105
2020-09-02T06:38:36.727706909,19.533382,-78.595436
2020-09-02T06:38:36.729614257,19.533392,-78.59541
2020-09-02T06:38:36.731521606,19.571898,-78.55867
2020-09-02T06:38:36.733810424,19.5334,-78.59544
2020-09-02T06:38:36.737625122,19.547592,-78.60207
2020-09-02T06:38:36.739532470,19.552744,-78.59244
2020-09-02T06:38:36.741439819,19.534239,-78.622574
2020-09-02T06:38:36.743728637,19.529575,-78.61514
2020-09-02T06:38:36.745635986,19.52461,-78.61754
2020-09-02T06:38:36.747543334,19.533289,-78.55675
2020-09-02T06:38:36.749450683,19.526676,-78.61513
2020-09-02T06:38:36.751358032,19.53336,-78.59547
2020-09-02T06:38:36.753646850,19.53325,-78.54654
2020-09-02T06:38:36.755554199,19.533356,-78.59546
2020-09-02T06:38:36.757461547,19.503004,-78.627106
2020-09-02T06:38:36.759368896,19.519964,-78.62987
2020-09-02T06:38:36.761657714,19.53335,-78.59544
2020-09-02T06:38:36.763565063,19.555687,-78.55375
2020-09-02T06:38:36.765472412,19.533335,-78.595436
2020-09-02T06:38:36.767379760,19.453522,-78.593216
2020-09-02T06:38:36.769287109,19.533209,-78.54358
2020-09-02T06:38:36.773483276,19.533226,-78.5502
2020-09-02T06:38:36.777297973,19.533335,-78.59545
2020-09-02T06:38:36.779205322,19.548782,-78.53518
2020-09-02T06:38:36.781494140,19.547247,-78.57135
2020-09-02T06:38:36.783401489,19.549591,-78.593704
2020-09-02T06:38:36.785308837,19.533276,-78.577324
2020-09-02T06:38:36.787216186,19.533236,-78.564156
2020-09-02T06:38:36.789123535,19.492214,-78.62613
2020-09-02T06:38:36.791412353,19.533396,-78.63945
2020-09-02T06:38:36.793319702,19.533218,-78.5469
2020-09-02T06:38:36.797134399,19.533215,-78.51811
2020-09-02T06:38:36.819259643,19.533173,-78.518005
2020-09-02T06:38:36.826889038,19.533323,-78.55505
2020-09-02T06:38:36.831085205,19.533283,-78.51813
2020-09-02T06:38:36.832992553,19.533272,-78.518135
2020-09-02T06:38:36.834899902,19.54751,-78.59095
2020-09-02T06:38:36.837188720,19.544586,-78.55155
2020-09-02T06:38:36.839096069,19.533237,-78.518135
2020-09-02T06:38:36.841003417,19.533228,-78.518135
2020-09-02T06:38:36.842910766,19.533234,-78.51814
2020-09-02T06:38:36.844820022,19.53324,-78.51816
2020-09-02T06:38:36.847108840,19.533243,-78.518166
2020-09-02T06:38:36.849016189,19.533249,-78.51817
2020-09-02T06:38:36.850923538,19.533249,-78.51817
2020-09-02T06:38:36.854738235,19.533184,-78.49987
2020-09-02T06:38:36.858934402,19.533224,-78.5181
2020-09-02T06:38:36.865037918,19.533167,-78.48468
2020-09-02T06:38:36.868852615,19.533163,-78.47785
2020-09-02T06:38:36.876863479,19.533102,-78.44075
2020-09-02T06:38:36.880678176,19.53311,-78.44074
2020-09-02T06:38:36.884874343,19.533106,-78.44075
2020-09-02T06:38:36.912721633,19.485317,-78.62805
2020-09-02T06:38:36.914628982,19.542486,-78.626236
2020-09-02T06:38:36.916536331,19.546354,-78.64932
2020-09-02T06:38:36.918443679,19.550648,-78.67924
2020-09-02T06:38:36.920351028,19.557838,-78.65764
2020-09-02T06:38:36.922639846,19.553167,-78.65484
2020-09-02T06:38:36.924547195,19.550785,-78.659935
2020-09-02T06:38:36.926454544,19.550999,-78.66043
2020-09-02T06:38:36.928361892,19.551714,-78.66259
2020-09-02T06:38:36.930269241,19.548615,-78.66582
2020-09-02T06:38:36.932558059,19.545307,-78.672325
2020-09-02T06:38:36.934465408,19.533659,-78.672935
2020-09-02T06:38:36.936372756,19.533659,-78.672905
2020-09-02T06:38:36.938280105,19.53366,-78.672874
2020-09-02T06:38:36.699857711,18.738688,-82.33688
2020-09-02T06:38:36.719694137,18.719172,-82.34064
2020-09-02T06:38:36.733428955,18.755062,-82.33098
2020-09-02T06:38:36.763565063,18.755219,-82.36191
2020-09-02T06:38:36.824981689,18.755264,-82.361916
2020-09-02T06:38:36.918443679,18.676056,-82.35768
2020-09-02T06:38:36.940187454,18.717962,-82.331024
2020-09-02T06:38:36.942476272,18.710665,-82.32933
2020-09-02T06:38:36.944383621,18.723452,-82.32473
2020-09-02T06:38:37.013813018,18.71033,-82.33064
2020-09-02T06:38:37.016101837,18.675444,-82.27996
2020-09-02T06:38:37.018009185,18.755287,-82.36191
2020-09-02T06:38:37.073703765,18.726776,-82.326546
2020-09-02T06:38:37.113378524,18.733664,-82.337944
2020-09-02T06:38:37.127111434,18.755295,-82.36197
2020-09-02T06:38:37.139318466,18.726501,-82.32812
2020-09-02T06:38:37.146947860,18.71308,-82.324776
2020-09-02T06:38:37.157247543,18.724827,-82.326744
2020-09-02T06:38:37.161062240,18.723495,-82.32383
2020-09-02T06:38:37.214849472,18.723827,-82.324165
2020-09-02T06:38:37.166784286,19.145052,-82.82658
2020-09-02T06:38:37.169073104,19.129951,-82.81895
2020-09-02T06:38:37.170980453,19.155972,-82.820076
2020-09-02T06:38:37.202642440,19.155943,-82.8236
2020-09-02T06:38:37.353708267,19.115448,-82.816
2020-09-02T06:38:36.962312698,18.287493,-83.30687
2020-09-02T06:38:37.226676940,18.305605,-83.315056
2020-09-02T06:38:37.228584289,18.287521,-83.3173
2020-09-02T06:38:38.143362045,19.453733,-78.74813
2020-09-02T06:38:38.145269393,19.45373,-78.74814
2020-09-02T06:38:38.208976745,19.45375,-78.74816
2020-09-02T06:38:38.210884094,19.476528,-78.74881
2020-09-02T06:38:38.218894958,19.474617,-78.75862
2020-09-02T06:38:38.220802307,19.453896,-78.74816
2020-09-02T06:38:38.222709655,19.453869,-78.74817
2020-09-02T06:38:38.230720520,19.471119,-78.756744
2020-09-02T06:38:38.232627868,19.470886,-78.74869
2020-09-02T06:38:38.278404235,19.45376,-78.748184
2020-09-02T06:38:38.280311584,19.453768,-78.74818
2020-09-02T06:38:38.391702651,19.474537,-78.75782
2020-09-02T06:38:38.405435562,19.478565,-78.74892
2020-09-02T06:38:40.320058822,19.532398,-78.28646
2020-09-02T06:38:40.321966171,19.532404,-78.28647
2020-09-02T06:38:40.399787425,19.532366,-78.28655
2020-09-02T06:38:40.401694774,19.53237,-78.28655
2020-09-02T06:38:40.419623851,19.532303,-78.28659
2020-09-02T06:38:40.429542064,19.532347,-78.28656
2020-09-02T06:38:40.439460754,19.532307,-78.2865
2020-09-02T06:38:40.473030567,19.514978,-78.288605
2020-09-02T06:38:40.503167152,19.511839,-78.28606
2020-09-02T06:38:40.514992713,19.532398,-78.28655
2020-09-02T06:38:40.523004055,19.532354,-78.28656
2020-09-02T06:38:40.524911403,19.520697,-78.29089
2020-09-02T06:38:40.526818752,19.53234,-78.28657
2020-09-02T06:38:40.536736965,19.532335,-78.28659
2020-09-02T06:38:40.544747829,19.519415,-78.292564
2020-09-02T06:38:40.584421157,19.53235,-78.29573
2020-09-02T06:38:40.586710453,19.516628,-78.28622
2020-09-02T06:38:40.648128032,19.52134,-78.27574
2020-09-02T06:38:40.650035381,19.532255,-78.286606
2020-09-02T06:38:40.691997528,19.519678,-78.302605
2020-09-02T06:38:40.727856159,19.532383,-78.28668
2020-09-02T06:38:40.729763507,19.523811,-78.30038
2020-09-02T06:38:40.769436836,19.532566,-78.364075
2020-09-02T06:38:40.771344661,19.532442,-78.286705
2020-09-02T06:38:41.083391666,19.460093,-78.69266
2020-09-02T06:38:41.085680484,19.453384,-78.69245
2020-09-02T06:38:41.214619159,19.453262,-78.67135
2020-09-02T06:38:41.216907978,19.453262,-78.671364
2020-09-02T06:38:41.234455585,19.491064,-78.71326
2020-09-02T06:38:41.298162460,19.46232,-78.68596
2020-09-02T06:38:41.310369491,19.453442,-78.69915
2020-09-02T06:38:41.383612632,19.45342,-78.69191
2020-09-02T06:38:41.387808799,19.45339,-78.671326
2020-09-02T06:38:41.397727489,19.533258,-78.7119
2020-09-02T06:38:41.403449535,19.453352,-78.6713
2020-09-02T06:38:41.411460399,19.533283,-78.7154
2020-09-02T06:38:41.417563915,19.453314,-78.67129
2020-09-02T06:38:41.427482604,19.533209,-78.71406
2020-09-02T06:38:41.439308166,19.533152,-78.71172
2020-09-02T06:38:41.441215515,19.46362,-78.685196
2020-09-02T06:38:41.463341236,19.45334,-78.67127
2020-09-02T06:38:41.491189002,19.453339,-78.67135
2020-09-02T06:38:41.506829261,19.453316,-78.6713
2020-09-02T06:38:41.578547000,19.453415,-78.67135
2020-09-02T06:38:42.222858905,18.381178,-82.9808
2020-09-02T06:38:42.246510505,18.363503,-82.96261
2020-09-02T06:38:42.270543575,18.36348,-82.96259
2020-09-02T06:38:42.272450923,18.357922,-82.97556
2020-09-02T06:38:42.274358272,18.335056,-82.96099
2020-09-02T06:38:42.308309555,18.363506,-82.96253
2020-09-02T06:38:42.310216903,18.3635,-82.96252
2020-09-02T06:38:42.328146457,18.349373,-82.975105
2020-09-02T06:38:42.336157321,18.363604,-82.96261
2020-09-02T06:38:42.339972019,18.363754,-82.98113
2020-09-02T06:38:42.355994224,18.363533,-82.96258
2020-09-02T06:38:42.365912437,18.339855,-82.96121
2020-09-02T06:38:42.395667552,18.333233,-82.96971
2020-09-02T06:38:42.397574901,18.32237,-82.96024
2020-09-02T06:38:42.399482250,18.322502,-82.96026
2020-09-02T06:38:42.401771068,18.331223,-82.96468
2020-09-02T06:38:42.403678417,18.33519,-82.96442
2020-09-02T06:38:42.405585765,18.363613,-82.96262
2020-09-02T06:38:42.592508792,18.363842,-82.99824
2020-09-02T06:38:42.630275249,18.363842,-82.99487
2020-09-02T06:38:42.669948577,18.399578,-82.99957
2020-09-02T06:38:42.676052093,18.404871,-83.00519
2020-09-02T06:38:42.677959442,18.421429,-83.03312
2020-09-02T06:38:42.679866790,18.414877,-83.041405
2020-09-02T06:38:42.739758491,18.363674,-82.99071
2020-09-02T06:38:42.741665840,18.363457,-82.96257
2020-09-02T06:38:42.749676704,18.4003,-83.03544
2020-09-02T06:38:42.751584529,18.407494,-83.005325
2020-09-02T06:38:42.753491878,18.41276,-83.0369
2020-09-02T06:38:42.755399227,18.399332,-83.03878
2020-09-02T06:38:42.757306575,18.403124,-83.003395
2020-09-02T06:38:43.089571952,18.404322,-83.04112
2020-09-02T06:38:43.091479301,18.400948,-83.03857
2020-09-02T06:38:43.093386650,18.408129,-83.034584
2020-09-02T06:38:43.095293998,18.412916,-83.03449
2020-09-02T06:38:43.097582817,18.395308,-83.03169
2020-09-02T06:38:43.208592414,18.285612,-83.113365
2020-09-02T06:38:43.043794631,19.453604,-78.74858
2020-09-02T06:38:43.053712844,19.453644,-78.74864
2020-09-02T06:38:43.073549270,19.47328,-78.74919
2020-09-02T06:38:43.117419242,19.453638,-78.74858
2020-09-02T06:38:43.192951202,19.453617,-78.74858
2020-09-02T06:38:43.194858551,19.453611,-78.74856
2020-09-02T06:38:43.204777717,19.453598,-78.74856
2020-09-02T06:38:43.226521492,19.45354,-78.74858
2020-09-02T06:38:43.272298812,19.453705,-78.74864
2020-09-02T06:38:43.274587631,19.453705,-78.74865
2020-09-02T06:38:43.288320541,19.45372,-78.74862
2020-09-02T06:38:43.367667198,19.453726,-78.748726
2020-09-02T06:38:43.405433654,19.453726,-78.74865
2020-09-02T06:38:43.433280944,18.286903,-83.2689
2020-09-02T06:38:43.435569763,18.265173,-83.29096
2020-09-02T06:38:43.437477111,18.273775,-83.284805
2020-09-02T06:38:43.453118324,18.272879,-83.282
2020-09-02T06:38:43.455407142,18.267498,-83.2869
2020-09-02T06:38:43.490883827,18.271303,-83.283966
2020-09-02T06:38:43.508813858,18.263515,-83.29114
2020-09-02T06:38:43.513010025,18.28712,-83.29126
2020-09-02T06:38:43.516824722,18.286917,-83.268845
2020-09-02T06:38:43.518732070,18.286903,-83.26884
2020-09-02T06:38:43.524835586,18.28689,-83.26887
2020-09-02T06:38:43.598460197,18.2727,-83.28603
2020-09-02T06:38:43.620203971,18.286886,-83.26888
2020-09-02T06:38:43.665981292,18.274899,-83.28561
2020-09-02T06:38:43.705655097,18.28713,-83.29263
2020-09-02T06:38:46.481271743,19.45325,-78.7475
2020-09-02T06:38:46.495004653,19.453274,-78.747444
2020-09-02T06:38:46.544596672,19.453209,-78.747444
2020-09-02T06:38:46.548792839,19.45323,-78.74741
2020-09-02T06:38:46.612499237,19.476273,-78.748146
2020-09-02T06:38:47.403678894,19.511988,-78.310074
2020-09-02T06:38:47.405586242,19.531982,-78.28524
2020-09-02T06:38:47.417412757,19.532007,-78.28515
2020-09-02T06:38:47.523080825,19.531939,-78.28521
2020-09-02T06:38:47.417794227,16.9543,-83.57735
2020-09-02T06:38:48.234533309,19.45298,-78.711334
2020-09-02T06:38:48.236822128,19.452986,-78.71229
2020-09-02T06:38:48.262380599,19.453001,-78.70829
2020-09-02T06:38:48.264287948,19.465593,-78.7076
2020-09-02T06:38:48.302054405,19.45314,-78.7197
2020-09-02T06:38:48.407723426,19.476355,-78.670815
2020-09-02T06:38:48.409630775,19.45307,-78.707886
2020-09-02T06:38:48.473337173,19.453056,-78.7182
2020-09-02T06:38:48.495080947,19.45315,-78.747536
2020-09-02T06:38:48.556879997,19.467165,-78.703316
2020-09-02T06:38:48.558787345,19.452963,-78.670166
2020-09-02T06:38:48.562602043,19.470066,-78.71394
2020-09-02T06:38:48.572520256,19.453114,-78.71274
2020-09-02T06:38:48.598461151,19.453112,-78.71045
2020-09-02T06:38:48.673993110,19.453037,-78.706
2020-09-02T06:38:48.703747749,19.453094,-78.709816
2020-09-02T06:38:50.783171653,18.290352,-83.33433
2020-09-02T06:38:51.335929870,19.45322,-78.74817
2020-09-02T06:38:51.385902404,19.45326,-78.7481
2020-09-02T06:38:51.415658950,19.453169,-78.7481
2020-09-02T06:38:51.431299209,19.453295,-78.74802
2020-09-02T06:38:51.449228286,19.453253,-78.74816
2020-09-02T06:38:52.449457168,19.507622,-78.75874
2020-09-02T06:38:51.988252639,19.53317,-78.75041
2020-09-02T06:38:51.990159988,19.533155,-78.75039
2020-09-02T06:38:51.992067337,19.538593,-78.750114
2020-09-02T06:38:51.993974685,19.539207,-78.750496
2020-09-02T06:38:52.019916534,19.533146,-78.74046
2020-09-02T06:38:52.021823883,19.533169,-78.75035
2020-09-02T06:38:52.117191314,19.533142,-78.73744
2020-09-02T06:38:52.119480133,19.536608,-78.750336
2020-09-02T06:38:52.121387481,19.533129,-78.75038
2020-09-02T06:38:52.123294830,19.5376,-78.75117
2020-09-02T06:38:52.125202178,19.773165,-78.83497
2020-09-02T06:38:52.125202178,19.539036,-78.75018
2020-09-02T06:38:52.129398345,19.533155,-78.75041
2020-09-02T06:38:52.131305694,19.533161,-78.75041
2020-09-02T06:38:52.133213043,19.53316,-78.75042
2020-09-02T06:38:52.135120391,19.533157,-78.75042
2020-09-02T06:38:52.137409210,19.533155,-78.75043
2020-09-02T06:38:52.139316558,19.533154,-78.75043
2020-09-02T06:38:52.141223907,19.533155,-78.75043
2020-09-02T06:38:52.167165756,19.53319,-78.750404
2020-09-02T06:38:52.169073104,19.533182,-78.750404
2020-09-02T06:38:52.170980453,19.533176,-78.750404
2020-09-02T06:38:52.172887802,19.533167,-78.7504
2020-09-02T06:38:52.175176620,19.533157,-78.75039
2020-09-02T06:38:52.177083969,19.533148,-78.75038
2020-09-02T06:38:52.178991317,19.533138,-78.75037
2020-09-02T06:38:52.180898666,19.533134,-78.75036
2020-09-02T06:38:52.187002182,19.533237,-78.75034
2020-09-02T06:38:52.188909530,19.533272,-78.75034
2020-09-02T06:38:52.190816879,19.533297,-78.75034
2020-09-02T06:38:52.192724227,19.533268,-78.75036
2020-09-02T06:38:52.195013046,19.53324,-78.75038
2020-09-02T06:38:52.196920394,19.53321,-78.750404
2020-09-02T06:38:52.198827743,19.533182,-78.75042
2020-09-02T06:38:52.200735092,19.533157,-78.75044
2020-09-02T06:38:52.236593246,19.533213,-78.75035
2020-09-02T06:38:52.238500595,19.533207,-78.75034
2020-09-02T06:38:52.240789413,19.533201,-78.750336
2020-09-02T06:38:52.242696762,19.533207,-78.75034
2020-09-02T06:38:52.244604110,19.533213,-78.75035
2020-09-02T06:38:52.451364517,19.533237,-78.75038
2020-09-02T06:38:52.483026504,19.52469,-78.753746
2020-09-02T06:38:52.528804779,19.533255,-78.750374
2020-09-02T06:38:52.538722991,19.533255,-78.7504
2020-09-02T06:38:52.552837371,19.537666,-78.75095
2020-09-02T06:38:52.554744720,19.4861,-78.7652
2020-09-02T06:38:52.590602874,19.5334,-78.750305
2020-09-02T06:38:52.594417572,19.533344,-78.75034
2020-09-02T06:38:52.596324920,19.53791,-78.75074
2020-09-02T06:38:52.598613739,19.533287,-78.75038
2020-09-02T06:38:52.600521087,19.533258,-78.750404
2020-09-02T06:38:52.606243133,19.533316,-78.7504
2020-09-02T06:38:52.610439300,19.533356,-78.75038
2020-09-02T06:38:54.755477905,19.464516,-78.274605
2020-09-02T06:38:54.799346923,19.452639,-78.28366
2020-09-02T06:38:54.801254272,19.45264,-78.28367
2020-09-02T06:38:54.817276000,19.45267,-78.28365
2020-09-02T06:38:54.819183349,19.463411,-78.2932
2020-09-02T06:38:54.876787185,19.452621,-78.2836
2020-09-02T06:38:54.916460037,19.452518,-78.28358
2020-09-02T06:38:54.918367385,19.476067,-78.28055
2020-09-02T06:38:54.920656204,19.469553,-78.27926
2020-09-02T06:38:54.948503494,19.467247,-78.281075
2020-09-02T06:38:54.954225540,19.476305,-78.28423
2020-09-02T06:38:54.956514358,19.4823,-78.2844
2020-09-02T06:38:54.958421707,19.473288,-78.28419
2020-09-02T06:38:55.001911163,19.474134,-78.282135
2020-09-02T06:38:55.004199981,19.473606,-78.281204
2020-09-02T06:38:55.006107330,19.452524,-78.28356
2020-09-02T06:38:55.016025543,19.478813,-78.28136
2020-09-02T06:38:55.017932891,19.452515,-78.28355
2020-09-02T06:38:55.055698394,19.473293,-78.27823
2020-09-02T06:38:55.073627471,19.532347,-78.2856
2020-09-02T06:38:55.075534820,19.496777,-78.28469
2020-09-02T06:38:55.077442169,19.47447,-78.27812
2020-09-02T06:38:55.079730987,19.45257,-78.28356
2020-09-02T06:38:55.135427474,19.459352,-78.27972
2020-09-02T06:38:55.137334823,19.452559,-78.28363
2020-09-02T06:38:55.152975082,19.456022,-78.27803
2020-09-02T06:38:55.155263900,19.461615,-78.27817
2020-09-02T06:38:55.186925888,19.452463,-78.28354
2020-09-02T06:38:55.188833236,19.452473,-78.28354
2020-09-02T06:38:55.190740585,19.45898,-78.28197
2020-09-02T06:38:55.193029403,19.452494,-78.28353
2020-09-02T06:38:55.194936752,19.45145,-78.274895
2020-09-02T06:38:55.206762313,19.45249,-78.28358
2020-09-02T06:38:55.214773178,19.46774,-78.28402
2020-09-02T06:38:55.244529724,19.47998,-78.2997
2020-09-02T06:38:55.336082458,19.482275,-78.28278
2020-09-02T06:38:55.337989807,19.45247,-78.283554
2020-09-02T06:38:55.437555313,19.452463,-78.28361
2020-09-02T06:38:55.457391738,19.466139,-78.28138
2020-09-02T06:38:56.624326705,19.532776,-78.67301
2020-09-02T06:38:56.630430221,19.532732,-78.67299
2020-09-02T06:38:56.634244918,19.532743,-78.67298
2020-09-02T06:38:56.665906906,19.532757,-78.6617
2020-09-02T06:38:56.696043014,19.532763,-78.67303
2020-09-02T06:38:56.697950363,19.532768,-78.67303
2020-09-02T06:38:56.816970825,19.532814,-78.728355
2020-09-02T06:38:56.819259643,19.53281,-78.72729
2020-09-02T06:38:56.821166992,19.539352,-78.72973
2020-09-02T06:38:56.823074340,19.547916,-78.725136
2020-09-02T06:38:56.824981689,19.536974,-78.701355
2020-09-02T06:38:56.868852615,19.532732,-78.67307
2020-09-02T06:38:56.870759963,19.53277,-78.69289
2020-09-02T06:38:56.922639846,19.532797,-78.67308
2020-09-02T06:38:56.924547195,19.532808,-78.67307
2020-09-02T06:38:56.928361892,19.532831,-78.673065
2020-09-02T06:38:57.041660308,19.524189,-78.66124
2020-09-02T06:38:57.043949127,19.541353,-78.704285
2020-09-02T06:38:57.043567657,19.77296,-78.835045
2020-09-02T06:38:57.045856475,19.538914,-78.725334
2020-09-02T06:38:57.047763824,19.535456,-78.72779
2020-09-02T06:38:57.049671173,19.546785,-78.72316
2020-09-02T06:38:57.051578521,19.523129,-78.71064
2020-09-02T06:38:57.083621978,19.532656,-78.6731
2020-09-02T06:38:57.117193222,19.532793,-78.685295
2020-09-02T06:38:57.119482040,19.532885,-78.71865
2020-09-02T06:38:57.165258407,19.453108,-78.74825
2020-09-02T06:38:57.182806015,19.453165,-78.74821
2020-09-02T06:38:57.196920394,19.45312,-78.74826
2020-09-02T06:38:57.198827743,19.470512,-78.74879
2020-09-02T06:38:57.200735092,19.45309,-78.74831
2020-09-02T06:38:57.234687805,19.473827,-78.74881
2020-09-02T06:38:57.264442443,19.45304,-78.74826
2020-09-02T06:38:57.284278869,19.453075,-78.748314
2020-09-02T06:38:57.331962585,19.47479,-78.748886
2020-09-02T06:38:57.336158752,19.453074,-78.74826
2020-09-02T06:38:55.880830764,18.286596,-83.268074
2020-09-02T06:38:55.942247390,18.355011,-83.21369
2020-09-02T06:38:55.984210968,18.367197,-83.19594
2020-09-02T06:38:56.123449325,18.452892,-82.9866
2020-09-02T06:38:56.149007797,18.44222,-82.96625
2020-09-02T06:38:56.165029525,18.43857,-82.98296
2020-09-02T06:38:56.176855087,18.442146,-82.966225
2020-09-02T06:38:56.184865951,18.440872,-82.98823
2020-09-02T06:38:56.190969467,18.442152,-82.96628
2020-09-02T06:38:56.250480651,18.444187,-82.97537
2020-09-02T06:38:56.252388000,18.430294,-82.96809
2020-09-02T06:38:56.359964370,18.4165,-82.95042
2020-09-02T06:38:56.381708145,18.38654,-83.18188
2020-09-02T06:38:56.383615493,18.285105,-83.2975
2020-09-02T06:38:56.417566299,18.41471,-82.93129
2020-09-02T06:38:56.419473648,18.362692,-82.92133
2020-09-02T06:38:56.471353530,18.396069,-82.91202
2020-09-02T06:38:56.473262786,18.414711,-82.92474
2020-09-02T06:38:56.532772064,18.352924,-83.23155
2020-09-02T06:38:56.534679412,18.324526,-83.28045
2020-09-02T06:38:56.604490280,18.375877,-82.88612
2020-09-02T06:38:56.606397628,18.403473,-82.872505
2020-09-02T06:38:56.665906906,18.361841,-82.806526
2020-09-02T06:38:56.691846847,18.282787,-82.80214
2020-09-02T06:38:56.705961227,18.340002,-83.19799
2020-09-02T06:38:56.707868576,18.330494,-83.22718
2020-09-02T06:38:56.729614257,18.363077,-82.831345
2020-09-02T06:38:56.749450683,18.400917,-82.89813
2020-09-02T06:38:56.751358032,18.400793,-82.88978
2020-09-02T06:38:56.900514602,18.347744,-82.79739
2020-09-02T06:38:56.956209182,18.282776,-82.802216
2020-09-02T06:38:56.956209182,18.440882,-82.81108
2020-09-02T06:38:56.960405349,18.402163,-82.89172
2020-09-02T06:38:56.962312698,18.41825,-82.86886
2020-09-02T06:38:57.001987457,18.44088,-82.81101
2020-09-02T06:38:57.053867340,18.381578,-82.80377
2020-09-02T06:38:57.055774688,18.407124,-82.88745
2020-09-02T06:38:57.057682037,18.409943,-82.87664
2020-09-02T06:38:57.059589385,18.410025,-82.86312
2020-09-02T06:38:57.139318466,18.361794,-82.80668
2020-09-02T06:38:57.151144027,18.442087,-82.96652
2020-09-02T06:38:57.153051376,18.371845,-82.85111
2020-09-02T06:38:57.154958724,18.386528,-82.84111
2020-09-02T06:38:57.157247543,18.388828,-82.84547
2020-09-02T06:38:57.278556823,18.42377,-82.78004
2020-09-02T06:38:57.322044372,18.372456,-82.76599
2020-09-02T06:38:57.431528091,18.405617,-82.92008
2020-09-02T06:38:57.433435440,18.41597,-82.836044
2020-09-02T06:38:57.435342788,18.415665,-82.844696
2020-09-02T06:38:57.437250137,18.415682,-82.85369
2020-09-02T06:38:57.538722991,18.497692,-82.73496
2020-09-02T06:38:57.568477630,18.519348,-82.73792
2020-09-02T06:38:58.586637496,19.452095,-78.36168
2020-09-02T06:38:58.588544845,19.452124,-78.36169
2020-09-02T06:38:58.592359542,19.452139,-78.36169
2020-09-02T06:38:58.662168502,19.465698,-78.362
2020-09-02T06:38:58.664075851,19.469475,-78.36211
2020-09-02T06:38:58.667890548,19.452034,-78.36168
2020-09-02T06:38:58.675901412,19.452065,-78.36169
2020-09-02T06:38:58.731597900,19.452053,-78.36164
2020-09-02T06:38:58.733505249,19.452047,-78.36165
2020-09-02T06:38:58.735794067,19.452042,-78.361664
2020-09-02T06:38:58.737701416,19.452034,-78.36167
2020-09-02T06:38:58.749526977,19.472034,-78.3623
2020-09-02T06:38:59.864958287,19.412764,-79.52701
2020-09-02T06:38:59.866865635,19.432049,-79.521736
2020-09-02T06:38:59.868772984,19.45502,-79.52252
2020-09-02T06:38:59.870680333,19.455015,-79.52251
2020-09-02T06:38:59.872969151,19.37525,-79.519775
2020-09-02T06:38:59.878691674,19.418045,-79.521324
2020-09-02T06:38:59.888609887,19.40826,-79.52096
2020-09-02T06:38:59.894713402,19.398844,-79.520615
2020-09-02T06:38:59.932479382,19.375242,-79.5199
2020-09-02T06:38:59.946212769,19.45502,-79.522545
2020-09-02T06:38:59.993896962,19.454979,-79.52252
2020-09-02T06:38:59.996185780,19.454983,-79.52253
2020-09-02T06:38:59.998093606,19.454987,-79.52254
2020-09-02T06:39:00.000000953,19.45499,-79.52254
2020-09-02T06:39:00.001908302,19.448936,-79.51963
2020-09-02T06:39:00.004197120,19.449873,-79.52042
2020-09-02T06:39:00.006104469,19.451065,-79.52068
2020-09-02T06:39:00.008011817,19.453112,-79.521774
2020-09-02T06:39:00.009919166,19.451872,-79.521774
2020-09-02T06:39:00.011826515,19.449966,-79.522835
2020-09-02T06:39:00.014115333,19.450129,-79.52176
2020-09-02T06:39:00.016022682,19.449173,-79.52209
2020-09-02T06:39:00.017930030,19.448362,-79.522224
2020-09-02T06:39:00.019837379,19.447535,-79.51937
2020-09-02T06:39:00.021744728,19.446745,-79.51923
2020-09-02T06:39:00.024033546,19.445955,-79.522224
2020-09-02T06:39:00.025940895,19.445995,-79.522224
2020-09-02T06:39:00.027848243,19.455019,-79.52254
2020-09-02T06:39:00.029756069,19.455029,-79.52253
2020-09-02T06:39:00.032044887,19.455027,-79.52253
2020-09-02T06:39:00.170901775,19.454983,-79.52248
2020-09-02T06:39:00.196842193,19.485308,-79.52346
2020-09-02T06:39:00.220875263,19.48266,-79.52345
2020-09-02T06:39:00.835051059,18.730326,-82.34081
2020-09-02T06:39:00.869002342,18.707136,-82.3593
2020-09-02T06:39:00.884642601,18.674774,-82.357574
2020-09-02T06:39:00.890746116,18.674713,-82.357574
2020-09-02T06:39:00.894561290,18.701805,-82.35904
2020-09-02T06:39:00.934616088,18.67494,-82.38095
2020-09-02T06:39:00.958267688,18.67474,-82.35757
2020-09-02T06:39:00.980011463,18.674679,-82.357544
2020-09-02T06:39:00.999848365,18.674742,-82.35749
2020-09-02T06:39:01.057832717,18.720762,-82.34234
2020-09-02T06:39:01.071565628,18.714165,-82.333916
2020-09-02T06:39:01.073472976,18.711895,-82.33139
2020-09-02T06:39:01.174945831,18.71086,-82.327385
2020-09-02T06:39:01.176853179,18.722805,-82.3283
2020-09-02T06:39:01.179141998,18.712978,-82.321815
2020-09-02T06:39:01.181049346,18.674736,-82.35747
2020-09-02T06:39:01.250477790,18.700684,-82.35798
2020-09-02T06:39:01.260396003,18.714367,-82.35967
2020-09-02T06:39:01.262303352,18.680294,-82.36665
2020-09-02T06:39:01.264592170,18.676937,-82.3732
2020-09-02T06:39:01.266499996,18.695305,-82.36094
2020-09-02T06:39:01.270314693,18.674835,-82.35745
2020-09-02T06:39:01.272222042,18.693249,-82.36189
2020-09-02T06:39:01.286336421,18.674711,-82.35748
2020-09-02T06:39:01.381705284,18.708456,-82.3411
2020-09-02T06:39:01.391623973,18.721052,-82.325294
2020-09-02T06:39:01.393531322,18.753794,-82.32521
2020-09-02T06:39:01.395820140,18.714706,-82.318146
2020-09-02T06:39:01.399634838,18.72206,-82.3393
2020-09-02T06:39:01.407645702,18.71592,-82.322556
2020-09-02T06:39:01.527047634,18.734,-82.329636
2020-09-02T06:39:01.554895401,18.734707,-82.30893
2020-09-02T06:39:00.856794834,19.452726,-78.74799
2020-09-02T06:39:00.859083652,19.45273,-78.74799
2020-09-02T06:39:00.900664806,19.452808,-78.74794
2020-09-02T06:39:00.902572154,19.452806,-78.74794
2020-09-02T06:39:00.938430786,19.452757,-78.74788
2020-09-02T06:39:00.976196765,19.452713,-78.74792
2020-09-02T06:39:00.982300281,19.464855,-78.74826
2020-09-02T06:39:00.984207630,19.452711,-78.7479
2020-09-02T06:39:01.013962745,19.452782,-78.7479
2020-09-02T06:39:01.015870094,19.452772,-78.7479
2020-09-02T06:39:01.039903163,19.452702,-78.74789
2020-09-02T06:39:01.041810512,19.452703,-78.74789
2020-09-02T06:39:01.061647415,19.452734,-78.74787
2020-09-02T06:39:01.063554763,19.46153,-78.75845
2020-09-02T06:39:01.079576492,19.46244,-78.748085
2020-09-02T06:39:01.105516910,19.452742,-78.74787
2020-09-02T06:39:01.107424259,19.452736,-78.74787
2020-09-02T06:39:01.109331607,19.45273,-78.74787
2020-09-02T06:39:01.147098064,19.452715,-78.747795
2020-09-02T06:39:01.149005413,19.452715,-78.74778
2020-09-02T06:39:01.204700946,19.454908,-78.74906
2020-09-02T06:39:01.206989765,19.45274,-78.74783
2020-09-02T06:39:01.208897113,19.452728,-78.747856
2020-09-02T06:39:01.212711811,19.452717,-78.74788
2020-09-02T06:39:01.236744880,19.452696,-78.74784
2020-09-02T06:39:01.282521724,19.452742,-78.74785
2020-09-02T06:39:01.286336421,19.4527,-78.74785
2020-09-02T06:39:01.314184188,19.452776,-78.74785
2020-09-02T06:39:01.316091537,19.45532,-78.74948
2020-09-02T06:39:01.342031955,19.452711,-78.74777
2020-09-02T06:39:01.343939304,19.442108,-78.747475
2020-09-02T06:39:01.345846652,19.452728,-78.74778
2020-09-02T06:39:01.351950168,19.452736,-78.7478
2020-09-02T06:39:01.358053684,19.452684,-78.74783
2020-09-02T06:39:01.359961509,19.452702,-78.761826
2020-09-02T06:39:01.361868858,19.448938,-78.75884
2020-09-02T06:39:01.363776206,19.442705,-78.74756
2020-09-02T06:39:01.373694419,19.452806,-78.79447
2020-09-02T06:39:01.375983238,19.45267,-78.747826
2020-09-02T06:39:01.491189002,19.440971,-78.74602
2020-09-02T06:39:01.493096351,19.452711,-78.74771
2020-09-02T06:39:01.602579593,19.452715,-78.747696
2020-09-02T06:39:01.604486942,19.442009,-78.75625
2020-09-02T06:39:01.662089824,19.452648,-78.747795
2020-09-02T06:39:02.572672367,18.440702,-82.88811
2020-09-02T06:39:02.624171257,18.440767,-82.88806
2020-09-02T06:39:02.692074298,18.440836,-82.88813
2020-09-02T06:39:02.715725421,18.424675,-82.88721
2020-09-02T06:39:02.717632770,18.428375,-82.878494
2020-09-02T06:39:02.797361373,18.440878,-82.88811
2020-09-02T06:39:02.799268722,18.440887,-82.88811
2020-09-02T06:39:02.892730236,18.413395,-82.889175
2020-09-02T06:39:02.894637584,18.404524,-82.88507
2020-09-02T06:39:02.930496215,18.428259,-82.87935
2020-09-02T06:39:02.900741100,19.53215,-78.67246
2020-09-02T06:39:02.958343982,19.50889,-78.67186
2020-09-02T06:39:02.999925136,19.486864,-78.6836
2020-09-02T06:39:03.004120826,19.503098,-78.6717
2020-09-02T06:39:03.031969070,19.486567,-78.68877
2020-09-02T06:39:03.069734573,19.493414,-78.69083
2020-09-02T06:39:03.095675468,19.490267,-78.688835
2020-09-02T06:39:03.097582817,19.452362,-78.67019
2020-09-02T06:39:03.099490165,19.477188,-78.67992
2020-09-02T06:39:03.101397514,19.492374,-78.68343
2020-09-02T06:39:03.105593681,19.452393,-78.670166
2020-09-02T06:39:03.113223075,19.487358,-78.67118
2020-09-02T06:39:03.115511894,19.485254,-78.67112
2020-09-02T06:39:03.117419242,19.478695,-78.67777
2020-09-02T06:39:03.119326591,19.481436,-78.671
2020-09-02T06:39:03.224614143,19.484394,-78.68744
2020-09-02T06:39:03.270391464,19.488218,-78.685394
2020-09-02T06:39:03.272298812,19.45245,-78.67025
2020-09-02T06:39:03.278402328,19.532217,-78.67251
2020-09-02T06:39:03.282217025,19.470676,-78.6752
2020-09-02T06:39:03.332190513,19.487612,-78.682
2020-09-02T06:39:03.334097862,19.49393,-78.671455
2020-09-02T06:39:03.413444519,19.483019,-78.68054
2020-09-02T06:39:05.884643554,19.50485,-78.74967
2020-09-02T06:39:05.962464332,19.502905,-78.74964
2020-09-02T06:39:06.244756698,18.287128,-83.33584
2020-09-02T06:39:07.562754631,19.453667,-78.74834
2020-09-02T06:39:07.594417572,19.45365,-78.74835
2020-09-02T06:39:07.652019500,19.453722,-78.74838
2020-09-02T06:39:07.677960395,19.453764,-78.74836
2020-09-02T06:39:07.697796821,19.453747,-78.74831
2020-09-02T06:39:07.747770309,19.453773,-78.74835
2020-09-02T06:39:07.793166160,19.453747,-78.74833
2020-09-02T06:39:07.795454978,19.453735,-78.74832
2020-09-02T06:39:07.846954345,19.453724,-78.748375
2020-09-02T06:39:07.868698120,19.453764,-78.748375
2020-09-02T06:39:07.886627197,19.453773,-78.74843
2020-09-02T06:39:07.936600685,19.453756,-78.74837
2020-09-02T06:39:10.218587875,19.45353,-78.67045
2020-09-02T06:39:10.367744445,19.459509,-78.68899
2020-09-02T06:39:10.373847961,19.453663,-78.687775
2020-09-02T06:39:10.397881507,19.453665,-78.68403
2020-09-02T06:39:10.399788856,19.453693,-78.69702
2020-09-02T06:39:10.401696205,19.45363,-78.67044
2020-09-02T06:39:10.403603553,19.453663,-78.684044
2020-09-02T06:39:10.445566177,19.453676,-78.70027
2020-09-02T06:39:10.447473526,19.453602,-78.67038
2020-09-02T06:39:10.451288223,19.453655,-78.69507
2020-09-02T06:39:10.479135513,19.453653,-78.69228
2020-09-02T06:39:10.534831047,19.453733,-78.69269
2020-09-02T06:39:10.566875457,19.453575,-78.67045
2020-09-02T06:39:11.073474884,18.497398,-82.872375
2020-09-02T06:39:11.087589263,18.442095,-82.88849
2020-09-02T06:39:11.105518341,18.442093,-82.88846
2020-09-02T06:39:10.717939376,18.28512,-83.034805
2020-09-02T06:39:10.719846725,18.285307,-83.060875
2020-09-02T06:39:10.725568771,18.294676,-83.066414
2020-09-02T06:39:10.825134277,18.285097,-83.03476
2020-09-02T06:39:10.827041625,18.280504,-83.04934
2020-09-02T06:39:10.828948974,18.29015,-83.05395
2020-09-02T06:39:10.831237792,18.28522,-83.04524
2020-09-02T06:39:10.833145141,18.285135,-83.03477
2020-09-02T06:39:10.835052490,18.285133,-83.034744
2020-09-02T06:39:10.843063354,18.285128,-83.034706
2020-09-02T06:39:10.844970703,18.285128,-83.03473
2020-09-02T06:39:10.846878051,18.285128,-83.03475
2020-09-02T06:39:10.862899780,18.285177,-83.03477
2020-09-02T06:39:10.864807128,18.285173,-83.03478
2020-09-02T06:39:10.866714477,18.28517,-83.0348
2020-09-02T06:39:10.869003295,18.285164,-83.03481
2020-09-02T06:39:10.898758888,18.285133,-83.02343
2020-09-02T06:39:10.900666236,18.281256,-83.03451
2020-09-02T06:39:10.902573585,18.285221,-83.0348
2020-09-02T06:39:10.908677101,18.285206,-83.03481
2020-09-02T06:39:10.918595314,18.28513,-83.03478
2020-09-02T06:39:10.920502662,18.284975,-83.016754
2020-09-02T06:39:10.922410011,18.28512,-83.03479
2020-09-02T06:39:10.924698829,18.284903,-83.00478
2020-09-02T06:39:11.105518341,18.285252,-83.04892
2020-09-02T06:39:11.107425689,18.281803,-83.02746
2020-09-02T06:39:11.109333038,18.285036,-83.018425
2020-09-02T06:39:11.111240386,18.285248,-83.04498
2020-09-02T06:39:11.113529205,18.288769,-83.04056
2020-09-02T06:39:11.115436553,18.290981,-83.05057
2020-09-02T06:39:11.121158599,18.28523,-83.03483
2020-09-02T06:39:11.123447418,18.285221,-83.03483
2020-09-02T06:39:11.135272979,18.27551,-83.01514
2020-09-02T06:39:11.137180328,18.285208,-83.03483
2020-09-02T06:39:11.141376495,18.262672,-82.99476
2020-09-02T06:39:11.143283843,18.265789,-83.0031
2020-09-02T06:39:11.145191192,18.285055,-83.01298
2020-09-02T06:39:11.147098541,18.285221,-83.03488
2020-09-02T06:39:11.155111312,18.256773,-82.98921
2020-09-02T06:39:11.206991195,18.290983,-83.04007
2020-09-02T06:39:11.208898544,18.293474,-83.04062
2020-09-02T06:39:11.210805892,18.285212,-83.034904
2020-09-02T06:39:11.300071716,18.296263,-83.04002
2020-09-02T06:39:11.302360534,18.2852,-83.03494
2020-09-02T06:39:12.596324920,19.453934,-78.74813
2020-09-02T06:39:12.598613739,19.45392,-78.74812
2020-09-02T06:39:12.630275726,19.453993,-78.748085
2020-09-02T06:39:12.652021408,19.45398,-78.7482
2020-09-02T06:39:12.669950485,19.454018,-78.76435
2020-09-02T06:39:12.676054000,19.453964,-78.74816
2020-09-02T06:39:12.684064865,19.45398,-78.74815
2020-09-02T06:39:12.707715988,19.454004,-78.74809
2020-09-02T06:39:12.725645065,19.453997,-78.74809
2020-09-02T06:39:12.757688522,19.454014,-78.748146
2020-09-02T06:39:12.848861694,19.378332,-82.60703
2020-09-02T06:39:12.888536453,19.404581,-82.611435
2020-09-02T06:39:12.894639968,19.398624,-82.60887
2020-09-02T06:39:13.089572906,19.356728,-82.594185
2020-09-02T06:39:13.091480255,19.394815,-82.59609
2020-09-02T06:39:13.093387603,19.403679,-82.58481
2020-09-02T06:39:13.119327545,19.40803,-82.591644
2020-09-02T06:39:13.123142242,19.436838,-82.59139
2020-09-02T06:39:13.222707748,19.368385,-82.59611
2020-09-02T06:39:13.224615097,19.39261,-82.58136
2020-09-02T06:39:13.303962707,19.350695,-82.59406
2020-09-02T06:39:13.308158874,19.313997,-82.627045
2020-09-02T06:39:15.099567413,18.271616,-83.28905
2020-09-02T06:39:15.168996810,18.287306,-83.26848
2020-09-02T06:39:15.210958480,18.287296,-83.26847
2020-09-02T06:39:15.230794906,18.287323,-83.26848
2020-09-02T06:39:15.803009033,19.13353,-82.81904
2020-09-02T06:39:15.805297851,19.156343,-82.82747
2020-09-02T06:39:15.864809036,19.134338,-82.82634
2020-09-02T06:39:15.866716384,19.139954,-82.82771
2020-09-02T06:39:16.081485748,19.156355,-82.82716
2020-09-02T06:39:16.107427597,19.49563,-78.74926
2020-09-02T06:39:16.111242294,19.454355,-78.74806
2020-09-02T06:39:16.113531112,19.49364,-78.74921
2020-09-02T06:39:16.119253158,19.454325,-78.748085
2020-09-02T06:39:16.121541976,19.454319,-78.748085
2020-09-02T06:39:16.206991195,19.496758,-78.74933
2020-09-02T06:39:16.208898544,19.454268,-78.748085
2020-09-02T06:39:16.222631454,19.534128,-78.75045
2020-09-02T06:39:16.224920272,19.491472,-78.75188
2020-09-02T06:39:16.242469787,19.534107,-78.75041
2020-09-02T06:39:16.322196960,19.482885,-78.75498
2020-09-02T06:39:16.395822525,19.503212,-78.74951
2020-09-02T06:39:16.457239151,19.454473,-78.747986
2020-09-02T06:39:16.489284515,19.453455,-78.28392
2020-09-02T06:39:16.491191864,19.470928,-78.284355
2020-09-02T06:39:16.493099212,19.470781,-78.28004
2020-09-02T06:39:16.495006561,19.473316,-78.28441
2020-09-02T06:39:16.499202728,19.45344,-78.28389
2020-09-02T06:39:16.501110076,19.45344,-78.28388
2020-09-02T06:39:16.503017425,19.453453,-78.28388
2020-09-02T06:39:16.504924774,19.47328,-78.28259
2020-09-02T06:39:16.511028289,19.490932,-78.284836
2020-09-02T06:39:16.566722869,19.533258,-78.285965
2020-09-02T06:39:16.568630218,19.491497,-78.28489
2020-09-02T06:39:16.618223190,19.513493,-78.28548
2020-09-02T06:39:16.620512008,19.4887,-78.2815
2020-09-02T06:39:16.622419357,19.485346,-78.283714
2020-09-02T06:39:16.624326705,19.453459,-78.28396
2020-09-02T06:39:16.652173995,19.533297,-78.28594
2020-09-02T06:39:16.658277511,19.486807,-78.28472
2020-09-02T06:39:16.681928634,19.453432,-78.28395
2020-09-02T06:39:16.689939498,19.495264,-78.28497
2020-09-02T06:39:16.691846847,19.487453,-78.28477
2020-09-02T06:39:16.699857711,19.453506,-78.28388
2020-09-02T06:39:16.701765060,19.4535,-78.28388
2020-09-02T06:39:16.704053878,19.453491,-78.2839
2020-09-02T06:39:16.747543334,19.47521,-78.2841
2020-09-02T06:39:16.771575927,19.494307,-78.28157
2020-09-02T06:39:16.773483276,19.50713,-78.28525
2020-09-02T06:39:16.777297973,19.495775,-78.285
2020-09-02T06:39:16.791412353,19.495512,-78.28332
2020-09-02T06:39:16.793319702,19.453484,-78.28385
2020-09-02T06:39:16.807434082,19.533257,-78.28588
2020-09-02T06:39:16.809341430,19.496048,-78.28206
2020-09-02T06:39:16.811248779,19.53326,-78.28587
2020-09-02T06:39:16.817352294,19.533306,-78.28593
2020-09-02T06:39:16.819259643,19.49229,-78.2846
2020-09-02T06:39:16.860841751,19.453495,-78.28381
2020-09-02T06:39:16.964220046,19.519394,-78.31265
2020-09-02T06:39:16.799423217,19.454336,-78.70465
2020-09-02T06:39:16.839096069,19.472925,-78.70297
2020-09-02T06:39:16.842910766,19.47769,-78.70362
2020-09-02T06:39:16.855119705,19.486261,-78.70557
2020-09-02T06:39:16.862749099,19.475119,-78.69977
2020-09-02T06:39:16.993976593,19.477526,-78.68642
2020-09-02T06:39:17.008090972,19.475855,-78.702644
2020-09-02T06:39:17.021823883,19.491077,-78.71352
2020-09-02T06:39:17.043949127,19.48657,-78.70298
2020-09-02T06:39:17.045856475,19.454424,-78.67058
2020-09-02T06:39:17.055774688,19.500956,-78.7062
2020-09-02T06:39:17.057682037,19.459091,-78.688156
2020-09-02T06:39:17.083621978,19.496834,-78.70487
2020-09-02T06:39:17.133214950,19.494396,-78.71025
2020-09-02T06:39:18.306251525,19.45476,-78.76463
2020-09-02T06:39:18.324180603,19.454731,-78.747894
2020-09-02T06:39:18.445489883,19.454752,-78.74791
2020-09-02T06:39:18.483257293,19.454762,-78.7479
2020-09-02T06:39:18.501186370,19.45471,-78.74783
2020-09-02T06:39:18.509197235,19.454739,-78.74791
2020-09-02T06:39:18.529033660,19.454771,-78.747955
2020-09-02T06:39:19.256507873,19.453876,-78.361275
2020-09-02T06:39:19.262611389,19.453854,-78.36126
2020-09-02T06:39:19.298469543,19.472528,-78.36173
2020-09-02T06:39:19.318305969,19.453875,-78.36131
2020-09-02T06:39:19.320215225,19.474121,-78.36184
2020-09-02T06:39:19.326318740,19.4757,-78.3619
2020-09-02T06:39:19.333948135,19.466541,-78.36166
2020-09-02T06:39:19.447246551,19.473171,-78.35866
2020-09-02T06:39:19.449535369,19.488312,-78.362175
2020-09-02T06:39:19.266423226,18.443033,-82.88865
2020-09-02T06:39:19.268330575,18.443043,-82.88863
2020-09-02T06:39:19.270619393,18.443054,-82.888626
2020-09-02T06:39:19.272526742,18.443062,-82.888626
2020-09-02T06:39:19.359884739,18.443209,-82.90205
2020-09-02T06:39:19.419394970,18.443169,-82.90537
2020-09-02T06:39:19.421683789,18.44304,-82.88873
2020-09-02T06:39:19.425498486,18.443043,-82.88872
2020-09-02T06:39:19.574655533,18.443218,-82.90306
2020-09-02T06:39:19.578470231,18.443117,-82.88876
2020-09-02T06:39:19.580759049,18.44312,-82.88875
2020-09-02T06:39:19.596399785,18.443071,-82.88874
2020-09-02T06:39:19.644083977,18.443146,-82.88876
2020-09-02T06:39:20.085451126,19.454744,-78.748276
2020-09-02T06:39:20.139239311,19.4548,-78.74828
2020-09-02T06:39:20.230793476,19.454771,-78.74825
2020-09-02T06:39:20.236515522,19.454762,-78.74824
2020-09-02T06:39:20.272374153,19.467464,-78.748634
2020-09-02T06:39:20.286489009,19.454737,-78.7483
2020-09-02T06:39:20.308233261,19.454676,-78.7483
2020-09-02T06:39:20.326162338,19.45466,-78.74832
2020-09-02T06:39:20.344091892,19.45469,-78.748344
2020-09-02T06:39:20.370032310,19.454702,-78.748276
2020-09-02T06:39:20.447471618,19.454731,-78.74835
2020-09-02T06:39:20.477226734,19.454735,-78.74833
2020-09-02T06:39:20.524911403,19.454714,-78.748344
2020-09-02T06:39:20.632487297,19.454744,-78.74833
2020-09-02T06:39:20.634394645,19.45474,-78.74832
2020-09-02T06:39:20.659953594,19.454721,-78.74834
2020-09-02T06:39:20.672160625,19.454779,-78.74829
2020-09-02T06:39:20.708019256,19.454782,-78.74829
2020-09-02T06:39:20.709927082,19.454786,-78.7483
2020-09-02T06:39:20.729763507,19.427967,-78.747574
2020-09-02T06:39:20.836958408,19.417233,-78.74735
2020-09-02T06:39:22.016099452,19.5334,-78.28648
2020-09-02T06:39:22.059587478,19.53335,-78.28645
2020-09-02T06:39:22.083620548,19.5334,-78.286514
2020-09-02T06:39:22.103457450,19.53336,-78.28656
2020-09-02T06:39:22.121386528,19.533424,-78.286514
2020-09-02T06:39:22.210651874,19.53339,-78.286514
2020-09-02T06:39:22.282369136,19.533373,-78.299
2020-09-02T06:39:22.284276485,19.533342,-78.2865
2020-09-02T06:39:22.286565303,19.533335,-78.286476
2020-09-02T06:39:22.312124252,19.533386,-78.28645
2020-09-02T06:39:22.349890708,19.533403,-78.3018
2020-09-02T06:39:22.966354846,18.755493,-82.333595
2020-09-02T06:39:22.998017311,18.75571,-82.36263
2020-09-02T06:39:23.009842872,18.720367,-82.34758
2020-09-02T06:39:23.039979934,18.712109,-82.342224
2020-09-02T06:39:23.041887283,18.71018,-82.33739
2020-09-02T06:39:23.043794631,18.704422,-82.33431
2020-09-02T06:39:23.093386650,18.755648,-82.36268
2020-09-02T06:39:23.119326591,18.7557,-82.362686
2020-09-02T06:39:23.135348320,18.755508,-82.33499
2020-09-02T06:39:23.165103912,18.755701,-82.3627
2020-09-02T06:39:23.167011260,18.755722,-82.362724
2020-09-02T06:39:23.280309677,18.708853,-82.34029
2020-09-02T06:39:23.288320541,18.75552,-82.362465
2020-09-02T06:39:26.190968513,19.492973,-78.74949
2020-09-02T06:39:26.215001106,19.453573,-78.74828
2020-09-02T06:39:26.262685775,19.464382,-78.713524
2020-09-02T06:39:26.264593124,19.465002,-78.71263
2020-09-02T06:39:26.266500473,19.453548,-78.67086
2020-09-02T06:39:26.272603988,19.453587,-78.670906
2020-09-02T06:39:26.280233383,19.453508,-78.67096
2020-09-02T06:39:26.282522201,19.453548,-78.69405
2020-09-02T06:39:26.308081626,19.453465,-78.67092
2020-09-02T06:39:26.324103355,19.494791,-78.74944
2020-09-02T06:39:26.381706237,19.495289,-78.74945
2020-09-02T06:39:26.385902404,19.497654,-78.74955
2020-09-02T06:39:26.447319984,19.453485,-78.670906
2020-09-02T06:39:26.489282608,19.470882,-78.684235
2020-09-02T06:39:26.491189956,19.45355,-78.691284
2020-09-02T06:39:26.520944595,19.453495,-78.67097
2020-09-02T06:39:26.522851943,19.453476,-78.670944
2020-09-02T06:39:26.584650993,19.453451,-78.69357
2020-09-02T06:39:26.642253875,19.453533,-78.69954
2020-09-02T06:39:26.646068572,19.453444,-78.67087
2020-09-02T06:39:26.672009468,19.453495,-78.67089
2020-09-02T06:39:26.694134712,19.453478,-78.67085
2020-09-02T06:39:27.244604110,19.453663,-78.74817
2020-09-02T06:39:27.246511459,19.45366,-78.74818
2020-09-02T06:39:27.248418807,19.462755,-78.75735
2020-09-02T06:39:27.278554916,19.453592,-78.74814
2020-09-02T06:39:27.322043418,19.453564,-78.74816
2020-09-02T06:39:27.324332237,19.453573,-78.74816
2020-09-02T06:39:27.379646301,19.453579,-78.748085
2020-09-02T06:39:27.381935119,19.463478,-78.75766
2020-09-02T06:39:27.409783363,19.453583,-78.74814
2020-09-02T06:39:27.439538002,19.453539,-78.748184
2020-09-02T06:39:27.443352699,19.32239,-78.320595
2020-09-02T06:39:27.445260047,19.469988,-78.33192
2020-09-02T06:39:27.500955581,19.353018,-78.308334
2020-09-02T06:39:27.503244400,19.532528,-78.36347
2020-09-02T06:39:27.562754631,19.532557,-78.36343
2020-09-02T06:39:27.608531951,19.532532,-78.36356
2020-09-02T06:39:27.751585006,19.371126,-78.29913
2020-09-02T06:39:27.829024314,19.488413,-78.31957
2020-09-02T06:39:28.109409332,19.452545,-78.25067
2020-09-02T06:39:28.111316680,19.494146,-78.30094
2020-09-02T06:39:28.113605499,19.507938,-78.26298
2020-09-02T06:39:28.115512847,19.506897,-78.29203
2020-09-02T06:39:28.099491119,18.4708,-82.91025
2020-09-02T06:39:28.157094001,18.476543,-82.93546
2020-09-02T06:39:29.741361618,19.310738,-82.2365
2020-09-02T06:39:29.745557785,19.310764,-82.23655
2020-09-02T06:39:29.767302513,19.310724,-82.23654
2020-09-02T06:39:29.769209861,19.326214,-82.21687
2020-09-02T06:39:29.803160667,19.321724,-82.21877
2020-09-02T06:39:29.831008911,19.310781,-82.23656
2020-09-02T06:39:29.837112426,19.310637,-82.21623
2020-09-02T06:39:29.892807960,19.322916,-82.22122
2020-09-02T06:39:29.894715309,19.333305,-82.21641
2020-09-02T06:39:29.896622657,19.332659,-82.216896
2020-09-02T06:39:29.900437355,19.335531,-82.21382
2020-09-02T06:39:29.902726173,19.333092,-82.2136
2020-09-02T06:39:29.914551734,19.341303,-82.21062
2020-09-02T06:39:29.916459083,19.34196,-82.211296
2020-09-02T06:39:29.922562599,19.338306,-82.20367
2020-09-02T06:39:29.924469947,19.342472,-82.20961
2020-09-02T06:39:29.956132888,19.310762,-82.23641
2020-09-02T06:39:29.960329055,19.34372,-82.20786
2020-09-02T06:39:30.008013725,19.310661,-82.21759
2020-09-02T06:39:30.009921073,19.31064,-82.21303
2020-09-02T06:39:30.016024589,19.326843,-82.21652
2020-09-02T06:39:30.087360382,19.310644,-82.21329
2020-09-02T06:39:30.089267730,19.332558,-82.210304
2020-09-02T06:39:30.095371246,19.350195,-82.206055
2020-09-02T06:39:30.097278594,19.33962,-82.21082
2020-09-02T06:39:30.101474761,19.352842,-82.20517
2020-09-02T06:39:30.105289459,19.360918,-82.203636
2020-09-02T06:39:30.107196807,19.357212,-82.21621
2020-09-02T06:39:30.113300323,19.390041,-82.16273
2020-09-02T06:39:30.117115020,19.363253,-82.19909
2020-09-02T06:39:30.119403839,19.352066,-82.198814
2020-09-02T06:39:30.121311187,19.37019,-82.1906
2020-09-02T06:39:30.123218536,19.310741,-82.23651
2020-09-02T06:39:30.125125885,19.38998,-82.1628
2020-09-02T06:39:30.127033233,19.375778,-82.17599
2020-09-02T06:39:30.129322052,19.389956,-82.16279
2020-09-02T06:39:30.131230354,19.38995,-82.16277
2020-09-02T06:39:30.133137702,19.389957,-82.16277
2020-09-02T06:39:30.135045051,19.389965,-82.162766
2020-09-02T06:39:30.139241218,19.38998,-82.16275
2020-09-02T06:39:30.141148567,19.389986,-82.16274
2020-09-02T06:39:30.143055915,19.389988,-82.16276
2020-09-02T06:39:30.934617042,18.287203,-83.322655
2020-09-02T06:39:31.033802032,18.287233,-83.32655
2020-09-02T06:39:31.113529205,19.773294,-78.80229
2020-09-02T06:39:31.123447418,19.773422,-78.834816
2020-09-02T06:39:30.719846725,19.533422,-78.75024
2020-09-02T06:39:30.765624046,19.50201,-78.749405
2020-09-02T06:39:30.767531394,19.503592,-78.74946
2020-09-02T06:39:30.795378684,19.533495,-78.75026
2020-09-02T06:39:30.877015113,19.487053,-78.7586
2020-09-02T06:39:30.898758888,19.500969,-78.74927
2020-09-02T06:39:30.928513526,19.497272,-78.74917
2020-09-02T06:39:30.944536209,19.502815,-78.7494
2020-09-02T06:39:30.962465286,19.489393,-78.75683
2020-09-02T06:39:30.968187332,19.49659,-78.74916
2020-09-02T06:39:30.984209060,19.504116,-78.75728
2020-09-02T06:39:31.002138137,19.493317,-78.75874
2020-09-02T06:39:31.013963699,19.49376,-78.75825
2020-09-02T06:39:31.015871047,19.533468,-78.780266
2020-09-02T06:39:31.031894683,19.492096,-78.757835
2020-09-02T06:39:31.043720245,19.53338,-78.75026
2020-09-02T06:39:31.046009063,19.499157,-78.76746
2020-09-02T06:39:31.069660186,19.53343,-78.75021
2020-09-02T06:39:31.085681915,19.499527,-78.76563
2020-09-02T06:39:31.093692779,19.505136,-78.74942
2020-09-02T06:39:31.103610992,19.493364,-78.76079
2020-09-02T06:39:31.105518341,19.49389,-78.76134
2020-09-02T06:39:31.107425689,19.49685,-78.76163
2020-09-02T06:39:31.113529205,19.506197,-78.77377
2020-09-02T06:39:31.115436553,19.491098,-78.7885
2020-09-02T06:39:31.117343902,19.496794,-78.784966
2020-09-02T06:39:31.119251251,19.497702,-78.79308
2020-09-02T06:39:31.121540069,19.49484,-78.78975
2020-09-02T06:39:31.123447418,19.503206,-78.78832
2020-09-02T06:39:31.125354766,19.494957,-78.826546
2020-09-02T06:39:31.127262115,19.500189,-78.82671
2020-09-02T06:39:31.129169464,19.497,-78.816826
2020-09-02T06:39:31.131458282,19.499783,-78.804634
2020-09-02T06:39:31.135272979,19.533628,-78.82772
2020-09-02T06:39:31.137180328,19.492367,-78.814285
2020-09-02T06:39:31.139087677,19.49472,-78.79989
2020-09-02T06:39:31.141376495,19.490095,-78.79864
2020-09-02T06:39:31.147098541,19.491245,-78.81825
2020-09-02T06:39:31.149387359,19.488787,-78.798004
2020-09-02T06:39:31.151296615,19.483747,-78.819725
2020-09-02T06:39:31.153203964,19.48663,-78.80814
2020-09-02T06:39:31.155111312,19.45375,-78.82525
2020-09-02T06:39:31.159307479,19.45371,-78.82526
2020-09-02T06:39:31.161214828,19.478796,-78.830124
2020-09-02T06:39:31.163122177,19.492233,-78.80788
2020-09-02T06:39:31.165029525,19.4901,-78.80119
2020-09-02T06:39:31.166936874,19.478699,-78.82493
2020-09-02T06:39:31.169225692,19.483759,-78.81476
2020-09-02T06:39:31.171133041,19.49399,-78.79357
2020-09-02T06:39:31.173040390,19.453781,-78.82529
2020-09-02T06:39:31.181051254,19.453737,-78.82524
2020-09-02T06:39:31.182958602,19.463076,-78.83022
2020-09-02T06:39:31.184865951,19.453773,-78.82527
2020-09-02T06:39:31.189062118,19.45381,-78.825294
2020-09-02T06:39:31.190969467,19.463923,-78.82561
2020-09-02T06:39:31.192876815,19.453814,-78.82532
2020-09-02T06:39:31.348136901,19.492613,-78.80334
2020-09-02T06:39:31.350044250,19.47211,-78.8072
2020-09-02T06:39:31.353858947,19.48936,-78.80257
2020-09-02T06:39:31.356147766,19.45368,-78.825226
2020-09-02T06:39:31.358055114,19.462152,-78.82821
2020-09-02T06:39:31.359962463,19.476011,-78.81449
2020-09-02T06:39:31.361869812,19.486452,-78.8033
2020-09-02T06:39:31.363777160,19.465963,-78.81618
2020-09-02T06:39:31.366065979,19.46785,-78.81365
2020-09-02T06:39:31.367973327,19.480762,-78.801125
2020-09-02T06:39:31.369880676,19.453598,-78.82515
2020-09-02T06:39:31.373695373,19.460855,-78.82166
2020-09-02T06:39:31.375984191,19.476557,-78.80555
2020-09-02T06:39:31.381706237,19.452892,-78.81941
2020-09-02T06:39:31.383995056,19.470491,-78.80885
2020-09-02T06:39:31.385902404,19.430656,-78.82449
2020-09-02T06:39:31.391624450,19.373903,-78.82282
2020-09-02T06:39:31.401544570,19.407125,-78.82377
2020-09-02T06:39:31.403833389,19.453632,-78.825134
2020-09-02T06:39:31.405740737,19.45344,-78.74775
2020-09-02T06:39:31.409555435,19.373878,-78.8228
2020-09-02T06:39:31.411462783,19.373886,-78.82279
2020-09-02T06:39:31.419473648,19.373947,-78.822784
2020-09-02T06:39:31.421762466,19.392654,-78.817055
2020-09-02T06:39:31.427484512,19.373928,-78.82277
2020-09-02T06:39:31.435495376,19.373919,-78.82282
2020-09-02T06:39:31.443506240,19.373909,-78.82285
2020-09-02T06:39:31.445413589,19.373901,-78.82284
2020-09-02T06:39:33.682004928,19.49403,-78.748665
2020-09-02T06:39:33.767456054,19.509554,-78.74911
2020-09-02T06:39:33.789199829,19.532885,-78.7498
2020-09-02T06:39:34.336235046,19.452888,-78.747505
2020-09-02T06:39:34.367897033,19.460384,-78.747635
2020-09-02T06:39:34.393838882,19.452929,-78.747536
2020-09-02T06:39:34.403757095,19.452915,-78.74754
2020-09-02T06:39:34.427408218,19.462769,-78.7477
2020-09-02T06:39:34.435419082,19.452896,-78.74742
2020-09-02T06:39:34.443429946,19.452925,-78.747444
2020-09-02T06:39:34.445337295,19.452908,-78.74743
2020-09-02T06:39:34.447244644,19.452892,-78.74742
2020-09-02T06:39:34.449533462,19.452875,-78.747406
2020-09-02T06:39:34.461359024,19.452866,-78.74751
2020-09-02T06:39:34.495311737,19.45288,-78.74751
2020-09-02T06:39:34.501033782,19.452814,-78.747475
2020-09-02T06:39:34.502941131,19.452814,-78.74747
2020-09-02T06:39:34.509044647,19.452812,-78.74744
2020-09-02T06:39:34.523159027,19.452871,-78.74746
2020-09-02T06:39:34.534984588,19.452837,-78.74749
2020-09-02T06:39:34.550624847,19.452822,-78.74756
2020-09-02T06:39:34.582668304,19.487299,-78.73621
2020-09-02T06:39:34.584575653,19.45277,-78.747505
2020-09-02T06:39:34.588771820,19.452793,-78.747475
2020-09-02T06:39:34.590679168,19.452805,-78.74746
2020-09-02T06:39:34.622343063,19.452787,-78.74746
2020-09-02T06:39:34.652097702,19.452784,-78.7475
2020-09-02T06:39:34.654005050,19.45279,-78.74749
2020-09-02T06:39:34.660108566,19.4528,-78.74747
2020-09-02T06:39:34.662015914,19.452805,-78.74747
2020-09-02T06:39:34.676130294,19.452812,-78.74747
2020-09-02T06:39:34.709699630,19.532503,-78.71003
2020-09-02T06:39:34.719617843,19.522577,-78.7079
2020-09-02T06:39:34.729917526,19.532522,-78.71582
2020-09-02T06:39:34.767684936,19.53252,-78.70057
2020-09-02T06:39:34.787521362,19.523178,-78.70798
2020-09-02T06:39:34.817276000,19.522287,-78.71064
2020-09-02T06:39:34.827194213,19.532452,-78.70156
2020-09-02T06:39:34.886705398,19.492567,-78.67122
2020-09-02T06:39:34.888612747,19.50043,-78.6842
2020-09-02T06:39:34.966432571,19.494598,-78.69084
2020-09-02T06:39:34.968339920,19.452541,-78.67003
2020-09-02T06:39:35.002292633,19.49252,-78.69122
2020-09-02T06:39:35.006107330,19.483288,-78.67909
2020-09-02T06:39:35.008014678,19.491386,-78.68796
2020-09-02T06:39:35.113302230,19.495045,-78.6854
2020-09-02T06:39:35.151067733,19.524395,-78.70518
2020-09-02T06:39:35.173192977,19.49402,-78.68366
2020-09-02T06:39:35.222784042,19.532446,-78.69944
2020-09-02T06:39:35.224691390,19.532373,-78.67236
2020-09-02T06:39:35.250633239,19.496067,-78.68723
2020-09-02T06:39:35.256736755,19.497652,-78.68642
2020-09-02T06:39:35.151067733,18.449667,-82.87853
2020-09-02T06:39:35.153356552,18.440952,-82.8748
2020-09-02T06:39:35.194936752,18.44108,-82.88812
2020-09-02T06:39:35.349815368,18.43773,-82.885704
2020-09-02T06:39:35.365839004,18.44098,-82.888054
2020-09-02T06:39:35.375757217,18.440838,-82.86864
2020-09-02T06:39:35.377664566,18.442345,-82.8755
2020-09-02T06:39:35.379953384,18.438225,-82.879005
2020-09-02T06:39:35.409708023,18.441032,-82.88809
2020-09-02T06:39:35.417718887,18.441004,-82.888145
2020-09-02T06:39:35.419626235,18.440994,-82.88815
2020-09-02T06:39:35.421533584,18.439121,-82.87972
2020-09-02T06:39:35.423440933,18.44083,-82.85363
2020-09-02T06:39:35.425348281,18.440742,-82.855385
2020-09-02T06:39:35.560771942,18.44065,-82.84432
2020-09-02T06:39:35.562679290,18.440784,-82.86178
2020-09-02T06:39:35.564586639,18.426836,-82.86556
2020-09-02T06:39:35.568782806,18.440668,-82.84515
2020-09-02T06:39:35.570690155,18.44069,-82.84785
2020-09-02T06:39:35.572597503,18.440662,-82.84729
2020-09-02T06:39:35.574504852,18.440691,-82.85398
2020-09-02T06:39:35.576793670,18.427504,-82.86077
2020-09-02T06:39:35.739685058,18.399096,-82.849
2020-09-02T06:39:35.741592407,18.427917,-82.85799
2020-09-02T06:39:35.743499755,18.427515,-82.86296
2020-09-02T06:39:35.745788574,18.440685,-82.85321
2020-09-02T06:39:35.747695922,18.440674,-82.85074
2020-09-02T06:39:35.815216064,18.426018,-82.88739
2020-09-02T06:39:35.833145141,18.440899,-82.88817
2020-09-02T06:39:35.843063354,18.440342,-82.81049
2020-09-02T06:39:35.869005203,18.420265,-82.88318
2020-09-02T06:39:35.870912551,18.440807,-82.88828
2020-09-02T06:39:35.894563674,18.401976,-82.87582
2020-09-02T06:39:35.896852493,18.415516,-82.8869
2020-09-02T06:39:35.898759841,18.415348,-82.886894
2020-09-02T06:39:35.900667190,18.44089,-82.88834
2020-09-02T06:39:35.902574539,18.414505,-82.88683
2020-09-02T06:39:35.904481887,18.4409,-82.88832
2020-09-02T06:39:35.978107452,18.440228,-82.810646
2020-09-02T06:39:35.980396270,18.40319,-82.88682
2020-09-02T06:39:35.992221832,18.4402,-82.81063
2020-09-02T06:39:36.007862091,18.440594,-82.8583
2020-09-02T06:39:36.037998199,18.44083,-82.88843
2020-09-02T06:39:36.079578399,18.442291,-82.835014
2020-09-02T06:39:36.081485748,18.40252,-82.885445
2020-09-02T06:39:36.166936874,18.440819,-82.88844
2020-09-02T06:39:36.169225692,18.406824,-82.88651
2020-09-02T06:39:36.220724105,18.440613,-82.85269
2020-09-02T06:39:38.548870086,18.708658,-82.35952
2020-09-02T06:39:38.552684783,18.674532,-82.35768
2020-09-02T06:39:38.554592132,18.674551,-82.35766
2020-09-02T06:39:38.556880950,18.674568,-82.35764
2020-09-02T06:39:38.698026657,18.712727,-82.35853
2020-09-02T06:39:38.699934005,18.7015,-82.37568
2020-09-02T06:39:38.701843261,18.675102,-82.43538
2020-09-02T06:39:38.731597900,18.725561,-82.35034
2020-09-02T06:39:38.733505249,18.674587,-82.35765
2020-09-02T06:39:38.743804931,18.674877,-82.402275
2020-09-02T06:39:38.767456054,18.71646,-82.3608
2020-09-02T06:39:38.769363403,18.674578,-82.35757
2020-09-02T06:39:39.831007004,19.452717,-78.74794
2020-09-02T06:39:39.861143590,19.452715,-78.74795
2020-09-02T06:39:39.880980492,19.452724,-78.74802
2020-09-02T06:39:39.898909569,19.45272,-78.74795
2020-09-02T06:39:39.916457654,19.452772,-78.747955
2020-09-02T06:39:40.685894012,19.48625,-78.74882
2020-09-02T06:39:40.711834430,19.490225,-78.74889
2020-09-02T06:39:40.761425971,19.48586,-78.74873
2020-09-02T06:39:40.799191951,19.492287,-78.74884
2020-09-02T06:39:41.117342948,18.248285,-83.343475
2020-09-02T06:39:41.174945831,18.247015,-83.34339
2020-09-02T06:39:41.200885772,18.248018,-83.34348
2020-09-02T06:39:41.230640888,18.247732,-83.31795
2020-09-02T06:39:41.240559577,18.249342,-83.31837
2020-09-02T06:39:41.316091537,18.253475,-83.32125
2020-09-02T06:39:41.317998886,18.255669,-83.321754
2020-09-02T06:39:41.353857517,18.253489,-83.321304
2020-09-02T06:39:41.356146335,18.229076,-83.314255
2020-09-02T06:39:41.383612632,18.25369,-83.31824
2020-09-02T06:39:41.457237720,18.261686,-83.33064
2020-09-02T06:39:41.346228122,19.531757,-78.28569
2020-09-02T06:39:41.361868858,19.531734,-78.285675
2020-09-02T06:39:41.363776206,19.531729,-78.285675
2020-09-02T06:39:41.366065025,19.531723,-78.28567
2020-09-02T06:39:41.367972373,19.531715,-78.28566
2020-09-02T06:39:41.413749217,19.531786,-78.2857
2020-09-02T06:39:41.423667907,19.515543,-78.3008
2020-09-02T06:39:41.425575256,19.508959,-78.307755
2020-09-02T06:39:41.427482604,19.510086,-78.309525
2020-09-02T06:39:41.435493469,19.531763,-78.285675
2020-09-02T06:39:41.459526538,19.531809,-78.31291
2020-09-02T06:39:41.469444751,19.53179,-78.28567
2020-09-02T06:39:41.507210731,19.531822,-78.32318
2020-09-02T06:39:41.528954982,19.531784,-78.31947
2020-09-02T06:39:41.532769680,19.531803,-78.320984
2020-09-02T06:39:41.535058498,19.531815,-78.31699
2020-09-02T06:39:41.558710098,19.53171,-78.285645
2020-09-02T06:39:41.560617446,19.53172,-78.28562
2020-09-02T06:39:41.566720962,19.531681,-78.285645
2020-09-02T06:39:41.604486942,19.531681,-78.2857
2020-09-02T06:39:41.606394767,19.523485,-78.293465
2020-09-02T06:39:41.608302116,19.52444,-78.28894
2020-09-02T06:39:41.610590934,19.51872,-78.29803
2020-09-02T06:39:41.618601799,19.531788,-78.2857
2020-09-02T06:39:41.632334709,19.53174,-78.28562
2020-09-02T06:39:41.680019378,19.513996,-78.31061
2020-09-02T06:39:41.735714912,19.516943,-78.29481
2020-09-02T06:39:41.737622261,19.518202,-78.30113
2020-09-02T06:39:41.747540473,19.531742,-78.28564
2020-09-02T06:39:41.779584407,19.531641,-78.29347
2020-09-02T06:39:41.789502620,19.53164,-78.28566
2020-09-02T06:39:41.799421310,19.531673,-78.28572
2020-09-02T06:39:41.823072910,19.452837,-78.74774
2020-09-02T06:39:41.825361728,19.452929,-78.78329
2020-09-02T06:39:41.827269077,19.452917,-78.77736
2020-09-02T06:39:41.831083774,19.452925,-78.77833
2020-09-02T06:39:41.870757102,19.452917,-78.77679
2020-09-02T06:39:41.873045921,19.452934,-78.78296
2020-09-02T06:39:41.886779308,19.452913,-78.77674
2020-09-02T06:39:41.906615734,19.452808,-78.747696
2020-09-02T06:39:41.993973731,19.432959,-78.76856
2020-09-02T06:39:41.998169898,19.452902,-78.774826
2020-09-02T06:39:42.006180763,19.437641,-78.76995
2020-09-02T06:39:42.029832363,19.452879,-78.7767
2020-09-02T06:39:43.844893455,19.459812,-78.686035
2020-09-02T06:39:43.847182273,19.452415,-78.67047
2020-09-02T06:39:43.859007835,19.452341,-78.67045
2020-09-02T06:39:43.860915184,19.452326,-78.67044
2020-09-02T06:39:43.862822532,19.452326,-78.670456
2020-09-02T06:39:43.966202735,19.45241,-78.68308
2020-09-02T06:39:44.011980056,19.474792,-78.67949
2020-09-02T06:39:44.013887405,19.452309,-78.670395
2020-09-02T06:39:44.091708183,19.452318,-78.68197
2020-09-02T06:39:44.093615531,19.452324,-78.685776
2020-09-02T06:39:44.161136627,19.452187,-78.64301
2020-09-02T06:39:44.190892219,19.435118,-78.681076
2020-09-02T06:39:44.208821296,19.457075,-78.681244
2020-09-02T06:39:44.210728645,19.471256,-78.68885
2020-09-02T06:39:44.213017463,19.452291,-78.67052
2020-09-02T06:39:44.214924812,19.452326,-78.67052
2020-09-02T06:39:44.218739509,19.454048,-78.68227
2020-09-02T06:39:44.248494148,19.452213,-78.637146
2020-09-02T06:39:44.268331527,19.466202,-78.67822
2020-09-02T06:39:44.270620346,19.464622,-78.67733
2020-09-02T06:39:44.272527694,19.47504,-78.677124
2020-09-02T06:39:44.274435043,19.452358,-78.67062
2020-09-02T06:39:44.290456771,19.452332,-78.64114
2020-09-02T06:39:44.292364120,19.44286,-78.64749
2020-09-02T06:39:44.294271469,19.452322,-78.64494
2020-09-02T06:39:44.306478500,19.45235,-78.646225
2020-09-02T06:39:44.308385848,19.452377,-78.64834
2020-09-02T06:39:44.312200546,19.452444,-78.67058
2020-09-02T06:39:44.316397666,19.44441,-78.64541
2020-09-02T06:39:44.318305015,19.433222,-78.65647
2020-09-02T06:39:44.324027061,19.442686,-78.65164
2020-09-02T06:39:44.326315879,19.45234,-78.652145
2020-09-02T06:39:44.332037925,19.37263,-78.66835
2020-09-02T06:39:44.338141441,19.45232,-78.65402
2020-09-02T06:39:44.340048789,19.452297,-78.64627
2020-09-02T06:39:44.473183631,19.46175,-78.67236
2020-09-02T06:39:44.475090980,19.486515,-78.6716
2020-09-02T06:39:44.174869537,18.405298,-83.04923
2020-09-02T06:39:44.202717781,18.406847,-83.03949
2020-09-02T06:39:44.244679450,18.399181,-83.0343
2020-09-02T06:39:44.246586799,18.399,-83.04533
2020-09-02T06:39:44.280538558,18.416431,-83.01938
2020-09-02T06:39:44.282445907,18.405207,-83.039604
2020-09-02T06:39:44.348059654,18.38927,-83.03042
2020-09-02T06:39:44.349967002,18.385208,-83.03361
2020-09-02T06:39:44.556726455,18.36568,-83.007675
2020-09-02T06:39:44.558633804,18.352957,-83.01352
2020-09-02T06:39:44.608607292,18.381311,-83.01357
2020-09-02T06:39:44.610514640,18.369802,-83.01784
2020-09-02T06:39:44.671932220,18.403328,-83.007324
2020-09-02T06:39:44.674221038,18.369635,-83.01609
2020-09-02T06:39:44.676128387,18.39603,-82.99653
2020-09-02T06:39:44.457161903,19.487206,-82.538765
2020-09-02T06:39:44.486916542,19.495375,-82.53229
2020-09-02T06:39:44.493020057,19.486055,-82.524315
2020-09-02T06:39:44.494927406,19.471222,-82.51353
2020-09-02T06:39:44.496834754,19.47126,-82.51881
2020-09-02T06:39:44.502939224,19.470943,-82.479645
2020-09-02T06:39:44.504846572,19.471193,-82.514755
2020-09-02T06:39:44.512857437,19.470934,-82.47967
2020-09-02T06:39:44.514764785,19.493574,-82.51684
2020-09-02T06:39:44.517053604,19.490515,-82.51026
2020-09-02T06:39:44.518960952,19.491941,-82.53123
2020-09-02T06:39:44.524682998,19.471033,-82.47968
2020-09-02T06:39:44.526971817,19.47102,-82.47968
2020-09-02T06:39:44.530786514,19.470995,-82.47967
2020-09-02T06:39:44.532693862,19.486582,-82.50257
2020-09-02T06:39:44.534601211,19.47101,-82.47967
2020-09-02T06:39:44.538797378,19.471025,-82.47966
2020-09-02T06:39:44.558633804,19.470942,-82.47972
2020-09-02T06:39:44.564738273,19.470943,-82.479744
2020-09-02T06:39:44.566645622,19.470951,-82.479744
2020-09-02T06:39:44.568552970,19.470957,-82.47974
2020-09-02T06:39:44.594492912,19.470829,-82.46032
2020-09-02T06:39:44.596400260,19.47626,-82.47157
2020-09-02T06:39:44.598307609,19.467464,-82.519646
2020-09-02T06:39:44.600214958,19.476206,-82.475136
2020-09-02T06:39:44.602503776,19.478443,-82.4737
2020-09-02T06:39:44.604411125,19.481552,-82.51885
2020-09-02T06:39:44.608225822,19.480185,-82.48602
2020-09-02T06:39:44.610133171,19.482332,-82.512276
2020-09-02T06:39:44.612421989,19.47067,-82.43978
2020-09-02T06:39:44.614329338,19.470709,-82.43999
2020-09-02T06:39:44.616236686,19.470736,-82.438835
2020-09-02T06:39:44.620432853,19.470861,-82.44633
2020-09-02T06:39:44.622340202,19.470732,-82.43159
2020-09-02T06:39:44.624248504,19.470745,-82.43709
2020-09-02T06:39:44.626155853,19.470709,-82.43602
2020-09-02T06:39:44.628063201,19.47039,-82.4666
2020-09-02T06:39:44.630352020,19.481596,-82.465866
2020-09-02T06:39:44.632259368,19.479599,-82.437256
2020-09-02T06:39:44.634166717,19.48249,-82.44877
2020-09-02T06:39:44.636074066,19.477186,-82.42669
2020-09-02T06:39:44.637981414,19.480398,-82.44266
2020-09-02T06:39:44.640270233,19.481096,-82.43727
2020-09-02T06:39:44.642177581,19.481777,-82.42714
2020-09-02T06:39:44.644084930,19.475084,-82.443756
2020-09-02T06:39:44.645992279,19.48196,-82.42868
2020-09-02T06:39:44.647899627,19.480263,-82.42494
2020-09-02T06:39:44.650188446,19.479523,-82.41738
2020-09-02T06:39:44.652095794,19.48331,-82.40764
2020-09-02T06:39:44.654003143,19.474268,-82.41643
2020-09-02T06:39:44.655910491,19.482056,-82.410645
2020-09-02T06:39:44.658199310,19.484713,-82.39729
2020-09-02T06:39:44.668117523,19.47001,-82.34765
2020-09-02T06:39:44.670024871,19.469812,-82.32331
2020-09-02T06:39:44.671932220,19.469816,-82.3233
2020-09-02T06:39:44.673839569,19.469833,-82.323296
2020-09-02T06:39:44.675746917,19.469849,-82.32328
2020-09-02T06:39:44.678035736,19.469864,-82.32327
2020-09-02T06:39:44.745556831,19.35142,-82.59069
2020-09-02T06:39:44.878692626,19.388374,-82.56753
2020-09-02T06:39:45.578700065,19.494698,-78.74925
2020-09-02T06:39:45.652324676,19.45247,-78.74801
2020-09-02T06:39:45.654232025,19.491081,-78.74911
2020-09-02T06:39:45.656139373,19.452454,-78.74796
2020-09-02T06:39:45.698101997,19.532248,-78.75033
2020-09-02T06:39:45.700009346,19.491474,-78.74916
2020-09-02T06:39:45.759519577,19.488918,-78.7491
2020-09-02T06:39:46.934464454,18.440866,-82.88885
2020-09-02T06:39:46.956208229,18.467724,-82.89037
2020-09-02T06:39:46.988252639,18.440847,-82.888794
2020-09-02T06:39:47.016099929,18.440838,-82.888824
2020-09-02T06:39:47.021821975,18.440838,-82.88881
2020-09-02T06:39:47.105365753,18.440855,-82.88887
2020-09-02T06:39:47.125202178,18.46274,-82.8901
2020-09-02T06:39:47.127490997,18.440825,-82.888824
2020-09-02T06:39:47.286566734,18.453335,-82.87742
2020-09-02T06:39:47.314032554,18.440811,-82.88887
2020-09-02T06:39:49.169148445,19.452522,-78.77816
2020-09-02T06:39:49.210729598,19.452507,-78.77882
2020-09-02T06:39:49.248495101,19.464039,-78.77613
2020-09-02T06:39:49.254598617,19.452417,-78.748245
2020-09-02T06:39:49.278632164,19.463411,-78.77774
2020-09-02T06:39:51.018159866,19.452543,-78.74801
2020-09-02T06:39:51.020067214,19.452534,-78.74802
2020-09-02T06:39:51.053638458,19.45252,-78.74802
2020-09-02T06:39:51.137180328,19.452564,-78.74798
2020-09-02T06:39:51.165029525,19.459526,-78.74834
2020-09-02T06:39:51.174947738,19.452543,-78.74797
2020-09-02T06:39:51.181051254,19.45251,-78.74796
2020-09-02T06:39:51.182958602,19.45252,-78.74796
2020-09-02T06:39:51.194784164,19.452534,-78.74802
2020-09-02T06:39:51.215002059,19.463003,-78.74838
2020-09-02T06:39:51.228734970,19.45253,-78.74803
2020-09-02T06:39:51.238653182,19.45258,-78.74796
2020-09-02T06:39:51.240560531,19.452593,-78.74795
2020-09-02T06:39:51.244756698,19.452578,-78.74801
2020-09-02T06:39:51.248571395,19.452562,-78.74808
2020-09-02T06:39:51.304267883,19.462666,-78.748314
2020-09-02T06:39:51.308464050,19.452572,-78.74802
2020-09-02T06:39:51.332115173,19.452536,-78.747955
2020-09-02T06:39:51.334022521,19.46121,-78.74531
2020-09-02T06:39:51.335929870,19.452595,-78.74804
2020-09-02T06:39:51.459527969,19.452597,-78.74801
2020-09-02T06:39:51.461435317,19.46365,-78.74833
2020-09-02T06:39:51.463342666,19.452599,-78.74799
2020-09-02T06:39:51.465250015,19.452593,-78.74798
2020-09-02T06:39:51.469446182,19.45258,-78.74795
2020-09-02T06:39:51.509119033,19.465755,-78.74841
2020-09-02T06:39:51.801330566,19.45179,-78.36126
2020-09-02T06:39:51.803237915,19.451782,-78.361244
2020-09-02T06:39:51.805145263,19.461166,-78.35593
2020-09-02T06:39:51.807434082,19.451767,-78.36122
2020-09-02T06:39:51.809341430,19.451761,-78.361206
2020-09-02T06:39:51.811248779,19.45176,-78.3612
2020-09-02T06:39:51.813156127,19.462172,-78.36148
2020-09-02T06:39:51.847106933,19.451849,-78.361305
2020-09-02T06:39:51.892883300,19.465,-78.36162
2020-09-02T06:39:51.904710769,19.46478,-78.357445
2020-09-02T06:39:51.952394485,19.45195,-78.361336
2020-09-02T06:39:51.954301834,19.467234,-78.36174
2020-09-02T06:39:52.042041778,19.451988,-78.36133
2020-09-02T06:39:52.610439300,18.264307,-83.34471
2020-09-02T06:39:52.616542816,18.26042,-83.344475
2020-09-02T06:39:52.684064865,18.26215,-83.34457
2020-09-02T06:39:52.819107055,18.26803,-83.351974
2020-09-02T06:39:52.823303222,18.266808,-83.34483
2020-09-02T06:39:52.825210571,18.247108,-83.34369
2020-09-02T06:39:53.419549942,19.533022,-78.75035
2020-09-02T06:39:53.511104583,19.518936,-78.74993
2020-09-02T06:39:53.538951873,19.533062,-78.750374
2020-09-02T06:39:56.105520248,19.453897,-78.748085
2020-09-02T06:39:56.141378402,19.483273,-78.748924
2020-09-02T06:39:56.147100448,19.490551,-78.749084
2020-09-02T06:39:56.149389266,19.494915,-78.7492
2020-09-02T06:39:56.234840393,19.491213,-78.74909
2020-09-02T06:39:56.896699905,19.14774,-82.83426
2020-09-02T06:39:56.900514602,19.141,-82.82803
2020-09-02T06:39:56.944383621,19.156034,-82.82553
2020-09-02T06:39:57.079425811,19.14922,-82.80691
2020-09-02T06:39:57.733657836,18.543633,-82.76838
2020-09-02T06:39:57.735565185,18.550295,-82.7698
2020-09-02T06:39:57.807281494,18.520115,-82.7374
2020-09-02T06:39:57.809188842,18.492697,-82.764694
2020-09-02T06:39:57.841234207,18.360851,-82.57323
2020-09-02T06:39:57.841234207,18.562635,-82.749855
2020-09-02T06:39:57.843141555,18.555883,-82.744194
2020-09-02T06:39:58.192953109,18.473276,-82.876495
2020-09-02T06:39:58.210884094,18.44199,-82.88828
2020-09-02T06:39:58.254753112,18.441439,-82.81061
2020-09-02T06:39:58.298240661,18.46724,-82.889824
2020-09-02T06:39:58.300148010,18.463026,-82.871445
2020-09-02T06:39:58.558788299,18.363264,-82.93907
2020-09-02T06:39:58.560695648,18.363264,-82.94249
2020-09-02T06:39:58.570613861,18.363441,-82.961624
2020-09-02T06:39:58.638135910,18.363432,-82.96161
2020-09-02T06:39:58.698026657,18.363224,-82.94243
2020-09-02T06:39:58.709854125,18.359955,-82.954384
2020-09-02T06:39:58.711761474,18.35836,-82.95494
2020-09-02T06:39:58.713668823,18.347095,-82.94984
2020-09-02T06:39:58.727783203,18.349203,-82.95264
2020-09-02T06:39:58.729690551,18.340103,-82.96028
2020-09-02T06:39:58.731597900,18.363428,-82.96161
2020-09-02T06:39:58.805221557,18.33622,-82.96003
2020-09-02T06:39:58.807128906,18.334536,-82.95992
2020-09-02T06:39:58.809417724,18.342632,-82.95887
2020-09-02T06:39:58.811325073,18.342365,-82.95039
2020-09-02T06:39:58.890672683,18.352531,-82.95914
2020-09-02T06:39:58.892580032,18.35259,-82.96171
2020-09-02T06:39:58.908601760,18.363338,-82.96165
2020-09-02T06:39:58.910509109,18.344883,-82.95788
2020-09-02T06:39:58.920427322,18.363234,-82.96165
2020-09-02T06:39:58.922716140,18.329926,-82.95974
2020-09-02T06:39:58.974216461,18.354021,-82.95154
2020-09-02T06:39:58.976123809,18.35046,-82.95423
2020-09-02T06:39:59.000156402,18.336456,-82.96007
2020-09-02T06:39:59.034107208,18.334751,-82.94952
2020-09-02T06:39:59.039829254,18.363306,-82.96172
2020-09-02T06:39:59.041736602,18.339766,-82.951584
2020-09-02T06:39:59.093618392,18.349466,-82.95705
2020-09-02T06:39:59.163045883,18.36333,-82.961655
2020-09-02T06:39:59.169149398,18.337921,-82.96024
2020-09-02T06:39:59.036011696,19.53231,-78.2858
2020-09-02T06:39:59.037919522,19.523684,-78.32578
2020-09-02T06:39:59.059663296,19.532291,-78.300995
2020-09-02T06:39:59.075685502,19.532372,-78.32859
2020-09-02T06:39:59.077592850,19.532375,-78.33144
2020-09-02T06:39:59.093614579,19.532362,-78.33163
2020-09-02T06:39:59.117266179,19.526146,-78.31458
2020-09-02T06:39:59.147402764,19.52352,-78.33264
2020-09-02T06:39:59.179065228,19.532368,-78.28585
2020-09-02T06:39:59.180972577,19.53237,-78.28585
2020-09-02T06:39:59.182879925,19.532362,-78.285835
2020-09-02T06:39:59.187076092,19.532366,-78.29495
2020-09-02T06:39:59.188983441,19.528267,-78.3091
2020-09-02T06:39:59.195087433,19.53241,-78.29378
2020-09-02T06:39:59.196994782,19.528198,-78.30246
2020-09-02T06:39:59.203098298,19.532434,-78.2859
2020-09-02T06:39:59.205005646,19.532425,-78.29631
2020-09-02T06:39:59.206912995,19.530216,-78.30231
2020-09-02T06:39:59.208820344,19.532345,-78.28586
2020-09-02T06:39:59.278630257,19.52997,-78.29934
2020-09-02T06:39:59.280537606,19.515682,-78.31491
2020-09-02T06:39:59.282444954,19.532341,-78.301994
2020-09-02T06:39:59.359884739,19.522047,-78.33513
2020-09-02T06:39:59.361792088,19.532497,-78.36323
2020-09-02T06:39:59.429694653,19.528019,-78.30235
2020-09-02T06:39:59.471275807,19.52239,-78.29938
2020-09-02T06:39:59.473183156,19.517273,-78.293884
2020-09-02T06:39:59.475471974,19.53228,-78.28582
2020-09-02T06:39:59.477379323,19.509575,-78.28525
2020-09-02T06:39:59.483101368,19.532276,-78.28583
2020-09-02T06:39:59.513237954,19.497921,-78.29261
2020-09-02T06:39:59.515145302,19.510763,-78.301605
2020-09-02T06:39:59.526970864,19.452478,-78.283806
2020-09-02T06:39:59.528878212,19.519201,-78.29627
2020-09-02T06:39:59.534982205,19.505407,-78.29651
2020-09-02T06:39:59.626536370,19.49338,-78.293816
2020-09-02T06:39:59.723812581,19.513157,-78.296555
2020-09-02T06:39:59.725719929,19.488037,-78.29755
2020-09-02T06:39:58.572900534,19.45361,-78.74778
2020-09-02T06:39:58.596551896,19.453577,-78.74775
2020-09-02T06:39:58.624399663,19.453568,-78.74782
2020-09-02T06:39:58.665980578,19.453554,-78.74779
2020-09-02T06:39:58.672084094,19.453522,-78.74775
2020-09-02T06:39:58.690013648,19.453552,-78.7478
2020-09-02T06:39:58.711757660,19.453552,-78.74767
2020-09-02T06:39:58.714046479,19.453554,-78.74769
2020-09-02T06:39:58.727779627,19.453596,-78.74777
2020-09-02T06:39:58.741512776,19.453548,-78.74771
2020-09-02T06:39:58.765545607,19.453606,-78.74773
2020-09-02T06:39:58.773556710,19.453611,-78.74773
2020-09-02T06:39:58.783475161,19.453562,-78.74773
2020-09-02T06:39:58.811322690,19.45361,-78.74771
2020-09-02T06:39:58.817426444,19.453566,-78.74769
2020-09-02T06:39:58.821241141,19.453535,-78.74768
2020-09-02T06:39:58.823148489,19.453522,-78.74769
2020-09-02T06:39:58.833066941,19.453508,-78.74775
2020-09-02T06:39:58.847181559,19.520239,-78.71581
2020-09-02T06:39:58.849088908,19.45354,-78.7478
2020-09-02T06:39:58.859007121,19.453512,-78.74779
2020-09-02T06:39:58.876936675,19.462395,-78.74799
2020-09-02T06:39:58.894865990,19.453482,-78.747795
2020-09-02T06:39:58.918517352,19.453432,-78.74782
2020-09-02T06:39:58.940643073,19.461716,-78.748055
2020-09-02T06:39:58.954376221,19.453543,-78.747795
2020-09-02T06:39:58.978409052,19.453455,-78.74777
2020-09-02T06:39:59.119554997,19.533102,-78.67274
2020-09-02T06:39:59.127184392,19.53309,-78.67272
2020-09-02T06:39:59.129473210,19.533085,-78.67271
2020-09-02T06:39:59.270619393,19.496744,-78.706955
2020-09-02T06:39:59.403754235,19.513083,-78.688614
2020-09-02T06:39:59.405661583,19.506294,-78.68415
2020-09-02T06:39:59.425498486,19.453259,-78.6705
2020-09-02T06:39:59.471275807,19.475483,-78.686
2020-09-02T06:39:59.473183156,19.453274,-78.67051
2020-09-02T06:39:59.481194020,19.49416,-78.69014
2020-09-02T06:39:59.483101368,19.45327,-78.67052
2020-09-02T06:39:59.489204884,19.487944,-78.68667
2020-09-02T06:39:59.491112233,19.491753,-78.68336
2020-09-02T06:39:59.493019581,19.477755,-78.680336
2020-09-02T06:39:59.495308400,19.475786,-78.67118
2020-09-02T06:39:59.497215748,19.475044,-78.671165
2020-09-02T06:39:59.499123097,19.476784,-78.67123
2020-09-02T06:39:59.501030446,19.482445,-78.67139
2020-09-02T06:39:59.528878212,19.483118,-78.68319
2020-09-02T06:39:59.530785561,19.463411,-78.67463
2020-09-02T06:39:59.552911282,19.481592,-78.692635
2020-09-02T06:39:59.572748185,19.533144,-78.67284
2020-09-02T06:39:59.610514164,19.470945,-78.68102
2020-09-02T06:39:59.612421513,19.453295,-78.6706
2020-09-02T06:39:59.618525029,19.481476,-78.68995
2020-09-02T06:39:59.620432377,19.451916,-78.66844
2020-09-02T06:39:59.719997883,19.488707,-78.689026
2020-09-02T06:39:59.721905232,19.453182,-78.6705
2020-09-02T06:39:59.733730793,19.476244,-78.6843
2020-09-02T06:39:59.753567696,19.496733,-78.67175
2020-09-02T06:40:00.063707351,18.740606,-82.33113
2020-09-02T06:40:00.081636428,18.754292,-82.31778
2020-09-02T06:40:00.083543777,18.731676,-82.314285
2020-09-02T06:40:00.160983562,18.715271,-82.29275
2020-09-02T06:40:00.163272380,18.674753,-82.27991
2020-09-02T06:40:00.196842193,18.734161,-82.335884
2020-09-02T06:40:00.202945709,18.754705,-82.361946
2020-09-02T06:40:00.236515522,18.721754,-82.3318
2020-09-02T06:40:00.238804340,18.703228,-82.33691
2020-09-02T06:40:00.258641242,18.700592,-82.35901
2020-09-02T06:40:00.270466804,18.67534,-82.3577
2020-09-02T06:40:00.278478145,18.699972,-82.34888
2020-09-02T06:40:00.324254989,18.712296,-82.31701
2020-09-02T06:40:00.329977035,18.726274,-82.309654
2020-09-02T06:40:00.336080551,18.716206,-82.305374
2020-09-02T06:40:00.360113620,18.675373,-82.3576
2020-09-02T06:40:00.362020969,18.705942,-82.33642
2020-09-02T06:40:00.363928318,18.703463,-82.35911
2020-09-02T06:40:00.367743015,18.71523,-82.3038
2020-09-02T06:40:00.379950523,18.713854,-82.3068
2020-09-02T06:40:00.389868736,18.715311,-82.30504
2020-09-02T06:40:00.393683433,18.72359,-82.312584
2020-09-02T06:40:00.401694774,18.754742,-82.361855
2020-09-02T06:40:00.423438549,18.708263,-82.35936
2020-09-02T06:40:00.445564270,18.71412,-82.305176
2020-09-02T06:40:00.447471618,18.716143,-82.2821
2020-09-02T06:40:00.449378967,18.706259,-82.31484
2020-09-02T06:40:00.451286315,18.717089,-82.282135
2020-09-02T06:40:00.453575134,18.725151,-82.29825
2020-09-02T06:40:00.461205005,18.675322,-82.357605
2020-09-02T06:40:00.463493824,18.697613,-82.34265
2020-09-02T06:40:00.467308521,18.675386,-82.35764
2020-09-02T06:40:00.481041431,18.675371,-82.35759
2020-09-02T06:40:00.485237598,18.700222,-82.34477
2020-09-02T06:40:00.487144947,18.675379,-82.35762
2020-09-02T06:40:00.554666519,18.713987,-82.306206
2020-09-02T06:40:00.556955337,18.719254,-82.3187
2020-09-02T06:40:00.558862686,18.754673,-82.36183
2020-09-02T06:40:00.562677383,18.719067,-82.31724
2020-09-02T06:40:00.562677383,18.594551,-82.12041
2020-09-02T06:40:00.616465568,18.675451,-82.357635
2020-09-02T06:40:00.618372917,18.696846,-82.34842
2020-09-02T06:40:00.652324199,18.697168,-82.34957
2020-09-02T06:40:00.654231548,18.675348,-82.33134
2020-09-02T06:40:00.656138896,18.675388,-82.3383
2020-09-02T06:40:00.658046245,18.693035,-82.34203
2020-09-02T06:40:00.660335063,18.675508,-82.35762
2020-09-02T06:40:00.719845294,18.698452,-82.34294
2020-09-02T06:40:00.785459041,18.700102,-82.38357
2020-09-02T06:40:00.787366390,18.692091,-82.344025
2020-09-02T06:40:00.920501232,18.675549,-82.33815
2020-09-02T06:40:00.922408580,18.694324,-82.38686
2020-09-02T06:40:01.663997173,19.49283,-78.7492
2020-09-02T06:40:01.688030242,19.493979,-78.749405
2020-09-02T06:40:01.694133758,19.49278,-78.74933
2020-09-02T06:40:01.723888874,19.493391,-78.74937
2020-09-02T06:40:01.741818428,19.490135,-78.74926
2020-09-02T06:40:01.791409969,19.479145,-78.75587
2020-09-02T06:40:01.942474365,19.453962,-78.74832
2020-09-02T06:40:04.507135391,18.465115,-82.90883
2020-09-02T06:40:04.544900894,18.46377,-82.907486
2020-09-02T06:40:04.634166717,18.443144,-82.88867
2020-09-02T06:40:04.713894844,18.465878,-82.910324
2020-09-02T06:40:04.727627754,18.44315,-82.88862
2020-09-02T06:40:05.006105422,18.282215,-83.345566
2020-09-02T06:40:09.095523834,19.528275,-78.31691
2020-09-02T06:40:09.125278472,19.533463,-78.3179
2020-09-02T06:40:09.163044929,19.533354,-78.30765
2020-09-02T06:40:09.165333747,19.533361,-78.304825
2020-09-02T06:40:09.167241096,19.528175,-78.31396
2020-09-02T06:40:09.169148445,19.533352,-78.28566
2020-09-02T06:40:09.208822250,19.518713,-78.285355
2020-09-02T06:40:09.210729598,19.517654,-78.30948
2020-09-02T06:40:09.244680404,19.522594,-78.306465
2020-09-02T06:40:09.292365074,19.533365,-78.33842
2020-09-02T06:40:09.298468589,19.521942,-78.31052
2020-09-02T06:40:09.300375938,19.533253,-78.30972
2020-09-02T06:40:09.391930580,19.523945,-78.31081
2020-09-02T06:40:09.399941444,19.533272,-78.28579
2020-09-02T06:40:09.401848793,19.533325,-78.31025
2020-09-02T06:40:09.415581703,19.533312,-78.2858
2020-09-02T06:40:09.449533462,19.533264,-78.285835
2020-09-02T06:40:09.451440811,19.52628,-78.30201
2020-09-02T06:40:09.453348159,19.533304,-78.30959
2020-09-02T06:40:09.463266372,19.533329,-78.30756
2020-09-02T06:40:09.465555191,19.522867,-78.300835
2020-09-02T06:40:09.467462539,19.518587,-78.3009
2020-09-02T06:40:09.517054557,19.522057,-78.30699
2020-09-02T06:40:09.520869255,19.533401,-78.31091
2020-09-02T06:40:09.523158073,19.533346,-78.28582
2020-09-02T06:40:09.546809196,19.533283,-78.303566
2020-09-02T06:40:09.596401214,19.53335,-78.31144
2020-09-02T06:40:09.598690032,19.533367,-78.311264
2020-09-02T06:40:09.622341156,19.53329,-78.303604
2020-09-02T06:40:09.379722595,18.442755,-82.888466
2020-09-02T06:40:09.604412078,18.442778,-82.88858
2020-09-02T06:40:09.668118476,18.412891,-82.904045
2020-09-02T06:40:09.670025825,18.442682,-82.88863
2020-09-02T06:40:09.671933174,18.40991,-82.9164
2020-09-02T06:40:09.725721359,18.363583,-82.884125
2020-09-02T06:40:09.779509544,18.414623,-82.90207
2020-09-02T06:40:09.803160667,18.44259,-82.88859
2020-09-02T06:40:09.831008911,18.442757,-82.91042
2020-09-02T06:40:09.938584327,18.418934,-82.91466
2020-09-02T06:40:09.954225540,18.42546,-82.90517
2020-09-02T06:40:09.990083694,18.442764,-82.90811
2020-09-02T06:40:09.389641761,19.454466,-78.7479
2020-09-02T06:40:09.391930580,19.454466,-78.7479
2020-09-02T06:40:09.393837928,19.45446,-78.747894
2020-09-02T06:40:09.503320693,19.4544,-78.74789
2020-09-02T06:40:09.515147209,19.4803,-78.76532
2020-09-02T06:40:09.534983634,19.454449,-78.74791
2020-09-02T06:40:09.564738273,19.471556,-78.758064
2020-09-02T06:40:09.566645622,19.454441,-78.747894
2020-09-02T06:40:09.588771820,19.469156,-78.76128
2020-09-02T06:40:09.604412078,19.454468,-78.74795
2020-09-02T06:40:09.606700897,19.482048,-78.74876
2020-09-02T06:40:09.628444671,19.454433,-78.747955
2020-09-02T06:40:09.630352020,19.454433,-78.747955
2020-09-02T06:40:09.656292915,19.4584,-78.74999
2020-09-02T06:40:09.658200263,19.454384,-78.74797
2020-09-02T06:40:09.662014961,19.471859,-78.766685
2020-09-02T06:40:09.668118476,19.454382,-78.74799
2020-09-02T06:40:09.678036689,19.454353,-78.74796
2020-09-02T06:40:09.692151069,19.454372,-78.74792
2020-09-02T06:40:09.705884933,19.454344,-78.74798
2020-09-02T06:40:09.717710494,19.454353,-78.74799
2020-09-02T06:40:09.731824874,19.45438,-78.748
2020-09-02T06:40:09.745557785,19.454395,-78.74803
2020-09-02T06:40:09.761580467,19.454391,-78.74806
2020-09-02T06:40:09.765395164,19.45438,-78.74808
2020-09-02T06:40:09.773406028,19.454374,-78.74808
2020-09-02T06:40:09.785613059,19.454218,-78.68866
2020-09-02T06:40:09.789427757,19.454329,-78.748
2020-09-02T06:40:09.801253318,19.45417,-78.70285
2020-09-02T06:40:09.845123291,19.444267,-78.75564
2020-09-02T06:40:09.847030639,19.454126,-78.67059
2020-09-02T06:40:09.848937988,19.454187,-78.69806
2020-09-02T06:40:09.851226806,19.454126,-78.670586
2020-09-02T06:40:09.855041503,19.45436,-78.74797
2020-09-02T06:40:09.856948852,19.454382,-78.747955
2020-09-02T06:40:09.874877929,19.454315,-78.74799
2020-09-02T06:40:09.894715309,19.454311,-78.748
2020-09-02T06:40:09.926758766,19.454372,-78.74796
2020-09-02T06:40:10.022128105,19.466051,-78.681305
2020-09-02T06:40:10.024035453,19.466644,-78.69181
2020-09-02T06:40:10.073627471,19.469837,-78.69112
2020-09-02T06:40:10.075534820,19.454294,-78.69729
2020-09-02T06:40:10.089649200,19.462597,-78.68113
2020-09-02T06:40:10.177006721,19.470518,-78.68418
2020-09-02T06:40:10.178914070,19.454153,-78.670685
2020-09-02T06:40:10.204854965,19.471619,-78.68529
2020-09-02T06:40:10.206762313,19.45415,-78.67067
2020-09-02T06:40:10.264746665,19.468863,-78.68669
2020-09-02T06:40:11.320289611,19.490883,-78.362686
2020-09-02T06:40:11.328300476,19.453362,-78.361725
2020-09-02T06:40:11.332115173,19.490839,-78.36271
2020-09-02T06:40:11.336311340,19.488762,-78.37281
2020-09-02T06:40:11.340126037,19.491396,-78.37363
2020-09-02T06:40:11.342033386,19.4942,-78.374306
2020-09-02T06:40:11.343940734,19.495127,-78.36282
2020-09-02T06:40:11.346229553,19.533113,-78.3638
2020-09-02T06:40:11.351951599,19.497032,-78.384964
2020-09-02T06:40:11.353858947,19.506868,-78.37706
2020-09-02T06:40:11.358055114,19.533216,-78.40394
2020-09-02T06:40:11.364158630,19.453442,-78.40028
2020-09-02T06:40:11.367973327,19.533335,-78.44119
2020-09-02T06:40:13.558788299,19.503311,-78.74986
2020-09-02T06:40:13.574810028,19.50595,-78.74988
2020-09-02T06:40:13.588542938,19.533342,-78.75066
2020-09-02T06:40:13.592739105,19.517342,-78.75021
2020-09-02T06:40:13.594646453,19.49959,-78.74971
2020-09-02T06:40:13.608379364,19.453531,-78.748375
2020-09-02T06:40:14.932481765,19.495232,-78.74932
2020-09-02T06:40:14.972154617,19.453175,-78.74814
2020-09-02T06:40:15.032047271,19.453129,-78.74813
2020-09-02T06:40:15.421533584,19.508917,-78.67233
2020-09-02T06:40:15.445566177,19.532608,-78.67303
2020-09-02T06:40:15.447473526,19.509777,-78.67239
2020-09-02T06:40:15.495159149,19.532608,-78.67301
2020-09-02T06:40:15.513088226,19.513382,-78.67251
2020-09-02T06:40:15.542842864,19.53267,-78.67305
2020-09-02T06:40:15.552761077,19.532694,-78.67305
2020-09-02T06:40:15.558864593,19.51075,-78.67241
2020-09-02T06:40:15.568782806,19.532642,-78.673004
2020-09-02T06:40:15.582515716,19.532583,-78.67303
2020-09-02T06:40:15.612653732,19.532589,-78.67301
2020-09-02T06:40:15.614561080,19.532598,-78.673004
2020-09-02T06:40:15.618375778,19.532614,-78.67299
2020-09-02T06:40:15.630201339,19.516596,-78.68522
2020-09-02T06:40:15.656141281,19.532553,-78.672935
2020-09-02T06:40:15.664152145,19.532532,-78.67298
2020-09-02T06:40:15.703824996,19.532673,-78.673
2020-09-02T06:40:15.706113815,19.532682,-78.67303
2020-09-02T06:40:15.739685058,19.532576,-78.67293
2020-09-02T06:40:15.831237792,19.532618,-78.67295
2020-09-02T06:40:16.334022521,19.476393,-78.74875
2020-09-02T06:40:16.364160537,19.452902,-78.74811
2020-09-02T06:40:16.383996963,19.482225,-78.749016
2020-09-02T06:40:16.423669815,19.452917,-78.74819
2020-09-02T06:40:16.477458953,19.478586,-78.74892
2020-09-02T06:40:16.499202728,19.45295,-78.74823
2020-09-02T06:40:16.584651947,19.452906,-78.748146
2020-09-02T06:40:16.624326705,19.45286,-78.74818
2020-09-02T06:40:17.079807281,18.286444,-83.328735
2020-09-02T06:40:17.260627746,18.286476,-83.32595
2020-09-02T06:40:17.331962585,18.286476,-83.327095
2020-09-02T06:40:17.387659072,18.286493,-83.32728
2020-09-02T06:40:18.908601760,19.531637,-78.310616
2020-09-02T06:40:18.936449050,19.53165,-78.319725
2020-09-02T06:40:18.938356399,19.53166,-78.32454
2020-09-02T06:40:18.950565338,19.526913,-78.314606
2020-09-02T06:40:18.952472686,19.531689,-78.32478
2020-09-02T06:40:19.006259918,19.515574,-78.32276
2020-09-02T06:40:19.029911041,19.523691,-78.3199
2020-09-02T06:40:19.053943634,19.522724,-78.32693
2020-09-02T06:40:19.057758331,19.531656,-78.31826
2020-09-02T06:40:19.061954498,19.531652,-78.32177
2020-09-02T06:40:19.089803695,19.512808,-78.341576
2020-09-02T06:40:19.099721908,19.531693,-78.32219
2020-09-02T06:40:19.101629257,19.51898,-78.33253
2020-09-02T06:40:19.123373031,19.531752,-78.36399
2020-09-02T06:40:19.175252914,19.524204,-78.32367
2020-09-02T06:40:19.200813293,19.513065,-78.32508
2020-09-02T06:40:19.214927673,19.523344,-78.3235
2020-09-02T06:40:19.218742370,19.531517,-78.28662
2020-09-02T06:40:19.226753234,19.505814,-78.32332
2020-09-02T06:40:19.284355163,19.518309,-78.3264
2020-09-02T06:40:19.878691674,19.471565,-82.528564
2020-09-02T06:40:19.882887841,19.486418,-82.53468
2020-09-02T06:40:19.902724267,19.471537,-82.52775
2020-09-02T06:40:19.920653821,19.471218,-82.48032
2020-09-02T06:40:19.964141846,19.482008,-82.518295
2020-09-02T06:40:19.986267567,19.487675,-82.51683
2020-09-02T06:40:19.990082264,19.47128,-82.48027
2020-09-02T06:40:19.991989613,19.471432,-82.50402
2020-09-02T06:40:19.993896962,19.486765,-82.51226
2020-09-02T06:40:20.001908302,19.47112,-82.48026
2020-09-02T06:40:20.003815650,19.471289,-82.50145
2020-09-02T06:40:20.006104469,19.471357,-82.50922
2020-09-02T06:40:20.008011817,19.471302,-82.50058
2020-09-02T06:40:20.011826515,19.471159,-82.4802
2020-09-02T06:40:20.014115333,19.472202,-82.49558
2020-09-02T06:40:20.017930030,19.446173,-82.56855
2020-09-02T06:40:20.077440261,19.48631,-82.51928
2020-09-02T06:40:20.083543777,19.462643,-82.55676
2020-09-02T06:40:20.125124931,19.428041,-82.59706
2020-09-02T06:40:20.272374153,19.48881,-82.522995
2020-09-02T06:40:20.272374153,19.312632,-82.62743
2020-09-02T06:40:20.274281501,19.471426,-82.51586
2020-09-02T06:40:21.407645702,18.459873,-82.89011
2020-09-02T06:40:21.409553050,18.45961,-82.890114
2020-09-02T06:40:21.449607849,18.44085,-82.88898
2020-09-02T06:40:21.451515674,18.440857,-82.888985
2020-09-02T06:40:21.477455615,18.44086,-82.88899
2020-09-02T06:40:21.515222072,18.440866,-82.889015
2020-09-02T06:40:21.544977188,18.440845,-82.889
2020-09-02T06:40:21.546884536,18.453651,-82.889725
2020-09-02T06:40:21.701763629,18.456213,-82.88415
2020-09-02T06:40:21.457237720,18.284616,-83.07749
2020-09-02T06:40:21.503014564,18.284275,-83.07836
2020-09-02T06:40:21.536965847,18.284296,-83.08585
2020-09-02T06:40:21.538873195,18.284258,-83.07987
2020-09-02T06:40:21.568628311,18.28422,-83.07835
2020-09-02T06:40:21.570917129,18.28424,-83.07904
2020-09-02T06:40:21.578547000,18.284216,-83.076225
2020-09-02T06:40:21.580835819,18.28419,-83.072815
2020-09-02T06:40:21.582743167,18.284214,-83.075645
2020-09-02T06:40:21.622416496,18.279926,-83.06481
2020-09-02T06:40:21.624323844,18.279669,-83.0689
2020-09-02T06:40:21.626231193,18.284134,-83.06935
2020-09-02T06:40:21.663997173,18.283867,-83.035416
2020-09-02T06:40:21.672008514,18.283903,-83.035416
2020-09-02T06:40:21.674297332,18.284063,-83.05634
2020-09-02T06:40:21.676204681,18.284056,-83.05548
2020-09-02T06:40:21.678112030,18.280102,-83.05855
2020-09-02T06:40:21.680019378,18.281488,-83.05627
2020-09-02T06:40:21.681926727,18.284021,-83.05136
2020-09-02T06:40:21.684215545,18.283997,-83.04854
2020-09-02T06:40:21.686122894,18.283892,-83.03544
2020-09-02T06:40:21.689937591,18.283884,-83.035446
2020-09-02T06:40:21.691844940,18.283876,-83.03544
2020-09-02T06:40:21.694133758,18.283953,-83.04694
2020-09-02T06:40:21.696041107,18.283941,-83.046906
2020-09-02T06:40:21.697948455,18.282772,-83.04091
2020-09-02T06:40:21.699856281,18.280346,-83.04458
2020-09-02T06:40:21.721981525,18.450195,-82.88902
2020-09-02T06:40:21.747540473,18.283955,-83.05023
2020-09-02T06:40:21.749829292,18.288586,-83.05692
2020-09-02T06:40:21.751736640,18.283842,-83.03541
2020-09-02T06:40:21.777677059,18.284416,-83.11311
2020-09-02T06:40:21.817350387,18.284163,-83.08023
2020-09-02T06:40:21.829176425,18.440763,-82.88893
2020-09-02T06:40:21.831083774,18.440765,-82.88892
2020-09-02T06:40:21.849012851,18.440823,-82.88894
2020-09-02T06:40:21.857024192,18.282616,-83.05175
2020-09-02T06:40:21.858931541,18.284235,-83.06415
2020-09-02T06:40:21.892882823,18.288395,-83.05816
2020-09-02T06:40:21.894790172,18.28363,-83.041176
2020-09-02T06:40:21.940567016,18.284254,-83.07668
2020-09-02T06:40:21.994355201,18.284006,-83.05229
2020-09-02T06:40:21.996262550,18.283875,-83.035355
2020-09-02T06:40:21.827650547,15.254006,-82.11999
2020-09-02T06:40:21.829557895,15.258636,-82.140564
2020-09-02T06:40:21.831465244,15.256458,-82.13776
2020-09-02T06:40:21.835661411,15.240722,-82.1524
2020-09-02T06:40:21.841383457,15.272253,-82.129944
2020-09-02T06:40:21.843672275,15.317484,-82.11934
2020-09-02T06:40:21.847486972,15.317495,-82.119316
2020-09-02T06:40:21.857405662,15.317594,-82.11933
2020-09-02T06:40:21.861601829,15.317663,-82.11935
2020-09-02T06:40:21.865416526,15.30329,-82.102936
2020-09-02T06:40:21.867323875,15.317495,-82.1193
2020-09-02T06:40:21.937133789,15.240622,-82.11609
2020-09-02T06:40:21.968796253,15.296786,-82.11177
2020-09-02T06:40:21.970703601,15.303614,-82.10059
2020-09-02T06:40:21.972610950,15.286117,-82.11326
2020-09-02T06:40:21.974899768,15.281299,-82.11696
2020-09-02T06:40:21.976807117,15.279029,-82.10802
2020-09-02T06:40:21.978714942,15.28096,-82.11506
2020-09-02T06:40:21.980622291,15.280439,-82.11333
2020-09-02T06:40:21.982529640,15.289201,-82.08828
2020-09-02T06:40:21.984818458,15.302182,-82.09865
2020-09-02T06:40:21.986725807,15.317535,-82.11941
2020-09-02T06:40:21.988633155,15.317522,-82.1194
2020-09-02T06:40:22.042421340,15.317142,-82.04341
2020-09-02T06:40:22.044328689,15.294266,-82.05991
2020-09-02T06:40:22.046236038,15.287562,-82.06951
2020-09-02T06:40:22.048143386,15.290714,-82.07099
2020-09-02T06:40:22.050432205,15.317385,-82.07712
2020-09-02T06:40:22.056154251,15.317177,-82.04338
2020-09-02T06:40:22.058061599,15.317289,-82.06898
2020-09-02T06:40:22.060350418,15.317285,-82.071396
2020-09-02T06:40:22.062257766,15.31728,-82.0705
2020-09-02T06:40:22.064165115,15.265617,-82.09381
2020-09-02T06:40:22.066072463,15.2865,-82.06884
2020-09-02T06:40:22.067979812,15.317363,-82.080025
2020-09-02T06:40:21.566720962,19.452478,-78.748505
2020-09-02T06:40:21.596476078,19.452524,-78.74847
2020-09-02T06:40:21.656367778,19.453255,-78.75367
2020-09-02T06:40:21.658275127,19.452463,-78.74842
2020-09-02T06:40:21.662089824,19.452463,-78.74843
2020-09-02T06:40:21.664378643,19.452475,-78.74843
2020-09-02T06:40:21.678112030,19.452509,-78.74843
2020-09-02T06:40:21.697948455,19.452446,-78.74842
2020-09-02T06:40:21.723888874,19.452492,-78.74843
2020-09-02T06:40:21.755551338,19.452484,-78.74846
2020-09-02T06:40:21.757458686,19.460695,-78.755844
2020-09-02T06:40:21.787595272,19.45246,-78.74844
2020-09-02T06:40:21.857024192,19.458126,-78.760544
2020-09-02T06:40:21.858931541,19.445295,-78.75609
2020-09-02T06:40:21.860838890,19.45265,-78.74839
2020-09-02T06:40:21.866942405,19.452475,-78.74835
2020-09-02T06:40:21.871138572,19.452372,-78.74832
2020-09-02T06:40:21.900893688,19.452612,-78.76112
2020-09-02T06:40:21.924545288,19.4525,-78.74834
2020-09-02T06:40:21.926452636,19.452497,-78.74835
2020-09-02T06:40:21.946671009,19.45249,-78.74841
2020-09-02T06:40:21.966507434,19.452616,-78.76175
2020-09-02T06:40:21.976425647,19.45258,-78.75896
2020-09-02T06:40:21.978333473,19.452555,-78.74847
2020-09-02T06:40:21.984436988,19.45253,-78.748474
2020-09-02T06:40:21.986344337,19.45258,-78.77377
2020-09-02T06:40:21.998169898,19.45248,-78.74834
2020-09-02T06:40:22.009995937,19.450226,-78.7563
2020-09-02T06:40:22.012284755,19.445993,-78.75718
2020-09-02T06:40:22.016099452,19.452526,-78.74841
2020-09-02T06:40:22.018006801,19.452522,-78.74841
2020-09-02T06:40:22.019914150,19.452517,-78.748405
2020-09-02T06:40:22.022202968,19.452517,-78.7484
2020-09-02T06:40:22.099642276,19.449455,-78.76301
2020-09-02T06:40:22.123293876,19.445189,-78.7585
2020-09-02T06:40:22.161059856,19.452475,-78.74847
2020-09-02T06:40:22.163349151,19.452513,-78.75938
2020-09-02T06:40:25.040056228,18.636562,-82.49428
2020-09-02T06:40:25.041963577,18.62127,-82.505295
2020-09-02T06:40:25.043870925,18.622606,-82.50125
2020-09-02T06:40:25.133518218,18.636374,-82.494736
2020-09-02T06:40:25.135425567,18.618835,-82.50924
2020-09-02T06:40:25.137332916,18.624998,-82.51088
2020-09-02T06:40:25.151065826,18.596672,-82.50936
2020-09-02T06:40:25.167087554,18.596703,-82.50933
2020-09-02T06:40:25.171283721,18.607952,-82.51122
2020-09-02T06:40:25.183110237,18.596724,-82.50937
2020-09-02T06:40:25.123600006,19.452,-78.361755
2020-09-02T06:40:25.125507354,19.47024,-78.362236
2020-09-02T06:40:25.127414703,19.46982,-78.362236
2020-09-02T06:40:25.135425567,19.45203,-78.361786
2020-09-02T06:40:25.137332916,19.464748,-78.362114
2020-09-02T06:40:25.175098419,19.468401,-78.358406
2020-09-02T06:40:25.177005767,19.463854,-78.360954
2020-09-02T06:40:25.179294586,19.474443,-78.36239
2020-09-02T06:40:25.230793952,19.49043,-78.362816
2020-09-02T06:40:25.242620468,19.464098,-78.36116
2020-09-02T06:40:25.178913116,19.401299,-82.545135
2020-09-02T06:40:25.180821418,19.39203,-82.553894
2020-09-02T06:40:25.252538681,19.39196,-82.55379
2020-09-02T06:40:25.321967124,19.39204,-82.55385
2020-09-02T06:40:25.324255943,19.392057,-82.55385
2020-09-02T06:40:25.326163291,19.392075,-82.55385
2020-09-02T06:40:25.407417297,19.392025,-82.55391
2020-09-02T06:40:25.409706115,19.392023,-82.5539
2020-09-02T06:40:25.411613464,19.395134,-82.549614
2020-09-02T06:40:25.413520812,19.39195,-82.54291
2020-09-02T06:40:25.415428161,19.392038,-82.5539
2020-09-02T06:40:25.469216346,19.37096,-82.56353
2020-09-02T06:40:25.471123695,19.378527,-82.54979
2020-09-02T06:40:25.495157241,19.363443,-82.55994
2020-09-02T06:40:25.508890151,19.392115,-82.55388
2020-09-02T06:40:25.534830093,19.392082,-82.55393
2020-09-02T06:40:25.542840957,19.380705,-82.5525
2020-09-02T06:40:25.544748306,19.408497,-82.537895
2020-09-02T06:40:25.612269401,19.32073,-82.575806
2020-09-02T06:40:25.626384735,19.392122,-82.55393
2020-09-02T06:40:25.721753120,19.36234,-82.581436
2020-09-02T06:40:25.526819229,18.712603,-82.360275
2020-09-02T06:40:25.532922744,18.71065,-82.36018
2020-09-02T06:40:25.548944473,18.674908,-82.358284
2020-09-02T06:40:25.558863639,18.67496,-82.358246
2020-09-02T06:40:25.560770988,18.67497,-82.35824
2020-09-02T06:40:25.606547355,18.754217,-82.36248
2020-09-02T06:40:25.675976753,18.729918,-82.36116
2020-09-02T06:40:25.682080268,18.754221,-82.36245
2020-09-02T06:40:25.685894966,18.739223,-82.34403
2020-09-02T06:40:25.688183784,18.712206,-82.34733
2020-09-02T06:40:25.703824043,18.731636,-82.343
2020-09-02T06:40:25.705731391,18.711502,-82.34793
2020-09-02T06:40:25.751508712,18.710436,-82.3452
2020-09-02T06:40:25.787366867,18.728619,-82.34661
2020-09-02T06:40:25.789274215,18.710857,-82.36015
2020-09-02T06:40:25.801482200,18.727758,-82.34442
2020-09-02T06:40:25.803389549,18.675074,-82.358215
2020-09-02T06:40:25.813307762,18.754135,-82.32906
2020-09-02T06:40:25.888839721,18.709888,-82.34222
2020-09-02T06:40:25.942627906,18.736378,-82.33964
2020-09-02T06:40:26.751737594,19.45331,-78.74847
2020-09-02T06:40:26.753644943,19.453396,-78.77963
2020-09-02T06:40:26.821166038,19.453451,-78.77741
2020-09-02T06:40:26.853210449,19.45343,-78.78349
2020-09-02T06:40:26.926453590,19.453411,-78.7783
2020-09-02T06:40:26.928742408,19.45335,-78.74845
2020-09-02T06:40:26.956589698,19.453382,-78.77836
2020-09-02T06:40:26.976427078,19.461733,-78.76762
2020-09-02T06:40:26.978334426,19.453455,-78.77386
2020-09-02T06:40:26.980241775,19.453468,-78.777435
2020-09-02T06:40:26.998170852,19.453432,-78.781746
2020-09-02T06:40:27.001985549,19.453403,-78.78409
2020-09-02T06:40:27.004274368,19.453407,-78.7908
2020-09-02T06:40:27.006181716,19.453392,-78.79027
2020-09-02T06:40:27.008089065,19.45337,-78.785995
2020-09-02T06:40:27.022203445,19.45352,-78.796715
2020-09-02T06:40:27.024110794,19.461414,-78.79834
2020-09-02T06:40:27.026018142,19.455172,-78.78913
2020-09-02T06:40:27.051959037,19.453371,-78.74836
2020-09-02T06:40:27.053866386,19.461094,-78.80188
2020-09-02T06:40:27.055773735,19.459072,-78.79884
2020-09-02T06:40:27.057681083,19.460756,-78.8084
2020-09-02T06:40:27.059969902,19.453512,-78.79684
2020-09-02T06:40:27.061877250,19.453592,-78.82581
2020-09-02T06:40:27.083621025,19.458584,-78.81527
2020-09-02T06:40:27.085528373,19.453487,-78.80153
2020-09-02T06:40:27.089724540,19.45824,-78.80827
2020-09-02T06:40:27.091631889,19.453547,-78.82581
2020-09-02T06:40:27.095446586,19.453537,-78.808464
2020-09-02T06:40:27.097735404,19.459024,-78.81207
2020-09-02T06:40:27.099643707,19.45357,-78.80795
2020-09-02T06:40:27.105365753,19.453602,-78.8258
2020-09-02T06:40:27.107654571,19.46198,-78.82117
2020-09-02T06:40:27.109561920,19.46402,-78.816055
2020-09-02T06:40:27.111469268,19.453518,-78.80277
2020-09-02T06:40:27.117572784,19.482098,-78.826614
2020-09-02T06:40:27.131305694,19.481628,-78.826614
2020-09-02T06:40:27.133213043,19.453505,-78.82578
2020-09-02T06:40:27.193104743,19.453566,-78.82582
2020-09-02T06:40:27.195012092,19.465141,-78.813
2020-09-02T06:40:27.196919441,19.461683,-78.79848
2020-09-02T06:40:27.230871200,19.46377,-78.813095
2020-09-02T06:40:27.232778549,19.45358,-78.782875
2020-09-02T06:40:27.248800277,19.453577,-78.82589
2020-09-02T06:40:27.250707626,19.46025,-78.80619
2020-09-02T06:40:27.252614974,19.460386,-78.802444
2020-09-02T06:40:27.254522323,19.448383,-78.796776
2020-09-02T06:40:27.264440536,19.453365,-78.74848
2020-09-02T06:40:27.268636703,19.45354,-78.82586
2020-09-02T06:40:27.270544052,19.453533,-78.82586
2020-09-02T06:40:27.272451400,19.456707,-78.81775
2020-09-02T06:40:27.274358749,19.453438,-78.80067
2020-09-02T06:40:27.280462265,19.453478,-78.83612
2020-09-02T06:40:27.282369613,19.45711,-78.81416
2020-09-02T06:40:27.284659385,19.453495,-78.8259
2020-09-02T06:40:27.286566734,19.453518,-78.82589
2020-09-02T06:40:27.288474082,19.446033,-78.83009
2020-09-02T06:40:27.290381431,19.45296,-78.81283
2020-09-02T06:40:27.292288780,19.442747,-78.83192
2020-09-02T06:40:27.294577598,19.45345,-78.799126
2020-09-02T06:40:27.298392295,19.453358,-78.78398
2020-09-02T06:40:27.300299644,19.447332,-78.81462
2020-09-02T06:40:27.302206993,19.453444,-78.825836
2020-09-02T06:40:27.312506675,19.410389,-78.83966
2020-09-02T06:40:27.318228721,19.373755,-78.82348
2020-09-02T06:40:27.320136070,19.404099,-78.83989
2020-09-02T06:40:27.322424888,19.440699,-78.80825
2020-09-02T06:40:27.324332237,19.411507,-78.835464
2020-09-02T06:40:27.328146934,19.399584,-78.83817
2020-09-02T06:40:27.332343101,19.388615,-78.8417
2020-09-02T06:40:27.334250450,19.397877,-78.84321
2020-09-02T06:40:27.336157798,19.412907,-78.833885
2020-09-02T06:40:27.338065147,19.453146,-78.78745
2020-09-02T06:40:27.339972496,19.40823,-78.83568
2020-09-02T06:40:27.342261314,19.40796,-78.83224
2020-09-02T06:40:27.344168663,19.41589,-78.83549
2020-09-02T06:40:27.347984313,19.373875,-78.85057
2020-09-02T06:40:27.350273132,19.398825,-78.845436
2020-09-02T06:40:27.354087829,19.383106,-78.85212
2020-09-02T06:40:27.355995178,19.396759,-78.8467
2020-09-02T06:40:27.357902526,19.453394,-78.783905
2020-09-02T06:40:27.367820739,19.373943,-78.879295
2020-09-02T06:40:27.370109558,19.37392,-78.86322
2020-09-02T06:40:27.375831604,19.37398,-78.87934
2020-09-02T06:40:27.377738952,19.373966,-78.872406
2020-09-02T06:40:27.380027770,19.374044,-78.90087
2020-09-02T06:40:27.381935119,19.444077,-78.77647
2020-09-02T06:40:27.383842468,19.43109,-78.80989
2020-09-02T06:40:27.389945983,19.374063,-78.90087
2020-09-02T06:40:27.395668029,19.357967,-78.900406
2020-09-02T06:40:27.399864196,19.406246,-78.84544
2020-09-02T06:40:27.401771545,19.405836,-78.87084
2020-09-02T06:40:27.403678894,19.373953,-78.90088
2020-09-02T06:40:27.407876014,19.373926,-78.90086
2020-09-02T06:40:27.411690711,19.373922,-78.900856
2020-09-02T06:40:27.413598060,19.389572,-78.89899
2020-09-02T06:40:27.415886878,19.400444,-78.85757
2020-09-02T06:40:27.417794227,19.453436,-78.77534
2020-09-02T06:40:27.419701576,19.361532,-78.91746
2020-09-02T06:40:27.421608924,19.37405,-78.90088
2020-09-02T06:40:27.423516273,19.294355,-78.8985
2020-09-02T06:40:27.423516273,19.374107,-78.92619
2020-09-02T06:40:27.425805091,19.358347,-78.92115
2020-09-02T06:40:27.427712440,19.41738,-78.84901
2020-09-02T06:40:27.429619789,19.36945,-78.91543
2020-09-02T06:40:27.431527137,19.415697,-78.86018
2020-09-02T06:40:27.433434486,19.387646,-78.89067
2020-09-02T06:40:27.435723304,19.381315,-78.9039
2020-09-02T06:40:27.437630653,19.404331,-78.87202
2020-09-02T06:40:27.439538002,19.408916,-78.863205
2020-09-02T06:40:27.441445350,19.410923,-78.855
2020-09-02T06:40:27.443352699,19.414946,-78.84431
2020-09-02T06:40:27.445641517,19.453472,-78.79411
2020-09-02T06:40:27.447548866,19.453556,-78.825745
2020-09-02T06:40:27.449456214,19.374012,-78.90076
2020-09-02T06:40:27.479211807,19.374023,-78.900826
2020-09-02T06:40:27.497140884,19.4536,-78.82583
2020-09-02T06:40:27.499048233,19.453615,-78.82583
2020-09-02T06:40:27.501337051,19.453627,-78.82583
2020-09-02T06:40:27.503244400,19.453533,-78.79164
2020-09-02T06:40:27.507059097,19.420666,-78.90221
2020-09-02T06:40:27.511255264,19.453785,-78.90318
2020-09-02T06:40:27.513162612,19.419903,-78.90217
2020-09-02T06:40:27.515069961,19.406021,-78.88256
2020-09-02T06:40:27.515069961,19.294735,-79.05306
2020-09-02T06:40:27.516977310,19.29472,-79.05306
2020-09-02T06:40:27.516977310,19.427605,-78.85551
2020-09-02T06:40:27.518884658,19.416166,-78.86101
2020-09-02T06:40:27.519266128,19.294704,-79.05306
2020-09-02T06:40:27.521173477,19.294691,-79.05306
2020-09-02T06:40:27.521173477,19.453585,-78.854546
2020-09-02T06:40:27.523080825,19.29469,-79.05306
2020-09-02T06:40:27.523080825,19.453604,-78.86276
2020-09-02T06:40:27.524988174,19.316935,-79.05376
2020-09-02T06:40:27.524988174,19.437113,-78.82502
2020-09-02T06:40:27.526895523,19.453503,-78.82579
2020-09-02T06:40:27.526895523,19.322622,-79.05393
2020-09-02T06:40:27.529184341,19.32671,-79.05406
2020-09-02T06:40:27.529184341,19.4535,-78.82579
2020-09-02T06:40:27.531091690,19.368547,-78.97963
2020-09-02T06:40:27.532999992,19.373802,-78.964134
2020-09-02T06:40:27.534907341,19.400827,-78.904106
2020-09-02T06:40:27.536814689,19.42557,-78.828835
2020-09-02T06:40:27.536814689,19.338846,-79.05444
2020-09-02T06:40:27.539103507,19.335096,-79.05433
2020-09-02T06:40:27.539103507,19.44185,-78.81106
2020-09-02T06:40:27.541010856,19.453547,-78.825806
2020-09-02T06:40:27.541010856,19.374416,-79.05555
2020-09-02T06:40:27.542918205,19.453558,-78.82581
2020-09-02T06:40:27.544825553,19.453571,-78.82581
2020-09-02T06:40:27.546732902,19.453583,-78.82582
2020-09-02T06:40:27.549021720,19.453596,-78.82583
2020-09-02T06:40:27.550929069,19.453516,-78.78957
2020-09-02T06:40:27.554743766,19.453594,-78.82586
2020-09-02T06:40:27.557032585,19.453588,-78.82587
2020-09-02T06:40:27.572672843,19.45381,-78.90324
2020-09-02T06:40:27.650112152,19.453777,-78.90331
2020-09-02T06:40:27.674145698,19.45341,-78.748505
2020-09-02T06:40:27.676053047,19.453402,-78.74849
2020-09-02T06:40:28.344017028,19.124975,-82.83428
2020-09-02T06:40:28.345924377,19.12055,-82.832634
2020-09-02T06:40:28.377967834,19.13427,-82.8423
2020-09-02T06:40:28.381782531,19.110367,-82.82731
2020-09-02T06:40:28.409630775,19.14317,-82.83825
2020-09-02T06:40:28.411538124,19.122187,-82.84612
2020-09-02T06:40:28.479059219,19.122871,-82.82217
2020-09-02T06:40:28.582438468,19.075827,-82.81581
2020-09-02T06:40:28.586635589,19.147905,-82.83178
2020-09-02T06:40:28.588542938,19.133032,-82.82661
2020-09-02T06:40:28.590450286,19.075783,-82.81119
2020-09-02T06:40:29.326316833,18.287,-83.32779
2020-09-02T06:40:29.359886169,18.286963,-83.32765
2020-09-02T06:40:28.916611671,19.468204,-78.688835
2020-09-02T06:40:28.926529884,19.453197,-78.67073
2020-09-02T06:40:28.928437232,19.467934,-78.67115
2020-09-02T06:40:28.930726051,19.453218,-78.67074
2020-09-02T06:40:28.932633399,19.46888,-78.67119
2020-09-02T06:40:28.934540748,19.453203,-78.67075
2020-09-02T06:40:28.994050979,19.533195,-78.750465
2020-09-02T06:40:29.004350662,19.45315,-78.67073
2020-09-02T06:40:29.006258010,19.481577,-78.74163
2020-09-02T06:40:29.008165359,19.453342,-78.74807
2020-09-02T06:40:29.019991874,19.486618,-78.749176
2020-09-02T06:40:29.037920951,19.453314,-78.74813
2020-09-02T06:40:29.039828300,19.453323,-78.74817
2020-09-02T06:40:29.065768241,19.482025,-78.7389
2020-09-02T06:40:29.097431182,19.482061,-78.69957
2020-09-02T06:40:29.099720001,19.458797,-78.68057
2020-09-02T06:40:29.101627349,19.462101,-78.67998
2020-09-02T06:40:29.103534698,19.453201,-78.6708
2020-09-02T06:40:29.155415534,19.460892,-78.67856
2020-09-02T06:40:29.161137580,19.483875,-78.73485
2020-09-02T06:40:29.167241096,19.491076,-78.74922
2020-09-02T06:40:29.175251960,19.490143,-78.7394
2020-09-02T06:40:29.218740463,19.464115,-78.67398
2020-09-02T06:40:29.222936630,19.453094,-78.67081
2020-09-02T06:40:29.234762191,19.45307,-78.67075
2020-09-02T06:40:29.278632164,19.464746,-78.68158
2020-09-02T06:40:29.286643028,19.453186,-78.67085
2020-09-02T06:40:29.288550376,19.453192,-78.67087
2020-09-02T06:40:29.294272422,19.45318,-78.67084
2020-09-02T06:40:29.300375938,19.453152,-78.67076
2020-09-02T06:40:29.302283287,19.453154,-78.67075
2020-09-02T06:40:29.304190635,19.453157,-78.67075
2020-09-02T06:40:29.306479454,19.458073,-78.67706
2020-09-02T06:40:29.308386802,19.464117,-78.682304
2020-09-02T06:40:29.357978820,19.462254,-78.6749
2020-09-02T06:40:29.369804382,19.462523,-78.67947
2020-09-02T06:40:29.372093200,19.45544,-78.67753
2020-09-02T06:40:29.425499916,19.45435,-78.67367
2020-09-02T06:40:29.427788734,19.466232,-78.67214
2020-09-02T06:40:29.429696083,19.465017,-78.67105
2020-09-02T06:40:29.483102798,19.456367,-78.675064
2020-09-02T06:40:29.487298965,19.46823,-78.67033
2020-09-02T06:40:29.515147209,19.472073,-78.670944
2020-09-02T06:40:29.517054557,19.453106,-78.67077
2020-09-02T06:40:29.542994499,19.466547,-78.68047
2020-09-02T06:40:29.544901847,19.45312,-78.67085
2020-09-02T06:40:29.616619110,19.464577,-78.67229
2020-09-02T06:40:29.725721359,19.453066,-78.67083
2020-09-02T06:40:29.728010177,19.45307,-78.67083
2020-09-02T06:40:31.083774566,18.441057,-82.88873
2020-09-02T06:40:31.105518341,18.441053,-82.88879
2020-09-02T06:40:31.107425689,18.441082,-82.88878
2020-09-02T06:40:31.268407821,18.441048,-82.88865
2020-09-02T06:40:31.270696640,18.46584,-82.90377
2020-09-02T06:40:31.272603988,18.46474,-82.9039
2020-09-02T06:40:31.274511337,18.463415,-82.90461
2020-09-02T06:40:31.306175231,18.441082,-82.888725
2020-09-02T06:40:31.308464050,18.44108,-82.88875
2020-09-02T06:40:31.397727966,18.463562,-82.89004
2020-09-02T06:40:31.407648086,18.440971,-82.88868
2020-09-02T06:40:31.455331802,18.440989,-82.888725
2020-09-02T06:40:31.527050018,18.440987,-82.88868
2020-09-02T06:40:31.546886444,18.440935,-82.88875
2020-09-02T06:40:31.574733734,18.44095,-82.88879
2020-09-02T06:40:31.662092208,18.440916,-82.88868
2020-09-02T06:40:32.242696762,19.477852,-78.76183
2020-09-02T06:40:32.270545959,19.452557,-78.74824
2020-09-02T06:40:32.274360656,19.490993,-78.749374
2020-09-02T06:40:32.336158752,19.495392,-78.74949
2020-09-02T06:40:32.377738952,19.532377,-78.75058
2020-09-02T06:40:33.332191467,18.36235,-82.962006
2020-09-02T06:40:33.344017028,18.362427,-82.96201
2020-09-02T06:40:33.207067489,19.452604,-78.748245
2020-09-02T06:40:33.270393371,19.452612,-78.74824
2020-09-02T06:40:33.361946105,19.46538,-78.752495
2020-09-02T06:40:33.377967834,19.452618,-78.74821
2020-09-02T06:40:33.387887954,19.452604,-78.74824
2020-09-02T06:40:33.421838760,19.452625,-78.74834
2020-09-02T06:40:33.451593399,19.452578,-78.748314
2020-09-02T06:40:32.864883422,19.531458,-78.33475
2020-09-02T06:40:32.867172241,19.53147,-78.33476
2020-09-02T06:40:32.877090454,19.531437,-78.32742
2020-09-02T06:40:32.878997802,19.523727,-78.338356
2020-09-02T06:40:32.896928787,19.531313,-78.28615
2020-09-02T06:40:32.936601638,19.524681,-78.335144
2020-09-02T06:40:32.938508987,19.531443,-78.314384
2020-09-02T06:40:32.940416336,19.5294,-78.312195
2020-09-02T06:40:32.948427200,19.53145,-78.32736
2020-09-02T06:40:32.972459793,19.531488,-78.3442
2020-09-02T06:40:32.974367141,19.527035,-78.32059
2020-09-02T06:40:32.982378005,19.53147,-78.31554
2020-09-02T06:40:32.986192703,19.5314,-78.28613
2020-09-02T06:40:32.988100051,19.531393,-78.286156
2020-09-02T06:40:32.990388870,19.531435,-78.31305
2020-09-02T06:40:32.992296218,19.53138,-78.28618
2020-09-02T06:40:33.002214431,19.53137,-78.28621
2020-09-02T06:40:33.004121780,19.53143,-78.31007
2020-09-02T06:40:33.043796539,19.531382,-78.29531
2020-09-02T06:40:33.046085357,19.531448,-78.33062
2020-09-02T06:40:33.047992706,19.531511,-78.36359
2020-09-02T06:40:33.107501983,19.531439,-78.28627
2020-09-02T06:40:33.202871322,19.53152,-78.32221
2020-09-02T06:40:33.204778671,19.522875,-78.337685
2020-09-02T06:40:33.220800399,19.531494,-78.335884
2020-09-02T06:40:33.232625961,19.512716,-78.333694
2020-09-02T06:40:33.234914779,19.528212,-78.31175
2020-09-02T06:40:33.240636825,19.531471,-78.32185
2020-09-02T06:40:33.242925643,19.524923,-78.32751
2020-09-02T06:40:33.244832992,19.519241,-78.324875
2020-09-02T06:40:33.246740341,19.520298,-78.31185
2020-09-02T06:40:33.248647689,19.515577,-78.31718
2020-09-02T06:40:33.250555038,19.531387,-78.28625
2020-09-02T06:40:33.254751205,19.5085,-78.28567
2020-09-02T06:40:33.256660461,19.519007,-78.29557
2020-09-02T06:40:33.258567810,19.51172,-78.32807
2020-09-02T06:40:33.284507751,19.451576,-78.28414
2020-09-02T06:40:33.286415100,19.495462,-78.28859
2020-09-02T06:40:33.290611267,19.510406,-78.32175
2020-09-02T06:40:33.294425964,19.53144,-78.32797
2020-09-02T06:40:33.302436828,19.45154,-78.28416
2020-09-02T06:40:33.304344177,19.510607,-78.30659
2020-09-02T06:40:33.312355041,19.531574,-78.363556
2020-09-02T06:40:33.399713516,19.509165,-78.32381
2020-09-02T06:40:33.401620864,19.5314,-78.28624
2020-09-02T06:40:33.403909683,19.493265,-78.297066
2020-09-02T06:40:33.423746109,19.512854,-78.32546
2020-09-02T06:40:33.425653457,19.493572,-78.285286
2020-09-02T06:40:33.483255386,19.491589,-78.323845
2020-09-02T06:40:33.485162734,19.53147,-78.3204
2020-09-02T06:40:33.934541702,18.28631,-83.33031
2020-09-02T06:40:34.000156402,18.27522,-83.33025
2020-09-02T06:40:34.010074615,18.286257,-83.327995
2020-09-02T06:40:34.053943634,18.286346,-83.328316
2020-09-02T06:40:36.308464050,19.501175,-78.67227
2020-09-02T06:40:36.320289611,19.532919,-78.67315
2020-09-02T06:40:36.322196960,19.502583,-78.67228
2020-09-02T06:40:36.375986099,19.494009,-78.684364
2020-09-02T06:40:36.381708145,19.532804,-78.67315
2020-09-02T06:40:36.385904312,19.497776,-78.67217
2020-09-02T06:40:36.439691543,19.498074,-78.672035
2020-09-02T06:40:36.512935638,19.47976,-78.67897
2020-09-02T06:40:36.523235321,19.532907,-78.673164
2020-09-02T06:40:36.525142669,19.500244,-78.672226
2020-09-02T06:40:36.588848114,19.484644,-78.69109
2020-09-02T06:40:36.590755462,19.453083,-78.6709
2020-09-02T06:40:36.686124801,19.503765,-78.68463
2020-09-02T06:40:36.228736877,18.396849,-83.12997
2020-09-02T06:40:36.230644226,18.39695,-83.12741
2020-09-02T06:40:36.308464050,18.388357,-83.121506
2020-09-02T06:40:36.351953506,18.369871,-83.12229
2020-09-02T06:40:36.383996963,18.364172,-83.11759
2020-09-02T06:40:36.385904312,18.379824,-83.118996
2020-09-02T06:40:36.467538833,18.367167,-83.11802
2020-09-02T06:40:36.469446182,18.364176,-83.11754
2020-09-02T06:40:36.471353530,18.367924,-83.122215
2020-09-02T06:40:36.477458953,18.384377,-83.14521
2020-09-02T06:40:36.479366302,18.43015,-83.12095
2020-09-02T06:40:36.481273651,18.398941,-83.12175
2020-09-02T06:40:36.481273651,18.837893,-82.91169
2020-09-02T06:40:36.483180999,18.383804,-83.12646
2020-09-02T06:40:36.485088348,18.364235,-83.117584
2020-09-02T06:40:36.558712005,18.366112,-83.111465
2020-09-02T06:40:36.560619354,18.386051,-83.12682
2020-09-02T06:40:36.562908172,18.384485,-83.12389
2020-09-02T06:40:36.564815521,18.38657,-83.127075
2020-09-02T06:40:36.566722869,18.396397,-83.12237
2020-09-02T06:40:36.568630218,18.390493,-83.12689
2020-09-02T06:40:36.570919036,18.381002,-83.128296
2020-09-02T06:40:36.572826385,18.373816,-83.129745
2020-09-02T06:40:36.574733734,18.36424,-83.11762
2020-09-02T06:40:36.749832153,18.408525,-83.11865
2020-09-02T06:40:36.749450683,18.837917,-82.91172
2020-09-02T06:40:36.751739501,18.419619,-83.11818
2020-09-02T06:40:36.753646850,18.398073,-83.12165
2020-09-02T06:40:36.755554199,18.381744,-83.13166
2020-09-02T06:40:36.757461547,18.381979,-83.12264
2020-09-02T06:40:36.843292236,18.358759,-83.12455
2020-09-02T06:40:36.845201492,18.357306,-83.12745
2020-09-02T06:40:36.849016189,18.391317,-83.13393
2020-09-02T06:40:36.958498001,18.364344,-83.11748
2020-09-02T06:40:36.960405349,18.340528,-83.1397
2020-09-02T06:40:36.962312698,18.364338,-83.11749
2020-09-02T06:40:36.964220046,18.385067,-83.136894
2020-09-02T06:40:36.966508865,18.399136,-83.12878
2020-09-02T06:40:36.968418121,18.392925,-83.12494
2020-09-02T06:40:36.970325469,18.385122,-83.12856
2020-09-02T06:40:36.972232818,18.37225,-83.12792
2020-09-02T06:40:36.974140167,18.364485,-83.144875
2020-09-02T06:40:37.034030914,18.441587,-82.88874
2020-09-02T06:40:37.035938262,18.429169,-82.92884
2020-09-02T06:40:37.065692901,18.441927,-82.92616
2020-09-02T06:40:37.135503768,19.49205,-78.36241
2020-09-02T06:40:37.183187484,19.481628,-78.37081
2020-09-02T06:40:37.240791320,19.483902,-78.36211
2020-09-02T06:40:37.246894836,19.488459,-78.36223
2020-09-02T06:40:38.753723144,19.533295,-78.75034
2020-09-02T06:40:38.755630493,19.533285,-78.75037
2020-09-02T06:40:38.815139770,19.50498,-78.74956
2020-09-02T06:40:41.777677059,19.453737,-78.748116
2020-09-02T06:40:41.855116844,19.453741,-78.748116
2020-09-02T06:40:41.874953269,19.462824,-78.76041
2020-09-02T06:40:41.910811901,19.4538,-78.74808
2020-09-02T06:40:41.912719249,19.472223,-78.7714
2020-09-02T06:40:41.944381713,19.465303,-78.764595
2020-09-02T06:40:41.954300403,19.453756,-78.76941
2020-09-02T06:40:41.976425647,19.453749,-78.74818
2020-09-02T06:40:42.018006801,19.453781,-78.74811
2020-09-02T06:40:42.262532711,18.44206,-82.88874
2020-09-02T06:40:42.316320419,18.505957,-82.889465
2020-09-02T06:40:42.318228244,18.441826,-82.848145
2020-09-02T06:40:42.367819786,18.521963,-82.86894
2020-09-02T06:40:42.391852855,18.526026,-82.8703
2020-09-02T06:40:42.427711486,18.514545,-82.88639
2020-09-02T06:40:42.457466602,18.521282,-82.89318
2020-09-02T06:40:42.459373950,18.521082,-82.86458
2020-09-02T06:40:42.874801158,18.449188,-82.84569
2020-09-02T06:40:42.877089977,18.455969,-82.8526
2020-09-02T06:40:42.938507556,18.441418,-82.81106
2020-09-02T06:40:42.938507556,18.28331,-82.802185
2020-09-02T06:40:42.958343982,18.535894,-82.87847
2020-09-02T06:40:43.018236160,18.462875,-82.85769
2020-09-02T06:40:43.020143508,18.453444,-82.85304
2020-09-02T06:40:43.022050857,18.520884,-82.85931
2020-09-02T06:40:43.107501029,18.40824,-82.81536
2020-09-02T06:40:43.109408378,18.452986,-82.84584
2020-09-02T06:40:43.111315727,18.4548,-82.84978
2020-09-02T06:40:43.113604545,18.44869,-82.8418
2020-09-02T06:40:43.115511894,18.4871,-82.858215
2020-09-02T06:40:43.208973884,18.283236,-82.80204
2020-09-02T06:40:43.322271347,18.362339,-82.8066
2020-09-02T06:40:43.322271347,19.533316,-78.673065
2020-09-02T06:40:43.324179649,19.5333,-78.67306
2020-09-02T06:40:43.328375816,19.533249,-78.664406
2020-09-02T06:40:43.330283164,19.533253,-78.67303
2020-09-02T06:40:43.332190513,19.529669,-78.69035
2020-09-02T06:40:43.336005210,19.533205,-78.68462
2020-09-02T06:40:43.340201377,19.533398,-78.71839
2020-09-02T06:40:43.342108726,19.533278,-78.6731
2020-09-02T06:40:43.346304893,19.53317,-78.64395
2020-09-02T06:40:43.348212242,19.533161,-78.64799
2020-09-02T06:40:43.350119590,19.5332,-78.673035
2020-09-02T06:40:43.356223106,19.52645,-78.65047
2020-09-02T06:40:43.358130455,19.524271,-78.66044
2020-09-02T06:40:43.360037803,19.519838,-78.67396
2020-09-02T06:40:43.384070396,19.495619,-78.624725
2020-09-02T06:40:43.385978698,19.507582,-78.62777
2020-09-02T06:40:43.391700744,19.481562,-78.61845
2020-09-02T06:40:43.393989562,19.503853,-78.62627
2020-09-02T06:40:43.395896911,19.483072,-78.631775
2020-09-02T06:40:43.397804260,19.51537,-78.67418
2020-09-02T06:40:43.399711608,19.533417,-78.75043
2020-09-02T06:40:43.413825988,19.453283,-78.593315
2020-09-02T06:40:43.415733337,19.465395,-78.60838
2020-09-02T06:40:43.417640686,19.453295,-78.59337
2020-09-02T06:40:43.614481925,19.533176,-78.672966
2020-09-02T06:40:43.616389274,19.524534,-78.67149
2020-09-02T06:40:43.626307487,19.533367,-78.7504
2020-09-02T06:40:43.646144866,19.53336,-78.75033
2020-09-02T06:40:43.650341033,19.478035,-78.614365
2020-09-02T06:40:43.656444549,19.533276,-78.71216
2020-09-02T06:40:43.704129219,19.533373,-78.75041
2020-09-02T06:40:43.706036567,19.533262,-78.70558
2020-09-02T06:40:45.103381156,18.344643,-83.23012
2020-09-02T06:40:45.105669975,18.365595,-83.24138
2020-09-02T06:40:45.389869689,18.364433,-83.25731
2020-09-02T06:40:45.521097183,18.353764,-83.27483
2020-09-02T06:40:45.523004531,18.328033,-83.2295
2020-09-02T06:40:46.288625717,18.263008,-83.29566
2020-09-02T06:40:45.859084129,18.264812,-83.27699
2020-09-02T06:40:45.860992431,18.269028,-83.29119
2020-09-02T06:40:45.924698829,18.128714,-83.336945
2020-09-02T06:40:46.008241653,18.128912,-83.36361
2020-09-02T06:40:46.054018974,18.12864,-83.336945
2020-09-02T06:40:46.266500473,18.126102,-83.36273
2020-09-02T06:40:46.280614852,18.128622,-83.33705
2020-09-02T06:40:46.282522201,18.127989,-83.36217
2020-09-02T06:40:46.286336898,18.285574,-83.22453
2020-09-02T06:40:46.286336898,18.128616,-83.337074
2020-09-02T06:40:46.290533065,18.212408,-83.32534
2020-09-02T06:40:46.292440414,18.128613,-83.337074
2020-09-02T06:40:46.393913269,18.107845,-83.38203
2020-09-02T06:40:46.322196006,19.483725,-78.677704
2020-09-02T06:40:46.328299522,19.501287,-78.67236
2020-09-02T06:40:46.427483558,19.532316,-78.673325
2020-09-02T06:40:46.429772377,19.50084,-78.672455
2020-09-02T06:40:46.517129898,19.488092,-78.67755
2020-09-02T06:40:46.574732780,19.481094,-78.677025
2020-09-02T06:40:47.250707626,19.459969,-78.75643
2020-09-02T06:40:47.252614974,19.462202,-78.75813
2020-09-02T06:40:47.316321372,19.452528,-78.748375
2020-09-02T06:40:47.318228721,19.45253,-78.748375
2020-09-02T06:40:47.367820739,19.452522,-78.7485
2020-09-02T06:40:47.441445350,19.452446,-78.74847
2020-09-02T06:40:47.534907341,19.463108,-78.75914
2020-09-02T06:40:47.536814689,19.435747,-78.765274
2020-09-02T06:40:47.549021720,19.452553,-78.748405
2020-09-02T06:40:47.560847282,19.457819,-78.759964
2020-09-02T06:40:47.582591056,19.45256,-78.75938
2020-09-02T06:40:47.584879875,19.452566,-78.766624
2020-09-02T06:40:47.590601921,19.452488,-78.74844
2020-09-02T06:40:47.610439300,19.452469,-78.74842
2020-09-02T06:40:47.614635467,19.452467,-78.74843
2020-09-02T06:40:47.616542816,19.459057,-78.75959
2020-09-02T06:40:47.618450164,19.452465,-78.748436
2020-09-02T06:40:47.624553680,19.452463,-78.74846
2020-09-02T06:40:47.656216621,19.45247,-78.748405
2020-09-02T06:40:47.658123970,19.452461,-78.7484
2020-09-02T06:40:47.662320137,19.452454,-78.74839
2020-09-02T06:40:47.698178291,19.464882,-78.74877
2020-09-02T06:40:47.700085639,19.45255,-78.7484
2020-09-02T06:40:47.731748580,19.45246,-78.74847
2020-09-02T06:40:47.733655929,19.452467,-78.74846
2020-09-02T06:40:47.749677658,19.452549,-78.74845
2020-09-02T06:40:47.769514083,19.452505,-78.74839
2020-09-02T06:40:47.803465843,19.405914,-78.74709
2020-09-02T06:40:47.457467079,19.518446,-78.30111
2020-09-02T06:40:47.481500625,19.531364,-78.29889
2020-09-02T06:40:47.483407974,19.531319,-78.28636
2020-09-02T06:40:47.495233535,19.531282,-78.286354
2020-09-02T06:40:47.532999992,19.502537,-78.30532
2020-09-02T06:40:47.534907341,19.511433,-78.30508
2020-09-02T06:40:47.536814689,19.499317,-78.3053
2020-09-02T06:40:47.539103507,19.49341,-78.30298
2020-09-02T06:40:47.541010856,19.501986,-78.303635
2020-09-02T06:40:47.558939933,19.488201,-78.299736
2020-09-02T06:40:47.580683708,19.496927,-78.29903
2020-09-02T06:40:47.582591056,19.506863,-78.285774
2020-09-02T06:40:47.584879875,19.492014,-78.29888
2020-09-02T06:40:47.586787223,19.491962,-78.29852
2020-09-02T06:40:47.626461029,19.531288,-78.2864
2020-09-02T06:40:47.656216621,19.531317,-78.29868
2020-09-02T06:40:47.658123970,19.531284,-78.28634
2020-09-02T06:40:47.698178291,19.524351,-78.29879
2020-09-02T06:40:47.700085639,19.531376,-78.28634
2020-09-02T06:40:47.701992988,19.521648,-78.31569
2020-09-02T06:40:47.713818550,19.531303,-78.286446
2020-09-02T06:40:47.716107368,19.52297,-78.29772
2020-09-02T06:40:47.718015670,19.521027,-78.31547
2020-09-02T06:40:47.765699386,19.49844,-78.303795
2020-09-02T06:40:47.767606735,19.451529,-78.2843
2020-09-02T06:40:47.775617599,19.508062,-78.31449
2020-09-02T06:40:47.779433250,19.487852,-78.30233
2020-09-02T06:40:47.781722068,19.488468,-78.30243
2020-09-02T06:40:47.783629417,19.488106,-78.30352
2020-09-02T06:40:47.795454978,19.531544,-78.36372
2020-09-02T06:40:47.803465843,19.451605,-78.28434
2020-09-02T06:40:47.805373191,19.490408,-78.28533
2020-09-02T06:40:47.807280540,19.483822,-78.304405
2020-09-02T06:40:47.833220481,19.53153,-78.36372
2020-09-02T06:40:47.843139648,19.531391,-78.286385
2020-09-02T06:40:47.845046997,19.516014,-78.30002
2020-09-02T06:40:47.846954345,19.480572,-78.295876
2020-09-02T06:40:47.849243164,19.487396,-78.299194
2020-09-02T06:40:47.851150512,19.489449,-78.31587
2020-09-02T06:40:47.859161376,19.451727,-78.28428
2020-09-02T06:40:47.862976074,19.49239,-78.2853
2020-09-02T06:40:47.864883422,19.490034,-78.307495
2020-09-02T06:40:47.867172241,19.460032,-78.28447
2020-09-02T06:40:47.869079589,19.479574,-78.29237
2020-09-02T06:40:47.870986938,19.475769,-78.2969
2020-09-02T06:40:47.872894287,19.451715,-78.284294
2020-09-02T06:40:47.878997802,19.501947,-78.31386
2020-09-02T06:40:47.880905151,19.451645,-78.2844
2020-09-02T06:40:47.942704200,19.484264,-78.30328
2020-09-02T06:40:47.982378005,19.502682,-78.30996
2020-09-02T06:40:48.622493743,19.531782,-78.363785
2020-09-02T06:40:48.624401092,19.531782,-78.363785
2020-09-02T06:40:48.632411956,19.531784,-78.363785
2020-09-02T06:40:48.642330169,19.5318,-78.363785
2020-09-02T06:40:48.644237518,19.531813,-78.363785
2020-09-02T06:40:48.673993110,19.531786,-78.36375
2020-09-02T06:40:48.678189277,19.531773,-78.36372
2020-09-02T06:40:48.680096626,19.531767,-78.36371
2020-09-02T06:40:48.682003974,19.531796,-78.376114
2020-09-02T06:40:48.684292793,19.531807,-78.378105
2020-09-02T06:40:48.686200141,19.531815,-78.378525
2020-09-02T06:40:48.688107490,19.531818,-78.37684
2020-09-02T06:40:48.690014839,19.531801,-78.36378
2020-09-02T06:40:48.691922187,19.531805,-78.36379
2020-09-02T06:40:48.696118354,19.531815,-78.36382
2020-09-02T06:40:48.698025703,19.531857,-78.38267
2020-09-02T06:40:48.701840400,19.531832,-78.363846
2020-09-02T06:40:48.725873947,19.53203,-78.44112
2020-09-02T06:40:48.727781295,19.53197,-78.407036
2020-09-02T06:40:48.731977462,19.531975,-78.408775
2020-09-02T06:40:48.733884811,19.53188,-78.363815
2020-09-02T06:40:48.755628585,19.564732,-78.44206
2020-09-02T06:40:48.761732101,19.53207,-78.44119
2020-09-02T06:40:48.763639450,19.551453,-78.4224
2020-09-02T06:40:48.765546798,19.531912,-78.36378
2020-09-02T06:40:48.767454147,19.56057,-78.42838
2020-09-02T06:40:48.769743919,19.531982,-78.4043
2020-09-02T06:40:48.771651268,19.54673,-78.41234
2020-09-02T06:40:48.906693458,19.531937,-78.36383
2020-09-02T06:40:51.061649322,19.51233,-78.75013
2020-09-02T06:40:51.077671051,19.533787,-78.75071
2020-09-02T06:40:51.079578399,19.53376,-78.75071
2020-09-02T06:40:51.149387359,19.53383,-78.750694
2020-09-02T06:40:51.175329208,19.504858,-78.749855
2020-09-02T06:40:52.417795181,18.458752,-82.88025
2020-09-02T06:40:52.475397109,18.442266,-82.88906
2020-09-02T06:40:52.477304458,18.442268,-82.889046
2020-09-02T06:40:52.513164520,18.462759,-82.89012
2020-09-02T06:40:52.566951751,18.442278,-82.88895
2020-09-02T06:40:52.574581146,18.442247,-82.88898
2020-09-02T06:40:52.576869964,18.442234,-82.88899
2020-09-02T06:40:52.578777313,18.454453,-82.87319
2020-09-02T06:40:52.580684661,18.460598,-82.87093
2020-09-02T06:40:52.582592010,18.453747,-82.87317
2020-09-02T06:40:52.584499359,18.44212,-82.870766
2020-09-02T06:40:52.586788177,18.442146,-82.87141
2020-09-02T06:40:52.588695526,18.442167,-82.871346
2020-09-02T06:40:52.590602874,18.442173,-82.86918
2020-09-02T06:40:52.592510223,18.442183,-82.87025
2020-09-02T06:40:52.628368377,18.478539,-82.86755
2020-09-02T06:40:52.684064865,18.442028,-82.86366
2020-09-02T06:40:52.729841232,18.461597,-82.86724
2020-09-02T06:40:52.741666793,18.442217,-82.888954
2020-09-02T06:40:52.743574142,18.442055,-82.86876
2020-09-02T06:40:52.747770309,18.442183,-82.88892
2020-09-02T06:40:52.749677658,18.453005,-82.87069
2020-09-02T06:40:52.775619506,18.442213,-82.88893
2020-09-02T06:40:52.777526855,18.442215,-82.88892
2020-09-02T06:40:52.821395874,18.442057,-82.86582
2020-09-02T06:40:52.894639968,18.442041,-82.8666
2020-09-02T06:40:52.930498123,18.442177,-82.88906
2020-09-02T06:40:52.956438064,18.441988,-82.864044
2020-09-02T06:40:52.932405471,18.755165,-82.362366
2020-09-02T06:40:53.006029129,18.755226,-82.362404
2020-09-02T06:40:53.038074493,18.755169,-82.36236
2020-09-02T06:40:53.105594635,18.73134,-82.321785
2020-09-02T06:40:53.107501983,18.717777,-82.31929
2020-09-02T06:40:53.109409332,18.724298,-82.31808
2020-09-02T06:40:53.184942245,18.716887,-82.35058
2020-09-02T06:40:53.314262390,18.71707,-82.31598
2020-09-02T06:40:54.179067611,19.453352,-78.69177
2020-09-02T06:40:54.222936630,19.453314,-78.671234
2020-09-02T06:40:54.224843978,19.453348,-78.68903
2020-09-02T06:40:54.254600524,19.453234,-78.67115
2020-09-02T06:40:54.258796691,19.453302,-78.69511
2020-09-02T06:40:54.310295104,19.453178,-78.67113
2020-09-02T06:40:54.312202453,19.453241,-78.691414
2020-09-02T06:40:54.320213317,19.453264,-78.67118
2020-09-02T06:40:54.423593521,19.464945,-78.68424
2020-09-02T06:40:54.425500869,19.462793,-78.68707
2020-09-02T06:40:54.427789688,19.453173,-78.685135
2020-09-02T06:40:54.429697036,19.465168,-78.68348
2020-09-02T06:40:54.431604385,19.453152,-78.68588
2020-09-02T06:40:54.489206314,19.449835,-78.682884
2020-09-02T06:40:54.491113662,19.435478,-78.68146
2020-09-02T06:40:54.493404388,19.45305,-78.67124
2020-09-02T06:40:54.525066375,19.453072,-78.67119
2020-09-02T06:40:54.534984588,19.45309,-78.67121
2020-09-02T06:40:54.536891937,19.453136,-78.6876
2020-09-02T06:40:54.538799285,19.45313,-78.68257
2020-09-02T06:40:54.541088104,19.44978,-78.67887
2020-09-02T06:40:54.542995452,19.446367,-78.67641
2020-09-02T06:40:54.544902801,19.453098,-78.67122
2020-09-02T06:40:54.559017181,19.453176,-78.67119
2020-09-02T06:40:54.612422943,19.458527,-78.67663
2020-09-02T06:40:54.614711761,19.46289,-78.68242
2020-09-02T06:40:54.666212081,19.457403,-78.68252
2020-09-02T06:40:54.668119430,19.453096,-78.67112
2020-09-02T06:40:54.670026779,19.457039,-78.68066
2020-09-02T06:40:55.610746383,19.453106,-78.77516
2020-09-02T06:40:55.670255661,19.472658,-78.76966
2020-09-02T06:40:55.690092086,19.45302,-78.74839
2020-09-02T06:40:55.737777709,19.452923,-78.74832
2020-09-02T06:40:55.739685058,19.471586,-78.777214
2020-09-02T06:40:55.751892089,19.481274,-78.78435
2020-09-02T06:40:55.761810302,19.471897,-78.7784
2020-09-02T06:40:55.807205200,19.482422,-78.78532
2020-09-02T06:40:55.809494018,19.453062,-78.78593
2020-09-02T06:40:55.819412231,19.480925,-78.78499
2020-09-02T06:40:55.821319580,19.48281,-78.79051
2020-09-02T06:40:55.823226928,19.483044,-78.79367
2020-09-02T06:40:55.825134277,19.478662,-78.795074
2020-09-02T06:40:55.833145141,19.483482,-78.8079
2020-09-02T06:40:55.835052490,19.481546,-78.80125
2020-09-02T06:40:55.843063354,19.484938,-78.82096
2020-09-02T06:40:55.844970703,19.482864,-78.80186
2020-09-02T06:40:55.847259521,19.482634,-78.79508
2020-09-02T06:40:55.865190505,19.486385,-78.80953
2020-09-02T06:40:55.867097854,19.485054,-78.79705
2020-09-02T06:40:55.870912551,19.49154,-78.82688
2020-09-02T06:40:55.872819900,19.480257,-78.81056
2020-09-02T06:40:55.875108718,19.453074,-78.82573
2020-09-02T06:40:55.926607131,19.453285,-78.90311
2020-09-02T06:40:55.928514480,19.453184,-78.867584
2020-09-02T06:40:55.930803298,19.453136,-78.85383
2020-09-02T06:40:55.932710647,19.453054,-78.82571
2020-09-02T06:40:55.936525344,19.453163,-78.87579
2020-09-02T06:40:55.944536209,19.45323,-78.90308
2020-09-02T06:40:56.008243560,19.453201,-78.903114
2020-09-02T06:40:56.010150909,19.453196,-78.9031
2020-09-02T06:40:56.016254425,19.453167,-78.87257
2020-09-02T06:40:56.018161773,19.45961,-78.8709
2020-09-02T06:40:56.020069122,19.470526,-78.84433
2020-09-02T06:40:56.021976470,19.459465,-78.87417
2020-09-02T06:40:56.023883819,19.470304,-78.84457
2020-09-02T06:40:56.026172637,19.47086,-78.84463
2020-09-02T06:40:56.028079986,19.465258,-78.84918
2020-09-02T06:40:56.029987335,19.453205,-78.882614
2020-09-02T06:40:56.031894683,19.453058,-78.82575
2020-09-02T06:40:56.034183502,19.457571,-78.88351
2020-09-02T06:40:56.039905548,19.468176,-78.83425
2020-09-02T06:40:56.041812896,19.45323,-78.890625
2020-09-02T06:40:56.046009063,19.453266,-78.903206
2020-09-02T06:40:56.047916412,19.45324,-78.89227
2020-09-02T06:40:56.049823760,19.45327,-78.903175
2020-09-02T06:40:56.051731109,19.453226,-78.889534
2020-09-02T06:40:56.055927276,19.453209,-78.89268
2020-09-02T06:40:56.057834625,19.45319,-78.89083
2020-09-02T06:40:56.059741973,19.453184,-78.893776
2020-09-02T06:40:56.062030792,19.453207,-78.90318
2020-09-02T06:40:56.063938140,19.453192,-78.89421
2020-09-02T06:40:56.065845489,19.453222,-78.90317
2020-09-02T06:40:56.067752838,19.466972,-78.885414
2020-09-02T06:40:56.069660186,19.460506,-78.888054
2020-09-02T06:40:56.071949005,19.4601,-78.85999
2020-09-02T06:40:56.073856353,19.453173,-78.88628
2020-09-02T06:40:56.075763702,19.453201,-78.90317
2020-09-02T06:40:56.087589263,19.49879,-78.90454
2020-09-02T06:40:56.089496612,19.485052,-78.90412
2020-09-02T06:40:56.091785430,19.469591,-78.88143
2020-09-02T06:40:56.093692779,19.468245,-78.88119
2020-09-02T06:40:56.095600128,19.453165,-78.87737
2020-09-02T06:40:56.097507476,19.472078,-78.82146
2020-09-02T06:40:56.099796295,19.453184,-78.8791
2020-09-02T06:40:56.238655090,19.475605,-78.851456
2020-09-02T06:40:56.240943908,19.479422,-78.80467
2020-09-02T06:40:56.298545837,19.532684,-78.75058
2020-09-02T06:40:56.304267883,19.532677,-78.75059
2020-09-02T06:40:56.306556701,19.481981,-78.811455
2020-09-02T06:40:56.308464050,19.474482,-78.84877
2020-09-02T06:40:56.310371398,19.47583,-78.82737
2020-09-02T06:40:56.312278747,19.453112,-78.85474
2020-09-02T06:40:56.316474914,19.532675,-78.75066
2020-09-02T06:40:56.348136901,19.532621,-78.75061
2020-09-02T06:40:56.367975234,19.453156,-78.86998
2020-09-02T06:40:56.369882583,19.453161,-78.86377
2020-09-02T06:40:56.427484512,19.481775,-78.86472
2020-09-02T06:40:56.429773330,19.453217,-78.903145
2020-09-02T06:40:56.457620620,19.486406,-78.8554
2020-09-02T06:40:56.487377166,19.474983,-78.878006
2020-09-02T06:40:56.750213623,16.784533,-77.91796
2020-09-02T06:40:56.752120971,16.78517,-77.91797
2020-09-02T06:40:56.754028320,16.774328,-77.917755
2020-09-02T06:40:56.762039184,16.774342,-77.91777
2020-09-02T06:40:56.763946533,16.78316,-77.90713
2020-09-02T06:40:56.811630249,16.78442,-77.90564
2020-09-02T06:40:56.861604690,16.774279,-77.91777
2020-09-02T06:40:57.469295501,18.277346,-83.345894
2020-09-02T06:40:58.361948013,19.452862,-78.7484
2020-09-02T06:40:58.374155044,19.452894,-78.74847
2020-09-02T06:40:58.376062393,19.452888,-78.74845
2020-09-02T06:40:58.409631729,19.452833,-78.74839
2020-09-02T06:40:58.455410003,19.452898,-78.74842
2020-09-02T06:40:58.543148040,19.457405,-78.75565
2020-09-02T06:40:58.545055389,19.452894,-78.748474
2020-09-02T06:40:58.568706512,19.452913,-78.74847
2020-09-02T06:40:58.636228561,19.452932,-78.748436
2020-09-02T06:40:58.638517379,19.452902,-78.74844
2020-09-02T06:41:00.544747829,18.44121,-82.8885
2020-09-02T06:41:00.555047988,18.441198,-82.88847
2020-09-02T06:41:00.586710453,18.441103,-82.88844
2020-09-02T06:41:00.588617801,18.441166,-82.9009
2020-09-02T06:41:00.590525150,18.441042,-82.88842
2020-09-02T06:41:00.761807441,18.44106,-82.88831
2020-09-02T06:41:00.763714790,18.45092,-82.89254
2020-09-02T06:41:00.775540828,18.450306,-82.90012
2020-09-02T06:41:00.779355525,18.441086,-82.888336
2020-09-02T06:41:00.793469905,18.441109,-82.888336
2020-09-02T06:41:00.823225021,18.44107,-82.88833
2020-09-02T06:41:00.880827903,18.44104,-82.89908
2020-09-02T06:41:00.898757457,18.441067,-82.888145
2020-09-02T06:41:00.922790050,18.441088,-82.88827
2020-09-02T06:41:00.944534301,18.441067,-82.88821
2020-09-02T06:41:00.990311622,18.441015,-82.88822
2020-09-02T06:41:01.006333351,18.441057,-82.888275
2020-09-02T06:41:01.065843582,18.441025,-82.8882
2020-09-02T06:41:01.075761795,18.441147,-82.90325
2020-09-02T06:41:01.087587833,18.441063,-82.88822
2020-09-02T06:41:01.115435600,18.441038,-82.888214
2020-09-02T06:41:00.519188880,19.45206,-78.3611
2020-09-02T06:41:00.521096229,19.460836,-78.36697
2020-09-02T06:41:00.535211086,19.452023,-78.3611
2020-09-02T06:41:00.539025783,19.452032,-78.361115
2020-09-02T06:41:00.540933132,19.456686,-78.36558
2020-09-02T06:41:00.542840480,19.457232,-78.3654
2020-09-02T06:41:00.545129299,19.452055,-78.36113
2020-09-02T06:41:00.572977066,19.45202,-78.36114
2020-09-02T06:41:00.574884414,19.452026,-78.36113
2020-09-02T06:41:00.576791763,19.45203,-78.36112
2020-09-02T06:41:00.578699111,19.452034,-78.361115
2020-09-02T06:41:00.608454227,19.452057,-78.361015
2020-09-02T06:41:00.610743045,19.45206,-78.36098
2020-09-02T06:41:00.644312858,19.451988,-78.361046
2020-09-02T06:41:00.735867023,19.45201,-78.36102
2020-09-02T06:41:00.745785713,19.451996,-78.36101
2020-09-02T06:41:00.771726131,19.461405,-78.36384
2020-09-02T06:41:00.783551692,19.463345,-78.361275
2020-09-02T06:41:00.831235885,19.451954,-78.36104
2020-09-02T06:41:00.852980136,19.465519,-78.361275
2020-09-02T06:41:00.869002342,19.467802,-78.361275
2020-09-02T06:41:00.883116722,19.46543,-78.36118
2020-09-02T06:41:00.885024070,19.451818,-78.36084
2020-09-02T06:41:00.888838768,19.481583,-78.36164
2020-09-02T06:41:00.894942760,19.451878,-78.36083
2020-09-02T06:41:00.900664806,19.451927,-78.36076
2020-09-02T06:41:00.918593883,19.451925,-78.36091
2020-09-02T06:41:00.934616088,19.451927,-78.36085
2020-09-02T06:41:00.936523437,19.472221,-78.361374
2020-09-02T06:41:01.054018020,19.466463,-78.362564
2020-09-02T06:41:01.083773136,19.451912,-78.36087
2020-09-02T06:41:01.089876651,19.476347,-78.361496
2020-09-02T06:41:01.091784000,19.451908,-78.36087
2020-09-02T06:41:01.093691349,19.471252,-78.36138
2020-09-02T06:41:01.095598697,19.46406,-78.36353
2020-09-02T06:41:01.097506046,19.474194,-78.36149
2020-09-02T06:41:01.099794864,19.45962,-78.361855
2020-09-02T06:41:01.101702213,19.468313,-78.36134
2020-09-02T06:41:01.109713077,19.451895,-78.36084
2020-09-02T06:41:01.113528251,19.466652,-78.36123
2020-09-02T06:41:01.115435600,19.451883,-78.360855
2020-09-02T06:41:01.133364677,19.451876,-78.36091
2020-09-02T06:41:01.135272026,19.460918,-78.36101
2020-09-02T06:41:02.061876296,18.743454,-82.18719
2020-09-02T06:41:02.063783645,18.744465,-82.19127
2020-09-02T06:41:02.065690994,18.756025,-82.194244
2020-09-02T06:41:02.067598342,18.763472,-82.19894
2020-09-02T06:41:02.069887161,18.766264,-82.197784
2020-09-02T06:41:02.071794986,18.767464,-82.19646
2020-09-02T06:41:02.073702335,18.77063,-82.19644
2020-09-02T06:41:02.075609683,18.76818,-82.19432
2020-09-02T06:41:02.077898502,18.771957,-82.19179
2020-09-02T06:41:02.079805850,18.772236,-82.18625
2020-09-02T06:41:02.081713199,18.77506,-82.18686
2020-09-02T06:41:02.083620548,18.78061,-82.18621
2020-09-02T06:41:02.099642276,18.752842,-82.20599
2020-09-02T06:41:02.131304740,18.752853,-82.205986
2020-09-02T06:41:02.133212566,18.773615,-82.18834
2020-09-02T06:41:02.141223430,18.759037,-82.19649
2020-09-02T06:41:02.143512248,18.754768,-82.19294
2020-09-02T06:41:02.193103790,18.755194,-82.19391
2020-09-02T06:41:02.286565303,18.693113,-82.12999
2020-09-02T06:41:02.360190391,18.775743,-82.20718
2020-09-02T06:41:02.362097740,18.728655,-82.16191
2020-09-02T06:41:02.700085163,19.154734,-82.837296
2020-09-02T06:41:02.733654975,19.154469,-82.81442
2020-09-02T06:41:02.735562324,19.154716,-82.830086
2020-09-02T06:41:02.739758491,19.154696,-82.82859
2020-09-02T06:41:02.795454025,19.141954,-82.827225
2020-09-02T06:41:02.825209140,19.154602,-82.82509
2020-09-02T06:41:02.835127353,19.154612,-82.82827
2020-09-02T06:41:02.886626720,19.15455,-82.82753
2020-09-02T06:41:02.962158679,19.170357,-82.81092
2020-09-02T06:41:02.964447498,19.154535,-82.82353
2020-09-02T06:41:02.972458839,19.154469,-82.81027
2020-09-02T06:41:03.017854690,19.153406,-82.820755
2020-09-02T06:41:05.228886604,19.484457,-78.73998
2020-09-02T06:41:05.230793952,19.483215,-78.748405
2020-09-02T06:41:05.232701301,19.47533,-78.73958
2020-09-02T06:41:05.234990119,19.46934,-78.73461
2020-09-02T06:41:05.238804817,19.486383,-78.74844
2020-09-02T06:41:05.240712165,19.477043,-78.73238
2020-09-02T06:41:05.242620468,19.480198,-78.725555
2020-09-02T06:41:05.244909286,19.452908,-78.74747
2020-09-02T06:41:05.286489486,19.474205,-78.72675
2020-09-02T06:41:05.328452110,19.476074,-78.72938
2020-09-02T06:41:05.330359458,19.473,-78.7251
2020-09-02T06:41:05.413902282,19.477798,-78.72756
2020-09-02T06:41:05.415809631,19.452868,-78.707535
2020-09-02T06:41:05.425727844,19.477573,-78.72991
2020-09-02T06:41:05.455483436,19.475769,-78.72824
2020-09-02T06:41:05.505075454,19.473845,-78.72623
2020-09-02T06:41:05.529108047,19.467962,-78.7316
2020-09-02T06:41:05.531015396,19.452892,-78.70888
2020-09-02T06:41:05.552760124,19.47472,-78.72378
2020-09-02T06:41:05.590525627,19.473492,-78.726944
2020-09-02T06:41:06.660182952,18.286913,-83.32542
2020-09-02T06:41:06.735715866,18.274374,-83.32746
2020-09-02T06:41:06.751737594,18.28691,-83.32453
2020-09-02T06:41:06.791411399,18.28692,-83.323456
2020-09-02T06:41:06.837187767,18.286957,-83.32619
2020-09-02T06:41:07.034029006,18.28685,-83.31845
2020-09-02T06:41:08.489358901,18.441372,-82.88843
2020-09-02T06:41:08.767454147,18.479765,-82.89387
2020-09-02T06:41:08.785384178,18.476374,-82.89653
2020-09-02T06:41:08.801405906,18.47982,-82.89504
2020-09-02T06:41:08.312354087,19.531946,-78.28576
2020-09-02T06:41:08.314261436,19.531977,-78.30129
2020-09-02T06:41:08.316168785,19.531984,-78.30601
2020-09-02T06:41:08.318457603,19.531948,-78.28577
2020-09-02T06:41:08.332190513,19.51955,-78.29256
2020-09-02T06:41:08.334097862,19.531942,-78.30345
2020-09-02T06:41:08.415734291,19.531921,-78.306305
2020-09-02T06:41:08.431756019,19.531958,-78.3305
2020-09-02T06:41:08.433663368,19.524408,-78.33377
2020-09-02T06:41:08.435570716,19.531975,-78.33345
2020-09-02T06:41:08.437478065,19.531933,-78.30729
2020-09-02T06:41:08.439766883,19.525707,-78.30693
2020-09-02T06:41:08.441674232,19.525177,-78.31241
2020-09-02T06:41:08.477533340,19.531878,-78.285736
2020-09-02T06:41:08.479440689,19.531942,-78.32035
2020-09-02T06:41:08.481348037,19.519701,-78.29603
2020-09-02T06:41:08.493173599,19.53191,-78.285805
2020-09-02T06:41:08.495462417,19.509245,-78.30651
2020-09-02T06:41:08.497369766,19.523403,-78.33005
2020-09-02T06:41:08.614482879,19.517744,-78.30647
2020-09-02T06:41:08.616390228,19.531885,-78.28577
2020-09-02T06:41:08.642330169,19.531935,-78.33026
2020-09-02T06:41:08.646527290,19.531902,-78.28579
2020-09-02T06:41:08.656445503,19.481165,-78.372955
2020-09-02T06:41:08.680096626,19.473392,-78.37612
2020-09-02T06:41:08.729688644,19.4717,-78.37259
2020-09-02T06:41:08.775465965,19.531855,-78.312614
2020-09-02T06:41:08.777754783,19.531855,-78.304474
2020-09-02T06:41:08.793395042,19.531834,-78.30718
2020-09-02T06:41:08.833068847,19.531881,-78.31008
2020-09-02T06:41:08.910889625,19.532812,-78.75012
2020-09-02T06:41:08.952469825,19.532888,-78.75013
2020-09-02T06:41:08.956666946,19.532885,-78.750145
2020-09-02T06:41:08.958574295,19.532883,-78.75016
2020-09-02T06:41:08.970399856,19.53281,-78.75009
2020-09-02T06:41:08.988328933,19.53284,-78.75004
2020-09-02T06:41:09.029910087,19.53277,-78.75006
2020-09-02T06:41:09.065768241,19.532751,-78.75004
2020-09-02T06:41:09.073779106,19.532795,-78.75003
2020-09-02T06:41:09.133289337,18.390375,-83.0666
2020-09-02T06:41:09.135578155,18.398863,-83.057816
2020-09-02T06:41:09.137485504,18.425674,-83.07625
2020-09-02T06:41:09.177159309,18.40942,-83.058945
2020-09-02T06:41:09.179066658,18.405561,-83.075775
2020-09-02T06:41:09.180974006,18.402102,-83.06969
2020-09-02T06:41:09.183262825,18.400974,-83.07148
2020-09-02T06:41:09.185170173,18.398739,-83.06543
2020-09-02T06:41:09.187077522,18.402681,-83.050316
2020-09-02T06:41:09.188984870,18.3991,-83.05993
2020-09-02T06:41:09.248876571,18.405409,-83.04293
2020-09-02T06:41:09.292365074,18.363129,-83.00539
2020-09-02T06:41:09.483484268,18.375584,-83.028564
2020-09-02T06:41:09.485391616,18.41673,-83.068405
2020-09-02T06:41:09.487298965,18.41451,-83.06847
2020-09-02T06:41:09.489206314,18.399357,-83.060875
2020-09-02T06:41:09.491113662,18.363298,-83.03944
2020-09-02T06:41:09.549098014,18.390928,-83.068634
2020-09-02T06:41:09.551005363,18.39789,-83.07294
2020-09-02T06:41:09.560923576,18.40443,-83.07385
2020-09-02T06:41:09.562830924,18.442392,-83.04395
2020-09-02T06:41:09.564738273,18.400589,-83.058556
2020-09-02T06:41:09.566645622,18.387407,-83.0445
2020-09-02T06:41:09.568934440,18.442413,-83.04398
2020-09-02T06:41:09.578853607,18.399326,-83.056114
2020-09-02T06:41:09.831390380,18.382555,-83.03572
2020-09-02T06:41:09.833297729,18.405499,-83.05226
2020-09-02T06:41:09.835205078,18.408728,-83.073616
2020-09-02T06:41:09.837112426,18.413296,-83.06831
2020-09-02T06:41:09.839019775,18.395317,-83.0625
2020-09-02T06:41:10.230794906,19.462605,-78.784424
2020-09-02T06:41:10.258643150,19.452934,-78.79334
2020-09-02T06:41:10.260550498,19.452944,-78.79581
2020-09-02T06:41:10.274664878,19.452887,-78.7928
2020-09-02T06:41:10.296408653,19.452896,-78.792046
2020-09-02T06:41:10.298316001,19.464294,-78.79247
2020-09-02T06:41:10.332267761,19.464298,-78.78971
2020-09-02T06:41:10.334175109,19.465267,-78.7901
2020-09-02T06:41:10.411614418,19.466265,-78.79001
2020-09-02T06:41:10.413903236,19.465767,-78.78953
2020-09-02T06:41:10.419625282,19.452917,-78.78974
2020-09-02T06:41:10.427636146,19.45289,-78.792694
2020-09-02T06:41:10.467309951,19.452845,-78.787
2020-09-02T06:41:10.473413467,19.452843,-78.78603
2020-09-02T06:41:10.475320816,19.461424,-78.79341
2020-09-02T06:41:10.507365226,19.452831,-78.786644
2020-09-02T06:41:10.547038078,19.462984,-78.78651
2020-09-02T06:41:10.552760124,19.452873,-78.785774
2020-09-02T06:41:10.555048942,19.452894,-78.78833
2020-09-02T06:41:10.566875457,19.452839,-78.78259
2020-09-02T06:41:10.588619232,19.452732,-78.74773
2020-09-02T06:41:10.604640960,19.452837,-78.78826
2020-09-02T06:41:10.620662689,19.463367,-78.78764
2020-09-02T06:41:10.646222114,19.45285,-78.78719
2020-09-02T06:41:10.648510932,19.452831,-78.78498
2020-09-02T06:41:10.668347358,19.452805,-78.78196
2020-09-02T06:41:10.696195602,19.45281,-78.78249
2020-09-02T06:41:10.789656639,19.452791,-78.78771
2020-09-02T06:41:12.139316558,18.674133,-82.27956
2020-09-02T06:41:12.141223907,18.674124,-82.27956
2020-09-02T06:41:12.143514633,18.69746,-82.28079
2020-09-02T06:41:12.145421981,18.691317,-82.26488
2020-09-02T06:41:12.157247543,18.674213,-82.279564
2020-09-02T06:41:12.230871200,18.674252,-82.27957
2020-09-02T06:41:12.272453308,18.674274,-82.27963
2020-09-02T06:41:12.344169616,18.674257,-82.2796
2020-09-02T06:41:12.388038635,18.67429,-82.27962
2020-09-02T06:41:12.427713394,18.709612,-82.25535
2020-09-02T06:41:12.429620742,18.703524,-82.257835
2020-09-02T06:41:12.431528091,18.705935,-82.25771
2020-09-02T06:41:12.433435440,18.70439,-82.2568
2020-09-02T06:41:12.489130020,18.70502,-82.25777
2020-09-02T06:41:12.491418838,18.692764,-82.25834
2020-09-02T06:41:12.526897430,18.706028,-82.24548
2020-09-02T06:41:12.529186248,18.674328,-82.27963
2020-09-02T06:41:12.549022674,18.686895,-82.26804
2020-09-02T06:41:12.578777313,18.69564,-82.247856
2020-09-02T06:41:12.588695526,18.674236,-82.279625
2020-09-02T06:41:12.676054000,18.693203,-82.26468
2020-09-02T06:41:12.677961349,18.70083,-82.28104
2020-09-02T06:41:12.692075729,18.706064,-82.25103
2020-09-02T06:41:12.634471893,18.273346,-83.344955
2020-09-02T06:41:12.636379241,18.259035,-83.34412
2020-09-02T06:41:12.642484664,18.270147,-83.34479
2020-09-02T06:41:13.608760833,19.532963,-78.75006
2020-09-02T06:41:13.610668182,19.513353,-78.7495
2020-09-02T06:41:13.626308441,19.51829,-78.74957
2020-09-02T06:41:13.628599166,19.532997,-78.74999
2020-09-02T06:41:13.630506515,19.516216,-78.749504
2020-09-02T06:41:13.634321212,19.532997,-78.75
2020-09-02T06:41:13.656446456,19.532906,-78.75002
2020-09-02T06:41:13.747617721,19.518282,-78.749535
2020-09-02T06:41:13.749906539,19.532934,-78.749954
2020-09-02T06:41:13.876939773,19.533052,-78.75005
2020-09-02T06:41:13.878847122,19.519104,-78.74964
2020-09-02T06:41:13.888765335,19.533049,-78.75008
2020-09-02T06:41:13.891054153,19.52151,-78.75644
2020-09-02T06:41:13.896776199,19.52288,-78.76071
2020-09-02T06:41:13.904787063,19.533049,-78.75003
2020-09-02T06:41:13.912797927,19.533052,-78.75007
2020-09-02T06:41:13.914705276,19.53303,-78.75005
2020-09-02T06:41:13.932634353,19.533123,-78.75006
2020-09-02T06:41:13.936449050,19.533268,-78.82746
2020-09-02T06:41:13.966585159,19.533283,-78.82748
2020-09-02T06:41:14.018085479,19.453245,-78.74776
2020-09-02T06:41:14.019992828,19.45323,-78.74776
2020-09-02T06:41:14.029911041,19.453304,-78.74769
2020-09-02T06:41:14.036014556,19.533089,-78.75005
2020-09-02T06:41:14.075687408,19.51506,-78.755936
2020-09-02T06:41:14.097812652,19.45334,-78.747734
2020-09-02T06:41:14.101627349,19.45337,-78.7578
2020-09-02T06:41:14.103534698,19.453339,-78.747734
2020-09-02T06:41:14.159231185,19.46245,-78.755264
2020-09-02T06:41:14.161138534,19.453281,-78.74776
2020-09-02T06:41:14.284355163,19.463095,-78.75545
2020-09-02T06:41:14.302284240,19.460688,-78.748024
2020-09-02T06:41:14.322120666,19.453299,-78.74782
2020-09-02T06:41:14.324409484,19.453335,-78.74783
2020-09-02T06:41:14.346153259,19.46388,-78.75572
2020-09-02T06:41:14.390024185,19.453344,-78.747826
2020-09-02T06:41:14.409860610,19.453407,-78.747856
2020-09-02T06:41:14.163045883,19.455654,-82.57312
2020-09-02T06:41:14.230566024,19.421228,-82.58547
2020-09-02T06:41:14.266426086,19.42087,-82.58749
2020-09-02T06:41:14.437326431,19.39461,-82.61165
2020-09-02T06:41:19.222938537,18.41629,-82.878685
2020-09-02T06:41:18.537044525,18.441776,-82.888596
2020-09-02T06:41:18.572902679,18.441837,-82.88861
2020-09-02T06:41:18.672086715,18.441856,-82.88863
2020-09-02T06:41:18.673994064,18.44186,-82.88863
2020-09-02T06:41:18.676282882,18.441866,-82.88863
2020-09-02T06:41:18.823150634,18.456036,-82.88882
2020-09-02T06:41:18.825441360,18.458735,-82.897
2020-09-02T06:41:18.839174270,18.456232,-82.8894
2020-09-02T06:41:18.865114212,18.455618,-82.88938
2020-09-02T06:41:18.880754470,18.441828,-82.8886
2020-09-02T06:41:18.886857986,18.441833,-82.88861
2020-09-02T06:41:18.906694412,18.44192,-82.88863
2020-09-02T06:41:18.922716140,18.44185,-82.88866
2020-09-02T06:41:18.936449050,18.44177,-82.88864
2020-09-02T06:41:18.966587066,18.441902,-82.88863
2020-09-02T06:41:19.016178131,18.441778,-82.88863
2020-09-02T06:41:19.069965362,18.441872,-82.888626
2020-09-02T06:41:19.125280380,18.44178,-82.88867
2020-09-02T06:41:19.133291244,18.441847,-82.88869
2020-09-02T06:41:19.224845886,18.36277,-82.88424
2020-09-02T06:41:19.304573059,18.441935,-82.888756
2020-09-02T06:41:19.320215225,18.441933,-82.888794
2020-09-02T06:41:19.346155166,18.44186,-82.88872
2020-09-02T06:41:19.167239666,19.453566,-78.74817
2020-09-02T06:41:19.203098298,19.453524,-78.748085
2020-09-02T06:41:19.205005646,19.48073,-78.74888
2020-09-02T06:41:19.264515877,19.486132,-78.74904
2020-09-02T06:41:19.266804696,19.453594,-78.748085
2020-09-02T06:41:19.554818631,19.45359,-78.74822
2020-09-02T06:41:20.516900062,19.143286,-82.8439
2020-09-02T06:41:20.519188880,19.140669,-82.83842
2020-09-02T06:41:20.568780899,19.130728,-82.85108
2020-09-02T06:41:20.640116691,19.111917,-82.83062
2020-09-02T06:41:20.644312858,19.115261,-82.83551
2020-09-02T06:41:20.703823089,19.109486,-82.82725
2020-09-02T06:41:20.803388595,19.108244,-82.81068
2020-09-02T06:41:20.811399459,19.126543,-82.824
2020-09-02T06:41:20.833143711,19.13887,-82.83864
2020-09-02T06:41:20.884642601,19.114153,-82.8083
2020-09-02T06:41:20.900664806,19.114803,-82.82604
2020-09-02T06:41:20.902572154,19.076546,-82.84787
2020-09-02T06:41:21.892882823,19.534094,-78.751076
2020-09-02T06:41:21.922637939,19.53397,-78.67374
2020-09-02T06:41:21.942474365,19.533924,-78.673676
2020-09-02T06:41:21.618601799,19.453434,-78.40056
2020-09-02T06:41:21.648356914,19.460688,-78.39413
2020-09-02T06:41:21.654460430,19.453524,-78.403435
2020-09-02T06:41:21.656367778,19.453547,-78.40668
2020-09-02T06:41:21.668193817,19.453537,-78.39947
2020-09-02T06:41:21.672389984,19.453535,-78.40561
2020-09-02T06:41:21.674297332,19.464188,-78.41093
2020-09-02T06:41:21.684215545,19.453447,-78.362045
2020-09-02T06:41:21.689937591,19.480814,-78.42315
2020-09-02T06:41:21.725796222,19.453602,-78.43935
2020-09-02T06:41:21.763562679,19.470203,-78.403984
2020-09-02T06:41:21.765851497,19.471899,-78.428535
2020-09-02T06:41:21.781491756,19.46419,-78.40363
2020-09-02T06:41:21.783399105,19.471558,-78.420685
2020-09-02T06:41:21.904708385,19.473064,-78.41542
2020-09-02T06:41:21.906997203,19.453625,-78.43934
2020-09-02T06:41:21.992447853,19.47497,-78.41095
2020-09-02T06:41:21.994355201,19.475195,-78.43995
2020-09-02T06:41:22.026017665,19.474781,-78.39707
2020-09-02T06:41:22.027925014,19.47429,-78.42606
2020-09-02T06:41:22.071794986,19.47384,-78.407196
2020-09-02T06:41:22.073702335,19.492977,-78.4555
2020-09-02T06:41:22.091631412,19.475653,-78.40856
2020-09-02T06:41:22.093538761,19.453579,-78.43935
2020-09-02T06:41:22.113757133,19.474815,-78.40755
2020-09-02T06:41:22.135501384,19.475153,-78.40217
2020-09-02T06:41:22.153430461,19.453526,-78.36201
2020-09-02T06:41:22.155337810,19.453594,-78.396454
2020-09-02T06:41:22.232777595,19.48939,-78.36302
2020-09-02T06:41:24.322119712,18.314245,-83.13384
2020-09-02T06:41:24.334326744,18.34935,-83.117966
2020-09-02T06:41:23.487450599,19.42096,-78.68024
2020-09-02T06:41:23.200963020,19.454657,-78.7893
2020-09-02T06:41:23.242924690,19.454622,-78.79263
2020-09-02T06:41:23.254750251,19.45464,-78.79289
2020-09-02T06:41:23.344016075,19.454649,-78.795784
2020-09-02T06:41:23.346304893,19.463123,-78.80022
2020-09-02T06:41:23.371863365,19.454632,-78.79457
2020-09-02T06:41:23.403907775,19.454576,-78.79704
2020-09-02T06:41:23.405815124,19.45455,-78.7951
2020-09-02T06:41:23.431755065,19.454569,-78.79505
2020-09-02T06:41:23.465325355,19.45459,-78.79756
2020-09-02T06:41:23.489357948,19.433722,-78.681076
2020-09-02T06:41:23.491265296,19.454243,-78.6716
2020-09-02T06:41:23.527124404,19.454372,-78.68741
2020-09-02T06:41:23.529031753,19.45434,-78.67158
2020-09-02T06:41:23.530939102,19.439484,-78.67115
2020-09-02T06:41:23.533227920,19.443415,-78.68233
2020-09-02T06:41:23.535135269,19.442123,-78.68302
2020-09-02T06:41:23.550775527,19.426674,-78.67978
2020-09-02T06:41:23.553064346,19.432459,-78.68667
2020-09-02T06:41:23.590830802,19.454306,-78.67152
2020-09-02T06:41:23.606471061,19.43059,-78.67093
2020-09-02T06:41:23.638515472,19.43755,-78.683426
2020-09-02T06:41:23.640422821,19.454283,-78.67158
2020-09-02T06:41:23.686199188,19.417068,-78.67907
2020-09-02T06:41:23.688106536,19.427553,-78.670784
2020-09-02T06:41:23.722058296,19.45435,-78.67151
2020-09-02T06:41:23.723965644,19.454325,-78.6715
2020-09-02T06:41:23.781568527,19.41647,-78.685394
2020-09-02T06:41:23.809415817,19.417194,-78.67046
2020-09-02T06:41:23.811323165,19.408941,-78.68128
2020-09-02T06:41:23.813230514,19.411888,-78.6818
2020-09-02T06:41:23.815519332,19.406607,-78.681274
2020-09-02T06:41:23.817426681,19.40312,-78.681816
2020-09-02T06:41:23.819334983,19.40885,-78.67017
2020-09-02T06:41:23.829253196,19.385538,-78.67687
2020-09-02T06:41:23.831160545,19.40583,-78.682625
2020-09-02T06:41:23.833449363,19.374533,-78.66924
2020-09-02T06:41:23.849089622,19.38531,-78.67757
2020-09-02T06:41:23.850996971,19.401089,-78.68149
2020-09-02T06:41:23.853285789,19.407984,-78.68684
2020-09-02T06:41:23.855193138,19.374617,-78.66929
2020-09-02T06:41:23.857100486,19.374615,-78.6693
2020-09-02T06:41:23.859007835,19.388914,-78.67797
2020-09-02T06:41:23.867018699,19.374601,-78.67428
2020-09-02T06:41:23.868926048,19.39711,-78.68037
2020-09-02T06:41:23.871214866,19.413641,-78.689095
2020-09-02T06:41:23.881134033,19.374613,-78.66929
2020-09-02T06:41:23.908981323,19.374575,-78.669334
2020-09-02T06:41:23.910888671,19.37454,-78.65705
2020-09-02T06:41:24.018083572,19.374596,-78.66932
2020-09-02T06:41:24.032197952,19.410763,-78.689156
2020-09-02T06:41:24.040208816,19.396978,-78.67388
2020-09-02T06:41:24.042116165,19.374575,-78.66931
2020-09-02T06:41:24.083697319,19.398674,-78.67685
2020-09-02T06:41:24.085604667,19.374588,-78.66934
2020-09-02T06:41:24.101626396,19.454353,-78.68447
2020-09-02T06:41:24.103533744,19.410978,-78.68758
2020-09-02T06:41:24.107729911,19.40436,-78.67632
2020-09-02T06:41:24.129474639,19.409245,-78.680725
2020-09-02T06:41:24.135578155,19.412086,-78.68434
2020-09-02T06:41:24.141300201,19.454287,-78.67147
2020-09-02T06:41:24.177158355,19.454315,-78.67155
2020-09-02T06:41:24.187076568,19.454317,-78.67153
2020-09-02T06:41:24.188983917,19.441233,-78.68197
2020-09-02T06:41:24.191273689,19.43926,-78.680824
2020-09-02T06:41:24.193181037,19.442884,-78.680664
2020-09-02T06:41:24.195088386,19.432379,-78.68132
2020-09-02T06:41:24.196995735,19.416637,-78.68473
2020-09-02T06:41:24.198903083,19.454319,-78.671585
2020-09-02T06:41:24.286642074,19.423958,-78.68125
2020-09-02T06:41:24.288549423,19.41493,-78.669785
2020-09-02T06:41:24.290456771,19.417116,-78.68072
2020-09-02T06:41:24.332419395,19.424147,-78.68406
2020-09-02T06:41:24.407951354,19.374527,-78.66933
2020-09-02T06:41:24.411766052,19.432348,-78.682236
2020-09-02T06:41:24.429695129,19.374529,-78.66928
2020-09-02T06:41:24.431602478,19.441114,-78.67116
2020-09-02T06:41:24.433509826,19.409294,-78.66634
2020-09-02T06:41:24.439614295,19.454279,-78.67154
2020-09-02T06:41:24.479287147,19.4318,-78.68071
2020-09-02T06:41:24.481194496,19.416311,-78.67579
2020-09-02T06:41:25.437554359,18.442604,-82.88945
2020-09-02T06:41:25.503168106,18.442593,-82.88934
2020-09-02T06:41:25.724041938,18.46366,-82.90991
2020-09-02T06:41:25.725949287,18.442595,-82.8893
2020-09-02T06:41:25.727856636,18.4426,-82.88929
2020-09-02T06:41:25.737775802,18.442535,-82.88935
2020-09-02T06:41:25.783552169,18.449968,-82.92099
2020-09-02T06:41:25.819411277,18.442766,-82.90825
2020-09-02T06:41:25.839247703,18.442726,-82.9125
2020-09-02T06:41:25.855269432,18.442577,-82.88923
2020-09-02T06:41:25.880828857,18.442621,-82.88927
2020-09-02T06:41:25.932709693,18.442509,-82.889206
2020-09-02T06:41:25.948349952,18.457159,-82.9083
2020-09-02T06:41:25.954453468,18.442522,-82.88928
2020-09-02T06:41:25.956360816,18.442522,-82.889275
2020-09-02T06:41:26.407646179,18.208973,-83.34192
2020-09-02T06:41:26.461434364,18.208876,-83.34187
2020-09-02T06:41:26.588847160,18.228317,-83.36579
2020-09-02T06:41:26.662090301,18.208952,-83.341896
2020-09-02T06:41:26.795607566,19.509413,-78.75
2020-09-02T06:41:26.805525779,19.533892,-78.75072
2020-09-02T06:41:28.292517662,19.532478,-78.31505
2020-09-02T06:41:28.294425010,19.532436,-78.28643
2020-09-02T06:41:28.318457603,19.53252,-78.28653
2020-09-02T06:41:28.382164001,19.529015,-78.30489
2020-09-02T06:41:28.392082214,19.532463,-78.28644
2020-09-02T06:41:28.393989562,19.532469,-78.29642
2020-09-02T06:41:28.407723426,19.53242,-78.29888
2020-09-02T06:41:28.409630775,19.532425,-78.30342
2020-09-02T06:41:28.445488929,19.521828,-78.30524
2020-09-02T06:41:28.447396278,19.518757,-78.30241
2020-09-02T06:41:28.449685096,19.520304,-78.297516
2020-09-02T06:41:28.451592445,19.516996,-78.295105
2020-09-02T06:41:28.453499794,19.532494,-78.28651
2020-09-02T06:41:28.465326309,19.498333,-78.291824
2020-09-02T06:41:28.467615127,19.51431,-78.30248
2020-09-02T06:41:28.475244522,19.499313,-78.28562
2020-09-02T06:41:28.477533340,19.499126,-78.29624
2020-09-02T06:41:28.479440689,19.511707,-78.28594
2020-09-02T06:41:28.509195327,19.532457,-78.28652
2020-09-02T06:41:28.517206192,19.53238,-78.28649
2020-09-02T06:41:28.519113540,19.532356,-78.28648
2020-09-02T06:41:28.525218009,19.532434,-78.314156
2020-09-02T06:41:28.527125358,19.53246,-78.31793
2020-09-02T06:41:28.529032707,19.532509,-78.334496
2020-09-02T06:41:28.530940055,19.532444,-78.29122
2020-09-02T06:41:28.533228874,19.532436,-78.28649
2020-09-02T06:41:28.535136222,19.532438,-78.28647
2020-09-02T06:41:28.550776481,19.532438,-78.28652
2020-09-02T06:41:28.562983512,19.532423,-78.28652
2020-09-02T06:41:28.564890861,19.532415,-78.28651
2020-09-02T06:41:28.580912590,19.532652,-78.36387
2020-09-02T06:41:28.584728240,19.502424,-78.29694
2020-09-02T06:41:28.586635589,19.507177,-78.30876
2020-09-02T06:41:28.608760833,19.492085,-78.29071
2020-09-02T06:41:28.610668182,19.506172,-78.30176
2020-09-02T06:41:28.636608123,19.471972,-78.2804
2020-09-02T06:41:28.638515472,19.502375,-78.303185
2020-09-02T06:41:28.678189277,19.532354,-78.309006
2020-09-02T06:41:28.691922187,19.532503,-78.363846
2020-09-02T06:41:28.797591209,19.511786,-78.28595
2020-09-02T06:41:28.799498558,19.504633,-78.29833
2020-09-02T06:41:28.801405906,19.532423,-78.28646
2020-09-02T06:41:28.061724662,19.453653,-78.74854
2020-09-02T06:41:28.064013481,19.453646,-78.74852
2020-09-02T06:41:28.103687286,19.453714,-78.74852
2020-09-02T06:41:28.179219245,19.453745,-78.7485
2020-09-02T06:41:28.187230110,19.453691,-78.75776
2020-09-02T06:41:28.189137458,19.453669,-78.76006
2020-09-02T06:41:28.191044807,19.45362,-78.74844
2020-09-02T06:41:28.230718612,19.453688,-78.76036
2020-09-02T06:41:28.274588584,19.453672,-78.76905
2020-09-02T06:41:28.308539390,19.453642,-78.75987
2020-09-02T06:41:28.310446739,19.452791,-78.76348
2020-09-02T06:41:28.312354087,19.453627,-78.74857
2020-09-02T06:41:28.338294982,19.453678,-78.74855
2020-09-02T06:41:28.340202331,19.453693,-78.748566
2020-09-02T06:41:28.348213195,19.4537,-78.7485
2020-09-02T06:41:28.397805213,19.45936,-78.76443
2020-09-02T06:41:28.399712562,19.45363,-78.766106
2020-09-02T06:41:28.403908729,19.453577,-78.74853
2020-09-02T06:41:28.441674232,19.453661,-78.76423
2020-09-02T06:41:28.445488929,19.453697,-78.76443
2020-09-02T06:41:28.453499794,19.453669,-78.74857
2020-09-02T06:41:28.477533340,19.453594,-78.762375
2020-09-02T06:41:28.489358901,19.453583,-78.748535
2020-09-02T06:41:28.554972648,19.453661,-78.76889
2020-09-02T06:41:28.566798210,19.438694,-78.76317
2020-09-02T06:41:28.568705558,19.453573,-78.74854
2020-09-02T06:41:28.600749969,19.453598,-78.748535
2020-09-02T06:41:28.618679046,19.4535,-78.74856
2020-09-02T06:41:28.634319305,19.453552,-78.74856
2020-09-02T06:41:28.680096626,19.44769,-78.7668
2020-09-02T06:41:28.694211006,19.453543,-78.748535
2020-09-02T06:41:28.727781295,19.453548,-78.74852
2020-09-02T06:41:28.733884811,19.45355,-78.74854
2020-09-02T06:41:28.761732101,19.453537,-78.7485
2020-09-02T06:41:28.825438499,19.432476,-78.77003
2020-09-02T06:41:28.829253196,19.453533,-78.74861
2020-09-02T06:41:28.867019653,19.44853,-78.768326
2020-09-02T06:41:28.940644264,19.453548,-78.77792
2020-09-02T06:41:28.966585159,19.443298,-78.77371
2020-09-02T06:41:31.159307479,18.441788,-82.94073
2020-09-02T06:41:31.161214828,18.441732,-82.93363
2020-09-02T06:41:31.220724105,18.441849,-82.94165
2020-09-02T06:41:31.238653182,18.442087,-82.96745
2020-09-02T06:41:31.344322204,18.424032,-82.944885
2020-09-02T06:41:31.377891540,18.442068,-82.96742
2020-09-02T06:41:30.795378684,18.720201,-82.36102
2020-09-02T06:41:30.844970703,18.725842,-82.36133
2020-09-02T06:41:30.847259521,18.716166,-82.35983
2020-09-02T06:41:30.857177734,18.754477,-82.362915
2020-09-02T06:41:30.893036842,18.710928,-82.35232
2020-09-02T06:41:30.894944190,18.706396,-82.35448
2020-09-02T06:41:30.896851539,18.70749,-82.35258
2020-09-02T06:41:30.910584449,18.721922,-82.36112
2020-09-02T06:41:30.942628860,18.712168,-82.36069
2020-09-02T06:41:30.944536209,18.719515,-82.36106
2020-09-02T06:41:30.954454421,18.70928,-82.36045
2020-09-02T06:41:30.970476150,18.70095,-82.354614
2020-09-02T06:41:30.972383499,18.675262,-82.35867
2020-09-02T06:41:30.976198196,18.693588,-82.359695
2020-09-02T06:41:30.986116409,18.693274,-82.359695
2020-09-02T06:41:30.988405227,18.71051,-82.353806
2020-09-02T06:41:31.004045486,18.698847,-82.36
2020-09-02T06:41:31.006334304,18.698088,-82.35677
2020-09-02T06:41:31.034183502,18.754204,-82.33472
2020-09-02T06:41:31.095600128,18.754353,-82.36294
2020-09-02T06:41:31.107425689,18.754362,-82.362946
2020-09-02T06:41:31.179143905,18.703234,-82.36075
2020-09-02T06:41:31.182958602,18.675047,-82.35864
2020-09-02T06:41:31.195165634,18.71139,-82.36065
2020-09-02T06:41:31.197072982,18.715761,-82.36089
2020-09-02T06:41:31.198980331,18.714146,-82.36327
2020-09-02T06:41:31.203176498,18.721176,-82.3612
2020-09-02T06:41:31.205083847,18.71512,-82.36412
2020-09-02T06:41:31.208898544,18.75449,-82.36298
2020-09-02T06:41:31.210805892,18.726837,-82.361496
2020-09-02T06:41:31.215002059,18.75447,-82.36299
2020-09-02T06:41:31.218816757,18.718388,-82.36949
2020-09-02T06:41:31.220724105,18.713242,-82.36079
2020-09-02T06:41:31.223012924,18.73349,-82.361885
2020-09-02T06:41:31.224920272,18.716658,-82.36099
2020-09-02T06:41:31.232931137,18.703438,-82.36029
2020-09-02T06:41:31.234838485,18.706793,-82.36046
2020-09-02T06:41:31.244756698,18.675144,-82.35875
2020-09-02T06:41:31.246664047,18.675133,-82.35876
2020-09-02T06:41:31.256582260,18.706354,-82.3604
2020-09-02T06:41:31.260778427,18.675121,-82.358665
2020-09-02T06:41:31.262685775,18.704304,-82.373085
2020-09-02T06:41:31.264593124,18.700336,-82.37982
2020-09-02T06:41:31.266500473,18.6754,-82.39074
2020-09-02T06:41:31.268789291,18.67539,-82.386765
2020-09-02T06:41:31.270696640,18.675432,-82.39008
2020-09-02T06:41:31.272603988,18.695362,-82.38174
2020-09-02T06:41:31.274511337,18.675444,-82.3937
2020-09-02T06:41:31.276420593,18.692034,-82.38657
2020-09-02T06:41:31.278709411,18.689825,-82.38758
2020-09-02T06:41:31.280616760,18.694519,-82.378944
2020-09-02T06:41:31.282524108,18.675453,-82.39932
2020-09-02T06:41:31.284431457,18.685963,-82.39074
2020-09-02T06:41:31.286338806,18.689127,-82.38878
2020-09-02T06:41:31.288627624,18.675404,-82.39534
2020-09-02T06:41:31.292442321,18.675383,-82.39387
2020-09-02T06:41:31.294349670,18.694914,-82.38845
2020-09-02T06:41:31.296638488,18.675365,-82.39299
2020-09-02T06:41:31.298545837,18.675453,-82.406265
2020-09-02T06:41:31.300453186,18.67541,-82.40088
2020-09-02T06:41:31.302360534,18.698008,-82.38445
2020-09-02T06:41:31.304267883,18.675314,-82.38755
2020-09-02T06:41:31.358055114,18.675156,-82.358604
2020-09-02T06:41:31.501108169,18.675573,-82.4364
2020-09-02T06:41:31.503396987,18.699865,-82.39169
2020-09-02T06:41:31.568630218,18.675379,-82.41466
2020-09-02T06:41:31.570919036,18.697538,-82.37431
2020-09-02T06:41:31.576641082,18.69079,-82.38588
2020-09-02T06:41:31.614406585,18.67566,-82.43644
2020-09-02T06:41:31.632335662,18.661839,-82.396416
2020-09-02T06:41:31.634243011,18.675337,-82.39177
2020-09-02T06:41:31.650266647,18.754364,-82.363045
2020-09-02T06:41:31.658277511,18.643703,-82.4062
2020-09-02T06:41:31.660184860,18.675325,-82.39572
2020-09-02T06:41:31.664381027,18.675446,-82.414406
2020-09-02T06:41:31.682310104,18.666973,-82.39686
2020-09-02T06:41:31.684217453,18.688297,-82.390594
2020-09-02T06:41:31.692228317,18.67565,-82.43633
2020-09-02T06:41:31.694135665,18.696327,-82.39543
2020-09-02T06:41:31.771575927,18.634409,-82.42106
2020-09-02T06:41:31.773483276,18.675339,-82.40249
2020-09-02T06:41:31.697950363,19.416216,-82.53153
2020-09-02T06:41:31.811248779,19.431536,-82.53123
2020-09-02T06:41:31.873046875,19.426813,-82.556335
2020-09-02T06:41:31.874954223,19.414965,-82.52942
2020-09-02T06:41:31.890594482,19.433016,-82.529816
2020-09-02T06:41:31.926454544,19.392073,-82.55443
2020-09-02T06:41:32.318229675,19.508644,-78.75086
2020-09-02T06:41:32.328147888,19.532698,-78.75151
2020-09-02T06:41:32.330436706,19.532682,-78.7515
2020-09-02T06:41:32.338066101,19.504826,-78.75067
2020-09-02T06:41:32.355995178,19.532732,-78.751465
2020-09-02T06:41:32.370109558,19.532818,-78.75146
2020-09-02T06:41:32.372016906,19.507784,-78.75075
2020-09-02T06:41:32.378120422,19.50298,-78.75068
2020-09-02T06:41:32.441446304,19.501167,-78.75058
2020-09-02T06:41:32.501337051,19.503277,-78.750725
2020-09-02T06:41:32.507059097,19.452883,-78.749245
2020-09-02T06:41:34.045932769,19.491306,-78.36354
2020-09-02T06:41:34.047840118,19.484549,-78.37381
2020-09-02T06:41:34.057758331,19.505749,-78.36385
2020-09-02T06:41:34.087894439,19.531572,-78.36457
2020-09-02T06:41:34.089801788,19.495825,-78.36363
2020-09-02T06:41:34.123373031,19.531593,-78.36454
2020-09-02T06:41:34.125661849,19.488346,-78.363434
2020-09-02T06:41:34.143590927,19.480946,-78.371124
2020-09-02T06:41:34.155416488,19.498096,-78.36369
2020-09-02T06:41:34.209203720,19.518421,-78.36423
2020-09-02T06:41:34.211111068,19.503586,-78.363846
2020-09-02T06:41:34.221029281,19.5317,-78.36463
2020-09-02T06:41:34.222936630,19.531696,-78.364624
2020-09-02T06:41:34.224843978,19.512054,-78.364105
2020-09-02T06:41:34.226751327,19.497437,-78.37171
2020-09-02T06:41:34.229040145,19.486584,-78.36887
2020-09-02T06:41:34.274818420,19.45186,-78.362495
2020-09-02T06:41:34.276725769,19.489239,-78.37072
2020-09-02T06:41:34.286643981,19.482422,-78.37053
2020-09-02T06:41:34.292366027,19.4825,-78.36946
2020-09-02T06:41:34.312583923,19.488327,-78.37034
2020-09-02T06:41:34.336235046,19.489965,-78.363464
2020-09-02T06:41:34.346153259,19.531721,-78.36456
2020-09-02T06:41:34.348060607,19.48632,-78.3634
2020-09-02T06:41:35.354011535,19.452755,-78.792015
2020-09-02T06:41:35.386056900,19.452784,-78.78929
2020-09-02T06:41:35.427637100,19.452778,-78.79232
2020-09-02T06:41:35.473413467,19.4528,-78.78796
2020-09-02T06:41:35.527202606,19.464237,-78.793434
2020-09-02T06:41:35.539028167,19.452856,-78.79055
2020-09-02T06:41:35.563060760,19.452785,-78.78751
2020-09-02T06:41:36.413751602,19.532522,-78.75114
2020-09-02T06:41:36.445413589,19.507212,-78.750404
2020-09-02T06:41:36.467538833,19.532463,-78.751076
2020-09-02T06:41:36.533153533,19.532566,-78.7511
2020-09-02T06:41:36.551082611,19.532484,-78.75102
2020-09-02T06:41:38.171209335,19.1254,-82.85082
2020-09-02T06:41:38.216987609,19.111721,-82.86699
2020-09-02T06:41:38.282600402,19.111538,-82.86872
2020-09-02T06:41:38.332193374,19.12285,-82.85063
2020-09-02T06:41:38.342111587,19.109953,-82.869156
2020-09-02T06:41:38.399713516,19.110744,-82.8698
2020-09-02T06:41:38.453502655,19.11602,-82.85985
2020-09-02T06:41:38.457317352,19.120777,-82.865135
2020-09-02T06:41:38.576717376,19.130068,-82.8501
2020-09-02T06:41:38.676282882,19.127441,-82.858696
2020-09-02T06:41:38.628599166,18.27051,-83.33358
2020-09-02T06:41:38.630506515,18.270163,-83.335014
2020-09-02T06:41:38.964298248,18.262926,-83.32406
2020-09-02T06:41:39.029911041,18.268784,-83.328415
2020-09-02T06:41:39.171054364,19.463884,-78.76512
2020-09-02T06:41:39.173343182,19.452974,-78.74852
2020-09-02T06:41:39.352255345,19.46698,-78.76607
2020-09-02T06:41:39.364080906,19.467512,-78.76461
2020-09-02T06:41:39.373999119,19.452854,-78.748505
2020-09-02T06:41:39.391928673,19.474615,-78.749115
2020-09-02T06:41:39.419776440,19.452847,-78.748505
2020-09-02T06:41:39.435798169,19.467123,-78.767494
2020-09-02T06:41:39.443428040,19.46576,-78.76369
2020-09-02T06:41:39.447624207,19.452843,-78.74845
2020-09-02T06:41:39.457542420,19.452892,-78.7485
2020-09-02T06:41:39.471275807,19.452845,-78.748535
2020-09-02T06:41:39.570840836,19.466322,-78.765785
2020-09-02T06:41:39.606699467,19.45285,-78.74848
2020-09-02T06:41:39.093614579,18.45144,-82.895
2020-09-02T06:41:39.095521927,18.441275,-82.88908
2020-09-02T06:41:39.123369694,18.441265,-82.889015
2020-09-02T06:41:39.129473210,18.45024,-82.89417
2020-09-02T06:41:39.133288384,18.441256,-82.88908
2020-09-02T06:41:39.137484551,18.441267,-82.8891
2020-09-02T06:41:39.250782490,18.441233,-82.88907
2020-09-02T06:41:39.306478024,18.447613,-82.8971
2020-09-02T06:41:39.308385373,18.44936,-82.895805
2020-09-02T06:41:39.310292721,18.441126,-82.88898
2020-09-02T06:41:39.419776440,18.449047,-82.89092
2020-09-02T06:41:39.457542420,18.448584,-82.88999
2020-09-02T06:41:39.491112233,18.450624,-82.897964
2020-09-02T06:41:39.567026139,18.441187,-82.88907
2020-09-02T06:41:39.568933487,18.449057,-82.88994
2020-09-02T06:41:39.570840836,18.441172,-82.889084
2020-09-02T06:41:39.660106183,18.443878,-82.88673
2020-09-02T06:41:39.725719929,18.456102,-82.88869
2020-09-02T06:41:39.757763863,18.441156,-82.88907
2020-09-02T06:41:39.819181443,18.445656,-82.886345
2020-09-02T06:41:39.863050938,18.441164,-82.88906
2020-09-02T06:41:39.994278431,18.415228,-82.85957
2020-09-02T06:41:39.996185780,18.441053,-82.88912
2020-09-02T06:41:39.998093606,18.443073,-82.86527
2020-09-02T06:41:40.000382423,18.437466,-82.86326
2020-09-02T06:41:40.002289772,18.426077,-82.86152
2020-09-02T06:41:40.004197120,18.424408,-82.85527
2020-09-02T06:41:40.006104469,18.42791,-82.85851
2020-09-02T06:41:40.008393287,18.418068,-82.84992
2020-09-02T06:41:40.010300636,18.433353,-82.8479
2020-09-02T06:41:40.012207984,18.428576,-82.843956
2020-09-02T06:41:40.014115333,18.42888,-82.845474
2020-09-02T06:41:40.016022682,18.440773,-82.846306
2020-09-02T06:41:40.024033546,18.440487,-82.81134
2020-09-02T06:41:40.025940895,18.440634,-82.833244
2020-09-02T06:41:40.056077480,18.440657,-82.82966
2020-09-02T06:41:40.057984828,18.440725,-82.841034
2020-09-02T06:41:40.059892654,18.440765,-82.84864
2020-09-02T06:41:40.087739944,18.440609,-82.828636
2020-09-02T06:41:40.089647293,18.429052,-82.8317
2020-09-02T06:41:40.091555118,18.419931,-82.83382
2020-09-02T06:41:40.093843936,18.417295,-82.83533
2020-09-02T06:41:40.095751285,18.4214,-82.83169
2020-09-02T06:41:40.097658634,18.412174,-82.83908
2020-09-02T06:41:40.099565982,18.425774,-82.83323
2020-09-02T06:41:40.564966201,19.53248,-78.75086
2020-09-02T06:41:40.608454227,19.532572,-78.75085
2020-09-02T06:41:40.612650394,19.532585,-78.75085
2020-09-02T06:41:40.620661735,19.532501,-78.75085
2020-09-02T06:41:40.664149761,19.489641,-78.73843
2020-09-02T06:41:40.674067974,19.483921,-78.73916
2020-09-02T06:41:40.676356792,19.477104,-78.729195
2020-09-02T06:41:40.678264617,19.477556,-78.736206
2020-09-02T06:41:40.680171966,19.48254,-78.728676
2020-09-02T06:41:40.682079315,19.472162,-78.720375
2020-09-02T06:41:40.688182830,19.466839,-78.70847
2020-09-02T06:41:40.690090179,19.475582,-78.709625
2020-09-02T06:41:40.691997528,19.452559,-78.70495
2020-09-02T06:41:40.805295944,19.47394,-78.7198
2020-09-02T06:41:40.807584762,19.452492,-78.671165
2020-09-02T06:41:40.811399459,19.452639,-78.71627
2020-09-02T06:41:40.819410324,19.45247,-78.67121
2020-09-02T06:41:40.821317672,19.469034,-78.7034
2020-09-02T06:41:40.823225021,19.466791,-78.70877
2020-09-02T06:41:40.825513839,19.465868,-78.70317
2020-09-02T06:41:40.827421188,19.452538,-78.69512
2020-09-02T06:41:40.845350742,19.490643,-78.73191
2020-09-02T06:41:40.886931419,19.465574,-78.699524
2020-09-02T06:41:40.888838768,19.470842,-78.70006
2020-09-02T06:41:40.893034934,19.463747,-78.7042
2020-09-02T06:41:40.894942760,19.452545,-78.71085
2020-09-02T06:41:40.896850109,19.452507,-78.699486
2020-09-02T06:41:41.008240699,19.472656,-78.699684
2020-09-02T06:41:41.010148048,19.453392,-78.70359
2020-09-02T06:41:41.504921913,19.486774,-82.534485
2020-09-02T06:41:41.532769680,19.471079,-82.522446
2020-09-02T06:41:41.535058498,19.49381,-82.53064
2020-09-02T06:41:41.540780544,19.50154,-82.525795
2020-09-02T06:41:41.544977188,19.47099,-82.50766
2020-09-02T06:41:41.552988052,19.513374,-82.51413
2020-09-02T06:41:41.568628311,19.495121,-82.48158
2020-09-02T06:41:41.570535659,19.50126,-82.5081
2020-09-02T06:41:41.574731826,19.470783,-82.480194
2020-09-02T06:41:41.576639652,19.470768,-82.4802
2020-09-02T06:41:41.588465213,19.470707,-82.48012
2020-09-02T06:41:41.590754032,19.496021,-82.48155
2020-09-02T06:41:41.592661380,19.470716,-82.480125
2020-09-02T06:41:41.604486942,19.470842,-82.480225
2020-09-02T06:41:41.612498283,19.470896,-82.48025
2020-09-02T06:41:41.628520011,19.510462,-82.47649
2020-09-02T06:41:41.630427360,19.497366,-82.484726
2020-09-02T06:41:41.632334709,19.501377,-82.48257
2020-09-02T06:41:41.634242057,19.49776,-82.499214
2020-09-02T06:41:41.636149406,19.503222,-82.482544
2020-09-02T06:41:41.638438701,19.504562,-82.48433
2020-09-02T06:41:41.640346050,19.50503,-82.49323
2020-09-02T06:41:41.642253398,19.504885,-82.48564
2020-09-02T06:41:41.644160747,19.51069,-82.48424
2020-09-02T06:41:41.646068096,19.512201,-82.47333
2020-09-02T06:41:41.648356914,19.514675,-82.47393
2020-09-02T06:41:41.650264263,19.514599,-82.46923
2020-09-02T06:41:41.652171611,19.518198,-82.47219
2020-09-02T06:41:41.654078960,19.525425,-82.45731
2020-09-02T06:41:41.656367778,19.532383,-82.44338
2020-09-02T06:41:41.658275127,19.533579,-82.43911
2020-09-02T06:41:41.660182476,19.550108,-82.40657
2020-09-02T06:41:41.662089824,19.529337,-82.42584
2020-09-02T06:41:41.666285991,19.55012,-82.40653
2020-09-02T06:41:41.837187290,19.312174,-82.627396
2020-09-02T06:41:41.252766609,19.516848,-78.3271
2020-09-02T06:41:41.268788814,19.531542,-78.363914
2020-09-02T06:41:41.429771423,19.515747,-78.341156
2020-09-02T06:41:41.451515674,19.531328,-78.331856
2020-09-02T06:41:41.551080703,19.496305,-78.333405
2020-09-02T06:41:41.552988052,19.513502,-78.33109
2020-09-02T06:41:41.564813613,19.513353,-78.33461
2020-09-02T06:41:41.582743167,19.531136,-78.286446
2020-09-02T06:41:41.584650516,19.495682,-78.325745
2020-09-02T06:41:41.586939334,19.53119,-78.32452
2020-09-02T06:41:41.602579593,19.513536,-78.3082
2020-09-02T06:41:41.604486942,19.48805,-78.31637
2020-09-02T06:41:41.606776237,19.502228,-78.32837
2020-09-02T06:41:41.618601799,19.480946,-78.31026
2020-09-02T06:41:41.620509147,19.512236,-78.33644
2020-09-02T06:41:41.652553081,19.510292,-78.31365
2020-09-02T06:41:41.654460430,19.531244,-78.33461
2020-09-02T06:41:41.672389984,19.48853,-78.29587
2020-09-02T06:41:41.676204681,19.531284,-78.32559
2020-09-02T06:41:41.745633125,19.504967,-78.36314
2020-09-02T06:41:41.753643989,19.4902,-78.32135
2020-09-02T06:41:41.755932807,19.515089,-78.30451
2020-09-02T06:41:41.757840156,19.517277,-78.32764
2020-09-02T06:41:41.759747505,19.499353,-78.31307
2020-09-02T06:41:41.763562679,19.531212,-78.3193
2020-09-02T06:41:41.773480892,19.491823,-78.31457
2020-09-02T06:41:41.827269077,19.492437,-78.321594
2020-09-02T06:41:41.829176425,19.498034,-78.328
2020-09-02T06:41:41.874953269,19.506144,-78.34483
2020-09-02T06:41:41.876860618,19.531158,-78.28648
2020-09-02T06:41:41.879149436,19.49022,-78.32517
2020-09-02T06:41:41.779584407,18.284294,-83.11324
2020-09-02T06:41:41.783399105,18.308083,-83.13418
2020-09-02T06:41:41.866942405,18.320896,-83.1154
2020-09-02T06:41:41.889068126,18.308867,-83.13466
2020-09-02T06:41:41.890975475,18.284275,-83.11329
2020-09-02T06:41:41.900893688,18.328024,-83.1271
2020-09-02T06:41:41.902801036,18.284473,-83.13727
2020-09-02T06:41:41.904708385,18.322176,-83.122215
2020-09-02T06:41:41.906997203,18.284248,-83.11326
2020-09-02T06:41:41.908904552,18.288229,-83.131325
2020-09-02T06:41:41.910811901,18.290218,-83.12506
2020-09-02T06:41:41.912719249,18.27911,-83.122955
2020-09-02T06:41:41.914626598,18.30233,-83.12737
2020-09-02T06:41:41.916915893,18.258469,-83.12784
2020-09-02T06:41:42.016099452,18.322796,-83.12359
2020-09-02T06:41:42.121386528,18.284216,-83.11321
2020-09-02T06:41:45.877014160,19.532078,-78.75044
2020-09-02T06:41:46.062029838,19.49642,-78.73538
2020-09-02T06:41:46.103610038,19.509195,-78.73213
2020-09-02T06:41:46.121540069,19.532091,-78.750374
2020-09-02T06:41:46.125354766,19.51648,-78.721855
2020-09-02T06:41:46.127643585,19.532055,-78.75038
2020-09-02T06:41:46.190968513,19.513916,-78.7091
2020-09-02T06:41:46.240942001,19.513958,-78.72652
2020-09-02T06:41:46.401924133,19.495348,-78.74935
2020-09-02T06:41:46.467537879,19.532192,-78.75039
2020-09-02T06:41:46.473259925,19.495401,-78.71206
2020-09-02T06:41:46.495386123,19.50228,-78.71889
2020-09-02T06:41:46.497293472,19.45225,-78.71365
2020-09-02T06:41:46.536966323,19.507591,-78.72904
2020-09-02T06:41:46.538873672,19.4944,-78.71226
2020-09-02T06:41:46.559092521,19.516888,-78.71257
2020-09-02T06:41:48.137256622,18.472015,-82.89059
2020-09-02T06:41:48.181126594,18.440956,-82.88879
2020-09-02T06:41:47.475397109,19.452496,-78.74811
2020-09-02T06:41:47.662320137,19.452574,-78.74809
2020-09-02T06:41:47.678341865,19.452568,-78.74802
2020-09-02T06:41:47.688260078,19.464827,-78.76681
2020-09-02T06:41:47.690167427,19.454075,-78.76834
2020-09-02T06:41:47.711911201,19.452658,-78.77164
2020-09-02T06:41:47.741666793,19.452646,-78.7697
2020-09-02T06:41:47.791640281,19.452595,-78.74804
2020-09-02T06:41:47.839323997,19.452595,-78.74798
2020-09-02T06:41:47.851150512,19.452599,-78.74812
2020-09-02T06:41:47.880905151,19.4642,-78.77147
2020-09-02T06:41:47.882812500,19.462831,-78.772415
2020-09-02T06:41:47.885101318,19.452614,-78.74821
2020-09-02T06:41:48.000307083,19.43555,-78.773705
2020-09-02T06:41:48.010225296,19.452635,-78.748184
2020-09-02T06:41:48.028155326,19.452755,-78.7776
2020-09-02T06:41:48.061724662,19.452599,-78.74821
2020-09-02T06:41:48.087664604,19.452812,-78.78494
2020-09-02T06:41:48.145267486,19.49202,-78.78871
2020-09-02T06:41:48.183033943,19.452751,-78.77982
2020-09-02T06:41:48.185322761,19.452692,-78.748184
2020-09-02T06:41:48.191044807,19.4528,-78.77123
2020-09-02T06:41:48.195240974,19.452778,-78.77157
2020-09-02T06:41:48.205159187,19.45281,-78.78507
2020-09-02T06:41:48.207066535,19.452732,-78.74821
2020-09-02T06:41:48.208973884,19.452808,-78.77325
2020-09-02T06:41:48.210881233,19.452816,-78.77336
2020-09-02T06:41:48.213171005,19.452793,-78.771355
2020-09-02T06:41:48.215078353,19.452782,-78.77328
2020-09-02T06:41:48.216985702,19.452753,-78.768105
2020-09-02T06:41:48.218893051,19.453722,-78.76737
2020-09-02T06:41:48.220800399,19.454002,-78.76973
2020-09-02T06:41:48.223089218,19.45275,-78.77724
2020-09-02T06:41:48.410012245,19.4536,-78.773605
2020-09-02T06:41:48.417641639,19.452696,-78.74829
2020-09-02T06:41:49.465555191,19.471388,-78.36309
2020-09-02T06:41:49.471277236,19.477928,-78.362175
2020-09-02T06:41:49.473566055,19.480103,-78.36225
2020-09-02T06:41:49.475473403,19.452063,-78.361534
2020-09-02T06:41:49.479288101,19.474218,-78.362144
2020-09-02T06:41:49.485391616,19.452034,-78.36156
2020-09-02T06:41:49.487298965,19.471495,-78.36205
2020-09-02T06:41:49.497217178,19.46568,-78.3552
2020-09-02T06:41:49.499124526,19.45203,-78.36145
2020-09-02T06:41:49.536890983,19.452078,-78.36145
2020-09-02T06:41:49.586864471,19.452034,-78.36147
2020-09-02T06:41:49.588771820,19.452036,-78.361496
2020-09-02T06:41:49.602504730,19.45207,-78.36153
2020-09-02T06:41:49.604793548,19.466537,-78.35813
2020-09-02T06:41:49.678418159,19.467833,-78.358154
2020-09-02T06:41:49.680325508,19.452042,-78.3615
2020-09-02T06:41:51.280616760,18.552406,-82.53338
2020-09-02T06:41:51.282524108,18.553167,-82.53346
2020-09-02T06:41:51.284431457,18.561035,-82.52918
2020-09-02T06:41:51.286720275,18.57673,-82.5258
2020-09-02T06:41:51.310371398,18.596601,-82.50879
2020-09-02T06:41:51.312278747,18.56325,-82.52948
2020-09-02T06:41:51.314567565,18.560421,-82.530235
2020-09-02T06:41:51.316474914,18.596664,-82.50878
2020-09-02T06:41:51.322196960,18.57998,-82.52646
2020-09-02T06:41:51.348136901,18.596668,-82.508865
2020-09-02T06:41:51.377891540,18.596764,-82.53191
2020-09-02T06:41:51.427865982,18.596706,-82.50891
2020-09-02T06:41:52.018009185,19.532751,-78.75025
2020-09-02T06:41:52.032123565,19.49354,-78.7492
2020-09-02T06:41:52.043949127,19.532751,-78.75026
2020-09-02T06:41:52.045856475,19.452946,-78.747955
2020-09-02T06:41:52.119480133,19.492876,-78.74914
2020-09-02T06:41:52.121387481,19.452894,-78.74798
2020-09-02T06:41:52.125583648,19.491955,-78.74913
2020-09-02T06:41:52.127490997,19.491404,-78.74912
2020-09-02T06:41:52.143514633,19.505426,-78.7495
2020-09-02T06:41:52.155340194,19.492405,-78.749176
2020-09-02T06:41:52.157247543,19.452944,-78.74806
2020-09-02T06:41:52.097736358,18.220112,-83.33838
2020-09-02T06:41:52.099643707,18.220287,-83.331764
2020-09-02T06:41:52.169073104,18.224396,-83.3362
2020-09-02T06:41:52.211034774,18.219292,-83.3421
2020-09-02T06:41:52.238882064,18.207651,-83.34129
2020-09-02T06:41:52.254903793,18.207636,-83.34131
2020-09-02T06:41:52.256811141,18.207653,-83.341286
2020-09-02T06:41:52.272453308,18.207794,-83.34122
2020-09-02T06:41:52.286567687,18.207808,-83.34124
2020-09-02T06:41:52.304496765,18.207737,-83.341225
2020-09-02T06:41:52.306404113,18.20774,-83.34122
2020-09-02T06:41:52.312507629,18.20775,-83.34121
2020-09-02T06:41:52.326240539,18.22846,-83.34244
2020-09-02T06:41:52.328147888,18.221989,-83.342026
2020-09-02T06:41:52.346076965,18.218987,-83.34194
2020-09-02T06:41:52.365913391,18.219446,-83.34199
2020-09-02T06:41:52.383842468,18.207733,-83.34125
2020-09-02T06:41:52.463571548,18.207735,-83.34122
2020-09-02T06:41:52.465478897,18.207727,-83.34123
2020-09-02T06:41:52.533000946,18.210943,-83.33738
2020-09-02T06:41:52.534908294,18.213215,-83.33743
2020-09-02T06:41:53.348213195,19.532635,-78.75033
2020-09-02T06:41:53.350120544,19.532627,-78.75033
2020-09-02T06:41:53.513393402,19.531612,-78.28598
2020-09-02T06:41:53.521022796,19.531633,-78.285965
2020-09-02T06:41:53.556880950,19.531704,-78.28595
2020-09-02T06:41:53.558788299,19.5317,-78.28593
2020-09-02T06:41:53.638517379,19.53171,-78.30283
2020-09-02T06:41:53.656446456,19.531681,-78.28597
2020-09-02T06:41:53.658353805,19.531683,-78.30204
2020-09-02T06:41:53.660261154,19.531668,-78.308235
2020-09-02T06:41:53.676282882,19.531717,-78.28597
2020-09-02T06:41:53.747999191,19.52481,-78.32079
2020-09-02T06:41:53.761734008,19.534975,-78.29971
2020-09-02T06:41:53.763641357,19.531452,-78.31006
2020-09-02T06:41:53.765548706,19.531738,-78.28596
2020-09-02T06:41:53.773559570,19.531754,-78.285965
2020-09-02T06:41:53.825439453,19.531696,-78.30312
2020-09-02T06:41:53.868927001,19.535173,-78.29719
2020-09-02T06:41:53.871215820,19.531721,-78.285965
2020-09-02T06:41:53.875032424,19.531715,-78.28596
2020-09-02T06:41:53.886857986,19.531736,-78.28589
2020-09-02T06:41:53.926912307,19.531738,-78.30352
2020-09-02T06:41:53.944459915,19.531668,-78.28596
2020-09-02T06:41:53.968492507,19.531666,-78.28595
2020-09-02T06:41:54.188985824,18.441236,-82.88865
2020-09-02T06:41:54.338142395,18.441309,-82.906746
2020-09-02T06:41:54.340049743,18.441296,-82.90585
2020-09-02T06:41:55.072101593,15.265281,-82.11682
2020-09-02T06:41:55.074390411,15.2688,-82.116974
2020-09-02T06:41:55.076297760,15.263263,-82.098694
2020-09-02T06:41:55.078205108,15.259107,-82.097
2020-09-02T06:41:55.080112457,15.272786,-82.11714
2020-09-02T06:41:55.082401275,15.262423,-82.10254
2020-09-02T06:41:55.084308624,15.269345,-82.10061
2020-09-02T06:41:55.109867095,15.261281,-82.09928
2020-09-02T06:41:55.112157821,15.241067,-82.11583
2020-09-02T06:41:55.115972518,15.266762,-82.108246
2020-09-02T06:41:55.117879867,15.27669,-82.11734
2020-09-02T06:41:55.120168685,15.241069,-82.115814
2020-09-02T06:41:55.122076034,15.241073,-82.115814
2020-09-02T06:41:55.123983383,15.24108,-82.11582
2020-09-02T06:41:55.127798080,15.263445,-82.089485
2020-09-02T06:41:55.130086898,15.241104,-82.11585
2020-09-02T06:41:55.131994247,15.241111,-82.115845
2020-09-02T06:41:55.133901596,15.241115,-82.11584
2020-09-02T06:41:55.135808944,15.241119,-82.11582
2020-09-02T06:41:55.137716293,15.258604,-82.08477
2020-09-02T06:41:55.140005111,15.256918,-82.098625
2020-09-02T06:41:55.141912460,15.241122,-82.11579
2020-09-02T06:41:55.149923324,15.274241,-82.08429
2020-09-02T06:41:55.151830673,15.286485,-82.08363
2020-09-02T06:41:55.153738021,15.28986,-82.085785
2020-09-02T06:41:55.155645370,15.288014,-82.08534
2020-09-02T06:41:55.157934188,15.294945,-82.094154
2020-09-02T06:41:55.159841537,15.317858,-82.084885
2020-09-02T06:41:55.161748886,15.241117,-82.11578
2020-09-02T06:41:55.855272293,19.453325,-78.796974
2020-09-02T06:41:55.880830764,19.453346,-78.80225
2020-09-02T06:41:55.910966873,19.453445,-78.8026
2020-09-02T06:41:55.942628860,19.45335,-78.7999
2020-09-02T06:41:55.966661453,19.46412,-78.80453
2020-09-02T06:41:55.968568801,19.453436,-78.82566
2020-09-02T06:41:55.970476150,19.45344,-78.825645
2020-09-02T06:41:55.994510650,19.46139,-78.804924
2020-09-02T06:41:56.010150909,19.453367,-78.825676
2020-09-02T06:41:56.012058258,19.453316,-78.800644
2020-09-02T06:41:56.024265289,19.45347,-78.82565
2020-09-02T06:41:56.037998199,19.453396,-78.79921
2020-09-02T06:41:56.039905548,19.466625,-78.80344
2020-09-02T06:41:56.042194366,19.453396,-78.80549
2020-09-02T06:41:56.071949005,19.462933,-78.80504
2020-09-02T06:41:56.075763702,19.45341,-78.82578
2020-09-02T06:41:56.135656356,19.470753,-78.80602
2020-09-02T06:41:56.175329208,19.465187,-78.80039
2020-09-02T06:41:56.187154769,19.453339,-78.797134
2020-09-02T06:41:56.190969467,19.453331,-78.798325
2020-09-02T06:41:56.211187362,19.453472,-78.82571
2020-09-02T06:41:56.266883850,19.453432,-78.825745
2020-09-02T06:41:56.914628982,19.53312,-78.75078
2020-09-02T06:41:56.922639846,19.533085,-78.73345
2020-09-02T06:41:57.012287139,19.533161,-78.75077
2020-09-02T06:41:57.030216217,19.53315,-78.75071
2020-09-02T06:41:57.038227081,19.533113,-78.75071
2020-09-02T06:41:57.042041778,19.533125,-78.75071
2020-09-02T06:41:57.071796417,19.53846,-78.7518
2020-09-02T06:41:57.093542098,19.533138,-78.75075
2020-09-02T06:41:57.145421981,19.533173,-78.779884
2020-09-02T06:41:57.149236679,19.5435,-78.73695
2020-09-02T06:41:57.151525497,19.533072,-78.75075
2020-09-02T06:41:57.201116561,19.533192,-78.76824
2020-09-02T06:41:57.207220077,19.533125,-78.75069
2020-09-02T06:41:57.214849472,19.533073,-78.75074
2020-09-02T06:41:57.654310226,19.453089,-78.63413
2020-09-02T06:41:57.668424606,19.42273,-78.67018
2020-09-02T06:41:57.686353683,19.453127,-78.67108
2020-09-02T06:41:57.803466796,19.401815,-78.79758
2020-09-02T06:41:57.807281494,19.453539,-78.825935
2020-09-02T06:41:57.809570312,19.453543,-78.82593
2020-09-02T06:41:57.813385009,19.485916,-78.85507
2020-09-02T06:41:57.815292358,19.453602,-78.8634
2020-09-02T06:41:57.817199707,19.481482,-78.86682
2020-09-02T06:41:57.819488525,19.454315,-78.837715
2020-09-02T06:41:57.821395874,19.442118,-78.83802
2020-09-02T06:41:57.857255935,19.453705,-78.90327
2020-09-02T06:41:57.882814407,19.453611,-78.8531
2020-09-02T06:41:57.920961380,19.453613,-78.86051
2020-09-02T06:41:57.922868728,19.477356,-78.85044
2020-09-02T06:41:57.930879592,19.45372,-78.90321
2020-09-02T06:41:57.986194610,19.475706,-78.89934
2020-09-02T06:41:57.988483428,19.459728,-78.86422
2020-09-02T06:41:57.990390777,19.446901,-78.862724
2020-09-02T06:41:57.992298126,19.458399,-78.8479
2020-09-02T06:41:58.018238067,19.453747,-78.92863
2020-09-02T06:41:58.041889190,19.453695,-78.90324
2020-09-02T06:41:59.731823445,19.53242,-78.36354
2020-09-02T06:41:59.733730793,19.532408,-78.36354
2020-09-02T06:41:59.745937825,19.532362,-78.36351
2020-09-02T06:41:59.763867379,19.532389,-78.363464
2020-09-02T06:41:59.783704281,19.53238,-78.36352
2020-09-02T06:41:59.887084008,19.522785,-78.36682
2020-09-02T06:41:59.898909569,19.532463,-78.36345
2020-09-02T06:41:59.926757336,19.532398,-78.363525
2020-09-02T06:41:59.940490723,19.532345,-78.36354
2020-09-02T06:42:00.717937946,19.453613,-78.772514
2020-09-02T06:42:00.741971015,19.453606,-78.74804
2020-09-02T06:42:00.759900093,19.453503,-78.747986
2020-09-02T06:42:00.966660022,19.505703,-78.73671
2020-09-02T06:42:01.662471294,18.28319,-83.33856
2020-09-02T06:42:01.453423023,18.36373,-83.11925
2020-09-02T06:42:01.507210731,18.364857,-83.11739
2020-09-02T06:42:01.523232936,18.344528,-83.09663
2020-09-02T06:42:01.594568729,18.359686,-83.119354
2020-09-02T06:42:01.624705314,18.36065,-83.10275
2020-09-02T06:42:01.658275127,18.364819,-83.11743
2020-09-02T06:42:01.757840156,18.294586,-83.32533
2020-09-02T06:42:03.952469825,19.533867,-78.75096
2020-09-02T06:42:04.024187088,19.53374,-78.75092
2020-09-02T06:42:04.109637260,19.50289,-78.75009
2020-09-02T06:42:04.113451957,19.454014,-78.74868
2020-09-02T06:42:03.513010025,18.442375,-82.88904
2020-09-02T06:42:03.515298843,18.44237,-82.889015
2020-09-02T06:42:03.540857315,18.460623,-82.90551
2020-09-02T06:42:03.590830802,18.458757,-82.907196
2020-09-02T06:42:03.594645500,18.442421,-82.88905
2020-09-02T06:42:03.656444549,18.467447,-82.89051
2020-09-02T06:42:03.658351898,18.442362,-82.88908
2020-09-02T06:42:03.660259246,18.44237,-82.889084
2020-09-02T06:42:03.666362762,18.442455,-82.889145
2020-09-02T06:42:03.668270111,18.442484,-82.88917
2020-09-02T06:42:03.723965644,18.46106,-82.90954
2020-09-02T06:42:03.737698554,18.442581,-82.91118
2020-09-02T06:42:03.813230514,18.44241,-82.8892
2020-09-02T06:42:03.865111351,18.44247,-82.91163
2020-09-02T06:42:03.894866943,18.455975,-82.904655
2020-09-02T06:42:03.899063110,18.442299,-82.8893
2020-09-02T06:42:04.014268875,18.459074,-82.90802
2020-09-02T06:42:04.016176223,18.44218,-82.88922
2020-09-02T06:42:04.026094436,18.456295,-82.9046
2020-09-02T06:42:04.028001785,18.458323,-82.908615
2020-09-02T06:42:04.053941726,18.457273,-82.907196
2020-09-02T06:42:04.127566337,18.442448,-82.91125
2020-09-02T06:42:04.200810432,19.390974,-82.56173
2020-09-02T06:42:04.203099250,19.389729,-82.56155
2020-09-02T06:42:04.278631210,19.393198,-82.56601
2020-09-02T06:42:04.286260604,19.393108,-82.554085
2020-09-02T06:42:04.300374984,19.393135,-82.55411
2020-09-02T06:42:04.302282333,19.393229,-82.56854
2020-09-02T06:42:04.304189682,19.393103,-82.554085
2020-09-02T06:42:04.332037925,19.393217,-82.57322
2020-09-02T06:42:04.334326744,19.393276,-82.57842
2020-09-02T06:42:04.336234092,19.390182,-82.57975
2020-09-02T06:42:04.338141441,19.385086,-82.570404
2020-09-02T06:42:04.377815246,19.393103,-82.55402
2020-09-02T06:42:04.379722595,19.393236,-82.57343
2020-09-02T06:42:04.382011413,19.393078,-82.55403
2020-09-02T06:42:04.439614295,19.393347,-82.58074
2020-09-02T06:42:04.443428993,19.393127,-82.55406
2020-09-02T06:42:04.644466400,19.335833,-82.60901
2020-09-02T06:42:04.646373748,19.393127,-82.55417
2020-09-02T06:42:05.043870925,18.75507,-82.36277
2020-09-02T06:42:05.046159744,18.724651,-82.34594
2020-09-02T06:42:05.069811820,18.71497,-82.35053
2020-09-02T06:42:05.079730033,18.675833,-82.35858
2020-09-02T06:42:05.099566459,18.713686,-82.36061
2020-09-02T06:42:05.119403839,18.713442,-82.36057
2020-09-02T06:42:05.147251129,18.720802,-82.35014
2020-09-02T06:42:05.155261993,18.703012,-82.36005
2020-09-02T06:42:05.157169342,18.71101,-82.3605
2020-09-02T06:42:05.167087554,18.67576,-82.35855
2020-09-02T06:42:05.194935798,18.693304,-82.35953
2020-09-02T06:42:05.197224617,18.704847,-82.34823
2020-09-02T06:42:05.207142829,18.692545,-82.3496
2020-09-02T06:42:05.209050178,18.701576,-82.35195
2020-09-02T06:42:05.210957527,18.697346,-82.34728
2020-09-02T06:42:05.212864875,18.690063,-82.34024
2020-09-02T06:42:05.215153694,18.675741,-82.35861
2020-09-02T06:42:05.217061042,18.675564,-82.33613
2020-09-02T06:42:05.314337730,18.755043,-82.36294
2020-09-02T06:42:05.320441246,18.70852,-82.36188
2020-09-02T06:42:05.427636146,18.704971,-82.349045
2020-09-02T06:42:05.427636146,18.594925,-82.121445
2020-09-02T06:42:05.429543495,18.694883,-82.34545
2020-09-02T06:42:05.662242889,19.453728,-78.768326
2020-09-02T06:42:05.712216377,19.453825,-78.771645
2020-09-02T06:42:05.714123725,19.453743,-78.74907
2020-09-02T06:42:05.781644821,19.442692,-78.768814
2020-09-02T06:42:05.783552169,19.453663,-78.749054
2020-09-02T06:42:05.785459518,19.440626,-78.76813
2020-09-02T06:42:05.787748336,19.453766,-78.77329
2020-09-02T06:42:05.803389549,19.447422,-78.77523
2020-09-02T06:42:05.811400413,19.453753,-78.78091
2020-09-02T06:42:05.835433006,19.453728,-78.78212
2020-09-02T06:42:05.896850585,19.453728,-78.77151
2020-09-02T06:42:05.902954101,19.443436,-78.777695
2020-09-02T06:42:05.910964965,19.453732,-78.78318
2020-09-02T06:42:05.980393409,19.453674,-78.782455
2020-09-02T06:42:06.014345169,19.453709,-78.78432
2020-09-02T06:42:06.111621856,19.453651,-78.77788
2020-09-02T06:42:06.127643585,19.453653,-78.77605
2020-09-02T06:42:06.143283843,19.453741,-78.78519
2020-09-02T06:42:06.145572662,19.453735,-78.780914
2020-09-02T06:42:06.835280418,18.386738,-83.03928
2020-09-02T06:42:06.837187767,18.383331,-83.02589
2020-09-02T06:42:06.881057739,18.340221,-82.97652
2020-09-02T06:42:06.882965087,18.363512,-82.99524
2020-09-02T06:42:07.010377883,18.363626,-83.011345
2020-09-02T06:42:07.024110794,18.391052,-83.04194
2020-09-02T06:42:07.034029006,18.363586,-83.01103
2020-09-02T06:42:07.045855522,18.380098,-83.04424
2020-09-02T06:42:07.059969902,18.363857,-83.04047
2020-09-02T06:42:07.063784599,18.36408,-83.07293
2020-09-02T06:42:07.066073417,18.378094,-83.04153
2020-09-02T06:42:07.067980766,18.364061,-83.07547
2020-09-02T06:42:07.069888114,18.364029,-83.07393
2020-09-02T06:42:07.071795463,18.363783,-83.04047
2020-09-02T06:42:07.083621025,18.383385,-83.048195
2020-09-02T06:42:07.085909843,18.363832,-83.04046
2020-09-02T06:42:07.091631889,18.38794,-83.06988
2020-09-02T06:42:07.093539237,18.386824,-83.069214
2020-09-02T06:42:07.095828056,18.399103,-83.0753
2020-09-02T06:42:07.097735404,18.394402,-83.06372
2020-09-02T06:42:07.099643707,18.399288,-83.07821
2020-09-02T06:42:07.101551055,18.394371,-83.077034
2020-09-02T06:42:07.103839874,18.39469,-83.07836
2020-09-02T06:42:07.105747222,18.39847,-83.08608
2020-09-02T06:42:07.107654571,18.431551,-83.08444
2020-09-02T06:42:07.109561920,18.436726,-83.064285
2020-09-02T06:42:07.201115608,18.39141,-83.050896
2020-09-02T06:42:07.211033821,18.390062,-83.06964
2020-09-02T06:42:07.258718490,18.384327,-83.04171
2020-09-02T06:42:08.847183227,19.503984,-78.75009
2020-09-02T06:42:08.886856079,19.533339,-78.750885
2020-09-02T06:42:08.902878761,19.50855,-78.750175
2020-09-02T06:42:08.745710372,18.441523,-82.8943
2020-09-02T06:42:08.777754783,18.441814,-82.90326
2020-09-02T06:42:08.789580345,18.44168,-82.889244
2020-09-02T06:42:08.803313255,18.441727,-82.88919
2020-09-02T06:42:08.867019653,18.441797,-82.88923
2020-09-02T06:42:08.884948730,18.441902,-82.90389
2020-09-02T06:42:08.886856079,18.44181,-82.88918
2020-09-02T06:42:08.888763427,18.44183,-82.889175
2020-09-02T06:42:08.904786109,18.441912,-82.90306
2020-09-02T06:42:08.906693458,18.44179,-82.889175
2020-09-02T06:42:08.914704322,18.441769,-82.88915
2020-09-02T06:42:08.956666946,18.441833,-82.889114
2020-09-02T06:42:08.960481643,18.441818,-82.88908
2020-09-02T06:42:08.964677810,18.44183,-82.88909
2020-09-02T06:42:09.053942680,18.43416,-82.894035
2020-09-02T06:42:09.063860893,18.441853,-82.88904
2020-09-02T06:42:09.075686454,18.441885,-82.88911
2020-09-02T06:42:09.125659942,18.441813,-82.889046
2020-09-02T06:42:09.127567291,18.441963,-82.90502
2020-09-02T06:42:09.187077522,18.4419,-82.88912
2020-09-02T06:42:09.188984870,18.441917,-82.88913
2020-09-02T06:42:09.224843978,18.441866,-82.88905
2020-09-02T06:42:09.831390380,19.125881,-82.85247
2020-09-02T06:42:09.932480812,19.11443,-82.84936
2020-09-02T06:42:09.948503494,19.135838,-82.85192
2020-09-02T06:42:09.950410842,19.134315,-82.84941
2020-09-02T06:42:10.020220756,19.118862,-82.83338
2020-09-02T06:42:10.097660064,19.130676,-82.81722
2020-09-02T06:42:10.236898422,18.329851,-83.22852
2020-09-02T06:42:10.243001937,18.325214,-83.23305
2020-09-02T06:42:10.733961105,18.358763,-83.29662
2020-09-02T06:42:10.735868453,18.332525,-83.27656
2020-09-02T06:42:10.737775802,18.336441,-83.23696
2020-09-02T06:42:12.038227081,19.454235,-78.77299
2020-09-02T06:42:12.077899932,19.471376,-78.76511
2020-09-02T06:42:12.101551055,19.454206,-78.74811
2020-09-02T06:42:12.232778549,19.473661,-78.76328
2020-09-02T06:42:12.246892929,19.49705,-78.749435
2020-09-02T06:42:12.270545959,19.481726,-78.7489
2020-09-02T06:42:12.290382385,19.49443,-78.7493
2020-09-02T06:42:12.292671203,19.483864,-78.732124
2020-09-02T06:42:12.294578552,19.4807,-78.72465
2020-09-02T06:42:12.318229675,19.487337,-78.72636
2020-09-02T06:42:12.320518493,19.53392,-78.75045
2020-09-02T06:42:12.322425842,19.49954,-78.72047
2020-09-02T06:42:12.324333190,19.490046,-78.71489
2020-09-02T06:42:12.326240539,19.489803,-78.71243
2020-09-02T06:42:12.501337051,19.454102,-78.74807
2020-09-02T06:42:12.558940887,19.428507,-78.69612
2020-09-02T06:42:12.560848236,19.439314,-78.69681
2020-09-02T06:42:12.563137054,19.43116,-78.70274
2020-09-02T06:42:12.640577316,19.437551,-78.69667
2020-09-02T06:42:12.690168380,19.453962,-78.70036
2020-09-02T06:42:12.714200973,19.471226,-78.698074
2020-09-02T06:42:12.731748580,19.453814,-78.67078
2020-09-02T06:42:12.781723022,19.491673,-78.70841
2020-09-02T06:42:12.783630371,19.43548,-78.69884
2020-09-02T06:42:12.795455932,19.4539,-78.67078
2020-09-02T06:42:12.823303222,19.453943,-78.6989
2020-09-02T06:42:13.264671325,18.340519,-83.1509
2020-09-02T06:42:13.266578674,18.357555,-83.156494
2020-09-02T06:42:13.344398498,18.354666,-83.1476
2020-09-02T06:42:13.346305847,18.332079,-83.15255
2020-09-02T06:42:13.348213195,18.36178,-83.149704
2020-09-02T06:42:13.352027893,18.263927,-83.34478
2020-09-02T06:42:13.392084121,18.36791,-83.147064
2020-09-02T06:42:13.393991470,18.347794,-83.15282
2020-09-02T06:42:13.395898818,18.286345,-83.19072
2020-09-02T06:42:13.551158905,18.26914,-83.34506
2020-09-02T06:42:13.568706512,18.326727,-83.14599
2020-09-02T06:42:13.570995330,18.361364,-83.13684
2020-09-02T06:42:13.348213195,18.048296,-83.021645
2020-09-02T06:42:13.588924407,18.364687,-83.11746
2020-09-02T06:42:13.632413864,18.285908,-83.1515
2020-09-02T06:42:13.660261154,18.363472,-83.11643
2020-09-02T06:42:13.662168502,18.28556,-83.112915
2020-09-02T06:42:13.779663085,18.36461,-83.11745
2020-09-02T06:42:16.113531112,18.441042,-82.8886
2020-09-02T06:42:16.161214828,18.44107,-82.88862
2020-09-02T06:42:16.163503646,18.441036,-82.8886
2020-09-02T06:42:16.198980331,18.453634,-82.90066
2020-09-02T06:42:16.201269149,18.440996,-82.88849
2020-09-02T06:42:16.239036560,18.441168,-82.908295
2020-09-02T06:42:16.270698547,18.441208,-82.90393
2020-09-02T06:42:16.280616760,18.441137,-82.888535
2020-09-02T06:42:16.292442321,18.441133,-82.888596
2020-09-02T06:42:16.338218688,18.44113,-82.88855
2020-09-02T06:42:16.392007827,19.5316,-78.28594
2020-09-02T06:42:16.393915176,19.531637,-78.31689
2020-09-02T06:42:16.395822525,19.531609,-78.312256
2020-09-02T06:42:16.417947769,19.53152,-78.28595
2020-09-02T06:42:16.437784194,19.531734,-78.31015
2020-09-02T06:42:16.439691543,19.514462,-78.322296
2020-09-02T06:42:16.459527969,19.52547,-78.324875
2020-09-02T06:42:16.475551605,19.531649,-78.321724
2020-09-02T06:42:16.477458953,19.531752,-78.363266
2020-09-02T06:42:16.479366302,19.531694,-78.317055
2020-09-02T06:42:16.481273651,19.531784,-78.36325
2020-09-02T06:42:16.523235321,19.52397,-78.30089
2020-09-02T06:42:16.525142669,19.515205,-78.31456
2020-09-02T06:42:16.527050018,19.531553,-78.285904
2020-09-02T06:42:16.533153533,19.515615,-78.296616
2020-09-02T06:42:16.535060882,19.506174,-78.308
2020-09-02T06:42:16.551082611,19.531593,-78.316025
2020-09-02T06:42:16.552989959,19.531622,-78.32826
2020-09-02T06:42:16.559093475,19.531652,-78.33471
2020-09-02T06:42:16.561000823,19.503748,-78.30968
2020-09-02T06:42:16.569011688,19.53143,-78.285934
2020-09-02T06:42:16.570919036,19.531473,-78.32196
2020-09-02T06:42:16.586940765,19.4904,-78.28487
2020-09-02T06:42:16.588848114,19.488148,-78.29871
2020-09-02T06:42:16.590755462,19.495771,-78.311615
2020-09-02T06:42:16.614789962,19.531603,-78.28588
2020-09-02T06:42:16.616697311,19.531643,-78.314026
2020-09-02T06:42:16.630430221,19.531466,-78.28589
2020-09-02T06:42:16.632719039,19.531532,-78.317535
2020-09-02T06:42:16.634626388,19.531483,-78.2859
2020-09-02T06:42:16.654462814,19.531502,-78.285904
2020-09-02T06:42:16.658277511,19.53382,-78.30004
2020-09-02T06:42:16.660184860,19.525558,-78.3183
2020-09-02T06:42:16.668195724,19.531464,-78.28594
2020-09-02T06:42:16.670484542,19.531492,-78.31178
2020-09-02T06:42:16.674299240,19.531475,-78.285965
2020-09-02T06:42:16.676206588,19.532661,-78.30184
2020-09-02T06:42:16.684217453,19.531551,-78.285934
2020-09-02T06:42:16.686124801,19.531582,-78.29696
2020-09-02T06:42:16.688032150,19.531404,-78.30122
2020-09-02T06:42:16.690320968,19.531612,-78.30261
2020-09-02T06:42:16.692228317,19.531578,-78.28584
2020-09-02T06:42:16.702146530,19.531536,-78.285866
2020-09-02T06:42:16.704053878,19.531517,-78.28588
2020-09-02T06:42:16.705961227,19.53152,-78.29732
2020-09-02T06:42:16.712064743,19.531452,-78.27624
2020-09-02T06:42:16.739913940,19.531544,-78.31658
2020-09-02T06:42:16.757843017,19.53156,-78.285904
2020-09-02T06:42:16.759750366,19.514622,-78.278885
2020-09-02T06:42:16.761657714,19.523273,-78.3035
2020-09-02T06:42:16.781494140,19.474907,-78.28458
2020-09-02T06:42:16.783782958,19.491175,-78.276184
2020-09-02T06:42:16.787597656,19.531553,-78.32416
2020-09-02T06:42:16.874956130,19.481794,-78.31551
2020-09-02T06:42:16.877244949,19.499735,-78.31884
2020-09-02T06:42:16.869234085,19.53248,-78.75036
2020-09-02T06:42:16.889070510,19.532446,-78.75034
2020-09-02T06:42:17.038227081,19.532324,-78.750336
2020-09-02T06:42:17.459375381,19.512272,-78.787636
2020-09-02T06:42:17.471584320,19.49401,-78.78501
2020-09-02T06:42:17.588697433,19.479485,-78.78978
2020-09-02T06:42:17.666135787,19.48347,-78.792206
2020-09-02T06:42:20.944534301,18.207434,-83.3416
2020-09-02T06:42:20.946441650,18.20744,-83.34159
2020-09-02T06:42:21.010148048,18.207392,-83.34155
2020-09-02T06:42:21.070039749,18.20741,-83.341515
2020-09-02T06:42:20.495537757,19.427599,-78.77279
2020-09-02T06:42:20.638590812,19.415619,-78.77076
2020-09-02T06:42:20.640498161,19.372963,-78.74596
2020-09-02T06:42:20.648509502,19.432081,-78.768684
2020-09-02T06:42:20.668345928,19.452728,-78.74825
2020-09-02T06:42:20.672160625,19.435276,-78.76817
2020-09-02T06:42:20.698101043,19.452719,-78.77872
2020-09-02T06:42:20.709927082,19.428001,-78.766136
2020-09-02T06:42:20.741971015,19.434633,-78.76479
2020-09-02T06:42:20.743878364,19.41936,-78.74727
2020-09-02T06:42:20.755703926,19.429155,-78.76546
2020-09-02T06:42:20.761807441,19.432323,-78.76693
2020-09-02T06:42:20.767910957,19.416197,-78.76863
2020-09-02T06:42:20.769818305,19.41412,-78.747185
2020-09-02T06:42:20.781644344,19.424002,-78.76504
2020-09-02T06:42:20.789655208,19.419561,-78.747345
2020-09-02T06:42:20.791562557,19.42558,-78.76454
2020-09-02T06:42:20.795377254,19.426369,-78.74758
2020-09-02T06:42:20.797666072,19.413116,-78.76447
2020-09-02T06:42:20.799573421,19.416378,-78.76453
2020-09-02T06:42:20.801481246,19.409538,-78.7606
2020-09-02T06:42:20.823225021,19.42799,-78.76174
2020-09-02T06:42:20.825513839,19.423674,-78.764275
2020-09-02T06:42:20.855268955,19.412786,-78.76635
2020-09-02T06:42:20.867094993,19.433868,-78.7575
2020-09-02T06:42:20.869002342,19.410997,-78.76321
2020-09-02T06:42:20.871291160,19.414734,-78.759926
2020-09-02T06:42:20.877013206,19.452719,-78.74827
2020-09-02T06:42:20.916686534,19.41813,-78.74725
2020-09-02T06:42:20.918975353,19.411001,-78.763756
2020-09-02T06:42:20.920882701,19.432465,-78.758385
2020-09-02T06:42:20.922790050,19.424799,-78.765236
2020-09-02T06:42:20.930801391,19.414452,-78.75945
2020-09-02T06:42:20.948730468,19.420486,-78.759346
2020-09-02T06:42:20.950637817,19.416918,-78.747246
2020-09-02T06:42:20.998322486,19.415749,-78.76255
2020-09-02T06:42:21.020066738,19.411308,-78.75785
2020-09-02T06:42:21.037995815,19.418781,-78.7595
2020-09-02T06:42:21.039903163,19.421127,-78.76086
2020-09-02T06:42:21.057832717,19.426584,-78.75739
2020-09-02T06:42:21.060121536,19.419043,-78.74736
2020-09-02T06:42:21.111620903,19.372814,-78.7182
2020-09-02T06:42:21.113528251,19.418768,-78.75677
2020-09-02T06:42:21.125735282,19.429934,-78.747574
2020-09-02T06:42:21.127642631,19.40269,-78.73114
2020-09-02T06:42:21.133364677,19.425196,-78.760956
2020-09-02T06:42:21.197071075,19.414162,-78.74718
2020-09-02T06:42:21.198978424,19.41607,-78.76254
2020-09-02T06:42:21.226826190,19.372843,-78.74591
2020-09-02T06:42:21.260777473,19.532436,-78.75052
2020-09-02T06:42:21.286717891,19.532375,-78.75039
2020-09-02T06:42:21.360342979,19.532318,-78.75041
2020-09-02T06:42:24.753950119,19.477255,-78.36943
2020-09-02T06:42:24.759672164,19.451963,-78.36061
2020-09-02T06:42:24.761960983,19.479406,-78.36132
2020-09-02T06:42:24.791715621,19.469896,-78.36109
2020-09-02T06:42:24.793622970,19.477303,-78.36278
2020-09-02T06:42:24.817275047,19.469843,-78.35879
2020-09-02T06:42:24.819563865,19.4785,-78.37657
2020-09-02T06:42:24.835204124,19.475042,-78.36546
2020-09-02T06:42:24.879074096,19.48507,-78.361626
2020-09-02T06:42:24.880981445,19.473095,-78.36755
2020-09-02T06:42:24.895095825,19.47889,-78.37091
2020-09-02T06:42:24.897003173,19.452034,-78.36067
2020-09-02T06:42:24.898910522,19.477173,-78.36133
2020-09-02T06:42:24.900817871,19.471197,-78.352745
2020-09-02T06:42:24.903106689,19.452026,-78.36067
2020-09-02T06:42:24.934769630,19.45195,-78.36067
2020-09-02T06:42:24.936676979,19.472029,-78.34957
2020-09-02T06:42:24.938584327,19.474312,-78.36742
2020-09-02T06:42:24.944687843,19.480806,-78.36145
2020-09-02T06:42:24.946595191,19.452002,-78.36071
2020-09-02T06:42:24.962616920,19.486744,-78.36158
2020-09-02T06:42:25.002290725,19.452,-78.36069
2020-09-02T06:42:25.018312454,19.490719,-78.361725
2020-09-02T06:42:25.020219802,19.466936,-78.35544
2020-09-02T06:42:25.026323318,19.475117,-78.37119
2020-09-02T06:42:25.032045364,19.451973,-78.36074
2020-09-02T06:42:25.077822685,19.480722,-78.36147
2020-09-02T06:42:26.354239463,19.452955,-78.74779
2020-09-02T06:42:26.393913269,19.477533,-78.74853
2020-09-02T06:42:26.395820617,19.478199,-78.74853
2020-09-02T06:42:26.433587074,19.49288,-78.74896
2020-09-02T06:42:26.435875892,19.452875,-78.74782
2020-09-02T06:42:26.443505287,19.452892,-78.74786
2020-09-02T06:42:26.449608802,19.452942,-78.747925
2020-09-02T06:42:26.453423500,19.486008,-78.74883
2020-09-02T06:42:26.489282608,19.452888,-78.747795
2020-09-02T06:42:26.614788055,19.481043,-78.74862
2020-09-02T06:42:26.616695404,19.471132,-78.73383
2020-09-02T06:42:26.618602752,19.475615,-78.7306
2020-09-02T06:42:26.620510101,19.464855,-78.72878
2020-09-02T06:42:26.668194770,19.483574,-78.726265
2020-09-02T06:42:26.670483589,19.471495,-78.72518
2020-09-02T06:42:26.680401802,19.48057,-78.720856
2020-09-02T06:42:26.779584884,19.479578,-78.71936
2020-09-02T06:42:26.781492233,19.468597,-78.720314
2020-09-02T06:42:26.783781051,19.453001,-78.747925
2020-09-02T06:42:26.789504051,19.474186,-78.72515
2020-09-02T06:42:26.821547508,19.486412,-78.72141
2020-09-02T06:42:26.823454856,19.480856,-78.721954
2020-09-02T06:42:27.282751083,18.24601,-83.34371
2020-09-02T06:42:27.284659385,18.247198,-83.34379
2020-09-02T06:42:27.286566734,18.249805,-83.34394
2020-09-02T06:42:27.288474082,18.25241,-83.34409
2020-09-02T06:42:27.290381431,18.253796,-83.35188
2020-09-02T06:42:27.381935119,18.250065,-83.3439
2020-09-02T06:42:27.455559730,18.25262,-83.3441
2020-09-02T06:42:28.069735527,19.384995,-82.62832
2020-09-02T06:42:29.913025856,19.531437,-78.36394
2020-09-02T06:42:29.914933204,19.519693,-78.366196
2020-09-02T06:42:29.934769630,19.531385,-78.364006
2020-09-02T06:42:29.952699661,19.531424,-78.36401
2020-09-02T06:42:29.888993263,19.452358,-78.71503
2020-09-02T06:42:29.964525222,19.507301,-78.724815
2020-09-02T06:42:29.996187210,19.496181,-78.749916
2020-09-02T06:42:30.065997123,19.452444,-78.74869
2020-09-02T06:42:30.157551765,19.532187,-78.70407
2020-09-02T06:42:30.202947616,19.4526,-78.82606
2020-09-02T06:42:30.205236434,19.452618,-78.82606
2020-09-02T06:42:30.234991073,19.452585,-78.826065
2020-09-02T06:42:30.320442199,19.46873,-78.81029
2020-09-02T06:42:30.322349548,19.452738,-78.82597
2020-09-02T06:42:30.370033264,19.477535,-78.80842
2020-09-02T06:42:30.384148597,19.452663,-78.82598
2020-09-02T06:42:30.392159461,19.45262,-78.82603
2020-09-02T06:42:30.425728797,19.452694,-78.82602
2020-09-02T06:42:30.427636146,19.452723,-78.82602
2020-09-02T06:42:30.435647010,19.491673,-78.8115
2020-09-02T06:42:30.445566177,19.452633,-78.82602
2020-09-02T06:42:30.469598770,19.452747,-78.82603
2020-09-02T06:42:30.475320816,19.481306,-78.807686
2020-09-02T06:42:30.477609634,19.452745,-78.826035
2020-09-02T06:42:30.489435195,19.470036,-78.8131
2020-09-02T06:42:30.501260757,19.452723,-78.80773
2020-09-02T06:42:30.519190788,19.452696,-78.826004
2020-09-02T06:42:30.543223381,19.489367,-78.8123
2020-09-02T06:42:30.584804534,19.494083,-78.81181
2020-09-02T06:42:30.586711883,19.480637,-78.82686
2020-09-02T06:42:30.589000701,19.452734,-78.82604
2020-09-02T06:42:30.590908050,19.483534,-78.80645
2020-09-02T06:42:30.596630096,19.45269,-78.826035
2020-09-02T06:42:30.656521797,19.483362,-78.815216
2020-09-02T06:42:30.724042892,19.481213,-78.82683
2020-09-02T06:42:30.553141593,18.447464,-82.90729
2020-09-02T06:42:30.576793670,18.440964,-82.909195
2020-09-02T06:42:30.578701019,18.440983,-82.91228
2020-09-02T06:42:30.604640960,18.452236,-82.91088
2020-09-02T06:42:30.646603584,18.440815,-82.88923
2020-09-02T06:42:30.648510932,18.444113,-82.9139
2020-09-02T06:42:30.662243843,18.440863,-82.889244
2020-09-02T06:42:30.664151191,18.44101,-82.91003
2020-09-02T06:42:30.674450874,18.440851,-82.88926
2020-09-02T06:42:30.739683151,18.440916,-82.90385
2020-09-02T06:42:30.741971969,18.440811,-82.88925
2020-09-02T06:42:30.765624046,18.447718,-82.90473
2020-09-02T06:42:30.767531394,18.440823,-82.88929
2020-09-02T06:42:30.797667503,18.440868,-82.8893
2020-09-02T06:42:30.799574851,18.44106,-82.91451
2020-09-02T06:42:31.010149002,18.440508,-82.85356
2020-09-02T06:42:31.032276153,18.425116,-82.89099
2020-09-02T06:42:31.034183502,18.41409,-82.896355
2020-09-02T06:42:31.070041656,18.416748,-82.88469
2020-09-02T06:42:31.073856353,18.440851,-82.889244
2020-09-02T06:42:31.075763702,18.413158,-82.885796
2020-09-02T06:42:31.077671051,18.419357,-82.888
2020-09-02T06:42:31.179143905,18.405384,-82.87096
2020-09-02T06:42:31.181051254,18.44088,-82.889336
2020-09-02T06:42:31.183340072,18.417273,-82.88796
2020-09-02T06:42:31.187154769,18.440884,-82.889244
2020-09-02T06:42:31.197072982,18.440895,-82.88928
2020-09-02T06:42:31.203176498,18.396805,-82.880684
2020-09-02T06:42:31.205083847,18.393845,-82.87983
2020-09-02T06:42:31.206991195,18.394613,-82.87589
2020-09-02T06:42:31.208898544,18.402052,-82.87605
2020-09-02T06:42:31.338218688,18.40002,-82.866554
2020-09-02T06:42:31.421762466,18.389824,-82.870255
2020-09-02T06:42:31.423669815,18.361742,-82.884735
2020-09-02T06:42:31.461435317,18.388903,-82.872955
2020-09-02T06:42:31.479364395,18.361868,-82.88471
2020-09-02T06:42:31.509119033,18.411644,-82.874725
2020-09-02T06:42:31.511407852,18.361832,-82.88482
2020-09-02T06:42:31.551082611,18.389917,-82.871155
2020-09-02T06:42:31.632335662,18.440948,-82.88923
2020-09-02T06:42:33.604564666,19.452528,-78.400475
2020-09-02T06:42:33.606853485,19.452541,-78.4005
2020-09-02T06:42:33.630506515,19.45254,-78.39891
2020-09-02T06:42:33.707944869,19.452621,-78.394356
2020-09-02T06:42:33.741895675,19.452566,-78.36202
2020-09-02T06:42:33.761734008,19.452606,-78.38458
2020-09-02T06:42:34.636457443,19.453636,-78.748726
2020-09-02T06:42:34.726102828,19.465328,-78.76775
2020-09-02T06:42:34.751663208,19.453756,-78.74877
2020-09-02T06:42:34.787521362,19.45368,-78.748764
2020-09-02T06:42:35.262840270,19.13791,-82.8517
2020-09-02T06:42:35.467309951,19.076395,-82.84806
2020-09-02T06:42:35.514995574,19.121138,-82.850716
2020-09-02T06:42:35.582897186,19.132853,-82.85139
2020-09-02T06:42:35.584804534,19.116718,-82.86605
2020-09-02T06:42:35.586711883,19.118786,-82.86731
2020-09-02T06:42:35.636304855,19.106813,-82.86439
2020-09-02T06:42:35.644315719,19.112894,-82.867615
2020-09-02T06:42:35.759521484,19.122553,-82.865265
2020-09-02T06:42:37.248802185,19.485569,-78.38356
2020-09-02T06:42:37.282752990,19.532785,-78.3642
2020-09-02T06:42:37.320518493,19.452908,-78.362076
2020-09-02T06:42:37.386133193,19.452913,-78.362076
2020-09-02T06:42:37.399866104,19.492195,-78.39432
2020-09-02T06:42:37.401773452,19.478073,-78.397064
2020-09-02T06:42:37.404062271,19.484028,-78.386955
2020-09-02T06:42:37.405969619,19.493046,-78.3631
2020-09-02T06:42:37.521175384,19.483145,-78.3809
2020-09-02T06:42:37.602811813,19.475842,-78.38727
2020-09-02T06:42:37.604719161,19.480038,-78.374344
2020-09-02T06:42:37.610822677,19.484203,-78.37956
2020-09-02T06:42:37.672239303,19.53274,-78.36425
2020-09-02T06:42:37.674146652,19.48312,-78.38336
2020-09-02T06:42:37.704282760,19.53276,-78.36424
2020-09-02T06:42:37.706190109,19.479628,-78.37937
2020-09-02T06:42:37.742050170,19.49532,-78.38999
2020-09-02T06:42:37.743957519,19.452953,-78.36219
2020-09-02T06:42:37.765701293,19.532698,-78.364265
2020-09-02T06:42:38.278785705,18.287354,-83.331245
2020-09-02T06:42:38.777755737,19.53354,-78.75136
2020-09-02T06:42:38.801406860,19.533562,-78.751396
2020-09-02T06:42:38.805603027,19.53353,-78.75138
2020-09-02T06:42:38.904787063,19.522554,-78.73365
2020-09-02T06:42:39.083700180,19.533411,-78.75146
2020-09-02T06:42:39.085988998,19.513367,-78.75088
2020-09-02T06:42:39.087896347,19.533413,-78.75145
2020-09-02T06:42:39.115743637,19.502064,-78.743965
2020-09-02T06:42:39.117650985,19.501047,-78.74944
2020-09-02T06:42:39.119558334,19.533388,-78.751335
2020-09-02T06:42:39.191274642,19.500187,-78.74038
2020-09-02T06:42:39.195089340,19.533443,-78.751396
2020-09-02T06:42:39.240867614,19.51341,-78.73587
2020-09-02T06:42:39.284736633,19.533422,-78.75139
2020-09-02T06:42:39.517052651,18.441795,-82.88972
2020-09-02T06:42:39.686046124,18.441801,-82.88972
2020-09-02T06:42:39.733730793,18.450258,-82.906746
2020-09-02T06:42:39.736019612,18.44184,-82.88981
2020-09-02T06:42:39.737926960,18.441841,-82.88981
2020-09-02T06:42:39.739834309,18.441973,-82.90724
2020-09-02T06:42:39.783704281,18.441767,-82.889854
2020-09-02T06:42:39.803540707,18.441772,-82.8898
2020-09-02T06:42:39.877165795,18.441801,-82.88983
2020-09-02T06:42:39.908828259,18.446503,-82.90509
2020-09-02T06:42:39.910735608,18.44419,-82.911415
2020-09-02T06:42:39.913024426,18.442007,-82.90754
2020-09-02T06:42:39.980545521,18.442009,-82.90653
2020-09-02T06:42:40.014115333,18.441813,-82.889824
2020-09-02T06:42:40.064088821,18.447851,-82.90756
2020-09-02T06:42:40.085832595,18.44197,-82.90738
2020-09-02T06:42:40.105669498,18.441967,-82.90721
2020-09-02T06:42:40.121691703,18.44193,-82.90577
2020-09-02T06:42:40.839247226,19.453579,-78.811775
2020-09-02T06:42:40.881209373,19.45369,-78.81524
2020-09-02T06:42:40.899138927,19.453768,-78.82663
2020-09-02T06:42:40.904860973,19.459879,-78.81812
2020-09-02T06:42:40.922790050,19.453747,-78.82656
2020-09-02T06:42:40.924697399,19.45374,-78.82655
2020-09-02T06:42:40.930801391,19.45369,-78.81619
2020-09-02T06:42:40.998322486,19.453703,-78.82663
2020-09-02T06:42:41.016251564,19.453684,-78.826546
2020-09-02T06:42:41.107805728,19.487316,-78.750206
2020-09-02T06:42:41.109713077,19.49531,-78.750435
2020-09-02T06:42:41.131457328,19.477425,-78.728645
2020-09-02T06:42:41.147479534,19.483616,-78.73305
2020-09-02T06:42:41.149386882,19.475811,-78.72504
2020-09-02T06:42:41.153583049,19.481678,-78.72839
2020-09-02T06:42:41.159305095,19.495432,-78.72656
2020-09-02T06:42:41.342413425,19.483154,-78.72485
2020-09-02T06:42:41.344320774,19.45333,-78.71097
2020-09-02T06:42:41.346228122,19.484594,-78.718666
2020-09-02T06:42:41.348135471,19.486303,-78.71222
2020-09-02T06:42:41.350424289,19.488613,-78.70885
2020-09-02T06:42:41.352331638,19.489027,-78.70247
2020-09-02T06:42:41.354238986,19.48807,-78.69726
2020-09-02T06:42:41.356146335,19.53307,-78.67414
2020-09-02T06:42:41.473640918,19.48432,-78.70201
2020-09-02T06:42:41.475548267,19.453611,-78.69333
2020-09-02T06:42:41.503396034,19.474764,-78.70286
2020-09-02T06:42:41.519418239,19.453327,-78.671814
2020-09-02T06:42:41.618601799,19.479528,-78.70964
2020-09-02T06:42:41.622797966,19.508263,-78.72486
2020-09-02T06:42:41.658275127,19.4603,-78.705444
2020-09-02T06:42:41.726177692,19.453419,-78.715096
2020-09-02T06:42:41.728085041,19.501167,-78.70184
2020-09-02T06:42:42.916763305,19.496397,-78.80633
2020-09-02T06:42:42.918670654,19.453661,-78.82658
2020-09-02T06:42:42.934692382,19.504976,-78.80261
2020-09-02T06:42:42.936600208,19.453695,-78.82657
2020-09-02T06:42:42.990387916,19.512403,-78.79349
2020-09-02T06:42:42.994202613,19.50521,-78.79759
2020-09-02T06:42:43.010224342,19.53328,-78.751495
2020-09-02T06:42:43.656444549,18.30204,-83.326035
2020-09-02T06:42:43.670177459,18.294954,-83.339554
2020-09-02T06:42:43.676280975,18.295773,-83.33529
2020-09-02T06:42:43.717862129,18.287045,-83.33602
2020-09-02T06:42:44.966813087,15.241387,-82.11673
2020-09-02T06:42:44.969101905,15.241372,-82.11674
2020-09-02T06:42:44.971009254,15.241357,-82.11674
2020-09-02T06:42:44.974823951,15.241364,-82.11673
2020-09-02T06:42:44.979020118,15.241371,-82.116714
2020-09-02T06:42:44.982834815,15.2594185,-82.098495
2020-09-02T06:42:44.984742164,15.260658,-82.09783
2020-09-02T06:42:44.987030982,15.262329,-82.09861
2020-09-02T06:42:45.006868362,15.241386,-82.11669
2020-09-02T06:42:45.054552078,15.282628,-82.08376
2020-09-02T06:42:45.110247611,15.241303,-82.11673
2020-09-02T06:42:45.112154960,15.241298,-82.11672
2020-09-02T06:42:45.114062309,15.241295,-82.11669
2020-09-02T06:42:45.115969657,15.241291,-82.11666
2020-09-02T06:42:45.120166778,15.241285,-82.1166
2020-09-02T06:42:45.131992340,15.241285,-82.11681
2020-09-02T06:42:46.231022834,18.239683,-83.34399
2020-09-02T06:42:46.318381309,18.247477,-83.3444
2020-09-02T06:42:46.332495689,18.248337,-83.34441
2020-09-02T06:42:46.239034652,19.4715,-78.77153
2020-09-02T06:42:46.326392173,19.45326,-78.748695
2020-09-02T06:42:46.328299522,19.468292,-78.77148
2020-09-02T06:42:46.354239463,19.45327,-78.74874
2020-09-02T06:42:46.356147766,19.45324,-78.74874
2020-09-02T06:42:46.400016784,19.47034,-78.77529
2020-09-02T06:42:46.403831481,19.453217,-78.74874
2020-09-02T06:42:46.405738830,19.453268,-78.76942
2020-09-02T06:42:46.465630531,19.478851,-78.78179
2020-09-02T06:42:47.212941169,19.511885,-78.314766
2020-09-02T06:42:47.215229988,19.508116,-78.32321
2020-09-02T06:42:47.272832870,19.532063,-78.28651
2020-09-02T06:42:47.292670249,19.532095,-78.31141
2020-09-02T06:42:47.294577598,19.52059,-78.31832
2020-09-02T06:42:47.296484947,19.510714,-78.31616
2020-09-02T06:42:47.308691978,19.532074,-78.28645
2020-09-02T06:42:47.310599327,19.532078,-78.28645
2020-09-02T06:42:47.318610191,19.532063,-78.28642
2020-09-02T06:42:47.320517539,19.532059,-78.286415
2020-09-02T06:42:47.358283996,19.507784,-78.341774
2020-09-02T06:42:47.391853332,19.532127,-78.30735
2020-09-02T06:42:47.394142150,19.507366,-78.3205
2020-09-02T06:42:47.415886878,19.53206,-78.298195
2020-09-02T06:42:47.417794227,19.51934,-78.321655
2020-09-02T06:42:47.431908607,19.531988,-78.28645
2020-09-02T06:42:47.433815956,19.532001,-78.286446
2020-09-02T06:42:47.435723304,19.506826,-78.34386
2020-09-02T06:42:47.439919471,19.452381,-78.36171
2020-09-02T06:42:47.590983390,19.500877,-78.32832
2020-09-02T06:42:47.592890739,19.513617,-78.321045
2020-09-02T06:42:47.594799041,19.532104,-78.32473
2020-09-02T06:42:47.600902557,19.516167,-78.32916
2020-09-02T06:42:47.606624603,19.519608,-78.320595
2020-09-02T06:42:47.608531951,19.53207,-78.31215
2020-09-02T06:42:47.616542816,19.53203,-78.28639
2020-09-02T06:42:47.618831634,19.50949,-78.32387
2020-09-02T06:42:47.620738983,19.510626,-78.31491
2020-09-02T06:42:47.622646331,19.512444,-78.31484
2020-09-02T06:42:47.624553680,19.532013,-78.28642
2020-09-02T06:42:47.666516304,19.532227,-78.349045
2020-09-02T06:42:47.690167427,19.532225,-78.36377
2020-09-02T06:42:47.710003852,19.513262,-78.33103
2020-09-02T06:42:47.711911201,19.521702,-78.3101
2020-09-02T06:42:47.757688522,19.515448,-78.32902
2020-09-02T06:42:47.759977340,19.51302,-78.311165
2020-09-02T06:42:47.767606735,19.532091,-78.31451
2020-09-02T06:42:47.779814720,19.51748,-78.325775
2020-09-02T06:42:47.819487571,19.51565,-78.325874
2020-09-02T06:42:47.821394920,19.516407,-78.31014
2020-09-02T06:42:47.851150512,19.532032,-78.286415
2020-09-02T06:42:47.853439331,19.507507,-78.31708
2020-09-02T06:42:47.865264892,19.516615,-78.31257
2020-09-02T06:42:47.867172241,19.515236,-78.3271
2020-09-02T06:42:47.870986938,19.532017,-78.286385
2020-09-02T06:42:47.887008666,19.532024,-78.323
2020-09-02T06:42:47.888916015,19.521366,-78.3133
2020-09-02T06:42:47.920960426,19.511902,-78.31136
2020-09-02T06:42:47.936600685,19.504343,-78.32046
2020-09-02T06:42:47.950715065,19.532026,-78.28639
2020-09-02T06:42:47.952622413,19.522036,-78.30799
2020-09-02T06:42:47.954529762,19.511885,-78.31188
2020-09-02T06:42:47.982378005,19.512936,-78.332016
2020-09-02T06:42:47.986574172,19.532057,-78.28638
2020-09-02T06:42:48.014421463,19.520718,-78.29295
2020-09-02T06:42:48.022050857,19.531954,-78.286316
2020-09-02T06:42:48.024339675,19.514288,-78.3114
2020-09-02T06:42:48.028155326,19.53198,-78.28636
2020-09-02T06:42:48.030062675,19.53199,-78.28638
2020-09-02T06:42:48.111698150,19.507862,-78.30565
2020-09-02T06:42:48.113605499,19.53207,-78.3142
2020-09-02T06:42:50.402077674,19.452724,-78.730125
2020-09-02T06:42:50.403985023,19.466719,-78.73153
2020-09-02T06:42:50.405892372,19.466913,-78.727005
2020-09-02T06:42:50.407799720,19.463783,-78.72078
2020-09-02T06:42:50.410088539,19.452765,-78.70638
2020-09-02T06:42:50.411995887,19.45276,-78.70534
2020-09-02T06:42:50.413903236,19.452726,-78.69874
2020-09-02T06:42:50.443658828,19.452696,-78.71113
2020-09-02T06:42:50.465402603,19.452667,-78.697716
2020-09-02T06:42:50.467691421,19.459045,-78.71247
2020-09-02T06:42:50.469598770,19.455702,-78.71309
2020-09-02T06:42:50.477609634,19.452608,-78.67097
2020-09-02T06:42:50.479516983,19.452692,-78.70855
2020-09-02T06:42:50.551234245,19.43855,-78.6911
2020-09-02T06:42:50.553141593,19.45276,-78.748344
2020-09-02T06:42:50.582897186,19.421001,-78.69303
2020-09-02T06:42:50.584804534,19.439798,-78.70605
2020-09-02T06:42:50.586711883,19.431982,-78.701454
2020-09-02T06:42:50.589000701,19.452658,-78.705414
2020-09-02T06:42:50.596630096,19.372833,-78.66871
2020-09-02T06:42:50.608837127,19.372824,-78.66879
2020-09-02T06:42:50.610744476,19.404928,-78.69015
2020-09-02T06:42:50.612651824,19.446436,-78.70896
2020-09-02T06:42:50.624477386,19.45258,-78.67104
2020-09-02T06:42:50.626767158,19.452562,-78.67103
2020-09-02T06:42:50.688184738,19.477776,-78.730896
2020-09-02T06:42:50.724042892,19.416998,-78.71275
2020-09-02T06:42:50.725950241,19.452744,-78.74838
2020-09-02T06:42:50.775542259,19.457668,-78.710976
2020-09-02T06:42:50.777831077,19.448956,-78.705124
2020-09-02T06:42:50.779738426,19.438726,-78.712204
2020-09-02T06:42:50.789656639,19.373064,-78.74606
2020-09-02T06:42:50.791563987,19.400583,-78.68096
2020-09-02T06:42:50.793471336,19.425014,-78.70028
2020-09-02T06:42:50.795760154,19.416735,-78.69173
2020-09-02T06:42:50.797667503,19.419275,-78.69479
2020-09-02T06:42:50.799574851,19.422586,-78.7037
2020-09-02T06:42:50.801482200,19.43115,-78.69866
2020-09-02T06:42:50.807585716,19.392994,-78.66932
2020-09-02T06:42:50.809493064,19.418066,-78.695755
2020-09-02T06:42:50.811401367,19.452574,-78.71518
2020-09-02T06:42:50.813690185,19.372934,-78.74609
2020-09-02T06:42:50.817504882,19.372808,-78.66878
2020-09-02T06:42:50.819412231,19.388885,-78.67622
2020-09-02T06:42:50.823608398,19.372812,-78.6688
2020-09-02T06:42:50.827423095,19.387434,-78.67657
2020-09-02T06:42:50.829330444,19.452469,-78.67106
2020-09-02T06:42:50.837341308,19.372807,-78.6688
2020-09-02T06:42:50.843444824,19.372837,-78.668816
2020-09-02T06:42:50.845352172,19.426931,-78.697075
2020-09-02T06:42:50.847259521,19.418076,-78.70095
2020-09-02T06:42:50.861373901,19.372705,-78.668785
2020-09-02T06:42:50.867095947,19.452692,-78.74855
2020-09-02T06:42:50.869003295,19.452713,-78.7486
2020-09-02T06:42:50.966661453,19.372822,-78.6929
2020-09-02T06:42:50.968568801,19.411734,-78.70827
2020-09-02T06:42:50.558863639,18.44109,-82.90257
2020-09-02T06:42:50.618755340,18.44107,-82.88902
2020-09-02T06:42:50.620662689,18.44108,-82.88902
2020-09-02T06:42:50.708021163,18.44103,-82.88896
2020-09-02T06:42:50.709928512,18.441126,-82.90169
2020-09-02T06:42:50.712217330,18.441135,-82.901794
2020-09-02T06:42:50.791563987,18.441198,-82.90321
2020-09-02T06:42:50.869003295,18.432728,-82.902794
2020-09-02T06:42:50.922791481,18.441078,-82.889084
2020-09-02T06:42:51.012437820,18.440966,-82.88911
2020-09-02T06:42:51.018159866,18.440968,-82.88907
2020-09-02T06:42:51.055927276,18.440975,-82.889046
2020-09-02T06:42:51.062030792,18.29595,-83.10792
2020-09-02T06:42:51.060123443,18.284542,-83.09947
2020-09-02T06:42:51.063938140,18.28465,-83.11314
2020-09-02T06:42:51.065845489,18.426859,-82.89892
2020-09-02T06:42:51.065845489,18.284515,-83.095474
2020-09-02T06:42:51.139469146,18.415382,-82.89641
2020-09-02T06:42:51.141376495,18.418678,-82.887726
2020-09-02T06:42:51.179143905,18.4238,-82.888084
2020-09-02T06:42:51.191350936,18.414059,-82.89701
2020-09-02T06:42:51.201269149,18.441021,-82.88904
2020-09-02T06:42:51.223012924,18.284601,-83.11322
2020-09-02T06:42:51.224920272,18.282866,-83.12658
2020-09-02T06:42:51.226827621,18.28884,-83.12801
2020-09-02T06:42:51.229116439,18.284573,-83.11318
2020-09-02T06:42:51.231023788,18.284727,-83.13417
2020-09-02T06:42:51.234838485,18.284563,-83.113174
2020-09-02T06:42:51.248952865,18.401491,-82.89026
2020-09-02T06:42:51.250860214,18.421814,-82.8971
2020-09-02T06:42:51.252767562,18.440926,-82.889046
2020-09-02T06:42:51.342414855,18.421717,-82.88809
2020-09-02T06:42:51.344322204,18.44102,-82.88919
2020-09-02T06:42:51.401926040,18.285667,-83.09736
2020-09-02T06:42:51.403833389,18.292307,-83.09901
2020-09-02T06:42:51.405740737,18.284702,-83.11335
2020-09-02T06:42:51.489282608,18.440964,-82.88919
2020-09-02T06:42:51.513315200,18.284334,-83.091835
2020-09-02T06:42:51.515222549,18.279255,-83.096855
2020-09-02T06:42:51.519418716,18.284706,-83.11319
2020-09-02T06:42:51.535060882,18.294134,-83.09065
2020-09-02T06:42:51.541164398,18.440945,-82.88911
2020-09-02T06:42:51.543071746,18.407799,-82.88724
2020-09-02T06:42:51.552989959,18.411818,-82.887505
2020-09-02T06:42:51.554897308,18.284428,-83.088264
2020-09-02T06:42:51.577022552,18.284498,-83.08887
2020-09-02T06:42:51.604869842,18.284489,-83.08909
2020-09-02T06:42:51.634624481,18.268072,-83.34551
2020-09-02T06:42:51.644542694,18.284384,-83.08431
2020-09-02T06:42:51.713972091,18.258213,-83.344864
2020-09-02T06:42:51.731901168,18.266438,-83.34537
2020-09-02T06:42:51.751737594,18.263914,-83.34524
2020-09-02T06:42:51.783782958,18.267834,-83.34546
2020-09-02T06:42:51.805526733,18.26027,-83.344986
2020-09-02T06:42:51.833374023,18.264687,-83.34523
2020-09-02T06:42:51.847106933,18.257553,-83.34485
2020-09-02T06:42:52.079807281,18.674625,-82.35827
2020-09-02T06:42:52.081714630,18.706223,-82.36749
2020-09-02T06:42:52.084003448,18.71249,-82.36028
2020-09-02T06:42:52.111850738,18.720661,-82.36077
2020-09-02T06:42:52.113758087,18.72058,-82.36075
2020-09-02T06:42:52.115665435,18.674656,-82.358246
2020-09-02T06:42:52.123676300,18.717968,-82.36055
2020-09-02T06:42:52.127490997,18.71414,-82.360374
2020-09-02T06:42:52.135501861,18.753927,-82.3625
2020-09-02T06:42:52.141607284,18.726269,-82.36097
2020-09-02T06:42:52.147329330,18.723581,-82.36087
2020-09-02T06:42:52.149618148,18.726799,-82.36105
2020-09-02T06:42:52.189291000,18.718235,-82.36059
2020-09-02T06:42:52.193105697,18.753885,-82.3625
2020-09-02T06:42:52.195013046,18.70959,-82.372025
2020-09-02T06:42:52.199209213,18.753895,-82.3625
2020-09-02T06:42:52.207220077,18.730867,-82.36132
2020-09-02T06:42:52.209127426,18.730482,-82.36131
2020-09-02T06:42:52.244985580,18.731716,-82.34545
2020-09-02T06:42:52.246892929,18.753939,-82.362526
2020-09-02T06:42:52.250707626,18.753942,-82.36253
2020-09-02T06:42:52.252996444,18.753946,-82.36254
2020-09-02T06:42:52.254903793,18.753948,-82.36255
2020-09-02T06:42:52.256811141,18.753952,-82.36256
2020-09-02T06:42:52.258718490,18.753956,-82.362564
2020-09-02T06:42:52.260625839,18.75396,-82.362564
2020-09-02T06:42:52.262914657,18.740852,-82.361855
2020-09-02T06:42:52.264822006,18.753998,-82.36256
2020-09-02T06:42:52.266731262,18.7413,-82.36187
2020-09-02T06:42:52.268638610,18.743944,-82.37269
2020-09-02T06:42:52.270545959,18.743876,-82.371346
2020-09-02T06:42:52.272834777,18.743853,-82.37101
2020-09-02T06:42:52.274742126,18.743113,-82.370865
2020-09-02T06:42:52.276649475,18.74409,-82.36999
2020-09-02T06:42:52.278556823,18.74368,-82.37114
2020-09-02T06:42:52.280464172,18.744007,-82.37029
2020-09-02T06:42:52.282752990,18.754013,-82.36262
2020-09-02T06:42:52.284660339,18.754011,-82.362595
2020-09-02T06:42:52.286567687,18.762703,-82.37544
2020-09-02T06:42:52.288475036,18.715425,-82.36857
2020-09-02T06:42:52.288475036,19.17783,-82.6613
2020-09-02T06:42:52.350273132,18.71888,-82.36661
2020-09-02T06:42:52.352180480,19.141693,-82.51376
2020-09-02T06:42:52.352180480,18.740597,-82.3776
2020-09-02T06:42:52.288475036,19.070217,-82.14618
2020-09-02T06:42:52.352180480,18.593927,-82.12112
2020-09-02T06:42:52.354087829,18.810537,-82.39944
2020-09-02T06:42:52.356376647,18.736204,-82.37751
2020-09-02T06:42:52.358283996,18.75414,-82.374756
2020-09-02T06:42:52.360191345,18.754059,-82.362526
2020-09-02T06:42:52.362098693,18.75405,-82.362526
2020-09-02T06:42:52.364006042,18.754034,-82.36253
2020-09-02T06:42:52.405969619,18.754011,-82.36263
2020-09-02T06:42:52.409784317,18.753996,-82.36263
2020-09-02T06:42:52.415887832,18.754002,-82.362625
2020-09-02T06:42:52.417795181,18.754005,-82.362625
2020-09-02T06:42:52.419702529,18.754007,-82.36262
2020-09-02T06:42:52.421609878,18.754013,-82.36261
2020-09-02T06:42:52.423898696,18.754019,-82.362595
2020-09-02T06:42:52.425806045,18.754026,-82.36258
2020-09-02T06:42:52.427713394,18.754032,-82.36256
2020-09-02T06:42:52.429620742,18.741478,-82.37269
2020-09-02T06:42:52.431909561,18.74344,-82.37194
2020-09-02T06:42:52.433816909,18.74509,-82.37105
2020-09-02T06:42:52.435724258,18.754099,-82.37474
2020-09-02T06:42:52.437631607,18.754002,-82.362495
2020-09-02T06:42:52.439538955,18.740978,-82.37158
2020-09-02T06:42:52.441827774,18.753984,-82.36248
2020-09-02T06:42:52.443735122,18.753983,-82.36249
2020-09-02T06:42:52.445642471,18.738586,-82.37317
2020-09-02T06:42:52.447549819,18.74326,-82.37139
2020-09-02T06:42:52.449457168,18.75398,-82.362526
2020-09-02T06:42:52.451745986,18.753994,-82.36254
2020-09-02T06:42:52.453653335,18.75402,-82.36256
2020-09-02T06:42:52.531093597,18.674473,-82.32614
2020-09-02T06:42:52.533000946,18.754002,-82.36259
2020-09-02T06:42:52.682157516,18.688522,-82.38789
2020-09-02T06:42:52.684064865,18.711018,-82.360275
2020-09-02T06:42:52.694364547,18.694185,-82.376366
2020-09-02T06:42:52.696271896,18.674738,-82.35833
2020-09-02T06:42:52.711912155,18.705906,-82.3806
2020-09-02T06:42:52.726026535,18.675247,-82.436035
2020-09-02T06:42:52.727933883,18.69832,-82.372406
2020-09-02T06:42:52.755781173,18.688305,-82.42268
2020-09-02T06:42:52.763793945,18.67527,-82.436005
2020-09-02T06:42:52.783630371,18.6893,-82.40518
2020-09-02T06:42:52.787445068,18.685848,-82.38789
2020-09-02T06:42:52.789733886,18.67471,-82.39685
2020-09-02T06:42:52.791641235,18.694555,-82.37175
2020-09-02T06:42:52.793548583,18.681198,-82.40328
2020-09-02T06:42:52.795455932,18.693905,-82.3835
2020-09-02T06:42:52.797744750,18.674927,-82.39247
2020-09-02T06:42:52.803466796,18.67468,-82.35832
2020-09-02T06:42:52.805374145,18.686089,-82.37517
2020-09-02T06:42:52.807662963,18.690088,-82.37101
2020-09-02T06:42:52.809570312,18.674854,-82.3836
2020-09-02T06:42:52.847335815,18.684366,-82.3702
2020-09-02T06:42:52.849243164,18.69008,-82.37834
2020-09-02T06:42:52.853057861,18.693975,-82.39182
2020-09-02T06:42:52.855346679,18.683624,-82.372856
2020-09-02T06:42:52.857254028,18.674715,-82.35834
2020-09-02T06:42:52.825592041,19.51296,-78.36355
2020-09-02T06:42:52.855346679,19.531757,-78.364
2020-09-02T06:42:52.934694290,19.531723,-78.363976
2020-09-02T06:42:52.944612503,19.49267,-78.36727
2020-09-02T06:42:52.950716018,19.53172,-78.36402
2020-09-02T06:42:52.990388870,19.531662,-78.36399
2020-09-02T06:42:53.057910919,19.531736,-78.363976
2020-09-02T06:42:53.093769073,19.531734,-78.36396
2020-09-02T06:42:52.857254028,18.675255,-82.436066
2020-09-02T06:42:52.859161376,18.674696,-82.358345
2020-09-02T06:42:52.962541580,18.664188,-82.414825
2020-09-02T06:42:52.964448928,18.66273,-82.3918
2020-09-02T06:42:52.966356277,18.662428,-82.40926
2020-09-02T06:42:52.968645095,18.673796,-82.40517
2020-09-02T06:42:52.970552444,18.674948,-82.40229
2020-09-02T06:42:52.972459793,18.6752,-82.436035
2020-09-02T06:42:52.980470657,18.67729,-82.35351
2020-09-02T06:42:52.982378005,18.67652,-82.37089
2020-09-02T06:42:52.984285354,18.674213,-82.37158
2020-09-02T06:42:52.986574172,18.675838,-82.383385
2020-09-02T06:42:53.097583770,18.622917,-82.42762
2020-09-02T06:42:53.099872589,18.627811,-82.43476
2020-09-02T06:42:53.101779937,18.631006,-82.435524
2020-09-02T06:42:53.103687286,18.610437,-82.44365
2020-09-02T06:42:53.105594635,18.624727,-82.4439
2020-09-02T06:42:53.107501983,18.648869,-82.44628
2020-09-02T06:42:53.109790802,18.655153,-82.44689
2020-09-02T06:42:53.111698150,18.664965,-82.441734
2020-09-02T06:42:53.113605499,18.66691,-82.43776
2020-09-02T06:42:53.115512847,18.662893,-82.435776
2020-09-02T06:42:53.117801666,18.661385,-82.43462
2020-09-02T06:42:53.119709014,18.66154,-82.431885
2020-09-02T06:42:53.121616363,18.66668,-82.432236
2020-09-02T06:42:53.123523712,18.666351,-82.43108
2020-09-02T06:42:53.125431060,18.664766,-82.43595
2020-09-02T06:42:53.127719879,18.656382,-82.426414
2020-09-02T06:42:53.129627227,18.662325,-82.43529
2020-09-02T06:42:53.131536483,18.663363,-82.43752
2020-09-02T06:42:53.133443832,18.669865,-82.44789
2020-09-02T06:42:53.135351181,18.661282,-82.43647
2020-09-02T06:42:53.139547348,18.6753,-82.43602
2020-09-02T06:42:53.203252792,18.675299,-82.43594
2020-09-02T06:42:53.310447692,18.592564,-82.44703
2020-09-02T06:42:53.859390258,19.472458,-78.787895
2020-09-02T06:42:54.002445220,19.506245,-78.77091
2020-09-02T06:42:54.004352569,19.502151,-78.77273
2020-09-02T06:42:54.016178131,19.515732,-78.76329
2020-09-02T06:42:54.026096343,19.532719,-78.750755
2020-09-02T06:42:54.030292510,19.532698,-78.750755
2020-09-02T06:42:54.095905303,19.532684,-78.75084
2020-09-02T06:42:54.097812652,19.481796,-78.79093
2020-09-02T06:42:54.099720001,19.491333,-78.787674
2020-09-02T06:42:54.101627349,19.501694,-78.7953
2020-09-02T06:42:54.105823516,19.490734,-78.77051
2020-09-02T06:42:54.211111068,19.489706,-78.7913
2020-09-02T06:42:54.238958358,19.491232,-78.789856
2020-09-02T06:42:54.242773056,19.498243,-78.78324
2020-09-02T06:42:54.286643981,19.476599,-78.782745
2020-09-02T06:42:54.288551330,19.47224,-78.791245
2020-09-02T06:42:54.302665710,19.486698,-78.790276
2020-09-02T06:42:54.308387756,19.497341,-78.78405
2020-09-02T06:42:54.322502136,19.480875,-78.79239
2020-09-02T06:42:54.328224182,19.470812,-78.79129
2020-09-02T06:42:54.352256774,19.453106,-78.79124
2020-09-02T06:42:54.403757095,19.478281,-78.79537
2020-09-02T06:42:54.406045913,19.482073,-78.79936
2020-09-02T06:42:54.441904067,19.483002,-78.79627
2020-09-02T06:42:54.443811416,19.45318,-78.8257
2020-09-02T06:42:54.475473403,19.476192,-78.78697
2020-09-02T06:42:54.477380752,19.453114,-78.82567
2020-09-02T06:42:55.165182113,18.441835,-82.96638
2020-09-02T06:42:55.304420471,18.441935,-82.9664
2020-09-02T06:42:55.358207702,18.441965,-82.966385
2020-09-02T06:42:55.441751480,18.415043,-82.964806
2020-09-02T06:42:55.471506118,18.411703,-82.964615
2020-09-02T06:42:55.511180877,18.409618,-82.964424
2020-09-02T06:42:55.410089492,19.504055,-78.38992
2020-09-02T06:42:55.447854995,19.532028,-78.363266
2020-09-02T06:42:55.539028167,19.487614,-78.38039
2020-09-02T06:42:55.551235198,19.484758,-78.38301
2020-09-02T06:42:55.974290847,19.122988,-82.852974
2020-09-02T06:42:56.010150909,19.129879,-82.84773
2020-09-02T06:42:56.087589263,19.130491,-82.84223
2020-09-02T06:42:56.026172637,19.51517,-78.73786
2020-09-02T06:42:56.028079986,19.532917,-78.75002
2020-09-02T06:42:56.302742004,19.508196,-78.71719
2020-09-02T06:42:56.304649353,19.532812,-78.720184
2020-09-02T06:42:56.344322204,19.51729,-78.72615
2020-09-02T06:42:59.052036285,19.486177,-78.74813
2020-09-02T06:42:59.127569198,19.452631,-78.74721
2020-09-02T06:42:58.656443596,18.207415,-83.34041
2020-09-02T06:42:58.751812697,18.20743,-83.3405
2020-09-02T06:42:58.805600644,18.20734,-83.34043
2020-09-02T06:42:58.809415341,18.207344,-83.340454
2020-09-02T06:42:58.881132842,18.207424,-83.340416
2020-09-02T06:42:58.884947539,18.207438,-83.34046
2020-09-02T06:42:58.960479737,18.207375,-83.34045
2020-09-02T06:42:59.052033902,18.21185,-83.34123
2020-09-02T06:42:59.053941250,18.207386,-83.34045
2020-09-02T06:42:59.055848599,18.207384,-83.34043
2020-09-02T06:42:59.058137417,18.20738,-83.34042
2020-09-02T06:42:59.060044766,18.207378,-83.34041
2020-09-02T06:42:59.063859463,18.20741,-83.34041
2020-09-02T06:42:59.081789017,18.207348,-83.34046
2020-09-02T06:42:59.095903397,18.207361,-83.34049
2020-09-02T06:42:59.109636784,18.20738,-83.3406
2020-09-02T06:42:59.111544133,18.207376,-83.3406
2020-09-02T06:42:59.123751164,18.20735,-83.34049
2020-09-02T06:42:59.143588067,18.207352,-83.34051
2020-09-02T06:42:59.157320977,18.207413,-83.34746
2020-09-02T06:42:59.159228325,18.207382,-83.34052
2020-09-02T06:42:59.252689839,18.209301,-83.34401
2020-09-02T06:42:59.254979134,18.207369,-83.35247
2020-09-02T06:42:59.256886483,18.207289,-83.34051
2020-09-02T06:42:59.258793831,18.207304,-83.34051
2020-09-02T06:42:59.380103112,18.207357,-83.340645
2020-09-02T06:42:59.382010460,18.209131,-83.3465
2020-09-02T06:42:59.383917809,18.211887,-83.342155
2020-09-02T06:42:59.386206627,18.207388,-83.350746
2020-09-02T06:42:59.388113976,18.207289,-83.34066
2020-09-02T06:42:59.483482838,18.207352,-83.34841
2020-09-02T06:42:59.485390187,18.207294,-83.34066
2020-09-02T06:42:59.493401051,18.207302,-83.340675
2020-09-02T06:42:59.495308400,18.207298,-83.340675
2020-09-02T06:42:59.509423256,18.207317,-83.34078
2020-09-02T06:42:59.534982205,18.207336,-83.3407
2020-09-02T06:42:59.565118790,18.207327,-83.34068
2020-09-02T06:43:00.952545166,19.472233,-78.67834
2020-09-02T06:43:01.113528251,19.480062,-78.82582
2020-09-02T06:43:01.149386882,19.48564,-78.80118
2020-09-02T06:43:01.159305095,19.478233,-78.800735
2020-09-02T06:43:01.232929706,19.476273,-78.82573
2020-09-02T06:43:01.239033699,19.452396,-78.82503
2020-09-02T06:43:01.252766609,19.475147,-78.7852
2020-09-02T06:43:01.352331638,19.476625,-78.76575
2020-09-02T06:43:01.354238986,19.474903,-78.78021
2020-09-02T06:43:01.356146335,19.47581,-78.7744
2020-09-02T06:43:01.358053684,19.471973,-78.7852
2020-09-02T06:43:01.408027172,19.480967,-78.783485
2020-09-02T06:43:01.411841869,19.483845,-78.786446
2020-09-02T06:43:01.519418239,19.47737,-78.77934
2020-09-02T06:43:01.523232936,19.452227,-78.78581
2020-09-02T06:43:01.547266006,19.474773,-78.77401
2020-09-02T06:43:01.604868412,19.486292,-78.809525
2020-09-02T06:43:01.606776237,19.452099,-78.747795
2020-09-02T06:43:01.628520011,19.472338,-78.78173
2020-09-02T06:43:01.642634868,19.452335,-78.82514
2020-09-02T06:43:01.654460430,19.473219,-78.78663
2020-09-02T06:43:01.781873226,19.478792,-78.82598
2020-09-02T06:43:01.799421310,18.440401,-82.9043
2020-09-02T06:43:01.801710128,18.44166,-82.89564
2020-09-02T06:43:02.022202968,18.441305,-82.898
2020-09-02T06:43:02.030213832,18.440231,-82.888405
2020-09-02T06:43:02.032121181,18.440233,-82.88841
2020-09-02T06:43:02.046236038,18.440243,-82.888405
2020-09-02T06:43:02.063783645,18.44022,-82.88842
2020-09-02T06:43:02.181278228,18.440233,-82.88835
2020-09-02T06:43:01.539254665,19.462729,-78.39033
2020-09-02T06:43:01.580835819,19.451298,-78.360985
2020-09-02T06:43:01.733807563,19.451344,-78.40469
2020-09-02T06:43:01.801710128,19.451174,-78.360985
2020-09-02T06:43:01.821546554,19.451252,-78.361015
2020-09-02T06:43:01.863127708,19.466036,-78.374985
2020-09-02T06:43:01.877242088,19.46456,-78.37853
2020-09-02T06:43:01.954681873,19.467136,-78.38137
2020-09-02T06:43:02.012284755,19.468622,-78.37651
2020-09-02T06:43:02.018388271,19.451176,-78.36106
2020-09-02T06:43:02.042039871,19.47024,-78.38116
2020-09-02T06:43:02.085909366,19.473875,-78.38316
2020-09-02T06:43:02.115664482,19.492048,-78.36216
2020-09-02T06:43:02.117571830,19.471786,-78.37694
2020-09-02T06:43:02.135501384,19.451183,-78.36112
2020-09-02T06:43:02.203022480,19.451136,-78.36114
2020-09-02T06:43:05.002290725,19.477108,-78.74865
2020-09-02T06:43:05.004198074,19.480307,-78.74872
2020-09-02T06:43:05.018312454,19.452087,-78.72181
2020-09-02T06:43:05.020219802,19.465076,-78.724266
2020-09-02T06:43:05.022127151,19.468178,-78.72536
2020-09-02T06:43:05.046159744,19.461737,-78.70861
2020-09-02T06:43:05.048067092,19.452127,-78.71642
2020-09-02T06:43:05.210957527,19.463795,-78.71522
2020-09-02T06:43:05.213246345,19.455652,-78.71894
2020-09-02T06:43:05.215153694,19.452236,-78.74788
2020-09-02T06:43:05.226979255,19.468155,-78.72335
2020-09-02T06:43:05.276571273,19.462036,-78.7167
2020-09-02T06:43:05.282674789,19.468466,-78.72112
2020-09-02T06:43:05.288778305,19.4522,-78.71982
2020-09-02T06:43:05.302511215,19.453117,-78.731316
2020-09-02T06:43:05.304419517,19.464888,-78.72062
2020-09-02T06:43:05.372322082,19.456852,-78.7224
2020-09-02T06:43:05.378044128,19.452208,-78.7101
2020-09-02T06:43:05.379951477,19.464777,-78.72163
2020-09-02T06:43:05.386054992,19.440264,-78.72595
2020-09-02T06:43:05.402076721,19.452288,-78.747925
2020-09-02T06:43:05.439843177,19.465103,-78.72252
2020-09-02T06:43:06.383995056,18.367287,-83.24827
2020-09-02T06:43:06.427865028,18.361212,-83.257164
2020-09-02T06:43:06.473641395,18.327784,-83.228966
2020-09-02T06:43:06.658275604,19.513012,-78.75977
2020-09-02T06:43:06.751737594,19.532265,-78.750565
2020-09-02T06:43:07.787825584,19.532492,-78.71906
2020-09-02T06:43:07.914856910,19.536777,-78.702736
2020-09-02T06:43:07.919053077,19.532455,-78.7132
2020-09-02T06:43:08.449685096,18.754162,-82.36255
2020-09-02T06:43:08.515298843,18.754202,-82.36251
2020-09-02T06:43:08.517206192,18.736233,-82.36152
2020-09-02T06:43:08.525218009,18.734287,-82.36143
2020-09-02T06:43:08.527125358,18.73223,-82.36133
2020-09-02T06:43:08.543147087,18.728624,-82.36117
2020-09-02T06:43:08.569087028,18.73025,-82.36126
2020-09-02T06:43:08.570994377,18.754187,-82.36255
2020-09-02T06:43:08.652630805,18.722387,-82.35304
2020-09-02T06:43:08.654538154,18.714422,-82.36043
2020-09-02T06:43:08.680096626,18.722307,-82.359
2020-09-02T06:43:08.706036567,19.531937,-78.363945
2020-09-02T06:43:08.714048385,19.531946,-78.363914
2020-09-02T06:43:08.851379394,19.5319,-78.36396
2020-09-02T06:43:09.807356834,19.532768,-78.75088
2020-09-02T06:43:09.809645652,19.532764,-78.750885
2020-09-02T06:43:10.708021163,19.453241,-78.82568
2020-09-02T06:43:10.710309982,19.453165,-78.803955
2020-09-02T06:43:12.360191345,19.452871,-78.71537
2020-09-02T06:43:12.430002212,19.50761,-78.69671
2020-09-02T06:43:12.431909561,19.502876,-78.6983
2020-09-02T06:43:12.433816909,19.532522,-78.672714
2020-09-02T06:43:12.560848236,19.495686,-78.74909
2020-09-02T06:43:12.563137054,19.491348,-78.71943
2020-09-02T06:43:12.566951751,19.452902,-78.747856
2020-09-02T06:43:12.684446334,19.512072,-78.69632
2020-09-02T06:43:12.686353683,19.486486,-78.69751
2020-09-02T06:43:12.688261032,19.492897,-78.69478
2020-09-02T06:43:12.696271896,19.49579,-78.70457
2020-09-02T06:43:12.724119186,19.532526,-78.69019
2020-09-02T06:43:12.726026535,19.491894,-78.70781
2020-09-02T06:43:12.747770309,19.487429,-78.731804
2020-09-02T06:43:12.750059127,19.452892,-78.74782
2020-09-02T06:43:12.807662963,19.494617,-78.69664
2020-09-02T06:43:12.809570312,19.473005,-78.69749
2020-09-02T06:43:12.825592041,19.511965,-78.70249
2020-09-02T06:43:12.827499389,19.49394,-78.70538
2020-09-02T06:43:12.869079589,19.492304,-78.6941
2020-09-02T06:43:12.888917922,19.452654,-78.67044
2020-09-02T06:43:12.934694290,19.532457,-78.67274
2020-09-02T06:43:13.036167144,19.492163,-78.71013
2020-09-02T06:43:13.038074493,19.476358,-78.69627
2020-09-02T06:43:13.039981842,19.45269,-78.67048
2020-09-02T06:43:13.067829132,19.491201,-78.70843
2020-09-02T06:43:11.984437942,18.441278,-82.88847
2020-09-02T06:43:12.016099929,18.441164,-82.88851
2020-09-02T06:43:12.018390655,18.440605,-82.903564
2020-09-02T06:43:12.020298004,18.441118,-82.888504
2020-09-02T06:43:12.022205352,18.441133,-82.888504
2020-09-02T06:43:12.091632843,18.441364,-82.90482
2020-09-02T06:43:12.103839874,18.441229,-82.88848
2020-09-02T06:43:12.191198348,18.441319,-82.90353
2020-09-02T06:43:12.193105697,18.441206,-82.88851
2020-09-02T06:43:12.195013046,18.441208,-82.88851
2020-09-02T06:43:12.197301864,18.44121,-82.88851
2020-09-02T06:43:12.306404113,18.441198,-82.88843
2020-09-02T06:43:12.308692932,18.433899,-82.89217
2020-09-02T06:43:12.312507629,18.441204,-82.88843
2020-09-02T06:43:12.314414978,18.441208,-82.888435
2020-09-02T06:43:12.318611145,18.42787,-82.89954
2020-09-02T06:43:12.326240539,18.441233,-82.888435
2020-09-02T06:43:12.423898696,18.441107,-82.88842
2020-09-02T06:43:12.425806045,18.441132,-82.88842
2020-09-02T06:43:12.433816909,18.441172,-82.88841
2020-09-02T06:43:12.441827774,18.430931,-82.89078
2020-09-02T06:43:12.449838638,18.441095,-82.888374
2020-09-02T06:43:12.491418838,18.42622,-82.89286
2020-09-02T06:43:12.531093597,18.441149,-82.88841
2020-09-02T06:43:12.573055267,18.441162,-82.88844
2020-09-02T06:43:12.600902557,18.427038,-82.88761
2020-09-02T06:43:12.624553680,18.441137,-82.88844
2020-09-02T06:43:12.626461029,18.441133,-82.88843
2020-09-02T06:43:12.666517257,18.441107,-82.888405
2020-09-02T06:43:12.674146652,18.441113,-82.88843
2020-09-02T06:43:12.676435470,18.441116,-82.88843
2020-09-02T06:43:12.680250167,18.441126,-82.88843
2020-09-02T06:43:12.682157516,18.441128,-82.88843
2020-09-02T06:43:12.817581176,18.420351,-82.8818
2020-09-02T06:43:12.819488525,18.441076,-82.888336
2020-09-02T06:43:12.898836135,18.44113,-82.888374
2020-09-02T06:43:12.901124954,18.429686,-82.887726
2020-09-02T06:43:12.908754348,18.441107,-82.88839
2020-09-02T06:43:12.911043167,18.431345,-82.89755
2020-09-02T06:43:12.912950515,18.441109,-82.888405
2020-09-02T06:43:12.914857864,18.42544,-82.886986
2020-09-02T06:43:12.916765213,18.42962,-82.87856
2020-09-02T06:43:12.918672561,18.44113,-82.88843
2020-09-02T06:43:13.073932647,18.425362,-82.884796
2020-09-02T06:43:13.111698150,18.441034,-82.888466
2020-09-02T06:43:13.113605499,18.425713,-82.88941
2020-09-02T06:43:13.115512847,18.441034,-82.88845
2020-09-02T06:43:13.117801666,18.441032,-82.88844
2020-09-02T06:43:13.121616363,18.44104,-82.88843
2020-09-02T06:43:13.233007431,19.484198,-78.439285
2020-09-02T06:43:13.236822128,19.487446,-78.439384
2020-09-02T06:43:13.241018295,19.494202,-78.439575
2020-09-02T06:43:13.242925643,19.494558,-78.4396
2020-09-02T06:43:13.244832992,19.501863,-78.43981
2020-09-02T06:43:13.246740341,19.50317,-78.43986
2020-09-02T06:43:13.249029159,19.509443,-78.44004
2020-09-02T06:43:13.250936508,19.509207,-78.44004
2020-09-02T06:43:13.252843856,19.509558,-78.440025
2020-09-02T06:43:13.254751205,19.531895,-78.4406
2020-09-02T06:43:13.257041931,19.512281,-78.44005
2020-09-02T06:43:13.258949279,19.531828,-78.44055
2020-09-02T06:43:13.260856628,19.531797,-78.44053
2020-09-02T06:43:13.262763977,19.53181,-78.44054
2020-09-02T06:43:13.264671325,19.531824,-78.440544
2020-09-02T06:43:13.266960144,19.531837,-78.44055
2020-09-02T06:43:13.268867492,19.53185,-78.44056
2020-09-02T06:43:13.342491149,19.531788,-78.44055
2020-09-02T06:43:13.344398498,19.53179,-78.44055
2020-09-02T06:43:13.348213195,19.531796,-78.440544
2020-09-02T06:43:13.350120544,19.51222,-78.44002
2020-09-02T06:43:13.352409362,19.5318,-78.44055
2020-09-02T06:43:13.400094985,19.531897,-78.459175
2020-09-02T06:43:13.402002334,19.503439,-78.44484
2020-09-02T06:43:13.403909683,19.502956,-78.44396
2020-09-02T06:43:13.405817031,19.531883,-78.45762
2020-09-02T06:43:13.408105850,19.53184,-78.44053
2020-09-02T06:43:13.410013198,19.531832,-78.44052
2020-09-02T06:43:13.411920547,19.531826,-78.44052
2020-09-02T06:43:13.582820892,19.499928,-78.44035
2020-09-02T06:43:13.584728240,19.509901,-78.44098
2020-09-02T06:43:13.588924407,19.531612,-78.363205
2020-09-02T06:43:13.646528244,19.500425,-78.379395
2020-09-02T06:43:13.648435592,19.506798,-78.44133
2020-09-02T06:43:13.650342941,19.549295,-78.46027
2020-09-02T06:43:13.652631759,19.507217,-78.41972
2020-09-02T06:43:13.658353805,19.611658,-78.48735
2020-09-02T06:43:13.678190231,19.531542,-78.36319
2020-09-02T06:43:13.690397262,19.531502,-78.36328
2020-09-02T06:43:13.692304611,19.517405,-78.447334
2020-09-02T06:43:13.694211959,19.493904,-78.43415
2020-09-02T06:43:13.698026657,19.531723,-78.44063
2020-09-02T06:43:13.700315475,19.495476,-78.42822
2020-09-02T06:43:13.702222824,19.531734,-78.44061
2020-09-02T06:43:13.704130172,19.531723,-78.44061
2020-09-02T06:43:13.706037521,19.496061,-78.42252
2020-09-02T06:43:13.708326339,19.52166,-78.43228
2020-09-02T06:43:13.710233688,19.50922,-78.44001
2020-09-02T06:43:13.712141036,19.498196,-78.4234
2020-09-02T06:43:13.714048385,19.531694,-78.440605
2020-09-02T06:43:13.718244552,19.511978,-78.40648
2020-09-02T06:43:13.720151901,19.531658,-78.41229
2020-09-02T06:43:13.722059249,19.515678,-78.40359
2020-09-02T06:43:13.746091842,19.506231,-78.394226
2020-09-02T06:43:13.747999191,19.531591,-78.396675
2020-09-02T06:43:13.749906539,19.53152,-78.36323
2020-09-02T06:43:13.751815795,19.53152,-78.36323
2020-09-02T06:43:13.753723144,19.531578,-78.39037
2020-09-02T06:43:13.756011962,19.531591,-78.39621
2020-09-02T06:43:13.757919311,19.53153,-78.363205
2020-09-02T06:43:13.759826660,19.513994,-78.4176
2020-09-02T06:43:13.761734008,19.53169,-78.44059
2020-09-02T06:43:13.765930175,19.510729,-78.41363
2020-09-02T06:43:13.767837524,19.509418,-78.42676
2020-09-02T06:43:13.769744873,19.506142,-78.43996
2020-09-02T06:43:13.771652221,19.53172,-78.440636
2020-09-02T06:43:13.773941040,19.51203,-78.41641
2020-09-02T06:43:13.775848388,19.513897,-78.420494
2020-09-02T06:43:13.777755737,19.51541,-78.41969
2020-09-02T06:43:13.779663085,19.514694,-78.419556
2020-09-02T06:43:13.781570434,19.513002,-78.415924
2020-09-02T06:43:13.783859252,19.533865,-78.409294
2020-09-02T06:43:13.785766601,19.520586,-78.41201
2020-09-02T06:43:13.787673950,19.510326,-78.42576
2020-09-02T06:43:13.801406860,19.531488,-78.327736
2020-09-02T06:43:13.823532104,19.451645,-78.32473
2020-09-02T06:43:13.837265014,19.451822,-78.43846
2020-09-02T06:43:13.839553833,19.484251,-78.426056
2020-09-02T06:43:13.912797927,19.504787,-78.424194
2020-09-02T06:43:13.912797927,19.212667,-78.27801
2020-09-02T06:43:13.915086746,19.503733,-78.410324
2020-09-02T06:43:13.916994094,19.53798,-78.40728
2020-09-02T06:43:13.918901443,19.525171,-78.40578
2020-09-02T06:43:13.920808792,19.526749,-78.40986
2020-09-02T06:43:13.922716140,19.515669,-78.407104
2020-09-02T06:43:13.925004959,19.521591,-78.41105
2020-09-02T06:43:13.926912307,19.531654,-78.410835
2020-09-02T06:43:13.992525100,19.451677,-78.32361
2020-09-02T06:43:13.994432449,19.49073,-78.4254
2020-09-02T06:43:14.053943634,19.476927,-78.79869
2020-09-02T06:43:14.056232452,19.4745,-78.79153
2020-09-02T06:43:14.056232452,19.482183,-78.4326
2020-09-02T06:43:14.058139801,19.47278,-78.78887
2020-09-02T06:43:14.058139801,19.51508,-78.4332
2020-09-02T06:43:14.073780059,19.480139,-78.79936
2020-09-02T06:43:14.076068878,19.452826,-78.82552
2020-09-02T06:43:14.085987091,19.463676,-78.80105
2020-09-02T06:43:14.087894439,19.467281,-78.79997
2020-09-02T06:43:14.089801788,19.452742,-78.79944
2020-09-02T06:43:14.119556427,19.484938,-78.419075
2020-09-02T06:43:14.121847152,19.53151,-78.3635
2020-09-02T06:43:14.121847152,19.53166,-78.44088
2020-09-02T06:43:14.127569198,19.540937,-78.395164
2020-09-02T06:43:14.159612655,19.486809,-78.4234
2020-09-02T06:43:14.161520004,19.512781,-78.4035
2020-09-02T06:43:14.133672714,19.47522,-78.79593
2020-09-02T06:43:14.169530868,19.47069,-78.78982
2020-09-02T06:43:14.171438217,19.467398,-78.78645
2020-09-02T06:43:14.207296371,19.46968,-78.795395
2020-09-02T06:43:14.214925765,19.452726,-78.8256
2020-09-02T06:43:14.217214584,19.468143,-78.798645
2020-09-02T06:43:14.221029281,19.466072,-78.80208
2020-09-02T06:43:14.222936630,19.462864,-78.80098
2020-09-02T06:43:14.225225448,19.452673,-78.80315
2020-09-02T06:43:14.296562194,19.460684,-78.7929
2020-09-02T06:43:14.344245910,19.460249,-78.79316
2020-09-02T06:43:14.409860610,19.452648,-78.748314
2020-09-02T06:43:14.411767959,19.461855,-78.79959
2020-09-02T06:43:14.549098968,19.39987,-78.75494
2020-09-02T06:43:14.552913665,19.444319,-78.762184
2020-09-02T06:43:14.555202484,19.410988,-78.759834
2020-09-02T06:43:14.563213348,19.372932,-78.74611
2020-09-02T06:43:14.568935394,19.45684,-78.76293
2020-09-02T06:43:14.606700897,19.440199,-78.76177
2020-09-02T06:43:14.650571823,19.372944,-78.746155
2020-09-02T06:43:16.497295379,19.489683,-78.75015
2020-09-02T06:43:16.622800827,19.487427,-78.750175
2020-09-02T06:43:16.662473678,19.488514,-78.75015
2020-09-02T06:43:19.298469543,19.53277,-78.751434
2020-09-02T06:43:19.336236953,19.532793,-78.75141
2020-09-02T06:43:19.340433120,19.532804,-78.7514
2020-09-02T06:43:19.383920669,19.532816,-78.751495
2020-09-02T06:43:19.427789688,19.53285,-78.75135
2020-09-02T06:43:20.761807441,19.453367,-78.70852
2020-09-02T06:43:20.763714790,19.47654,-78.70497
2020-09-02T06:43:20.795758724,19.453394,-78.70248
2020-09-02T06:43:20.855268955,19.504818,-78.75017
2020-09-02T06:43:21.000229835,19.504833,-78.75024
2020-09-02T06:43:21.002518653,19.53333,-78.75105
2020-09-02T06:43:21.026170253,19.508135,-78.75029
2020-09-02T06:43:21.032273769,19.506027,-78.75022
2020-09-02T06:43:21.037995815,19.533388,-78.751015
2020-09-02T06:43:21.044099330,19.53338,-78.751
2020-09-02T06:43:21.081865787,19.533312,-78.751
2020-09-02T06:43:21.117724418,19.533358,-78.751045
2020-09-02T06:43:21.769666194,19.453838,-78.82597
2020-09-02T06:43:21.771955013,19.47849,-78.78991
2020-09-02T06:43:21.785687923,19.453821,-78.78761
2020-09-02T06:43:21.787595272,19.48731,-78.79457
2020-09-02T06:43:21.789502620,19.453892,-78.826065
2020-09-02T06:43:21.807432174,19.47589,-78.80525
2020-09-02T06:43:21.817350387,19.466166,-78.796135
2020-09-02T06:43:21.881056785,19.46975,-78.79004
2020-09-02T06:43:21.885253429,19.453758,-78.794266
2020-09-02T06:43:21.525140285,18.313982,-83.11506
2020-09-02T06:43:21.564813613,18.308784,-83.136086
2020-09-02T06:43:21.567102432,18.285583,-83.11336
2020-09-02T06:43:21.618601799,18.301981,-83.133484
2020-09-02T06:43:21.698329925,18.308258,-83.12904
2020-09-02T06:43:21.700237751,18.285774,-83.13408
2020-09-02T06:43:21.759747505,18.285793,-83.13434
2020-09-02T06:43:21.861220359,18.285536,-83.11328
2020-09-02T06:43:21.863127708,18.308151,-83.13571
2020-09-02T06:43:21.865035057,18.319498,-83.13083
2020-09-02T06:43:21.869231224,18.285608,-83.11335
2020-09-02T06:43:21.874953269,18.324692,-83.13093
2020-09-02T06:43:21.928741455,18.290186,-83.13098
2020-09-02T06:43:21.984436988,18.285543,-83.113365
2020-09-02T06:43:23.602656364,18.489487,-82.905914
2020-09-02T06:43:23.014421463,18.442173,-82.88944
2020-09-02T06:43:23.062105178,18.44222,-82.88947
2020-09-02T06:43:23.091860771,18.442215,-82.88948
2020-09-02T06:43:23.117800712,18.442148,-82.889496
2020-09-02T06:43:23.181125640,18.44213,-82.88949
2020-09-02T06:43:23.203251838,18.442217,-82.88949
2020-09-02T06:43:23.244832038,18.44215,-82.88948
2020-09-02T06:43:23.286794662,18.442215,-82.8896
2020-09-02T06:43:23.308538436,18.442165,-82.88965
2020-09-02T06:43:23.330283164,18.461939,-82.89081
2020-09-02T06:43:23.358130455,18.464157,-82.904816
2020-09-02T06:43:23.372244834,18.44218,-82.889626
2020-09-02T06:43:23.521402359,18.442156,-82.8897
2020-09-02T06:43:23.523309707,18.442156,-82.889694
2020-09-02T06:43:23.600749015,18.442265,-82.8897
2020-09-02T06:43:23.604945182,18.44224,-82.8897
2020-09-02T06:43:23.606852531,18.442226,-82.8897
2020-09-02T06:43:23.618678092,18.47872,-82.90414
2020-09-02T06:43:23.644618988,18.470385,-82.8913
2020-09-02T06:43:23.646526336,18.462103,-82.90707
2020-09-02T06:43:23.672466278,18.467518,-82.908005
2020-09-02T06:43:23.688106536,18.462664,-82.90703
2020-09-02T06:43:23.707943916,18.46477,-82.90811
2020-09-02T06:43:23.741894721,18.459238,-82.90765
2020-09-02T06:43:23.747998237,18.442215,-82.8897
2020-09-02T06:43:23.757917404,18.44225,-82.889725
2020-09-02T06:43:23.777753829,18.442389,-82.91574
2020-09-02T06:43:23.821623802,18.465513,-82.91197
2020-09-02T06:43:23.849471092,18.442188,-82.88967
2020-09-02T06:43:24.028383255,18.442455,-82.927155
2020-09-02T06:43:24.213017463,19.492226,-78.40291
2020-09-02T06:43:24.229039192,19.485495,-78.38962
2020-09-02T06:43:26.159305572,19.453527,-78.776924
2020-09-02T06:43:26.161594390,19.463953,-78.78112
2020-09-02T06:43:26.165409088,19.453463,-78.74895
2020-09-02T06:43:26.203175544,19.466202,-78.78157
2020-09-02T06:43:26.234838485,19.46454,-78.777824
2020-09-02T06:43:26.252767562,19.453564,-78.78524
2020-09-02T06:43:26.284811019,19.453415,-78.74898
2020-09-02T06:43:27.704281806,18.363,-82.96235
2020-09-02T06:43:27.716107368,18.363195,-82.985344
2020-09-02T06:43:27.718015670,18.363665,-82.991165
2020-09-02T06:43:27.719923019,18.348122,-82.98182
2020-09-02T06:43:27.759977340,18.365122,-83.00198
2020-09-02T06:43:27.771802902,18.363085,-82.96241
2020-09-02T06:43:27.773710250,18.363092,-82.96241
2020-09-02T06:43:27.775617599,18.358168,-82.988846
2020-09-02T06:43:27.777906417,18.363108,-82.9624
2020-09-02T06:43:27.960633277,18.28411,-82.95795
2020-09-02T06:43:28.014421463,18.355022,-82.9884
2020-09-02T06:43:28.016328811,18.34414,-82.961334
2020-09-02T06:43:28.018236160,18.346136,-82.973434
2020-09-02T06:43:28.046084403,18.342659,-82.97243
2020-09-02T06:43:28.047991752,18.36305,-82.96242
2020-09-02T06:43:28.054095268,18.284006,-82.95789
2020-09-02T06:43:28.145648956,18.346558,-82.983826
2020-09-02T06:43:28.151371955,18.34309,-82.97461
2020-09-02T06:43:28.153660774,18.363003,-82.96234
2020-09-02T06:43:27.992296218,19.486763,-78.737404
2020-09-02T06:43:27.994585037,19.481096,-78.73655
2020-09-02T06:43:27.996492385,19.481236,-78.734375
2020-09-02T06:43:27.998399734,19.480156,-78.73392
2020-09-02T06:43:28.000307083,19.477633,-78.73066
2020-09-02T06:43:28.002214431,19.472816,-78.727554
2020-09-02T06:43:28.004503250,19.471054,-78.728134
2020-09-02T06:43:28.006410598,19.453325,-78.74862
2020-09-02T06:43:28.012514114,19.453226,-78.70449
2020-09-02T06:43:28.014421463,19.453238,-78.71259
2020-09-02T06:43:28.016328811,19.453222,-78.70987
2020-09-02T06:43:28.018236160,19.453207,-78.70724
2020-09-02T06:43:28.020143508,19.459206,-78.70752
2020-09-02T06:43:28.022432327,19.464314,-78.71249
2020-09-02T06:43:28.024339675,19.45331,-78.74855
2020-09-02T06:43:28.046084403,19.46291,-78.70327
2020-09-02T06:43:28.047991752,19.464643,-78.71461
2020-09-02T06:43:28.127719879,19.453106,-78.671165
2020-09-02T06:43:28.153660774,19.45305,-78.67114
2020-09-02T06:43:28.155568122,19.455723,-78.69334
2020-09-02T06:43:28.157475471,19.461845,-78.709854
2020-09-02T06:43:28.177311897,19.480068,-78.74933
2020-09-02T06:43:28.354316711,19.420471,-78.700356
2020-09-02T06:43:28.356224060,19.462961,-78.698494
2020-09-02T06:43:28.358131408,19.453135,-78.69982
2020-09-02T06:43:28.388267517,19.413595,-78.70612
2020-09-02T06:43:28.390174865,19.453571,-78.69554
2020-09-02T06:43:28.392082214,19.454138,-78.692795
2020-09-02T06:43:28.393989562,19.450542,-78.69079
2020-09-02T06:43:28.395896911,19.444077,-78.69084
2020-09-02T06:43:28.471429824,19.453049,-78.71386
2020-09-02T06:43:28.545054435,19.40947,-78.70404
2020-09-02T06:43:28.546961784,19.450851,-78.693634
2020-09-02T06:43:28.249029159,18.208014,-83.341866
2020-09-02T06:43:28.250936508,18.229393,-83.36185
2020-09-02T06:43:28.252843856,18.208004,-83.341866
2020-09-02T06:43:28.324561119,18.225834,-83.356316
2020-09-02T06:43:28.377967834,18.23116,-83.34318
2020-09-02T06:43:28.443581581,18.22452,-83.35909
2020-09-02T06:43:28.551157951,18.229364,-83.36245
2020-09-02T06:43:28.554972648,18.207891,-83.34175
2020-09-02T06:43:28.556879997,18.225143,-83.359955
2020-09-02T06:43:28.569087028,18.233063,-83.34326
2020-09-02T06:43:28.574809074,18.207909,-83.341774
2020-09-02T06:43:28.630504608,18.225388,-83.35588
2020-09-02T06:43:28.632411956,18.20794,-83.34175
2020-09-02T06:43:30.694288253,19.499893,-78.32767
2020-09-02T06:43:30.740064620,19.488253,-78.32117
2020-09-02T06:43:30.755705833,19.531895,-78.28626
2020-09-02T06:43:30.761809349,19.502405,-78.30901
2020-09-02T06:43:30.769820213,19.45212,-78.28427
2020-09-02T06:43:30.771727561,19.488441,-78.31069
2020-09-02T06:43:30.779738426,19.488161,-78.328514
2020-09-02T06:43:30.795760154,19.531939,-78.28626
2020-09-02T06:43:30.797667503,19.507856,-78.31137
2020-09-02T06:43:30.799574851,19.510181,-78.3099
2020-09-02T06:43:30.801482200,19.49904,-78.312035
2020-09-02T06:43:30.803771018,19.51377,-78.30934
2020-09-02T06:43:30.805678367,19.519054,-78.31809
2020-09-02T06:43:30.821319580,19.524393,-78.309425
2020-09-02T06:43:30.823608398,19.531925,-78.30925
2020-09-02T06:43:30.827423095,19.531918,-78.28632
2020-09-02T06:43:30.851455688,19.531904,-78.286255
2020-09-02T06:43:30.853363037,19.495977,-78.30857
2020-09-02T06:43:30.867095947,19.478996,-78.29986
2020-09-02T06:43:30.869384765,19.49262,-78.31888
2020-09-02T06:43:30.883118629,19.452114,-78.2842
2020-09-02T06:43:30.902955055,19.475092,-78.30071
2020-09-02T06:43:30.904862403,19.484272,-78.3082
2020-09-02T06:43:30.907151222,19.477932,-78.306305
2020-09-02T06:43:30.909058570,19.484678,-78.31297
2020-09-02T06:43:30.920884132,19.466278,-78.295616
2020-09-02T06:43:30.922791481,19.452158,-78.28426
2020-09-02T06:43:30.964754104,19.53196,-78.2863
2020-09-02T06:43:30.966661453,19.531956,-78.286285
2020-09-02T06:43:30.982683181,19.531984,-78.28633
2020-09-02T06:43:30.984590530,19.532007,-78.30152
2020-09-02T06:43:30.986497879,19.532019,-78.31001
2020-09-02T06:43:30.988405227,19.532015,-78.31031
2020-09-02T06:43:31.000230789,19.53196,-78.28632
2020-09-02T06:43:31.014345169,19.531998,-78.31661
2020-09-02T06:43:31.016252517,19.53194,-78.286316
2020-09-02T06:43:31.018159866,19.531952,-78.29364
2020-09-02T06:43:31.020448684,19.520222,-78.307495
2020-09-02T06:43:31.022356033,19.52848,-78.30046
2020-09-02T06:43:31.024263381,19.524948,-78.30688
2020-09-02T06:43:31.026170730,19.53194,-78.28631
2020-09-02T06:43:31.028079986,19.531942,-78.28631
2020-09-02T06:43:31.030368804,19.531944,-78.28631
2020-09-02T06:43:31.032276153,19.531948,-78.2863
2020-09-02T06:43:31.042194366,19.531963,-78.286285
2020-09-02T06:43:31.046009063,19.53194,-78.28631
2020-09-02T06:43:31.048297882,19.53193,-78.286316
2020-09-02T06:43:31.050205230,19.53192,-78.28632
2020-09-02T06:43:31.054019927,19.531929,-78.2863
2020-09-02T06:43:31.070041656,19.531944,-78.28628
2020-09-02T06:43:31.076145172,19.53194,-78.286316
2020-09-02T06:43:31.081867218,19.532093,-78.36371
2020-09-02T06:43:31.086063385,19.53199,-78.28633
2020-09-02T06:43:31.093692779,19.532001,-78.28631
2020-09-02T06:43:31.097888946,19.525856,-78.288475
2020-09-02T06:43:31.099796295,19.505713,-78.32079
2020-09-02T06:43:31.103610992,19.53196,-78.28629
2020-09-02T06:43:31.105899810,19.531982,-78.2863
2020-09-02T06:43:31.111621856,19.51001,-78.28576
2020-09-02T06:43:31.113910675,19.517698,-78.295494
2020-09-02T06:43:31.115818023,19.507137,-78.31498
2020-09-02T06:43:31.117725372,19.531982,-78.28633
2020-09-02T06:43:31.121540069,19.53194,-78.27106
2020-09-02T06:43:31.131458282,19.491846,-78.28528
2020-09-02T06:43:31.229116439,19.493483,-78.33127
2020-09-02T06:43:31.906999588,19.473118,-78.78252
2020-09-02T06:43:32.066074371,19.481157,-78.78197
2020-09-02T06:43:33.398187637,19.499826,-78.74964
2020-09-02T06:43:33.465707778,19.53355,-78.75061
2020-09-02T06:43:35.259025573,18.442465,-82.92327
2020-09-02T06:43:35.318534851,18.44248,-82.91596
2020-09-02T06:43:35.320442199,18.442287,-82.88876
2020-09-02T06:43:35.376138687,18.44238,-82.91457
2020-09-02T06:43:35.556957244,18.44231,-82.8888
2020-09-02T06:43:35.598918914,18.442526,-82.91175
2020-09-02T06:43:35.600826263,18.44257,-82.91719
2020-09-02T06:43:35.602733612,18.442352,-82.88879
2020-09-02T06:43:35.604640960,18.442347,-82.88879
2020-09-02T06:43:35.706113815,18.434128,-82.910545
2020-09-02T06:43:35.751892089,18.442513,-82.913
2020-09-02T06:43:35.769821166,18.442339,-82.905136
2020-09-02T06:43:35.771728515,18.442421,-82.915825
2020-09-02T06:43:35.787750244,18.442284,-82.88878
2020-09-02T06:43:35.789657592,18.442278,-82.88878
2020-09-02T06:43:35.817504882,18.442417,-82.914604
2020-09-02T06:43:35.998325347,19.533493,-78.70937
2020-09-02T06:43:36.000232696,19.522015,-78.70854
2020-09-02T06:43:36.046009063,19.533499,-78.70928
2020-09-02T06:43:36.065845489,19.533499,-78.712364
2020-09-02T06:43:36.099796295,19.533506,-78.70961
2020-09-02T06:43:36.101703643,19.533419,-78.673164
2020-09-02T06:43:36.103612899,19.53349,-78.70639
2020-09-02T06:43:36.105901718,19.533478,-78.70413
2020-09-02T06:43:36.107809066,19.53346,-78.69995
2020-09-02T06:43:36.109716415,19.520695,-78.69389
2020-09-02T06:43:36.338218688,19.53337,-78.673164
2020-09-02T06:43:36.352334976,19.533539,-78.70858
2020-09-02T06:43:36.495388031,19.533382,-78.6732
2020-09-02T06:43:36.559093475,19.533503,-78.713135
2020-09-02T06:43:36.561000823,19.533499,-78.71525
2020-09-02T06:43:36.562908172,19.53347,-78.702446
2020-09-02T06:43:36.610593795,19.533566,-78.75066
2020-09-02T06:43:36.656370162,19.533579,-78.75068
2020-09-02T06:43:36.660566329,19.533596,-78.75066
2020-09-02T06:43:36.664381027,19.533386,-78.673225
2020-09-02T06:43:36.797515869,19.512852,-78.75012
2020-09-02T06:43:36.801712036,19.53355,-78.75072
2020-09-02T06:43:36.817352294,19.5071,-78.74997
2020-09-02T06:43:36.845201492,19.533459,-78.75073
2020-09-02T06:43:36.859315872,19.507526,-78.749985
2020-09-02T06:43:36.869234085,19.533588,-78.7507
2020-09-02T06:43:37.050052642,19.45358,-78.7484
2020-09-02T06:43:37.074085235,19.453566,-78.7485
2020-09-02T06:43:37.109945297,19.453608,-78.7484
2020-09-02T06:43:37.137411117,19.486914,-78.74948
2020-09-02T06:43:38.485546112,19.505714,-78.41118
2020-09-02T06:43:38.493556976,19.505821,-78.41205
2020-09-02T06:43:38.505382537,19.483297,-78.41022
2020-09-02T06:43:38.570995330,19.495237,-78.39892
2020-09-02T06:43:38.590833663,19.452541,-78.43933
2020-09-02T06:43:38.718246459,19.491146,-78.41996
2020-09-02T06:43:38.741897583,19.495531,-78.404236
2020-09-02T06:43:38.743804931,19.498373,-78.40229
2020-09-02T06:43:38.781570434,19.486126,-78.40768
2020-09-02T06:43:38.791870117,19.510208,-78.40113
2020-09-02T06:43:39.427787304,19.310026,-82.23735
2020-09-02T06:43:39.431602002,19.331781,-82.22787
2020-09-02T06:43:39.433890820,19.336573,-82.22718
2020-09-02T06:43:39.435798169,19.337713,-82.22099
2020-09-02T06:43:39.469367981,19.310074,-82.23739
2020-09-02T06:43:39.489204884,19.31003,-82.23736
2020-09-02T06:43:39.491493702,19.336285,-82.22302
2020-09-02T06:43:39.493401051,19.337568,-82.22264
2020-09-02T06:43:39.495308400,19.32951,-82.22429
2020-09-02T06:43:39.497215748,19.310013,-82.23732
2020-09-02T06:43:39.499504567,19.310009,-82.237305
2020-09-02T06:43:39.521248818,19.310099,-82.237434
2020-09-02T06:43:39.523156167,19.327553,-82.23837
2020-09-02T06:43:39.525063515,19.327347,-82.23834
2020-09-02T06:43:39.526970864,19.322886,-82.22776
2020-09-02T06:43:39.529259682,19.326723,-82.22607
2020-09-02T06:43:39.531167031,19.323748,-82.22821
2020-09-02T06:43:39.533074856,19.310122,-82.23736
2020-09-02T06:43:39.534982205,19.310125,-82.237366
2020-09-02T06:43:39.537271023,19.310127,-82.23737
2020-09-02T06:43:39.539178372,19.310131,-82.23738
2020-09-02T06:43:39.584955216,19.310024,-82.23745
2020-09-02T06:43:39.992371083,19.45297,-78.74917
2020-09-02T06:43:39.994278431,19.475079,-78.731964
2020-09-02T06:43:39.996567250,19.483555,-78.750046
2020-09-02T06:43:39.998475075,19.45297,-78.74916
2020-09-02T06:43:40.028230190,19.475962,-78.7335
2020-09-02T06:43:40.036241054,19.45295,-78.7491
2020-09-02T06:43:40.049973964,19.476795,-78.73657
2020-09-02T06:43:40.052262783,19.452862,-78.74909
2020-09-02T06:43:40.074007034,19.45289,-78.749084
2020-09-02T06:43:40.075914382,19.45289,-78.749084
2020-09-02T06:43:40.095751285,19.452932,-78.749054
2020-09-02T06:43:41.308462142,18.207447,-83.34245
2020-09-02T06:43:41.378272056,18.213675,-83.35098
2020-09-02T06:43:41.383994102,18.207512,-83.34249
2020-09-02T06:43:41.408027172,18.20751,-83.34241
2020-09-02T06:43:41.292821407,19.452904,-78.82647
2020-09-02T06:43:41.368353843,19.452875,-78.80525
2020-09-02T06:43:41.390098094,19.45287,-78.80778
2020-09-02T06:43:41.392005443,19.452908,-78.82657
2020-09-02T06:43:41.408027172,19.452892,-78.806755
2020-09-02T06:43:41.409934520,19.452888,-78.79819
2020-09-02T06:43:41.419852733,19.452705,-78.74914
2020-09-02T06:43:41.421760559,19.45281,-78.79375
2020-09-02T06:43:41.424049377,19.452803,-78.7908
2020-09-02T06:43:41.425956726,19.45281,-78.79416
2020-09-02T06:43:41.501488685,19.452936,-78.82642
2020-09-02T06:43:41.503396034,19.452879,-78.80503
2020-09-02T06:43:41.511406898,19.452845,-78.799126
2020-09-02T06:43:41.513314723,19.452843,-78.80072
2020-09-02T06:43:41.560998916,19.461218,-78.79289
2020-09-02T06:43:41.562906265,19.452827,-78.7917
2020-09-02T06:43:41.565195083,19.45292,-78.82653
2020-09-02T06:43:41.575113773,19.452833,-78.793015
2020-09-02T06:43:41.660563945,19.452782,-78.79057
2020-09-02T06:43:41.662471294,19.452875,-78.826454
2020-09-02T06:43:41.664378643,19.452803,-78.7936
2020-09-02T06:43:41.666285991,19.45289,-78.82644
2020-09-02T06:43:41.674297332,19.474197,-78.785706
2020-09-02T06:43:41.749829292,19.47606,-78.78614
2020-09-02T06:43:41.751736640,19.45289,-78.82647
2020-09-02T06:43:41.839476108,19.47133,-78.810555
2020-09-02T06:43:41.843290805,19.452858,-78.82645
2020-09-02T06:43:41.887160778,19.452791,-78.797424
2020-09-02T06:43:41.908904552,19.467285,-78.842476
2020-09-02T06:43:42.895019054,19.53226,-78.7512
2020-09-02T06:43:42.948807239,19.532314,-78.751305
2020-09-02T06:43:42.911041259,18.430378,-82.899345
2020-09-02T06:43:42.912948608,18.440777,-82.88953
2020-09-02T06:43:42.914855957,18.440777,-82.8895
2020-09-02T06:43:42.916763305,18.440777,-82.88948
2020-09-02T06:43:42.944611072,18.440788,-82.88955
2020-09-02T06:43:42.946899890,18.440914,-82.90611
2020-09-02T06:43:42.948807239,18.430674,-82.90113
2020-09-02T06:43:42.950714588,18.440792,-82.889595
2020-09-02T06:43:43.008316993,18.420202,-82.888306
2020-09-02T06:43:43.010224342,18.4107,-82.89941
2020-09-02T06:43:43.012513160,18.44079,-82.88946
2020-09-02T06:43:43.060197830,18.3617,-82.88504
2020-09-02T06:43:43.091860771,18.361685,-82.884995
2020-09-02T06:43:43.155567169,18.3962,-82.89468
2020-09-02T06:43:43.157474517,18.413578,-82.887985
2020-09-02T06:43:44.624629974,19.452667,-78.74862
2020-09-02T06:43:44.734112739,19.478981,-78.7495
2020-09-02T06:43:44.809645652,19.484074,-78.74965
2020-09-02T06:43:44.811553001,19.48826,-78.74977
2020-09-02T06:43:44.825667381,19.452803,-78.74871
2020-09-02T06:43:44.869154930,19.452686,-78.74856
2020-09-02T06:43:44.916839599,19.452656,-78.74867
2020-09-02T06:43:44.921035766,19.452637,-78.74867
2020-09-02T06:43:44.926757812,19.486143,-78.7496
2020-09-02T06:43:44.938965797,19.486599,-78.74958
2020-09-02T06:43:44.942780494,19.452755,-78.748604
2020-09-02T06:43:44.952698707,19.481237,-78.75781
2020-09-02T06:43:44.954606056,19.452696,-78.748634
2020-09-02T06:43:44.980545997,19.485886,-78.74961
2020-09-02T06:43:44.982453346,19.485594,-78.74958
2020-09-02T06:43:45.008394241,19.484457,-78.74952
2020-09-02T06:43:45.026323318,19.48551,-78.74956
2020-09-02T06:43:45.062182426,19.484522,-78.74954
2020-09-02T06:43:45.072100639,19.48704,-78.7496
2020-09-02T06:43:45.101855278,19.45257,-78.74854
2020-09-02T06:43:45.103762626,19.452583,-78.74856
2020-09-02T06:43:45.109866142,19.485365,-78.74954
2020-09-02T06:43:45.133518218,19.487446,-78.74963
2020-09-02T06:43:45.139621734,19.452616,-78.7486
2020-09-02T06:43:45.151447296,19.486727,-78.74959
2020-09-02T06:43:45.173572540,19.452688,-78.7486
2020-09-02T06:43:46.245138168,19.532907,-78.90586
2020-09-02T06:43:46.247045516,19.532948,-78.91913
2020-09-02T06:43:46.248952865,19.532957,-78.92092
2020-09-02T06:43:46.250860214,19.53292,-78.905914
2020-09-02T06:43:46.252767562,19.532913,-78.90591
2020-09-02T06:43:46.256963729,19.532898,-78.905876
2020-09-02T06:43:46.274892807,19.502085,-78.90502
2020-09-02T06:43:46.276800155,19.493647,-78.90478
2020-09-02T06:43:46.300452232,19.470001,-78.91431
2020-09-02T06:43:46.302741050,19.4678,-78.91264
2020-09-02T06:43:46.304648399,19.45299,-78.90346
2020-09-02T06:43:46.306555747,19.459122,-78.90976
2020-09-02T06:43:46.308463096,19.452932,-78.90346
2020-09-02T06:43:46.312659263,19.452915,-78.90345
2020-09-02T06:43:46.314566612,19.452927,-78.903435
2020-09-02T06:43:46.316473960,19.45294,-78.90342
2020-09-02T06:43:46.318381309,19.452951,-78.90341
2020-09-02T06:43:46.320670127,19.452965,-78.9034
2020-09-02T06:43:46.322577476,19.45297,-78.90342
2020-09-02T06:43:46.324484825,19.452978,-78.90344
2020-09-02T06:43:46.326392173,19.452986,-78.903465
2020-09-02T06:43:46.328299522,19.452991,-78.90349
2020-09-02T06:43:46.330588340,19.453,-78.90352
2020-09-02T06:43:46.332495689,19.452993,-78.90351
2020-09-02T06:43:46.334403038,19.452986,-78.90351
2020-09-02T06:43:46.340506553,19.452963,-78.903496
2020-09-02T06:43:46.348517417,19.45292,-78.9035
2020-09-02T06:43:46.358436584,19.452944,-78.90355
2020-09-02T06:43:46.362251281,19.452948,-78.89874
2020-09-02T06:43:46.364158630,19.460175,-78.90376
2020-09-02T06:43:46.366065979,19.45296,-78.89702
2020-09-02T06:43:46.368354797,19.458748,-78.8981
2020-09-02T06:43:46.370262145,19.452967,-78.893974
2020-09-02T06:43:46.374076843,19.452902,-78.87181
2020-09-02T06:43:46.376365661,19.452976,-78.90346
2020-09-02T06:43:46.382087707,19.452908,-78.88341
2020-09-02T06:43:46.383995056,19.452953,-78.903435
2020-09-02T06:43:46.386283874,19.457119,-78.88389
2020-09-02T06:43:46.388191223,19.452942,-78.90346
2020-09-02T06:43:46.390098571,19.45287,-78.877686
2020-09-02T06:43:46.392005920,19.452944,-78.90348
2020-09-02T06:43:46.406120300,19.452936,-78.87741
2020-09-02T06:43:46.408027648,19.453003,-78.90351
2020-09-02T06:43:46.409934997,19.457033,-78.881485
2020-09-02T06:43:46.411842346,19.46099,-78.88574
2020-09-02T06:43:46.414131164,19.459154,-78.885475
2020-09-02T06:43:46.416038513,19.452988,-78.90351
2020-09-02T06:43:46.417946815,19.461475,-78.87311
2020-09-02T06:43:46.424050331,19.452898,-78.86857
2020-09-02T06:43:46.425957679,19.452944,-78.88299
2020-09-02T06:43:46.431679725,19.467632,-78.85848
2020-09-02T06:43:46.433968544,19.45294,-78.878815
2020-09-02T06:43:46.441597938,19.476185,-78.856285
2020-09-02T06:43:46.483560562,19.430758,-78.92376
2020-09-02T06:43:46.507211685,19.532885,-78.93413
2020-09-02T06:43:46.523233413,19.453016,-78.903465
2020-09-02T06:43:46.531244277,19.452948,-78.871506
2020-09-02T06:43:46.533151626,19.45974,-78.8945
2020-09-02T06:43:46.535058975,19.462082,-78.88306
2020-09-02T06:43:46.537347793,19.463505,-78.8907
2020-09-02T06:43:46.539255142,19.453026,-78.90351
2020-09-02T06:43:46.541163444,19.468748,-78.89213
2020-09-02T06:43:46.543070793,19.463469,-78.8978
2020-09-02T06:43:46.545359611,19.452988,-78.90351
2020-09-02T06:43:46.569010734,19.41652,-78.915146
2020-09-02T06:43:46.572825431,19.37332,-78.930916
2020-09-02T06:43:46.622798919,19.496998,-78.67265
2020-09-02T06:43:46.664379119,19.452875,-78.82612
2020-09-02T06:43:46.712063789,19.453178,-78.94104
2020-09-02T06:43:46.716259956,19.477629,-78.88695
2020-09-02T06:43:46.718167304,19.46977,-78.906395
2020-09-02T06:43:46.720074653,19.423948,-78.909134
2020-09-02T06:43:46.721982002,19.417645,-78.90253
2020-09-02T06:43:46.724270820,19.477535,-78.90432
2020-09-02T06:43:46.729993820,19.453075,-78.90357
2020-09-02T06:43:46.746015548,19.500889,-78.89118
2020-09-02T06:43:46.803618431,19.480331,-78.89328
2020-09-02T06:43:46.805525779,19.461105,-78.911766
2020-09-02T06:43:46.807433128,19.453178,-78.90366
2020-09-02T06:43:46.811629295,19.457705,-78.896645
2020-09-02T06:43:46.813536643,19.453182,-78.90366
2020-09-02T06:43:46.823454856,19.532423,-78.67369
2020-09-02T06:43:46.881057739,19.486021,-78.67948
2020-09-02T06:43:46.882965087,19.453234,-78.903595
2020-09-02T06:43:46.885253906,19.48769,-78.67244
2020-09-02T06:43:46.885253906,19.453236,-78.90361
2020-09-02T06:43:46.889068603,19.491062,-78.672554
2020-09-02T06:43:46.932938575,19.479855,-78.68184
2020-09-02T06:43:46.950867652,19.479654,-78.68408
2020-09-02T06:43:46.970704078,19.481363,-78.686676
2020-09-02T06:43:46.982530593,19.486694,-78.67243
2020-09-02T06:43:46.990541458,19.491934,-78.68034
2020-09-02T06:43:47.006563186,19.42397,-78.8745
2020-09-02T06:43:47.008470535,19.452658,-78.671524
2020-09-02T06:43:47.020296096,19.491114,-78.67259
2020-09-02T06:43:47.022203445,19.47866,-78.6871
2020-09-02T06:43:47.030214309,19.452656,-78.671455
2020-09-02T06:43:47.042040824,19.491375,-78.67251
2020-09-02T06:43:47.064166069,19.484089,-78.682976
2020-09-02T06:43:47.066073417,19.452639,-78.67148
2020-09-02T06:43:47.067980766,19.45281,-78.74885
2020-09-02T06:43:46.950867652,18.250792,-83.34481
2020-09-02T06:43:46.984437942,18.25423,-83.34495
2020-09-02T06:43:47.020296096,18.248615,-83.34464
2020-09-02T06:43:47.067980766,19.485613,-78.67241
2020-09-02T06:43:47.095828056,19.452625,-78.67145
2020-09-02T06:43:47.097735404,19.477842,-78.68378
2020-09-02T06:43:47.100025177,19.476234,-78.68337
2020-09-02T06:43:47.101932525,19.476412,-78.68142
2020-09-02T06:43:47.103839874,19.475935,-78.6721
2020-09-02T06:43:47.105747222,19.452616,-78.67145
2020-09-02T06:43:47.107654571,19.452631,-78.67146
2020-09-02T06:43:47.111850738,19.452654,-78.67148
2020-09-02T06:43:47.113758087,19.452658,-78.67147
2020-09-02T06:43:47.115665435,19.469505,-78.68126
2020-09-02T06:43:47.141605377,19.470339,-78.68427
2020-09-02T06:43:47.143512725,19.468401,-78.68619
2020-09-02T06:43:47.145420074,19.45261,-78.671486
2020-09-02T06:43:47.153430938,19.462635,-78.69439
2020-09-02T06:43:47.155338287,19.46912,-78.68962
2020-09-02T06:43:47.161442756,19.452639,-78.67149
2020-09-02T06:43:47.175557136,19.452665,-78.6715
2020-09-02T06:43:47.290762901,19.464249,-78.68299
2020-09-02T06:43:47.292670249,19.464523,-78.69056
2020-09-02T06:43:47.334250450,19.457117,-78.69381
2020-09-02T06:43:47.396049499,19.474678,-78.6795
2020-09-02T06:43:47.397956848,19.466063,-78.69173
2020-09-02T06:43:47.402153015,19.452606,-78.67155
2020-09-02T06:43:47.415886878,19.457165,-78.69081
2020-09-02T06:43:47.420083045,19.452723,-78.70953
2020-09-02T06:43:47.433815956,19.464529,-78.68753
2020-09-02T06:43:47.435723304,19.468184,-78.692566
2020-09-02T06:43:47.487604141,19.466063,-78.68682
2020-09-02T06:43:47.489511489,19.477587,-78.672264
2020-09-02T06:43:47.491418838,19.478872,-78.672295
2020-09-02T06:43:47.527276992,19.479145,-78.6723
2020-09-02T06:43:47.529184341,19.465637,-78.67992
2020-09-02T06:43:47.581065177,19.454067,-78.679985
2020-09-02T06:43:47.582972526,19.452642,-78.67153
2020-09-02T06:43:47.968645095,19.113235,-82.83479
2020-09-02T06:43:48.004121780,19.126835,-82.84112
2020-09-02T06:43:48.041888236,19.136648,-82.84918
2020-09-02T06:43:48.902878761,19.381409,-82.64131
2020-09-02T06:43:48.908982276,19.39257,-82.632904
2020-09-02T06:43:48.912796974,19.392578,-82.632904
2020-09-02T06:43:48.964677810,19.39253,-82.63297
2020-09-02T06:43:48.966585159,19.38969,-82.62476
2020-09-02T06:43:48.968492507,19.376259,-82.63262
2020-09-02T06:43:49.030291557,19.392527,-82.63292
2020-09-02T06:43:49.125659942,19.376854,-82.64916
2020-09-02T06:43:49.127567291,19.356693,-82.64355
2020-09-02T06:43:49.203100204,19.312904,-82.653305
2020-09-02T06:43:49.206914901,19.392492,-82.632996
2020-09-02T06:43:49.270621299,19.281525,-82.653076
2020-09-02T06:43:49.272528648,19.342731,-82.63937
2020-09-02T06:43:49.274817466,19.392584,-82.63298
2020-09-02T06:43:49.280539512,19.322678,-82.642715
2020-09-02T06:43:49.393837928,19.306473,-82.6459
2020-09-02T06:43:49.395745277,19.385008,-82.63375
2020-09-02T06:43:49.411767005,19.392511,-82.60875
2020-09-02T06:43:49.495309829,19.293058,-82.64988
2020-09-02T06:43:49.497217178,19.380297,-82.63377
2020-09-02T06:43:51.197072982,19.77291,-78.878136
2020-09-02T06:43:51.199361801,19.772913,-78.87411
2020-09-02T06:43:51.264974594,19.772882,-78.87524
2020-09-02T06:43:51.366065979,19.772888,-78.87647
2020-09-02T06:43:51.447702407,18.246473,-83.34501
2020-09-02T06:43:51.495386123,18.239975,-83.357346
2020-09-02T06:43:51.497293472,18.249596,-83.34517
2020-09-02T06:43:51.519418716,18.246214,-83.34499
2020-09-02T06:43:51.596858978,18.241627,-83.34471
2020-09-02T06:43:51.264974594,18.284256,-83.036415
2020-09-02T06:43:51.266881942,18.284266,-83.0364
2020-09-02T06:43:51.296638488,18.27076,-83.04145
2020-09-02T06:43:51.298545837,18.26225,-83.04917
2020-09-02T06:43:51.300453186,18.28425,-83.03639
2020-09-02T06:43:51.302742004,18.284254,-83.03641
2020-09-02T06:43:51.308464050,18.284264,-83.03645
2020-09-02T06:43:51.310752868,18.284267,-83.03647
2020-09-02T06:43:51.431680679,18.273376,-83.03581
2020-09-02T06:43:51.433969497,18.268414,-83.035515
2020-09-02T06:43:51.435876846,18.284286,-83.036415
2020-09-02T06:43:51.471735000,18.259165,-83.03495
2020-09-02T06:43:51.473642349,18.259445,-83.034935
2020-09-02T06:43:51.475549697,18.284222,-83.036316
2020-09-02T06:43:51.521326065,18.284327,-83.03637
2020-09-02T06:43:51.523235321,18.27108,-83.04295
2020-09-02T06:43:51.525142669,18.284307,-83.036354
2020-09-02T06:43:51.527431488,18.2843,-83.03634
2020-09-02T06:43:51.531246185,18.284286,-83.03633
2020-09-02T06:43:51.555278778,18.271133,-83.044075
2020-09-02T06:43:51.557186126,18.284254,-83.036354
2020-09-02T06:43:51.559093475,18.273033,-83.0357
2020-09-02T06:43:51.561000823,18.28424,-83.03634
2020-09-02T06:43:51.567104339,18.284252,-83.036354
2020-09-02T06:43:51.569011688,18.284256,-83.03636
2020-09-02T06:43:51.632717132,18.277636,-83.04599
2020-09-02T06:43:51.634624481,18.284296,-83.03636
2020-09-02T06:43:51.636531829,18.279266,-83.043625
2020-09-02T06:43:51.638439178,18.275854,-83.044044
2020-09-02T06:43:51.640727996,18.284304,-83.03639
2020-09-02T06:43:51.642635345,18.27904,-83.047005
2020-09-02T06:43:51.644542694,18.2843,-83.0364
2020-09-02T06:43:51.716260910,18.284264,-83.03633
2020-09-02T06:43:51.718168258,18.280203,-83.04849
2020-09-02T06:43:51.720075607,18.284315,-83.03632
2020-09-02T06:43:51.731901168,18.280802,-83.045906
2020-09-02T06:43:51.867324829,18.282902,-83.04789
2020-09-02T06:43:50.622570037,19.531826,-78.36489
2020-09-02T06:43:50.624858856,19.514767,-78.38389
2020-09-02T06:43:50.638592720,19.531822,-78.36481
2020-09-02T06:43:50.654614448,19.505249,-78.38997
2020-09-02T06:43:50.692380905,19.501905,-78.39308
2020-09-02T06:43:50.694288253,19.499102,-78.3957
2020-09-02T06:43:50.722135543,19.495188,-78.39944
2020-09-02T06:43:50.724042892,19.484097,-78.3988
2020-09-02T06:43:50.740064620,19.45204,-78.36276
2020-09-02T06:43:50.741971969,19.480331,-78.38219
2020-09-02T06:43:50.743879318,19.494324,-78.38895
2020-09-02T06:43:50.849166870,19.531925,-78.364914
2020-09-02T06:43:50.855270385,19.491943,-78.390465
2020-09-02T06:43:50.859466552,19.485209,-78.382385
2020-09-02T06:43:50.861373901,19.502722,-78.38936
2020-09-02T06:43:50.883118629,19.491161,-78.39321
2020-09-02T06:43:50.910965919,19.485907,-78.38766
2020-09-02T06:43:50.986497879,19.4865,-78.391754
2020-09-02T06:43:50.988405227,19.531872,-78.3649
2020-09-02T06:43:50.990694046,19.452068,-78.362816
2020-09-02T06:43:50.994508743,19.531864,-78.36487
2020-09-02T06:43:50.996416091,19.452059,-78.36278
2020-09-02T06:43:51.063938140,19.53188,-78.36485
2020-09-02T06:43:51.066226959,19.48688,-78.38562
2020-09-02T06:43:50.640500068,19.532766,-78.79387
2020-09-02T06:43:50.644696235,19.532764,-78.792694
2020-09-02T06:43:50.646603584,19.532745,-78.78417
2020-09-02T06:43:50.648510932,19.53277,-78.794075
2020-09-02T06:43:50.650418281,19.532772,-78.794945
2020-09-02T06:43:50.652707099,19.532768,-78.7962
2020-09-02T06:43:50.654614448,19.532772,-78.80029
2020-09-02T06:43:50.656521797,19.532772,-78.80288
2020-09-02T06:43:50.658429145,19.53283,-78.82928
2020-09-02T06:43:50.660336494,19.532824,-78.82927
2020-09-02T06:43:50.670254707,19.540627,-78.810875
2020-09-02T06:43:50.728239059,19.528158,-78.79516
2020-09-02T06:43:50.767912864,19.532795,-78.79389
2020-09-02T06:43:50.819412231,19.526747,-78.79801
2020-09-02T06:43:50.821319580,19.532755,-78.78609
2020-09-02T06:43:50.825515747,19.538036,-78.79618
2020-09-02T06:43:50.827423095,19.530851,-78.80235
2020-09-02T06:43:50.902955055,19.53282,-78.792915
2020-09-02T06:43:50.907151222,19.535093,-78.79405
2020-09-02T06:43:50.909058570,19.532919,-78.82933
2020-09-02T06:43:51.161596298,19.532806,-78.79278
2020-09-02T06:43:51.195165634,19.53287,-78.7944
2020-09-02T06:43:51.197072982,19.534899,-78.7948
2020-09-02T06:43:51.199361801,19.537462,-78.7846
2020-09-02T06:43:51.201269149,19.532906,-78.79623
2020-09-02T06:43:51.227209091,19.532692,-78.71419
2020-09-02T06:43:51.260778427,19.53284,-78.79284
2020-09-02T06:43:51.262685775,19.538471,-78.78881
2020-09-02T06:43:51.264974594,19.533907,-78.786575
2020-09-02T06:43:51.266881942,19.522291,-78.78288
2020-09-02T06:43:51.268789291,19.53288,-78.793495
2020-09-02T06:43:51.364158630,19.53286,-78.79342
2020-09-02T06:43:51.366065979,19.502798,-78.78382
2020-09-02T06:43:51.368354797,19.51947,-78.79037
2020-09-02T06:43:51.370262145,19.532877,-78.79542
2020-09-02T06:43:51.372169494,19.532875,-78.79531
2020-09-02T06:43:51.388191223,19.539585,-78.7394
2020-09-02T06:43:51.390098571,19.554216,-78.65789
2020-09-02T06:43:51.392005920,19.532852,-78.79587
2020-09-02T06:43:51.493478775,19.532824,-78.794426
2020-09-02T06:43:51.493478775,19.373087,-78.71577
2020-09-02T06:43:51.495386123,19.532827,-78.79465
2020-09-02T06:43:51.499582290,19.532835,-78.79481
2020-09-02T06:43:51.501489639,19.53284,-78.793106
2020-09-02T06:43:51.503396987,19.532852,-78.79149
2020-09-02T06:43:51.505304336,19.532877,-78.79499
2020-09-02T06:43:51.507211685,19.532888,-78.79321
2020-09-02T06:43:51.509500503,19.532906,-78.79425
2020-09-02T06:43:51.511407852,19.53292,-78.79558
2020-09-02T06:43:51.529338836,19.386127,-78.763794
2020-09-02T06:43:51.531246185,19.462284,-78.77995
2020-09-02T06:43:51.533153533,19.373236,-78.747055
2020-09-02T06:43:51.545360565,19.373238,-78.7471
2020-09-02T06:43:51.634624481,19.532898,-78.791954
2020-09-02T06:43:51.670484542,19.532534,-78.63595
2020-09-02T06:43:51.692228317,19.363169,-78.64237
2020-09-02T06:43:51.694135665,19.424324,-78.68734
2020-09-02T06:43:51.720075607,19.532545,-78.63551
2020-09-02T06:43:51.805526733,19.365595,-78.63854
2020-09-02T06:43:51.807815551,19.33927,-78.63293
2020-09-02T06:43:51.853210449,19.373037,-78.63627
2020-09-02T06:43:51.940950393,19.415188,-78.66027
2020-09-02T06:43:51.942857742,19.40931,-78.63527
2020-09-02T06:43:51.944765090,19.373137,-78.669716
2020-09-02T06:43:52.209127426,18.355598,-82.80976
2020-09-02T06:43:52.153432846,18.282742,-82.82754
2020-09-02T06:43:52.153432846,18.44095,-82.85021
2020-09-02T06:43:52.284660339,18.313004,-82.79568
2020-09-02T06:43:52.350273132,18.292484,-82.79605
2020-09-02T06:43:52.350273132,17.889585,-82.93637
2020-09-02T06:43:52.352180480,18.361725,-82.80766
2020-09-02T06:43:53.994432449,19.489794,-78.73495
2020-09-02T06:43:54.008548736,19.452911,-78.74899
2020-09-02T06:43:54.044025421,19.494974,-78.75017
2020-09-02T06:43:54.085987091,19.487106,-78.74006
2020-09-02T06:43:54.087894439,19.48428,-78.749886
2020-09-02T06:43:54.127569198,19.48406,-78.74345
2020-09-02T06:43:54.129858016,19.452875,-78.74894
2020-09-02T06:43:54.171438217,19.486473,-78.731575
2020-09-02T06:43:54.197378158,19.491438,-78.75004
2020-09-02T06:43:54.292747497,19.486511,-78.73711
2020-09-02T06:43:55.561153411,19.45321,-78.80131
2020-09-02T06:43:55.632490158,19.453217,-78.826195
2020-09-02T06:43:55.891130447,19.453297,-78.826035
2020-09-02T06:43:55.902956008,19.453255,-78.808334
2020-09-02T06:43:55.944917678,19.453342,-78.80408
2020-09-02T06:43:55.974672317,19.45334,-78.826126
2020-09-02T06:43:56.924928665,19.533092,-78.75084
2020-09-02T06:43:56.966508865,19.533058,-78.75086
2020-09-02T06:43:57.101934432,19.533117,-78.7508
2020-09-02T06:43:57.119863510,19.533133,-78.75093
2020-09-02T06:43:57.326622009,19.487429,-78.42727
2020-09-02T06:43:57.368204116,19.488058,-78.42612
2020-09-02T06:43:57.537197113,19.45258,-78.439026
2020-09-02T06:43:57.586788177,19.493052,-78.418175
2020-09-02T06:43:59.757763863,19.475603,-78.7488
2020-09-02T06:43:59.911117077,19.47225,-78.74874
2020-09-02T06:43:59.913024426,19.469471,-78.74866
2020-09-02T06:43:59.914931775,19.45318,-78.748184
2020-09-02T06:43:59.916839123,19.453169,-78.748184
2020-09-02T06:43:59.952697754,19.453138,-78.74817
2020-09-02T06:43:59.954605103,19.47203,-78.7487
2020-09-02T06:43:59.956893921,19.469086,-78.74861
2020-09-02T06:44:00.022507667,19.465414,-78.751945
2020-09-02T06:44:00.046159267,19.453115,-78.74815
2020-09-02T06:44:00.062181472,19.468584,-78.74858
2020-09-02T06:44:00.133517265,19.471611,-78.757675
2020-09-02T06:44:00.193408966,19.453094,-78.74819
2020-09-02T06:44:00.260930061,19.45308,-78.78499
2020-09-02T06:44:00.262837409,19.452982,-78.74818
2020-09-02T06:44:01.885253429,18.207556,-83.34166
2020-09-02T06:44:01.889068126,18.207497,-83.341705
2020-09-02T06:44:01.942855834,18.207504,-83.34166
2020-09-02T06:44:01.950867176,18.207523,-83.341736
2020-09-02T06:44:01.994355201,18.20756,-83.341736
2020-09-02T06:44:02.000458717,18.207592,-83.34169
2020-09-02T06:44:02.016480922,18.207502,-83.341736
2020-09-02T06:44:02.018388271,18.207518,-83.34173
2020-09-02T06:44:02.034409999,18.207506,-83.341705
2020-09-02T06:44:02.054246902,18.207584,-83.34169
2020-09-02T06:44:01.710155963,18.441107,-82.90176
2020-09-02T06:44:01.793699264,18.441006,-82.88891
2020-09-02T06:44:01.795606613,18.441008,-82.88892
2020-09-02T06:44:01.905089855,18.441032,-82.88899
2020-09-02T06:44:01.906997203,18.441023,-82.889
2020-09-02T06:44:02.113757133,18.441055,-82.889084
2020-09-02T06:44:02.115664482,18.457993,-82.89538
2020-09-02T06:44:02.117571830,18.441105,-82.88905
2020-09-02T06:44:02.153430461,18.460388,-82.90626
2020-09-02T06:44:04.036394119,18.254742,-83.34515
2020-09-02T06:44:04.074160575,18.256876,-83.34526
2020-09-02T06:44:04.119555473,18.257345,-83.345375
2020-09-02T06:44:04.163425445,18.256935,-83.34523
2020-09-02T06:44:04.175251007,18.258621,-83.34542
2020-09-02T06:44:04.213017463,18.257458,-83.34536
2020-09-02T06:44:04.222935676,18.259504,-83.34547
2020-09-02T06:44:04.227131843,18.257843,-83.34539
2020-09-02T06:44:04.235142707,18.258923,-83.34542
2020-09-02T06:44:04.322501182,18.26893,-83.34608
2020-09-02T06:44:04.324408531,18.255285,-83.34526
2020-09-02T06:44:04.682613372,15.278739,-82.0743
2020-09-02T06:44:04.684903144,15.287619,-82.07821
2020-09-02T06:44:04.686810493,15.285742,-82.08048
2020-09-02T06:44:04.688717842,15.285325,-82.08114
2020-09-02T06:44:04.690625190,15.277804,-82.08387
2020-09-02T06:44:04.692532539,15.272327,-82.096344
2020-09-02T06:44:04.694821357,15.30153,-82.10217
2020-09-02T06:44:04.696728706,15.288769,-82.08271
2020-09-02T06:44:04.698636054,15.278284,-82.079094
2020-09-02T06:44:04.700543403,15.318279,-82.1201
2020-09-02T06:44:04.704739570,15.271713,-82.11809
2020-09-02T06:44:04.706646919,15.271894,-82.07976
2020-09-02T06:44:04.708554267,15.24135,-82.11676
2020-09-02T06:44:04.752424240,15.283066,-82.07483
2020-09-02T06:44:04.754331588,15.304043,-82.07122
2020-09-02T06:44:04.756238937,15.297167,-82.076004
2020-09-02T06:44:04.758146286,15.286206,-82.064064
2020-09-02T06:44:04.760435104,15.303271,-82.069275
2020-09-02T06:44:04.762342453,15.318106,-82.076485
2020-09-02T06:44:04.764249801,15.318089,-82.07383
2020-09-02T06:44:04.766157150,15.317935,-82.044136
2020-09-02T06:44:04.971009254,15.287914,-82.09054
2020-09-02T06:44:04.975205421,15.241368,-82.116615
2020-09-02T06:44:04.988938331,15.262193,-82.08955
2020-09-02T06:44:05.066378593,15.24139,-82.116684
2020-09-02T06:44:05.825514793,19.533321,-78.735504
2020-09-02T06:44:05.877014160,19.520327,-78.73892
2020-09-02T06:44:05.893035888,19.533407,-78.75103
2020-09-02T06:44:05.934998512,19.533386,-78.75106
2020-09-02T06:44:05.936905860,19.453667,-78.78818
2020-09-02T06:44:05.952927589,19.453667,-78.798096
2020-09-02T06:44:05.954834938,19.453672,-78.79266
2020-09-02T06:44:05.998323440,19.45358,-78.79879
2020-09-02T06:44:06.026170730,19.453728,-78.799965
2020-09-02T06:44:06.036088943,19.45379,-78.826164
2020-09-02T06:44:06.046008110,19.453728,-78.82612
2020-09-02T06:44:06.058215141,19.453672,-78.82611
2020-09-02T06:44:06.070040702,19.453709,-78.79926
2020-09-02T06:44:06.081866264,19.453823,-78.82617
2020-09-02T06:44:06.095980644,19.453747,-78.80029
2020-09-02T06:44:06.117725372,19.453697,-78.793564
2020-09-02T06:44:06.145572662,19.45377,-78.802734
2020-09-02T06:44:06.175328254,19.453753,-78.79857
2020-09-02T06:44:06.199360847,19.453745,-78.798164
2020-09-02T06:44:06.201268196,19.453753,-78.798615
2020-09-02T06:44:06.223011970,19.453733,-78.826065
2020-09-02T06:44:06.231022834,19.453781,-78.82604
2020-09-02T06:44:06.245138168,19.453789,-78.82614
2020-09-02T06:44:06.284811019,19.45369,-78.80151
2020-09-02T06:44:06.336310386,19.45378,-78.82605
2020-09-02T06:44:06.374076843,19.445007,-78.79796
2020-09-02T06:44:06.229115486,19.532558,-78.36396
2020-09-02T06:44:06.235219955,19.507353,-78.37319
2020-09-02T06:44:06.242849349,19.532568,-78.36405
2020-09-02T06:44:06.245138168,19.51786,-78.36367
2020-09-02T06:44:06.252767562,19.532585,-78.36407
2020-09-02T06:44:06.255056381,19.507326,-78.37229
2020-09-02T06:44:06.260778427,19.532549,-78.36405
2020-09-02T06:44:06.263067245,19.52163,-78.36314
2020-09-02T06:44:06.268789291,19.532528,-78.36397
2020-09-02T06:44:06.280614852,19.532486,-78.36404
2020-09-02T06:44:06.282903671,19.525686,-78.35876
2020-09-02T06:44:06.284811019,19.532536,-78.36398
2020-09-02T06:44:06.330588340,19.532578,-78.36397
2020-09-02T06:44:06.332495689,19.532574,-78.36397
2020-09-02T06:44:06.380180358,19.532518,-78.36402
2020-09-02T06:44:06.396202087,19.45283,-78.43925
2020-09-02T06:44:06.424050331,19.483646,-78.4037
2020-09-02T06:44:06.425957679,19.492573,-78.38816
2020-09-02T06:44:06.443886756,19.511003,-78.38483
2020-09-02T06:44:06.455712318,19.53248,-78.36394
2020-09-02T06:44:06.457619667,19.524902,-78.36207
2020-09-02T06:44:06.461815834,19.532463,-78.351524
2020-09-02T06:44:06.463723182,19.52521,-78.35186
2020-09-02T06:44:06.465630531,19.532505,-78.349625
2020-09-02T06:44:06.467537879,19.5275,-78.34586
2020-09-02T06:44:06.469826698,19.527718,-78.34799
2020-09-02T06:44:06.471734046,19.517954,-78.35321
2020-09-02T06:44:06.477456092,19.503153,-78.364914
2020-09-02T06:44:06.495386123,19.532541,-78.32465
2020-09-02T06:44:06.497674942,19.524485,-78.33353
2020-09-02T06:44:06.499582290,19.52858,-78.33578
2020-09-02T06:44:06.501489639,19.518108,-78.34951
2020-09-02T06:44:06.503396987,19.532558,-78.342445
2020-09-02T06:44:06.509500503,19.532515,-78.35165
2020-09-02T06:44:06.511407852,19.522987,-78.312195
2020-09-02T06:44:06.513315200,19.52275,-78.31335
2020-09-02T06:44:06.527429580,19.515202,-78.322556
2020-09-02T06:44:06.529336929,19.506775,-78.33208
2020-09-02T06:44:06.531244277,19.532612,-78.364006
2020-09-02T06:44:06.594950675,19.53258,-78.363914
2020-09-02T06:44:06.602962493,19.532532,-78.32027
2020-09-02T06:44:06.604869842,19.528698,-78.34092
2020-09-02T06:44:06.606777191,19.522703,-78.347374
2020-09-02T06:44:06.608684539,19.532564,-78.36395
2020-09-02T06:44:06.616695404,19.532389,-78.28655
2020-09-02T06:44:06.618602752,19.532438,-78.31612
2020-09-02T06:44:06.620891571,19.532457,-78.32872
2020-09-02T06:44:06.622798919,19.532536,-78.3639
2020-09-02T06:44:06.648738861,19.512438,-78.30212
2020-09-02T06:44:06.650646209,19.517607,-78.33398
2020-09-02T06:44:06.652553558,19.511423,-78.31694
2020-09-02T06:44:06.654460906,19.499804,-78.3141
2020-09-02T06:44:06.656368255,19.506052,-78.318214
2020-09-02T06:44:06.658657073,19.509186,-78.34001
2020-09-02T06:44:06.660564422,19.5093,-78.33146
2020-09-02T06:44:06.662471771,19.532576,-78.36395
2020-09-02T06:44:06.664379119,19.452639,-78.284546
2020-09-02T06:44:06.666287422,19.489666,-78.30544
2020-09-02T06:44:06.668576240,19.503248,-78.32912
2020-09-02T06:44:06.670483589,19.516344,-78.33
2020-09-02T06:44:06.672390937,19.463186,-78.28477
2020-09-02T06:44:06.674298286,19.49418,-78.31091
2020-09-02T06:44:06.676587104,19.532646,-78.363884
2020-09-02T06:44:06.688412666,19.45268,-78.2845
2020-09-02T06:44:06.690320014,19.466959,-78.290306
2020-09-02T06:44:06.692227363,19.481302,-78.30275
2020-09-02T06:44:06.694134712,19.508505,-78.340775
2020-09-02T06:44:06.696423530,19.532585,-78.36394
2020-09-02T06:44:06.712063789,19.452711,-78.284515
2020-09-02T06:44:06.728086471,19.452667,-78.28454
2020-09-02T06:44:06.736097335,19.452625,-78.27158
2020-09-02T06:44:06.738004684,19.452639,-78.28449
2020-09-02T06:44:06.744108200,19.452572,-78.265175
2020-09-02T06:44:06.746015548,19.472322,-78.28273
2020-09-02T06:44:06.747922897,19.483618,-78.29338
2020-09-02T06:44:06.749830245,19.509054,-78.34057
2020-09-02T06:44:06.851303100,19.532461,-78.32508
2020-09-02T06:44:06.873428344,19.493322,-78.32491
2020-09-02T06:44:06.032274246,18.20856,-83.37277
2020-09-02T06:44:06.089877128,18.20832,-83.3421
2020-09-02T06:44:06.093691825,18.208326,-83.34212
2020-09-02T06:44:07.223241806,19.453608,-78.7484
2020-09-02T06:44:07.262914657,19.453629,-78.7484
2020-09-02T06:44:07.274740219,19.470573,-78.728386
2020-09-02T06:44:07.276647567,19.476404,-78.72447
2020-09-02T06:44:07.278936386,19.453491,-78.72227
2020-09-02T06:44:07.280843734,19.453545,-78.74841
2020-09-02T06:44:07.286566734,19.45344,-78.715576
2020-09-02T06:44:07.288855552,19.453508,-78.74834
2020-09-02T06:44:07.372398376,19.453526,-78.718735
2020-09-02T06:44:07.376213073,19.453447,-78.69508
2020-09-02T06:44:07.378120422,19.474314,-78.70331
2020-09-02T06:44:07.380027770,19.470745,-78.69925
2020-09-02T06:44:07.382316589,19.472029,-78.70402
2020-09-02T06:44:07.435723304,19.471601,-78.709755
2020-09-02T06:44:07.457848548,19.45351,-78.710846
2020-09-02T06:44:07.459755897,19.473595,-78.703964
2020-09-02T06:44:07.541392326,19.453535,-78.716866
2020-09-02T06:44:07.545207023,19.453568,-78.74823
2020-09-02T06:44:07.576869010,19.453527,-78.71295
2020-09-02T06:44:07.602809906,19.453625,-78.71671
2020-09-02T06:44:07.620738983,19.45357,-78.74826
2020-09-02T06:44:07.662320137,19.47208,-78.708916
2020-09-02T06:44:07.686352729,19.476624,-78.71166
2020-09-02T06:44:11.016252517,19.453146,-78.8256
2020-09-02T06:44:11.063938140,19.485922,-78.801254
2020-09-02T06:44:11.081867218,19.478228,-78.748985
2020-09-02T06:44:11.109714508,19.452997,-78.74829
2020-09-02T06:44:11.151678085,19.453014,-78.74831
2020-09-02T06:44:11.153585433,19.453,-78.74831
2020-09-02T06:44:11.173421859,19.452969,-78.748344
2020-09-02T06:44:11.179525375,19.45317,-78.8257
2020-09-02T06:44:11.203176498,19.453,-78.74833
2020-09-02T06:44:11.205083847,19.452986,-78.74831
2020-09-02T06:44:11.235219955,19.490955,-78.79241
2020-09-02T06:44:11.239034652,19.491621,-78.79557
2020-09-02T06:44:11.270696640,19.49506,-78.80579
2020-09-02T06:44:11.278709411,19.453077,-78.8257
2020-09-02T06:44:11.948579788,18.341862,-83.142555
2020-09-02T06:44:11.966508865,18.338154,-83.139305
2020-09-02T06:44:11.984437942,18.309322,-83.146225
2020-09-02T06:44:12.111850738,18.330801,-83.14869
2020-09-02T06:44:12.113758087,18.356882,-83.14385
2020-09-02T06:44:12.115665435,18.364088,-83.14335
2020-09-02T06:44:12.117572784,18.349838,-83.15075
2020-09-02T06:44:12.119861602,18.354465,-83.15416
2020-09-02T06:44:12.121768951,18.353132,-83.14312
2020-09-02T06:44:12.123676300,18.346838,-83.158745
2020-09-02T06:44:12.125583648,18.346249,-83.1584
2020-09-02T06:44:12.127490997,18.346376,-83.15912
2020-09-02T06:44:12.129779815,18.336287,-83.15138
2020-09-02T06:44:12.131687164,18.356262,-83.154274
2020-09-02T06:44:12.133594512,18.386877,-83.148575
2020-09-02T06:44:12.135501861,18.403511,-83.140686
2020-09-02T06:44:12.167547225,18.324713,-83.14985
2020-09-02T06:44:12.191198348,18.347088,-83.15156
2020-09-02T06:44:12.195394515,18.356632,-83.140976
2020-09-02T06:44:12.197301864,18.329983,-83.149536
2020-09-02T06:44:12.199209213,18.363815,-83.11803
2020-09-02T06:44:12.201116561,18.36409,-83.154076
2020-09-02T06:44:12.203405380,18.360016,-83.15612
2020-09-02T06:44:12.205312728,18.374798,-83.14268
2020-09-02T06:44:12.207220077,18.381355,-83.14718
2020-09-02T06:44:12.209127426,18.373,-83.14712
2020-09-02T06:44:12.211034774,18.337444,-83.15098
2020-09-02T06:44:12.334251403,18.343302,-83.14751
2020-09-02T06:44:12.503244400,18.343418,-83.13564
2020-09-02T06:44:12.505533218,18.371908,-83.15361
2020-09-02T06:44:12.507440567,18.363924,-83.14841
2020-09-02T06:44:12.606624603,18.328096,-83.15133
2020-09-02T06:44:12.608913421,18.37106,-83.143364
2020-09-02T06:44:12.610820770,18.400951,-83.14302
2020-09-02T06:44:12.612728118,18.388323,-83.142586
2020-09-02T06:44:12.614635467,18.357174,-83.142044
2020-09-02T06:44:12.616924285,18.34352,-83.16179
2020-09-02T06:44:12.686353683,18.340769,-83.13152
2020-09-02T06:44:12.724119186,18.326296,-83.15307
2020-09-02T06:44:13.600749969,19.516695,-78.72776
2020-09-02T06:44:13.654539108,19.532587,-78.75115
2020-09-02T06:44:13.726255416,19.5325,-78.721825
2020-09-02T06:44:13.738080978,19.532454,-78.72227
2020-09-02T06:44:14.230947494,19.474583,-78.68787
2020-09-02T06:44:14.262992858,19.480633,-78.67203
2020-09-02T06:44:14.877168655,18.226074,-83.3621
2020-09-02T06:44:14.906923294,18.207499,-83.341805
2020-09-02T06:44:14.921037673,18.233158,-83.34326
2020-09-02T06:44:14.938966751,18.207481,-83.34171
2020-09-02T06:44:14.964525222,18.225332,-83.36487
2020-09-02T06:44:14.974443435,18.223064,-83.36543
2020-09-02T06:44:14.984361648,18.20775,-83.37144
2020-09-02T06:44:14.998477935,18.207747,-83.37174
2020-09-02T06:44:15.010303497,18.230646,-83.34309
2020-09-02T06:44:15.016407012,18.223482,-83.36527
2020-09-02T06:44:15.030139923,18.207674,-83.36907
2020-09-02T06:44:15.056079864,18.20758,-83.34171
2020-09-02T06:44:15.131612777,18.222454,-83.364746
2020-09-02T06:44:15.157552719,18.222427,-83.35983
2020-09-02T06:44:15.189214706,18.226408,-83.36112
2020-09-02T06:44:16.736099243,18.544668,-82.53259
2020-09-02T06:44:16.738006591,18.596745,-82.535416
2020-09-02T06:44:16.744110107,18.596573,-82.5089
2020-09-02T06:44:16.746017456,18.596588,-82.508896
2020-09-02T06:44:16.763946533,18.596628,-82.52255
2020-09-02T06:44:16.765853881,18.596655,-82.52712
2020-09-02T06:44:16.825363159,18.574026,-82.55079
2020-09-02T06:44:16.827651977,18.58052,-82.54415
2020-09-02T06:44:16.829559326,18.581553,-82.540855
2020-09-02T06:44:16.831466674,18.580416,-82.54249
2020-09-02T06:44:16.833374023,18.56544,-82.53797
2020-09-02T06:44:16.841384887,18.557976,-82.537415
2020-09-02T06:44:16.871141433,18.587328,-82.532715
2020-09-02T06:44:16.873048782,18.588861,-82.52995
2020-09-02T06:44:16.875337600,18.596611,-82.52263
2020-09-02T06:44:16.877244949,18.59661,-82.52121
2020-09-02T06:44:16.879152297,18.596632,-82.52375
2020-09-02T06:44:16.984439849,18.596539,-82.50897
2020-09-02T06:44:16.986347198,18.608038,-82.52096
2020-09-02T06:44:16.988636016,18.60077,-82.52967
2020-09-02T06:44:16.990543365,18.617773,-82.52127
2020-09-02T06:44:16.992450714,18.610731,-82.52382
2020-09-02T06:44:16.994358062,18.607006,-82.524796
2020-09-02T06:44:16.996646881,18.599342,-82.5279
2020-09-02T06:44:16.537349700,19.489992,-78.749214
2020-09-02T06:44:16.565196990,19.532505,-78.75048
2020-09-02T06:44:16.577022552,19.484772,-78.74914
2020-09-02T06:44:16.585033416,19.452736,-78.74822
2020-09-02T06:44:16.601057052,19.486359,-78.74913
2020-09-02T06:44:16.610975265,19.481365,-78.74898
2020-09-02T06:44:16.652555465,19.484592,-78.749084
2020-09-02T06:44:16.749832153,19.452854,-78.74812
2020-09-02T06:44:16.752120971,19.483463,-78.749
2020-09-02T06:44:16.817733764,19.482878,-78.74896
2020-09-02T06:44:16.867326736,19.481974,-78.749
2020-09-02T06:44:16.869234085,19.46782,-78.75102
2020-09-02T06:44:16.871141433,19.477182,-78.74887
2020-09-02T06:44:16.938661575,19.452728,-78.74813
2020-09-02T06:44:16.940950393,19.466257,-78.75495
2020-09-02T06:44:16.980625152,19.470022,-78.75445
2020-09-02T06:44:17.034412384,19.467758,-78.75146
2020-09-02T06:44:17.038227081,19.477022,-78.74885
2020-09-02T06:44:17.040134429,19.452808,-78.748146
2020-09-02T06:44:17.080188751,19.467226,-78.75096
2020-09-02T06:44:17.127874374,19.484425,-78.749115
2020-09-02T06:44:17.205312728,19.452808,-78.74818
2020-09-02T06:44:17.246894836,19.486948,-78.74924
2020-09-02T06:44:19.630732537,19.45361,-78.82619
2020-09-02T06:44:19.632639885,19.453606,-78.82618
2020-09-02T06:44:19.650568963,19.453594,-78.82621
2020-09-02T06:44:19.686427594,19.453598,-78.82611
2020-09-02T06:44:19.817655564,19.474878,-78.82678
2020-09-02T06:44:19.819562912,19.453598,-78.826164
2020-09-02T06:44:19.835584641,19.453735,-78.82622
2020-09-02T06:44:19.865339757,19.453646,-78.826225
2020-09-02T06:44:20.308614730,19.532476,-78.38251
2020-09-02T06:44:20.310522079,19.527233,-78.391106
2020-09-02T06:44:20.316625595,19.532562,-78.38233
2020-09-02T06:44:20.324636459,19.532549,-78.36412
2020-09-02T06:44:20.326543807,19.532532,-78.364136
2020-09-02T06:44:20.352484226,19.53256,-78.38312
2020-09-02T06:44:20.380331993,19.532526,-78.364075
2020-09-02T06:44:20.382239341,19.532537,-78.3641
2020-09-02T06:44:20.395972251,19.532572,-78.38076
2020-09-02T06:44:20.402076244,19.532503,-78.36415
2020-09-02T06:44:20.403983592,19.532549,-78.38019
2020-09-02T06:44:20.405890941,19.532534,-78.36419
2020-09-02T06:44:20.413901805,19.53258,-78.36422
2020-09-02T06:44:20.415809154,19.528067,-78.378586
2020-09-02T06:44:20.418097972,19.532608,-78.37244
2020-09-02T06:44:20.420005321,19.532614,-78.371635
2020-09-02T06:44:20.426108837,19.532593,-78.364174
2020-09-02T06:44:20.429923534,19.532589,-78.36415
2020-09-02T06:44:20.431831359,19.532581,-78.36415
2020-09-02T06:44:20.433738708,19.530985,-78.37245
2020-09-02T06:44:20.436027526,19.532558,-78.36416
2020-09-02T06:44:20.445945739,19.532528,-78.36418
2020-09-02T06:44:20.447853088,19.532526,-78.36419
2020-09-02T06:44:20.449760437,19.532537,-78.3707
2020-09-02T06:44:20.451667785,19.532515,-78.3642
2020-09-02T06:44:20.467689990,19.532509,-78.36417
2020-09-02T06:44:20.469597339,19.532541,-78.37134
2020-09-02T06:44:20.471504688,19.532534,-78.364136
2020-09-02T06:44:20.481422901,19.53251,-78.36413
2020-09-02T06:44:20.489433765,19.532598,-78.364136
2020-09-02T06:44:20.509270668,19.53261,-78.36411
2020-09-02T06:44:20.511559486,19.532616,-78.364105
2020-09-02T06:44:20.513466835,19.532597,-78.36412
2020-09-02T06:44:20.612650394,19.532581,-78.36409
2020-09-02T06:44:20.614939212,19.53258,-78.364075
2020-09-02T06:44:20.636683464,19.530636,-78.37378
2020-09-02T06:44:20.638590812,19.52854,-78.37326
2020-09-02T06:44:20.644694328,19.53262,-78.3641
2020-09-02T06:44:20.686275482,19.532612,-78.36412
2020-09-02T06:44:20.823606491,19.52926,-78.38152
2020-09-02T06:44:20.825513839,19.532673,-78.37078
2020-09-02T06:44:20.827421188,19.53265,-78.36416
2020-09-02T06:44:20.457771301,18.441734,-82.88951
2020-09-02T06:44:20.459678649,18.44172,-82.88952
2020-09-02T06:44:20.753796577,18.439589,-82.89831
2020-09-02T06:44:20.756085395,18.426899,-82.89875
2020-09-02T06:44:20.757992744,18.441917,-82.889435
2020-09-02T06:44:20.767910957,18.441986,-82.90192
2020-09-02T06:44:20.799573421,18.435486,-82.89652
2020-09-02T06:44:20.801481246,18.41085,-82.88768
2020-09-02T06:44:20.827421188,18.441917,-82.88946
2020-09-02T06:44:20.847258090,18.441853,-82.889435
2020-09-02T06:44:20.861372470,18.4419,-82.8894
2020-09-02T06:44:20.881209373,18.441916,-82.88936
2020-09-02T06:44:20.899138927,18.441864,-82.88932
2020-09-02T06:44:20.918975353,18.431837,-82.896996
2020-09-02T06:44:20.990693092,18.426561,-82.888504
2020-09-02T06:44:21.002518653,18.441828,-82.88934
2020-09-02T06:44:21.010529518,18.441889,-82.88923
2020-09-02T06:44:21.012436866,18.441885,-82.88923
2020-09-02T06:44:21.044099330,18.441872,-82.889275
2020-09-02T06:44:22.378119468,19.489737,-78.70676
2020-09-02T06:44:22.425804138,19.533205,-78.713554
2020-09-02T06:44:22.433815002,19.533237,-78.718796
2020-09-02T06:44:22.435722351,19.533316,-78.75067
2020-09-02T06:44:22.438011169,19.533264,-78.72766
2020-09-02T06:44:22.463570117,19.53327,-78.75077
2020-09-02T06:44:22.469673633,19.533272,-78.75076
2020-09-02T06:44:22.509347438,19.521801,-78.80968
2020-09-02T06:44:22.517358303,19.533491,-78.82813
2020-09-02T06:44:22.521173000,19.51647,-78.82759
2020-09-02T06:44:22.527276515,19.533491,-78.82811
2020-09-02T06:44:22.529183864,19.520329,-78.77381
2020-09-02T06:44:22.531472682,19.493244,-78.71472
2020-09-02T06:44:22.535287857,19.521511,-78.82776
2020-09-02T06:44:22.541391372,19.506176,-78.73064
2020-09-02T06:44:22.543298721,19.498642,-78.70778
2020-09-02T06:44:22.545206069,19.524662,-78.80914
2020-09-02T06:44:22.547113418,19.533468,-78.828224
2020-09-02T06:44:22.549020767,19.52076,-78.82789
2020-09-02T06:44:22.553216934,19.533478,-78.82828
2020-09-02T06:44:22.557031631,19.513231,-78.82765
2020-09-02T06:44:22.573053836,19.489643,-78.82684
2020-09-02T06:44:22.574961185,19.500868,-78.82718
2020-09-02T06:44:22.586786746,19.453634,-78.82575
2020-09-02T06:44:22.589075565,19.487736,-78.831856
2020-09-02T06:44:22.590982913,19.50329,-78.8272
2020-09-02T06:44:22.604716300,19.47546,-78.83447
2020-09-02T06:44:22.607005119,19.483725,-78.832214
2020-09-02T06:44:22.608912467,19.453735,-78.82574
2020-09-02T06:44:22.662700653,19.487545,-78.70496
2020-09-02T06:44:22.664608001,19.480057,-78.706024
2020-09-02T06:44:22.666515350,19.453331,-78.7096
2020-09-02T06:44:22.690166950,19.47905,-78.83242
2020-09-02T06:44:22.692455768,19.509336,-78.827354
2020-09-02T06:44:22.714199542,19.495422,-78.707115
2020-09-02T06:44:22.742047309,19.499866,-78.7066
2020-09-02T06:44:22.743954658,19.49332,-78.70826
2020-09-02T06:44:22.751965999,19.484173,-78.828705
2020-09-02T06:44:22.777905941,19.488523,-78.827644
2020-09-02T06:44:22.811475753,19.497593,-78.70696
2020-09-02T06:44:22.815672397,19.51679,-78.827545
2020-09-02T06:44:22.817579746,19.485779,-78.827774
2020-09-02T06:44:22.821394443,19.494648,-78.826866
2020-09-02T06:44:22.823683261,19.477816,-78.83433
2020-09-02T06:44:22.825590610,19.490263,-78.82783
2020-09-02T06:44:22.829405307,19.453564,-78.82569
2020-09-02T06:44:22.831312656,19.467833,-78.84451
2020-09-02T06:44:22.833601474,19.482443,-78.83681
2020-09-02T06:44:22.835508823,19.453562,-78.825676
2020-09-02T06:44:22.837416172,19.453638,-78.856255
2020-09-02T06:44:22.841612339,19.498396,-78.70672
2020-09-02T06:44:22.857253074,19.495996,-78.70706
2020-09-02T06:44:22.920959472,19.496363,-78.831894
2020-09-02T06:44:22.922866821,19.47332,-78.83839
2020-09-02T06:44:22.924774169,19.48426,-78.82666
2020-09-02T06:44:22.927062988,19.453617,-78.85225
2020-09-02T06:44:22.928970336,19.479345,-78.830574
2020-09-02T06:44:22.930877685,19.478525,-78.84574
2020-09-02T06:44:22.932785034,19.490675,-78.82754
2020-09-02T06:44:22.934692382,19.493143,-78.82693
2020-09-02T06:44:22.936981678,19.471909,-78.83153
2020-09-02T06:44:22.938889026,19.478209,-78.84659
2020-09-02T06:44:22.940796375,19.49457,-78.82694
2020-09-02T06:44:22.944992542,19.453737,-78.90315
2020-09-02T06:44:22.946899890,19.47576,-78.8679
2020-09-02T06:44:22.948807239,19.475681,-78.86106
2020-09-02T06:44:22.950714588,19.453682,-78.87808
2020-09-02T06:44:22.952621936,19.4668,-78.87927
2020-09-02T06:44:22.954910755,19.471964,-78.86309
2020-09-02T06:44:22.956818103,19.479053,-78.72636
2020-09-02T06:44:22.958725452,19.453596,-78.87366
2020-09-02T06:44:22.974747657,19.48194,-78.70328
2020-09-02T06:44:22.976655006,19.479227,-78.69807
2020-09-02T06:44:22.978562355,19.477774,-78.69371
2020-09-02T06:44:22.980469703,19.453207,-78.6711
2020-09-02T06:44:22.982758522,19.48181,-78.69467
2020-09-02T06:44:22.984665870,19.479527,-78.69532
2020-09-02T06:44:22.986573219,19.479025,-78.6937
2020-09-02T06:44:22.988480567,19.478022,-78.69804
2020-09-02T06:44:22.990387916,19.47986,-78.67176
2020-09-02T06:44:22.992676734,19.453543,-78.82576
2020-09-02T06:44:23.010605812,19.45317,-78.67097
2020-09-02T06:44:23.012513160,19.477142,-78.68762
2020-09-02T06:44:23.014421463,19.471983,-78.68797
2020-09-02T06:44:23.016328811,19.475828,-78.690865
2020-09-02T06:44:23.018236160,19.474922,-78.69133
2020-09-02T06:44:23.020524978,19.472027,-78.68872
2020-09-02T06:44:23.022432327,19.46239,-78.69288
2020-09-02T06:44:23.024339675,19.454086,-78.690765
2020-09-02T06:44:23.026247024,19.456236,-78.686295
2020-09-02T06:44:23.062105178,19.453243,-78.71453
2020-09-02T06:44:23.123904228,19.514217,-78.827446
2020-09-02T06:44:23.133822441,19.453442,-78.825615
2020-09-02T06:44:23.149463653,19.453548,-78.82578
2020-09-02T06:44:23.183414459,19.491882,-78.70254
2020-09-02T06:44:23.185321807,19.461294,-78.68937
2020-09-02T06:44:23.191425323,19.453133,-78.671
2020-09-02T06:44:23.195240020,19.373394,-78.66877
2020-09-02T06:44:23.521402359,19.503988,-78.41047
2020-09-02T06:44:23.523309707,19.48859,-78.40471
2020-09-02T06:44:23.648433685,19.507227,-78.40598
2020-09-02T06:44:24.742123603,18.362444,-82.96194
2020-09-02T06:44:24.744030952,18.34714,-82.975296
2020-09-02T06:44:24.801633834,18.362467,-82.961914
2020-09-02T06:44:24.803541183,18.362457,-82.96192
2020-09-02T06:44:24.805448532,18.362448,-82.96192
2020-09-02T06:44:24.853514671,18.362469,-82.96196
2020-09-02T06:44:24.921035766,18.362436,-82.96195
2020-09-02T06:44:26.390098571,19.497593,-78.74965
2020-09-02T06:44:26.416038513,19.498652,-78.74974
2020-09-02T06:44:26.445794105,19.488356,-78.74943
2020-09-02T06:44:26.469826698,19.452484,-78.74848
2020-09-02T06:44:26.569010734,19.532225,-78.75071
2020-09-02T06:44:26.573206901,19.488613,-78.74947
2020-09-02T06:44:26.594950675,19.479855,-78.73605
2020-09-02T06:44:26.616695404,19.499271,-78.749825
2020-09-02T06:44:26.618602752,19.4906,-78.74956
2020-09-02T06:44:26.628902435,19.48159,-78.73896
2020-09-02T06:44:26.632717132,19.493351,-78.74966
2020-09-02T06:44:26.662471771,19.45239,-78.748405
2020-09-02T06:44:26.664379119,19.479872,-78.73697
2020-09-02T06:44:26.670483589,19.452477,-78.74842
2020-09-02T06:44:26.732282638,19.494295,-78.749626
2020-09-02T06:44:27.475778579,19.452593,-78.7973
2020-09-02T06:44:27.487604141,19.452581,-78.79629
2020-09-02T06:44:27.493707656,19.452599,-78.79371
2020-09-02T06:44:27.569239616,19.4526,-78.79792
2020-09-02T06:44:27.590983390,19.452692,-78.82611
2020-09-02T06:44:28.107883453,18.207293,-83.341995
2020-09-02T06:44:28.169301033,18.207365,-83.342026
2020-09-02T06:44:28.171589851,18.207363,-83.34202
2020-09-02T06:44:28.205159187,18.207365,-83.341995
2020-09-02T06:44:28.227285385,18.20729,-83.34205
2020-09-02T06:44:30.109867095,19.514154,-78.38055
2020-09-02T06:44:30.141530036,19.531757,-78.3639
2020-09-02T06:44:30.392159461,19.484282,-78.68995
2020-09-02T06:44:30.398262977,19.452728,-78.67112
2020-09-02T06:44:30.428017616,19.476711,-78.69562
2020-09-02T06:44:30.429924964,19.452778,-78.70456
2020-09-02T06:44:30.431832313,19.48546,-78.6978
2020-09-02T06:44:30.461587905,19.47642,-78.699715
2020-09-02T06:44:30.463876724,19.452755,-78.67115
2020-09-02T06:44:30.465784072,19.48023,-78.701706
2020-09-02T06:44:30.509272575,19.475952,-78.6975
2020-09-02T06:44:30.620662689,18.361977,-82.88464
2020-09-02T06:44:30.688184738,18.334726,-82.87143
2020-09-02T06:44:30.690473556,18.377941,-82.877686
2020-09-02T06:44:30.749983787,18.301651,-82.82359
2020-09-02T06:44:30.751891136,18.371298,-82.904434
2020-09-02T06:44:32.676435470,19.452864,-78.74843
2020-09-02T06:44:32.734037399,19.452845,-78.74841
2020-09-02T06:44:32.787826538,19.45283,-78.74841
2020-09-02T06:44:32.789733886,19.452837,-78.74842
2020-09-02T06:44:32.871368408,19.452686,-78.74834
2020-09-02T06:44:32.873275756,19.452702,-78.74833
2020-09-02T06:44:32.875183105,19.452715,-78.74833
2020-09-02T06:44:32.896928787,19.452755,-78.74835
2020-09-02T06:44:32.899217605,19.472254,-78.7411
2020-09-02T06:44:32.903032302,19.475012,-78.748985
2020-09-02T06:44:32.942705154,19.464947,-78.74331
2020-09-02T06:44:32.962541580,19.468767,-78.748886
2020-09-02T06:44:32.980470657,19.469475,-78.74894
2020-09-02T06:44:32.994585037,19.452778,-78.748436
2020-09-02T06:44:33.000307083,19.45276,-78.748375
2020-09-02T06:44:33.024341583,19.452744,-78.74841
2020-09-02T06:44:33.026248931,19.463083,-78.74121
2020-09-02T06:44:33.073932647,19.452723,-78.74845
2020-09-02T06:44:33.076221466,19.456995,-78.741104
2020-09-02T06:44:33.086139678,19.46311,-78.73924
2020-09-02T06:44:33.096057891,19.452755,-78.748474
2020-09-02T06:44:33.097965240,19.454311,-78.74121
2020-09-02T06:44:33.101779937,19.45276,-78.74846
2020-09-02T06:44:33.107883453,19.452742,-78.74847
2020-09-02T06:44:33.113986968,19.452732,-78.7485
2020-09-02T06:44:33.117801666,19.461388,-78.74164
2020-09-02T06:44:33.119709014,19.452732,-78.74856
2020-09-02T06:44:33.121616363,19.452734,-78.74855
2020-09-02T06:44:33.123905181,19.452738,-78.74853
2020-09-02T06:44:33.125812530,19.452742,-78.7485
2020-09-02T06:44:33.127719879,19.452745,-78.748474
2020-09-02T06:44:33.129627227,19.45275,-78.74844
2020-09-02T06:44:33.131536483,19.452744,-78.748436
2020-09-02T06:44:33.133825302,19.452732,-78.74843
2020-09-02T06:44:33.161672592,19.45271,-78.74848
2020-09-02T06:44:33.167394638,19.452713,-78.74844
2020-09-02T06:44:33.169301986,19.452715,-78.74843
2020-09-02T06:44:33.171590805,19.452723,-78.74843
2020-09-02T06:44:33.173498153,19.449448,-78.7517
2020-09-02T06:44:33.175405502,19.456913,-78.748024
2020-09-02T06:44:33.179601669,19.45279,-78.748474
2020-09-02T06:44:33.262763977,19.45501,-78.748344
2020-09-02T06:44:33.265052795,19.444656,-78.747574
2020-09-02T06:44:33.266960144,19.459377,-78.74037
2020-09-02T06:44:33.268867492,19.444153,-78.74811
2020-09-02T06:44:33.270774841,19.437338,-78.752235
2020-09-02T06:44:33.338294982,19.452782,-78.748436
2020-09-02T06:44:33.352409362,19.452805,-78.74839
2020-09-02T06:44:33.370338439,19.452698,-78.748344
2020-09-02T06:44:33.469522476,19.452732,-78.74846
2020-09-02T06:44:33.517589569,19.45274,-78.74853
2020-09-02T06:44:33.572902679,19.452744,-78.74843
2020-09-02T06:44:34.179449081,19.521406,-78.72044
2020-09-02T06:44:34.203100204,19.532461,-78.71645
2020-09-02T06:44:34.237051010,19.532396,-78.71553
2020-09-02T06:44:34.264900207,19.532467,-78.75102
2020-09-02T06:44:34.314491271,19.532375,-78.716095
2020-09-02T06:44:34.328605651,19.521753,-78.7159
2020-09-02T06:44:34.334327697,19.516722,-78.7124
2020-09-02T06:44:34.380105972,19.5323,-78.70765
2020-09-02T06:44:34.392313003,19.532394,-78.70886
2020-09-02T06:44:34.409860610,19.532461,-78.70792
2020-09-02T06:44:34.427789688,19.532333,-78.70469
2020-09-02T06:44:34.455636978,19.53237,-78.70642
2020-09-02T06:44:34.457925796,19.532366,-78.707405
2020-09-02T06:44:35.221258163,19.502705,-78.80887
2020-09-02T06:44:35.268943786,19.505903,-78.80662
2020-09-02T06:44:35.423822402,19.452879,-78.826454
2020-09-02T06:44:35.426111221,19.480621,-78.806496
2020-09-02T06:44:35.234991073,18.207447,-83.34229
2020-09-02T06:44:35.314720153,18.20732,-83.342316
2020-09-02T06:44:35.316627502,18.207314,-83.342316
2020-09-02T06:44:35.318534851,18.207306,-83.34231
2020-09-02T06:44:35.402078628,18.207321,-83.34226
2020-09-02T06:44:35.403985977,18.20733,-83.34228
2020-09-02T06:44:35.405893325,18.207338,-83.3423
2020-09-02T06:44:35.461587905,18.207367,-83.342316
2020-09-02T06:44:35.513469696,18.207373,-83.34241
2020-09-02T06:44:35.515377044,18.207384,-83.3424
2020-09-02T06:44:35.527202606,18.20737,-83.34234
2020-09-02T06:44:35.529491424,18.207355,-83.34232
2020-09-02T06:44:35.569164276,18.201754,-83.34201
2020-09-02T06:44:35.592815399,18.207424,-83.34235
2020-09-02T06:44:35.632871627,18.207436,-83.34241
2020-09-02T06:44:35.690473556,18.207382,-83.34242
2020-09-02T06:44:35.692380905,18.207384,-83.34243
2020-09-02T06:44:35.708402633,18.207413,-83.34248
2020-09-02T06:44:34.845504760,19.488873,-78.440506
2020-09-02T06:44:34.929048538,19.481342,-78.42908
2020-09-02T06:44:34.934770584,19.45193,-78.4395
2020-09-02T06:44:34.946977615,19.48828,-78.406685
2020-09-02T06:44:34.948884963,19.469965,-78.4067
2020-09-02T06:44:34.956895828,19.48208,-78.38696
2020-09-02T06:44:35.060276031,19.480953,-78.400444
2020-09-02T06:44:35.062183380,19.464882,-78.38488
2020-09-02T06:44:35.064090728,19.494692,-78.41606
2020-09-02T06:44:35.155645370,19.481268,-78.394295
2020-09-02T06:44:35.177389144,19.48635,-78.38808
2020-09-02T06:44:35.211339950,19.53164,-78.36436
2020-09-02T06:44:35.236900329,19.486423,-78.38652
2020-09-02T06:44:35.259025573,19.488499,-78.38569
2020-09-02T06:44:35.278861999,19.489683,-78.38468
2020-09-02T06:44:35.304801940,19.48769,-78.38615
2020-09-02T06:44:35.330360412,19.531563,-78.364365
2020-09-02T06:44:35.403985977,19.53158,-78.36429
2020-09-02T06:44:35.408182144,19.531597,-78.36433
2020-09-02T06:44:35.413904190,19.48612,-78.383644
2020-09-02T06:44:35.441751480,19.486095,-78.382996
2020-09-02T06:44:35.444040298,19.48231,-78.372475
2020-09-02T06:44:35.445947647,19.48338,-78.38187
2020-09-02T06:44:35.447854995,19.48267,-78.371
2020-09-02T06:44:35.449762344,19.484606,-78.362274
2020-09-02T06:44:35.451669692,19.486029,-78.36553
2020-09-02T06:44:35.453958511,19.474384,-78.36325
2020-09-02T06:44:35.463876724,19.506187,-78.3338
2020-09-02T06:44:35.465784072,19.48845,-78.35561
2020-09-02T06:44:35.467691421,19.509422,-78.34288
2020-09-02T06:44:35.469598770,19.531471,-78.287025
2020-09-02T06:44:35.471506118,19.505161,-78.3269
2020-09-02T06:44:35.473794937,19.50732,-78.34295
2020-09-02T06:44:35.489437103,19.531492,-78.287025
2020-09-02T06:44:35.491725921,19.521227,-78.31601
2020-09-02T06:44:35.493633270,19.531635,-78.364395
2020-09-02T06:44:35.642789840,19.487036,-78.35515
2020-09-02T06:44:35.644697189,19.531584,-78.30959
2020-09-02T06:44:35.672544479,19.498026,-78.36352
2020-09-02T06:44:35.674451828,19.502783,-78.32505
2020-09-02T06:44:35.678266525,19.496279,-78.343506
2020-09-02T06:44:35.682462692,19.518621,-78.32275
2020-09-02T06:44:35.684370040,19.531542,-78.32048
2020-09-02T06:44:35.688566207,19.521044,-78.30387
2020-09-02T06:44:35.690473556,19.506666,-78.320114
2020-09-02T06:44:35.692380905,19.495043,-78.347916
2020-09-02T06:44:35.696195602,19.510006,-78.31178
2020-09-02T06:44:35.698484420,19.502165,-78.33832
2020-09-02T06:44:35.700391769,19.48712,-78.341675
2020-09-02T06:44:35.708402633,19.490147,-78.28567
2020-09-02T06:44:35.710309982,19.496574,-78.32829
2020-09-02T06:44:35.712217330,19.511883,-78.33682
2020-09-02T06:44:35.722135543,19.479242,-78.285706
2020-09-02T06:44:35.728239059,19.473536,-78.28562
2020-09-02T06:44:35.730146408,19.488895,-78.30115
2020-09-02T06:44:35.732055664,19.502064,-78.32289
2020-09-02T06:44:35.759902954,19.465038,-78.27747
2020-09-02T06:44:35.761810302,19.531487,-78.28707
2020-09-02T06:44:35.847259521,19.484457,-78.340645
2020-09-02T06:44:35.849548339,19.476204,-78.36207
2020-09-02T06:44:37.996494293,19.147331,-82.84258
2020-09-02T06:44:38.008319854,18.441214,-82.88955
2020-09-02T06:44:38.046085357,18.441242,-82.88957
2020-09-02T06:44:38.080036163,18.441147,-82.88951
2020-09-02T06:44:38.151754379,18.441269,-82.889565
2020-09-02T06:44:38.179220199,18.44121,-82.8896
2020-09-02T06:44:38.193334579,18.441212,-82.8895
2020-09-02T06:44:38.268867492,18.441216,-82.88952
2020-09-02T06:44:38.280693054,18.44117,-82.889534
2020-09-02T06:44:38.286796569,18.441149,-82.88954
2020-09-02T06:44:38.318458557,18.441172,-82.88949
2020-09-02T06:44:38.332574844,18.4412,-82.889565
2020-09-02T06:44:38.362329483,18.447725,-82.90989
2020-09-02T06:44:38.376062393,18.44057,-82.90449
2020-09-02T06:44:38.390176773,18.441376,-82.904564
2020-09-02T06:44:38.393991470,18.441248,-82.889534
2020-09-02T06:44:38.459606170,18.441273,-82.889404
2020-09-02T06:44:38.461894989,18.437544,-82.90357
2020-09-02T06:44:38.467617034,18.441446,-82.90946
2020-09-02T06:44:38.487453460,18.432251,-82.90319
2020-09-02T06:44:38.644620895,18.441446,-82.90118
2020-09-02T06:44:38.670560836,19.532848,-78.7512
2020-09-02T06:44:38.720153808,19.532959,-78.751076
2020-09-02T06:44:38.913179397,19.483976,-78.74959
2020-09-02T06:44:38.915086746,19.453163,-78.748695
2020-09-02T06:44:38.916994094,19.453138,-78.748695
2020-09-02T06:44:38.923097610,19.45307,-78.7487
2020-09-02T06:44:38.925004959,19.453054,-78.74871
2020-09-02T06:44:38.926912307,19.478134,-78.75954
2020-09-02T06:44:38.980701446,19.470505,-78.75403
2020-09-02T06:44:39.000537872,19.482523,-78.74952
2020-09-02T06:44:39.002445220,19.47658,-78.74937
2020-09-02T06:44:39.004352569,19.453104,-78.7487
2020-09-02T06:44:39.006641387,19.474792,-78.74935
2020-09-02T06:44:39.042118072,19.477724,-78.74944
2020-09-02T06:44:39.093999862,19.469152,-78.75744
2020-09-02T06:44:39.139776229,19.473967,-78.7568
2020-09-02T06:44:39.179449081,19.482145,-78.74945
2020-09-02T06:44:39.251167297,19.453194,-78.74865
2020-09-02T06:44:40.608835697,19.480373,-78.6939
2020-09-02T06:44:40.610743045,19.47825,-78.69388
2020-09-02T06:44:40.612650394,19.453041,-78.670845
2020-09-02T06:44:40.702297210,19.453127,-78.67084
2020-09-02T06:44:40.704204559,19.467659,-78.68825
2020-09-02T06:44:40.743878364,19.453156,-78.67081
2020-09-02T06:44:40.805677413,19.47485,-78.6912
2020-09-02T06:44:40.807584762,19.475056,-78.69498
2020-09-02T06:44:40.809492111,19.453173,-78.69762
2020-09-02T06:44:40.861372470,19.453358,-78.70115
2020-09-02T06:44:40.881209373,19.453289,-78.69694
2020-09-02T06:44:40.883116722,19.467924,-78.687996
2020-09-02T06:44:40.887312889,19.45326,-78.67078
2020-09-02T06:44:40.893034934,19.453241,-78.67078
2020-09-02T06:44:40.895324230,19.453272,-78.696335
2020-09-02T06:44:40.917068004,19.469786,-78.68881
2020-09-02T06:44:40.944915771,19.45316,-78.67077
2020-09-02T06:44:40.946823120,19.45324,-78.70135
2020-09-02T06:44:40.994507789,19.474993,-78.68781
2020-09-02T06:44:40.996415138,19.46959,-78.69233
2020-09-02T06:44:40.998703956,19.45315,-78.670746
2020-09-02T06:44:41.000611305,19.473549,-78.69041
2020-09-02T06:44:41.002518653,19.461329,-78.6939
2020-09-02T06:44:41.008622169,19.45326,-78.69259
2020-09-02T06:44:41.046388149,19.470076,-78.68286
2020-09-02T06:44:41.048295497,19.470173,-78.69218
2020-09-02T06:44:41.062028884,19.470896,-78.69076
2020-09-02T06:44:41.066225051,19.46719,-78.6858
2020-09-02T06:44:41.068132400,19.453146,-78.67081
2020-09-02T06:44:41.079958438,19.453188,-78.67082
2020-09-02T06:44:41.125735282,19.468737,-78.68238
2020-09-02T06:44:41.127642631,19.467041,-78.68713
2020-09-02T06:44:41.137560844,19.453194,-78.67079
2020-09-02T06:44:41.143664836,19.465723,-78.67856
2020-09-02T06:44:41.181430816,19.470024,-78.681114
2020-09-02T06:44:41.187534332,19.453117,-78.67075
2020-09-02T06:44:41.193256378,19.45313,-78.67072
2020-09-02T06:44:41.205463886,19.467224,-78.68542
2020-09-02T06:44:41.219196796,19.453209,-78.670845
2020-09-02T06:44:41.298543930,19.46635,-78.685295
2020-09-02T06:44:40.626765251,18.768597,-82.348465
2020-09-02T06:44:40.628672599,18.76864,-82.35081
2020-09-02T06:44:40.632487297,18.754436,-82.34303
2020-09-02T06:44:40.634776115,18.754433,-82.34373
2020-09-02T06:44:40.636683464,18.754549,-82.36218
2020-09-02T06:44:40.638590812,18.754404,-82.34254
2020-09-02T06:44:40.640498161,18.776426,-82.34082
2020-09-02T06:44:40.646601676,18.754549,-82.36215
2020-09-02T06:44:40.648509502,18.754557,-82.36217
2020-09-02T06:44:40.650416851,18.754564,-82.362175
2020-09-02T06:44:40.716030597,18.760996,-82.35286
2020-09-02T06:44:40.725948810,18.757061,-82.35502
2020-09-02T06:44:40.728237628,18.756853,-82.35585
2020-09-02T06:44:40.730144977,18.746437,-82.35695
2020-09-02T06:44:40.732052326,18.752926,-82.36125
2020-09-02T06:44:40.733959674,18.74047,-82.36096
2020-09-02T06:44:40.735867023,18.751146,-82.35825
2020-09-02T06:44:40.738155841,18.754572,-82.36209
2020-09-02T06:44:40.740063667,18.731646,-82.360855
2020-09-02T06:44:40.741971015,18.732391,-82.3609
2020-09-02T06:44:40.775922298,18.67526,-82.35779
2020-09-02T06:44:40.777829647,18.717657,-82.360085
2020-09-02T06:44:40.779736995,18.720024,-82.354744
2020-09-02T06:44:40.781644344,18.716562,-82.3487
2020-09-02T06:44:40.827421188,18.754559,-82.362045
2020-09-02T06:44:40.833525180,18.708874,-82.35899
2020-09-02T06:44:40.835432529,18.754543,-82.36206
2020-09-02T06:44:40.857176303,18.696962,-82.39162
2020-09-02T06:44:40.859465122,18.742702,-82.36341
2020-09-02T06:44:40.861372470,18.744633,-82.31681
2020-09-02T06:44:40.891127586,18.716848,-82.3926
2020-09-02T06:44:40.893034934,18.716541,-82.39119
2020-09-02T06:44:40.909057140,18.75436,-82.33194
2020-09-02T06:44:40.954833984,18.675055,-82.32012
2020-09-02T06:44:40.958649158,18.75465,-82.36206
2020-09-02T06:44:40.960556507,18.68464,-82.341415
2020-09-02T06:44:40.962845325,18.713076,-82.39388
2020-09-02T06:44:41.008240699,18.739794,-82.358086
2020-09-02T06:44:41.012436866,18.67884,-82.367775
2020-09-02T06:44:41.014344215,18.675495,-82.384315
2020-09-02T06:44:41.097887516,18.658407,-82.337456
2020-09-02T06:44:41.099794864,18.679356,-82.37747
2020-09-02T06:44:41.177234649,18.67474,-82.28008
2020-09-02T06:44:41.209278583,18.698326,-82.39545
2020-09-02T06:44:41.209278583,18.594564,-82.12061
2020-09-02T06:44:41.211185932,18.650524,-82.35307
2020-09-02T06:44:41.324483871,18.690365,-82.39905
2020-09-02T06:44:41.326391220,18.654505,-82.3542
2020-09-02T06:44:41.354238986,18.675856,-82.4355
2020-09-02T06:44:41.469826221,18.673681,-82.41087
2020-09-02T06:44:41.469826221,18.593927,-82.043045
2020-09-02T06:44:41.471733570,18.65733,-82.39194
2020-09-02T06:44:41.507592201,18.6758,-82.435486
2020-09-02T06:44:41.509499549,18.675795,-82.43547
2020-09-02T06:44:41.565195083,18.676163,-82.42715
2020-09-02T06:44:41.567102432,18.679028,-82.40451
2020-09-02T06:44:41.569009780,18.664742,-82.40242
2020-09-02T06:44:41.569009780,18.594421,-82.120605
2020-09-02T06:44:41.570917129,18.675554,-82.40572
2020-09-02T06:44:41.648738384,18.67589,-82.43545
2020-09-02T06:44:41.650645732,18.675896,-82.435455
2020-09-02T06:44:41.739911079,18.616802,-82.41971
2020-09-02T06:44:41.742199897,18.598694,-82.42694
2020-09-02T06:44:41.744107246,18.610432,-82.42955
2020-09-02T06:44:41.746014595,18.626257,-82.429504
2020-09-02T06:44:41.747921943,18.643717,-82.426216
2020-09-02T06:44:41.749829292,18.648262,-82.42765
2020-09-02T06:44:41.752118110,18.64839,-82.4258
2020-09-02T06:44:41.754025459,18.64492,-82.42452
2020-09-02T06:44:41.755932807,18.644333,-82.42329
2020-09-02T06:44:41.757840156,18.646935,-82.42243
2020-09-02T06:44:41.759747505,18.65231,-82.43424
2020-09-02T06:44:41.762036800,18.643867,-82.415794
2020-09-02T06:44:41.763944149,18.659466,-82.42333
2020-09-02T06:44:41.765851497,18.657309,-82.43445
2020-09-02T06:44:41.767758846,18.654747,-82.4146
2020-09-02T06:44:41.770047664,18.675943,-82.43541
2020-09-02T06:44:41.771955013,18.675938,-82.435394
2020-09-02T06:44:41.773862361,18.675938,-82.43538
2020-09-02T06:44:41.777677059,18.675936,-82.435356
2020-09-02T06:44:41.779965877,18.675934,-82.43535
2020-09-02T06:44:41.781873226,18.675934,-82.43536
2020-09-02T06:44:41.797513961,18.675713,-82.402275
2020-09-02T06:44:41.813535690,18.675411,-82.357666
2020-09-02T06:44:42.028306484,18.643894,-82.47476
2020-09-02T06:44:42.169452667,18.60441,-82.44258
2020-09-02T06:44:42.171360015,18.633497,-82.4283
2020-09-02T06:44:42.173267364,18.650896,-82.41214
2020-09-02T06:44:42.175556182,18.658846,-82.41162
2020-09-02T06:44:42.189289093,18.662949,-82.419685
2020-09-02T06:44:42.195393085,18.675425,-82.35772
2020-09-02T06:44:42.205311298,18.634138,-82.40961
2020-09-02T06:44:42.262914180,18.626513,-82.42202
2020-09-02T06:44:43.064012527,19.532663,-78.36351
2020-09-02T06:44:43.115893363,19.526695,-78.36968
2020-09-02T06:44:43.193332672,19.525154,-78.37876
2020-09-02T06:44:43.195240020,19.532623,-78.36356
2020-09-02T06:44:43.292898178,19.519659,-78.37779
2020-09-02T06:44:43.300527572,19.532606,-78.36361
2020-09-02T06:44:44.203099250,18.254883,-83.11153
2020-09-02T06:44:44.213398933,18.285587,-83.113335
2020-09-02T06:44:44.276723861,18.264807,-83.11725
2020-09-02T06:44:44.332419395,18.285555,-83.11333
2020-09-02T06:44:44.334326744,18.250614,-83.11128
2020-09-02T06:44:44.113833427,18.59803,-82.587105
2020-09-02T06:44:44.163425445,18.598011,-82.58707
2020-09-02T06:44:44.165332794,18.598011,-82.5871
2020-09-02T06:44:44.183261871,18.598015,-82.58712
2020-09-02T06:44:44.185550689,18.622166,-82.58847
2020-09-02T06:44:44.187458038,18.598001,-82.58714
2020-09-02T06:44:44.230946540,18.608124,-82.594055
2020-09-02T06:44:44.290838241,18.598038,-82.58713
2020-09-02T06:44:44.292745590,18.605673,-82.59522
2020-09-02T06:44:44.356451988,18.6042,-82.59545
2020-09-02T06:44:45.300603866,19.489702,-78.73004
2020-09-02T06:44:45.416191101,19.506554,-78.7502
2020-09-02T06:44:45.418098449,19.48743,-78.72657
2020-09-02T06:44:45.420005798,19.507215,-78.73572
2020-09-02T06:44:45.431832313,19.498049,-78.74994
2020-09-02T06:44:45.445946693,19.533497,-78.75096
2020-09-02T06:44:45.616847991,19.49415,-78.73042
2020-09-02T06:44:45.618755340,19.453777,-78.748695
2020-09-02T06:44:45.620662689,19.533585,-78.751015
2020-09-02T06:44:45.626766204,19.507387,-78.75033
2020-09-02T06:44:45.646602630,19.490564,-78.73238
2020-09-02T06:44:45.648509979,19.48924,-78.720314
2020-09-02T06:44:45.650798797,19.507463,-78.73653
2020-09-02T06:44:45.674449920,19.505608,-78.7358
2020-09-02T06:44:45.684369087,19.499115,-78.75002
2020-09-02T06:44:45.698483467,19.493143,-78.73183
2020-09-02T06:44:45.700390815,19.49062,-78.735825
2020-09-02T06:44:45.702298164,19.493652,-78.74981
2020-09-02T06:44:45.714123725,19.491644,-78.736435
2020-09-02T06:44:45.716031074,19.493502,-78.741936
2020-09-02T06:44:45.718319892,19.486351,-78.73734
2020-09-02T06:44:45.720227241,19.491995,-78.7498
2020-09-02T06:44:45.722134590,19.49151,-78.74979
2020-09-02T06:44:45.748075485,19.453657,-78.74873
2020-09-02T06:44:45.875106811,19.47629,-78.74232
2020-09-02T06:44:45.877395629,19.453575,-78.74871
2020-09-02T06:44:45.901046752,19.48583,-78.73755
2020-09-02T06:44:45.910964965,19.48558,-78.73599
2020-09-02T06:44:45.934998512,19.487316,-78.74474
2020-09-02T06:44:45.936905860,19.472736,-78.75354
2020-09-02T06:44:45.938813209,19.486778,-78.74736
2020-09-02T06:44:45.940720558,19.468433,-78.73945
2020-09-02T06:44:46.175328254,19.373793,-78.746574
2020-09-02T06:44:48.889144897,19.498934,-78.42183
2020-09-02T06:44:48.978792190,19.487291,-78.424225
2020-09-02T06:44:49.020373344,19.487839,-78.405266
2020-09-02T06:44:49.024569511,19.487816,-78.43442
2020-09-02T06:44:49.066149711,19.49454,-78.422905
2020-09-02T06:44:50.070194244,19.51491,-78.79935
2020-09-02T06:44:50.080112457,19.453281,-78.82669
2020-09-02T06:44:50.099948883,19.533115,-78.78322
2020-09-02T06:44:50.225072860,19.53304,-78.786415
2020-09-02T06:44:50.276953697,19.533077,-78.782616
2020-09-02T06:44:50.316627502,19.453197,-78.74936
2020-09-02T06:44:50.364311218,19.45321,-78.74936
2020-09-02T06:44:50.378426551,19.453215,-78.749344
2020-09-02T06:44:50.390252113,19.453236,-78.749374
2020-09-02T06:44:50.436028480,19.453144,-78.749306
2020-09-02T06:44:50.475702285,19.45317,-78.74937
2020-09-02T06:44:50.481805801,19.45316,-78.749306
2020-09-02T06:44:50.501643180,19.45328,-78.74939
2020-09-02T06:44:50.515376091,19.453186,-78.74931
2020-09-02T06:44:50.549326896,19.453226,-78.74941
2020-09-02T06:44:50.571071624,19.453215,-78.749405
2020-09-02T06:44:50.597011566,19.453201,-78.74938
2020-09-02T06:44:50.610744476,19.453203,-78.74945
2020-09-02T06:44:50.628674507,19.453218,-78.74943
2020-09-02T06:44:50.648510932,19.453209,-78.7494
2020-09-02T06:44:50.666440010,19.453241,-78.74935
2020-09-02T06:44:51.256963729,18.441578,-82.889946
2020-09-02T06:44:51.280998229,18.431524,-82.90597
2020-09-02T06:44:51.282905578,18.421858,-82.91445
2020-09-02T06:44:51.310752868,18.422981,-82.91538
2020-09-02T06:44:51.312660217,18.441631,-82.889915
2020-09-02T06:44:51.320671081,18.409142,-82.89796
2020-09-02T06:44:51.322578430,18.41774,-82.91066
2020-09-02T06:44:51.495386123,18.44164,-82.88988
2020-09-02T06:44:51.608684539,18.44161,-82.88986
2020-09-02T06:44:51.610973358,18.395134,-82.91346
2020-09-02T06:44:51.612880706,18.40643,-82.887856
2020-09-02T06:44:51.638820648,18.399364,-82.908325
2020-09-02T06:44:53.543148040,19.479837,-78.69145
2020-09-02T06:44:53.547344207,19.479359,-78.68535
2020-09-02T06:44:53.567180633,19.453749,-78.671524
2020-09-02T06:44:53.593120574,19.475426,-78.682816
2020-09-02T06:44:53.595027923,19.474411,-78.684975
2020-09-02T06:44:53.596935272,19.47342,-78.68195
2020-09-02T06:44:53.674375534,19.48473,-78.69202
2020-09-02T06:44:53.678571701,19.479786,-78.67226
2020-09-02T06:44:53.754104614,19.460604,-78.815636
2020-09-02T06:44:53.756011962,19.454107,-78.826256
2020-09-02T06:44:53.759826660,19.454105,-78.82623
2020-09-02T06:44:53.791870117,19.453783,-78.67155
2020-09-02T06:44:53.793777465,19.475288,-78.6862
2020-09-02T06:44:53.837646484,19.454092,-78.81179
2020-09-02T06:44:53.839553833,19.454092,-78.81359
2020-09-02T06:44:53.841461181,19.454119,-78.82622
2020-09-02T06:44:53.847564697,19.470201,-78.681046
2020-09-02T06:44:53.849472045,19.475506,-78.688995
2020-09-02T06:44:53.855575561,19.476576,-78.68656
2020-09-02T06:44:53.857482910,19.45377,-78.67141
2020-09-02T06:44:53.861297607,19.45377,-78.6714
2020-09-02T06:44:53.863204956,19.462921,-78.6849
2020-09-02T06:44:53.865493774,19.471798,-78.68632
2020-09-02T06:44:53.867401123,19.465061,-78.68815
2020-09-02T06:44:53.869308471,19.468523,-78.6876
2020-09-02T06:44:53.871215820,19.466465,-78.68684
2020-09-02T06:44:53.873123168,19.453762,-78.671455
2020-09-02T06:44:53.875413894,19.453762,-78.67146
2020-09-02T06:44:53.877321243,19.45376,-78.67146
2020-09-02T06:44:53.879228591,19.453787,-78.6829
2020-09-02T06:44:53.881135940,19.450607,-78.71915
2020-09-02T06:44:53.883043289,19.453753,-78.67147
2020-09-02T06:44:53.861297607,19.532928,-78.36408
2020-09-02T06:44:53.895250320,19.532919,-78.36412
2020-09-02T06:44:53.900972366,19.526758,-78.36392
2020-09-02T06:44:53.903261184,19.532942,-78.36409
2020-09-02T06:44:53.907075881,19.532932,-78.364105
2020-09-02T06:44:53.908983230,19.529573,-78.36269
2020-09-02T06:44:53.921190261,19.532978,-78.364136
2020-09-02T06:44:53.923097610,19.532969,-78.36411
2020-09-02T06:44:53.925004959,19.532959,-78.36408
2020-09-02T06:44:53.936830520,19.532972,-78.36067
2020-09-02T06:44:53.938737869,19.527523,-78.35688
2020-09-02T06:44:53.946748733,19.532885,-78.35282
2020-09-02T06:44:53.948656082,19.532848,-78.34987
2020-09-02T06:44:53.950944900,19.532846,-78.36399
2020-09-02T06:44:53.954759597,19.53284,-78.340775
2020-09-02T06:44:53.956666946,19.532875,-78.349846
2020-09-02T06:44:53.962770462,19.453787,-78.671394
2020-09-02T06:44:53.964677810,19.467701,-78.68795
2020-09-02T06:44:53.966585159,19.461424,-78.686714
2020-09-02T06:44:53.978792190,19.454136,-78.826126
2020-09-02T06:44:53.982606887,19.43359,-78.677925
2020-09-02T06:44:53.984514236,19.461737,-78.68813
2020-09-02T06:44:53.990617752,19.42412,-78.679955
2020-09-02T06:44:53.992525100,19.458052,-78.68821
2020-09-02T06:44:53.994432449,19.45377,-78.671425
2020-09-02T06:44:53.996721267,19.449442,-78.68129
2020-09-02T06:44:53.998630523,19.434467,-78.681725
2020-09-02T06:44:54.000537872,19.444916,-78.68328
2020-09-02T06:44:54.002445220,19.453808,-78.6714
2020-09-02T06:44:54.012363433,19.532873,-78.33116
2020-09-02T06:44:54.014270782,19.402046,-78.673904
2020-09-02T06:44:54.014270782,19.5329,-78.3574
2020-09-02T06:44:54.016559600,19.463037,-78.6855
2020-09-02T06:44:54.018466949,19.45371,-78.67144
2020-09-02T06:44:54.022281646,19.397615,-78.669846
2020-09-02T06:44:54.024570465,19.401505,-78.67877
2020-09-02T06:44:54.026477813,19.43356,-78.685234
2020-09-02T06:44:54.028385162,19.446356,-78.68674
2020-09-02T06:44:54.030292510,19.453773,-78.671394
2020-09-02T06:44:54.044406890,19.532959,-78.36408
2020-09-02T06:44:54.048221588,19.532988,-78.36407
2020-09-02T06:44:54.054325103,19.52851,-78.35881
2020-09-02T06:44:54.056232452,19.532944,-78.364075
2020-09-02T06:44:54.058139801,19.532923,-78.36408
2020-09-02T06:44:54.060047149,19.454115,-78.82617
2020-09-02T06:44:54.062335968,19.40206,-78.676056
2020-09-02T06:44:54.064243316,19.41471,-78.685585
2020-09-02T06:44:54.066150665,19.439894,-78.68436
2020-09-02T06:44:54.066150665,19.532967,-78.3641
2020-09-02T06:44:54.079883575,19.532923,-78.34334
2020-09-02T06:44:54.079883575,19.374058,-78.669136
2020-09-02T06:44:54.082172393,19.398108,-78.6812
2020-09-02T06:44:54.082172393,19.532967,-78.364075
2020-09-02T06:44:54.084079742,19.453825,-78.67141
2020-09-02T06:44:54.092090606,19.374125,-78.66919
2020-09-02T06:44:54.095905303,19.45423,-78.8262
2020-09-02T06:44:54.100101470,19.533,-78.36412
2020-09-02T06:44:54.102008819,19.533003,-78.364105
2020-09-02T06:44:54.103916168,19.533009,-78.3641
2020-09-02T06:44:54.105823516,19.533014,-78.36408
2020-09-02T06:44:54.107730865,19.532984,-78.344
2020-09-02T06:44:54.110019683,19.533026,-78.36405
2020-09-02T06:44:54.111927032,19.454176,-78.80264
2020-09-02T06:44:54.115741729,19.374088,-78.66911
2020-09-02T06:44:54.119937896,19.37406,-78.669106
2020-09-02T06:44:54.123754501,19.532896,-78.32201
2020-09-02T06:44:54.125661849,19.528683,-78.34018
2020-09-02T06:44:54.127950668,19.532991,-78.36403
2020-09-02T06:44:54.135580062,19.374094,-78.66908
2020-09-02T06:44:54.137868881,19.515696,-78.30488
2020-09-02T06:44:54.139776229,19.514992,-78.33344
2020-09-02T06:44:54.141683578,19.532957,-78.34743
2020-09-02T06:44:54.211111068,19.53298,-78.37028
2020-09-02T06:44:54.219121932,19.533014,-78.3693
2020-09-02T06:44:54.221029281,19.533009,-78.36399
2020-09-02T06:44:54.177541732,19.45426,-78.8261
2020-09-02T06:44:54.179449081,19.454277,-78.826096
2020-09-02T06:44:54.193181991,19.45421,-78.826096
2020-09-02T06:44:54.223318099,19.454159,-78.80088
2020-09-02T06:44:54.225225448,19.44925,-78.68349
2020-09-02T06:44:54.227132797,19.451124,-78.68991
2020-09-02T06:44:54.229040145,19.408855,-78.670044
2020-09-02T06:44:54.231328964,19.467031,-78.68745
2020-09-02T06:44:54.231328964,19.532993,-78.36399
2020-09-02T06:44:54.233236312,19.464455,-78.76049
2020-09-02T06:44:54.233236312,19.532988,-78.36399
2020-09-02T06:44:54.235143661,19.458942,-78.75819
2020-09-02T06:44:54.235143661,19.52592,-78.36612
2020-09-02T06:44:54.237051010,19.47382,-78.695755
2020-09-02T06:44:54.238958358,19.50106,-78.68182
2020-09-02T06:44:54.241247177,19.500643,-78.68107
2020-09-02T06:44:54.241247177,19.532969,-78.36397
2020-09-02T06:44:54.243154525,19.474957,-78.682884
2020-09-02T06:44:54.243154525,19.532965,-78.36397
2020-09-02T06:44:54.245061874,19.53296,-78.363976
2020-09-02T06:44:54.246971130,19.539415,-78.36414
2020-09-02T06:44:54.248878479,19.532951,-78.363976
2020-09-02T06:44:54.261085510,19.532938,-78.36403
2020-09-02T06:44:54.274818420,19.436804,-78.785194
2020-09-02T06:44:54.296562194,19.454084,-78.79935
2020-09-02T06:44:54.312583923,19.456837,-78.68345
2020-09-02T06:44:54.336616516,19.42572,-78.766945
2020-09-02T06:44:54.340431213,19.49907,-78.68634
2020-09-02T06:44:54.342338562,19.453827,-78.671364
2020-09-02T06:44:54.348442077,19.532904,-78.37078
2020-09-02T06:44:54.350349426,19.425648,-78.68424
2020-09-02T06:44:54.352256774,19.414307,-78.6884
2020-09-02T06:44:54.368278503,19.45413,-78.80206
2020-09-02T06:44:54.370187759,19.421244,-78.79329
2020-09-02T06:44:54.392313003,19.454054,-78.79327
2020-09-02T06:44:54.423974990,19.441113,-78.790405
2020-09-02T06:44:54.491495132,19.45388,-78.67139
2020-09-02T06:44:54.493404388,19.464312,-78.687874
2020-09-02T06:44:55.477991104,16.801254,-77.91811
2020-09-02T06:44:55.479898452,16.79806,-77.91788
2020-09-02T06:44:55.482187271,16.791477,-77.91834
2020-09-02T06:44:55.484096527,16.789583,-77.9183
2020-09-02T06:44:55.487911224,16.784992,-77.91819
2020-09-02T06:44:55.489818572,16.775505,-77.91799
2020-09-02T06:44:55.492107391,16.775517,-77.917984
2020-09-02T06:44:55.494014739,16.783424,-77.91834
2020-09-02T06:44:55.495922088,16.775543,-77.917984
2020-09-02T06:44:55.497829437,16.780655,-77.91808
2020-09-02T06:44:55.499736785,16.775568,-77.917984
2020-09-02T06:44:55.502025604,16.775566,-77.917984
2020-09-02T06:44:55.507747650,16.775507,-77.918
2020-09-02T06:44:55.511943817,16.775482,-77.918015
2020-09-02T06:44:55.515758514,16.775517,-77.91803
2020-09-02T06:44:55.523769378,16.77553,-77.91804
2020-09-02T06:44:55.537502288,16.775452,-77.917946
2020-09-02T06:44:56.038379669,19.481167,-78.39438
2020-09-02T06:44:56.089878082,19.483036,-78.41937
2020-09-02T06:44:56.129934310,19.45308,-78.43917
2020-09-02T06:44:58.447778701,18.498684,-83.01455
2020-09-02T06:44:58.549251556,18.41391,-82.9775
2020-09-02T06:44:58.612958908,18.480125,-83.009995
2020-09-02T06:44:58.614866256,18.38543,-82.96018
2020-09-02T06:44:58.499660491,19.532804,-78.751335
2020-09-02T06:44:58.596937179,19.511898,-78.75068
2020-09-02T06:44:58.612958908,19.498037,-78.75193
2020-09-02T06:44:58.739990234,19.510965,-78.75074
2020-09-02T06:44:58.741897583,19.532719,-78.751366
2020-09-02T06:44:58.772033691,19.501915,-78.75785
2020-09-02T06:44:58.797592163,19.532661,-78.75122
2020-09-02T06:44:58.827730178,19.532646,-78.7513
2020-09-02T06:44:58.883043289,19.532602,-78.75135
2020-09-02T06:44:59.040210723,18.440996,-82.88963
2020-09-02T06:44:59.102010726,18.440948,-82.88963
2020-09-02T06:44:59.133672714,18.387472,-82.906494
2020-09-02T06:44:59.213401794,18.282572,-82.84175
2020-09-02T06:44:59.215309143,18.322618,-82.844696
2020-09-02T06:44:59.399942398,18.326824,-82.86249
2020-09-02T06:45:00.636683464,19.513502,-78.72335
2020-09-02T06:45:00.678646087,19.511055,-78.72469
2020-09-02T06:45:00.988785743,19.476263,-78.72791
2020-09-02T06:45:00.990693092,19.476088,-78.72133
2020-09-02T06:45:00.992600440,19.452526,-78.749306
2020-09-02T06:45:00.996415138,19.468525,-78.72452
2020-09-02T06:45:00.998703956,19.452463,-78.72245
2020-09-02T06:45:01.000611305,19.473246,-78.72029
2020-09-02T06:45:01.056306838,19.471857,-78.71892
2020-09-02T06:45:01.058214187,19.46507,-78.718765
2020-09-02T06:45:01.143664836,19.473717,-78.71931
2020-09-02T06:45:01.145572185,19.459106,-78.71469
2020-09-02T06:45:01.149768352,19.452496,-78.71728
2020-09-02T06:45:01.163501262,19.45238,-78.72165
2020-09-02T06:45:01.165408611,19.452396,-78.717705
2020-09-02T06:45:01.177616119,19.452557,-78.749275
2020-09-02T06:45:01.253148078,19.456373,-78.719284
2020-09-02T06:45:01.294728755,19.459436,-78.71967
2020-09-02T06:45:00.978485584,18.207226,-83.34255
2020-09-02T06:45:01.000611305,18.227064,-83.343666
2020-09-02T06:45:01.002518653,18.207256,-83.34249
2020-09-02T06:45:01.040284633,18.207287,-83.34262
2020-09-02T06:45:01.058214187,18.225748,-83.34368
2020-09-02T06:45:01.074235916,18.207293,-83.3426
2020-09-02T06:45:01.117724418,18.207266,-83.34255
2020-09-02T06:45:01.135653495,18.23182,-83.34404
2020-09-02T06:45:01.153583049,18.207253,-83.34268
2020-09-02T06:45:01.171512126,18.20727,-83.34258
2020-09-02T06:45:01.324483871,18.207327,-83.3426
2020-09-02T06:45:02.692455768,19.452429,-78.67173
2020-09-02T06:45:02.698177814,19.452414,-78.67173
2020-09-02T06:45:02.400245189,19.500336,-78.39852
2020-09-02T06:45:02.420082092,19.531742,-78.364494
2020-09-02T06:45:02.491417884,19.501717,-78.39432
2020-09-02T06:45:02.507440090,19.531605,-78.364525
2020-09-02T06:45:02.708477497,19.482965,-78.38447
2020-09-02T06:45:02.712292194,19.49002,-78.40378
2020-09-02T06:45:03.595026969,19.4892,-78.77857
2020-09-02T06:45:03.632793426,19.452492,-78.74921
2020-09-02T06:45:03.634700775,19.470676,-78.7672
2020-09-02T06:45:03.765928268,19.452425,-78.749176
2020-09-02T06:45:03.767835617,19.463324,-78.76242
2020-09-02T06:45:03.769742965,19.46484,-78.766426
2020-09-02T06:45:03.772031784,19.452393,-78.74918
2020-09-02T06:45:03.819716453,19.466084,-78.77505
2020-09-02T06:45:03.835356712,19.452438,-78.763565
2020-09-02T06:45:03.837645530,19.46134,-78.76277
2020-09-02T06:45:03.839552879,19.463007,-78.765396
2020-09-02T06:45:03.841460227,19.46257,-78.76631
2020-09-02T06:45:03.843367576,19.461035,-78.763725
2020-09-02T06:45:03.910888671,19.46428,-78.7731
2020-09-02T06:45:03.921188354,19.467459,-78.76881
2020-09-02T06:45:03.925003051,19.452597,-78.82645
2020-09-02T06:45:03.926910400,19.452482,-78.7708
2020-09-02T06:45:03.962769508,19.467,-78.77295
2020-09-02T06:45:03.964676856,19.45251,-78.79511
2020-09-02T06:45:03.978791236,19.452496,-78.79063
2020-09-02T06:45:04.052034378,19.477196,-78.784256
2020-09-02T06:45:04.054323196,19.464697,-78.79941
2020-09-02T06:45:04.062334060,19.452333,-78.74904
2020-09-02T06:45:04.069964408,19.452581,-78.8265
2020-09-02T06:45:04.093997001,19.475132,-78.77739
2020-09-02T06:45:04.171436309,19.483326,-78.79118
2020-09-02T06:45:04.209202766,19.452404,-78.78945
2020-09-02T06:45:04.211110115,19.45241,-78.79306
2020-09-02T06:45:04.294652938,19.479645,-78.818146
2020-09-02T06:45:07.151523590,19.45257,-78.82627
2020-09-02T06:45:07.249181747,19.452646,-78.82639
2020-09-02T06:45:07.292670249,19.462336,-78.81766
2020-09-02T06:45:07.300681114,19.452833,-78.82616
2020-09-02T06:45:07.326621055,19.452822,-78.82622
2020-09-02T06:45:07.374305725,19.452848,-78.82618
2020-09-02T06:45:07.396049499,19.452812,-78.82622
2020-09-02T06:45:07.398338317,19.452814,-78.82622
2020-09-02T06:45:07.413979530,19.45275,-78.82624
2020-09-02T06:45:09.157704353,19.499905,-78.729324
2020-09-02T06:45:09.175633430,19.532526,-78.75098
2020-09-02T06:45:09.183262825,19.53249,-78.75099
2020-09-02T06:45:09.203481674,19.512339,-78.73684
2020-09-02T06:45:09.205389022,19.50944,-78.75026
2020-09-02T06:45:09.227132797,19.532522,-78.750946
2020-09-02T06:45:09.280920982,19.532557,-78.751015
2020-09-02T06:45:09.467844009,19.492985,-78.40054
2020-09-02T06:45:09.583049774,19.503746,-78.39032
2020-09-02T06:45:09.584957122,19.51473,-78.39474
2020-09-02T06:45:09.586864471,19.531652,-78.36392
2020-09-02T06:45:09.636837959,19.479855,-78.39795
2020-09-02T06:45:09.640652656,19.503717,-78.408134
2020-09-02T06:45:09.670407295,19.53159,-78.36393
2020-09-02T06:45:12.119861602,19.479094,-78.68432
2020-09-02T06:45:12.121768951,19.477434,-78.68854
2020-09-02T06:45:12.159536361,19.481295,-78.7036
2020-09-02T06:45:12.169454574,19.451845,-78.671165
2020-09-02T06:45:12.177465438,19.483793,-78.690025
2020-09-02T06:45:12.179372787,19.473354,-78.69301
2020-09-02T06:45:12.191579818,19.451841,-78.70049
2020-09-02T06:45:12.193487167,19.476442,-78.69901
2020-09-02T06:45:12.227056503,19.475504,-78.69593
2020-09-02T06:45:12.252996444,19.4799,-78.685905
2020-09-02T06:45:12.254903793,19.451895,-78.70583
2020-09-02T06:45:12.262914657,19.476078,-78.695274
2020-09-02T06:45:12.326622009,19.451824,-78.67129
2020-09-02T06:45:12.338447570,19.474789,-78.693985
2020-09-02T06:45:12.348365783,19.482826,-78.69536
2020-09-02T06:45:12.368202209,19.48435,-78.67219
2020-09-02T06:45:12.370491027,19.471252,-78.697754
2020-09-02T06:45:12.384223937,19.486902,-78.67223
2020-09-02T06:45:12.386131286,19.451794,-78.67125
2020-09-02T06:45:12.420083999,19.451836,-78.67116
2020-09-02T06:45:12.457849502,19.451849,-78.70177
2020-09-02T06:45:12.525371551,19.486685,-78.67218
2020-09-02T06:45:12.527278900,19.474232,-78.6955
2020-09-02T06:45:12.545207977,19.451818,-78.67118
2020-09-02T06:45:12.563137054,19.467897,-78.69609
2020-09-02T06:45:12.589076995,19.474224,-78.69318
2020-09-02T06:45:12.656599044,19.451761,-78.67122
2020-09-02T06:45:12.684446334,19.47058,-78.69662
2020-09-02T06:45:12.704282760,19.477776,-78.68975
2020-09-02T06:45:13.348594665,18.440556,-82.966835
2020-09-02T06:45:13.434045791,18.440582,-82.96685
2020-09-02T06:45:13.590831756,19.459051,-78.75488
2020-09-02T06:45:13.593120574,19.451666,-78.748436
2020-09-02T06:45:13.630887985,19.461374,-78.75546
2020-09-02T06:45:13.642713546,19.451727,-78.7485
2020-09-02T06:45:13.656446456,19.451742,-78.74853
2020-09-02T06:45:13.658735275,19.451742,-78.748535
2020-09-02T06:45:13.660642623,19.45174,-78.74855
2020-09-02T06:45:13.754104614,19.458363,-78.75936
2020-09-02T06:45:13.756011962,19.451792,-78.765884
2020-09-02T06:45:13.777755737,19.457832,-78.76192
2020-09-02T06:45:13.813613891,19.457722,-78.75992
2020-09-02T06:45:13.815521240,19.451727,-78.74855
2020-09-02T06:45:13.817810058,19.451715,-78.74857
2020-09-02T06:45:13.855575561,19.451729,-78.76218
2020-09-02T06:45:13.921190261,19.45775,-78.75798
2020-09-02T06:45:13.923097610,19.451767,-78.76787
2020-09-02T06:45:13.926912307,19.451698,-78.74851
2020-09-02T06:45:13.952852249,19.45172,-78.7485
2020-09-02T06:45:13.962770462,19.451744,-78.748505
2020-09-02T06:45:14.014652252,19.451696,-78.74846
2020-09-02T06:45:14.018466949,19.451803,-78.76222
2020-09-02T06:45:14.026477813,19.451752,-78.75825
2020-09-02T06:45:14.064243316,19.457544,-78.76108
2020-09-02T06:45:14.076068878,19.451704,-78.74851
2020-09-02T06:45:13.933015823,18.44018,-82.92062
2020-09-02T06:45:13.941026687,18.439968,-82.88906
2020-09-02T06:45:14.167623519,18.414827,-82.91333
2020-09-02T06:45:14.171438217,18.44001,-82.88913
2020-09-02T06:45:15.366220474,19.530863,-78.3811
2020-09-02T06:45:15.368509292,19.530807,-78.363945
2020-09-02T06:45:15.420007705,19.530901,-78.36394
2020-09-02T06:45:15.429925918,19.530815,-78.36396
2020-09-02T06:45:15.436029434,19.530855,-78.363976
2020-09-02T06:45:15.444040298,19.522093,-78.37775
2020-09-02T06:45:15.451669692,19.515566,-78.370316
2020-09-02T06:45:15.467691421,19.512676,-78.362885
2020-09-02T06:45:15.469598770,19.509249,-78.362274
2020-09-02T06:45:15.471887588,19.496572,-78.354744
2020-09-02T06:45:15.479516983,19.493475,-78.35521
2020-09-02T06:45:15.481805801,19.530937,-78.36399
2020-09-02T06:45:15.493633270,19.506824,-78.3529
2020-09-02T06:45:15.495540618,19.507975,-78.359924
2020-09-02T06:45:15.497447967,19.53095,-78.36402
2020-09-02T06:45:15.501644134,19.520126,-78.34488
2020-09-02T06:45:15.503551483,19.51562,-78.346146
2020-09-02T06:45:15.505458831,19.530909,-78.34394
2020-09-02T06:45:15.507366180,19.517864,-78.346886
2020-09-02T06:45:15.509654998,19.530947,-78.36407
2020-09-02T06:45:15.511562347,19.530895,-78.33956
2020-09-02T06:45:15.513469696,19.52027,-78.33784
2020-09-02T06:45:15.515377044,19.530886,-78.34949
2020-09-02T06:45:15.521480560,19.530815,-78.3302
2020-09-02T06:45:15.523387908,19.530888,-78.36399
2020-09-02T06:45:15.539409637,19.530884,-78.36394
2020-09-02T06:45:15.610746383,19.53087,-78.36401
2020-09-02T06:45:15.616849899,19.530775,-78.31896
2020-09-02T06:45:15.618757247,19.518291,-78.34163
2020-09-02T06:45:15.620664596,19.530851,-78.364006
2020-09-02T06:45:15.634778976,19.530827,-78.3065
2020-09-02T06:45:15.636686325,19.516546,-78.33426
2020-09-02T06:45:15.638593673,19.530865,-78.33632
2020-09-02T06:45:15.642789840,19.530743,-78.28662
2020-09-02T06:45:15.646604537,19.530844,-78.364006
2020-09-02T06:45:15.656522750,19.509424,-78.29836
2020-09-02T06:45:15.658430099,19.510386,-78.329636
2020-09-02T06:45:15.660718917,19.512243,-78.32559
2020-09-02T06:45:15.662626266,19.45103,-78.28459
2020-09-02T06:45:15.668729782,19.484428,-78.28536
2020-09-02T06:45:15.670637130,19.530973,-78.363884
2020-09-02T06:45:15.674451828,19.485914,-78.28543
2020-09-02T06:45:15.676359176,19.481844,-78.29796
2020-09-02T06:45:15.678647994,19.492565,-78.31823
2020-09-02T06:45:15.680555343,19.500206,-78.321754
2020-09-02T06:45:15.682462692,19.491346,-78.31165
2020-09-02T06:45:15.698484420,19.450962,-78.28452
2020-09-02T06:45:15.700391769,19.478615,-78.30247
2020-09-02T06:45:15.702299118,19.514395,-78.34911
2020-09-02T06:45:15.716413497,19.450993,-78.28458
2020-09-02T06:45:15.756088256,19.530958,-78.36404
2020-09-02T06:45:15.757995605,19.530901,-78.33838
2020-09-02T06:45:15.759902954,19.53094,-78.36402
2020-09-02T06:45:15.769821166,19.530886,-78.345276
2020-09-02T06:45:15.772109985,19.530876,-78.34282
2020-09-02T06:45:15.774017333,19.525927,-78.35211
2020-09-02T06:45:15.775924682,19.522064,-78.3542
2020-09-02T06:45:15.777832031,19.530895,-78.363976
2020-09-02T06:45:15.782028198,19.530851,-78.34569
2020-09-02T06:45:15.785842895,19.530882,-78.36398
2020-09-02T06:45:15.787750244,19.53086,-78.35312
2020-09-02T06:45:15.789657592,19.53088,-78.36398
2020-09-02T06:45:15.833526611,19.530855,-78.28666
2020-09-02T06:45:15.918977737,19.530842,-78.315605
2020-09-02T06:45:15.920885086,19.530933,-78.364075
2020-09-02T06:45:16.477840423,19.532093,-78.80793
2020-09-02T06:45:16.479747772,19.53209,-78.80633
2020-09-02T06:45:16.481655120,19.532148,-78.828476
2020-09-02T06:45:16.483562469,19.532156,-78.82848
2020-09-02T06:45:16.485469818,19.532164,-78.82848
2020-09-02T06:45:16.491573333,19.532183,-78.82851
2020-09-02T06:45:16.495388031,19.532175,-78.82853
2020-09-02T06:45:16.503398895,19.532167,-78.82852
2020-09-02T06:45:16.527431488,19.532085,-78.78563
2020-09-02T06:45:16.539257049,19.531975,-78.781494
2020-09-02T06:45:16.541164398,19.531889,-78.75099
2020-09-02T06:45:16.567104339,19.531975,-78.75101
2020-09-02T06:45:16.569011688,19.532053,-78.78472
2020-09-02T06:45:16.571300506,19.532042,-78.77989
2020-09-02T06:45:16.573207855,19.538097,-78.78821
2020-09-02T06:45:16.575115203,19.53689,-78.786316
2020-09-02T06:45:16.575115203,19.772133,-78.8779
2020-09-02T06:45:16.618986129,19.532164,-78.82842
2020-09-02T06:45:16.622800827,19.532106,-78.80435
2020-09-02T06:45:16.624708175,19.532171,-78.82846
2020-09-02T06:45:16.680402755,19.532162,-78.809235
2020-09-02T06:45:16.682310104,19.534527,-78.79119
2020-09-02T06:45:16.686506271,19.532116,-78.795334
2020-09-02T06:45:16.742202758,19.532183,-78.80616
2020-09-02T06:45:16.754028320,19.532263,-78.82845
2020-09-02T06:45:16.799804687,19.532183,-78.81198
2020-09-02T06:45:16.869234085,19.532276,-78.828445
2020-09-02T06:45:16.871141433,19.532198,-78.80379
2020-09-02T06:45:16.873430252,19.532164,-78.791275
2020-09-02T06:45:16.879152297,19.532175,-78.80104
2020-09-02T06:45:16.887163162,19.532198,-78.79774
2020-09-02T06:45:16.903184890,19.532202,-78.795944
2020-09-02T06:45:16.908906936,19.53214,-78.78027
2020-09-02T06:45:16.911195755,19.532156,-78.78877
2020-09-02T06:45:16.913103103,19.541794,-78.790276
2020-09-02T06:45:16.915010452,19.528858,-78.7888
2020-09-02T06:45:16.962694168,19.530357,-78.799446
2020-09-02T06:45:16.964601516,19.536379,-78.784615
2020-09-02T06:45:16.966890335,19.544,-78.78771
2020-09-02T06:45:16.968799591,19.53733,-78.783264
2020-09-02T06:45:16.970706939,19.532202,-78.78409
2020-09-02T06:45:16.972614288,19.532173,-78.77979
2020-09-02T06:45:16.974521636,19.532085,-78.75101
2020-09-02T06:45:17.092016220,19.54135,-78.7956
2020-09-02T06:45:17.093923568,19.54598,-78.7868
2020-09-02T06:45:17.095830917,19.534716,-78.78596
2020-09-02T06:45:17.098119735,19.532234,-78.7864
2020-09-02T06:45:17.100027084,19.532206,-78.781975
2020-09-02T06:45:17.121770858,19.47306,-78.42652
2020-09-02T06:45:17.153814315,19.506744,-78.82764
2020-09-02T06:45:17.157629013,19.532303,-78.80214
2020-09-02T06:45:17.262916564,19.532341,-78.81259
2020-09-02T06:45:17.264823913,19.535048,-78.79404
2020-09-02T06:45:17.267112731,19.5428,-78.80077
2020-09-02T06:45:17.093923568,19.93307,-79.07341
2020-09-02T06:45:17.269020080,19.54496,-78.78575
2020-09-02T06:45:17.270927429,19.523073,-78.799164
2020-09-02T06:45:17.272834777,19.5322,-78.79272
2020-09-02T06:45:17.324714660,19.532013,-78.71005
2020-09-02T06:45:17.366296768,19.532276,-78.809
2020-09-02T06:45:17.505535125,19.532291,-78.80756
2020-09-02T06:45:17.507442474,19.532341,-78.82839
2020-09-02T06:45:17.513545989,19.53215,-78.75095
2020-09-02T06:45:17.515453338,19.536737,-78.782455
2020-09-02T06:45:17.517360687,19.535906,-78.79289
2020-09-02T06:45:17.519268035,19.531534,-78.795334
2020-09-02T06:45:17.521556854,19.531143,-78.79336
2020-09-02T06:45:17.523464202,19.528206,-78.797844
2020-09-02T06:45:17.525371551,19.532278,-78.789734
2020-09-02T06:45:17.527278900,19.532284,-78.78844
2020-09-02T06:45:17.529186248,19.532282,-78.7843
2020-09-02T06:45:17.531475067,19.532202,-78.750984
2020-09-02T06:45:17.537197113,19.532309,-78.80748
2020-09-02T06:45:17.539485931,19.534346,-78.7765
2020-09-02T06:45:17.539104461,19.772293,-78.87858
2020-09-02T06:45:17.541393280,19.534668,-78.78329
2020-09-02T06:45:17.543300628,19.532255,-78.7877
2020-09-02T06:45:17.545207977,19.532265,-78.78654
2020-09-02T06:45:17.658506393,19.40764,-78.82474
2020-09-02T06:45:17.694364547,19.47603,-78.624374
2020-09-02T06:45:17.751968383,18.344238,-82.87905
2020-09-02T06:45:18.038455963,18.302792,-82.84106
2020-09-02T06:45:18.040363311,18.392775,-82.85577
2020-09-02T06:45:18.155569076,19.532291,-78.75096
2020-09-02T06:45:18.298622131,19.532253,-78.75099
2020-09-02T06:45:18.495464324,18.207151,-83.341965
2020-09-02T06:45:18.562984466,18.207422,-83.368286
2020-09-02T06:45:18.573284149,18.20718,-83.34205
2020-09-02T06:45:18.585111618,18.207129,-83.34202
2020-09-02T06:45:18.600751876,18.207453,-83.37351
2020-09-02T06:45:18.636610031,18.207218,-83.34198
2020-09-02T06:45:18.644620895,18.207478,-83.374565
2020-09-02T06:45:18.670560836,18.207392,-83.37092
2020-09-02T06:45:18.714431762,18.207458,-83.373856
2020-09-02T06:45:18.718246459,18.207388,-83.367195
2020-09-02T06:45:18.767837524,18.207415,-83.36704
2020-09-02T06:45:18.785766601,18.207216,-83.34207
2020-09-02T06:45:18.787673950,18.207466,-83.37465
2020-09-02T06:45:18.799880981,18.207212,-83.34197
2020-09-02T06:45:18.821624755,18.20725,-83.341995
2020-09-02T06:45:18.847566604,18.207159,-83.341965
2020-09-02T06:45:20.233082294,19.472437,-78.749435
2020-09-02T06:45:20.234989643,19.47456,-78.74948
2020-09-02T06:45:20.237278461,19.45212,-78.748825
2020-09-02T06:45:20.288777828,19.475319,-78.749626
2020-09-02T06:45:20.322729110,19.474127,-78.74963
2020-09-02T06:45:20.338369846,19.47469,-78.74967
2020-09-02T06:45:20.352484226,19.472769,-78.74952
2020-09-02T06:45:20.362402439,19.471931,-78.74947
2020-09-02T06:45:20.370413780,19.452133,-78.74889
2020-09-02T06:45:20.400168895,19.469656,-78.74047
2020-09-02T06:45:20.403983592,19.45211,-78.74899
2020-09-02T06:45:20.406272411,19.452097,-78.748985
2020-09-02T06:45:20.455863952,19.468962,-78.73907
2020-09-02T06:45:20.511559486,19.468851,-78.73901
2020-09-02T06:45:20.513466835,19.451998,-78.74892
2020-09-02T06:45:20.569162368,19.452074,-78.74892
2020-09-02T06:45:20.577173233,19.452122,-78.748924
2020-09-02T06:45:20.579080581,19.463951,-78.73941
2020-09-02T06:45:20.580987930,19.46517,-78.73702
2020-09-02T06:45:20.636683464,19.456837,-78.7375
2020-09-02T06:45:20.666438579,19.462227,-78.7304
2020-09-02T06:45:20.684368133,19.459648,-78.733444
2020-09-02T06:45:20.690471649,19.452003,-78.74896
2020-09-02T06:45:20.692378997,19.452005,-78.74897
2020-09-02T06:45:20.694286346,19.452011,-78.74898
2020-09-02T06:45:20.696575164,19.458487,-78.7372
2020-09-02T06:45:20.698482513,19.457548,-78.73531
2020-09-02T06:45:20.700389862,19.45822,-78.73375
2020-09-02T06:45:20.702297210,19.458029,-78.73481
2020-09-02T06:45:20.704204559,19.452017,-78.74896
2020-09-02T06:45:20.744259834,19.451996,-78.74895
2020-09-02T06:45:20.746167182,19.457582,-78.73459
2020-09-02T06:45:20.748074531,19.451918,-78.718254
2020-09-02T06:45:20.769818305,19.45199,-78.7349
2020-09-02T06:45:20.829710006,19.458761,-78.7327
2020-09-02T06:45:20.831617355,19.452017,-78.71861
2020-09-02T06:45:20.837721347,19.454338,-78.7339
2020-09-02T06:45:20.845350742,19.451996,-78.736015
2020-09-02T06:45:20.847639560,19.452023,-78.74891
2020-09-02T06:45:20.859465122,19.459356,-78.73485
2020-09-02T06:45:20.861372470,19.452074,-78.74884
2020-09-02T06:45:20.863279819,19.458294,-78.730316
2020-09-02T06:45:20.865187644,19.45204,-78.72984
2020-09-02T06:45:20.867476463,19.454384,-78.722664
2020-09-02T06:45:20.869383811,19.454723,-78.71815
2020-09-02T06:45:20.871291160,19.452032,-78.719444
2020-09-02T06:45:20.881209373,19.451962,-78.671486
2020-09-02T06:45:20.883116722,19.444628,-78.715576
2020-09-02T06:45:20.885405540,19.4336,-78.71999
2020-09-02T06:45:20.887312889,19.451933,-78.67149
2020-09-02T06:45:20.889220237,19.42843,-78.70814
2020-09-02T06:45:20.891127586,19.43509,-78.71987
2020-09-02T06:45:20.895324230,19.448273,-78.72179
2020-09-02T06:45:20.905242443,19.413023,-78.69433
2020-09-02T06:45:20.907149791,19.443981,-78.71864
2020-09-02T06:45:20.913253307,19.411297,-78.70336
2020-09-02T06:45:20.915160655,19.45202,-78.72252
2020-09-02T06:45:20.918975353,19.401812,-78.70109
2020-09-02T06:45:20.920882701,19.432236,-78.718025
2020-09-02T06:45:20.923171520,19.452055,-78.72773
2020-09-02T06:45:20.925078868,19.410442,-78.74767
2020-09-02T06:45:21.006714820,19.372166,-78.669304
2020-09-02T06:45:21.078050613,19.433762,-78.71424
2020-09-02T06:45:21.079958438,19.408684,-78.70563
2020-09-02T06:45:21.082247257,19.372093,-78.70238
2020-09-02T06:45:21.644542217,18.33926,-83.24634
2020-09-02T06:45:21.710155963,18.335707,-83.24001
2020-09-02T06:45:21.783780574,18.360365,-83.21926
2020-09-02T06:45:21.785687923,18.333174,-83.24802
2020-09-02T06:45:21.861220359,18.284716,-83.233925
2020-09-02T06:45:21.861220359,18.44253,-83.20101
2020-09-02T06:45:21.863509178,18.341684,-83.248695
2020-09-02T06:45:21.934844970,18.363462,-83.19633
2020-09-02T06:45:21.936752319,18.336016,-83.246735
2020-09-02T06:45:21.994736671,18.34114,-83.22782
2020-09-02T06:45:22.489510536,18.321833,-83.26694
2020-09-02T06:45:22.491417884,18.284996,-83.233025
2020-09-02T06:45:22.656596660,18.322012,-83.23566
2020-09-02T06:45:22.551309585,19.452354,-78.82698
2020-09-02T06:45:22.557413101,19.452358,-78.82697
2020-09-02T06:45:22.712292194,19.497204,-78.82838
2020-09-02T06:45:22.791639328,19.510271,-78.81001
2020-09-02T06:45:22.895019054,19.482803,-78.7949
2020-09-02T06:45:22.938889026,19.504812,-78.805214
2020-09-02T06:45:23.000687599,19.511587,-78.79846
2020-09-02T06:45:22.956818103,19.490936,-78.39186
2020-09-02T06:45:22.958725452,19.480757,-78.38855
2020-09-02T06:45:23.006409645,19.4514,-78.36308
2020-09-02T06:45:23.088046073,19.471474,-78.37515
2020-09-02T06:45:23.089953422,19.468304,-78.38337
2020-09-02T06:45:23.151752471,19.469198,-78.386856
2020-09-02T06:45:23.155567169,19.451525,-78.363075
2020-09-02T06:45:23.169681549,19.470959,-78.3883
2020-09-02T06:45:23.229191780,19.472706,-78.387
2020-09-02T06:45:23.245213508,19.475718,-78.37908
2020-09-02T06:45:23.268865585,19.476591,-78.378204
2020-09-02T06:45:23.288702011,19.451433,-78.36317
2020-09-02T06:45:23.308538436,19.493975,-78.36418
2020-09-02T06:45:23.336386680,19.484678,-78.381065
2020-09-02T06:45:23.348593711,19.451427,-78.36309
2020-09-02T06:45:23.386360168,19.47987,-78.38024
2020-09-02T06:45:23.400093078,19.5312,-78.365295
2020-09-02T06:45:23.429847717,19.53123,-78.36519
2020-09-02T06:45:23.449685096,19.501652,-78.3996
2020-09-02T06:45:23.451973915,19.531273,-78.365234
2020-09-02T06:45:23.453881263,19.50812,-78.387566
2020-09-02T06:45:23.455788612,19.511114,-78.384254
2020-09-02T06:45:23.457695960,19.531273,-78.3652
2020-09-02T06:45:23.459984779,19.531273,-78.36518
2020-09-02T06:45:23.515298843,19.531239,-78.36533
2020-09-02T06:45:23.517587661,19.531229,-78.36534
2020-09-02T06:45:23.519495010,19.531221,-78.36535
2020-09-02T06:45:23.573283195,19.513342,-78.38236
2020-09-02T06:45:23.575190544,19.531393,-78.365326
2020-09-02T06:45:23.585108757,19.531385,-78.365326
2020-09-02T06:45:23.630885124,19.531395,-78.36538
2020-09-02T06:45:23.837645530,18.267752,-83.12956
2020-09-02T06:45:23.839552879,18.261091,-83.12448
2020-09-02T06:45:23.899063110,18.284346,-83.114716
2020-09-02T06:45:23.900970458,18.247797,-83.1055
2020-09-02T06:45:23.903259277,18.24629,-83.112495
2020-09-02T06:45:23.958954811,18.284384,-83.114746
2020-09-02T06:45:24.044404983,18.257502,-83.12882
2020-09-02T06:45:24.046312332,18.262825,-83.12658
2020-09-02T06:45:24.048219680,18.284433,-83.114845
2020-09-02T06:45:24.064241409,18.252363,-83.101685
2020-09-02T06:45:24.066149711,18.24933,-83.09691
2020-09-02T06:45:24.068057060,18.260065,-83.09438
2020-09-02T06:45:24.069964408,18.245764,-83.085495
2020-09-02T06:45:24.117648124,18.257057,-83.09107
2020-09-02T06:45:24.119936943,18.242762,-83.11236
2020-09-02T06:45:24.135578155,18.284521,-83.11478
2020-09-02T06:45:24.155796051,18.207298,-83.3434
2020-09-02T06:45:24.179447174,18.264585,-83.11911
2020-09-02T06:45:24.211110115,18.247778,-83.09671
2020-09-02T06:45:24.211110115,18.207243,-83.34341
2020-09-02T06:45:24.213398933,18.246792,-83.089455
2020-09-02T06:45:24.272909164,18.246098,-83.11256
2020-09-02T06:45:24.274816513,18.241688,-83.1123
2020-09-02T06:45:24.344626426,18.257397,-83.09696
2020-09-02T06:45:24.597163200,19.452879,-78.8127
2020-09-02T06:45:24.730298042,19.452902,-78.82748
2020-09-02T06:45:24.805830001,19.452936,-78.82746
2020-09-02T06:45:24.851607322,19.452969,-78.82748
2020-09-02T06:45:25.090029716,19.479908,-78.70654
2020-09-02T06:45:25.091937065,19.477758,-78.7038
2020-09-02T06:45:25.177387237,19.475746,-78.70483
2020-09-02T06:45:25.179677009,19.469206,-78.70285
2020-09-02T06:45:25.209431648,19.452852,-78.703285
2020-09-02T06:45:25.268941879,19.47869,-78.706055
2020-09-02T06:45:25.324637413,19.470247,-78.70274
2020-09-02T06:45:25.366218566,19.45287,-78.708725
2020-09-02T06:45:27.282751083,19.453161,-78.74971
2020-09-02T06:45:27.320517539,19.453178,-78.74977
2020-09-02T06:45:27.376213073,19.464542,-78.74999
2020-09-02T06:45:27.378120422,19.465725,-78.7489
2020-09-02T06:45:27.412072181,19.4532,-78.74965
2020-09-02T06:45:27.477685928,19.467432,-78.74731
2020-09-02T06:45:27.491800308,19.466974,-78.75013
2020-09-02T06:45:27.493707656,19.453102,-78.74971
2020-09-02T06:45:27.507440567,19.453146,-78.74967
2020-09-02T06:45:27.509347915,19.453135,-78.74968
2020-09-02T06:45:27.527276992,19.466413,-78.7501
2020-09-02T06:45:27.547114372,19.467001,-78.75005
2020-09-02T06:45:27.587168693,19.475237,-78.750275
2020-09-02T06:45:27.589076042,19.471107,-78.75014
2020-09-02T06:45:27.608913421,19.453104,-78.749695
2020-09-02T06:45:27.610820770,19.46646,-78.750084
2020-09-02T06:45:27.630657196,19.46548,-78.75003
2020-09-02T06:45:27.654689788,19.45311,-78.74965
2020-09-02T06:45:27.702374458,19.45305,-78.74965
2020-09-02T06:45:27.775999069,19.47224,-78.75019
2020-09-02T06:45:27.911042213,19.45291,-78.74965
2020-09-02T06:45:30.302893638,19.488976,-78.82796
2020-09-02T06:45:30.493631362,19.453213,-78.82708
2020-09-02T06:45:30.543223381,19.474346,-78.81272
2020-09-02T06:45:30.555430412,19.453148,-78.82703
2020-09-02T06:45:30.557337760,19.469524,-78.81472
2020-09-02T06:45:30.561152458,19.453196,-78.82699
2020-09-02T06:45:30.598918914,19.477293,-78.8125
2020-09-02T06:45:30.605022430,19.453148,-78.82701
2020-09-02T06:45:30.610744476,19.453093,-78.82696
2020-09-02T06:45:30.630963325,19.473475,-78.82763
2020-09-02T06:45:30.654614448,19.453127,-78.82704
2020-09-02T06:45:30.690473556,19.476786,-78.82777
2020-09-02T06:45:30.692380905,19.532736,-78.76398
2020-09-02T06:45:30.708402633,19.532726,-78.751915
2020-09-02T06:45:30.741971969,19.532648,-78.75203
2020-09-02T06:45:30.847640991,19.532734,-78.75197
2020-09-02T06:45:30.851455688,19.532713,-78.751976
2020-09-02T06:45:30.648510932,18.41177,-82.88858
2020-09-02T06:45:30.650799751,18.44118,-82.89025
2020-09-02T06:45:30.769820213,18.39992,-82.90958
2020-09-02T06:45:30.772109031,18.41775,-82.902405
2020-09-02T06:45:30.774016380,18.420984,-82.90423
2020-09-02T06:45:30.775923728,18.414545,-82.91083
2020-09-02T06:45:30.791945457,18.403137,-82.91035
2020-09-02T06:45:30.803771018,18.44121,-82.89022
2020-09-02T06:45:30.811782836,18.441248,-82.89025
2020-09-02T06:45:30.839630126,18.420588,-82.90334
2020-09-02T06:45:30.841537475,18.398123,-82.90983
2020-09-02T06:45:30.847640991,18.420929,-82.90435
2020-09-02T06:45:30.933091163,18.41087,-82.91193
2020-09-02T06:45:30.936906814,18.413473,-82.91274
2020-09-02T06:45:30.962846755,18.362064,-82.885796
2020-09-02T06:45:30.964754104,18.390358,-82.9089
2020-09-02T06:45:30.966661453,18.388485,-82.9117
2020-09-02T06:45:30.968568801,18.394156,-82.91115
2020-09-02T06:45:31.010530471,18.390928,-82.90926
2020-09-02T06:45:31.040287017,18.383787,-82.90649
2020-09-02T06:45:31.042194366,18.391659,-82.90734
2020-09-02T06:45:31.097888946,18.391914,-82.9108
2020-09-02T06:45:31.131839752,18.399937,-82.88793
2020-09-02T06:45:31.328681945,18.703255,-82.35651
2020-09-02T06:45:31.330589294,18.707197,-82.3612
2020-09-02T06:45:31.338600158,18.70515,-82.361115
2020-09-02T06:45:31.340507507,18.701363,-82.35111
2020-09-02T06:45:31.342414855,18.674894,-82.35949
2020-09-02T06:45:31.362251281,18.705713,-82.3553
2020-09-02T06:45:31.364540100,18.674881,-82.359505
2020-09-02T06:45:31.368354797,18.67494,-82.35952
2020-09-02T06:45:31.386283874,18.674932,-82.35948
2020-09-02T06:45:31.388191223,18.69911,-82.3686
2020-09-02T06:45:31.440073013,18.674955,-82.359505
2020-09-02T06:45:31.441980361,18.716234,-82.36174
2020-09-02T06:45:31.443887710,18.710087,-82.36141
2020-09-02T06:45:31.467920303,18.692432,-82.36842
2020-09-02T06:45:31.469827651,18.700615,-82.36085
2020-09-02T06:45:31.483560562,18.675024,-82.35954
2020-09-02T06:45:31.485467910,18.691277,-82.362915
2020-09-02T06:45:31.507593154,18.674978,-82.35952
2020-09-02T06:45:31.509500503,18.674982,-82.359535
2020-09-02T06:45:31.525524139,18.684713,-82.368385
2020-09-02T06:45:31.527431488,18.69095,-82.36185
2020-09-02T06:45:31.555278778,18.67501,-82.35951
2020-09-02T06:45:31.557186126,18.685421,-82.36138
2020-09-02T06:45:31.559093475,18.675009,-82.35951
2020-09-02T06:45:31.569011688,18.674957,-82.35948
2020-09-02T06:45:31.594951629,18.64299,-82.349014
2020-09-02T06:45:31.596858978,18.674946,-82.35947
2020-09-02T06:45:31.609066009,18.646393,-82.357956
2020-09-02T06:45:31.610973358,18.674986,-82.3595
2020-09-02T06:45:31.616695404,18.626944,-82.34033
2020-09-02T06:45:31.618984222,18.674908,-82.35951
2020-09-02T06:45:31.622798919,18.59566,-82.35525
2020-09-02T06:45:31.624706268,18.642883,-82.35778
2020-09-02T06:45:31.632717132,18.633133,-82.33643
2020-09-02T06:45:31.634624481,18.649534,-82.34779
2020-09-02T06:45:31.636913299,18.647882,-82.35803
2020-09-02T06:45:31.638820648,18.642174,-82.34787
2020-09-02T06:45:31.640727996,18.634752,-82.34517
2020-09-02T06:45:31.642635345,18.674927,-82.359474
2020-09-02T06:45:31.678495407,18.595503,-82.32575
2020-09-02T06:45:31.680402755,18.61626,-82.33298
2020-09-02T06:45:31.682310104,18.688648,-82.360275
2020-09-02T06:45:31.690320968,18.701372,-82.35407
2020-09-02T06:45:31.823455810,18.698822,-82.36327
2020-09-02T06:45:31.825744628,18.64918,-82.349884
2020-09-02T06:45:31.604869842,19.496267,-78.41885
2020-09-02T06:45:31.672391891,19.452335,-78.44044
2020-09-02T06:45:31.704435348,19.499079,-78.42247
2020-09-02T06:45:31.851303100,19.50816,-78.40497
2020-09-02T06:45:31.881439208,19.495783,-78.39936
2020-09-02T06:45:32.467767715,19.453163,-78.74977
2020-09-02T06:45:32.485696792,19.453217,-78.749825
2020-09-02T06:45:32.525371551,19.453127,-78.74975
2020-09-02T06:45:32.557415008,19.453129,-78.74978
2020-09-02T06:45:32.658506393,19.453163,-78.74982
2020-09-02T06:45:32.660795211,19.462887,-78.75752
2020-09-02T06:45:34.443811416,18.261423,-83.34599
2020-09-02T06:45:35.642789840,19.453281,-78.74929
2020-09-02T06:45:35.779739379,19.48426,-78.75009
2020-09-02T06:45:35.782028198,19.453295,-78.74919
2020-09-02T06:45:35.883119583,19.453209,-78.7493
2020-09-02T06:45:35.885408401,19.453213,-78.74929
2020-09-02T06:45:35.891130447,19.45322,-78.74928
2020-09-02T06:45:35.893037796,19.453215,-78.74929
2020-09-02T06:45:35.962846755,19.469374,-78.743
2020-09-02T06:45:35.964754104,19.479595,-78.75002
2020-09-02T06:45:35.972764968,19.453157,-78.73853
2020-09-02T06:45:35.974672317,19.459251,-78.737
2020-09-02T06:45:35.976579666,19.45317,-78.7492
2020-09-02T06:45:35.980777740,19.453114,-78.72898
2020-09-02T06:45:35.998706817,19.453245,-78.74924
2020-09-02T06:45:36.000614166,19.453236,-78.74925
2020-09-02T06:45:36.002521514,19.45319,-78.7296
2020-09-02T06:45:36.004428863,19.460747,-78.73052
2020-09-02T06:45:36.008625030,19.454807,-78.72869
2020-09-02T06:45:36.022357940,19.453285,-78.74919
2020-09-02T06:45:36.024265289,19.453192,-78.72145
2020-09-02T06:45:36.036472320,19.453218,-78.74922
2020-09-02T06:45:36.050205230,19.453178,-78.723175
2020-09-02T06:45:36.070041656,19.453259,-78.72586
2020-09-02T06:45:36.078052520,19.453278,-78.749214
2020-09-02T06:45:36.082248687,19.453188,-78.71815
2020-09-02T06:45:36.084156036,19.459572,-78.7224
2020-09-02T06:45:36.086063385,19.453178,-78.71808
2020-09-02T06:45:36.092166900,19.45737,-78.70696
2020-09-02T06:45:36.094074249,19.452766,-78.71318
2020-09-02T06:45:36.095981597,19.45317,-78.72024
2020-09-02T06:45:36.135656356,19.453213,-78.72488
2020-09-02T06:45:36.161596298,19.453178,-78.710815
2020-09-02T06:45:36.163503646,19.443312,-78.71852
2020-09-02T06:45:36.195547103,19.453215,-78.71949
2020-09-02T06:45:36.248954772,19.452614,-78.71903
2020-09-02T06:45:36.298927307,19.453106,-78.717415
2020-09-02T06:45:36.300834655,19.453089,-78.7127
2020-09-02T06:45:36.356531143,19.453133,-78.712166
2020-09-02T06:45:37.077899932,18.450712,-82.99636
2020-09-02T06:45:37.213323593,18.378515,-82.945335
2020-09-02T06:45:37.308692932,18.380352,-82.94552
2020-09-02T06:45:37.405969619,18.34612,-82.905426
2020-09-02T06:45:37.598997116,18.341803,-82.87795
2020-09-02T06:45:37.600904464,18.362587,-82.88767
2020-09-02T06:45:37.702375411,18.355999,-82.87225
2020-09-02T06:45:37.704282760,18.329506,-82.85101
2020-09-02T06:45:36.803619384,19.5324,-78.44168
2020-09-02T06:45:36.807815551,19.53237,-78.44167
2020-09-02T06:45:36.809722900,19.532354,-78.44167
2020-09-02T06:45:36.849397659,19.532358,-78.44183
2020-09-02T06:45:36.859315872,19.532314,-78.44181
2020-09-02T06:45:36.897081375,19.532331,-78.44177
2020-09-02T06:45:36.915010452,19.532366,-78.44183
2020-09-02T06:45:36.968799591,19.53248,-78.441795
2020-09-02T06:45:36.972614288,19.516891,-78.42414
2020-09-02T06:45:37.036319732,19.519278,-78.42193
2020-09-02T06:45:37.092016220,19.53243,-78.4418
2020-09-02T06:45:37.093923568,19.518639,-78.423615
2020-09-02T06:45:37.137792587,19.532417,-78.44177
2020-09-02T06:45:37.159536361,19.519445,-78.421646
2020-09-02T06:45:37.171743392,19.518682,-78.42337
2020-09-02T06:45:37.185476303,19.53242,-78.42169
2020-09-02T06:45:37.207220077,19.53242,-78.416565
2020-09-02T06:45:37.272834777,19.532488,-78.413765
2020-09-02T06:45:37.384225845,19.53249,-78.41745
2020-09-02T06:45:37.412073135,19.520325,-78.42099
2020-09-02T06:45:37.690549850,19.452728,-78.399155
2020-09-02T06:45:37.722213745,19.47666,-78.406265
2020-09-02T06:45:37.751968383,19.472595,-78.41742
2020-09-02T06:45:37.776000976,19.48134,-78.40363
2020-09-02T06:45:37.853441238,19.473616,-78.41286
2020-09-02T06:45:37.855348587,19.452627,-78.398476
2020-09-02T06:45:37.871370315,19.452684,-78.4068
2020-09-02T06:45:37.887392044,19.467422,-78.39808
2020-09-02T06:45:37.895402908,19.452637,-78.40797
2020-09-02T06:45:37.915239334,19.452734,-78.43967
2020-09-02T06:45:37.936983108,19.44073,-78.414
2020-09-02T06:45:37.953004837,19.452667,-78.40803
2020-09-02T06:45:37.956819534,19.460047,-78.42142
2020-09-02T06:45:37.988483428,19.446375,-78.41859
2020-09-02T06:45:39.195468903,19.511147,-78.79943
2020-09-02T06:45:39.292745114,19.503372,-78.80635
2020-09-02T06:45:39.300755978,19.453785,-78.82661
2020-09-02T06:45:39.439994336,19.507273,-78.80151
2020-09-02T06:45:39.668498517,19.498209,-78.80765
2020-09-02T06:45:39.877165795,19.533642,-78.75136
2020-09-02T06:45:39.992752553,19.53365,-78.751305
2020-09-02T06:45:39.994659901,19.533659,-78.75128
2020-09-02T06:45:40.058366298,19.533625,-78.75124
2020-09-02T06:45:40.197223663,19.533638,-78.751236
2020-09-02T06:45:40.207523345,19.533636,-78.75126
2020-09-02T06:45:40.257115364,19.533625,-78.75129
2020-09-02T06:45:40.275044441,19.533718,-78.75132
2020-09-02T06:45:41.543450832,19.453917,-78.8126
2020-09-02T06:45:41.545358657,19.453938,-78.82598
2020-09-02T06:45:41.602961063,19.467089,-78.81676
2020-09-02T06:45:41.640727519,19.453888,-78.82599
2020-09-02T06:45:41.684597015,19.453894,-78.82603
2020-09-02T06:45:41.747921943,19.453901,-78.825935
2020-09-02T06:45:41.750210762,19.4539,-78.82593
2020-09-02T06:45:41.775769710,19.464422,-78.81671
2020-09-02T06:45:41.778058528,19.453865,-78.80111
2020-09-02T06:45:41.793699264,19.45385,-78.81382
2020-09-02T06:45:41.825743198,19.453823,-78.81217
2020-09-02T06:45:41.867323875,19.453848,-78.82597
2020-09-02T06:45:41.903182506,19.453823,-78.82597
2020-09-02T06:45:41.911193370,19.453707,-78.80969
2020-09-02T06:45:41.932937622,19.463892,-78.811935
2020-09-02T06:45:41.960785388,19.453684,-78.81007
2020-09-02T06:45:41.992447853,19.453783,-78.82593
2020-09-02T06:45:42.028306484,19.464699,-78.80988
2020-09-02T06:45:42.048143386,19.453682,-78.80837
2020-09-02T06:45:42.068361282,19.453695,-78.82596
2020-09-02T06:45:42.074083805,19.453709,-78.825935
2020-09-02T06:45:42.129778861,19.463966,-78.80649
2020-09-02T06:45:42.133975505,19.453772,-78.82595
2020-09-02T06:45:42.147708415,19.462147,-78.80524
2020-09-02T06:45:42.165637969,19.453686,-78.82597
2020-09-02T06:45:42.181659698,19.48194,-78.70278
2020-09-02T06:45:42.213322162,19.51247,-78.4082
2020-09-02T06:45:42.217136859,19.482195,-78.70462
2020-09-02T06:45:42.217136859,19.524176,-78.39271
2020-09-02T06:45:42.227055549,19.515615,-78.393036
2020-09-02T06:45:42.231251716,19.52499,-78.39223
2020-09-02T06:45:42.243077278,19.532513,-78.391685
2020-09-02T06:45:42.244984626,19.482964,-78.7003
2020-09-02T06:45:42.282750606,19.53242,-78.38827
2020-09-02T06:45:42.358283042,19.516523,-78.3958
2020-09-02T06:45:42.366293907,19.532394,-78.38621
2020-09-02T06:45:42.368201255,19.521746,-78.37669
2020-09-02T06:45:42.370490074,19.53241,-78.38079
2020-09-02T06:45:42.372397422,19.517563,-78.37131
2020-09-02T06:45:42.374304771,19.521421,-78.376884
2020-09-02T06:45:42.376212120,19.532385,-78.38679
2020-09-02T06:45:42.382316112,19.532322,-78.3637
2020-09-02T06:45:42.390326976,19.52245,-78.351425
2020-09-02T06:45:42.392234325,19.51476,-78.37286
2020-09-02T06:45:42.421989440,19.532337,-78.363785
2020-09-02T06:45:42.423896789,19.532349,-78.375275
2020-09-02T06:45:42.426185607,19.532314,-78.36376
2020-09-02T06:45:42.428092956,19.522491,-78.35486
2020-09-02T06:45:42.430000305,19.52181,-78.36398
2020-09-02T06:45:42.431907653,19.526344,-78.371025
2020-09-02T06:45:42.495614051,19.532309,-78.36377
2020-09-02T06:45:42.537195205,19.532316,-78.36379
2020-09-02T06:45:42.571146488,19.532335,-78.38029
2020-09-02T06:45:42.573053836,19.518028,-78.36258
2020-09-02T06:45:42.574961185,19.532274,-78.3638
2020-09-02T06:45:42.577250003,19.532257,-78.363785
2020-09-02T06:45:42.581064701,19.52666,-78.38219
2020-09-02T06:45:42.592890262,19.51344,-78.34901
2020-09-02T06:45:42.595179080,19.514061,-78.36258
2020-09-02T06:45:42.597086906,19.507177,-78.3676
2020-09-02T06:45:42.598994255,19.532234,-78.36382
2020-09-02T06:45:42.608912467,19.452276,-78.284424
2020-09-02T06:45:42.610819816,19.507818,-78.32594
2020-09-02T06:45:42.613108634,19.514305,-78.36455
2020-09-02T06:45:42.615015983,19.532177,-78.31992
2020-09-02T06:45:42.616923332,19.523335,-78.31623
2020-09-02T06:45:42.618830680,19.520336,-78.33096
2020-09-02T06:45:42.620738029,19.518438,-78.36347
2020-09-02T06:45:42.623026847,19.532223,-78.326004
2020-09-02T06:45:42.626841545,19.522093,-78.3382
2020-09-02T06:45:42.650874614,19.532299,-78.363846
2020-09-02T06:45:42.656596660,19.532137,-78.286446
2020-09-02T06:45:42.658504486,19.532162,-78.30249
2020-09-02T06:45:42.674526214,19.532076,-78.28646
2020-09-02T06:45:42.797742843,19.504084,-78.36197
2020-09-02T06:45:42.821775913,19.532146,-78.363884
2020-09-02T06:45:43.276876449,19.11589,-82.815926
2020-09-02T06:45:43.278783798,19.105652,-82.82518
2020-09-02T06:45:43.280691146,19.107388,-82.821
2020-09-02T06:45:43.419929504,19.124224,-82.802605
2020-09-02T06:45:43.421836853,19.074883,-82.76958
2020-09-02T06:45:43.426033020,19.154522,-82.774185
2020-09-02T06:45:43.439765930,19.142359,-82.813965
2020-09-02T06:45:43.487450599,19.136185,-82.813805
2020-09-02T06:45:43.499657630,19.131777,-82.821304
2020-09-02T06:45:43.529413223,19.139843,-82.81548
2020-09-02T06:45:43.674373626,19.154385,-82.77426
2020-09-02T06:45:43.690395355,19.154373,-82.77422
2020-09-02T06:45:43.859770774,15.303123,-82.1018
2020-09-02T06:45:43.865874290,15.295283,-82.068275
2020-09-02T06:45:43.867781639,15.286936,-82.10827
2020-09-02T06:45:43.885711669,15.240418,-82.07855
2020-09-02T06:45:43.947129249,15.269914,-82.07977
2020-09-02T06:45:43.949418067,15.3174,-82.07906
2020-09-02T06:45:44.056612014,15.283269,-82.072174
2020-09-02T06:45:44.058519363,15.277032,-82.081184
2020-09-02T06:45:44.555200576,19.532318,-78.82807
2020-09-02T06:45:44.569315910,19.532299,-78.828094
2020-09-02T06:45:44.620814323,19.532196,-78.82807
2020-09-02T06:45:46.316855430,17.806812,-82.9414
2020-09-02T06:45:46.318762779,17.728165,-82.906555
2020-09-02T06:45:46.348517417,17.834808,-82.90427
2020-09-02T06:45:46.372550964,17.770937,-82.97181
2020-09-02T06:45:45.943009376,19.498724,-78.74989
2020-09-02T06:45:45.980774879,19.498207,-78.74983
2020-09-02T06:45:46.048296928,19.451847,-78.748474
2020-09-02T06:45:46.100176811,19.478994,-78.74008
2020-09-02T06:45:46.102084159,19.487312,-78.74955
2020-09-02T06:45:46.103991508,19.491442,-78.749664
2020-09-02T06:45:46.129932403,19.487682,-78.74955
2020-09-02T06:45:46.131839752,19.47832,-78.742035
2020-09-02T06:45:46.133747100,19.485054,-78.749466
2020-09-02T06:45:46.181431770,19.474571,-78.743576
2020-09-02T06:45:46.185627937,19.481987,-78.74936
2020-09-02T06:45:46.223393440,19.47582,-78.74302
2020-09-02T06:45:46.271078109,19.475945,-78.74924
2020-09-02T06:45:46.300833702,19.451895,-78.748604
2020-09-02T06:45:46.312659263,19.451946,-78.74854
2020-09-02T06:45:46.328680992,19.451887,-78.74859
2020-09-02T06:45:46.348517417,19.451971,-78.74862
2020-09-02T06:45:46.479745864,19.451883,-78.74856
2020-09-02T06:45:46.511407852,19.451832,-78.74857
2020-09-02T06:45:46.642635345,19.451883,-78.74863
2020-09-02T06:45:46.644924163,19.399088,-78.72102
2020-09-02T06:45:46.658657073,19.41367,-78.7309
2020-09-02T06:45:46.666668891,19.45193,-78.74861
2020-09-02T06:45:46.668576240,19.424067,-78.747795
2020-09-02T06:45:46.682690620,19.445728,-78.733345
2020-09-02T06:45:46.720456123,19.451952,-78.74858
2020-09-02T06:45:46.744108200,19.427553,-78.724464
2020-09-02T06:45:46.710537910,17.752542,-82.97254
2020-09-02T06:45:46.835661888,17.746143,-82.94824
2020-09-02T06:45:46.553370475,18.440683,-82.96695
2020-09-02T06:45:46.555277824,18.440714,-82.96695
2020-09-02T06:45:46.698330879,18.44067,-82.96687
2020-09-02T06:45:46.770048141,18.440739,-82.966995
2020-09-02T06:45:46.778059005,18.440735,-82.96694
2020-09-02T06:45:46.823454856,18.440691,-82.96705
2020-09-02T06:45:46.847487449,18.44073,-82.96699
2020-09-02T06:45:46.865417480,18.440725,-82.967
2020-09-02T06:45:46.911193847,18.44072,-82.96702
2020-09-02T06:45:46.921113014,18.440735,-82.96705
2020-09-02T06:45:46.960785865,18.452148,-82.970406
2020-09-02T06:45:47.700467109,19.490747,-78.391914
2020-09-02T06:45:47.722211837,19.45126,-78.361984
2020-09-02T06:45:47.917145729,19.4672,-78.394104
2020-09-02T06:45:47.919053077,19.493574,-78.390045
2020-09-02T06:45:47.930878639,19.482218,-78.38772
2020-09-02T06:45:48.167775154,19.452435,-78.826004
2020-09-02T06:45:48.207448005,19.461622,-78.80153
2020-09-02T06:45:48.260854721,19.465168,-78.810295
2020-09-02T06:45:48.276877403,19.463938,-78.80667
2020-09-02T06:45:48.278784751,19.452566,-78.826164
2020-09-02T06:45:48.288702964,19.452656,-78.82614
2020-09-02T06:45:48.320746421,19.465069,-78.803986
2020-09-02T06:45:48.332571983,19.452518,-78.826035
2020-09-02T06:45:48.354316711,19.452635,-78.8261
2020-09-02T06:45:48.364234924,19.45254,-78.799095
2020-09-02T06:45:48.376441955,19.465017,-78.80452
2020-09-02T06:45:48.378349304,19.452572,-78.826035
2020-09-02T06:45:48.380256652,19.452541,-78.82603
2020-09-02T06:45:48.406197547,19.463026,-78.80491
2020-09-02T06:45:48.479822158,19.452606,-78.82606
2020-09-02T06:45:48.489740371,19.452606,-78.82607
2020-09-02T06:45:50.575267791,19.532824,-78.7507
2020-09-02T06:45:50.626767158,19.532745,-78.75071
2020-09-02T06:45:50.656521797,19.532772,-78.75073
2020-09-02T06:45:50.690473556,19.532839,-78.75069
2020-09-02T06:45:50.700391769,19.532772,-78.75069
2020-09-02T06:45:50.726331710,19.532766,-78.75073
2020-09-02T06:45:50.734342575,19.532799,-78.75073
2020-09-02T06:45:50.740064620,19.532822,-78.750725
2020-09-02T06:45:50.777831077,19.5328,-78.75071
2020-09-02T06:45:50.791945457,19.53288,-78.75077
2020-09-02T06:45:50.805678367,19.532835,-78.75072
2020-09-02T06:45:50.807585716,19.532845,-78.75072
2020-09-02T06:45:50.841537475,19.532877,-78.750725
2020-09-02T06:45:50.861373901,19.532873,-78.75074
2020-09-02T06:45:50.926987648,19.532854,-78.750725
2020-09-02T06:45:51.340507507,19.501104,-78.41042
2020-09-02T06:45:51.346611022,19.498224,-78.42862
2020-09-02T06:45:51.354621887,19.452374,-78.43891
2020-09-02T06:45:51.396202087,19.532057,-78.40057
2020-09-02T06:45:51.398109436,19.532042,-78.39535
2020-09-02T06:45:51.438165664,19.50797,-78.41408
2020-09-02T06:45:51.477838516,19.516716,-78.40608
2020-09-02T06:45:51.493478775,19.49432,-78.399086
2020-09-02T06:45:51.934846878,19.453,-78.69885
2020-09-02T06:45:51.937135696,19.464167,-78.69637
2020-09-02T06:45:51.950868606,19.452929,-78.67083
2020-09-02T06:45:51.952775955,19.465769,-78.698105
2020-09-02T06:45:51.954683303,19.46221,-78.69608
2020-09-02T06:45:51.970705032,19.453083,-78.684746
2020-09-02T06:45:51.972612380,19.460814,-78.687706
2020-09-02T06:45:51.974901199,19.460258,-78.68801
2020-09-02T06:45:51.994737625,19.452885,-78.670746
2020-09-02T06:45:52.008470535,19.452982,-78.686
2020-09-02T06:45:52.010377883,19.452965,-78.67066
2020-09-02T06:45:52.012666702,19.458447,-78.68215
2020-09-02T06:45:52.060352325,19.45296,-78.675934
2020-09-02T06:45:52.062259674,19.459318,-78.681564
2020-09-02T06:45:52.064167022,19.45978,-78.68508
2020-09-02T06:45:52.074085235,19.441057,-78.67037
2020-09-02T06:45:52.075992584,19.452991,-78.68323
2020-09-02T06:45:52.078281402,19.452951,-78.67069
2020-09-02T06:45:52.098117828,19.452885,-78.68295
2020-09-02T06:45:52.100025177,19.45233,-78.686874
2020-09-02T06:45:52.101932525,19.453058,-78.68842
2020-09-02T06:45:52.121768951,19.422419,-78.69614
2020-09-02T06:45:52.124057769,19.438244,-78.68982
2020-09-02T06:45:52.125965118,19.45294,-78.68917
2020-09-02T06:45:52.167547225,19.439505,-78.68118
2020-09-02T06:45:52.169454574,19.452547,-78.6888
2020-09-02T06:45:52.189291000,19.452955,-78.67068
2020-09-02T06:45:52.195394515,19.417393,-78.69824
2020-09-02T06:45:52.197301864,19.461731,-78.68946
2020-09-02T06:45:52.241170883,19.46266,-78.69037
2020-09-02T06:45:52.247274398,19.45304,-78.67073
2020-09-02T06:45:52.254903793,19.45302,-78.670715
2020-09-02T06:45:52.269020080,19.457682,-78.67361
2020-09-02T06:45:52.270927429,19.462734,-78.68113
2020-09-02T06:45:52.275123596,19.453035,-78.65778
2020-09-02T06:45:52.277030944,19.453056,-78.6707
2020-09-02T06:45:52.278938293,19.45308,-78.683426
2020-09-02T06:45:52.302970886,19.452957,-78.631004
2020-09-02T06:45:52.304878234,19.45306,-78.67067
2020-09-02T06:45:52.308692932,19.453085,-78.6707
2020-09-02T06:45:52.326622009,19.452845,-78.593315
2020-09-02T06:45:52.372398376,19.452984,-78.59327
2020-09-02T06:45:52.376213073,19.452951,-78.593285
2020-09-02T06:45:52.378501892,19.453018,-78.630066
2020-09-02T06:45:52.380409240,19.458006,-78.66269
2020-09-02T06:45:52.382316589,19.453077,-78.67066
2020-09-02T06:45:52.386131286,19.452871,-78.5933
2020-09-02T06:45:52.398340225,19.452827,-78.59332
2020-09-02T06:45:52.400247573,19.452826,-78.59333
2020-09-02T06:45:52.416269302,19.452913,-78.58371
2020-09-02T06:45:52.418176651,19.453114,-78.67057
2020-09-02T06:45:52.420083999,19.453121,-78.67057
2020-09-02T06:45:52.421991348,19.461031,-78.6887
2020-09-02T06:45:52.423898696,19.45312,-78.6706
2020-09-02T06:45:52.426187515,19.452942,-78.59325
2020-09-02T06:45:52.447931289,19.452862,-78.56821
2020-09-02T06:45:52.481882095,19.432161,-78.67003
2020-09-02T06:45:52.495615005,19.452785,-78.515945
2020-09-02T06:45:52.503625869,19.452782,-78.51594
2020-09-02T06:45:52.509729385,19.453045,-78.670654
2020-09-02T06:45:52.511636734,19.459185,-78.6393
2020-09-02T06:45:52.513545989,19.460579,-78.66741
2020-09-02T06:45:52.515453338,19.453026,-78.67066
2020-09-02T06:45:52.517360687,19.453024,-78.67067
2020-09-02T06:45:52.517360687,19.452686,-78.515945
2020-09-02T06:45:52.519649505,19.453043,-78.68009
2020-09-02T06:45:54.563594818,17.793985,-79.697395
2020-09-02T06:45:54.565502166,17.761236,-79.68758
2020-09-02T06:45:54.567409515,17.793962,-79.697365
2020-09-02T06:45:54.569316864,17.793953,-79.69735
2020-09-02T06:45:54.571224212,17.793947,-79.69734
2020-09-02T06:45:54.573513031,17.793955,-79.69736
2020-09-02T06:45:54.831771850,19.501493,-78.41876
2020-09-02T06:45:54.897386550,19.509577,-78.3952
2020-09-02T06:45:54.913026809,19.513515,-78.399055
2020-09-02T06:45:54.942781448,19.498072,-78.39559
2020-09-02T06:45:54.974824905,19.531977,-78.36351
2020-09-02T06:45:55.076297760,19.532017,-78.391815
2020-09-02T06:45:54.724195480,19.452986,-78.7481
2020-09-02T06:45:54.913026809,19.453062,-78.748146
2020-09-02T06:45:54.945070266,19.453054,-78.7482
2020-09-02T06:45:54.948884963,19.453075,-78.748184
2020-09-02T06:45:54.990848541,19.453072,-78.74821
2020-09-02T06:45:55.022510528,19.465063,-78.75402
2020-09-02T06:45:55.024417877,19.453043,-78.748116
2020-09-02T06:45:55.038532257,19.452976,-78.748116
2020-09-02T06:45:55.040439605,19.452955,-78.74809
2020-09-02T06:45:55.042346954,19.463596,-78.748405
2020-09-02T06:45:55.060276031,19.45301,-78.74813
2020-09-02T06:45:55.078205108,19.45299,-78.74813
2020-09-02T06:45:55.096134185,19.453009,-78.748116
2020-09-02T06:45:55.135808944,19.452984,-78.748146
2020-09-02T06:45:55.137716293,19.452963,-78.74813
2020-09-02T06:45:55.143819808,19.452944,-78.748146
2020-09-02T06:45:55.153738021,19.452951,-78.74822
2020-09-02T06:45:55.173574447,19.452974,-78.74814
2020-09-02T06:45:55.191503524,19.452898,-78.748146
2020-09-02T06:45:55.193410873,19.452904,-78.74815
2020-09-02T06:45:55.213247299,19.453003,-78.74822
2020-09-02T06:45:55.227361679,19.452919,-78.74815
2020-09-02T06:45:55.231176376,19.452898,-78.74811
2020-09-02T06:45:55.233083724,19.452913,-78.74811
2020-09-02T06:45:55.243003845,19.452969,-78.74811
2020-09-02T06:45:55.245292663,19.452965,-78.748116
2020-09-02T06:45:55.259025573,19.452946,-78.74821
2020-09-02T06:45:55.292976379,19.452995,-78.748215
2020-09-02T06:45:55.294883728,19.452988,-78.74822
2020-09-02T06:45:55.312812805,19.452961,-78.7566
2020-09-02T06:45:55.338752746,19.452917,-78.74823
2020-09-02T06:45:55.364313125,19.452858,-78.74817
2020-09-02T06:45:55.376520156,19.45287,-78.748245
2020-09-02T06:45:55.394067764,19.452927,-78.748215
2020-09-02T06:45:55.449762344,19.45287,-78.74819
2020-09-02T06:45:55.452051162,19.452875,-78.7482
2020-09-02T06:45:57.841615676,19.452318,-78.802315
2020-09-02T06:45:57.982761383,19.452318,-78.80263
2020-09-02T06:45:58.016330718,19.452307,-78.80208
2020-09-02T06:45:58.042270660,19.45224,-78.79908
2020-09-02T06:45:58.070117950,19.452389,-78.82613
2020-09-02T06:45:58.080036163,19.452312,-78.80136
2020-09-02T06:45:58.088048934,19.45239,-78.826126
2020-09-02T06:45:58.102163314,19.452341,-78.8262
2020-09-02T06:45:58.480205535,14.748379,-77.95868
2020-09-02T06:45:58.482494354,14.759542,-77.96279
2020-09-02T06:45:58.484401702,14.768612,-77.955826
2020-09-02T06:45:58.486309051,14.76862,-77.96122
2020-09-02T06:45:58.490123748,14.756038,-77.955605
2020-09-02T06:45:58.494319915,14.768613,-77.95586
2020-09-02T06:45:58.496227264,14.763344,-77.96033
2020-09-02T06:45:58.498134613,14.752775,-77.955605
2020-09-02T06:45:58.500041961,14.768582,-77.95591
2020-09-02T06:45:58.502330780,14.7563095,-77.95569
2020-09-02T06:45:58.504238128,14.737145,-77.966705
2020-09-02T06:45:58.506145477,14.732667,-77.96984
2020-09-02T06:45:58.508052825,14.730462,-77.970245
2020-09-02T06:45:58.510341644,14.7239895,-77.97431
2020-09-02T06:45:58.512248992,14.725186,-77.97993
2020-09-02T06:45:58.514156341,14.724719,-77.984566
2020-09-02T06:45:58.516063690,14.730725,-77.98596
2020-09-02T06:45:58.517971038,14.723938,-77.995995
2020-09-02T06:45:58.520259857,14.733693,-77.99616
2020-09-02T06:45:58.522167205,14.735424,-77.992386
2020-09-02T06:45:58.524074554,14.692066,-77.99602
2020-09-02T06:45:58.525981903,14.726242,-78.02998
2020-09-02T06:45:58.527889251,14.6921015,-78.02936
2020-09-02T06:45:58.532085418,14.718202,-78.02984
2020-09-02T06:45:58.533992767,14.692118,-78.02936
2020-09-02T06:45:58.535900115,14.69212,-78.02936
2020-09-02T06:45:58.573665618,14.768526,-77.95585
2020-09-02T06:45:58.581678390,14.768567,-77.9558
2020-09-02T06:45:58.583585739,14.768554,-77.95581
2020-09-02T06:45:58.587781906,14.768527,-77.95584
2020-09-02T06:45:58.611433029,14.768602,-77.95589
2020-09-02T06:45:58.619443893,14.728931,-77.9871
2020-09-02T06:45:58.621351242,14.740553,-77.970604
2020-09-02T06:45:58.623640060,14.727759,-77.98711
2020-09-02T06:45:58.625547409,14.727648,-77.98622
2020-09-02T06:45:58.627454757,14.726195,-77.9781
2020-09-02T06:45:58.629362106,14.727936,-77.98367
2020-09-02T06:45:58.631269454,14.722481,-77.98478
2020-09-02T06:45:58.633558273,14.725188,-77.98519
2020-09-02T06:45:58.635465621,14.732237,-77.986755
2020-09-02T06:45:58.637372970,14.732518,-77.98576
2020-09-02T06:45:58.639280319,14.732226,-77.987885
2020-09-02T06:45:58.641569137,14.730822,-77.98821
2020-09-02T06:45:58.643476486,14.708449,-77.995316
2020-09-02T06:45:58.645383834,14.6921215,-77.991905
2020-09-02T06:45:58.790344238,14.702376,-77.94147
2020-09-02T06:45:58.824295043,14.734664,-77.96871
2020-09-02T06:45:58.826204299,14.719403,-77.979904
2020-09-02T06:45:58.836122512,14.715595,-77.96767
2020-09-02T06:45:58.840318679,14.69203,-77.95444
2020-09-02T06:45:58.844133377,14.724838,-77.96853
2020-09-02T06:45:58.537425994,19.53191,-78.75108
2020-09-02T06:45:58.555355072,19.531895,-78.75117
2020-09-02T06:45:58.575191497,19.53181,-78.72172
2020-09-02T06:45:58.577100753,19.531815,-78.71847
2020-09-02T06:45:58.646909713,19.531805,-78.70197
2020-09-02T06:45:58.648817062,19.531818,-78.712395
2020-09-02T06:45:58.706420898,19.531767,-78.70804
2020-09-02T06:45:58.708328247,19.531797,-78.72654
2020-09-02T06:45:58.921190261,19.531645,-78.71529
2020-09-02T06:45:58.197530746,19.531082,-78.36407
2020-09-02T06:45:58.201345443,19.531122,-78.37635
2020-09-02T06:45:58.211265563,19.531155,-78.364105
2020-09-02T06:45:58.223091125,19.5311,-78.364075
2020-09-02T06:45:58.225379943,19.531145,-78.372955
2020-09-02T06:45:58.227287292,19.531172,-78.372925
2020-09-02T06:45:58.235298156,19.531185,-78.36406
2020-09-02T06:45:58.237205505,19.531178,-78.36406
2020-09-02T06:45:58.243309020,19.53115,-78.36405
2020-09-02T06:45:58.245216369,19.531174,-78.381226
2020-09-02T06:45:58.276878356,19.531208,-78.36413
2020-09-02T06:45:58.278785705,19.531242,-78.37703
2020-09-02T06:45:58.304725646,19.531162,-78.36411
2020-09-02T06:45:58.306632995,19.531181,-78.37688
2020-09-02T06:45:58.374536514,19.531149,-78.36408
2020-09-02T06:45:58.376443862,19.531136,-78.3641
2020-09-02T06:45:58.388269424,19.53115,-78.36408
2020-09-02T06:45:58.390176773,19.531162,-78.36407
2020-09-02T06:45:58.440149307,19.53106,-78.36992
2020-09-02T06:45:58.442056655,19.531075,-78.377144
2020-09-02T06:45:58.443964004,19.531054,-78.36412
2020-09-02T06:45:58.447778701,19.531063,-78.36409
2020-09-02T06:45:58.450067520,19.531069,-78.36407
2020-09-02T06:45:58.451974868,19.53107,-78.364075
2020-09-02T06:45:58.453884124,19.531752,-78.37045
2020-09-02T06:45:58.463802337,19.531088,-78.364136
2020-09-02T06:45:58.469905853,19.531075,-78.33418
2020-09-02T06:45:58.529415130,19.531067,-78.36408
2020-09-02T06:45:58.587018966,19.531036,-78.364136
2020-09-02T06:45:58.588926315,19.532051,-78.36779
2020-09-02T06:45:58.591215133,19.531013,-78.36416
2020-09-02T06:45:58.611051559,19.529043,-78.35517
2020-09-02T06:45:58.612958908,19.531094,-78.364174
2020-09-02T06:45:58.614866256,19.531075,-78.364174
2020-09-02T06:45:58.628980636,19.528019,-78.35175
2020-09-02T06:45:58.630887985,19.53111,-78.33884
2020-09-02T06:45:58.640806198,19.528208,-78.35276
2020-09-02T06:45:58.644620895,19.531097,-78.364136
2020-09-02T06:45:58.656827926,19.50873,-78.33251
2020-09-02T06:45:58.658735275,19.524645,-78.35621
2020-09-02T06:45:58.714431762,19.531006,-78.36415
2020-09-02T06:45:58.742279052,19.52929,-78.35739
2020-09-02T06:45:58.778137207,19.528101,-78.35731
2020-09-02T06:45:58.801788330,19.530981,-78.37347
2020-09-02T06:45:58.803695678,19.530949,-78.34762
2020-09-02T06:45:58.819717407,19.531,-78.36424
2020-09-02T06:45:58.919282913,19.530964,-78.39075
2020-09-02T06:45:58.931108474,19.530891,-78.36413
2020-09-02T06:45:58.933015823,19.53094,-78.391716
2020-09-02T06:45:58.949039459,19.530905,-78.364136
2020-09-02T06:45:58.968875885,19.531006,-78.3898
2020-09-02T06:45:59.074163436,19.53084,-78.36416
2020-09-02T06:46:00.863279819,19.4722,-78.80794
2020-09-02T06:46:00.897231578,19.452143,-78.82608
2020-09-02T06:46:00.951019287,19.452211,-78.8261
2020-09-02T06:46:01.090258121,19.452227,-78.82606
2020-09-02T06:46:01.153583049,19.472984,-78.79495
2020-09-02T06:46:01.159686565,19.47867,-78.80628
2020-09-02T06:46:01.171512126,19.47396,-78.81176
2020-09-02T06:46:01.181430816,19.472658,-78.80734
2020-09-02T06:46:01.225300312,19.470219,-78.80052
2020-09-02T06:46:01.229115009,19.45213,-78.789276
2020-09-02T06:46:01.231403827,19.452147,-78.79483
2020-09-02T06:46:01.239033699,19.468893,-78.80215
2020-09-02T06:46:01.308843612,19.474735,-78.803085
2020-09-02T06:46:01.310750961,19.473127,-78.80963
2020-09-02T06:46:01.324483871,19.481222,-78.8396
2020-09-02T06:46:01.334784030,19.47994,-78.841896
2020-09-02T06:46:01.344702243,19.452324,-78.82598
2020-09-02T06:46:01.352331638,19.452318,-78.826
2020-09-02T06:46:01.354620456,19.485249,-78.82696
2020-09-02T06:46:01.364539146,19.487291,-78.82699
2020-09-02T06:46:01.366446495,19.452347,-78.82596
2020-09-02T06:46:01.394294261,19.486883,-78.82694
2020-09-02T06:46:01.424049377,19.483704,-78.82688
2020-09-02T06:46:01.461815357,19.45235,-78.82597
2020-09-02T06:46:01.903182506,18.207146,-83.37099
2020-09-02T06:46:01.956970691,18.206982,-83.34192
2020-09-02T06:46:01.992447853,18.207142,-83.357956
2020-09-02T06:46:01.994736671,18.207024,-83.3419
2020-09-02T06:46:02.068361282,18.207064,-83.35799
2020-09-02T06:46:02.070269107,18.20711,-83.366425
2020-09-02T06:46:02.109942436,18.20714,-83.35885
2020-09-02T06:46:02.129778861,18.207144,-83.357956
2020-09-02T06:46:02.211414813,18.210281,-83.358604
2020-09-02T06:46:02.213322162,18.206987,-83.34182
2020-09-02T06:46:02.215229511,18.207088,-83.35696
2020-09-02T06:46:02.217136859,18.20695,-83.34179
2020-09-02T06:46:02.254902839,18.20713,-83.35729
2020-09-02T06:46:02.257192134,18.20704,-83.341805
2020-09-02T06:46:02.272832393,18.207235,-83.35879
2020-09-02T06:46:02.290761947,18.207335,-83.35872
2020-09-02T06:46:02.366293907,18.207296,-83.35888
2020-09-02T06:46:02.402152538,18.207249,-83.34182
2020-09-02T06:46:03.525598526,18.657299,-82.54926
2020-09-02T06:46:03.527505874,18.643454,-82.55623
2020-09-02T06:46:03.529413223,18.676132,-82.55077
2020-09-02T06:46:03.535516738,18.66875,-82.552055
2020-09-02T06:46:03.580912590,18.676283,-82.55568
2020-09-02T06:46:03.583201408,18.667122,-82.55946
2020-09-02T06:46:03.585108757,18.676275,-82.554405
2020-09-02T06:46:03.587016105,18.676283,-82.55526
2020-09-02T06:46:03.642711639,18.676308,-82.55557
2020-09-02T06:46:03.644618988,18.669813,-82.54845
2020-09-02T06:46:03.646526336,18.676268,-82.554306
2020-09-02T06:46:03.712140083,18.67633,-82.56032
2020-09-02T06:46:03.714428901,18.673815,-82.55873
2020-09-02T06:46:03.716336250,18.657787,-82.55725
2020-09-02T06:46:03.739987373,18.676575,-82.591255
2020-09-02T06:46:03.742276191,18.676342,-82.558525
2020-09-02T06:46:03.744183540,18.676323,-82.55631
2020-09-02T06:46:03.747998237,18.631926,-82.56744
2020-09-02T06:46:03.944840431,18.649647,-82.56384
2020-09-02T06:46:03.946747779,18.608833,-82.545044
2020-09-02T06:46:03.419929504,19.452848,-78.74826
2020-09-02T06:46:03.471810340,19.496271,-78.74954
2020-09-02T06:46:03.473717689,19.488592,-78.74933
2020-09-02T06:46:03.652629852,19.48771,-78.7494
2020-09-02T06:46:03.704510688,19.476786,-78.75629
2020-09-02T06:46:03.747998237,19.484093,-78.74921
2020-09-02T06:46:03.750287055,19.486986,-78.749275
2020-09-02T06:46:03.752194404,19.481041,-78.74911
2020-09-02T06:46:03.785764694,19.46965,-78.74888
2020-09-02T06:46:03.788053512,19.476303,-78.74847
2020-09-02T06:46:03.791868209,19.475286,-78.74393
2020-09-02T06:46:03.793775558,19.461155,-78.73829
2020-09-02T06:46:03.795682907,19.47025,-78.74074
2020-09-02T06:46:03.797971725,19.453053,-78.74838
2020-09-02T06:46:03.863585472,19.470758,-78.74694
2020-09-02T06:46:03.865492820,19.453129,-78.748375
2020-09-02T06:46:03.875411033,19.45313,-78.748344
2020-09-02T06:46:03.877318382,19.468931,-78.738815
2020-09-02T06:46:03.879225730,19.457935,-78.744606
2020-09-02T06:46:03.889144897,19.46142,-78.72732
2020-09-02T06:46:03.891433715,19.46148,-78.73944
2020-09-02T06:46:03.901351928,19.45789,-78.726234
2020-09-02T06:46:03.903259277,19.457277,-78.73168
2020-09-02T06:46:03.911270141,19.453169,-78.74833
2020-09-02T06:46:04.036394119,19.464067,-78.73827
2020-09-02T06:46:04.038301467,19.420414,-78.74297
2020-09-02T06:46:04.048219680,19.449879,-78.72734
2020-09-02T06:46:04.050508499,19.453241,-78.74837
2020-09-02T06:46:04.052415847,19.453241,-78.74837
2020-09-02T06:46:04.064241409,19.45811,-78.73513
2020-09-02T06:46:04.135959625,19.455818,-78.73565
2020-09-02T06:46:04.165714263,19.373474,-78.74608
2020-09-02T06:46:04.167621612,19.474207,-78.739525
2020-09-02T06:46:04.169528961,19.453133,-78.72033
2020-09-02T06:46:05.933091163,19.473124,-78.3952
2020-09-02T06:46:05.934998512,19.471407,-78.392784
2020-09-02T06:46:05.936905860,19.47398,-78.381935
2020-09-02T06:46:05.938813209,19.472033,-78.38158
2020-09-02T06:46:06.050204277,19.476284,-78.38647
2020-09-02T06:46:06.054400444,19.45299,-78.36215
2020-09-02T06:46:06.084155082,19.488485,-78.404915
2020-09-02T06:46:06.159687042,19.446888,-78.42124
2020-09-02T06:46:06.161594390,19.471367,-78.38255
2020-09-02T06:46:06.171513557,19.467047,-78.42235
2020-09-02T06:46:06.173420906,19.452991,-78.36214
2020-09-02T06:46:06.177617073,19.463114,-78.43762
2020-09-02T06:46:06.185627937,19.453745,-78.4371
2020-09-02T06:46:06.241323471,19.466633,-78.40898
2020-09-02T06:46:06.276800155,19.473953,-78.38257
2020-09-02T06:46:06.350424766,19.483097,-78.38667
2020-09-02T06:46:06.352332115,19.452953,-78.36218
2020-09-02T06:46:06.356529235,19.452925,-78.36221
2020-09-02T06:46:06.382469177,19.473124,-78.389946
2020-09-02T06:46:06.161594390,18.285688,-83.113655
2020-09-02T06:46:06.163501739,18.285679,-83.113655
2020-09-02T06:46:06.179524421,18.28571,-83.11367
2020-09-02T06:46:06.181431770,18.285439,-83.12609
2020-09-02T06:46:06.248952865,18.285694,-83.113716
2020-09-02T06:46:06.251241683,18.281336,-83.11872
2020-09-02T06:46:06.284811019,18.29602,-83.1296
2020-09-02T06:46:06.286718368,18.270067,-83.12793
2020-09-02T06:46:06.316855430,18.285664,-83.1137
2020-09-02T06:46:06.318762779,18.287249,-83.138054
2020-09-02T06:46:06.320670127,18.29703,-83.131775
2020-09-02T06:46:06.322577476,18.290922,-83.14241
2020-09-02T06:46:06.340506553,18.286198,-83.191414
2020-09-02T06:46:06.342413902,18.284794,-83.14706
2020-09-02T06:46:06.346610069,18.286222,-83.19142
2020-09-02T06:46:06.348517417,18.291946,-83.15458
2020-09-02T06:46:06.350424766,18.28585,-83.14106
2020-09-02T06:46:06.382469177,18.285566,-83.113754
2020-09-02T06:46:06.384376525,18.285574,-83.11375
2020-09-02T06:46:06.404212951,18.285547,-83.11371
2020-09-02T06:46:06.406120300,18.264772,-83.10454
2020-09-02T06:46:06.408027648,18.272415,-83.10992
2020-09-02T06:46:06.410316467,18.279085,-83.11236
2020-09-02T06:46:06.412223815,18.285563,-83.11368
2020-09-02T06:46:06.433968544,18.285648,-83.113686
2020-09-02T06:46:06.435875892,18.26374,-83.10027
2020-09-02T06:46:06.438164710,18.285608,-83.11368
2020-09-02T06:46:06.440072059,18.28559,-83.11367
2020-09-02T06:46:06.441979408,18.268497,-83.09397
2020-09-02T06:46:06.443886756,18.260828,-83.08246
2020-09-02T06:46:06.445794105,18.26441,-83.090164
2020-09-02T06:46:06.448082923,18.285583,-83.11374
2020-09-02T06:46:06.493478775,18.252375,-83.05781
2020-09-02T06:46:06.495767593,18.254139,-83.07813
2020-09-02T06:46:06.497674942,18.249811,-83.07419
2020-09-02T06:46:06.499582290,18.241098,-83.06135
2020-09-02T06:46:06.501489639,18.252205,-83.0797
2020-09-02T06:46:06.652553558,18.272484,-83.088974
2020-09-02T06:46:06.654842376,18.25186,-83.08573
2020-09-02T06:46:06.656749725,18.264055,-83.071106
2020-09-02T06:46:06.698330879,18.285799,-83.14714
2020-09-02T06:46:06.819640159,18.405563,-82.93163
2020-09-02T06:46:06.823836326,18.26151,-83.08288
2020-09-02T06:46:06.825743675,18.26513,-83.09071
2020-09-02T06:46:06.867324829,18.266287,-83.09638
2020-09-02T06:46:06.869232177,18.205887,-83.03178
2020-09-02T06:46:06.950867652,18.36304,-82.925934
2020-09-02T06:46:06.952775001,18.398525,-82.93022
2020-09-02T06:46:07.040514945,18.403788,-82.926414
2020-09-02T06:46:07.042422294,18.400513,-82.92668
2020-09-02T06:46:07.056155204,18.442091,-82.93003
2020-09-02T06:46:07.111850738,18.36269,-82.88531
2020-09-02T06:46:07.113758087,18.362997,-82.9247
2020-09-02T06:46:08.368431091,19.503716,-78.82809
2020-09-02T06:46:08.372245788,19.533245,-78.82896
2020-09-02T06:46:08.378349304,19.498749,-78.82794
2020-09-02T06:46:08.382164001,19.487547,-78.82761
2020-09-02T06:46:08.392082214,19.453415,-78.82658
2020-09-02T06:46:08.394371032,19.49174,-78.82771
2020-09-02T06:46:08.396278381,19.494854,-78.82781
2020-09-02T06:46:08.400094032,19.483025,-78.83194
2020-09-02T06:46:08.402382850,19.487747,-78.831505
2020-09-02T06:46:08.404290199,19.487612,-78.83769
2020-09-02T06:46:08.406197547,19.49055,-78.82769
2020-09-02T06:46:08.410012245,19.489267,-78.853294
2020-09-02T06:46:08.412301063,19.48661,-78.84783
2020-09-02T06:46:08.414208412,19.490423,-78.84781
2020-09-02T06:46:08.416115760,19.453548,-78.86453
2020-09-02T06:46:08.418023109,19.453543,-78.865105
2020-09-02T06:46:08.422219276,19.485912,-78.87719
2020-09-02T06:46:08.426033973,19.453636,-78.90402
2020-09-02T06:46:08.475625991,19.453608,-78.903946
2020-09-02T06:46:08.481729507,19.481607,-78.860695
2020-09-02T06:46:08.483636856,19.483633,-78.84889
2020-09-02T06:46:08.487833023,19.453619,-78.903984
2020-09-02T06:46:08.489740371,19.453604,-78.90399
2020-09-02T06:46:08.495462417,19.473969,-78.88371
2020-09-02T06:46:08.499658584,19.453583,-78.90396
2020-09-02T06:46:08.501565933,19.468695,-78.89154
2020-09-02T06:46:08.503473281,19.453566,-78.90397
2020-09-02T06:46:08.507669448,19.473915,-78.8798
2020-09-02T06:46:08.509576797,19.484528,-78.844505
2020-09-02T06:46:08.515680313,19.453543,-78.904015
2020-09-02T06:46:08.517587661,19.453522,-78.89274
2020-09-02T06:46:08.525599479,19.45803,-78.90042
2020-09-02T06:46:08.527506828,19.474401,-78.87459
2020-09-02T06:46:08.529414176,19.486217,-78.84734
2020-09-02T06:46:08.533610343,19.45353,-78.90393
2020-09-02T06:46:08.537425041,19.453552,-78.90394
2020-09-02T06:46:08.545435905,19.45356,-78.896484
2020-09-02T06:46:08.547343254,19.467714,-78.88808
2020-09-02T06:46:08.549250602,19.468039,-78.89033
2020-09-02T06:46:08.551157951,19.467129,-78.88522
2020-09-02T06:46:08.553446769,19.453585,-78.90395
2020-09-02T06:46:08.575190544,19.443914,-78.89528
2020-09-02T06:46:08.577097892,19.453548,-78.879425
2020-09-02T06:46:08.579005241,19.454931,-78.88207
2020-09-02T06:46:08.581294059,19.533226,-78.8289
2020-09-02T06:46:08.591213226,19.43373,-78.889565
2020-09-02T06:46:08.668652534,19.533163,-78.82887
2020-09-02T06:46:08.730070114,19.47663,-78.86288
2020-09-02T06:46:08.732358932,19.48152,-78.85023
2020-09-02T06:46:08.742277145,19.533108,-78.828964
2020-09-02T06:46:08.788054466,19.482235,-78.83327
2020-09-02T06:46:08.789961814,19.472626,-78.86833
2020-09-02T06:46:08.851379394,19.53305,-78.82906
2020-09-02T06:46:08.853668212,19.48497,-78.8417
2020-09-02T06:46:08.885330200,19.481499,-78.83444
2020-09-02T06:46:08.887237548,19.469555,-78.877464
2020-09-02T06:46:08.934922218,19.47945,-78.83639
2020-09-02T06:46:08.936829566,19.47122,-78.87423
2020-09-02T06:46:08.972688674,19.480146,-78.85654
2020-09-02T06:46:08.974596023,19.453398,-78.90405
2020-09-02T06:46:09.026476860,19.493265,-78.82786
2020-09-02T06:46:09.038302421,19.504932,-78.82821
2020-09-02T06:46:09.046313285,19.501406,-78.82808
2020-09-02T06:46:09.052416801,19.48523,-78.84718
2020-09-02T06:46:09.084079742,19.480337,-78.83969
2020-09-02T06:46:09.088275909,19.487724,-78.83676
2020-09-02T06:46:09.090183258,19.453236,-78.82662
2020-09-02T06:46:09.105823516,19.495142,-78.83975
2020-09-02T06:46:09.108112335,19.4922,-78.821465
2020-09-02T06:46:09.110019683,19.486372,-78.82816
2020-09-02T06:46:09.111927032,19.497595,-78.82797
2020-09-02T06:46:09.119937896,19.513325,-78.800285
2020-09-02T06:46:09.187458992,19.487818,-78.77788
2020-09-02T06:46:09.189366340,19.48888,-78.83017
2020-09-02T06:46:09.243154525,19.491959,-78.77995
2020-09-02T06:46:09.290839195,19.453016,-78.74927
2020-09-02T06:46:09.340431213,19.453358,-78.903984
2020-09-02T06:46:09.422066688,19.468203,-78.87143
2020-09-02T06:46:09.425881385,19.498575,-78.80609
2020-09-02T06:46:09.497598648,19.478834,-78.80043
2020-09-02T06:46:10.447854995,19.452784,-78.748985
2020-09-02T06:46:10.449762344,19.45279,-78.749
2020-09-02T06:46:10.477609634,19.452864,-78.748985
2020-09-02T06:46:10.147633552,19.531843,-78.39509
2020-09-02T06:46:10.151829719,19.531815,-78.36431
2020-09-02T06:46:10.153737068,19.53186,-78.393555
2020-09-02T06:46:10.155644416,19.526516,-78.39467
2020-09-02T06:46:10.167469978,19.512953,-78.389015
2020-09-02T06:46:10.189595222,19.53181,-78.390434
2020-09-02T06:46:10.223165512,19.531826,-78.39021
2020-09-02T06:46:10.225454330,19.524694,-78.381195
2020-09-02T06:46:10.233083724,19.531796,-78.364334
2020-09-02T06:46:10.241094589,19.523003,-78.37664
2020-09-02T06:46:10.294882774,19.531769,-78.36428
2020-09-02T06:46:10.296790122,19.521029,-78.36399
2020-09-02T06:46:10.410088539,19.519918,-78.37343
2020-09-02T06:46:10.418099403,19.531824,-78.36415
2020-09-02T06:46:10.420006752,19.531855,-78.381874
2020-09-02T06:46:10.421914100,19.531807,-78.36416
2020-09-02T06:46:10.445947647,19.52432,-78.37066
2020-09-02T06:46:10.447854995,19.531761,-78.36429
2020-09-02T06:46:10.453958511,19.522348,-78.36158
2020-09-02T06:46:10.455865859,19.531796,-78.378586
2020-09-02T06:46:10.457773208,19.531769,-78.36429
2020-09-02T06:46:10.463876724,19.526379,-78.36613
2020-09-02T06:46:10.465784072,19.531813,-78.36426
2020-09-02T06:46:10.489816665,19.531763,-78.36412
2020-09-02T06:46:10.491724014,19.526785,-78.36353
2020-09-02T06:46:10.493631362,19.5318,-78.37973
2020-09-02T06:46:10.507746696,19.531841,-78.36427
2020-09-02T06:46:10.509654045,19.531897,-78.38694
2020-09-02T06:46:10.543223381,19.526093,-78.36322
2020-09-02T06:46:10.545512199,19.526613,-78.363106
2020-09-02T06:46:10.547419548,19.531824,-78.36422
2020-09-02T06:46:10.583278656,19.523283,-78.37241
2020-09-02T06:46:10.652707099,19.531845,-78.38586
2020-09-02T06:46:10.654614448,19.529118,-78.35766
2020-09-02T06:46:10.656521797,19.531836,-78.36418
2020-09-02T06:46:10.748075485,19.531822,-78.36423
2020-09-02T06:46:11.537349700,19.460272,-78.68958
2020-09-02T06:46:11.541545867,19.45281,-78.67143
2020-09-02T06:46:11.573207855,19.452785,-78.69729
2020-09-02T06:46:11.589229583,19.452868,-78.704605
2020-09-02T06:46:11.630809783,19.460794,-78.69065
2020-09-02T06:46:11.635005950,19.452837,-78.67141
2020-09-02T06:46:11.662473678,19.452894,-78.69812
2020-09-02T06:46:11.676588058,19.45287,-78.696915
2020-09-02T06:46:11.690320968,19.452847,-78.69613
2020-09-02T06:46:11.736097335,19.452885,-78.69092
2020-09-02T06:46:11.783782958,19.465893,-78.68269
2020-09-02T06:46:11.786071777,19.461853,-78.69315
2020-09-02T06:46:11.841766357,19.46066,-78.687744
2020-09-02T06:46:11.843673706,19.452923,-78.699265
2020-09-02T06:46:11.869232177,19.458977,-78.691986
2020-09-02T06:46:11.893264770,19.463804,-78.68955
2020-09-02T06:46:11.901277542,19.452925,-78.671394
2020-09-02T06:46:11.909288406,19.474443,-78.68739
2020-09-02T06:46:11.911195755,19.474463,-78.694435
2020-09-02T06:46:11.972612380,19.462791,-78.68766
2020-09-02T06:46:11.974901199,19.449835,-78.7012
2020-09-02T06:46:12.012666702,19.452898,-78.69553
2020-09-02T06:46:12.014574050,19.46806,-78.69308
2020-09-02T06:46:12.044330596,19.453014,-78.69728
2020-09-02T06:46:12.093921661,19.452936,-78.69718
2020-09-02T06:46:12.096210479,19.45288,-78.671364
2020-09-02T06:46:12.098117828,19.45915,-78.692215
2020-09-02T06:46:12.100025177,19.451881,-78.694595
2020-09-02T06:46:12.101932525,19.452951,-78.69474
2020-09-02T06:46:12.175558090,19.449888,-78.69504
2020-09-02T06:46:12.252996444,19.452969,-78.67139
2020-09-02T06:46:12.282752990,19.45289,-78.69445
2020-09-02T06:46:13.569087982,19.532936,-78.751015
2020-09-02T06:46:13.598842620,19.533045,-78.75103
2020-09-02T06:46:13.702222824,19.532999,-78.75103
2020-09-02T06:46:13.742277145,19.533022,-78.75108
2020-09-02T06:46:13.760208129,19.533028,-78.75114
2020-09-02T06:46:13.851379394,19.533033,-78.751144
2020-09-02T06:46:13.853668212,19.533035,-78.75113
2020-09-02T06:46:14.103916168,19.533035,-78.75097
2020-09-02T06:46:14.706266403,19.516144,-78.42154
2020-09-02T06:46:14.726102828,19.532433,-78.44143
2020-09-02T06:46:14.744033813,19.532406,-78.407166
2020-09-02T06:46:14.758148193,19.532366,-78.4009
2020-09-02T06:46:14.760055541,19.532377,-78.40395
2020-09-02T06:46:14.802017211,19.52179,-78.410065
2020-09-02T06:46:14.821853637,19.532454,-78.404724
2020-09-02T06:46:15.668729782,18.441864,-82.96705
2020-09-02T06:46:15.741973876,18.419262,-82.95062
2020-09-02T06:46:15.801864624,18.401373,-82.946106
2020-09-02T06:46:15.805679321,18.412971,-82.96553
2020-09-02T06:46:16.940950393,19.453053,-78.748695
2020-09-02T06:46:17.060352325,19.453045,-78.74879
2020-09-02T06:46:17.062259674,19.468279,-78.749214
2020-09-02T06:46:17.157629013,19.461918,-78.74893
2020-09-02T06:46:17.159536361,19.466032,-78.75789
2020-09-02T06:46:17.211416244,19.464834,-78.756134
2020-09-02T06:46:17.213323593,19.453045,-78.74872
2020-09-02T06:46:17.239265441,19.466703,-78.757355
2020-09-02T06:46:17.342645645,19.469366,-78.749084
2020-09-02T06:46:17.344552993,19.452974,-78.748604
2020-09-02T06:46:17.413980484,19.469866,-78.74911
2020-09-02T06:46:19.121847152,19.532188,-78.39398
2020-09-02T06:46:19.129858016,19.5322,-78.384155
2020-09-02T06:46:19.171438217,19.532135,-78.393524
2020-09-02T06:46:19.177541732,19.521208,-78.39812
2020-09-02T06:46:19.221412658,19.532171,-78.38937
2020-09-02T06:46:19.237052917,19.5116,-78.411865
2020-09-02T06:46:19.249259948,19.502748,-78.42072
2020-09-02T06:46:19.257270812,19.487173,-78.44015
2020-09-02T06:46:19.336618423,19.532387,-78.39664
2020-09-02T06:46:19.338525772,19.532385,-78.3919
2020-09-02T06:46:19.584955216,19.453167,-78.71945
2020-09-02T06:46:19.644846917,19.48648,-78.71294
2020-09-02T06:46:19.660487652,19.494019,-78.827225
2020-09-02T06:46:19.672694684,19.48779,-78.83439
2020-09-02T06:46:19.686427594,19.453163,-78.715515
2020-09-02T06:46:19.698635102,19.45341,-78.82599
2020-09-02T06:46:19.794003964,19.453487,-78.82609
2020-09-02T06:46:19.795911313,19.453493,-78.82611
2020-09-02T06:46:19.857328892,19.453596,-78.82615
2020-09-02T06:46:19.859617711,19.469301,-78.81922
2020-09-02T06:46:19.871443272,19.479269,-78.826904
2020-09-02T06:46:21.060121536,19.452578,-78.39
2020-09-02T06:46:21.241322517,19.452562,-78.36218
2020-09-02T06:46:21.243229866,19.465359,-78.396286
2020-09-02T06:46:21.245137214,19.466112,-78.382866
2020-09-02T06:46:21.298925399,19.464596,-78.39275
2020-09-02T06:46:21.300832748,19.45254,-78.36219
2020-09-02T06:46:21.316854476,19.46501,-78.388
2020-09-02T06:46:21.356527805,19.462816,-78.38092
2020-09-02T06:46:21.358435630,19.452509,-78.36216
2020-09-02T06:46:22.447929859,18.488241,-83.02706
2020-09-02T06:46:22.529565334,18.483881,-83.02802
2020-09-02T06:46:22.571146488,18.480293,-83.01698
2020-09-02T06:46:22.573053836,18.482029,-83.008484
2020-09-02T06:46:22.632945537,18.447239,-82.99963
2020-09-02T06:46:22.690548419,18.425898,-82.96061
2020-09-02T06:46:22.724118232,18.48339,-83.00726
2020-09-02T06:46:22.726407051,18.441914,-82.990776
2020-09-02T06:46:23.167774200,18.38241,-82.953964
2020-09-02T06:46:23.169681549,18.420267,-82.921936
2020-09-02T06:46:23.171588897,18.420082,-82.858406
2020-09-02T06:46:23.235295295,18.329676,-83.00565
2020-09-02T06:46:23.308919906,18.386688,-83.020836
2020-09-02T06:46:23.310827255,18.37867,-82.96267
2020-09-02T06:46:23.312734603,18.435177,-82.911026
2020-09-02T06:46:23.314641952,18.463572,-82.876816
2020-09-02T06:46:23.400093078,18.363415,-83.04055
2020-09-02T06:46:23.426033020,18.378757,-83.07991
2020-09-02T06:46:23.434043884,18.481062,-82.81415
2020-09-02T06:46:23.443962097,18.464155,-82.87264
2020-09-02T06:46:23.445869445,18.439138,-82.88132
2020-09-02T06:46:23.445869445,18.046392,-82.867325
2020-09-02T06:46:23.447777748,18.452883,-82.89134
2020-09-02T06:46:23.450066566,18.366755,-83.01673
2020-09-02T06:46:23.451973915,18.3849,-83.03538
2020-09-02T06:46:23.453881263,18.36332,-83.040535
2020-09-02T06:46:23.596934318,18.363655,-83.07807
2020-09-02T06:46:23.598841667,18.341564,-83.04241
2020-09-02T06:46:23.746090888,18.40107,-83.02329
2020-09-02T06:46:23.747998237,18.378328,-83.050575
2020-09-02T06:46:23.750287055,18.385492,-83.04823
2020-09-02T06:46:23.752194404,18.37951,-83.038124
2020-09-02T06:46:23.754101753,18.362822,-83.03973
2020-09-02T06:46:23.756009101,18.365402,-83.038925
2020-09-02T06:46:23.757917404,18.36333,-83.04044
2020-09-02T06:46:23.899063110,18.381721,-83.086205
2020-09-02T06:46:23.968873023,18.723925,-82.53456
2020-09-02T06:46:23.970780372,18.700361,-82.529465
2020-09-02T06:46:23.986802101,18.703999,-82.497826
2020-09-02T06:46:23.998627662,18.675785,-82.477
2020-09-02T06:46:24.000535011,18.675772,-82.47356
2020-09-02T06:46:24.044404983,19.508366,-78.78763
2020-09-02T06:46:24.076067924,19.5135,-78.77921
2020-09-02T06:46:24.078356742,19.500359,-78.7845
2020-09-02T06:46:24.080264091,19.53289,-78.75125
2020-09-02T06:46:24.111926078,19.515783,-78.765236
2020-09-02T06:46:24.113833427,19.509968,-78.75056
2020-09-02T06:46:24.374381065,18.69009,-82.44425
2020-09-02T06:46:24.376289367,18.675753,-82.47591
2020-09-02T06:46:24.378196716,18.693817,-82.45497
2020-09-02T06:46:24.481575965,18.578571,-82.58371
2020-09-02T06:46:24.722287178,18.675518,-82.4362
2020-09-02T06:46:24.724194526,18.675482,-82.4362
2020-09-02T06:46:24.728390693,18.675413,-82.4362
2020-09-02T06:46:24.750135421,18.69221,-82.466095
2020-09-02T06:46:24.752042770,18.703524,-82.47008
2020-09-02T06:46:24.753950119,18.699171,-82.46747
2020-09-02T06:46:24.756238937,18.685274,-82.45085
2020-09-02T06:46:24.758146286,18.684994,-82.45462
2020-09-02T06:46:24.760053634,18.674368,-82.454994
2020-09-02T06:46:24.761960983,18.675589,-82.45737
2020-09-02T06:46:24.763868331,18.67543,-82.43614
2020-09-02T06:46:24.766157150,18.675423,-82.43613
2020-09-02T06:46:24.789808273,18.675444,-82.43611
2020-09-02T06:46:24.794004440,18.675453,-82.43611
2020-09-02T06:46:24.803922653,18.675207,-82.40105
2020-09-02T06:46:24.805830001,18.675198,-82.40248
2020-09-02T06:46:24.807737350,18.675146,-82.39764
2020-09-02T06:46:24.809645652,18.675207,-82.40895
2020-09-02T06:46:24.815749168,18.681051,-82.39344
2020-09-02T06:46:24.817656517,18.675182,-82.39271
2020-09-02T06:46:24.819563865,18.675238,-82.39693
2020-09-02T06:46:24.825667381,18.685469,-82.39593
2020-09-02T06:46:24.827574729,18.67521,-82.404816
2020-09-02T06:46:24.831770896,18.675093,-82.39259
2020-09-02T06:46:24.837492942,18.688976,-82.39053
2020-09-02T06:46:24.839400291,18.67515,-82.39572
2020-09-02T06:46:24.841689109,18.689241,-82.38758
2020-09-02T06:46:24.867247581,18.754206,-82.36261
2020-09-02T06:46:24.893188476,18.704763,-82.37888
2020-09-02T06:46:24.895095825,18.674864,-82.35835
2020-09-02T06:46:25.368507385,19.532055,-78.41878
2020-09-02T06:46:25.400169372,19.53209,-78.42204
2020-09-02T06:46:25.434121131,19.532137,-78.44132
2020-09-02T06:46:25.436028480,19.532125,-78.44131
2020-09-02T06:46:25.479897499,19.5321,-78.41721
2020-09-02T06:46:25.501642227,19.532076,-78.4175
2020-09-02T06:46:25.195317268,19.453176,-78.82605
2020-09-02T06:46:25.227360725,19.45314,-78.80544
2020-09-02T06:46:25.229268074,19.453207,-78.82603
2020-09-02T06:46:25.276952743,19.453163,-78.80823
2020-09-02T06:46:25.278860092,19.453213,-78.82595
2020-09-02T06:46:25.328833580,19.453226,-78.826035
2020-09-02T06:46:25.340659141,19.453194,-78.806244
2020-09-02T06:46:25.354392051,19.453186,-78.82601
2020-09-02T06:46:25.372322082,19.453163,-78.826004
2020-09-02T06:46:25.398262023,19.45319,-78.826096
2020-09-02T06:46:25.437935829,19.453117,-78.80285
2020-09-02T06:46:25.439843177,19.453161,-78.82599
2020-09-02T06:46:25.487908363,19.453209,-78.82598
2020-09-02T06:46:25.489816665,19.453209,-78.82597
2020-09-02T06:46:25.493631362,19.453203,-78.82598
2020-09-02T06:46:25.495538711,19.4532,-78.82598
2020-09-02T06:46:25.507745742,19.453077,-78.80288
2020-09-02T06:46:25.513467788,19.45306,-78.798546
2020-09-02T06:46:25.527582168,19.45314,-78.79725
2020-09-02T06:46:25.529489517,19.453138,-78.79215
2020-09-02T06:46:25.531396865,19.453127,-78.786446
2020-09-02T06:46:25.533304214,19.45038,-78.79059
2020-09-02T06:46:25.535593032,19.442804,-78.79169
2020-09-02T06:46:25.616847991,19.43013,-78.79722
2020-09-02T06:46:25.618755340,19.436682,-78.78709
2020-09-02T06:46:25.621044158,19.453041,-78.78739
2020-09-02T06:46:25.706494331,19.425293,-78.799934
2020-09-02T06:46:25.708401679,19.452972,-78.74846
2020-09-02T06:46:25.777830123,19.453064,-78.78341
2020-09-02T06:46:25.780118942,19.440878,-78.799965
2020-09-02T06:46:27.535288810,18.307175,-83.33052
2020-09-02T06:46:28.048373222,19.532085,-78.44081
2020-09-02T06:46:28.060198783,19.517246,-78.40549
2020-09-02T06:46:28.086138725,19.497622,-78.4029
2020-09-02T06:46:28.088046073,19.490185,-78.402985
2020-09-02T06:46:28.165486335,19.53193,-78.36341
2020-09-02T06:46:28.167775154,19.50945,-78.41067
2020-09-02T06:46:28.213552474,19.53192,-78.363434
2020-09-02T06:46:28.276877403,19.531866,-78.39413
2020-09-02T06:46:28.279166221,19.531778,-78.36351
2020-09-02T06:46:28.281073570,19.531763,-78.36351
2020-09-02T06:46:28.342491149,19.48249,-78.39865
2020-09-02T06:46:28.344398498,19.531822,-78.36351
2020-09-02T06:46:28.356605529,19.504677,-78.397125
2020-09-02T06:46:28.374534606,19.531914,-78.39154
2020-09-02T06:46:28.390174865,19.53185,-78.36351
2020-09-02T06:46:28.410012245,19.51627,-78.39933
2020-09-02T06:46:28.420311927,19.50058,-78.39304
2020-09-02T06:46:28.435952186,19.531876,-78.3918
2020-09-02T06:46:28.437859535,19.517797,-78.3699
2020-09-02T06:46:28.440148353,19.495955,-78.38512
2020-09-02T06:46:28.442055702,19.531858,-78.383026
2020-09-02T06:46:28.559168815,19.531952,-78.38397
2020-09-02T06:46:28.561457633,19.486948,-78.38606
2020-09-02T06:46:28.825819969,19.470497,-78.77325
2020-09-02T06:46:28.835739135,19.452839,-78.7482
2020-09-02T06:46:28.837646484,19.467785,-78.765526
2020-09-02T06:46:28.875411987,19.46866,-78.77128
2020-09-02T06:46:28.926911354,19.4677,-78.76816
2020-09-02T06:46:28.974977493,19.467567,-78.766594
2020-09-02T06:46:29.038302421,19.472631,-78.76831
2020-09-02T06:46:29.127948760,19.452814,-78.77653
2020-09-02T06:46:29.149693489,19.469542,-78.77177
2020-09-02T06:46:32.859542846,19.531633,-78.75118
2020-09-02T06:46:32.863357543,19.524437,-78.73042
2020-09-02T06:46:32.865646362,19.501354,-78.71951
2020-09-02T06:46:32.869461059,19.531557,-78.73856
2020-09-02T06:46:32.871368408,19.52189,-78.73313
2020-09-02T06:46:32.911043167,19.531572,-78.75124
2020-09-02T06:46:32.962923049,19.523521,-78.72976
2020-09-02T06:46:32.964830398,19.451826,-78.71502
2020-09-02T06:46:33.002595901,19.521786,-78.71361
2020-09-02T06:46:33.038455963,19.522314,-78.73228
2020-09-02T06:46:33.040363311,19.531721,-78.7512
2020-09-02T06:46:33.097965240,19.531683,-78.72951
2020-09-02T06:46:33.137639999,19.5317,-78.722115
2020-09-02T06:46:33.193334579,19.531746,-78.75127
2020-09-02T06:46:33.273063659,19.515228,-78.72485
2020-09-02T06:46:33.274971008,19.531595,-78.7237
2020-09-02T06:46:33.276878356,19.531668,-78.75129
2020-09-02T06:46:32.762268066,16.555513,-82.40477
2020-09-02T06:46:32.768371582,16.555534,-82.40476
2020-09-02T06:46:32.776382446,16.555578,-82.40477
2020-09-02T06:46:32.782104492,16.555592,-82.404785
2020-09-02T06:46:32.811859130,16.583147,-82.40612
2020-09-02T06:46:32.814147949,16.584154,-82.40618
2020-09-02T06:46:32.832077026,16.576292,-82.414696
2020-09-02T06:46:32.833984375,16.555546,-82.40482
2020-09-02T06:46:32.851913452,16.555462,-82.404854
2020-09-02T06:46:32.853820800,16.555468,-82.40485
2020-09-02T06:46:32.859924316,16.580666,-82.40606
2020-09-02T06:46:32.867553710,16.543392,-82.39614
2020-09-02T06:46:32.875564575,16.538277,-82.40404
2020-09-02T06:46:32.877471923,16.55543,-82.40485
2020-09-02T06:46:32.879760742,16.555435,-82.40482
2020-09-02T06:46:32.881668090,16.570862,-82.42115
2020-09-02T06:46:32.883575439,16.575314,-82.42211
2020-09-02T06:46:32.969026565,16.555536,-82.404884
2020-09-02T06:46:32.970933914,16.555538,-82.404884
2020-09-02T06:46:32.990770339,16.5555,-82.40483
2020-09-02T06:46:32.993059158,16.555521,-82.40485
2020-09-02T06:46:33.072406768,16.573866,-82.43173
2020-09-02T06:46:33.074314117,16.58243,-82.42955
2020-09-02T06:46:33.076602935,16.577055,-82.43641
2020-09-02T06:46:33.078510284,16.581944,-82.42949
2020-09-02T06:46:33.080417633,16.580215,-82.44417
2020-09-02T06:46:33.082324981,16.581364,-82.43121
2020-09-02T06:46:33.084232330,16.580666,-82.43823
2020-09-02T06:46:33.086521148,16.572695,-82.42842
2020-09-02T06:46:33.088428497,16.571661,-82.42693
2020-09-02T06:46:33.090335845,16.555544,-82.404854
2020-09-02T06:46:33.092243194,16.555546,-82.404854
2020-09-02T06:46:33.121997833,16.555582,-82.40485
2020-09-02T06:46:33.124286651,16.57481,-82.42527
2020-09-02T06:46:33.126194000,16.5764,-82.42628
2020-09-02T06:46:33.128101348,16.574373,-82.425705
2020-09-02T06:46:33.130008697,16.55553,-82.404884
2020-09-02T06:46:33.131917953,16.555536,-82.40489
2020-09-02T06:46:33.290992736,16.580383,-82.383415
2020-09-02T06:46:33.293281555,16.55557,-82.40503
2020-09-02T06:46:33.430231094,19.531012,-78.3994
2020-09-02T06:46:33.541240692,19.531094,-78.403564
2020-09-02T06:46:34.768066406,18.236586,-83.34421
2020-09-02T06:46:34.891283035,18.238852,-83.34439
2020-09-02T06:46:34.921037673,18.207024,-83.342415
2020-09-02T06:46:34.935152053,18.239048,-83.34429
2020-09-02T06:46:34.938966751,18.24516,-83.34465
2020-09-02T06:46:34.960710525,18.240774,-83.34443
2020-09-02T06:46:35.533306121,19.451956,-78.43978
2020-09-02T06:46:35.684751510,19.488274,-78.42462
2020-09-02T06:46:36.654844284,19.452734,-78.74929
2020-09-02T06:46:36.837570190,19.452738,-78.74926
2020-09-02T06:46:36.839477539,19.47909,-78.75003
2020-09-02T06:46:36.929124832,19.47117,-78.75888
2020-09-02T06:46:36.931032180,19.469288,-78.76379
2020-09-02T06:46:36.932939529,19.478636,-78.74994
2020-09-02T06:46:36.935228347,19.452713,-78.74921
2020-09-02T06:46:36.947053909,19.463526,-78.75916
2020-09-02T06:46:36.960786819,19.452713,-78.749176
2020-09-02T06:46:36.972995758,19.476564,-78.76432
2020-09-02T06:46:36.982913970,19.452824,-78.78289
2020-09-02T06:46:36.986728668,19.452742,-78.74923
2020-09-02T06:46:37.006565093,19.485031,-78.757645
2020-09-02T06:46:37.008472442,19.462566,-78.76269
2020-09-02T06:46:37.058444976,19.481041,-78.7636
2020-09-02T06:46:37.092016220,19.473087,-78.76378
2020-09-02T06:46:37.108037948,19.452768,-78.749344
2020-09-02T06:46:37.124059677,19.45267,-78.74929
2020-09-02T06:46:37.133977890,19.452692,-78.74932
2020-09-02T06:46:37.159536361,19.47994,-78.77186
2020-09-02T06:46:37.495616912,18.207508,-83.34255
2020-09-02T06:46:37.615018844,18.207659,-83.362335
2020-09-02T06:46:37.666517257,18.207462,-83.34255
2020-09-02T06:46:37.678724288,18.207441,-83.34248
2020-09-02T06:46:37.700468063,18.207476,-83.3425
2020-09-02T06:46:37.722213745,18.207516,-83.34248
2020-09-02T06:46:37.759979248,18.2075,-83.342514
2020-09-02T06:46:37.776000976,18.207434,-83.34251
2020-09-02T06:46:37.782104492,18.20744,-83.34254
2020-09-02T06:46:37.792022705,18.207592,-83.35838
2020-09-02T06:46:37.803848266,18.207605,-83.36315
2020-09-02T06:46:37.817581176,18.207476,-83.342476
2020-09-02T06:46:37.831695556,18.207432,-83.342514
2020-09-02T06:46:37.847719192,18.207474,-83.34249
2020-09-02T06:46:37.855348587,18.207472,-83.34248
2020-09-02T06:46:37.869462966,18.207447,-83.34247
2020-09-02T06:46:37.887392044,18.207386,-83.342476
2020-09-02T06:46:37.915239334,18.19494,-83.35403
2020-09-02T06:46:37.935075759,18.199514,-83.36025
2020-09-02T06:46:37.994586944,18.207418,-83.342445
2020-09-02T06:46:37.996494293,18.207438,-83.342445
2020-09-02T06:46:38.020526885,18.207483,-83.35804
2020-09-02T06:46:38.022434234,18.194115,-83.36422
2020-09-02T06:46:38.424127578,18.441181,-82.93203
2020-09-02T06:46:38.426034927,18.419853,-82.93113
2020-09-02T06:46:38.434045791,18.425432,-82.93746
2020-09-02T06:46:38.445871353,18.44115,-82.92931
2020-09-02T06:46:38.461894989,18.441206,-82.93228
2020-09-02T06:46:38.531322479,18.418236,-82.932556
2020-09-02T06:46:38.545436859,18.44118,-82.930275
2020-09-02T06:46:38.668653488,18.420069,-82.92842
2020-09-02T06:46:38.696500778,18.441193,-82.93008
2020-09-02T06:46:38.775848388,18.417038,-82.92583
2020-09-02T06:46:38.788055419,18.404268,-82.923836
2020-09-02T06:46:38.803695678,18.44087,-82.88961
2020-09-02T06:46:38.805984497,18.44117,-82.93048
2020-09-02T06:46:38.831544876,18.417877,-82.92534
2020-09-02T06:46:38.851381301,18.441156,-82.927444
2020-09-02T06:46:38.879228591,18.416533,-82.92771
2020-09-02T06:46:38.901353836,18.441233,-82.927444
2020-09-02T06:46:38.992527008,18.42737,-82.93544
2020-09-02T06:46:39.103918075,18.40091,-82.923195
2020-09-02T06:46:39.105825424,18.411203,-82.92571
2020-09-02T06:46:38.215461730,19.452595,-78.67176
2020-09-02T06:46:38.261238098,19.452541,-78.671745
2020-09-02T06:46:38.296714782,19.45254,-78.68798
2020-09-02T06:46:38.328758239,19.452488,-78.671745
2020-09-02T06:46:38.330667495,19.452517,-78.68571
2020-09-02T06:46:38.352411270,19.452503,-78.67178
2020-09-02T06:46:38.354700088,19.452518,-78.68182
2020-09-02T06:46:38.398187637,19.452534,-78.67172
2020-09-02T06:46:38.400094985,19.45884,-78.68674
2020-09-02T06:46:38.402383804,19.45258,-78.68973
2020-09-02T06:46:38.437860488,19.452501,-78.67787
2020-09-02T06:46:38.440149307,19.459738,-78.684555
2020-09-02T06:46:38.469905853,19.452494,-78.67175
2020-09-02T06:46:38.471813201,19.452488,-78.671745
2020-09-02T06:46:38.473720550,19.45248,-78.67174
2020-09-02T06:46:38.475627899,19.452473,-78.67173
2020-09-02T06:46:38.509578704,19.452517,-78.671715
2020-09-02T06:46:38.511486053,19.452507,-78.67172
2020-09-02T06:46:38.547344207,19.452463,-78.67172
2020-09-02T06:46:38.549251556,19.461039,-78.684586
2020-09-02T06:46:38.551540374,19.452477,-78.68273
2020-09-02T06:46:38.553447723,19.452463,-78.67173
2020-09-02T06:46:38.563365936,19.452541,-78.679306
2020-09-02T06:46:38.565273284,19.452457,-78.6789
2020-09-02T06:46:38.567180633,19.456448,-78.67913
2020-09-02T06:46:38.569087982,19.449131,-78.679405
2020-09-02T06:46:38.571376800,19.45261,-78.68865
2020-09-02T06:46:38.581296920,19.44704,-78.67993
2020-09-02T06:46:38.601133346,19.452618,-78.709854
2020-09-02T06:46:38.672468185,19.46724,-78.68668
2020-09-02T06:46:38.674757003,19.452507,-78.67177
2020-09-02T06:46:38.676664352,19.45251,-78.67176
2020-09-02T06:46:38.708328247,19.452465,-78.671715
2020-09-02T06:46:38.716339111,19.452492,-78.67176
2020-09-02T06:46:38.718246459,19.472223,-78.67757
2020-09-02T06:46:38.720535278,19.471422,-78.6756
2020-09-02T06:46:38.722442626,19.47211,-78.67904
2020-09-02T06:46:38.789962768,19.448715,-78.67672
2020-09-02T06:46:38.791870117,19.444191,-78.67635
2020-09-02T06:46:38.793777465,19.440622,-78.67548
2020-09-02T06:46:38.796066284,19.452473,-78.671715
2020-09-02T06:46:38.803695678,19.372725,-78.6694
2020-09-02T06:46:38.805984497,19.412386,-78.673256
2020-09-02T06:46:38.807891845,19.429684,-78.675674
2020-09-02T06:46:38.809799194,19.443022,-78.678185
2020-09-02T06:46:38.811706542,19.414993,-78.68077
2020-09-02T06:46:38.813613891,19.42322,-78.67778
2020-09-02T06:46:38.815902709,19.414192,-78.67812
2020-09-02T06:46:38.817810058,19.426743,-78.67088
2020-09-02T06:46:38.821624755,19.411331,-78.67551
2020-09-02T06:46:38.823913574,19.43602,-78.67922
2020-09-02T06:46:38.825822830,19.423618,-78.67081
2020-09-02T06:46:38.833833694,19.38962,-78.67569
2020-09-02T06:46:38.835741043,19.41555,-78.67845
2020-09-02T06:46:38.837648391,19.431133,-78.67104
2020-09-02T06:46:38.843751907,19.380032,-78.676994
2020-09-02T06:46:38.845659255,19.419785,-78.670746
2020-09-02T06:46:38.861680984,19.372751,-78.66941
2020-09-02T06:46:38.871599197,19.400928,-78.666504
2020-09-02T06:46:38.873506546,19.435661,-78.67336
2020-09-02T06:46:38.875413894,19.440948,-78.68251
2020-09-02T06:46:38.881517410,19.393768,-78.66061
2020-09-02T06:46:38.885332107,19.431353,-78.67103
2020-09-02T06:46:38.887239456,19.406057,-78.6639
2020-09-02T06:46:38.889146804,19.422361,-78.669846
2020-09-02T06:46:38.891435623,19.397152,-78.655525
2020-09-02T06:46:38.893342971,19.420223,-78.67553
2020-09-02T06:46:38.895250320,19.452532,-78.671646
2020-09-02T06:46:38.913179397,19.372496,-78.59209
2020-09-02T06:46:38.915086746,19.388933,-78.6447
2020-09-02T06:46:38.925004959,19.372734,-78.66935
2020-09-02T06:46:38.965061187,19.379324,-78.63949
2020-09-02T06:46:39.060428619,19.451958,-78.43959
2020-09-02T06:46:39.062335968,19.45196,-78.43958
2020-09-02T06:46:39.064243316,19.46641,-78.42971
2020-09-02T06:46:39.066150665,19.453148,-78.43722
2020-09-02T06:46:39.072256088,19.451248,-78.6774
2020-09-02T06:46:39.074163436,19.40062,-78.67862
2020-09-02T06:46:39.106206893,19.452404,-78.67166
2020-09-02T06:46:39.141683578,19.451965,-78.43956
2020-09-02T06:46:39.277107238,19.450901,-78.43151
2020-09-02T06:46:39.279014587,19.463942,-78.42748
2020-09-02T06:46:39.280921936,19.452108,-78.43976
2020-09-02T06:46:39.338525772,19.465088,-78.42645
2020-09-02T06:46:39.386209487,19.451763,-78.44044
2020-09-02T06:46:39.388498306,19.48293,-78.404175
2020-09-02T06:46:39.400323867,19.451904,-78.43953
2020-09-02T06:46:39.402231216,19.451912,-78.43954
2020-09-02T06:46:39.408334732,19.458597,-78.442085
2020-09-02T06:46:39.414056777,19.444021,-78.44462
2020-09-02T06:46:39.416345596,19.45194,-78.43954
2020-09-02T06:46:39.426263809,19.451956,-78.439545
2020-09-02T06:46:39.438089370,19.470516,-78.44005
2020-09-02T06:46:39.477764129,19.48512,-78.40821
2020-09-02T06:46:39.529644012,19.451933,-78.43961
2020-09-02T06:46:39.537273406,19.451933,-78.43959
2020-09-02T06:46:39.551387786,19.451899,-78.43952
2020-09-02T06:46:39.553295135,19.465387,-78.44069
2020-09-02T06:46:39.565120697,19.464787,-78.442696
2020-09-02T06:46:39.583051681,19.466303,-78.43967
2020-09-02T06:46:39.630735397,19.451874,-78.439575
2020-09-02T06:46:38.997104644,15.294439,-82.10923
2020-09-02T06:46:39.016941070,15.3173485,-82.082695
2020-09-02T06:46:39.074544906,15.297411,-82.09309
2020-09-02T06:46:39.126424789,15.280314,-82.06581
2020-09-02T06:46:39.128332138,15.317141,-82.04391
2020-09-02T06:46:39.130239486,15.291844,-82.084076
2020-09-02T06:46:39.229804992,15.240545,-82.11657
2020-09-02T06:46:39.319068908,15.268146,-82.11145
2020-09-02T06:46:39.320978164,15.259983,-82.123505
2020-09-02T06:46:39.364847183,15.240539,-82.11654
2020-09-02T06:46:39.366754531,15.294773,-82.098114
2020-09-02T06:46:39.633021355,19.45187,-78.43958
2020-09-02T06:46:39.656672955,19.484554,-78.40877
2020-09-02T06:46:39.956893921,19.45498,-79.60092
2020-09-02T06:46:39.958801270,19.454924,-79.591866
2020-09-02T06:46:39.960708619,19.454903,-79.59155
2020-09-02T06:46:39.962997437,19.454916,-79.591576
2020-09-02T06:46:39.964904786,19.45493,-79.591644
2020-09-02T06:46:39.966812611,19.457829,-79.59357
2020-09-02T06:46:39.968719960,19.459175,-79.594444
2020-09-02T06:46:39.970627308,19.455,-79.60094
2020-09-02T06:46:39.972916127,19.454985,-79.60093
2020-09-02T06:46:40.002671241,19.454927,-79.600945
2020-09-02T06:46:40.012589454,19.454979,-79.60094
2020-09-02T06:46:40.014496803,19.45499,-79.60092
2020-09-02T06:46:40.016404151,19.455004,-79.600914
2020-09-02T06:46:40.018692970,19.455015,-79.6009
2020-09-02T06:46:40.020600318,19.455029,-79.60089
2020-09-02T06:46:40.022507667,19.455017,-79.6009
2020-09-02T06:46:40.024415016,19.455006,-79.600914
2020-09-02T06:46:40.026322364,19.454994,-79.60093
2020-09-02T06:46:40.028611660,19.45498,-79.600945
2020-09-02T06:46:40.030519008,19.45497,-79.60095
2020-09-02T06:46:40.048448085,19.454962,-79.60097
2020-09-02T06:46:40.050355434,19.454962,-79.60099
2020-09-02T06:46:40.052262783,19.454971,-79.600975
2020-09-02T06:46:40.054170131,19.45498,-79.60095
2020-09-02T06:46:40.056458950,19.454992,-79.60094
2020-09-02T06:46:40.058366298,19.455002,-79.600914
2020-09-02T06:46:40.060274124,19.455011,-79.6009
2020-09-02T06:46:40.062181472,19.455,-79.60091
2020-09-02T06:46:40.064088821,19.454983,-79.600914
2020-09-02T06:46:40.066377639,19.454967,-79.60093
2020-09-02T06:46:40.068284988,19.45495,-79.600945
2020-09-02T06:46:40.070192337,19.454933,-79.60095
2020-09-02T06:46:40.072099685,19.45494,-79.60095
2020-09-02T06:46:40.074007034,19.454954,-79.600945
2020-09-02T06:46:42.046236038,19.489063,-78.82735
2020-09-02T06:46:42.048524856,19.452444,-78.82627
2020-09-02T06:46:42.050432205,19.452456,-78.82628
2020-09-02T06:46:42.052339553,19.467321,-78.82086
2020-09-02T06:46:42.054246902,19.475037,-78.820175
2020-09-02T06:46:42.119860649,19.478844,-78.822495
2020-09-02T06:46:42.121767997,19.47315,-78.80743
2020-09-02T06:46:42.127871513,19.487158,-78.81778
2020-09-02T06:46:42.149615764,19.48384,-78.81366
2020-09-02T06:46:42.191577911,19.475266,-78.81818
2020-09-02T06:46:42.270925045,19.481485,-78.82706
2020-09-02T06:46:42.288854598,19.452255,-78.82615
2020-09-02T06:46:42.290761947,19.452261,-78.82615
2020-09-02T06:46:42.306783676,19.470171,-78.82674
2020-09-02T06:46:42.314794540,19.4523,-78.82619
2020-09-02T06:46:42.336538791,19.477577,-78.82696
2020-09-02T06:46:42.352560997,19.477772,-78.814705
2020-09-02T06:46:42.370490074,19.474731,-78.82683
2020-09-02T06:46:42.398337841,19.473202,-78.81758
2020-09-02T06:46:42.418174743,19.452345,-78.82624
2020-09-02T06:46:42.439918518,19.452276,-78.82622
2020-09-02T06:46:42.463951587,19.473654,-78.81914
2020-09-02T06:46:42.529565334,19.492025,-78.827385
2020-09-02T06:46:42.531472682,19.474653,-78.80471
2020-09-02T06:46:42.595179080,19.485489,-78.83811
2020-09-02T06:46:42.672618865,19.483223,-78.8136
2020-09-02T06:46:42.712292194,19.452238,-78.82623
2020-09-02T06:46:46.115818023,19.485247,-78.77528
2020-09-02T06:46:46.125736236,19.45224,-78.74885
2020-09-02T06:46:46.128025054,19.532066,-78.75115
2020-09-02T06:46:46.256963729,19.486628,-78.749886
2020-09-02T06:46:46.259252548,19.489086,-78.771706
2020-09-02T06:46:46.261159896,19.452234,-78.74891
2020-09-02T06:46:46.425957679,19.476492,-78.77413
2020-09-02T06:46:46.438164710,19.452248,-78.748924
2020-09-02T06:46:48.120090484,18.34088,-83.239716
2020-09-02T06:46:48.157856941,18.357132,-83.22325
2020-09-02T06:46:48.201344490,18.333504,-83.243416
2020-09-02T06:46:48.243307113,18.364445,-83.23155
2020-09-02T06:46:48.245214462,18.333115,-83.24416
2020-09-02T06:46:48.879226684,18.326572,-83.3078
2020-09-02T06:46:48.881515502,18.364534,-83.23028
2020-09-02T06:46:49.085987091,18.323814,-83.23413
2020-09-02T06:46:49.986650466,18.764505,-82.21294
2020-09-02T06:46:49.988557815,18.752926,-82.222725
2020-09-02T06:46:49.990846633,18.746805,-82.21636
2020-09-02T06:46:49.992753982,18.753288,-82.2077
2020-09-02T06:46:49.994661331,18.75336,-82.22006
2020-09-02T06:46:49.996568679,18.753471,-82.21354
2020-09-02T06:46:49.998476028,18.753254,-82.20773
2020-09-02T06:46:50.016406059,18.743828,-82.206795
2020-09-02T06:46:50.018694877,18.741976,-82.207054
2020-09-02T06:46:50.020602226,18.740246,-82.20001
2020-09-02T06:46:50.022509574,18.740204,-82.20619
2020-09-02T06:46:50.024416923,18.744644,-82.20578
2020-09-02T06:46:50.036242485,18.730095,-82.206474
2020-09-02T06:46:50.038531303,18.722614,-82.199936
2020-09-02T06:46:50.040438652,18.753323,-82.207664
2020-09-02T06:46:50.042346000,18.71506,-82.192894
2020-09-02T06:46:50.044253349,18.717752,-82.194336
2020-09-02T06:46:50.064089775,18.708786,-82.18815
2020-09-02T06:46:50.066378593,18.753387,-82.2077
2020-09-02T06:46:50.070194244,18.699753,-82.18045
2020-09-02T06:46:50.072101593,18.75341,-82.207695
2020-09-02T06:46:50.127796173,18.710707,-82.19282
2020-09-02T06:46:50.129703521,18.719963,-82.173294
2020-09-02T06:46:50.440225601,19.491095,-78.75038
2020-09-02T06:46:50.442132949,19.474653,-78.75914
2020-09-02T06:46:50.485620498,19.492216,-78.750404
2020-09-02T06:46:50.598918914,19.477882,-78.76366
2020-09-02T06:46:50.698484420,19.486088,-78.75022
2020-09-02T06:46:50.700391769,19.474644,-78.76132
2020-09-02T06:46:50.702299118,19.482975,-78.75013
2020-09-02T06:46:50.714506149,19.471664,-78.76171
2020-09-02T06:46:50.573360443,19.532389,-78.396614
2020-09-02T06:46:50.606929779,19.520773,-78.401886
2020-09-02T06:46:50.609218597,19.532373,-78.39385
2020-09-02T06:46:50.730146408,19.500101,-78.404335
2020-09-02T06:46:50.732435226,19.532366,-78.364555
2020-09-02T06:46:50.760283470,19.478306,-78.757515
2020-09-02T06:46:50.762190818,19.466358,-78.76327
2020-09-02T06:46:50.780119895,19.488657,-78.750244
2020-09-02T06:46:50.782027244,19.482067,-78.75005
2020-09-02T06:46:50.805678367,19.485687,-78.750244
2020-09-02T06:46:50.823608398,19.487408,-78.75027
2020-09-02T06:46:50.847640991,19.490286,-78.75032
2020-09-02T06:46:50.865570068,19.503542,-78.379326
2020-09-02T06:46:50.865570068,19.470446,-78.7675
2020-09-02T06:46:50.867477416,19.532305,-78.36453
2020-09-02T06:46:50.871292114,19.521057,-78.38421
2020-09-02T06:46:50.873581886,19.483086,-78.75007
2020-09-02T06:46:50.875489234,19.453272,-78.74918
2020-09-02T06:46:50.889222145,19.532265,-78.36453
2020-09-02T06:46:50.905243873,19.485388,-78.75015
2020-09-02T06:46:50.905243873,19.532356,-78.38718
2020-09-02T06:46:50.907151222,19.473742,-78.76594
2020-09-02T06:46:50.911347389,19.453352,-78.74919
2020-09-02T06:46:50.923172950,19.478073,-78.76247
2020-09-02T06:46:50.934999465,19.532341,-78.36448
2020-09-02T06:46:50.946825027,19.485605,-78.75008
2020-09-02T06:46:50.949113845,19.453367,-78.74913
2020-09-02T06:46:50.957124710,19.482948,-78.750015
2020-09-02T06:46:50.964754104,19.45339,-78.74916
2020-09-02T06:46:50.967042922,19.520712,-78.37121
2020-09-02T06:46:50.984590530,19.453367,-78.74914
2020-09-02T06:46:51.030368804,19.532314,-78.3646
2020-09-02T06:46:51.058216094,19.510456,-78.36694
2020-09-02T06:46:51.125736236,19.532389,-78.38556
2020-09-02T06:46:51.153585433,19.532425,-78.38703
2020-09-02T06:46:53.064395904,18.339977,-83.161415
2020-09-02T06:46:53.088047027,18.362658,-82.9165
2020-09-02T06:46:53.125812530,18.363647,-83.1564
2020-09-02T06:46:53.153661727,18.28578,-83.19194
2020-09-02T06:46:53.199438095,18.355284,-83.15696
2020-09-02T06:46:53.231100082,18.364454,-83.15456
2020-09-02T06:46:53.235296249,18.360058,-83.154564
2020-09-02T06:46:53.237203598,18.34281,-83.15965
2020-09-02T06:46:53.290992736,18.33982,-82.83782
2020-09-02T06:46:53.290992736,18.442646,-83.04561
2020-09-02T06:46:53.292900085,18.364853,-82.887375
2020-09-02T06:46:53.294807434,18.362427,-82.88558
2020-09-02T06:46:53.296714782,18.344618,-83.1653
2020-09-02T06:46:53.350502014,18.38279,-83.14714
2020-09-02T06:46:53.352409362,18.366333,-83.15375
2020-09-02T06:46:53.354698181,18.345474,-83.16341
2020-09-02T06:46:52.829788208,19.507637,-78.81104
2020-09-02T06:46:52.835510253,19.533304,-78.829155
2020-09-02T06:46:53.113986968,19.453468,-78.80342
2020-09-02T06:46:53.257041931,19.453503,-78.8075
2020-09-02T06:46:53.406198501,19.453451,-78.809555
2020-09-02T06:46:53.408105850,19.436647,-78.80408
2020-09-02T06:46:53.427942276,19.453516,-78.80747
2020-09-02T06:46:53.463800430,19.453554,-78.82693
2020-09-02T06:46:53.583202362,19.453506,-78.8269
2020-09-02T06:46:53.589305877,19.45346,-78.80777
2020-09-02T06:46:53.596935272,19.453493,-78.82686
2020-09-02T06:46:53.609142303,19.453505,-78.82687
2020-09-02T06:46:53.630887985,19.453424,-78.808395
2020-09-02T06:46:53.645002365,19.453531,-78.8269
2020-09-02T06:46:53.704511642,19.45346,-78.82685
2020-09-02T06:46:53.813995361,19.41787,-78.80245
2020-09-02T06:46:53.835739135,19.453506,-78.8269
2020-09-02T06:46:53.837646484,19.431488,-78.810745
2020-09-02T06:46:53.877321243,19.453493,-78.80453
2020-09-02T06:46:53.879228591,19.44107,-78.80811
2020-09-02T06:46:55.068286895,19.452335,-78.43995
2020-09-02T06:46:55.120168685,19.433607,-78.44891
2020-09-02T06:46:55.141912460,19.452375,-78.439964
2020-09-02T06:46:55.159841537,19.452333,-78.44001
2020-09-02T06:46:55.177770614,19.452587,-78.45513
2020-09-02T06:46:58.744186401,19.478462,-78.74107
2020-09-02T06:46:58.770126342,19.496181,-78.75049
2020-09-02T06:46:58.772033691,19.497055,-78.75052
2020-09-02T06:46:58.773941040,19.493782,-78.74168
2020-09-02T06:46:58.775848388,19.499172,-78.75057
2020-09-02T06:46:58.778137207,19.532381,-78.751526
2020-09-02T06:46:58.780044555,19.505514,-78.75075
2020-09-02T06:46:58.781951904,19.511932,-78.73883
2020-09-02T06:46:58.783859252,19.501463,-78.7506
2020-09-02T06:46:58.788055419,19.49275,-78.75032
2020-09-02T06:46:58.879228591,19.452435,-78.71605
2020-09-02T06:46:58.881517410,19.481573,-78.72626
2020-09-02T06:46:58.849473953,19.531647,-78.404594
2020-09-02T06:46:58.851762771,19.531569,-78.36451
2020-09-02T06:46:58.867403030,19.531546,-78.36447
2020-09-02T06:46:58.869310379,19.531584,-78.38735
2020-09-02T06:46:58.887239456,19.531519,-78.36445
2020-09-02T06:46:58.889528274,19.531555,-78.37789
2020-09-02T06:46:58.891435623,19.531582,-78.39051
2020-09-02T06:46:58.897157669,19.531492,-78.36442
2020-09-02T06:46:58.899446487,19.526457,-78.38602
2020-09-02T06:46:58.911272048,19.50447,-78.73824
2020-09-02T06:46:58.913179397,19.499414,-78.73558
2020-09-02T06:46:58.915086746,19.492502,-78.73984
2020-09-02T06:46:58.923097610,19.531528,-78.376076
2020-09-02T06:46:58.925004959,19.531532,-78.37414
2020-09-02T06:46:58.927293777,19.523626,-78.73845
2020-09-02T06:46:58.929201126,19.51032,-78.7393
2020-09-02T06:46:58.931108474,19.452557,-78.74923
2020-09-02T06:46:58.933015823,19.531544,-78.364525
2020-09-02T06:46:58.934923171,19.530994,-78.37448
2020-09-02T06:46:58.937211990,19.52576,-78.38068
2020-09-02T06:46:58.939119338,19.531569,-78.36449
2020-09-02T06:46:58.941026687,19.531574,-78.36447
2020-09-02T06:46:58.942934036,19.53157,-78.36444
2020-09-02T06:46:58.944841384,19.532791,-78.36688
2020-09-02T06:46:58.947130203,19.529676,-78.37098
2020-09-02T06:46:58.960865020,19.53159,-78.3644
2020-09-02T06:46:58.968875885,19.53153,-78.355774
2020-09-02T06:46:58.970783233,19.528605,-78.37788
2020-09-02T06:46:58.990619659,19.485777,-78.72801
2020-09-02T06:46:58.992908477,19.452538,-78.749115
2020-09-02T06:46:58.994815826,19.531504,-78.364426
2020-09-02T06:46:58.996723175,19.525871,-78.36452
2020-09-02T06:46:58.996723175,19.506691,-78.73637
2020-09-02T06:46:58.998630523,19.531479,-78.36443
2020-09-02T06:46:59.002826690,19.532303,-78.75144
2020-09-02T06:46:59.004734039,19.49802,-78.72878
2020-09-02T06:46:59.006641387,19.532316,-78.75144
2020-09-02T06:46:59.008548736,19.495481,-78.73715
2020-09-02T06:46:59.012744903,19.521328,-78.3551
2020-09-02T06:46:59.020755767,19.522318,-78.35665
2020-09-02T06:46:59.022663116,19.52438,-78.36431
2020-09-02T06:46:59.024570465,19.531542,-78.36439
2020-09-02T06:46:59.026477813,19.531527,-78.364395
2020-09-02T06:46:59.028385162,19.531511,-78.3644
2020-09-02T06:46:59.030673980,19.531498,-78.36441
2020-09-02T06:46:59.032581329,19.531506,-78.36442
2020-09-02T06:46:59.036396026,19.531527,-78.36443
2020-09-02T06:46:59.038303375,19.526518,-78.36256
2020-09-02T06:46:59.040592193,19.531546,-78.36445
2020-09-02T06:46:59.066150665,19.476044,-78.33689
2020-09-02T06:46:59.074163436,19.500061,-78.339294
2020-09-02T06:46:59.076070785,19.531567,-78.36439
2020-09-02T06:46:59.082174301,19.494429,-78.33275
2020-09-02T06:46:59.084081649,19.513744,-78.346725
2020-09-02T06:46:59.085988998,19.53158,-78.364426
2020-09-02T06:46:59.108114242,19.488317,-78.31342
2020-09-02T06:46:59.110021591,19.50586,-78.33879
2020-09-02T06:46:59.111928939,19.531515,-78.36443
2020-09-02T06:46:59.121847152,19.48107,-78.31859
2020-09-02T06:46:59.124135971,19.50699,-78.33827
2020-09-02T06:46:59.126043319,19.531591,-78.37622
2020-09-02T06:46:59.127950668,19.531569,-78.36434
2020-09-02T06:46:59.134054183,19.475563,-78.28554
2020-09-02T06:46:59.135961532,19.451654,-78.284935
2020-09-02T06:46:59.143972396,19.479446,-78.30616
2020-09-02T06:46:59.145879745,19.506216,-78.33671
2020-09-02T06:46:59.147787094,19.480873,-78.31635
2020-09-02T06:46:59.149694442,19.500807,-78.33348
2020-09-02T06:46:59.151601791,19.504187,-78.33651
2020-09-02T06:46:59.153890609,19.515186,-78.35528
2020-09-02T06:46:59.155797958,19.50247,-78.337776
2020-09-02T06:46:59.157705307,19.47063,-78.302246
2020-09-02T06:46:59.159612655,19.499756,-78.3329
2020-09-02T06:46:59.161901473,19.531572,-78.36442
2020-09-02T06:46:59.171819686,19.45162,-78.275116
2020-09-02T06:46:59.173727035,19.460049,-78.2852
2020-09-02T06:46:59.346536636,19.531506,-78.36431
2020-09-02T06:46:59.416345596,19.51998,-78.36169
2020-09-02T06:46:59.418252944,19.514858,-78.34948
2020-09-02T06:46:59.461742401,19.531569,-78.36906
2020-09-02T06:46:59.464031219,19.522923,-78.37531
2020-09-02T06:46:59.475856781,19.531513,-78.3643
2020-09-02T06:46:59.485774993,19.51959,-78.36522
2020-09-02T06:46:59.491878509,19.531527,-78.34281
2020-09-02T06:46:59.495693206,19.531553,-78.36432
2020-09-02T06:46:59.501796722,19.531502,-78.34996
2020-09-02T06:46:59.503704071,19.531538,-78.35899
2020-09-02T06:46:59.507518768,19.531475,-78.36434
2020-09-02T06:46:59.509807586,19.531458,-78.36436
2020-09-02T06:46:59.521633148,19.531433,-78.32096
2020-09-02T06:46:59.523540496,19.531513,-78.36428
2020-09-02T06:47:01.082247257,18.39673,-82.96465
2020-09-02T06:47:01.115817070,18.397638,-82.964676
2020-09-02T06:47:01.185626983,18.399591,-82.964836
2020-09-02T06:47:01.189441680,18.398817,-82.97106
2020-09-02T06:47:01.191349029,18.39892,-82.9648
2020-09-02T06:47:01.266881465,18.3968,-82.964714
2020-09-02T06:47:01.271077632,18.415117,-82.96576
2020-09-02T06:47:01.290914058,18.395418,-82.96461
2020-09-02T06:47:01.298925399,18.41038,-82.96555
2020-09-02T06:47:01.382468223,18.389006,-82.98107
2020-09-02T06:47:01.525521755,19.453232,-78.82628
2020-09-02T06:47:01.545358657,19.474285,-78.82856
2020-09-02T06:47:01.547266006,19.474253,-78.823135
2020-09-02T06:47:01.549554824,19.467909,-78.82409
2020-09-02T06:47:01.635004997,19.477499,-78.82706
2020-09-02T06:47:01.636912822,19.453375,-78.82634
2020-09-02T06:47:01.646831035,19.453411,-78.82634
2020-09-02T06:47:01.722362995,19.46668,-78.80376
2020-09-02T06:47:01.724270343,19.453316,-78.79925
2020-09-02T06:47:01.726177692,19.453306,-78.801704
2020-09-02T06:47:01.728466510,19.453348,-78.82636
2020-09-02T06:47:01.750210762,19.453306,-78.780495
2020-09-02T06:47:01.867323875,19.465408,-78.804886
2020-09-02T06:47:01.869612693,19.45878,-78.80383
2020-09-02T06:47:01.935226440,19.466665,-78.805824
2020-09-02T06:47:01.956970691,19.460386,-78.79867
2020-09-02T06:47:01.958878040,19.453342,-78.79843
2020-09-02T06:47:01.968796253,19.45332,-78.79112
2020-09-02T06:47:02.034409999,19.460424,-78.801056
2020-09-02T06:47:02.052339553,19.4534,-78.82637
2020-09-02T06:47:02.143893718,19.480074,-78.827225
2020-09-02T06:47:02.181659698,19.46901,-78.8254
2020-09-02T06:47:02.185474395,19.453379,-78.82643
2020-09-02T06:47:02.203403949,19.476328,-78.82703
2020-09-02T06:47:03.207448005,18.709213,-82.38514
2020-09-02T06:47:03.213551521,18.704163,-82.37883
2020-09-02T06:47:03.229191780,18.698229,-82.38075
2020-09-02T06:47:03.258946418,18.675192,-82.35866
2020-09-02T06:47:03.265050888,18.67522,-82.3586
2020-09-02T06:47:03.286794662,18.675222,-82.358635
2020-09-02T06:47:03.289083480,18.704622,-82.38206
2020-09-02T06:47:03.290990829,18.709547,-82.38246
2020-09-02T06:47:03.292898178,18.712183,-82.360664
2020-09-02T06:47:03.299001693,18.713533,-82.360634
2020-09-02T06:47:03.300909042,18.704782,-82.375854
2020-09-02T06:47:03.302816390,18.70394,-82.37716
2020-09-02T06:47:03.304723739,18.705847,-82.37424
2020-09-02T06:47:03.306631088,18.697453,-82.37059
2020-09-02T06:47:03.308919906,18.67525,-82.35852
2020-09-02T06:47:03.310827255,18.69156,-82.3594
2020-09-02T06:47:03.332571983,18.675194,-82.35863
2020-09-02T06:47:03.334479331,18.675179,-82.35861
2020-09-02T06:47:03.336768150,18.69039,-82.36705
2020-09-02T06:47:03.338675498,18.695248,-82.35967
2020-09-02T06:47:03.350501060,18.675163,-82.35863
2020-09-02T06:47:03.352408409,18.689898,-82.364426
2020-09-02T06:47:03.354697227,18.692928,-82.368835
2020-09-02T06:47:03.364615440,18.675234,-82.35864
2020-09-02T06:47:03.368430137,18.675217,-82.358604
2020-09-02T06:47:03.370337486,18.675207,-82.35859
2020-09-02T06:47:03.372244834,18.684786,-82.34923
2020-09-02T06:47:03.374533653,18.685253,-82.35599
2020-09-02T06:47:03.404289245,18.675064,-82.33484
2020-09-02T06:47:03.406196594,18.675203,-82.358604
2020-09-02T06:47:03.579005241,18.675245,-82.35854
2020-09-02T06:47:03.712521553,18.70478,-82.37945
2020-09-02T06:47:03.714428901,18.693684,-82.36481
2020-09-02T06:47:03.738080024,18.675156,-82.35859
2020-09-02T06:47:03.740368843,18.691587,-82.3614
2020-09-02T06:47:03.752194404,18.690018,-82.359436
2020-09-02T06:47:03.841460227,18.675169,-82.3586
2020-09-02T06:47:03.843749046,18.696692,-82.37194
2020-09-02T06:47:03.845656394,18.683907,-82.3426
2020-09-02T06:47:05.601206779,19.453245,-78.79425
2020-09-02T06:47:05.684750556,19.453163,-78.749
2020-09-02T06:47:05.686657905,19.479862,-78.77657
2020-09-02T06:47:05.688565254,19.475153,-78.77369
2020-09-02T06:47:05.728238105,19.476519,-78.78252
2020-09-02T06:47:05.774015426,19.476376,-78.78128
2020-09-02T06:47:05.782026290,19.473797,-78.775215
2020-09-02T06:47:05.798048019,19.45322,-78.77663
2020-09-02T06:47:05.855650901,19.477524,-78.78263
2020-09-02T06:47:05.863662719,19.471077,-78.77431
2020-09-02T06:47:05.877395629,19.476652,-78.77452
2020-09-02T06:47:05.913253784,19.472301,-78.77824
2020-09-02T06:47:05.934998512,19.470884,-78.78005
2020-09-02T06:47:06.883346557,19.532143,-78.44178
2020-09-02T06:47:06.889450073,19.532108,-78.441765
2020-09-02T06:47:06.947052955,19.532034,-78.42502
2020-09-02T06:47:06.981004714,19.532055,-78.42647
2020-09-02T06:47:07.010759353,19.53201,-78.42455
2020-09-02T06:47:10.503550529,19.512367,-78.4061
2020-09-02T06:47:10.533686637,19.51501,-78.40072
2020-09-02T06:47:10.539408683,19.531559,-78.36463
2020-09-02T06:47:10.541316032,19.531612,-78.39077
2020-09-02T06:47:10.549326896,19.53156,-78.36469
2020-09-02T06:47:10.627148628,19.486649,-78.40469
2020-09-02T06:47:10.666821479,19.504326,-78.40088
2020-09-02T06:47:10.698484420,19.531614,-78.364685
2020-09-02T06:47:10.790038108,19.494396,-78.39977
2020-09-02T06:47:10.809874534,19.531538,-78.36465
2020-09-02T06:47:10.744260787,19.49385,-78.78726
2020-09-02T06:47:10.827804565,19.498165,-78.77436
2020-09-02T06:47:10.829711914,19.493397,-78.78004
2020-09-02T06:47:10.831619262,19.48094,-78.776535
2020-09-02T06:47:10.855651855,19.506832,-78.77615
2020-09-02T06:47:10.877396583,19.532372,-78.75157
2020-09-02T06:47:10.926987648,19.518715,-78.76538
2020-09-02T06:47:10.929276466,19.492865,-78.77758
2020-09-02T06:47:10.952928543,19.532314,-78.75153
2020-09-02T06:47:10.962846755,19.504341,-78.78026
2020-09-02T06:47:11.050205230,19.53225,-78.75152
2020-09-02T06:47:11.052494049,19.489304,-78.77896
2020-09-02T06:47:11.074237823,19.47925,-78.78556
2020-09-02T06:47:11.076145172,19.481054,-78.784775
2020-09-02T06:47:11.078052520,19.480896,-78.77569
2020-09-02T06:47:11.120014190,19.484343,-78.78351
2020-09-02T06:47:11.121921539,19.473751,-78.772545
2020-09-02T06:47:11.123828887,19.47169,-78.77244
2020-09-02T06:47:11.195547103,19.481915,-78.77614
2020-09-02T06:47:11.217290878,19.484726,-78.77809
2020-09-02T06:47:11.259252548,19.486502,-78.777885
2020-09-02T06:47:11.282905578,19.452574,-78.74918
2020-09-02T06:47:11.332878112,19.476524,-78.77612
2020-09-02T06:47:11.362632751,19.452524,-78.74915
2020-09-02T06:47:11.370643615,19.45259,-78.7754
2020-09-02T06:47:11.398490905,19.482338,-78.77588
2020-09-02T06:47:11.535442352,19.532318,-78.7556
2020-09-02T06:47:13.147939682,18.44087,-82.88915
2020-09-02T06:47:13.227285385,18.431992,-82.92637
2020-09-02T06:47:13.229192733,18.441204,-82.93671
2020-09-02T06:47:13.231100082,18.44125,-82.94372
2020-09-02T06:47:13.302818298,18.441336,-82.96689
2020-09-02T06:47:13.304725646,18.441055,-82.929184
2020-09-02T06:47:14.175634384,19.48595,-78.82681
2020-09-02T06:47:14.247352600,19.479284,-78.840744
2020-09-02T06:47:14.269096374,19.479057,-78.82659
2020-09-02T06:47:14.304954528,19.485468,-78.82676
2020-09-02T06:47:14.314872741,19.488092,-78.826866
2020-09-02T06:47:14.330894470,19.452797,-78.82578
2020-09-02T06:47:14.332801818,19.452795,-78.82578
2020-09-02T06:47:14.352638244,19.452719,-78.825836
2020-09-02T06:47:14.430078506,19.479683,-78.8266
2020-09-02T06:47:14.465936660,19.490408,-78.82687
2020-09-02T06:47:14.525447845,19.452812,-78.82582
2020-09-02T06:47:15.839630126,19.531519,-78.44147
2020-09-02T06:47:15.851455688,19.531456,-78.42061
2020-09-02T06:47:15.911348342,19.521452,-78.42305
2020-09-02T06:47:15.947206497,19.531515,-78.44146
2020-09-02T06:47:15.949113845,19.51527,-78.431015
2020-09-02T06:47:15.974672317,19.531572,-78.44147
2020-09-02T06:47:16.014728546,19.531525,-78.441444
2020-09-02T06:47:16.217290878,19.452164,-78.67158
2020-09-02T06:47:16.219579696,19.452152,-78.6716
2020-09-02T06:47:16.261161804,19.452194,-78.67163
2020-09-02T06:47:16.267265319,19.452337,-78.74899
2020-09-02T06:47:16.312660217,19.447847,-78.76042
2020-09-02T06:47:16.320671081,19.452333,-78.749
2020-09-02T06:47:16.330589294,19.452097,-78.671684
2020-09-02T06:47:16.360727310,19.452335,-78.74897
2020-09-02T06:47:16.362634658,19.446945,-78.761055
2020-09-02T06:47:16.376367568,19.455084,-78.681946
2020-09-02T06:47:16.378274917,19.452267,-78.67165
2020-09-02T06:47:16.380563735,19.452501,-78.75768
2020-09-02T06:47:16.382471084,19.452509,-78.7705
2020-09-02T06:47:16.392389297,19.452374,-78.7625
2020-09-02T06:47:16.453805923,19.4524,-78.74908
2020-09-02T06:47:16.461816787,19.452415,-78.749054
2020-09-02T06:47:16.464105606,19.47158,-78.68872
2020-09-02T06:47:16.529720306,19.447554,-78.76067
2020-09-02T06:47:16.531627655,19.415312,-78.765366
2020-09-02T06:47:16.533535003,19.45232,-78.75939
2020-09-02T06:47:16.535442352,19.45229,-78.74909
2020-09-02T06:47:16.537349700,19.452286,-78.7491
2020-09-02T06:47:16.539638519,19.45228,-78.749115
2020-09-02T06:47:16.541545867,19.45228,-78.74912
2020-09-02T06:47:16.543453216,19.45222,-78.72129
2020-09-02T06:47:16.545360565,19.455292,-78.69081
2020-09-02T06:47:16.547267913,19.452219,-78.7151
2020-09-02T06:47:16.549556732,19.452305,-78.749115
2020-09-02T06:47:16.551464080,19.45231,-78.74911
2020-09-02T06:47:16.553371429,19.452312,-78.749115
2020-09-02T06:47:16.555278778,19.452314,-78.749115
2020-09-02T06:47:16.557186126,19.452316,-78.749115
2020-09-02T06:47:16.559474945,19.457787,-78.69165
2020-09-02T06:47:16.561382293,19.457098,-78.685356
2020-09-02T06:47:16.563289642,19.45219,-78.68794
2020-09-02T06:47:16.577404022,19.452206,-78.67174
2020-09-02T06:47:16.579311370,19.45221,-78.67175
2020-09-02T06:47:16.581218719,19.452211,-78.67176
2020-09-02T06:47:16.583126068,19.44508,-78.686554
2020-09-02T06:47:16.585033416,19.445738,-78.69079
2020-09-02T06:47:16.587322235,19.45221,-78.67179
2020-09-02T06:47:16.602964401,19.452135,-78.671776
2020-09-02T06:47:16.605253219,19.420578,-78.69887
2020-09-02T06:47:16.607160568,19.428469,-78.696335
2020-09-02T06:47:16.609067916,19.452147,-78.67174
2020-09-02T06:47:16.610975265,19.452328,-78.74911
2020-09-02T06:47:16.633100509,19.414913,-78.70071
2020-09-02T06:47:16.635007858,19.413101,-78.70315
2020-09-02T06:47:16.636915206,19.418476,-78.70506
2020-09-02T06:47:16.638822555,19.418097,-78.70552
2020-09-02T06:47:16.640729904,19.452108,-78.67182
2020-09-02T06:47:16.652936935,19.452381,-78.7492
2020-09-02T06:47:16.660947799,19.413334,-78.70311
2020-09-02T06:47:16.662855148,19.407974,-78.69855
2020-09-02T06:47:16.664762496,19.406122,-78.69989
2020-09-02T06:47:16.666669845,19.397823,-78.6987
2020-09-02T06:47:16.668577194,19.398693,-78.70022
2020-09-02T06:47:16.674680709,19.382462,-78.69949
2020-09-02T06:47:16.678495407,19.372503,-78.66958
2020-09-02T06:47:16.694517135,19.372498,-78.686745
2020-09-02T06:47:16.696424484,19.372532,-78.694305
2020-09-02T06:47:16.704435348,19.372484,-78.669556
2020-09-02T06:47:16.706342697,19.37252,-78.68937
2020-09-02T06:47:16.718549728,19.372473,-78.669586
2020-09-02T06:47:16.730377197,19.372383,-78.6696
2020-09-02T06:47:16.732284545,19.372387,-78.66959
2020-09-02T06:47:16.740295410,19.348017,-78.66887
2020-09-02T06:47:16.754409790,19.292757,-78.66737
2020-09-02T06:47:16.756317138,19.340242,-78.66873
2020-09-02T06:47:16.787979125,19.311178,-78.673386
2020-09-02T06:47:16.789886474,19.334967,-78.679375
2020-09-02T06:47:16.792175292,19.292698,-78.667404
2020-09-02T06:47:16.795989990,19.452137,-78.67185
2020-09-02T06:47:16.809722900,19.292747,-78.6674
2020-09-02T06:47:16.812011718,19.292751,-78.667404
2020-09-02T06:47:16.907381057,19.45217,-78.67191
2020-09-02T06:47:17.803848266,19.476807,-78.43948
2020-09-02T06:47:17.847719192,19.451746,-78.440186
2020-09-02T06:47:17.875566482,19.49988,-78.42098
2020-09-02T06:47:17.887392044,19.478577,-78.44092
2020-09-02T06:47:17.966739654,19.4712,-78.4288
2020-09-02T06:47:17.988864898,19.451788,-78.44019
2020-09-02T06:47:18.123907089,19.493567,-78.40251
2020-09-02T06:47:18.251319885,19.452461,-78.77402
2020-09-02T06:47:18.380258560,19.452396,-78.74979
2020-09-02T06:47:18.529415130,19.474785,-78.76183
2020-09-02T06:47:18.531703948,19.46953,-78.76994
2020-09-02T06:47:18.535518646,19.472525,-78.76741
2020-09-02T06:47:18.557262420,19.452335,-78.74979
2020-09-02T06:47:18.559169769,19.471727,-78.76633
2020-09-02T06:47:18.607236862,19.47118,-78.76682
2020-09-02T06:47:18.645002365,19.452427,-78.7498
2020-09-02T06:47:18.662931442,19.452398,-78.749886
2020-09-02T06:47:18.708328247,19.452446,-78.749886
2020-09-02T06:47:19.782178402,18.241428,-83.34525
2020-09-02T06:47:19.831769944,18.23732,-83.34503
2020-09-02T06:47:19.930953503,18.238743,-83.3575
2020-09-02T06:47:19.974823475,18.240307,-83.355034
2020-09-02T06:47:20.024415016,18.245409,-83.34548
2020-09-02T06:47:20.062181472,18.24746,-83.34568
2020-09-02T06:47:21.153964519,19.452425,-78.82722
2020-09-02T06:47:21.155871868,19.532152,-78.786415
2020-09-02T06:47:21.247044563,19.532177,-78.78778
2020-09-02T06:47:22.112231254,19.531301,-78.40037
2020-09-02T06:47:22.114138603,19.53122,-78.364914
2020-09-02T06:47:22.132068157,19.53128,-78.39725
2020-09-02T06:47:22.157626628,19.531294,-78.395424
2020-09-02T06:47:22.171741485,19.531181,-78.390076
2020-09-02T06:47:22.173648834,19.531181,-78.39407
2020-09-02T06:47:22.197681903,19.531223,-78.39512
2020-09-02T06:47:22.221333026,19.531305,-78.39357
2020-09-02T06:47:22.247273445,19.531261,-78.36488
2020-09-02T06:47:22.278935909,19.53139,-78.392624
2020-09-02T06:47:22.291143417,19.531296,-78.394775
2020-09-02T06:47:22.296865463,19.531265,-78.36491
2020-09-02T06:47:22.310979843,19.531296,-78.364876
2020-09-02T06:47:22.338827610,19.531319,-78.36482
2020-09-02T06:47:22.404441356,19.531357,-78.394264
2020-09-02T06:47:22.446022510,19.531328,-78.39273
2020-09-02T06:47:22.447929859,19.53127,-78.36486
2020-09-02T06:47:23.092242240,18.41618,-82.984726
2020-09-02T06:47:23.167774200,18.482162,-83.007996
2020-09-02T06:47:23.167774200,18.36143,-82.88567
2020-09-02T06:47:23.169681549,18.383501,-82.91231
2020-09-02T06:47:23.233387947,18.361435,-82.88564
2020-09-02T06:47:23.396278381,18.361319,-82.88577
2020-09-02T06:47:23.398185729,18.375923,-82.91666
2020-09-02T06:47:23.400474548,18.361315,-82.88575
2020-09-02T06:47:23.410392761,18.362246,-83.001686
2020-09-02T06:47:23.459984779,18.36138,-82.88582
2020-09-02T06:47:23.652629852,18.365524,-82.91549
2020-09-02T06:47:23.654918670,18.37411,-82.892395
2020-09-02T06:47:23.780042648,18.361418,-82.88573
2020-09-02T06:47:23.786146163,18.361404,-82.88571
2020-09-02T06:47:23.788053512,18.377283,-82.86469
2020-09-02T06:47:23.789960861,18.361395,-82.885704
2020-09-02T06:47:23.887237548,18.36148,-82.8857
2020-09-02T06:47:24.185550689,19.499798,-78.82845
2020-09-02T06:47:24.187458038,19.494623,-78.84173
2020-09-02T06:47:24.201573371,19.5324,-78.82937
2020-09-02T06:47:24.203480720,19.503803,-78.82852
2020-09-02T06:47:24.213398933,19.488596,-78.82882
2020-09-02T06:47:24.221409797,19.452585,-78.827034
2020-09-02T06:47:24.271001815,19.53235,-78.82942
2020-09-02T06:47:24.310674667,19.491554,-78.82823
2020-09-02T06:47:24.316779136,19.491259,-78.828224
2020-09-02T06:47:24.402229309,19.483929,-78.83171
2020-09-02T06:47:24.428169250,19.4846,-78.846634
2020-09-02T06:47:24.430076599,19.532461,-78.82936
2020-09-02T06:47:24.439995765,19.496754,-78.84097
2020-09-02T06:47:24.477761268,19.488874,-78.83719
2020-09-02T06:47:24.483864784,19.532448,-78.82945
2020-09-02T06:47:24.485772132,19.532457,-78.82947
2020-09-02T06:47:24.491875648,19.495102,-78.82873
2020-09-02T06:47:24.493782997,19.511763,-78.81093
2020-09-02T06:47:24.495690345,19.500582,-78.828514
2020-09-02T06:47:24.501794815,19.51204,-78.80844
2020-09-02T06:47:24.503702163,19.50749,-78.81218
2020-09-02T06:47:24.505609512,19.498426,-78.82007
2020-09-02T06:47:24.507516860,19.521261,-78.78787
2020-09-02T06:47:24.509805679,19.519686,-78.790085
2020-09-02T06:47:24.527734756,19.51386,-78.80268
2020-09-02T06:47:24.648662567,19.498247,-78.82841
2020-09-02T06:47:24.650951385,19.494017,-78.820854
2020-09-02T06:47:24.652858734,19.452724,-78.82706
2020-09-02T06:47:25.376518249,19.532192,-78.75209
2020-09-02T06:47:25.424201965,19.532183,-78.75207
2020-09-02T06:47:25.426109313,19.532188,-78.752075
2020-09-02T06:47:25.428017616,19.532192,-78.75208
2020-09-02T06:47:25.430306434,19.532198,-78.75209
2020-09-02T06:47:25.432213783,19.53221,-78.7521
2020-09-02T06:47:25.434121131,19.532225,-78.752106
2020-09-02T06:47:25.436028480,19.532238,-78.75211
2020-09-02T06:47:25.437935829,19.532251,-78.75212
2020-09-02T06:47:25.440224647,19.532267,-78.75213
2020-09-02T06:47:25.442131996,19.532265,-78.75213
2020-09-02T06:47:25.447854042,19.532238,-78.75212
2020-09-02T06:47:25.452050209,19.532225,-78.75212
2020-09-02T06:47:25.453957557,19.5323,-78.78382
2020-09-02T06:47:25.455864906,19.5323,-78.784935
2020-09-02T06:47:25.458153724,19.532295,-78.783516
2020-09-02T06:47:25.460061073,19.543959,-78.779305
2020-09-02T06:47:25.461968421,19.551235,-78.78238
2020-09-02T06:47:25.463875770,19.532274,-78.76908
2020-09-02T06:47:25.465783119,19.532242,-78.75213
2020-09-02T06:47:25.468071937,19.545998,-78.75252
2020-09-02T06:47:25.515756607,19.548038,-78.77739
2020-09-02T06:47:25.517663955,19.544344,-78.77325
2020-09-02T06:47:25.519571304,19.532278,-78.77708
2020-09-02T06:47:25.521478652,19.53229,-78.77935
2020-09-02T06:47:25.523386001,19.532244,-78.752144
2020-09-02T06:47:25.571452140,19.532307,-78.75214
2020-09-02T06:47:25.575266838,19.532286,-78.75214
2020-09-02T06:47:25.577174186,19.532276,-78.75214
2020-09-02T06:47:25.597010612,19.532316,-78.752144
2020-09-02T06:47:25.875488281,19.532272,-78.75211
2020-09-02T06:47:25.877395629,19.53227,-78.75212
2020-09-02T06:47:25.879302978,19.532269,-78.75214
2020-09-02T06:47:25.901428222,19.532255,-78.75218
2020-09-02T06:47:25.905242919,19.532244,-78.75214
2020-09-02T06:47:25.962845802,19.532253,-78.752144
2020-09-02T06:47:26.553370475,19.531425,-78.44244
2020-09-02T06:47:26.575114250,19.531446,-78.442444
2020-09-02T06:47:26.583125114,19.531492,-78.44243
2020-09-02T06:47:26.589228630,19.531477,-78.44245
2020-09-02T06:47:26.610973358,19.524467,-78.44228
2020-09-02T06:47:26.612880706,19.531538,-78.44248
2020-09-02T06:47:26.625087738,19.531502,-78.442474
2020-09-02T06:47:26.633098602,19.531433,-78.44244
2020-09-02T06:47:26.650646209,19.531372,-78.44243
2020-09-02T06:47:26.660945892,19.531498,-78.44246
2020-09-02T06:47:26.795989036,19.525736,-78.43919
2020-09-02T06:47:27.615016937,19.452253,-78.74959
2020-09-02T06:47:27.668805122,19.456354,-78.755585
2020-09-02T06:47:27.706570625,19.452131,-78.756615
2020-09-02T06:47:27.724500656,19.452154,-78.74947
2020-09-02T06:47:27.732511520,19.452188,-78.74945
2020-09-02T06:47:27.748151779,19.452204,-78.74945
2020-09-02T06:47:27.762266159,19.452156,-78.749435
2020-09-02T06:47:27.777906417,19.45213,-78.74948
2020-09-02T06:47:27.792021751,19.452116,-78.74945
2020-09-02T06:47:27.809950828,19.452154,-78.7495
2020-09-02T06:47:27.833601951,19.452116,-78.74947
2020-09-02T06:47:27.849624633,19.452188,-78.74943
2020-09-02T06:47:27.867553710,19.452219,-78.74948
2020-09-02T06:47:27.883575439,19.452177,-78.749435
2020-09-02T06:47:27.901504516,19.452087,-78.74945
2020-09-02T06:47:27.933167457,19.45219,-78.74939
2020-09-02T06:47:27.978944778,19.45217,-78.74938
2020-09-02T06:47:28.000688552,19.452211,-78.74944
2020-09-02T06:47:28.018617630,19.452173,-78.74935
2020-09-02T06:47:28.050280570,19.452135,-78.74933
2020-09-02T06:47:28.064394950,19.45219,-78.749405
2020-09-02T06:47:28.445870399,18.223879,-83.1277
2020-09-02T06:47:28.622875213,18.205084,-83.10935
2020-09-02T06:47:28.624782562,18.205072,-83.10935
2020-09-02T06:47:28.636989593,18.23977,-83.11137
2020-09-02T06:47:28.640804290,18.205002,-83.10935
2020-09-02T06:47:28.642711639,18.22046,-83.12397
2020-09-02T06:47:28.645000457,18.224707,-83.1267
2020-09-02T06:47:28.646908760,18.232672,-83.12088
2020-09-02T06:47:28.648816108,18.224209,-83.110466
2020-09-02T06:47:28.684674263,18.21775,-83.12247
2020-09-02T06:47:28.702603340,18.24475,-83.11158
2020-09-02T06:47:28.744184494,18.225088,-83.12347
2020-09-02T06:47:28.746091842,18.222313,-83.12587
2020-09-02T06:47:28.748380661,18.220943,-83.1267
2020-09-02T06:47:28.772032737,18.205055,-83.109276
2020-09-02T06:47:28.773940086,18.237381,-83.11115
2020-09-02T06:47:28.799880027,18.235922,-83.111084
2020-09-02T06:47:28.827727317,18.22831,-83.126724
2020-09-02T06:47:28.829634666,18.221663,-83.110275
2020-09-02T06:47:28.853668212,18.231548,-83.11081
2020-09-02T06:47:28.861679077,18.217966,-83.11006
2020-09-02T06:47:28.869689941,18.22488,-83.11044
2020-09-02T06:47:28.871597290,18.237677,-83.1293
2020-09-02T06:47:28.873504638,18.231813,-83.11085
2020-09-02T06:47:28.883422851,18.21568,-83.11841
2020-09-02T06:47:28.885330200,18.205076,-83.10931
2020-09-02T06:47:28.887237548,18.23551,-83.11597
2020-09-02T06:47:28.893342018,18.205032,-83.10928
2020-09-02T06:47:28.899445533,18.229069,-83.11067
2020-09-02T06:47:28.907456398,18.225508,-83.11833
2020-09-02T06:47:28.921189308,18.22848,-83.11064
2020-09-02T06:47:28.923096656,18.22742,-83.11058
2020-09-02T06:47:28.933014869,18.22096,-83.11019
2020-09-02T06:47:28.934922218,18.225157,-83.11043
2020-09-02T06:47:28.965059280,18.22246,-83.09829
2020-09-02T06:47:28.966966629,18.23237,-83.109344
2020-09-02T06:47:29.008546829,18.228642,-83.08426
2020-09-02T06:47:29.010835647,18.230658,-83.091
2020-09-02T06:47:29.012742996,18.232231,-83.0891
2020-09-02T06:47:29.014650344,18.205048,-83.10924
2020-09-02T06:47:29.118030548,18.237377,-83.098694
2020-09-02T06:47:29.119937896,18.233349,-83.08647
2020-09-02T06:47:29.366371154,19.47241,-78.434944
2020-09-02T06:47:29.368659973,19.467976,-78.42193
2020-09-02T06:47:29.384300231,19.494917,-78.42146
2020-09-02T06:47:29.388497352,19.451424,-78.43958
2020-09-02T06:47:29.408333778,19.504404,-78.41173
2020-09-02T06:47:29.410241127,19.510628,-78.40587
2020-09-02T06:47:29.431984901,19.496544,-78.40655
2020-09-02T06:47:29.434273719,19.480152,-78.41933
2020-09-02T06:47:29.454111099,19.501558,-78.39226
2020-09-02T06:47:29.456018447,19.512941,-78.39971
2020-09-02T06:47:29.457925796,19.517311,-78.39134
2020-09-02T06:47:29.459833145,19.51382,-78.38504
2020-09-02T06:47:29.462121963,19.510548,-78.38862
2020-09-02T06:47:29.464029312,19.511421,-78.395004
2020-09-02T06:47:29.491876602,19.451498,-78.43962
2020-09-02T06:47:29.513621330,19.501215,-78.39981
2020-09-02T06:47:29.515528678,19.480152,-78.390175
2020-09-02T06:47:29.549479484,19.494038,-78.40249
2020-09-02T06:47:29.551386833,19.46828,-78.394394
2020-09-02T06:47:29.559397697,19.531157,-78.36437
2020-09-02T06:47:29.563212394,19.517574,-78.3902
2020-09-02T06:47:29.565501213,19.486609,-78.392296
2020-09-02T06:47:29.569315910,19.513094,-78.3813
2020-09-02T06:47:29.581142425,19.531021,-78.36433
2020-09-02T06:47:29.589153289,19.531101,-78.36431
2020-09-02T06:47:29.591060638,19.517248,-78.38003
2020-09-02T06:47:29.593349456,19.51108,-78.383286
2020-09-02T06:47:29.595256805,19.531116,-78.36431
2020-09-02T06:47:29.597164154,19.514132,-78.37437
2020-09-02T06:47:29.599071502,19.49122,-78.38983
2020-09-02T06:47:29.603267669,19.519457,-78.36402
2020-09-02T06:47:29.605175018,19.53114,-78.364334
2020-09-02T06:47:29.608989715,19.514702,-78.3552
2020-09-02T06:47:29.610897064,19.531164,-78.36435
2020-09-02T06:47:29.628826141,19.531052,-78.36428
2020-09-02T06:47:29.716566085,19.531132,-78.36427
2020-09-02T06:47:29.752424240,19.495037,-78.39316
2020-09-02T06:47:29.769972801,19.531109,-78.36425
2020-09-02T06:47:29.782179832,19.515867,-78.393326
2020-09-02T06:47:29.802016258,19.531057,-78.36424
2020-09-02T06:47:29.835586547,19.509338,-78.39156
2020-09-02T06:47:29.837875366,19.505203,-78.36403
2020-09-02T06:47:29.851608276,19.531088,-78.36426
2020-09-02T06:47:29.883271217,19.513777,-78.40015
2020-09-02T06:47:29.857711791,19.531906,-78.751274
2020-09-02T06:47:29.885560035,19.53189,-78.75133
2020-09-02T06:47:29.921036720,19.5035,-78.75042
2020-09-02T06:47:29.933243751,19.531855,-78.75121
2020-09-02T06:47:29.966814041,19.531885,-78.751335
2020-09-02T06:47:30.034335136,19.507862,-78.750626
2020-09-02T06:47:30.044634819,19.505047,-78.75054
2020-09-02T06:47:30.056460380,19.504978,-78.75047
2020-09-02T06:47:30.078205108,19.531832,-78.7513
2020-09-02T06:47:31.963075637,19.452219,-78.826584
2020-09-02T06:47:31.964982986,19.480429,-78.827415
2020-09-02T06:47:31.981004714,19.45214,-78.826584
2020-09-02T06:47:31.982912063,19.477886,-78.82735
2020-09-02T06:47:32.008852005,19.472023,-78.84029
2020-09-02T06:47:32.010759353,19.472736,-78.83315
2020-09-02T06:47:32.012666702,19.466597,-78.8287
2020-09-02T06:47:32.014574050,19.464325,-78.82611
2020-09-02T06:47:32.016481399,19.452219,-78.82657
2020-09-02T06:47:32.068363189,19.47006,-78.84007
2020-09-02T06:47:32.070270538,19.452223,-78.826515
2020-09-02T06:47:32.143896102,19.45222,-78.82664
2020-09-02T06:47:32.145803451,19.468744,-78.82969
2020-09-02T06:47:32.147710800,19.452183,-78.82664
2020-09-02T06:47:32.251089096,19.489464,-78.82779
2020-09-02T06:47:32.293052673,19.471483,-78.834595
2020-09-02T06:47:32.294960021,19.45231,-78.826645
2020-09-02T06:47:32.306785583,19.472952,-78.83553
2020-09-02T06:47:32.318992614,19.479223,-78.82749
2020-09-02T06:47:32.334632873,19.532125,-78.829025
2020-09-02T06:47:32.336540222,19.471533,-78.82722
2020-09-02T06:47:32.364387512,19.474651,-78.83239
2020-09-02T06:47:32.388420104,19.53208,-78.829094
2020-09-02T06:47:32.390329360,19.472836,-78.82735
2020-09-02T06:47:32.424280166,19.476318,-78.8388
2020-09-02T06:47:32.454034805,19.494495,-78.82801
2020-09-02T06:47:32.455942153,19.452394,-78.82677
2020-09-02T06:47:32.557796478,15.275762,-82.153496
2020-09-02T06:47:32.577632904,15.310386,-82.177246
2020-09-02T06:47:32.605480194,15.295231,-82.151436
2020-09-02T06:47:32.631420135,15.273567,-82.15929
2020-09-02T06:47:32.647443771,15.294689,-82.17283
2020-09-02T06:47:32.649351119,15.277521,-82.15217
2020-09-02T06:47:32.651258468,15.272964,-82.15058
2020-09-02T06:47:34.074161529,19.531622,-78.44248
2020-09-02T06:47:34.135961532,19.53158,-78.442505
2020-09-02T06:47:34.155797958,19.531576,-78.41907
2020-09-02T06:47:35.495922088,19.454199,-78.45701
2020-09-02T06:47:35.497829437,19.45211,-78.4401
2020-09-02T06:47:35.595104217,19.45835,-78.44336
2020-09-02T06:47:35.614942550,19.452097,-78.44001
2020-09-02T06:47:35.551235198,19.532585,-78.75182
2020-09-02T06:47:35.565349578,19.532621,-78.7518
2020-09-02T06:47:35.577175140,19.532597,-78.75187
2020-09-02T06:47:35.579082489,19.524122,-78.751625
2020-09-02T06:47:35.606931686,19.53257,-78.75173
2020-09-02T06:47:35.609220504,19.532526,-78.734795
2020-09-02T06:47:35.688566207,19.532618,-78.75178
2020-09-02T06:47:36.390481948,19.511517,-78.44151
2020-09-02T06:47:36.402307510,19.532162,-78.44202
2020-09-02T06:47:36.404214859,19.532145,-78.44202
2020-09-02T06:47:36.408411026,19.507658,-78.44137
2020-09-02T06:47:36.410318374,19.50979,-78.44143
2020-09-02T06:47:36.414133071,19.508747,-78.44139
2020-09-02T06:47:36.418329238,19.502176,-78.44121
2020-09-02T06:47:36.449991226,19.532177,-78.442085
2020-09-02T06:47:36.451898574,19.532175,-78.44208
2020-09-02T06:47:36.128026962,18.441332,-82.92394
2020-09-02T06:47:36.145956039,18.39286,-82.933945
2020-09-02T06:47:36.147863388,18.392242,-82.933205
2020-09-02T06:47:36.149770736,18.392189,-82.933
2020-09-02T06:47:36.151678085,18.362339,-82.934326
2020-09-02T06:47:36.153966903,18.388702,-82.935585
2020-09-02T06:47:36.191732406,18.403975,-82.92941
2020-09-02T06:47:36.316856384,18.39125,-82.93532
2020-09-02T06:47:36.318763732,18.392881,-82.93018
2020-09-02T06:47:36.320671081,18.392704,-82.93519
2020-09-02T06:47:36.322959899,18.362442,-82.93465
2020-09-02T06:47:36.398492813,18.362709,-82.96315
2020-09-02T06:47:36.400400161,18.362734,-82.96314
2020-09-02T06:47:36.420236587,18.362495,-82.9415
2020-09-02T06:47:36.422143936,18.36251,-82.9433
2020-09-02T06:47:36.424051284,18.362497,-82.94132
2020-09-02T06:47:36.426340103,18.362661,-82.96311
2020-09-02T06:47:36.428247451,18.362661,-82.96311
2020-09-02T06:47:36.430154800,18.366165,-82.94578
2020-09-02T06:47:36.432062149,18.378794,-82.939384
2020-09-02T06:47:36.456094741,18.362728,-82.96317
2020-09-02T06:47:36.461816787,18.362476,-82.93134
2020-09-02T06:47:36.561382293,18.37741,-82.93983
2020-09-02T06:47:36.662855148,18.384401,-82.938194
2020-09-02T06:47:36.786071777,18.362757,-82.96316
2020-09-02T06:47:36.787979125,18.362617,-82.945274
2020-09-02T06:47:36.859697341,18.391306,-82.936676
2020-09-02T06:47:36.897462844,18.381012,-82.941345
2020-09-02T06:47:38.322654724,19.478178,-78.79789
2020-09-02T06:47:38.324943542,19.453182,-78.78214
2020-09-02T06:47:38.328758239,19.488605,-78.79135
2020-09-02T06:47:38.330667495,19.453302,-78.82647
2020-09-02T06:47:38.336771011,19.453285,-78.82641
2020-09-02T06:47:38.362710952,19.482637,-78.78323
2020-09-02T06:47:38.364618301,19.484585,-78.79007
2020-09-02T06:47:38.380640029,19.486692,-78.78422
2020-09-02T06:47:38.404291152,19.485756,-78.787865
2020-09-02T06:47:38.424127578,19.486351,-78.789604
2020-09-02T06:47:38.442056655,19.482199,-78.787476
2020-09-02T06:47:38.467998504,19.486101,-78.787796
2020-09-02T06:47:38.497753143,19.473722,-78.79794
2020-09-02T06:47:38.511486053,19.47368,-78.77874
2020-09-02T06:47:38.515682220,19.483622,-78.77876
2020-09-02T06:47:38.523693084,19.4855,-78.78757
2020-09-02T06:47:38.525600433,19.493576,-78.82757
2020-09-02T06:47:38.527507781,19.453024,-78.749
2020-09-02T06:47:38.583204269,19.480656,-78.78288
2020-09-02T06:47:38.585111618,19.453053,-78.74891
2020-09-02T06:47:38.603040695,19.485277,-78.7897
2020-09-02T06:47:38.676664352,19.484821,-78.78251
2020-09-02T06:47:39.652857781,18.20772,-83.34229
2020-09-02T06:47:39.654765130,18.207722,-83.34231
2020-09-02T06:47:39.656672955,18.207724,-83.34232
2020-09-02T06:47:39.658580304,18.207726,-83.34234
2020-09-02T06:47:39.700542450,18.207773,-83.3423
2020-09-02T06:47:39.702449799,18.207771,-83.3423
2020-09-02T06:47:39.750134469,18.229185,-83.34357
2020-09-02T06:47:39.752041817,18.225052,-83.337036
2020-09-02T06:47:39.754330636,18.235052,-83.3439
2020-09-02T06:47:39.837873459,18.226187,-83.33208
2020-09-02T06:47:39.865339757,18.224415,-83.3372
2020-09-02T06:47:39.873351098,18.207739,-83.34231
2020-09-02T06:47:39.925231457,18.207733,-83.3423
2020-09-02T06:47:39.984741688,18.207787,-83.34227
2020-09-02T06:47:40.050355434,18.218641,-83.33468
2020-09-02T06:47:40.052262783,18.207773,-83.34226
2020-09-02T06:47:40.058366298,18.207815,-83.342285
2020-09-02T06:47:40.066377639,18.221687,-83.34315
2020-09-02T06:47:40.068284988,18.235903,-83.34401
2020-09-02T06:47:40.080110549,18.220196,-83.343094
2020-09-02T06:47:40.153735637,18.21903,-83.343094
2020-09-02T06:47:40.155642986,18.237947,-83.344215
2020-09-02T06:47:40.161746501,18.207802,-83.34239
2020-09-02T06:47:40.183490753,18.230612,-83.3234
2020-09-02T06:47:40.213627338,18.207827,-83.34234
2020-09-02T06:47:40.233463764,18.223877,-83.343254
2020-09-02T06:47:40.251393318,18.207844,-83.34236
2020-09-02T06:47:39.777981759,19.491343,-78.43757
2020-09-02T06:47:39.787900448,19.53218,-78.44169
2020-09-02T06:47:39.821851731,19.559307,-78.36795
2020-09-02T06:47:39.887465477,19.54565,-78.366005
2020-09-02T06:47:39.927138806,19.567396,-78.35272
2020-09-02T06:47:39.929046155,19.546469,-78.36676
2020-09-02T06:47:39.945068360,19.53211,-78.364265
2020-09-02T06:47:39.951171875,19.532099,-78.36429
2020-09-02T06:47:39.953079224,19.532093,-78.36429
2020-09-02T06:47:39.956893921,19.564108,-78.3662
2020-09-02T06:47:40.022507667,19.53205,-78.36429
2020-09-02T06:47:40.044633388,19.53211,-78.364296
2020-09-02T06:47:40.187686920,19.5291,-78.33311
2020-09-02T06:47:40.189594268,19.56436,-78.33121
2020-09-02T06:47:40.267033576,19.53204,-78.36434
2020-09-02T06:47:40.269322395,19.477392,-78.35195
2020-09-02T06:47:40.271229743,19.404709,-78.36566
2020-09-02T06:47:40.307088851,19.531902,-78.287
2020-09-02T06:47:40.380331993,19.416008,-78.363205
2020-09-02T06:47:40.382620811,19.493345,-78.36017
2020-09-02T06:47:40.382620811,19.213112,-78.27888
2020-09-02T06:47:40.384528160,19.452278,-78.36225
2020-09-02T06:47:43.615244865,19.480164,-78.784615
2020-09-02T06:47:43.638896942,19.493044,-78.774414
2020-09-02T06:47:43.640804290,19.45302,-78.74924
2020-09-02T06:47:43.642711639,19.481743,-78.774376
2020-09-02T06:47:43.879607200,19.53216,-78.44194
2020-09-02T06:47:43.917373657,19.532162,-78.44195
2020-09-02T06:47:43.965058326,18.489199,-83.039795
2020-09-02T06:47:44.002823829,18.521353,-83.01259
2020-09-02T06:47:44.225224494,18.502407,-83.01665
2020-09-02T06:47:44.271001815,18.489523,-83.038704
2020-09-02T06:47:45.627529144,15.241082,-82.116486
2020-09-02T06:47:45.629436492,15.2410555,-82.11651
2020-09-02T06:47:45.631343841,15.241036,-82.116516
2020-09-02T06:47:45.645458221,15.259652,-82.11732
2020-09-02T06:47:45.649272918,15.241109,-82.11654
2020-09-02T06:47:45.653087615,15.241097,-82.11653
2020-09-02T06:47:45.657283782,15.2673235,-82.117615
2020-09-02T06:47:45.661098480,15.241073,-82.116455
2020-09-02T06:47:45.665294647,15.241077,-82.11648
2020-09-02T06:47:45.667201995,15.24108,-82.11649
2020-09-02T06:47:45.695050239,15.276187,-82.10036
2020-09-02T06:47:45.714886665,15.241109,-82.116455
2020-09-02T06:47:45.752653121,15.271822,-82.077675
2020-09-02T06:47:45.754560470,15.262217,-82.071
2020-09-02T06:47:45.756467819,15.274078,-82.08204
2020-09-02T06:47:45.758756637,15.272889,-82.084595
2020-09-02T06:47:45.760663986,15.259824,-82.08968
2020-09-02T06:47:45.764478683,15.241139,-82.11648
2020-09-02T06:47:45.766386032,15.274936,-82.10255
2020-09-02T06:47:45.927750587,15.254286,-82.10883
2020-09-02T06:47:45.929657936,15.2411175,-82.116615
2020-09-02T06:47:45.943390846,15.237471,-82.10837
2020-09-02T06:47:45.947587013,15.241131,-82.116585
2020-09-02T06:47:45.951401710,15.237553,-82.096085
2020-09-02T06:47:45.969330787,15.239314,-82.104965
2020-09-02T06:47:45.997179031,15.237383,-82.1135
2020-09-02T06:47:45.931183815,19.098835,-82.83476
2020-09-02T06:47:45.933091163,19.084965,-82.8423
2020-09-02T06:47:45.934998512,19.084642,-82.8243
2020-09-02T06:47:46.072329521,19.15473,-82.77495
2020-09-02T06:47:46.080340385,19.01407,-82.87876
2020-09-02T06:47:46.084155082,19.044022,-82.852356
2020-09-02T06:47:46.086062431,19.079739,-82.85639
2020-09-02T06:47:46.143665313,19.12752,-82.82304
2020-09-02T06:47:46.145572662,19.143806,-82.81822
2020-09-02T06:47:46.169605255,18.996758,-82.92173
2020-09-02T06:47:46.787977218,19.45406,-78.81782
2020-09-02T06:47:46.861602783,19.45335,-78.82631
2020-09-02T06:47:47.018770217,19.45412,-78.82021
2020-09-02T06:47:47.042422294,19.453373,-78.81213
2020-09-02T06:47:47.052340507,19.45341,-78.82638
2020-09-02T06:47:47.060351371,19.45336,-78.826355
2020-09-02T06:47:47.074465751,19.453444,-78.826324
2020-09-02T06:47:47.086291313,19.453405,-78.82631
2020-09-02T06:47:47.098117828,19.45339,-78.82629
2020-09-02T06:47:47.114139556,19.453382,-78.82629
2020-09-02T06:47:47.127872467,19.453348,-78.82638
2020-09-02T06:47:47.130161285,19.453348,-78.826385
2020-09-02T06:47:47.143894195,19.45339,-78.826294
2020-09-02T06:47:47.149997711,19.453356,-78.82637
2020-09-02T06:47:47.151905059,19.453362,-78.82636
2020-09-02T06:47:47.209507942,19.453411,-78.81124
2020-09-02T06:47:47.211415290,19.453371,-78.79279
2020-09-02T06:47:47.227437973,19.45342,-78.82633
2020-09-02T06:47:47.229345321,19.453354,-78.80249
2020-09-02T06:47:47.247274398,19.453388,-78.82639
2020-09-02T06:47:47.249181747,19.453365,-78.826385
2020-09-02T06:47:47.748151779,19.532473,-78.4417
2020-09-02T06:47:47.756162643,19.517788,-78.429
2020-09-02T06:47:47.758069992,19.512392,-78.430046
2020-09-02T06:47:47.788207054,19.532452,-78.441696
2020-09-02T06:47:47.790114402,19.532452,-78.44169
2020-09-02T06:47:47.939270973,19.51501,-78.42333
2020-09-02T06:47:47.967119216,19.506207,-78.42509
2020-09-02T06:47:48.046465873,19.532375,-78.44184
2020-09-02T06:47:48.318839073,19.44842,-78.76186
2020-09-02T06:47:48.320746421,19.453226,-78.74911
2020-09-02T06:47:48.382545471,19.453339,-78.76274
2020-09-02T06:47:48.384452819,19.453295,-78.74902
2020-09-02T06:47:48.523692131,19.453325,-78.760315
2020-09-02T06:47:48.525599479,19.450104,-78.75946
2020-09-02T06:47:48.527506828,19.447018,-78.76046
2020-09-02T06:47:48.571375846,19.453306,-78.75947
2020-09-02T06:47:48.601131439,19.45334,-78.761
2020-09-02T06:47:48.615245819,19.453308,-78.758286
2020-09-02T06:47:48.617153167,19.45329,-78.74906
2020-09-02T06:47:48.620967864,19.453299,-78.74904
2020-09-02T06:47:48.628978729,19.453285,-78.74911
2020-09-02T06:47:48.630886077,19.453283,-78.749115
2020-09-02T06:47:48.636989593,19.453287,-78.74911
2020-09-02T06:47:48.654919624,19.453362,-78.76253
2020-09-02T06:47:48.658734321,19.453339,-78.7594
2020-09-02T06:47:48.660641670,19.453308,-78.74902
2020-09-02T06:47:48.662930488,19.447693,-78.75617
2020-09-02T06:47:48.664837837,19.43233,-78.74844
2020-09-02T06:47:48.706418037,19.453356,-78.74915
2020-09-02T06:47:48.708326339,19.453365,-78.74916
2020-09-02T06:47:48.714429855,19.453314,-78.74914
2020-09-02T06:47:48.722440719,19.443495,-78.75977
2020-09-02T06:47:48.732358932,19.446157,-78.759636
2020-09-02T06:47:48.736173629,19.453268,-78.749084
2020-09-02T06:47:48.788054466,19.4533,-78.76002
2020-09-02T06:47:48.789961814,19.453283,-78.749084
2020-09-02T06:47:48.794157981,19.444675,-78.75507
2020-09-02T06:47:48.796065330,19.422861,-78.748245
2020-09-02T06:47:48.807890892,19.453354,-78.75658
2020-09-02T06:47:48.809798240,19.453384,-78.76695
2020-09-02T06:47:48.811705589,19.45335,-78.74916
2020-09-02T06:47:48.827727317,19.453415,-78.76189
2020-09-02T06:47:48.831924438,19.453373,-78.749146
2020-09-02T06:47:48.839553833,19.421476,-78.73367
2020-09-02T06:47:48.873504638,19.45345,-78.7595
2020-09-02T06:47:48.879608154,19.45344,-78.74924
2020-09-02T06:47:48.891433715,19.425568,-78.74837
2020-09-02T06:47:50.622951507,19.503052,-78.80976
2020-09-02T06:47:50.624858856,19.487858,-78.79852
2020-09-02T06:47:50.646985054,19.45329,-78.82671
2020-09-02T06:47:50.660717964,19.453331,-78.82667
2020-09-02T06:47:50.680554389,19.486872,-78.827736
2020-09-02T06:47:50.696577072,19.53309,-78.8291
2020-09-02T06:47:50.778212547,19.493216,-78.795334
2020-09-02T06:47:50.780119895,19.502611,-78.79228
2020-09-02T06:47:50.782027244,19.48554,-78.79725
2020-09-02T06:47:50.783934593,19.453209,-78.82679
2020-09-02T06:47:50.819793701,19.49788,-78.78958
2020-09-02T06:47:50.833908081,19.488287,-78.79193
2020-09-02T06:47:50.835815429,19.495077,-78.78198
2020-09-02T06:47:50.837722778,19.498503,-78.78465
2020-09-02T06:47:50.839630126,19.487951,-78.77675
2020-09-02T06:47:50.847640991,19.513748,-78.76726
2020-09-02T06:47:50.849548339,19.501673,-78.77884
2020-09-02T06:47:50.851837158,19.453228,-78.82685
2020-09-02T06:47:50.903336524,19.496157,-78.78116
2020-09-02T06:47:50.907151222,19.51988,-78.76097
2020-09-02T06:47:50.909440040,19.489792,-78.780846
2020-09-02T06:47:50.919358253,19.453186,-78.82674
2020-09-02T06:47:50.941102981,19.492706,-78.782295
2020-09-02T06:47:50.943010330,19.491158,-78.76842
2020-09-02T06:47:50.957124710,19.502472,-78.78835
2020-09-02T06:47:51.024644851,19.453154,-78.8268
2020-09-02T06:47:51.026552200,19.492851,-78.78104
2020-09-02T06:47:51.034564971,19.498407,-78.78263
2020-09-02T06:47:51.036472320,19.485195,-78.75851
2020-09-02T06:47:51.042575836,19.48618,-78.82778
2020-09-02T06:47:51.048297882,19.45308,-78.79136
2020-09-02T06:47:51.090259552,19.497631,-78.77642
2020-09-02T06:47:51.110095977,19.49848,-78.77415
2020-09-02T06:47:51.112003326,19.452995,-78.74942
2020-09-02T06:47:51.113910675,19.532782,-78.75174
2020-09-02T06:47:51.116199493,19.499205,-78.74543
2020-09-02T06:47:51.118106842,19.49943,-78.77168
2020-09-02T06:47:51.120014190,19.489151,-78.76265
2020-09-02T06:47:51.131839752,19.49779,-78.7247
2020-09-02T06:47:51.134128570,19.490435,-78.74783
2020-09-02T06:47:51.151678085,19.453115,-78.82684
2020-09-02T06:47:51.211568832,19.493898,-78.761246
2020-09-02T06:47:51.213476181,19.49981,-78.76548
2020-09-02T06:47:51.241323471,19.497238,-78.75036
2020-09-02T06:47:51.243230819,19.488085,-78.76174
2020-09-02T06:47:51.245138168,19.490862,-78.75459
2020-09-02T06:47:51.247426986,19.486324,-78.769615
2020-09-02T06:47:51.249334335,19.489681,-78.75505
2020-09-02T06:47:51.251241683,19.481657,-78.726265
2020-09-02T06:47:51.253149032,19.485336,-78.75689
2020-09-02T06:47:51.255056381,19.485003,-78.75065
2020-09-02T06:47:51.257345199,19.480509,-78.72662
2020-09-02T06:47:51.259252548,19.4857,-78.750755
2020-09-02T06:47:51.269170761,19.452808,-78.67201
2020-09-02T06:47:51.271078109,19.452822,-78.67201
2020-09-02T06:47:51.272985458,19.452795,-78.67203
2020-09-02T06:47:51.279090881,19.452711,-78.67208
2020-09-02T06:47:51.280998229,19.488731,-78.708
2020-09-02T06:47:51.292823791,19.452667,-78.67203
2020-09-02T06:47:51.295112609,19.452698,-78.67205
2020-09-02T06:47:51.297019958,19.491783,-78.80905
2020-09-02T06:47:51.298927307,19.48602,-78.79583
2020-09-02T06:47:51.300834655,19.453152,-78.82686
2020-09-02T06:47:51.306938171,19.452803,-78.681366
2020-09-02T06:47:51.308845520,19.470182,-78.694695
2020-09-02T06:47:51.310752868,19.53277,-78.75176
2020-09-02T06:47:51.322959899,19.454088,-78.69104
2020-09-02T06:47:51.324867248,19.466356,-78.70761
2020-09-02T06:47:51.326774597,19.502613,-78.72163
2020-09-02T06:47:51.334785461,19.438932,-78.68548
2020-09-02T06:47:51.336692810,19.452785,-78.671974
2020-09-02T06:47:51.446176528,19.500698,-78.791084
2020-09-02T06:47:51.448083877,19.504185,-78.77172
2020-09-02T06:47:51.454187393,19.452782,-78.711205
2020-09-02T06:47:51.591136932,19.494951,-78.804436
2020-09-02T06:47:51.593044281,19.487959,-78.73109
2020-09-02T06:47:51.595333099,19.476553,-78.72844
2020-09-02T06:47:51.602962493,19.453096,-78.82688
2020-09-02T06:47:51.605251312,19.489834,-78.78289
2020-09-02T06:47:51.607158660,19.467558,-78.68899
2020-09-02T06:47:51.686506271,19.452621,-78.67207
2020-09-02T06:47:51.774246215,18.403494,-82.92133
2020-09-02T06:47:51.843673706,18.39169,-82.928055
2020-09-02T06:47:51.903184890,18.401798,-82.9294
2020-09-02T06:47:51.976808547,18.402428,-82.92884
2020-09-02T06:47:52.519649505,19.51538,-78.42649
2020-09-02T06:47:52.551311492,19.5317,-78.44215
2020-09-02T06:47:52.589076995,19.531784,-78.44215
2020-09-02T06:47:52.601284027,19.531712,-78.44209
2020-09-02T06:47:52.615016937,19.531649,-78.418335
2020-09-02T06:47:52.718397140,19.531693,-78.44214
2020-09-02T06:47:52.750440597,19.531742,-78.44224
2020-09-02T06:47:55.418100357,19.5313,-78.44212
2020-09-02T06:47:55.495922088,19.531378,-78.44212
2020-09-02T06:47:55.497829437,19.53134,-78.42879
2020-09-02T06:47:58.458080291,19.479813,-78.43803
2020-09-02T06:47:58.459987640,19.48262,-78.44099
2020-09-02T06:47:58.461894989,19.482574,-78.421844
2020-09-02T06:47:58.543529510,19.483202,-78.43659
2020-09-02T06:47:58.620969772,19.531946,-78.36489
2020-09-02T06:47:58.656827926,19.53193,-78.36491
2020-09-02T06:47:58.682767868,19.531958,-78.364944
2020-09-02T06:47:58.813995361,19.487476,-78.840385
2020-09-02T06:47:58.867403030,19.485994,-78.84295
2020-09-02T06:47:58.887620925,19.485258,-78.84509
2020-09-02T06:47:58.889528274,19.490734,-78.828186
2020-09-02T06:47:58.893342971,19.484652,-78.829124
2020-09-02T06:47:58.895250320,19.481123,-78.82234
2020-09-02T06:47:58.915086746,19.453184,-78.827034
2020-09-02T06:47:58.917375564,19.487467,-78.80353
2020-09-02T06:47:58.919282913,19.481892,-78.81291
2020-09-02T06:47:58.921190261,19.474562,-78.8034
2020-09-02T06:47:58.950946807,19.479439,-78.80549
2020-09-02T06:47:59.187459945,19.479244,-78.809944
2020-09-02T06:47:59.189748764,19.472237,-78.804665
2020-09-02T06:48:00.883498191,18.250574,-83.345505
2020-09-02T06:48:00.744259834,18.727734,-82.362175
2020-09-02T06:48:00.746167182,18.717394,-82.37151
2020-09-02T06:48:00.750363349,18.753948,-82.36355
2020-09-02T06:48:00.752270698,18.719109,-82.37263
2020-09-02T06:48:00.754178047,18.7306,-82.36228
2020-09-02T06:48:00.756085395,18.72911,-82.3622
2020-09-02T06:48:00.758374214,18.709944,-82.36888
2020-09-02T06:48:00.760281562,18.715567,-82.36562
2020-09-02T06:48:00.762188911,18.717743,-82.3616
2020-09-02T06:48:00.764096260,18.712933,-82.36136
2020-09-02T06:48:00.778211116,18.701578,-82.360756
2020-09-02T06:48:00.780118465,18.704567,-82.3609
2020-09-02T06:48:00.785840511,18.67464,-82.359314
2020-09-02T06:48:00.788129329,18.689856,-82.35999
2020-09-02T06:48:00.790036678,18.696377,-82.36051
2020-09-02T06:48:00.853743076,18.674623,-82.35925
2020-09-02T06:48:00.855650424,18.674604,-82.35926
2020-09-02T06:48:00.887312889,18.674622,-82.35921
2020-09-02T06:48:00.889220237,18.689117,-82.35997
2020-09-02T06:48:00.891509056,18.691708,-82.36009
2020-09-02T06:48:00.949111938,18.686188,-82.36027
2020-09-02T06:48:00.951019287,18.704575,-82.3609
2020-09-02T06:48:00.968948841,18.7087,-82.361
2020-09-02T06:48:00.970856189,18.708166,-82.36096
2020-09-02T06:48:00.972763538,18.696188,-82.35902
2020-09-02T06:48:00.982681751,18.674702,-82.35917
2020-09-02T06:48:01.680782318,19.531445,-78.44209
2020-09-02T06:48:01.700619220,19.510586,-78.44159
2020-09-02T06:48:01.662852764,18.378382,-83.22167
2020-09-02T06:48:01.551462173,18.441246,-82.96779
2020-09-02T06:48:01.666667461,18.412228,-82.966095
2020-09-02T06:48:01.674678802,18.441082,-82.96773
2020-09-02T06:48:01.688411712,18.387062,-83.22079
2020-09-02T06:48:01.690700531,18.441015,-82.96777
2020-09-02T06:48:01.708630084,18.440968,-82.96772
2020-09-02T06:48:01.712444782,18.38417,-83.22618
2020-09-02T06:48:01.754025459,18.393627,-83.212975
2020-09-02T06:48:01.812009811,18.409254,-82.96601
2020-09-02T06:48:01.825743198,18.441133,-82.96779
2020-09-02T06:48:01.833754062,18.36409,-83.23453
2020-09-02T06:48:01.835661411,18.395552,-83.21753
2020-09-02T06:48:01.929122924,18.36392,-83.23315
2020-09-02T06:48:01.931030273,18.385054,-83.23196
2020-09-02T06:48:01.950867176,18.382912,-83.226555
2020-09-02T06:48:01.953155994,18.363642,-83.19654
2020-09-02T06:48:03.347067832,16.795055,-77.95497
2020-09-02T06:48:03.348975181,16.795631,-77.95143
2020-09-02T06:48:03.350882530,16.79577,-77.94905
2020-09-02T06:48:03.353171348,16.791906,-77.946556
2020-09-02T06:48:03.355078697,16.789457,-77.94187
2020-09-02T06:48:03.356986045,16.773409,-77.918625
2020-09-02T06:48:03.358893394,16.773413,-77.918625
2020-09-02T06:48:03.361182212,16.773415,-77.91863
2020-09-02T06:48:03.363089561,16.773417,-77.91864
2020-09-02T06:48:03.364996910,16.791506,-77.943436
2020-09-02T06:48:03.366904258,16.773434,-77.93432
2020-09-02T06:48:03.368811607,16.773445,-77.94509
2020-09-02T06:48:03.371100425,16.773441,-77.936714
2020-09-02T06:48:03.373007774,16.773443,-77.91867
2020-09-02T06:48:02.513543605,19.271439,-82.6997
2020-09-02T06:48:02.515450954,19.338245,-82.67502
2020-09-02T06:48:02.624934196,19.232332,-82.66333
2020-09-02T06:48:02.690548419,19.349798,-82.66711
2020-09-02T06:48:02.750058174,19.352734,-82.66461
2020-09-02T06:48:02.811857223,19.33802,-82.68112
2020-09-02T06:48:02.905318737,19.232271,-82.66223
2020-09-02T06:48:03.044176101,19.350256,-82.663925
2020-09-02T06:48:03.099871635,19.232254,-82.66705
2020-09-02T06:48:03.102160453,19.364393,-82.65111
2020-09-02T06:48:03.286794662,19.302124,-82.67104
2020-09-02T06:48:03.289083480,19.232143,-82.661606
2020-09-02T06:48:03.471810340,19.38388,-82.57489
2020-09-02T06:48:03.473717689,19.358427,-82.62774
2020-09-02T06:48:03.475625038,19.371098,-82.616425
2020-09-02T06:48:02.915237426,19.451962,-78.764084
2020-09-02T06:48:02.917144775,19.45191,-78.74931
2020-09-02T06:48:03.072404861,19.451967,-78.74937
2020-09-02T06:48:03.074312210,19.45202,-78.77421
2020-09-02T06:48:03.096056938,19.451889,-78.74927
2020-09-02T06:48:03.104067802,19.451971,-78.7779
2020-09-02T06:48:03.120089530,19.451975,-78.77843
2020-09-02T06:48:03.128100395,19.451908,-78.77961
2020-09-02T06:48:03.159763336,19.462137,-78.77758
2020-09-02T06:48:03.161670684,19.46291,-78.77545
2020-09-02T06:48:03.163959503,19.461134,-78.77613
2020-09-02T06:48:03.165866851,19.46705,-78.77409
2020-09-02T06:48:03.167774200,19.469904,-78.765045
2020-09-02T06:48:03.169681549,19.451982,-78.74942
2020-09-02T06:48:03.221562385,19.46765,-78.77306
2020-09-02T06:48:03.223469734,19.463154,-78.77152
2020-09-02T06:48:03.225377082,19.466276,-78.76965
2020-09-02T06:48:03.227284431,19.479084,-78.75021
2020-09-02T06:48:03.297094345,19.463354,-78.77172
2020-09-02T06:48:03.305105209,19.463129,-78.76981
2020-09-02T06:48:03.342871665,19.463745,-78.77093
2020-09-02T06:48:03.352789878,19.472801,-78.76957
2020-09-02T06:48:03.404289245,19.467455,-78.766685
2020-09-02T06:48:03.408485412,19.499289,-78.75072
2020-09-02T06:48:03.410392761,19.466223,-78.765045
2020-09-02T06:48:03.412300109,19.451773,-78.74933
2020-09-02T06:48:03.416114807,19.475304,-78.76788
2020-09-02T06:48:03.426033020,19.460852,-78.76748
2020-09-02T06:48:03.428321838,19.451796,-78.74936
2020-09-02T06:48:03.453881263,19.451832,-78.74932
2020-09-02T06:48:03.456170082,19.4644,-78.76894
2020-09-02T06:48:03.481728553,19.460062,-78.767944
2020-09-02T06:48:03.563364028,19.466059,-78.77513
2020-09-02T06:48:03.565271377,19.487352,-78.75041
2020-09-02T06:48:04.396507263,19.5309,-78.36471
2020-09-02T06:48:04.398414611,19.53096,-78.39741
2020-09-02T06:48:04.439995765,19.531036,-78.39931
2020-09-02T06:48:04.493782997,19.530989,-78.400856
2020-09-02T06:48:04.501794815,19.530964,-78.39882
2020-09-02T06:48:04.559396743,19.531017,-78.39646
2020-09-02T06:48:04.611277580,19.530972,-78.39588
2020-09-02T06:48:04.626918792,19.530985,-78.364784
2020-09-02T06:48:04.746319770,19.53096,-78.39358
2020-09-02T06:48:06.782255172,19.452335,-78.80649
2020-09-02T06:48:06.927216529,19.452381,-78.82697
2020-09-02T06:48:06.933320045,19.469734,-78.809494
2020-09-02T06:48:06.955063819,19.452316,-78.82698
2020-09-02T06:48:06.996644973,19.45228,-78.826996
2020-09-02T06:48:07.052340507,19.452272,-78.826904
2020-09-02T06:48:08.290991783,19.507725,-78.828415
2020-09-02T06:48:08.292899131,19.504787,-78.82834
2020-09-02T06:48:08.308920860,19.490515,-78.84595
2020-09-02T06:48:08.310828208,19.53233,-78.82925
2020-09-02T06:48:08.316931724,19.532352,-78.82916
2020-09-02T06:48:08.396278381,19.532333,-78.82917
2020-09-02T06:48:08.503854751,19.492754,-78.84674
2020-09-02T06:48:08.458077430,19.531424,-78.42003
2020-09-02T06:48:08.466089248,19.531424,-78.41674
2020-09-02T06:48:08.471811294,19.531475,-78.44207
2020-09-02T06:48:08.505762100,19.523767,-78.422905
2020-09-02T06:48:08.507669448,19.531437,-78.42094
2020-09-02T06:48:08.529795646,19.5315,-78.44208
2020-09-02T06:48:08.575190544,19.531511,-78.41998
2020-09-02T06:48:08.585109710,19.531553,-78.442055
2020-09-02T06:48:08.686581611,19.531527,-78.42353
2020-09-02T06:48:08.696499824,19.51794,-78.424675
2020-09-02T06:48:08.698788642,19.520578,-78.42666
2020-09-02T06:48:08.734266281,19.518177,-78.42444
2020-09-02T06:48:08.418404579,18.40722,-82.93038
2020-09-02T06:48:08.420311927,18.361954,-82.963196
2020-09-02T06:48:08.503854751,18.412903,-82.94529
2020-09-02T06:48:08.635082244,18.392899,-82.932236
2020-09-02T06:48:08.636989593,18.361525,-82.88555
2020-09-02T06:48:08.638896942,18.416805,-82.94448
2020-09-02T06:48:08.648816108,18.402763,-82.965515
2020-09-02T06:48:08.847564697,18.41204,-82.94205
2020-09-02T06:48:08.863586425,18.362095,-82.963165
2020-09-02T06:48:08.865493774,18.405262,-82.9288
2020-09-02T06:48:08.947129249,18.400023,-82.93532
2020-09-02T06:48:08.949036598,18.395863,-82.928795
2020-09-02T06:48:08.970781326,18.402264,-82.96543
2020-09-02T06:48:08.973070144,18.400719,-82.93076
2020-09-02T06:48:09.020754814,18.400944,-82.93526
2020-09-02T06:48:09.030673027,18.38524,-82.93892
2020-09-02T06:48:09.036395072,18.399214,-82.935356
2020-09-02T06:48:09.038683891,18.385094,-82.91702
2020-09-02T06:48:09.098194122,18.401815,-82.9319
2020-09-02T06:48:09.937058448,19.531603,-78.44185
2020-09-02T06:48:09.964906692,19.531565,-78.4418
2020-09-02T06:48:09.971010208,19.53163,-78.441765
2020-09-02T06:48:10.000764846,19.531664,-78.44179
2020-09-02T06:48:10.006869316,19.531645,-78.441795
2020-09-02T06:48:10.553523063,19.468071,-78.77242
2020-09-02T06:48:10.720609664,19.47932,-78.7747
2020-09-02T06:48:10.722517013,19.488401,-78.78238
2020-09-02T06:48:10.730527877,19.53246,-78.751335
2020-09-02T06:48:10.732435226,19.509516,-78.75068
2020-09-02T06:48:10.734342575,19.490671,-78.77338
2020-09-02T06:48:10.736249923,19.498583,-78.76582
2020-09-02T06:48:10.807967185,19.452715,-78.7791
2020-09-02T06:48:10.839630126,19.53235,-78.75136
2020-09-02T06:48:10.841918945,19.492537,-78.771774
2020-09-02T06:48:10.843826293,19.491459,-78.774605
2020-09-02T06:48:10.845733642,19.501019,-78.76599
2020-09-02T06:48:10.847640991,19.501556,-78.7671
2020-09-02T06:48:10.849548339,19.532434,-78.751305
2020-09-02T06:48:10.859466552,19.519459,-78.75092
2020-09-02T06:48:10.883500099,19.514324,-78.75101
2020-09-02T06:48:10.885407447,19.487724,-78.770935
2020-09-02T06:48:10.923172950,19.452713,-78.777435
2020-09-02T06:48:10.925080299,19.52055,-78.75827
2020-09-02T06:48:10.927369117,19.488813,-78.768814
2020-09-02T06:48:10.962846755,19.452757,-78.748985
2020-09-02T06:48:10.972764968,19.50409,-78.76069
2020-09-02T06:48:11.016633987,19.45276,-78.77549
2020-09-02T06:48:11.022737503,19.481747,-78.77738
2020-09-02T06:48:11.034564971,19.467146,-78.772545
2020-09-02T06:48:11.040668487,19.468838,-78.771194
2020-09-02T06:48:11.066226959,19.45274,-78.74899
2020-09-02T06:48:11.068515777,19.452728,-78.74898
2020-09-02T06:48:11.092166900,19.452803,-78.77722
2020-09-02T06:48:11.157781600,19.498674,-78.76884
2020-09-02T06:48:11.159688949,19.506042,-78.75062
2020-09-02T06:48:11.175710678,19.519737,-78.75832
2020-09-02T06:48:11.177618026,19.509235,-78.76674
2020-09-02T06:48:11.179525375,19.532534,-78.75134
2020-09-02T06:48:11.201650619,19.519598,-78.75098
2020-09-02T06:48:11.203557968,19.501627,-78.78049
2020-09-02T06:48:11.308845520,19.50274,-78.76204
2020-09-02T06:48:11.501871109,19.452715,-78.74908
2020-09-02T06:48:11.664762496,19.452698,-78.749084
2020-09-02T06:48:11.666669845,19.426598,-78.74833
2020-09-02T06:48:11.722364425,19.452782,-78.74909
2020-09-02T06:48:11.760129928,19.410301,-78.764046
2020-09-02T06:48:11.762418746,19.414362,-78.759254
2020-09-02T06:48:11.779968261,19.421253,-78.748245
2020-09-02T06:48:11.782257080,19.452765,-78.749146
2020-09-02T06:48:11.907381057,19.404709,-78.76343
2020-09-02T06:48:11.909288406,19.41023,-78.77478
2020-09-02T06:48:11.925310134,19.41813,-78.74806
2020-09-02T06:48:11.927217483,19.403908,-78.76448
2020-09-02T06:48:11.931032180,19.40831,-78.76144
2020-09-02T06:48:11.955064773,19.415695,-78.763954
2020-09-02T06:48:11.956972122,19.41748,-78.74811
2020-09-02T06:48:11.979097366,19.37296,-78.74677
2020-09-02T06:48:12.022586822,19.45281,-78.74916
2020-09-02T06:48:12.024494171,19.423138,-78.74829
2020-09-02T06:48:12.032505035,19.452806,-78.749084
2020-09-02T06:48:12.040515899,19.406614,-78.764755
2020-09-02T06:48:12.046619415,19.408358,-78.76743
2020-09-02T06:48:12.054630279,19.426395,-78.748276
2020-09-02T06:48:12.064548492,19.452772,-78.749115
2020-09-02T06:48:12.066455841,19.425632,-78.76069
2020-09-02T06:48:12.068363189,19.440924,-78.74877
2020-09-02T06:48:12.070270538,19.415865,-78.75082
2020-09-02T06:48:12.078281402,19.452763,-78.74911
2020-09-02T06:48:12.080188751,19.425955,-78.74833
2020-09-02T06:48:12.094303131,19.432056,-78.74853
2020-09-02T06:48:12.109943389,19.45283,-78.749146
2020-09-02T06:48:12.187765121,19.434721,-78.75598
2020-09-02T06:48:12.209508895,19.373034,-78.746826
2020-09-02T06:48:12.231252670,19.43744,-78.74882
2020-09-02T06:48:12.237356185,19.43467,-78.74871
2020-09-02T06:48:12.255285263,19.417967,-78.74134
2020-09-02T06:48:12.257192611,19.417913,-78.74817
2020-09-02T06:48:12.273216247,19.430544,-78.74844
2020-09-02T06:48:12.296867370,19.42859,-78.730415
2020-09-02T06:48:12.294960021,19.51439,-78.42084
2020-09-02T06:48:12.296867370,19.487421,-78.4361
2020-09-02T06:48:12.314796447,19.452856,-78.74911
2020-09-02T06:48:12.328910827,19.483608,-78.45835
2020-09-02T06:48:12.330818176,19.493315,-78.44082
2020-09-02T06:48:12.332725524,19.434374,-78.74862
2020-09-02T06:48:12.334632873,19.4522,-78.439705
2020-09-02T06:48:12.394525527,19.452902,-78.74915
2020-09-02T06:48:12.426187515,19.46741,-78.40997
2020-09-02T06:48:12.493707656,19.47159,-78.42763
2020-09-02T06:48:12.505914688,19.47119,-78.424484
2020-09-02T06:48:12.539485931,19.470686,-78.42492
2020-09-02T06:48:12.547496795,19.452095,-78.36244
2020-09-02T06:48:12.557415008,19.471737,-78.42389
2020-09-02T06:48:12.567333221,19.452063,-78.36242
2020-09-02T06:48:12.569240570,19.452148,-78.40235
2020-09-02T06:48:12.599376678,19.468845,-78.41778
2020-09-02T06:48:12.607006072,19.478966,-78.42234
2020-09-02T06:48:12.662702560,19.47128,-78.41758
2020-09-02T06:48:12.668806076,19.468832,-78.415955
2020-09-02T06:48:12.688642501,19.487402,-78.40782
2020-09-02T06:48:12.742429733,19.487698,-78.41562
2020-09-02T06:48:12.744337081,19.459915,-78.41738
2020-09-02T06:48:12.760360717,19.469902,-78.42514
2020-09-02T06:48:12.778289794,19.47572,-78.418205
2020-09-02T06:48:12.801940917,19.532188,-78.51936
2020-09-02T06:48:12.492181777,15.240834,-82.116684
2020-09-02T06:48:12.494089126,15.24084,-82.11669
2020-09-02T06:48:12.496377944,15.240847,-82.1167
2020-09-02T06:48:12.539867401,15.240819,-82.116714
2020-09-02T06:48:12.573818206,15.274428,-82.08478
2020-09-02T06:48:12.575725555,15.240669,-82.084045
2020-09-02T06:48:12.579540252,15.274725,-82.08452
2020-09-02T06:48:12.581829071,15.240676,-82.08089
2020-09-02T06:48:12.744718551,15.27252,-82.089775
2020-09-02T06:48:12.801940917,19.468826,-78.41409
2020-09-02T06:48:12.839706420,19.452194,-78.439835
2020-09-02T06:48:12.841613769,19.46667,-78.411285
2020-09-02T06:48:12.859542846,19.508371,-78.41384
2020-09-02T06:48:12.907228469,19.532047,-78.40976
2020-09-02T06:48:15.432214736,19.531872,-78.44171
2020-09-02T06:48:15.448236465,19.531837,-78.44176
2020-09-02T06:48:15.656904220,18.30344,-82.986115
2020-09-02T06:48:15.666822433,18.283384,-82.9583
2020-09-02T06:48:15.793853759,18.283539,-82.97766
2020-09-02T06:48:15.821701049,18.283356,-82.95827
2020-09-02T06:48:15.825897216,18.28337,-82.95831
2020-09-02T06:48:15.827804565,18.28349,-82.97366
2020-09-02T06:48:15.875490188,18.283478,-82.95829
2020-09-02T06:48:15.877397537,18.294037,-82.9753
2020-09-02T06:48:15.960939407,18.296795,-82.97611
2020-09-02T06:48:15.962846755,18.308222,-82.99159
2020-09-02T06:48:15.970857620,18.297121,-82.977806
2020-09-02T06:48:15.975053787,18.283445,-82.958305
2020-09-02T06:48:16.046390533,18.291866,-82.973404
2020-09-02T06:48:16.048297882,18.28364,-82.9857
2020-09-02T06:48:16.056308746,18.283411,-82.958336
2020-09-02T06:48:16.058597564,18.28341,-82.958336
2020-09-02T06:48:16.118108749,18.305325,-82.98659
2020-09-02T06:48:16.153966903,18.283539,-82.983185
2020-09-02T06:48:16.179525375,18.283478,-82.981026
2020-09-02T06:48:16.205465316,18.308718,-82.984505
2020-09-02T06:48:16.207372665,18.283337,-82.95831
2020-09-02T06:48:16.219579696,18.310799,-83.00475
2020-09-02T06:48:16.221487045,18.283588,-82.9898
2020-09-02T06:48:16.237510681,18.28359,-82.98411
2020-09-02T06:48:16.082248687,19.452997,-78.82644
2020-09-02T06:48:16.131841659,19.452934,-78.82638
2020-09-02T06:48:16.134130477,19.452925,-78.826385
2020-09-02T06:48:16.189825057,19.452888,-78.82647
2020-09-02T06:48:16.209661483,19.452868,-78.82643
2020-09-02T06:48:16.225301742,19.452929,-78.826454
2020-09-02T06:48:16.287101745,19.452822,-78.82633
2020-09-02T06:48:16.290916442,19.452827,-78.826355
2020-09-02T06:48:16.295112609,19.452818,-78.82635
2020-09-02T06:48:16.298927307,19.452808,-78.82635
2020-09-02T06:48:16.300834655,19.452806,-78.82635
2020-09-02T06:48:16.321052551,19.45283,-78.83726
2020-09-02T06:48:16.322959899,19.448603,-78.83273
2020-09-02T06:48:16.330970764,19.463024,-78.84032
2020-09-02T06:48:16.332878112,19.454247,-78.83507
2020-09-02T06:48:16.354623794,19.452795,-78.82638
2020-09-02T06:48:16.356531143,19.461958,-78.82875
2020-09-02T06:48:16.376367568,19.45285,-78.841034
2020-09-02T06:48:16.386285781,19.45287,-78.84054
2020-09-02T06:48:16.388574600,19.452871,-78.840836
2020-09-02T06:48:16.424432754,19.452772,-78.82638
2020-09-02T06:48:16.485851287,19.454485,-78.83234
2020-09-02T06:48:16.529720306,19.45277,-78.8263
2020-09-02T06:48:16.531627655,19.452793,-78.84327
2020-09-02T06:48:17.368585586,19.5313,-78.404106
2020-09-02T06:48:17.370492935,19.531288,-78.40536
2020-09-02T06:48:17.410165786,19.531439,-78.403046
2020-09-02T06:48:17.422372817,19.531385,-78.40833
2020-09-02T06:48:17.428094863,19.531462,-78.44164
2020-09-02T06:48:17.430383682,19.531412,-78.414116
2020-09-02T06:48:17.463954925,19.531368,-78.41153
2020-09-02T06:48:18.807891845,19.495977,-78.42233
2020-09-02T06:48:18.837648391,19.531126,-78.4414
2020-09-02T06:48:18.843751907,19.504692,-78.42903
2020-09-02T06:48:18.881517410,19.513775,-78.415504
2020-09-02T06:48:18.917375564,19.531168,-78.441414
2020-09-02T06:48:18.996723175,19.531073,-78.40808
2020-09-02T06:48:18.126195907,19.45207,-78.748726
2020-09-02T06:48:18.128103256,19.45206,-78.748726
2020-09-02T06:48:18.161672592,19.452072,-78.748795
2020-09-02T06:48:18.167776107,19.45211,-78.74882
2020-09-02T06:48:18.179601669,19.452057,-78.74874
2020-09-02T06:48:18.233390808,19.452072,-78.74879
2020-09-02T06:48:18.170064926,16.555712,-82.40478
2020-09-02T06:48:18.176168441,16.555677,-82.40473
2020-09-02T06:48:18.178075790,16.555662,-82.40472
2020-09-02T06:48:18.186086654,16.555653,-82.4047
2020-09-02T06:48:18.196004867,16.555674,-82.40474
2020-09-02T06:48:18.203634262,16.555668,-82.40474
2020-09-02T06:48:18.207832336,16.55565,-82.4047
2020-09-02T06:48:18.227668762,16.555664,-82.40476
2020-09-02T06:48:18.239494323,16.57061,-82.41418
2020-09-02T06:48:18.241401672,16.578009,-82.405785
2020-09-02T06:48:18.255516052,16.568878,-82.4191
2020-09-02T06:48:18.263526916,16.555618,-82.40473
2020-09-02T06:48:18.273445129,16.555632,-82.40466
2020-09-02T06:48:18.275352478,16.569887,-82.41897
2020-09-02T06:48:18.293281555,16.555752,-82.42397
2020-09-02T06:48:20.917449474,19.477316,-78.7957
2020-09-02T06:48:20.933090209,19.45294,-78.79634
2020-09-02T06:48:20.934997558,19.484575,-78.79073
2020-09-02T06:48:20.937286376,19.483362,-78.789215
2020-09-02T06:48:20.939193725,19.483095,-78.78436
2020-09-02T06:48:21.056306838,19.483389,-78.78646
2020-09-02T06:48:21.058595657,19.484777,-78.78164
2020-09-02T06:48:21.110094547,19.45283,-78.749084
2020-09-02T06:48:21.155871868,19.45303,-78.77626
2020-09-02T06:48:21.177616119,19.453032,-78.78808
2020-09-02T06:48:21.191730499,19.473967,-78.774475
2020-09-02T06:48:21.213474750,19.477427,-78.771774
2020-09-02T06:48:21.229496479,19.485727,-78.77178
2020-09-02T06:48:21.231403827,19.48461,-78.77618
2020-09-02T06:48:21.237507820,19.480728,-78.769
2020-09-02T06:48:21.239415168,19.452963,-78.749146
2020-09-02T06:48:21.243229866,19.48068,-78.76964
2020-09-02T06:48:21.263066291,19.487309,-78.75015
2020-09-02T06:48:21.265355110,19.481743,-78.765564
2020-09-02T06:48:21.283284664,19.452908,-78.74919
2020-09-02T06:48:21.293202877,19.477186,-78.77365
2020-09-02T06:48:21.322957992,19.474308,-78.76258
2020-09-02T06:48:21.336691379,19.482801,-78.763695
2020-09-02T06:48:21.338598728,19.486107,-78.75019
2020-09-02T06:48:21.376364707,19.481567,-78.7644
2020-09-02T06:48:21.390479564,19.452988,-78.7492
2020-09-02T06:48:21.404212474,19.48506,-78.75003
2020-09-02T06:48:21.440071105,19.487062,-78.77021
2020-09-02T06:48:21.535439968,19.481838,-78.76382
2020-09-02T06:48:21.537728786,19.479319,-78.76567
2020-09-02T06:48:21.555658340,19.481014,-78.767075
2020-09-02T06:48:21.595331668,19.45309,-78.74913
2020-09-02T06:48:21.597239017,19.488607,-78.76746
2020-09-02T06:48:21.609065055,19.483717,-78.76296
2020-09-02T06:48:21.626994132,19.453102,-78.74918
2020-09-02T06:48:21.641108989,19.480982,-78.77044
2020-09-02T06:48:21.249333381,18.658812,-82.454926
2020-09-02T06:48:21.251240730,18.656681,-82.45525
2020-09-02T06:48:21.253148078,18.675344,-82.436516
2020-09-02T06:48:21.255055427,18.648901,-82.44567
2020-09-02T06:48:21.259251594,18.65642,-82.45184
2020-09-02T06:48:21.269170284,18.659424,-82.453865
2020-09-02T06:48:21.336691379,18.67569,-82.47524
2020-09-02T06:48:21.340887546,18.675701,-82.471985
2020-09-02T06:48:21.342794895,18.693989,-82.464966
2020-09-02T06:48:21.344702243,18.675613,-82.46772
2020-09-02T06:48:21.346609592,18.675604,-82.47031
2020-09-02T06:48:21.350805759,18.694527,-82.465836
2020-09-02T06:48:21.352713108,18.675516,-82.463844
2020-09-02T06:48:21.354620456,18.675337,-82.4365
2020-09-02T06:48:21.386282920,18.702066,-82.45739
2020-09-02T06:48:21.388571739,18.720556,-82.457466
2020-09-02T06:48:21.390479564,18.705574,-82.45751
2020-09-02T06:48:21.392386913,18.720068,-82.46588
2020-09-02T06:48:21.394294261,18.720411,-82.465965
2020-09-02T06:48:21.396201610,18.727634,-82.45601
2020-09-02T06:48:21.422142028,18.75469,-82.44086
2020-09-02T06:48:21.424049377,18.735561,-82.4638
2020-09-02T06:48:21.426338195,18.726547,-82.47191
2020-09-02T06:48:21.428245544,18.722826,-82.47379
2020-09-02T06:48:21.430152893,18.722088,-82.47298
2020-09-02T06:48:21.432060241,18.725698,-82.4681
2020-09-02T06:48:21.433967590,18.724327,-82.46918
2020-09-02T06:48:21.436256408,18.725508,-82.46918
2020-09-02T06:48:21.438163757,18.724197,-82.468124
2020-09-02T06:48:21.440071105,18.723684,-82.46572
2020-09-02T06:48:21.441978454,18.719902,-82.45731
2020-09-02T06:48:21.444267272,18.756151,-82.46009
2020-09-02T06:48:21.446174621,18.810244,-82.487946
2020-09-02T06:48:21.448081970,18.715012,-82.46426
2020-09-02T06:48:21.509881019,18.675673,-82.477234
2020-09-02T06:48:21.535439968,18.683504,-82.493904
2020-09-02T06:48:21.537347316,18.706312,-82.479935
2020-09-02T06:48:21.539636135,18.681587,-82.49316
2020-09-02T06:48:21.541543483,18.684027,-82.49197
2020-09-02T06:48:21.543450832,18.689201,-82.49249
2020-09-02T06:48:21.545358657,18.706663,-82.480934
2020-09-02T06:48:21.547647476,18.63998,-82.48178
2020-09-02T06:48:21.633097648,18.627811,-82.50798
2020-09-02T06:48:21.640727519,18.689426,-82.517715
2020-09-02T06:48:21.643016338,18.676064,-82.5143
2020-09-02T06:48:21.646831035,18.591167,-82.49024
2020-09-02T06:48:21.648738384,18.630812,-82.51237
2020-09-02T06:48:21.696422576,18.596888,-82.50997
2020-09-02T06:48:21.722362995,18.574343,-82.5173
2020-09-02T06:48:21.724270343,18.594746,-82.51054
2020-09-02T06:48:21.726559162,18.5967,-82.4793
2020-09-02T06:48:21.758221626,18.675566,-82.43647
2020-09-02T06:48:21.760128974,18.675558,-82.436455
2020-09-02T06:48:21.812009811,18.675642,-82.436516
2020-09-02T06:48:21.815824508,18.713894,-82.45898
2020-09-02T06:48:21.821928024,18.675575,-82.436554
2020-09-02T06:48:21.823835849,18.754883,-82.44086
2020-09-02T06:48:21.825743198,18.712997,-82.45335
2020-09-02T06:48:21.829939365,18.754883,-82.440796
2020-09-02T06:48:21.839857578,18.72161,-82.43912
2020-09-02T06:48:21.841764926,18.71861,-82.43896
2020-09-02T06:48:21.845579624,18.75492,-82.44091
2020-09-02T06:48:21.789884090,18.20811,-83.37133
2020-09-02T06:48:21.810102462,18.192575,-83.35675
2020-09-02T06:48:21.863509178,18.198572,-83.35977
2020-09-02T06:48:21.925308227,18.207922,-83.35807
2020-09-02T06:48:21.927215576,18.200546,-83.36012
2020-09-02T06:48:21.929122924,18.207891,-83.35799
2020-09-02T06:48:21.931030273,18.201584,-83.357666
2020-09-02T06:48:21.933319091,18.207994,-83.37027
2020-09-02T06:48:21.961166858,18.202696,-83.35838
2020-09-02T06:48:21.963074207,18.208029,-83.37055
2020-09-02T06:48:21.966888904,18.19909,-83.36092
2020-09-02T06:48:21.968796253,18.207804,-83.34258
2020-09-02T06:48:21.971085071,18.196007,-83.36594
2020-09-02T06:48:21.972992420,18.207804,-83.34258
2020-09-02T06:48:21.974899768,18.208008,-83.36806
2020-09-02T06:48:22.068361282,18.201904,-83.356575
2020-09-02T06:48:22.070269107,18.186089,-83.365845
2020-09-02T06:48:23.261235237,19.532578,-78.41094
2020-09-02T06:48:23.346686363,19.532578,-78.40955
2020-09-02T06:48:23.907455444,19.532743,-78.44149
2020-09-02T06:48:23.971161842,19.532774,-78.441605
2020-09-02T06:48:23.986802101,19.532698,-78.43133
2020-09-02T06:48:24.018846511,19.532726,-78.42885
2020-09-02T06:48:24.048601150,19.532843,-78.44149
2020-09-02T06:48:24.102007865,19.532776,-78.44157
2020-09-02T06:48:24.175632476,18.411053,-82.96542
2020-09-02T06:48:24.191655158,18.410093,-82.96525
2020-09-02T06:48:24.195469856,18.44241,-82.967155
2020-09-02T06:48:24.233235359,18.402681,-82.974266
2020-09-02T06:48:24.296941757,18.418802,-82.98017
2020-09-02T06:48:24.303045272,18.404268,-82.976685
2020-09-02T06:48:24.322882652,18.415522,-82.97836
2020-09-02T06:48:24.326697349,18.442194,-82.967064
2020-09-02T06:48:24.328986167,18.363104,-82.96253
2020-09-02T06:48:24.384300231,18.405832,-82.965034
2020-09-02T06:48:24.400321960,18.40981,-82.96524
2020-09-02T06:48:24.406425476,18.442204,-82.96711
2020-09-02T06:48:24.418251037,18.411089,-82.9653
2020-09-02T06:48:24.436180114,18.409523,-82.96528
2020-09-02T06:48:24.456017494,18.408094,-82.985954
2020-09-02T06:48:24.477761268,18.401493,-82.97434
2020-09-02T06:48:24.499887466,18.409811,-82.96532
2020-09-02T06:48:24.533456802,18.415098,-82.97997
2020-09-02T06:48:27.947281837,19.531672,-78.44178
2020-09-02T06:48:27.962922096,19.531734,-78.44181
2020-09-02T06:48:27.851531982,19.474808,-78.8507
2020-09-02T06:48:27.931260108,19.452732,-78.82646
2020-09-02T06:48:27.964830398,19.474726,-78.850876
2020-09-02T06:48:27.985048294,19.474543,-78.84803
2020-09-02T06:48:27.998781204,19.47267,-78.84589
2020-09-02T06:48:28.000688552,19.452732,-78.82652
2020-09-02T06:48:28.024721145,19.480856,-78.82735
2020-09-02T06:48:28.048373222,19.475132,-78.84748
2020-09-02T06:48:28.052569389,19.47907,-78.82733
2020-09-02T06:48:28.054476737,19.473577,-78.84502
2020-09-02T06:48:28.118183135,19.47414,-78.84496
2020-09-02T06:48:28.120090484,19.452837,-78.826645
2020-09-02T06:48:28.133823394,19.475197,-78.847725
2020-09-02T06:48:28.157856941,19.473825,-78.84803
2020-09-02T06:48:28.163960456,19.475012,-78.845955
2020-09-02T06:48:28.241399765,19.4877,-78.82755
2020-09-02T06:48:28.243307113,19.47491,-78.84387
2020-09-02T06:48:28.245214462,19.452799,-78.82654
2020-09-02T06:48:28.253225326,19.481514,-78.84879
2020-09-02T06:48:28.267339706,19.474907,-78.84609
2020-09-02T06:48:28.277258872,19.479645,-78.83177
2020-09-02T06:48:28.279166221,19.478933,-78.8197
2020-09-02T06:48:28.326849937,19.48236,-78.83091
2020-09-02T06:48:28.328757286,19.476019,-78.84632
2020-09-02T06:48:28.336769104,19.47602,-78.85045
2020-09-02T06:48:28.338676452,19.48112,-78.82735
2020-09-02T06:48:28.376441955,19.480118,-78.835846
2020-09-02T06:48:28.408486366,19.478449,-78.84504
2020-09-02T06:48:28.410393714,19.475227,-78.80788
2020-09-02T06:48:28.420311927,19.474758,-78.84808
2020-09-02T06:48:28.422219276,19.452759,-78.826584
2020-09-02T06:48:28.440148353,19.487392,-78.8009
2020-09-02T06:48:28.487833023,19.475216,-78.85382
2020-09-02T06:48:28.489740371,19.474472,-78.83736
2020-09-02T06:48:28.519876480,19.453053,-78.90409
2020-09-02T06:48:28.521784782,19.48605,-78.82711
2020-09-02T06:48:28.523692131,19.45281,-78.82667
2020-09-02T06:48:28.535517692,19.471605,-78.85723
2020-09-02T06:48:28.537425041,19.473026,-78.80605
2020-09-02T06:48:28.545435905,19.474573,-78.84371
2020-09-02T06:48:28.571375846,19.47971,-78.840935
2020-09-02T06:48:28.599224090,19.473898,-78.82762
2020-09-02T06:48:28.360801696,19.53178,-78.44186
2020-09-02T06:48:28.368431091,19.53169,-78.44189
2020-09-02T06:48:28.378349304,19.53171,-78.441864
2020-09-02T06:48:28.416497230,19.508352,-78.44125
2020-09-02T06:48:28.434044837,19.531742,-78.44189
2020-09-02T06:48:28.625164031,19.493553,-78.42745
2020-09-02T06:48:28.646908760,19.53177,-78.441895
2020-09-02T06:48:31.153966903,19.772139,-78.87996
2020-09-02T06:48:31.155874252,19.772219,-78.91394
2020-09-02T06:48:31.368736267,19.772148,-78.91376
2020-09-02T06:48:31.370643615,19.772148,-78.91376
2020-09-02T06:48:30.173573493,19.532167,-78.75183
2020-09-02T06:48:30.193792343,19.53224,-78.751854
2020-09-02T06:48:30.195699691,19.532238,-78.751854
2020-09-02T06:48:30.197607040,19.532276,-78.76871
2020-09-02T06:48:30.199514389,19.532232,-78.751854
2020-09-02T06:48:30.203710556,19.53223,-78.751854
2020-09-02T06:48:30.205617904,19.532228,-78.751854
2020-09-02T06:48:30.215536117,19.537346,-78.747696
2020-09-02T06:48:30.217443466,19.532156,-78.75186
2020-09-02T06:48:30.273138999,19.532137,-78.75186
2020-09-02T06:48:30.350578308,19.531994,-78.7259
2020-09-02T06:48:30.352867126,19.532072,-78.75176
2020-09-02T06:48:30.356681823,19.532108,-78.75179
2020-09-02T06:48:30.450143814,19.532099,-78.7518
2020-09-02T06:48:30.453958511,19.532156,-78.77718
2020-09-02T06:48:30.460062026,19.532084,-78.75184
2020-09-02T06:48:30.461969375,19.532084,-78.75185
2020-09-02T06:48:30.463876724,19.532087,-78.75185
2020-09-02T06:48:30.466165542,19.532091,-78.751854
2020-09-02T06:48:30.469980239,19.532099,-78.75186
2020-09-02T06:48:30.477991104,19.53212,-78.751816
2020-09-02T06:48:30.494012832,19.532106,-78.75181
2020-09-02T06:48:30.495920181,19.53207,-78.75181
2020-09-02T06:48:30.505839347,19.532091,-78.76814
2020-09-02T06:48:30.507746696,19.532078,-78.75182
2020-09-02T06:48:30.509654045,19.542017,-78.76937
2020-09-02T06:48:30.511561393,19.532116,-78.75183
2020-09-02T06:48:30.513850212,19.532162,-78.770515
2020-09-02T06:48:30.515757560,19.532116,-78.75183
2020-09-02T06:48:30.517664909,19.532166,-78.772316
2020-09-02T06:48:30.519572257,19.532202,-78.78647
2020-09-02T06:48:30.521861076,19.532173,-78.77562
2020-09-02T06:48:30.523768424,19.5323,-78.82925
2020-09-02T06:48:30.525675773,19.532198,-78.78977
2020-09-02T06:48:30.527583122,19.532187,-78.78695
2020-09-02T06:48:30.529490470,19.532177,-78.78455
2020-09-02T06:48:30.531779289,19.532146,-78.77534
2020-09-02T06:48:30.533686637,19.542477,-78.7848
2020-09-02T06:48:30.535593986,19.555983,-78.79102
2020-09-02T06:48:30.587093353,19.538975,-78.76041
2020-09-02T06:48:30.591289520,19.539244,-78.79354
2020-09-02T06:48:30.593196868,19.544851,-78.78305
2020-09-02T06:48:30.595104217,19.545479,-78.77737
2020-09-02T06:48:30.597393035,19.538193,-78.78547
2020-09-02T06:48:30.599300384,19.53222,-78.78803
2020-09-02T06:48:30.688566207,19.544912,-78.781204
2020-09-02T06:48:30.688566207,19.772297,-78.91397
2020-09-02T06:48:30.690473556,19.556026,-78.780975
2020-09-02T06:48:30.692762374,19.772295,-78.91397
2020-09-02T06:48:30.692762374,19.541334,-78.77478
2020-09-02T06:48:30.694669723,19.539585,-78.785385
2020-09-02T06:48:30.696577072,19.53214,-78.78563
2020-09-02T06:48:30.698484420,19.539461,-78.77972
2020-09-02T06:48:30.700773239,19.532139,-78.789566
2020-09-02T06:48:30.804152488,19.53215,-78.77749
2020-09-02T06:48:30.806059837,19.532206,-78.79842
2020-09-02T06:48:30.815979003,19.532202,-78.79317
2020-09-02T06:48:30.825897216,19.532124,-78.78968
2020-09-02T06:48:30.827804565,19.532082,-78.7844
2020-09-02T06:48:30.829711914,19.53206,-78.78785
2020-09-02T06:48:30.832000732,19.532063,-78.78694
2020-09-02T06:48:30.833908081,19.532082,-78.78345
2020-09-02T06:48:30.835815429,19.532108,-78.78366
2020-09-02T06:48:30.837722778,19.532143,-78.78678
2020-09-02T06:48:30.839630126,19.532173,-78.78812
2020-09-02T06:48:30.841918945,19.532173,-78.78598
2020-09-02T06:48:30.843826293,19.53216,-78.7851
2020-09-02T06:48:30.845733642,19.53215,-78.78578
2020-09-02T06:48:30.847640991,19.532057,-78.75183
2020-09-02T06:48:30.984972000,19.532053,-78.75178
2020-09-02T06:48:30.986879348,19.540037,-78.79391
2020-09-02T06:48:30.996798515,19.532152,-78.78973
2020-09-02T06:48:31.058597564,19.4892,-78.71109
2020-09-02T06:48:31.145954132,19.532043,-78.76719
2020-09-02T06:48:31.147861480,19.532135,-78.80235
2020-09-02T06:48:31.149768829,19.544205,-78.78431
2020-09-02T06:48:31.152059555,19.541851,-78.777245
2020-09-02T06:48:31.153966903,19.54074,-78.77776
2020-09-02T06:48:31.155874252,19.525707,-78.767815
2020-09-02T06:48:31.157781600,19.521036,-78.75879
2020-09-02T06:48:31.159688949,19.532572,-78.77689
2020-09-02T06:48:31.161977767,19.538641,-78.78347
2020-09-02T06:48:31.163885116,19.532051,-78.7873
2020-09-02T06:48:31.165792465,19.53196,-78.75177
2020-09-02T06:48:31.245519638,19.409218,-78.67079
2020-09-02T06:48:31.283287048,19.372242,-78.66968
2020-09-02T06:48:31.360725402,19.53196,-78.76721
2020-09-02T06:48:31.364540100,19.539436,-78.79177
2020-09-02T06:48:31.366447448,19.545681,-78.78053
2020-09-02T06:48:31.368736267,19.539728,-78.78474
2020-09-02T06:48:31.370643615,19.514559,-78.77765
2020-09-02T06:48:31.372550964,19.5393,-78.78282
2020-09-02T06:48:31.374458312,19.532024,-78.78658
2020-09-02T06:48:31.376365661,19.531946,-78.75159
2020-09-02T06:48:31.378654479,19.472424,-78.715965
2020-09-02T06:48:31.380561828,19.535006,-78.773964
2020-09-02T06:48:31.382469177,19.532024,-78.780174
2020-09-02T06:48:31.480127334,19.372572,-78.824295
2020-09-02T06:48:31.565578460,19.474977,-78.418015
2020-09-02T06:48:31.710538864,19.451307,-78.40057
2020-09-02T06:48:31.712446212,19.474771,-78.413124
2020-09-02T06:48:31.841766357,19.451515,-78.43977
2020-09-02T06:48:31.863510131,19.509739,-78.40847
2020-09-02T06:48:31.919206619,19.530981,-78.364555
2020-09-02T06:48:32.042423248,19.515615,-78.40459
2020-09-02T06:48:32.044712066,19.531065,-78.395805
2020-09-02T06:48:32.048526763,19.509947,-78.4099
2020-09-02T06:48:32.052341461,19.531118,-78.40261
2020-09-02T06:48:32.056537628,19.50405,-78.39778
2020-09-02T06:48:32.058444976,19.531042,-78.36449
2020-09-02T06:48:32.064548492,19.505272,-78.39531
2020-09-02T06:48:32.066455841,19.491861,-78.40309
2020-09-02T06:48:32.068363189,19.507227,-78.40318
2020-09-02T06:48:32.070270538,19.511976,-78.3918
2020-09-02T06:48:32.072559356,19.516499,-78.37423
2020-09-02T06:48:32.074466705,19.526888,-78.35937
2020-09-02T06:48:32.076374053,19.521187,-78.36828
2020-09-02T06:48:32.078281402,19.531084,-78.36447
2020-09-02T06:48:32.080188751,19.531076,-78.36445
2020-09-02T06:48:32.082477569,19.531069,-78.36445
2020-09-02T06:48:32.096210479,19.517923,-78.36411
2020-09-02T06:48:32.098117828,19.517168,-78.369576
2020-09-02T06:48:32.100406646,19.513422,-78.3659
2020-09-02T06:48:32.102313995,19.531082,-78.36443
2020-09-02T06:48:32.207601547,19.506283,-78.3844
2020-09-02T06:48:32.209508895,19.521044,-78.3543
2020-09-02T06:48:32.211416244,19.531046,-78.36452
2020-09-02T06:48:32.213705062,19.523355,-78.34935
2020-09-02T06:48:32.215612411,19.531103,-78.37562
2020-09-02T06:48:32.229345321,19.531103,-78.36447
2020-09-02T06:48:32.231252670,19.531036,-78.333855
2020-09-02T06:48:32.233541488,19.520903,-78.340614
2020-09-02T06:48:32.235448837,19.514864,-78.36731
2020-09-02T06:48:32.237356185,19.516315,-78.35785
2020-09-02T06:48:32.255285263,19.513426,-78.36631
2020-09-02T06:48:32.257192611,19.499716,-78.3533
2020-09-02T06:48:32.402536392,19.496593,-78.390785
2020-09-02T06:48:32.404443740,19.522387,-78.33833
2020-09-02T06:48:32.410165786,19.531004,-78.36446
2020-09-02T06:48:32.458230972,19.486422,-78.365776
2020-09-02T06:48:32.501718521,19.51104,-78.364716
2020-09-02T06:48:33.106357574,19.468163,-78.78206
2020-09-02T06:48:33.108264923,19.452068,-78.78105
2020-09-02T06:48:33.169683456,19.471064,-78.78374
2020-09-02T06:48:33.251317977,19.452065,-78.781136
2020-09-02T06:48:33.308921813,19.471724,-78.78641
2020-09-02T06:48:33.310829162,19.452038,-78.778465
2020-09-02T06:48:33.313117980,19.45205,-78.78404
2020-09-02T06:48:33.364616394,19.47003,-78.78225
2020-09-02T06:48:33.390558242,19.451862,-78.7812
2020-09-02T06:48:33.476007461,19.451967,-78.78851
2020-09-02T06:48:34.646757125,18.399822,-82.9205
2020-09-02T06:48:34.649045944,18.392113,-82.91097
2020-09-02T06:48:34.668882369,18.40124,-82.918495
2020-09-02T06:48:34.690626144,18.389454,-82.91503
2020-09-02T06:48:34.706647872,18.380388,-82.91583
2020-09-02T06:48:34.708555221,18.36087,-82.88528
2020-09-02T06:48:34.734495162,18.392908,-82.9241
2020-09-02T06:48:34.760055541,18.380674,-82.920265
2020-09-02T06:48:34.823760986,18.39196,-82.923645
2020-09-02T06:48:34.837875366,18.393766,-82.921715
2020-09-02T06:48:34.847793579,18.394152,-82.92294
2020-09-02T06:48:34.855804443,18.41091,-82.91203
2020-09-02T06:48:34.891283035,18.392723,-82.92303
2020-09-02T06:48:34.901201248,18.397202,-82.92381
2020-09-02T06:48:34.903490066,18.361202,-82.92136
2020-09-02T06:48:34.917222976,18.382986,-82.9213
2020-09-02T06:48:34.921419143,18.361137,-82.92084
2020-09-02T06:48:34.937059402,18.385372,-82.91958
2020-09-02T06:48:34.939348220,18.361237,-82.923775
2020-09-02T06:48:34.956895828,18.39208,-82.921265
2020-09-02T06:48:34.959184646,18.361015,-82.88538
2020-09-02T06:48:34.982835769,18.361115,-82.91206
2020-09-02T06:48:34.988941192,18.36088,-82.88534
2020-09-02T06:48:34.990848541,18.383741,-82.91181
2020-09-02T06:48:34.992755889,18.361025,-82.90494
2020-09-02T06:48:34.994663238,18.360886,-82.88534
2020-09-02T06:48:35.128179550,18.374641,-82.90491
2020-09-02T06:48:35.130086898,18.379074,-82.91438
2020-09-02T06:48:35.131994247,18.377802,-82.913925
2020-09-02T06:48:35.133901596,18.38656,-82.91588
2020-09-02T06:48:35.135808944,18.360905,-82.88539
2020-09-02T06:48:35.231557846,18.375593,-82.91093
2020-09-02T06:48:35.233465194,18.388517,-82.9159
2020-09-02T06:48:35.239189147,18.381931,-82.911
2020-09-02T06:48:35.243385314,18.3611,-82.90981
2020-09-02T06:48:35.255210876,18.375925,-82.9094
2020-09-02T06:48:35.289161682,18.379957,-82.91033
2020-09-02T06:48:35.291069030,18.391611,-82.91894
2020-09-02T06:48:35.332649230,18.38245,-82.912445
2020-09-02T06:48:37.000843048,19.499128,-78.75114
2020-09-02T06:48:37.038608551,19.479946,-78.7604
2020-09-02T06:48:37.040515899,19.486496,-78.76527
2020-09-02T06:48:37.042423248,19.452282,-78.74984
2020-09-02T06:48:37.056537628,19.452248,-78.74984
2020-09-02T06:48:37.249183654,19.4817,-78.76251
2020-09-02T06:48:37.251472473,19.482319,-78.75071
2020-09-02T06:48:37.279319763,19.452211,-78.74971
2020-09-02T06:48:37.344934463,19.482038,-78.76097
2020-09-02T06:48:37.404443740,19.481192,-78.75056
2020-09-02T06:48:37.849626541,18.5202,-82.97271
2020-09-02T06:48:38.012516021,18.520542,-83.00921
2020-09-02T06:48:38.446252822,18.401592,-82.863945
2020-09-02T06:48:38.537425994,18.463928,-82.842606
2020-09-02T06:48:38.539714813,18.461058,-82.84265
2020-09-02T06:48:38.541622161,18.440323,-82.849785
2020-09-02T06:48:38.646909713,18.469833,-82.79381
2020-09-02T06:48:38.724349975,18.422136,-82.81832
2020-09-02T06:48:38.726638793,18.392563,-82.87272
2020-09-02T06:48:39.253456115,19.473406,-78.42398
2020-09-02T06:48:39.301139831,19.451838,-78.439964
2020-09-02T06:48:39.388498306,19.474195,-78.421646
2020-09-02T06:48:39.229420186,18.362972,-83.08387
2020-09-02T06:48:39.306859494,18.363081,-83.08113
2020-09-02T06:48:39.467842103,18.379148,-83.08743
2020-09-02T06:48:39.495689869,18.351171,-83.07608
2020-09-02T06:48:39.499886036,18.283745,-82.97337
2020-09-02T06:48:39.501793385,18.350687,-83.022736
2020-09-02T06:48:39.501793385,18.01076,-82.82811
2020-09-02T06:48:39.503701211,18.36296,-83.077385
2020-09-02T06:48:39.513619423,18.356565,-83.08719
2020-09-02T06:48:39.557488919,18.363043,-83.08515
2020-09-02T06:48:39.559396267,18.363003,-83.08019
2020-09-02T06:48:39.744411946,18.338356,-83.07056
2020-09-02T06:48:39.269093514,19.482212,-78.84584
2020-09-02T06:48:39.271382332,19.476677,-78.85432
2020-09-02T06:48:39.273289681,19.484493,-78.827736
2020-09-02T06:48:39.283207894,19.480286,-78.85691
2020-09-02T06:48:39.285115243,19.452833,-78.86643
2020-09-02T06:48:39.287023068,19.452814,-78.86555
2020-09-02T06:48:39.288930417,19.452799,-78.86622
2020-09-02T06:48:39.295033932,19.452814,-78.87496
2020-09-02T06:48:39.296941281,19.474655,-78.86615
2020-09-02T06:48:39.304952145,19.452848,-78.88473
2020-09-02T06:48:39.306859494,19.468893,-78.8719
2020-09-02T06:48:39.309148312,19.469002,-78.86338
2020-09-02T06:48:39.312963009,19.452858,-78.889015
2020-09-02T06:48:39.314870358,19.46857,-78.87421
2020-09-02T06:48:39.316778183,19.452831,-78.878685
2020-09-02T06:48:39.320974350,19.452894,-78.90415
2020-09-02T06:48:39.328985215,19.452896,-78.89711
2020-09-02T06:48:39.330892563,19.45287,-78.88508
2020-09-02T06:48:39.336614609,19.452908,-78.9042
2020-09-02T06:48:39.338903428,19.452904,-78.9042
2020-09-02T06:48:39.342718125,19.452904,-78.904175
2020-09-02T06:48:39.438086987,19.45284,-78.90424
2020-09-02T06:48:39.439994336,19.452824,-78.89726
2020-09-02T06:48:39.450294495,19.461988,-78.886246
2020-09-02T06:48:39.457923890,19.45289,-78.91323
2020-09-02T06:48:39.460212708,19.452888,-78.91439
2020-09-02T06:48:39.462120057,19.452894,-78.916855
2020-09-02T06:48:39.464027405,19.457172,-78.89558
2020-09-02T06:48:39.465934754,19.446928,-78.91061
2020-09-02T06:48:39.467842103,19.442034,-78.91487
2020-09-02T06:48:39.470130921,19.447075,-78.90866
2020-09-02T06:48:39.472038746,19.452753,-78.889465
2020-09-02T06:48:39.473946095,19.44116,-78.91583
2020-09-02T06:48:39.475853444,19.443735,-78.91063
2020-09-02T06:48:39.478142262,19.452797,-78.88998
2020-09-02T06:48:39.480049611,19.426216,-78.90346
2020-09-02T06:48:39.481956959,19.42799,-78.91333
2020-09-02T06:48:39.483864308,19.420948,-78.9033
2020-09-02T06:48:39.485771657,19.425262,-78.913506
2020-09-02T06:48:39.488060475,19.421417,-78.91572
2020-09-02T06:48:39.489967824,19.423086,-78.91577
2020-09-02T06:48:39.491875172,19.413116,-78.91668
2020-09-02T06:48:39.493782521,19.4528,-78.904236
2020-09-02T06:48:39.495689869,19.409967,-78.90295
2020-09-02T06:48:39.497978688,19.452785,-78.90423
2020-09-02T06:48:39.501793385,19.402628,-78.90272
2020-09-02T06:48:39.503701211,19.400244,-78.90264
2020-09-02T06:48:39.513619423,19.373137,-78.901825
2020-09-02T06:48:39.527733803,19.373074,-78.90185
2020-09-02T06:48:39.529641152,19.373049,-78.901855
2020-09-02T06:48:39.533456326,19.373062,-78.90184
2020-09-02T06:48:39.535745144,19.37308,-78.90183
2020-09-02T06:48:39.539559842,19.373114,-78.90181
2020-09-02T06:48:39.541467190,19.37312,-78.90181
2020-09-02T06:48:39.543756009,19.384726,-78.90215
2020-09-02T06:48:39.551385403,19.373083,-78.90181
2020-09-02T06:48:39.553674222,19.391092,-78.90235
2020-09-02T06:48:39.565500260,19.37309,-78.90182
2020-09-02T06:48:39.567407609,19.38444,-78.90216
2020-09-02T06:48:39.573511124,19.373098,-78.901825
2020-09-02T06:48:39.581521988,19.373072,-78.90183
2020-09-02T06:48:39.593347550,19.373104,-78.901855
2020-09-02T06:48:39.792096615,19.468506,-78.87839
2020-09-02T06:48:39.794003964,19.4556,-78.89577
2020-09-02T06:48:39.795911313,19.438633,-78.90596
2020-09-02T06:48:39.798200131,19.452818,-78.90406
2020-09-02T06:48:39.800107480,19.415089,-78.939644
2020-09-02T06:48:40.718700885,19.531399,-78.44192
2020-09-02T06:48:40.742352485,19.531477,-78.44196
2020-09-02T06:48:40.893416404,19.497017,-78.4409
2020-09-02T06:48:40.937286376,19.531395,-78.44183
2020-09-02T06:48:40.621043205,19.45254,-78.82669
2020-09-02T06:48:40.622950553,19.460693,-78.81122
2020-09-02T06:48:40.625239372,19.452461,-78.80426
2020-09-02T06:48:40.716412067,19.452463,-78.826614
2020-09-02T06:48:40.831998825,19.452562,-78.826584
2020-09-02T06:48:40.859846591,19.465626,-78.80822
2020-09-02T06:48:40.871672630,19.45242,-78.81113
2020-09-02T06:48:40.873579978,19.452385,-78.8026
2020-09-02T06:48:40.891509056,19.452414,-78.80596
2020-09-02T06:48:40.923171520,19.452398,-78.80758
2020-09-02T06:48:40.945297241,19.452414,-78.80645
2020-09-02T06:48:40.967041492,19.452316,-78.805954
2020-09-02T06:48:40.986877918,19.452398,-78.80742
2020-09-02T06:48:41.012818336,19.452375,-78.82658
2020-09-02T06:48:44.168003082,19.531174,-78.44204
2020-09-02T06:48:44.195469856,19.531235,-78.44205
2020-09-02T06:48:44.253454208,19.531246,-78.44203
2020-09-02T06:48:44.366751670,19.531233,-78.44203
2020-09-02T06:48:44.436180114,19.53124,-78.44208
2020-09-02T06:48:45.185780525,19.532122,-78.751755
2020-09-02T06:48:45.195698738,19.513937,-78.75886
2020-09-02T06:48:45.203709602,19.518274,-78.75134
2020-09-02T06:48:45.241475105,19.532078,-78.75177
2020-09-02T06:48:45.253301620,19.532137,-78.75178
2020-09-02T06:48:45.255208969,19.53213,-78.75175
2020-09-02T06:48:45.356680870,19.531975,-78.75161
2020-09-02T06:48:45.358588218,19.51508,-78.7589
2020-09-02T06:48:45.418479919,19.511753,-78.7604
2020-09-02T06:48:45.420387268,19.514782,-78.75123
2020-09-02T06:48:45.422294616,19.517633,-78.751305
2020-09-02T06:48:45.489816665,19.511698,-78.75108
2020-09-02T06:48:45.501642227,19.50344,-78.757545
2020-09-02T06:48:45.521860122,19.499508,-78.75629
2020-09-02T06:48:45.539407730,19.49517,-78.7569
2020-09-02T06:48:45.557337760,19.507113,-78.75091
2020-09-02T06:48:45.589381217,19.532055,-78.75169
2020-09-02T06:48:45.607310295,19.509394,-78.75101
2020-09-02T06:48:45.632869720,19.505728,-78.750916
2020-09-02T06:48:45.654994964,19.509426,-78.75102
2020-09-02T06:48:45.684750556,19.452341,-78.74935
2020-09-02T06:48:47.052340507,19.467384,-78.43358
2020-09-02T06:48:47.070269584,19.45164,-78.43972
2020-09-02T06:48:47.098117828,19.451601,-78.43959
2020-09-02T06:48:47.108036041,19.451578,-78.43969
2020-09-02T06:48:47.179753303,19.450478,-78.44017
2020-09-02T06:48:47.195775032,19.482615,-78.44045
2020-09-02T06:48:47.197682380,19.451616,-78.43963
2020-09-02T06:48:47.201497077,19.45023,-78.44081
2020-09-02T06:48:47.231634140,19.451567,-78.439606
2020-09-02T06:48:47.249181747,19.453842,-78.45132
2020-09-02T06:48:47.251470565,19.451542,-78.41025
2020-09-02T06:48:47.267110824,19.45157,-78.439606
2020-09-02T06:48:47.565424919,18.419804,-82.96614
2020-09-02T06:48:47.577250480,18.441011,-82.96738
2020-09-02T06:48:47.106128692,19.45245,-78.82649
2020-09-02T06:48:47.108036041,19.47891,-78.81563
2020-09-02T06:48:47.141986846,19.452404,-78.82645
2020-09-02T06:48:47.203785896,19.480776,-78.81462
2020-09-02T06:48:47.271306991,19.452448,-78.826416
2020-09-02T06:48:47.322806358,19.4185,-78.83314
2020-09-02T06:48:47.324713706,19.431183,-78.82583
2020-09-02T06:48:47.327002525,19.452427,-78.82645
2020-09-02T06:48:47.388420104,19.419514,-78.83405
2020-09-02T06:48:47.390327453,19.452438,-78.82654
2020-09-02T06:48:47.396430969,19.433167,-78.8259
2020-09-02T06:48:47.398338317,19.452438,-78.82643
2020-09-02T06:48:47.418175697,19.429028,-78.82576
2020-09-02T06:48:47.499811172,19.431553,-78.82576
2020-09-02T06:48:47.501718521,19.452436,-78.82639
2020-09-02T06:48:47.603191375,19.412844,-78.83231
2020-09-02T06:48:47.615016937,19.427517,-78.82559
2020-09-02T06:48:47.629131317,19.4524,-78.82637
2020-09-02T06:48:47.652782440,19.422646,-78.82554
2020-09-02T06:48:47.696652412,19.45248,-78.826324
2020-09-02T06:48:47.698559761,19.452482,-78.82632
2020-09-02T06:48:47.712674140,19.406946,-78.82894
2020-09-02T06:48:47.730604171,19.4121,-78.8324
2020-09-02T06:48:47.752347946,19.430264,-78.82577
2020-09-02T06:48:47.827879905,19.429848,-78.82569
2020-09-02T06:48:47.865646362,19.428923,-78.82569
2020-09-02T06:48:47.877471923,19.403429,-78.83391
2020-09-02T06:48:47.879379272,19.3727,-78.824005
2020-09-02T06:48:47.901504516,19.40534,-78.82989
2020-09-02T06:48:47.943085670,19.427488,-78.82567
2020-09-02T06:48:47.944993019,19.430147,-78.82575
2020-09-02T06:48:49.488443374,14.767962,-77.969795
2020-09-02T06:48:49.490350723,14.768493,-77.96626
2020-09-02T06:48:49.492639541,14.768494,-77.96705
2020-09-02T06:48:49.494546890,14.768484,-77.955734
2020-09-02T06:48:49.496454238,14.76148,-77.96198
2020-09-02T06:48:49.498361587,14.76694,-77.965805
2020-09-02T06:48:49.500268936,14.768475,-77.96419
2020-09-02T06:48:49.502557754,14.768469,-77.95573
2020-09-02T06:48:49.504465103,14.768472,-77.96167
2020-09-02T06:48:49.506372451,14.768469,-77.95572
2020-09-02T06:48:49.508279800,14.768471,-77.95985
2020-09-02T06:48:49.510568618,14.768469,-77.95571
2020-09-02T06:48:49.518198966,14.768435,-77.95579
2020-09-02T06:48:49.520487785,14.768425,-77.95581
2020-09-02T06:48:49.522395133,14.768422,-77.95581
2020-09-02T06:48:49.524302482,14.768425,-77.9558
2020-09-02T06:48:49.526209831,14.768428,-77.95579
2020-09-02T06:48:49.530405998,14.768433,-77.955765
2020-09-02T06:48:49.534220695,14.768433,-77.955765
2020-09-02T06:48:49.542231559,14.768453,-77.98802
2020-09-02T06:48:49.544138908,14.768465,-77.97998
2020-09-02T06:48:49.546046257,14.754068,-77.98416
2020-09-02T06:48:49.548335075,14.753078,-77.98705
2020-09-02T06:48:49.550242424,14.74977,-77.994064
2020-09-02T06:48:49.552149772,14.739197,-77.99818
2020-09-02T06:48:49.554057121,14.737823,-78.00267
2020-09-02T06:48:49.555964469,14.738009,-77.99948
2020-09-02T06:48:49.558253288,14.735753,-77.99362
2020-09-02T06:48:49.560160636,14.73823,-77.99557
2020-09-02T06:48:49.562067985,14.736731,-78.014206
2020-09-02T06:48:49.563975334,14.749379,-78.00114
2020-09-02T06:48:49.565882682,14.737267,-78.004814
2020-09-02T06:48:49.568171501,14.734424,-78.00858
2020-09-02T06:48:49.570078849,14.69196,-78.02931
2020-09-02T06:48:49.571986198,14.7207365,-78.02984
2020-09-02T06:48:49.583812713,14.768473,-77.955795
2020-09-02T06:48:49.586101531,14.7705555,-77.95591
2020-09-02T06:48:49.588008880,14.768471,-77.95579
2020-09-02T06:48:49.589916229,14.768471,-77.95578
2020-09-02T06:48:49.591823577,14.768473,-77.95306
2020-09-02T06:48:49.599834442,14.768519,-77.95577
2020-09-02T06:48:49.601741790,14.76852,-77.955765
2020-09-02T06:48:49.765013694,14.76844,-77.955795
2020-09-02T06:48:49.766921043,14.762725,-77.974625
2020-09-02T06:48:49.772643089,14.744785,-77.93254
2020-09-02T06:48:49.786757469,14.76841,-77.95576
2020-09-02T06:48:49.810408592,14.747082,-77.98475
2020-09-02T06:48:49.854278564,14.763537,-77.98519
2020-09-02T06:48:49.856185913,14.764497,-77.96942
2020-09-02T06:48:49.858474731,14.768499,-77.95571
2020-09-02T06:48:49.860382080,14.768519,-77.9557
2020-09-02T06:48:49.864196777,14.76849,-77.951355
2020-09-02T06:48:49.866104125,14.691981,-77.95434
2020-09-02T06:48:49.868392944,14.768441,-77.9557
2020-09-02T06:48:49.870300292,14.770477,-77.9554
2020-09-02T06:48:49.872207641,14.768397,-77.9557
2020-09-02T06:48:49.876022338,14.768373,-77.95571
2020-09-02T06:48:49.878311157,14.768359,-77.95571
2020-09-02T06:48:49.880218505,14.768347,-77.95572
2020-09-02T06:48:49.947740554,14.768446,-77.9557
2020-09-02T06:48:49.949647903,14.754021,-77.98326
2020-09-02T06:48:49.951936721,14.7418995,-78.00191
2020-09-02T06:48:49.953844070,14.76847,-78.03066
2020-09-02T06:48:49.955751419,14.749556,-78.00828
2020-09-02T06:48:49.957658767,14.733325,-78.00695
2020-09-02T06:48:49.959566116,14.73718,-78.00309
2020-09-02T06:48:49.961854934,14.739505,-77.99764
2020-09-02T06:48:49.963762283,14.750512,-78.00543
2020-09-02T06:48:49.965669631,14.753082,-78.00194
2020-09-02T06:48:49.967576980,14.768433,-78.030655
2020-09-02T06:48:51.062412261,19.531303,-78.44139
2020-09-02T06:48:51.086444854,19.531311,-78.426834
2020-09-02T06:48:51.114292144,19.517815,-78.428314
2020-09-02T06:48:51.126117706,19.531334,-78.44148
2020-09-02T06:48:51.152059555,19.531395,-78.441444
2020-09-02T06:48:51.187536239,19.531317,-78.42326
2020-09-02T06:48:51.247426986,19.523172,-78.411354
2020-09-02T06:48:51.263448715,19.531296,-78.408714
2020-09-02T06:48:51.271078109,19.531294,-78.41174
2020-09-02T06:48:51.273366928,19.53131,-78.41715
2020-09-02T06:48:51.318763732,19.52374,-78.41457
2020-09-02T06:48:51.321052551,19.531239,-78.395744
2020-09-02T06:48:51.340888977,19.531256,-78.40885
2020-09-02T06:48:51.368736267,19.531326,-78.408714
2020-09-02T06:48:51.370643615,19.531315,-78.40025
2020-09-02T06:48:53.295188903,19.476006,-78.78144
2020-09-02T06:48:53.350883483,19.452696,-78.79016
2020-09-02T06:48:53.451974868,19.4527,-78.78377
2020-09-02T06:48:53.454263687,19.473164,-78.78514
2020-09-02T06:48:53.456171035,19.468906,-78.782005
2020-09-02T06:48:53.458078384,19.47132,-78.78401
2020-09-02T06:48:53.501947402,19.452602,-78.74943
2020-09-02T06:48:53.519878387,19.4527,-78.7803
2020-09-02T06:48:53.521785736,19.462511,-78.7807
2020-09-02T06:48:53.559551239,19.452684,-78.78083
2020-09-02T06:48:53.561458587,19.452694,-78.78231
2020-09-02T06:48:53.583202362,19.45273,-78.77903
2020-09-02T06:48:53.585491180,19.452755,-78.78086
2020-09-02T06:48:53.607234954,19.452728,-78.77988
2020-09-02T06:48:53.676664352,19.468657,-78.78182
2020-09-02T06:48:53.678953170,19.452826,-78.77977
2020-09-02T06:48:53.772033691,19.468462,-78.7816
2020-09-02T06:48:53.799880981,19.46682,-78.78108
2020-09-02T06:48:53.820098876,19.452766,-78.78034
2020-09-02T06:48:53.945222854,19.452656,-78.74936
2020-09-02T06:48:54.587245941,18.441542,-82.967865
2020-09-02T06:48:54.636838912,18.441608,-82.96782
2020-09-02T06:48:54.639127731,18.441616,-82.967804
2020-09-02T06:48:54.658964157,18.441486,-82.96784
2020-09-02T06:48:54.680707931,18.441462,-82.96785
2020-09-02T06:48:54.724576950,18.441544,-82.96778
2020-09-02T06:48:54.732587814,18.441483,-82.96779
2020-09-02T06:48:54.734495162,18.428797,-82.95968
2020-09-02T06:48:54.742507934,18.441559,-82.96776
2020-09-02T06:48:54.744415283,18.441547,-82.96777
2020-09-02T06:48:54.754333496,18.441547,-82.96781
2020-09-02T06:48:54.762344360,18.441597,-82.96782
2020-09-02T06:48:54.764251708,18.441593,-82.96783
2020-09-02T06:48:54.768066406,18.441587,-82.96783
2020-09-02T06:48:54.841690063,18.42841,-82.96134
2020-09-02T06:48:54.871446609,18.42035,-82.96652
2020-09-02T06:48:54.911500930,18.441542,-82.96785
2020-09-02T06:48:54.601360321,19.48468,-78.45827
2020-09-02T06:48:54.613185882,19.466078,-78.44425
2020-09-02T06:48:54.637220382,19.45219,-78.44005
2020-09-02T06:48:54.639127731,19.452198,-78.44003
2020-09-02T06:48:54.660871505,19.495413,-78.441216
2020-09-02T06:48:54.680707931,19.495007,-78.44122
2020-09-02T06:48:54.696729660,19.372969,-78.70578
2020-09-02T06:48:54.698637008,19.377398,-78.70594
2020-09-02T06:48:54.700544357,19.372969,-78.70755
2020-09-02T06:48:54.702833175,19.37296,-78.70456
2020-09-02T06:48:54.704740524,19.37296,-78.70642
2020-09-02T06:48:54.706647872,19.372969,-78.713
2020-09-02T06:48:54.708555221,19.372972,-78.716194
2020-09-02T06:48:54.720380783,19.37896,-78.72144
2020-09-02T06:48:54.722669601,19.37301,-78.71869
2020-09-02T06:48:54.748229980,19.386562,-78.72449
2020-09-02T06:48:54.750518798,19.372961,-78.72009
2020-09-02T06:48:54.752426147,19.385515,-78.725296
2020-09-02T06:48:54.754333496,19.391893,-78.72099
2020-09-02T06:48:54.766159057,19.402565,-78.720116
2020-09-02T06:48:54.782180786,19.372908,-78.702644
2020-09-02T06:48:54.785995483,19.377003,-78.701225
2020-09-02T06:48:54.810028076,19.38932,-78.72155
2020-09-02T06:48:54.811935424,19.3731,-78.74717
2020-09-02T06:48:54.821853637,19.372982,-78.69889
2020-09-02T06:48:54.837875366,19.372904,-78.66992
2020-09-02T06:48:54.839782714,19.37296,-78.69668
2020-09-02T06:48:54.841690063,19.372711,-78.69997
2020-09-02T06:48:54.843978881,19.471455,-78.43269
2020-09-02T06:48:54.847793579,19.372877,-78.688705
2020-09-02T06:48:54.857711791,19.470512,-78.436226
2020-09-02T06:48:54.871446609,19.372847,-78.68492
2020-09-02T06:48:54.873735427,19.37284,-78.693344
2020-09-02T06:48:54.883653640,19.372726,-78.66984
2020-09-02T06:48:54.891664505,19.372797,-78.66988
2020-09-02T06:48:54.897386550,19.39493,-78.72293
2020-09-02T06:48:54.899293899,19.391804,-78.72041
2020-09-02T06:48:54.901582717,19.38949,-78.72456
2020-09-02T06:48:54.921419143,19.452072,-78.43997
2020-09-02T06:48:54.927141189,19.41336,-78.71104
2020-09-02T06:48:54.929430007,19.398628,-78.71305
2020-09-02T06:48:54.931337356,19.410795,-78.70718
2020-09-02T06:48:54.933244705,19.409964,-78.70459
2020-09-02T06:48:54.935152053,19.41015,-78.712074
2020-09-02T06:48:54.939348220,19.421165,-78.69505
2020-09-02T06:48:54.941255569,19.418259,-78.70449
2020-09-02T06:48:54.943162918,19.452541,-78.67211
2020-09-02T06:48:54.945070266,19.452532,-78.67209
2020-09-02T06:48:54.946977615,19.432846,-78.69015
2020-09-02T06:48:54.949266433,19.405931,-78.70102
2020-09-02T06:48:55.032810211,19.491194,-78.40167
2020-09-02T06:48:55.040439605,19.490501,-78.42279
2020-09-02T06:48:55.050739288,19.489157,-78.428734
2020-09-02T06:48:55.064472198,19.531971,-78.44208
2020-09-02T06:48:55.094226837,19.403439,-78.68979
2020-09-02T06:48:55.096134185,19.372932,-78.70431
2020-09-02T06:48:55.131994247,19.531921,-78.44207
2020-09-02T06:48:55.167852401,19.531967,-78.44213
2020-09-02T06:48:55.229650497,19.391462,-78.7146
2020-09-02T06:48:55.231557846,19.422745,-78.70034
2020-09-02T06:48:55.233465194,19.452692,-78.67206
2020-09-02T06:48:55.245292663,19.45217,-78.43994
2020-09-02T06:48:55.279243469,19.396822,-78.70994
2020-09-02T06:48:55.281150817,19.408817,-78.69883
2020-09-02T06:48:55.299079895,19.395508,-78.700935
2020-09-02T06:48:55.325019836,19.388128,-78.69335
2020-09-02T06:48:55.810256958,15.286674,-82.14015
2020-09-02T06:48:55.812545776,15.261588,-82.13932
2020-09-02T06:48:55.814453125,15.266489,-82.13447
2020-09-02T06:48:55.816360473,15.26183,-82.12098
2020-09-02T06:48:55.822463989,15.240856,-82.11688
2020-09-02T06:48:55.840393066,15.240905,-82.11692
2020-09-02T06:48:55.842300415,15.240899,-82.11691
2020-09-02T06:48:55.883882522,15.280237,-82.0817
2020-09-02T06:48:55.899904251,15.240913,-82.116936
2020-09-02T06:48:56.066989898,15.300919,-82.07141
2020-09-02T06:48:56.152441024,15.25613,-82.10376
2020-09-02T06:48:56.158163070,15.264827,-82.09385
2020-09-02T06:48:56.164266586,15.317843,-82.12017
2020-09-02T06:48:56.807815551,19.532156,-78.44217
2020-09-02T06:48:56.810104370,19.532156,-78.4422
2020-09-02T06:48:56.833755493,19.532156,-78.44213
2020-09-02T06:48:56.853593826,19.532137,-78.44214
2020-09-02T06:48:56.891359329,19.532116,-78.442154
2020-09-02T06:48:56.899370193,19.53209,-78.43035
2020-09-02T06:48:56.925310134,19.532127,-78.442116
2020-09-02T06:48:56.948961257,19.532099,-78.44216
2020-09-02T06:48:56.982913970,19.532131,-78.44218
2020-09-02T06:48:56.994739532,19.532139,-78.44216
2020-09-02T06:48:58.678953170,19.453232,-78.847145
2020-09-02T06:48:58.744567871,19.467634,-78.856834
2020-09-02T06:48:58.760208129,19.46618,-78.85113
2020-09-02T06:48:58.778137207,19.453297,-78.86076
2020-09-02T06:48:58.789962768,19.453215,-78.8268
2020-09-02T06:48:58.813995361,19.4532,-78.82679
2020-09-02T06:48:58.865495681,19.453224,-78.865845
2020-09-02T06:48:58.867784500,19.474054,-78.85837
2020-09-02T06:48:58.935304641,19.476963,-78.85763
2020-09-02T06:48:59.293128967,19.482464,-78.85149
2020-09-02T06:48:59.312965393,19.532978,-78.82905
2020-09-02T06:49:00.289159297,18.52099,-83.00631
2020-09-02T06:49:00.291066646,18.520733,-82.97238
2020-09-02T06:49:00.340658664,18.518982,-82.985634
2020-09-02T06:49:00.625239372,18.520903,-83.01035
2020-09-02T06:49:00.030519008,19.531973,-78.44205
2020-09-02T06:49:00.046540737,19.531965,-78.44206
2020-09-02T06:49:00.072481155,19.532019,-78.44208
2020-09-02T06:49:00.112154483,19.531971,-78.44209
2020-09-02T06:49:00.118257999,19.532064,-78.44213
2020-09-02T06:49:00.126269340,19.532099,-78.442116
2020-09-02T06:49:00.164035320,19.479372,-78.423485
2020-09-02T06:49:00.179675579,19.531971,-78.44215
2020-09-02T06:49:00.185779571,19.531809,-78.36471
2020-09-02T06:49:00.187686920,19.483374,-78.41185
2020-09-02T06:49:00.189594268,19.493628,-78.39535
2020-09-02T06:49:00.193790435,19.531813,-78.36468
2020-09-02T06:49:00.195697784,19.509321,-78.38626
2020-09-02T06:49:00.197605133,19.513264,-78.37964
2020-09-02T06:49:00.199512481,19.51391,-78.378395
2020-09-02T06:49:00.201801300,19.531845,-78.36474
2020-09-02T06:49:00.209430694,19.518633,-78.36436
2020-09-02T06:49:00.219349384,19.523073,-78.360016
2020-09-02T06:49:00.221638202,19.488483,-78.39854
2020-09-02T06:49:00.257496833,19.531801,-78.36476
2020-09-02T06:49:00.259404182,19.502966,-78.398636
2020-09-02T06:49:00.263218879,19.5318,-78.36478
2020-09-02T06:49:00.265126228,19.501053,-78.398865
2020-09-02T06:49:00.267415046,19.504728,-78.38983
2020-09-02T06:49:00.277333736,19.479774,-78.42945
2020-09-02T06:49:00.279241085,19.531784,-78.364784
2020-09-02T06:49:00.318914413,19.490156,-78.39494
2020-09-02T06:49:00.320821762,19.53173,-78.36478
2020-09-02T06:49:00.346762180,19.504196,-78.39052
2020-09-02T06:49:00.360876560,19.531834,-78.36474
2020-09-02T06:49:00.362783908,19.492718,-78.401566
2020-09-02T06:49:00.366598606,19.45198,-78.36271
2020-09-02T06:49:00.372702598,19.490808,-78.39545
2020-09-02T06:49:00.374609947,19.498379,-78.363914
2020-09-02T06:49:00.380713462,19.531748,-78.36472
2020-09-02T06:49:00.382620811,19.531746,-78.364716
2020-09-02T06:49:00.384528160,19.510704,-78.36415
2020-09-02T06:49:00.386435508,19.505535,-78.382225
2020-09-02T06:49:00.402457714,19.490501,-78.35541
2020-09-02T06:49:00.404365062,19.47096,-78.41164
2020-09-02T06:49:00.416190624,19.451952,-78.362686
2020-09-02T06:49:00.418479442,19.480726,-78.41298
2020-09-02T06:49:00.420386791,19.488068,-78.38513
2020-09-02T06:49:00.422294139,19.4995,-78.36392
2020-09-02T06:49:00.440223693,19.481953,-78.3687
2020-09-02T06:49:00.442131042,19.500416,-78.390915
2020-09-02T06:49:00.452049255,19.451847,-78.31435
2020-09-02T06:49:00.453956604,19.485094,-78.32994
2020-09-02T06:49:00.456245422,19.479301,-78.39183
2020-09-02T06:49:00.464256763,19.480076,-78.3229
2020-09-02T06:49:00.471886157,19.53179,-78.36478
2020-09-02T06:49:00.474174976,19.531782,-78.36476
2020-09-02T06:49:00.477989673,19.451824,-78.28532
2020-09-02T06:49:00.479897022,19.475943,-78.31783
2020-09-02T06:49:00.481804370,19.476786,-78.35094
2020-09-02T06:49:00.484093189,19.53175,-78.36472
2020-09-02T06:49:00.487907886,19.473257,-78.314354
2020-09-02T06:49:00.494011878,19.451803,-78.285355
2020-09-02T06:49:00.495919227,19.451841,-78.30287
2020-09-02T06:49:00.497826576,19.451862,-78.31107
2020-09-02T06:49:00.505837440,19.464361,-78.33589
2020-09-02T06:49:00.507744789,19.481928,-78.3468
2020-09-02T06:49:00.511940956,19.45179,-78.28538
2020-09-02T06:49:00.513848304,19.46972,-78.31177
2020-09-02T06:49:00.515755653,19.49216,-78.40225
2020-09-02T06:49:00.525674343,19.451925,-78.28541
2020-09-02T06:49:00.527581691,19.451923,-78.28539
2020-09-02T06:49:00.533685207,19.451881,-78.28538
2020-09-02T06:49:00.551614284,19.43887,-78.361626
2020-09-02T06:49:00.553521633,19.490917,-78.35111
2020-09-02T06:49:00.555429458,19.494255,-78.40018
2020-09-02T06:49:00.653087139,19.492128,-78.39085
2020-09-02T06:49:00.654994487,19.495531,-78.38005
2020-09-02T06:49:00.663005352,19.480701,-78.334854
2020-09-02T06:49:00.664912700,19.4519,-78.362785
2020-09-02T06:49:00.678646087,19.475063,-78.30848
2020-09-02T06:49:00.680934906,19.47716,-78.33101
2020-09-02T06:49:00.682842254,19.451775,-78.28541
2020-09-02T06:49:00.684749603,19.462118,-78.27566
2020-09-02T06:49:00.686656951,19.473745,-78.30857
2020-09-02T06:49:00.688564300,19.48287,-78.33663
2020-09-02T06:49:00.690853118,19.484474,-78.350365
2020-09-02T06:49:00.692760467,19.531708,-78.3648
2020-09-02T06:49:00.694667816,19.451778,-78.28539
2020-09-02T06:49:00.702678680,19.451675,-78.20808
2020-09-02T06:49:00.704586029,19.460339,-78.27712
2020-09-02T06:49:00.714504718,19.451677,-78.23768
2020-09-02T06:49:00.716412067,19.45172,-78.26262
2020-09-02T06:49:00.724422931,19.451696,-78.23337
2020-09-02T06:49:00.738537311,19.451653,-78.22716
2020-09-02T06:49:00.806058883,19.49676,-78.39776
2020-09-02T06:49:00.855650424,19.508854,-78.374
2020-09-02T06:49:00.857557773,19.500072,-78.36402
2020-09-02T06:49:01.398490428,19.473362,-78.77484
2020-09-02T06:49:01.400397777,19.470898,-78.775
2020-09-02T06:49:01.402305126,19.480593,-78.77714
2020-09-02T06:49:01.404593944,19.480732,-78.77839
2020-09-02T06:49:01.418326854,19.485153,-78.75041
2020-09-02T06:49:01.438163757,19.48478,-78.75042
2020-09-02T06:49:01.477837085,19.452583,-78.74946
2020-09-02T06:49:01.531625270,19.47911,-78.77126
2020-09-02T06:49:01.577402591,19.47427,-78.795944
2020-09-02T06:49:01.579309940,19.472149,-78.79688
2020-09-02T06:49:01.591135501,19.452736,-78.79698
2020-09-02T06:49:01.686885833,19.477402,-78.77984
2020-09-02T06:49:01.688793182,19.475851,-78.76916
2020-09-02T06:49:01.702526569,19.479372,-78.78157
2020-09-02T06:49:01.704815387,19.452576,-78.78764
2020-09-02T06:49:01.718548297,19.452663,-78.79763
2020-09-02T06:49:01.778058528,19.483646,-78.77343
2020-09-02T06:49:01.795988082,19.47382,-78.77292
2020-09-02T06:49:03.865492820,18.298983,-83.333176
2020-09-02T06:49:05.299077987,19.530746,-78.44196
2020-09-02T06:49:05.317008018,19.530787,-78.44203
2020-09-02T06:49:05.338751792,19.530731,-78.441956
2020-09-02T06:49:05.366600036,19.530727,-78.441864
2020-09-02T06:49:05.368507385,19.530714,-78.441864
2020-09-02T06:49:05.372703552,19.511164,-78.441345
2020-09-02T06:49:05.374610900,19.530724,-78.441864
2020-09-02T06:49:05.376518249,19.519224,-78.43455
2020-09-02T06:49:05.456246376,19.530703,-78.44195
2020-09-02T06:49:05.517663955,19.503897,-78.43038
2020-09-02T06:49:05.585185050,19.53078,-78.44198
2020-09-02T06:49:06.959259986,18.411964,-82.94872
2020-09-02T06:49:07.052340507,18.399014,-82.94382
2020-09-02T06:49:07.054629325,18.384983,-82.940926
2020-09-02T06:49:07.684826850,19.470436,-78.81125
2020-09-02T06:49:07.686734199,19.452185,-78.82651
2020-09-02T06:49:07.758451461,19.452269,-78.8265
2020-09-02T06:49:07.786299705,19.452282,-78.826515
2020-09-02T06:49:07.788207054,19.480497,-78.79677
2020-09-02T06:49:07.790114402,19.474043,-78.80169
2020-09-02T06:49:07.817961692,19.48902,-78.79744
2020-09-02T06:49:07.829787254,19.452188,-78.82645
2020-09-02T06:49:07.859542846,19.487564,-78.79349
2020-09-02T06:49:07.863739013,19.452305,-78.826454
2020-09-02T06:49:07.869461059,19.452202,-78.7972
2020-09-02T06:49:07.871749877,19.491814,-78.78871
2020-09-02T06:49:07.875564575,19.494753,-78.787704
2020-09-02T06:49:07.877471923,19.488031,-78.78565
2020-09-02T06:49:07.879760742,19.499208,-78.78592
2020-09-02T06:49:07.881668090,19.47732,-78.78094
2020-09-02T06:49:07.897308349,19.50659,-78.77513
2020-09-02T06:49:07.899597167,19.500547,-78.782394
2020-09-02T06:49:07.901504516,19.484282,-78.77721
2020-09-02T06:49:07.961014747,19.532,-78.7514
2020-09-02T06:49:07.975130081,19.524883,-78.73902
2020-09-02T06:49:07.977037429,19.498158,-78.772
2020-09-02T06:49:07.978944778,19.487366,-78.789986
2020-09-02T06:49:07.980852127,19.452127,-78.749176
2020-09-02T06:49:08.000688552,19.531944,-78.75147
2020-09-02T06:49:08.002977371,19.508932,-78.75467
2020-09-02T06:49:08.004884719,19.507408,-78.763245
2020-09-02T06:49:08.006792068,19.482313,-78.759056
2020-09-02T06:49:08.010606765,19.481697,-78.80828
2020-09-02T06:49:08.014802932,19.490828,-78.71924
2020-09-02T06:49:08.016710281,19.501932,-78.767235
2020-09-02T06:49:08.064394950,19.495293,-78.71486
2020-09-02T06:49:08.066302299,19.496252,-78.76041
2020-09-02T06:49:08.068591117,19.490543,-78.73937
2020-09-02T06:49:08.070498466,19.485178,-78.76617
2020-09-02T06:49:08.072405815,19.452192,-78.74921
2020-09-02T06:49:08.074313163,19.487965,-78.77296
2020-09-02T06:49:08.076220512,19.475126,-78.71823
2020-09-02T06:49:08.078509330,19.485085,-78.72563
2020-09-02T06:49:08.104068756,19.452148,-78.716644
2020-09-02T06:49:08.106357574,19.474644,-78.71966
2020-09-02T06:49:08.108264923,19.485106,-78.752785
2020-09-02T06:49:08.110172271,19.488968,-78.74368
2020-09-02T06:49:08.257421493,19.452496,-78.8265
2020-09-02T06:49:08.392463684,19.489683,-78.78262
2020-09-02T06:49:08.394371032,19.490871,-78.751656
2020-09-02T06:49:08.503854751,19.452635,-78.826515
2020-09-02T06:49:09.038683891,19.507826,-78.44121
2020-09-02T06:49:09.137866973,19.513279,-78.44134
2020-09-02T06:49:09.173726081,19.531818,-78.44188
2020-09-02T06:49:09.211492538,19.480906,-78.421394
2020-09-02T06:49:09.215688705,19.493711,-78.40727
2020-09-02T06:49:09.219503402,19.494001,-78.40806
2020-09-02T06:49:09.225606918,19.479712,-78.413475
2020-09-02T06:49:09.229421615,19.492943,-78.40322
2020-09-02T06:49:09.233617782,19.496025,-78.39674
2020-09-02T06:49:09.275198936,19.531645,-78.36457
2020-09-02T06:49:09.370567321,19.483622,-78.39809
2020-09-02T06:49:09.380485534,19.451904,-78.398834
2020-09-02T06:49:09.384681701,19.503025,-78.39804
2020-09-02T06:49:09.398415565,19.46974,-78.41415
2020-09-02T06:49:09.404519081,19.471123,-78.40781
2020-09-02T06:49:09.414437294,19.48799,-78.403915
2020-09-02T06:49:09.432366371,19.465107,-78.40416
2020-09-02T06:49:09.458307266,19.470316,-78.40581
2020-09-02T06:49:09.460214614,19.451887,-78.36236
2020-09-02T06:49:09.507898330,19.451998,-78.43976
2020-09-02T06:49:09.509805679,19.471039,-78.39225
2020-09-02T06:49:09.535746574,19.489843,-78.40163
2020-09-02T06:49:08.923478126,19.434803,-78.76295
2020-09-02T06:49:08.925385475,19.452612,-78.7491
2020-09-02T06:49:08.947129249,19.452606,-78.74918
2020-09-02T06:49:08.949036598,19.452597,-78.74917
2020-09-02T06:49:08.951325416,19.452639,-78.76807
2020-09-02T06:49:08.989091873,19.440943,-78.76436
2020-09-02T06:49:09.002824783,19.452671,-78.773445
2020-09-02T06:49:09.016940116,19.452633,-78.74917
2020-09-02T06:49:09.034487724,19.452631,-78.749146
2020-09-02T06:49:09.056612968,19.452673,-78.77161
2020-09-02T06:49:09.068438529,19.452654,-78.74909
2020-09-02T06:49:09.070345878,19.452728,-78.776375
2020-09-02T06:49:09.072253227,19.45267,-78.7491
2020-09-02T06:49:09.082553863,19.452717,-78.74916
2020-09-02T06:49:09.084461212,19.452787,-78.76904
2020-09-02T06:49:09.124134063,19.442078,-78.76745
2020-09-02T06:49:09.142064094,19.452723,-78.76893
2020-09-02T06:49:09.161900520,19.45274,-78.74924
2020-09-02T06:49:09.173726081,19.452686,-78.74919
2020-09-02T06:49:09.197758674,19.45267,-78.749214
2020-09-02T06:49:09.259176254,19.45274,-78.76979
2020-09-02T06:49:09.267188072,19.452747,-78.77065
2020-09-02T06:49:09.295035362,19.446733,-78.76815
2020-09-02T06:49:09.296942710,19.437143,-78.7672
2020-09-02T06:49:09.316779136,19.452751,-78.76884
2020-09-02T06:49:09.319067955,19.434662,-78.76787
2020-09-02T06:49:09.344627380,19.452753,-78.77112
2020-09-02T06:49:09.364845275,19.452702,-78.74916
2020-09-02T06:49:09.458307266,19.452703,-78.749146
2020-09-02T06:49:09.475854873,19.44095,-78.762825
2020-09-02T06:49:09.478143692,19.452772,-78.74916
2020-09-02T06:49:09.496072769,19.441046,-78.76121
2020-09-02T06:49:09.497980117,19.42651,-78.76451
2020-09-02T06:49:09.499887466,19.424908,-78.76331
2020-09-02T06:49:09.501794815,19.433321,-78.748634
2020-09-02T06:49:09.555583000,19.432486,-78.75348
2020-09-02T06:49:09.577327728,19.452747,-78.74922
2020-09-02T06:49:09.613185882,19.438356,-78.761375
2020-09-02T06:49:09.642941474,19.452784,-78.74927
2020-09-02T06:49:09.690625190,19.45275,-78.7492
2020-09-02T06:49:09.692532539,19.434443,-78.74867
2020-09-02T06:49:09.714658737,19.43896,-78.762054
2020-09-02T06:49:09.780272483,19.439169,-78.76021
2020-09-02T06:49:13.392465591,19.53123,-78.442024
2020-09-02T06:49:13.414209365,19.531189,-78.442055
2020-09-02T06:49:13.446252822,19.531246,-78.44204
2020-09-02T06:49:13.497751235,19.531206,-78.441986
2020-09-02T06:49:13.523693084,19.504347,-78.441284
2020-09-02T06:49:13.559551239,19.508877,-78.44139
2020-09-02T06:49:13.585491180,19.531124,-78.44201
2020-09-02T06:49:13.601131439,19.531101,-78.44195
2020-09-02T06:49:13.619060516,19.531046,-78.44191
2020-09-02T06:49:13.838027954,19.471132,-78.77352
2020-09-02T06:49:13.853668212,19.45188,-78.74926
2020-09-02T06:49:13.925386428,19.462975,-78.772835
2020-09-02T06:49:13.937211990,19.451912,-78.774635
2020-09-02T06:49:13.984895706,19.476303,-78.77787
2020-09-02T06:49:14.046695709,19.467203,-78.77437
2020-09-02T06:49:14.110019683,19.475895,-78.776245
2020-09-02T06:49:14.185934066,19.451881,-78.77708
2020-09-02T06:49:14.197759628,19.472004,-78.77717
2020-09-02T06:49:14.217596054,19.451788,-78.74926
2020-09-02T06:49:14.275199890,19.451897,-78.77343
2020-09-02T06:49:14.295036315,19.479021,-78.77786
2020-09-02T06:49:14.346916198,19.451754,-78.74915
2020-09-02T06:49:14.382394790,19.477114,-78.77604
2020-09-02T06:49:14.193563461,18.510271,-82.96549
2020-09-02T06:49:14.422449111,18.361431,-82.96297
2020-09-02T06:49:14.422449111,18.519926,-83.00528
2020-09-02T06:49:16.730377197,19.5308,-78.43112
2020-09-02T06:49:16.760131835,19.530777,-78.44192
2020-09-02T06:49:16.782257080,19.530855,-78.44191
2020-09-02T06:49:16.821929931,19.530851,-78.44185
2020-09-02T06:49:17.479976654,19.487925,-78.41462
2020-09-02T06:49:17.504009246,19.451141,-78.43976
2020-09-02T06:49:17.523845672,19.450294,-78.43934
2020-09-02T06:49:17.551692962,19.451168,-78.439766
2020-09-02T06:49:17.591367721,19.451061,-78.40983
2020-09-02T06:49:18.082326889,19.486338,-78.89311
2020-09-02T06:49:18.086523056,19.479664,-78.90472
2020-09-02T06:49:18.088430404,19.48064,-78.895836
2020-09-02T06:49:18.090337753,19.45231,-78.90389
2020-09-02T06:49:18.094152450,19.473673,-78.90455
2020-09-02T06:49:18.096441268,19.471992,-78.9045
2020-09-02T06:49:18.102163314,19.452232,-78.90391
2020-09-02T06:49:18.104070663,19.452232,-78.9039
2020-09-02T06:49:18.108266830,19.452234,-78.90388
2020-09-02T06:49:18.114370346,19.452244,-78.90388
2020-09-02T06:49:18.121999740,19.452246,-78.9039
2020-09-02T06:49:18.128103256,19.45221,-78.9039
2020-09-02T06:49:18.189901351,19.468094,-78.9043
2020-09-02T06:49:18.191808700,19.48527,-78.880684
2020-09-02T06:49:18.193716049,19.452265,-78.90384
2020-09-02T06:49:18.195623397,19.45225,-78.903854
2020-09-02T06:49:18.197530746,19.457916,-78.90404
2020-09-02T06:49:18.199819564,19.473528,-78.904526
2020-09-02T06:49:18.201726913,19.481676,-78.88772
2020-09-02T06:49:18.203634262,19.452227,-78.90389
2020-09-02T06:49:18.205541610,19.452238,-78.90389
2020-09-02T06:49:18.207450866,19.452248,-78.90389
2020-09-02T06:49:18.209739685,19.460653,-78.904144
2020-09-02T06:49:18.211647033,19.467604,-78.90435
2020-09-02T06:49:18.213554382,19.452255,-78.90388
2020-09-02T06:49:18.215461730,19.474537,-78.8952
2020-09-02T06:49:18.217750549,19.452244,-78.90386
2020-09-02T06:49:18.231483459,19.452272,-78.90382
2020-09-02T06:49:18.358896255,19.477007,-78.85861
2020-09-02T06:49:18.360803604,19.488691,-78.88504
2020-09-02T06:49:18.362710952,19.462524,-78.90409
2020-09-02T06:49:18.469905853,19.47837,-78.884674
2020-09-02T06:49:18.472194671,19.470673,-78.901474
2020-09-02T06:49:18.505764007,19.485044,-78.88297
2020-09-02T06:49:18.507671356,19.452295,-78.90385
2020-09-02T06:49:18.509960174,19.471405,-78.89388
2020-09-02T06:49:18.545436859,19.476091,-78.88533
2020-09-02T06:49:18.587400436,19.476433,-78.88707
2020-09-02T06:49:18.589307785,19.452345,-78.903786
2020-09-02T06:49:18.593122482,19.463997,-78.9204
2020-09-02T06:49:18.603422164,19.452433,-78.95964
2020-09-02T06:49:18.628980636,19.458042,-78.927704
2020-09-02T06:49:18.631269454,19.471603,-78.90532
2020-09-02T06:49:18.648817062,19.452444,-78.95692
2020-09-02T06:49:18.651105880,19.474436,-78.901726
2020-09-02T06:49:18.722442626,19.476059,-78.85796
2020-09-02T06:49:18.724349975,19.474735,-78.89557
2020-09-02T06:49:18.726638793,19.458355,-78.93724
2020-09-02T06:49:18.728546142,19.452332,-78.903824
2020-09-02T06:49:20.333028793,19.53129,-78.44182
2020-09-02T06:49:20.334936141,19.520744,-78.44155
2020-09-02T06:49:20.350958347,19.451439,-78.43957
2020-09-02T06:49:20.356680393,19.45144,-78.439644
2020-09-02T06:49:20.390631675,19.531204,-78.44189
2020-09-02T06:49:20.400550365,19.518093,-78.43436
2020-09-02T06:49:20.402457714,19.531258,-78.44182
2020-09-02T06:49:20.412375926,19.451454,-78.43966
2020-09-02T06:49:20.416572093,19.498192,-78.44223
2020-09-02T06:49:20.418479442,19.509295,-78.441246
2020-09-02T06:49:20.434120178,19.515877,-78.44137
2020-09-02T06:49:20.438316345,19.451504,-78.43966
2020-09-02T06:49:20.461967945,19.53122,-78.441765
2020-09-02T06:49:20.494011878,19.451416,-78.43968
2020-09-02T06:49:20.513848304,19.511927,-78.44044
2020-09-02T06:49:20.515755653,19.531212,-78.4418
2020-09-02T06:49:20.537499904,19.531246,-78.441826
2020-09-02T06:49:20.559625625,19.515377,-78.44143
2020-09-02T06:49:20.589380741,19.53123,-78.44178
2020-09-02T06:49:20.609217166,19.531189,-78.44177
2020-09-02T06:49:20.193790435,19.452187,-78.82649
2020-09-02T06:49:20.209430694,19.452162,-78.82648
2020-09-02T06:49:20.211719512,19.46699,-78.83997
2020-09-02T06:49:20.295262813,19.452282,-78.82648
2020-09-02T06:49:20.344854831,19.4523,-78.8265
2020-09-02T06:49:20.346762180,19.4523,-78.82646
2020-09-02T06:49:20.502022743,19.452162,-78.79112
2020-09-02T06:49:20.503930091,19.466238,-78.83119
2020-09-02T06:49:20.513848304,19.452133,-78.78394
2020-09-02T06:49:20.515755653,19.46351,-78.81912
2020-09-02T06:49:20.517663002,19.4523,-78.82649
2020-09-02T06:49:20.523766994,19.452137,-78.749115
2020-09-02T06:49:20.525674343,19.466703,-78.79589
2020-09-02T06:49:20.527581691,19.452303,-78.82652
2020-09-02T06:49:20.573358535,19.468016,-78.807594
2020-09-02T06:49:20.591288089,19.467184,-78.814865
2020-09-02T06:49:20.595484256,19.466324,-78.82412
2020-09-02T06:49:20.661098003,19.474073,-78.84485
2020-09-02T06:49:20.663005352,19.452377,-78.82653
2020-09-02T06:49:20.676738262,19.45233,-78.82658
2020-09-02T06:49:20.760281562,19.467234,-78.81724
2020-09-02T06:49:20.762188911,19.470335,-78.80964
2020-09-02T06:49:20.770199775,19.467194,-78.81353
2020-09-02T06:49:20.772107601,19.471718,-78.80173
2020-09-02T06:49:20.774396419,19.468187,-78.80637
2020-09-02T06:49:20.776303768,19.467627,-78.80657
2020-09-02T06:49:20.784314632,19.452291,-78.82657
2020-09-02T06:49:20.845732212,19.46966,-78.81465
2020-09-02T06:49:21.038758754,19.470324,-78.84307
2020-09-02T06:49:21.040666103,19.462677,-78.83569
2020-09-02T06:49:21.046769618,19.452318,-78.82656
2020-09-02T06:49:21.050584793,19.452286,-78.82656
2020-09-02T06:49:21.052492141,19.428656,-78.80301
2020-09-02T06:49:21.070421218,19.451818,-78.8237
2020-09-02T06:49:21.090258121,19.372412,-78.74696
2020-09-02T06:49:21.163882732,19.466967,-78.84
2020-09-02T06:49:21.165790081,19.452265,-78.82664
2020-09-02T06:49:21.205463886,19.449661,-78.82332
2020-09-02T06:49:20.941101074,18.361559,-82.934784
2020-09-02T06:49:20.943008422,18.361538,-82.93217
2020-09-02T06:49:20.980774402,18.375189,-82.9383
2020-09-02T06:49:20.983063220,18.375227,-82.93706
2020-09-02T06:49:20.992981910,18.361792,-82.962975
2020-09-02T06:49:21.042573451,18.375135,-82.93649
2020-09-02T06:49:21.108187198,18.379189,-82.93452
2020-09-02T06:49:21.207752704,18.37752,-82.93356
2020-09-02T06:49:21.209660053,18.379995,-82.93027
2020-09-02T06:49:21.211567401,18.361605,-82.9345
2020-09-02T06:49:21.213474750,18.361544,-82.92789
2020-09-02T06:49:21.217670917,18.384815,-82.929474
2020-09-02T06:49:21.368735313,18.377853,-82.933586
2020-09-02T06:49:21.370642662,18.361582,-82.92004
2020-09-02T06:49:21.372550010,18.36174,-82.94016
2020-09-02T06:49:21.380560874,18.380066,-82.92694
2020-09-02T06:49:21.428245544,18.371073,-82.9285
2020-09-02T06:49:21.430152893,18.361536,-82.926025
2020-09-02T06:49:21.454185962,18.390564,-82.9244
2020-09-02T06:49:21.507973670,18.389282,-82.92819
2020-09-02T06:49:21.509881019,18.361683,-82.936584
2020-09-02T06:49:21.521707057,18.389967,-82.928215
2020-09-02T06:49:21.551462173,18.389225,-82.92588
2020-09-02T06:49:21.617075920,18.388353,-82.93587
2020-09-02T06:49:22.378500938,19.095985,-82.88602
2020-09-02T06:49:22.838179111,15.354745,-82.158745
2020-09-02T06:49:22.840086460,15.317407,-82.16328
2020-09-02T06:49:22.913711547,15.290952,-82.151474
2020-09-02T06:49:22.951477527,15.290285,-82.12406
2020-09-02T06:49:22.953384876,15.325453,-82.14642
2020-09-02T06:49:24.509805679,19.532202,-78.442314
2020-09-02T06:49:24.563593864,19.532316,-78.44234
2020-09-02T06:49:24.637218475,19.53235,-78.44237
2020-09-02T06:49:24.639125823,19.532309,-78.41878
2020-09-02T06:49:24.641033172,19.532307,-78.415375
2020-09-02T06:49:24.670787811,19.532234,-78.410355
2020-09-02T06:49:24.718472480,19.532364,-78.44237
2020-09-02T06:49:24.768445968,19.532358,-78.41969
2020-09-02T06:49:24.821852684,19.532433,-78.442345
2020-09-02T06:49:24.823760032,19.532372,-78.41411
2020-09-02T06:49:24.843977928,19.532381,-78.41006
2020-09-02T06:49:24.972916603,19.532335,-78.41847
2020-09-02T06:49:25.070574760,19.532276,-78.40732
2020-09-02T06:49:25.086215019,19.532274,-78.40934
2020-09-02T06:49:25.106432914,19.532297,-78.41085
2020-09-02T06:49:25.110247611,19.532333,-78.442276
2020-09-02T06:49:25.148014068,19.523727,-78.4125
2020-09-02T06:49:25.164035797,19.521666,-78.42817
2020-09-02T06:49:25.165943145,19.510342,-78.42911
2020-09-02T06:49:25.199513435,19.5324,-78.44229
2020-09-02T06:49:25.549707412,18.442081,-82.96801
2020-09-02T06:49:25.609217643,18.442036,-82.96793
2020-09-02T06:49:25.617229461,18.442097,-82.96797
2020-09-02T06:49:25.676739692,18.442085,-82.96793
2020-09-02T06:49:25.688565254,18.442081,-82.96792
2020-09-02T06:49:25.690854072,18.442085,-82.96792
2020-09-02T06:49:25.738538742,18.442104,-82.96797
2020-09-02T06:49:25.752271652,18.442122,-82.967964
2020-09-02T06:49:25.790037155,18.442091,-82.968
2020-09-02T06:49:25.806059837,18.442078,-82.96795
2020-09-02T06:49:25.814070701,18.442122,-82.96798
2020-09-02T06:49:25.847640037,18.442146,-82.967964
2020-09-02T06:49:25.849928855,18.442142,-82.96795
2020-09-02T06:49:25.895324707,18.442099,-82.96791
2020-09-02T06:49:25.796140670,19.500652,-78.75097
2020-09-02T06:49:25.809874534,19.533176,-78.751945
2020-09-02T06:49:25.812163352,19.507483,-78.7512
2020-09-02T06:49:25.814070701,19.509651,-78.75126
2020-09-02T06:49:25.815978050,19.5332,-78.75193
2020-09-02T06:49:25.823988914,19.53322,-78.75191
2020-09-02T06:49:25.825896263,19.533224,-78.75191
2020-09-02T06:49:25.859847068,19.517279,-78.75148
2020-09-02T06:49:25.861755371,19.533194,-78.75194
2020-09-02T06:49:25.955216407,19.53325,-78.75192
2020-09-02T06:49:26.018922805,19.473454,-78.80555
2020-09-02T06:49:26.040666580,19.492762,-78.75067
2020-09-02T06:49:26.126117706,19.5063,-78.754845
2020-09-02T06:49:26.128025054,19.483255,-78.74544
2020-09-02T06:49:26.165790557,19.500849,-78.750946
2020-09-02T06:49:26.169987678,19.511616,-78.75126
2020-09-02T06:49:26.171895027,19.51613,-78.7514
2020-09-02T06:49:26.173802375,19.51078,-78.751274
2020-09-02T06:49:26.189824104,19.53309,-78.751854
2020-09-02T06:49:26.265356063,19.50544,-78.75067
2020-09-02T06:49:26.305029869,19.533169,-78.751854
2020-09-02T06:49:26.306937217,19.502445,-78.750656
2020-09-02T06:49:26.348898887,19.511683,-78.7513
2020-09-02T06:49:26.378654479,19.507303,-78.75105
2020-09-02T06:49:26.420235633,19.53318,-78.75181
2020-09-02T06:49:26.422524452,19.533175,-78.751816
2020-09-02T06:49:26.613262176,19.49339,-78.75078
2020-09-02T06:49:26.625087738,19.453354,-78.74957
2020-09-02T06:49:26.626995086,19.478905,-78.77726
2020-09-02T06:49:26.629283905,19.480532,-78.76311
2020-09-02T06:49:26.631191253,19.453356,-78.749535
2020-09-02T06:49:26.633098602,19.453352,-78.74953
2020-09-02T06:49:26.635005950,19.474916,-78.78205
2020-09-02T06:49:26.636913299,19.468996,-78.76984
2020-09-02T06:49:26.639202117,19.453527,-78.826904
2020-09-02T06:49:26.664760589,19.45359,-78.82693
2020-09-02T06:49:26.667050361,19.461956,-78.7954
2020-09-02T06:49:26.668957710,19.47273,-78.772736
2020-09-02T06:49:26.798277854,19.470478,-78.76862
2020-09-02T06:49:26.867706298,19.453434,-78.78946
2020-09-02T06:49:26.869613647,19.453432,-78.78793
2020-09-02T06:49:26.984819412,19.453066,-78.67213
2020-09-02T06:49:27.010759353,19.473738,-78.77231
2020-09-02T06:49:27.040514945,19.472002,-78.74643
2020-09-02T06:49:27.064547538,19.45307,-78.67214
2020-09-02T06:49:27.066454887,19.453249,-78.749535
2020-09-02T06:49:27.231634140,19.456987,-78.43775
2020-09-02T06:49:27.255285263,19.45255,-78.44005
2020-09-02T06:49:27.273214340,19.478,-78.416595
2020-09-02T06:49:27.275121688,19.452515,-78.40496
2020-09-02T06:49:27.277410507,19.469704,-78.42597
2020-09-02T06:49:27.281225204,19.452501,-78.405174
2020-09-02T06:49:27.354850769,19.472448,-78.42147
2020-09-02T06:49:27.513925552,19.441826,-78.43121
2020-09-02T06:49:27.515832901,19.45238,-78.39207
2020-09-02T06:49:27.521936416,19.475025,-78.41515
2020-09-02T06:49:28.654919624,19.53207,-78.4423
2020-09-02T06:49:28.690777778,19.532175,-78.44231
2020-09-02T06:49:28.718626022,19.532116,-78.44221
2020-09-02T06:49:28.738462448,19.532118,-78.44228
2020-09-02T06:49:31.467920303,19.53208,-78.44232
2020-09-02T06:49:31.531627655,19.532104,-78.422585
2020-09-02T06:49:31.605251312,19.53201,-78.423584
2020-09-02T06:49:31.607158660,19.532063,-78.44239
2020-09-02T06:49:31.778060913,18.40678,-82.966095
2020-09-02T06:49:31.837951660,18.40213,-82.96587
2020-09-02T06:49:31.869613647,18.402767,-82.96598
2020-09-02T06:49:31.897462844,18.39971,-82.965675
2020-09-02T06:49:31.992830276,18.399837,-82.96571
2020-09-02T06:49:31.994737625,18.392406,-82.965294
2020-09-02T06:49:32.000841140,18.396416,-82.96556
2020-09-02T06:49:32.002748489,18.362665,-82.96362
2020-09-02T06:49:32.060352325,18.388157,-82.97871
2020-09-02T06:49:32.072559356,18.402338,-82.965775
2020-09-02T06:49:32.074466705,18.392637,-82.96523
2020-09-02T06:49:32.096210479,18.392405,-82.97601
2020-09-02T06:49:32.128253936,18.39836,-82.96564
2020-09-02T06:49:32.159917831,18.395844,-82.96548
2020-09-02T06:49:32.179754257,18.385597,-82.98198
2020-09-02T06:49:32.197683334,18.362755,-82.9635
2020-09-02T06:49:32.199590682,18.362772,-82.96352
2020-09-02T06:49:32.213705062,18.362722,-82.96354
2020-09-02T06:49:32.231634140,18.381895,-82.98087
2020-09-02T06:49:32.245367050,18.389978,-82.965096
2020-09-02T06:49:32.247274398,18.380438,-82.98308
2020-09-02T06:49:32.255285263,18.393564,-82.96534
2020-09-02T06:49:32.259481430,18.388287,-82.965034
2020-09-02T06:49:32.277030944,18.382332,-82.98102
2020-09-02T06:49:32.293052673,18.385649,-82.98081
2020-09-02T06:49:32.307167053,18.362759,-82.963585
2020-09-02T06:49:32.335014343,18.36273,-82.963615
2020-09-02T06:49:32.364768981,18.3828,-82.980644
2020-09-02T06:49:32.629131317,19.453257,-78.86171
2020-09-02T06:49:32.772186279,19.489819,-78.82826
2020-09-02T06:49:32.774093627,19.481136,-78.81453
2020-09-02T06:49:32.776382446,19.478916,-78.82183
2020-09-02T06:49:32.849624633,19.477156,-78.81877
2020-09-02T06:49:32.855728149,19.476608,-78.82154
2020-09-02T06:49:32.859924316,19.453388,-78.82716
2020-09-02T06:49:32.869842529,19.480019,-78.812546
2020-09-02T06:49:32.919435501,19.481623,-78.812485
2020-09-02T06:49:32.990770339,19.475845,-78.81012
2020-09-02T06:49:32.998781204,19.453438,-78.82719
2020-09-02T06:49:33.126194000,18.728546,-82.40666
2020-09-02T06:49:33.130008697,18.724878,-82.39562
2020-09-02T06:49:33.131917953,18.712557,-82.402596
2020-09-02T06:49:33.149847030,18.675558,-82.43711
2020-09-02T06:49:33.175786972,18.675566,-82.437096
2020-09-02T06:49:33.185705184,18.698301,-82.4159
2020-09-02T06:49:33.187612533,18.675406,-82.41049
2020-09-02T06:49:33.189901351,18.6966,-82.41438
2020-09-02T06:49:33.195623397,18.675598,-82.43704
2020-09-02T06:49:33.211645126,18.675377,-82.41219
2020-09-02T06:49:33.213552474,18.693195,-82.412834
2020-09-02T06:49:33.215459823,18.691303,-82.41362
2020-09-02T06:49:33.217367172,18.69441,-82.40811
2020-09-02T06:49:33.279167175,18.675348,-82.408005
2020-09-02T06:49:33.281074523,18.67536,-82.40986
2020-09-02T06:49:33.326850891,18.675266,-82.39478
2020-09-02T06:49:33.328758239,18.687988,-82.39779
2020-09-02T06:49:33.331047058,18.686232,-82.393654
2020-09-02T06:49:33.332954406,18.687452,-82.394
2020-09-02T06:49:33.334861755,18.684566,-82.39745
2020-09-02T06:49:33.336769104,18.675198,-82.38999
2020-09-02T06:49:33.350883483,18.674976,-82.35932
2020-09-02T06:49:33.374534606,18.67498,-82.35934
2020-09-02T06:49:33.376441955,18.675064,-82.37235
2020-09-02T06:49:33.378730773,18.675121,-82.38161
2020-09-02T06:49:33.434427261,18.674967,-82.34699
2020-09-02T06:49:33.436334609,18.686077,-82.38249
2020-09-02T06:49:33.438241958,18.675205,-82.38013
2020-09-02T06:49:33.442056655,18.675072,-82.35933
2020-09-02T06:49:33.521785736,18.675442,-82.40418
2020-09-02T06:49:33.525600433,18.675098,-82.359276
2020-09-02T06:49:33.909364700,19.532349,-78.44227
2020-09-02T06:49:33.911272048,19.53235,-78.44227
2020-09-02T06:49:33.986803054,19.53242,-78.442215
2020-09-02T06:49:34.022663116,19.532368,-78.44225
2020-09-02T06:49:34.050510406,19.53226,-78.44223
2020-09-02T06:49:33.859771728,18.499994,-82.91866
2020-09-02T06:49:33.911272048,18.441381,-82.890175
2020-09-02T06:49:34.038684844,18.476196,-82.94249
2020-09-02T06:49:34.040592193,18.42587,-82.87595
2020-09-02T06:49:34.143972396,18.456795,-82.88279
2020-09-02T06:49:34.145879745,18.454126,-82.87004
2020-09-02T06:49:34.392694473,18.427486,-83.009445
2020-09-02T06:49:34.404520034,18.46426,-82.84537
2020-09-02T06:49:34.465936660,18.36344,-83.04113
2020-09-02T06:49:34.557491302,18.521334,-83.00747
2020-09-02T06:49:34.559398651,18.41034,-83.026306
2020-09-02T06:49:34.561687469,18.363115,-83.004654
2020-09-02T06:49:34.798202514,18.31378,-83.01402
2020-09-02T06:49:34.823760986,18.521122,-82.9724
2020-09-02T06:49:34.823760986,18.363464,-83.04102
2020-09-02T06:49:34.826049804,18.393019,-83.030914
2020-09-02T06:49:34.827957153,18.409782,-83.037476
2020-09-02T06:49:34.829864501,18.380781,-83.03951
2020-09-02T06:49:34.937059402,18.338062,-83.06296
2020-09-02T06:49:34.985124588,18.321753,-83.03956
2020-09-02T06:49:34.987031936,18.340086,-83.01341
2020-09-02T06:49:35.022891998,18.326654,-83.04351
2020-09-02T06:49:35.024799346,18.344769,-83.04261
2020-09-02T06:49:35.030521392,18.414309,-83.04142
2020-09-02T06:49:35.032810211,18.378063,-83.03285
2020-09-02T06:49:35.034717559,18.358585,-83.047104
2020-09-02T06:49:35.036624908,18.346453,-83.041794
2020-09-02T06:49:35.156026840,18.341654,-83.043724
2020-09-02T06:49:35.164037704,18.363262,-83.040985
2020-09-02T06:49:35.164037704,18.521513,-83.05018
2020-09-02T06:49:35.165945053,18.375387,-83.04466
2020-09-02T06:49:35.167852401,18.37052,-83.04944
2020-09-02T06:49:35.169759750,18.375565,-83.033485
2020-09-02T06:49:35.171667098,18.2843,-83.036476
2020-09-02T06:49:35.281150817,18.363243,-83.04098
2020-09-02T06:49:35.402460098,18.285063,-83.063965
2020-09-02T06:49:35.412378311,18.4958,-83.01209
2020-09-02T06:49:35.414285659,18.305399,-82.99462
2020-09-02T06:49:35.167852401,18.125235,-82.87222
2020-09-02T06:49:35.416574478,18.336243,-83.01784
2020-09-02T06:49:35.418481826,18.372551,-83.04897
2020-09-02T06:49:35.418481826,18.04635,-82.867805
2020-09-02T06:49:35.420389175,18.363272,-83.04099
2020-09-02T06:49:35.521862030,18.284126,-83.03639
2020-09-02T06:49:36.110097885,18.569105,-82.635155
2020-09-02T06:49:36.112005233,18.597704,-82.66574
2020-09-02T06:49:36.114294052,18.576164,-82.64314
2020-09-02T06:49:36.116201400,18.578459,-82.643776
2020-09-02T06:49:36.118108749,18.580599,-82.642456
2020-09-02T06:49:36.120016098,18.569365,-82.6419
2020-09-02T06:49:36.122304916,18.566822,-82.63791
2020-09-02T06:49:36.139852523,18.584877,-82.63756
2020-09-02T06:49:36.142141342,18.57379,-82.63711
2020-09-02T06:49:36.144048690,18.585766,-82.63262
2020-09-02T06:49:36.145956039,18.588991,-82.627144
2020-09-02T06:49:36.147863388,18.597422,-82.62467
2020-09-02T06:49:36.152059555,18.597351,-82.614845
2020-09-02T06:49:36.153966903,18.594803,-82.62136
2020-09-02T06:49:36.155874252,18.596748,-82.62376
2020-09-02T06:49:36.155874252,18.4383,-82.5017
2020-09-02T06:49:36.157781600,18.597176,-82.58805
2020-09-02T06:49:36.167699813,18.542412,-82.7885
2020-09-02T06:49:36.169988632,18.55597,-82.784874
2020-09-02T06:49:36.171895980,18.541197,-82.79565
2020-09-02T06:49:36.175710678,18.519606,-82.816864
2020-09-02T06:49:36.177618026,18.519613,-82.816864
2020-09-02T06:49:36.237510681,18.57111,-82.6483
2020-09-02T06:49:36.239418029,18.54834,-82.74828
2020-09-02T06:49:36.241325378,18.545403,-82.75619
2020-09-02T06:49:36.243232727,18.53844,-82.75874
2020-09-02T06:49:36.245521545,18.578897,-82.67336
2020-09-02T06:49:36.247428894,18.574383,-82.64571
2020-09-02T06:49:36.249336242,18.540688,-82.75109
2020-09-02T06:49:36.251243591,18.541847,-82.74873
2020-09-02T06:49:36.253532409,18.597141,-82.588005
2020-09-02T06:49:36.261161804,18.597126,-82.58799
2020-09-02T06:49:36.267265319,18.532804,-82.75888
2020-09-02T06:49:36.269172668,18.518976,-82.73905
2020-09-02T06:49:36.287101745,18.527582,-82.76266
2020-09-02T06:49:36.356912612,18.597303,-82.614235
2020-09-02T06:49:36.358819961,18.597366,-82.62164
2020-09-02T06:49:36.434350967,18.570723,-82.639046
2020-09-02T06:49:36.436258316,18.56691,-82.62759
2020-09-02T06:49:36.440073013,18.579803,-82.639114
2020-09-02T06:49:36.507976531,18.58816,-82.624695
2020-09-02T06:49:36.509883880,18.597425,-82.61891
2020-09-02T06:49:36.511791229,18.590704,-82.613434
2020-09-02T06:49:36.513698577,18.59891,-82.617195
2020-09-02T06:49:36.515605926,18.596994,-82.58797
2020-09-02T06:49:36.611356735,18.585344,-82.61298
2020-09-02T06:49:36.664762496,18.575916,-82.61587
2020-09-02T06:49:36.667051315,18.596066,-82.615265
2020-09-02T06:49:37.436105728,19.532661,-78.782326
2020-09-02T06:49:37.438394546,19.525145,-78.776634
2020-09-02T06:49:37.466243743,19.53262,-78.77234
2020-09-02T06:49:37.468151092,19.522879,-78.77094
2020-09-02T06:49:37.476161956,19.515999,-78.75876
2020-09-02T06:49:37.478069305,19.532564,-78.751854
2020-09-02T06:49:37.489894866,19.532543,-78.75185
2020-09-02T06:49:37.491802215,19.518036,-78.751434
2020-09-02T06:49:37.527660369,19.532644,-78.78653
2020-09-02T06:49:37.529567718,19.53257,-78.751884
2020-09-02T06:49:37.545589447,19.52145,-78.75516
2020-09-02T06:49:37.613111495,19.522045,-78.75409
2020-09-02T06:49:37.615018844,19.532513,-78.75181
2020-09-02T06:49:37.811859130,19.531708,-78.40927
2020-09-02T06:49:37.833984375,19.531742,-78.41372
2020-09-02T06:49:37.835893630,19.531727,-78.40788
2020-09-02T06:49:37.839708328,19.531784,-78.4422
2020-09-02T06:49:37.841997146,19.531736,-78.4152
2020-09-02T06:49:37.885484695,19.531878,-78.410324
2020-09-02T06:49:37.887392044,19.531893,-78.410774
2020-09-02T06:49:37.923250198,19.53181,-78.40986
2020-09-02T06:49:37.961017608,19.531816,-78.40133
2020-09-02T06:49:37.985050201,19.531837,-78.40472
2020-09-02T06:49:38.006793975,19.525536,-78.414764
2020-09-02T06:49:38.008701324,19.509176,-78.40704
2020-09-02T06:49:38.012897491,19.531864,-78.41395
2020-09-02T06:49:38.050662994,19.511497,-78.41951
2020-09-02T06:49:38.072406768,19.52569,-78.40838
2020-09-02T06:49:38.090337753,19.53173,-78.36483
2020-09-02T06:49:38.138021469,19.531702,-78.36481
2020-09-02T06:49:38.139928817,19.520477,-78.4177
2020-09-02T06:49:38.154043197,19.531757,-78.36484
2020-09-02T06:49:38.165868759,19.531809,-78.404045
2020-09-02T06:49:38.661024093,19.532717,-78.82937
2020-09-02T06:49:38.736557006,19.50871,-78.852806
2020-09-02T06:49:38.786148071,19.503204,-78.85713
2020-09-02T06:49:38.800262451,19.532751,-78.82934
2020-09-02T06:49:38.810180664,19.51827,-78.84286
2020-09-02T06:49:38.833833694,19.509716,-78.84968
2020-09-02T06:49:38.982990264,19.472778,-78.86594
2020-09-02T06:49:38.984897613,19.453142,-78.9043
2020-09-02T06:49:38.989093780,19.465809,-78.87135
2020-09-02T06:49:38.994815826,19.471817,-78.87478
2020-09-02T06:49:38.997104644,19.453197,-78.90434
2020-09-02T06:49:39.002826690,19.453123,-78.87765
2020-09-02T06:49:39.004734039,19.453112,-78.876205
2020-09-02T06:49:39.007022857,19.45311,-78.87908
2020-09-02T06:49:39.010837554,19.453089,-78.87598
2020-09-02T06:49:39.012744903,19.45317,-78.90433
2020-09-02T06:49:39.014652252,19.453117,-78.87993
2020-09-02T06:49:39.016941070,19.45319,-78.90436
2020-09-02T06:49:39.018848419,19.4532,-78.90437
2020-09-02T06:49:39.022663116,19.453192,-78.904366
2020-09-02T06:49:39.036777496,19.412855,-78.903076
2020-09-02T06:49:39.042499542,19.373425,-78.90189
2020-09-02T06:49:39.153890609,19.453045,-78.87492
2020-09-02T06:49:39.155797958,19.453049,-78.87525
2020-09-02T06:49:39.158086776,19.46395,-78.87048
2020-09-02T06:49:39.378580093,19.453049,-78.870514
2020-09-02T06:49:39.380487442,19.453066,-78.87783
2020-09-02T06:49:39.382776260,19.418428,-78.90328
2020-09-02T06:49:40.261311531,19.53206,-78.44241
2020-09-02T06:49:40.305181026,19.532076,-78.44243
2020-09-02T06:49:40.307088851,19.522232,-78.42899
2020-09-02T06:49:40.325017929,19.532103,-78.44241
2020-09-02T06:49:40.350958347,19.532097,-78.442505
2020-09-02T06:49:40.378806114,19.532114,-78.44242
2020-09-02T06:49:40.680553436,19.392605,-82.63327
2020-09-02T06:49:43.959336280,19.531696,-78.44217
2020-09-02T06:49:44.000916481,19.531652,-78.44225
2020-09-02T06:49:44.032579421,19.531698,-78.42587
2020-09-02T06:49:44.034868240,19.531727,-78.442215
2020-09-02T06:49:44.038682937,19.531723,-78.442154
2020-09-02T06:49:44.054704666,19.517708,-78.430855
2020-09-02T06:49:44.056612014,19.507679,-78.43933
2020-09-02T06:49:44.078356742,19.514143,-78.42947
2020-09-02T06:49:44.100481986,19.531752,-78.44222
2020-09-02T06:49:44.134052276,19.531664,-78.42542
2020-09-02T06:49:44.135959625,19.531685,-78.442245
2020-09-02T06:49:44.142063140,19.51329,-78.429375
2020-09-02T06:49:44.159992218,19.53167,-78.44225
2020-09-02T06:49:44.185932159,19.531631,-78.44229
2020-09-02T06:49:44.209584236,19.512354,-78.44177
2020-09-02T06:49:44.233616828,19.513983,-78.43063
2020-09-02T06:49:44.235524177,19.531626,-78.442245
2020-09-02T06:49:44.245442390,19.49508,-78.43864
2020-09-02T06:49:44.247349739,19.477467,-78.44003
2020-09-02T06:49:44.249257087,19.47908,-78.43763
2020-09-02T06:49:44.319067955,19.477413,-78.43263
2020-09-02T06:49:44.356833457,19.48723,-78.438614
2020-09-02T06:49:44.384681701,19.53154,-78.44227
2020-09-02T06:49:44.386589050,19.451729,-78.44013
2020-09-02T06:49:44.448388099,19.531466,-78.4093
2020-09-02T06:49:44.132144927,19.452763,-78.826904
2020-09-02T06:49:44.279394149,19.452667,-78.807915
2020-09-02T06:49:44.281301498,19.437523,-78.81871
2020-09-02T06:49:44.283208847,19.43269,-78.81095
2020-09-02T06:49:44.285116195,19.452675,-78.826965
2020-09-02T06:49:44.311056137,19.4524,-78.789566
2020-09-02T06:49:44.312963485,19.452429,-78.788284
2020-09-02T06:49:44.314871788,19.444412,-78.78888
2020-09-02T06:49:44.317160606,19.4423,-78.7962
2020-09-02T06:49:44.319067955,19.452429,-78.749626
2020-09-02T06:49:44.320975303,19.452509,-78.77263
2020-09-02T06:49:44.322882652,19.452497,-78.77254
2020-09-02T06:49:44.414436340,19.452616,-78.82693
2020-09-02T06:49:44.436180114,19.452467,-78.77005
2020-09-02T06:49:44.438469886,19.45251,-78.78898
2020-09-02T06:49:44.444191932,19.452593,-78.826904
2020-09-02T06:49:44.472039222,19.452406,-78.77309
2020-09-02T06:49:44.473946571,19.437565,-78.794235
2020-09-02T06:49:44.476235389,19.442581,-78.78995
2020-09-02T06:49:44.478142738,19.442238,-78.7952
2020-09-02T06:49:44.503702163,19.452538,-78.79345
2020-09-02T06:49:44.511713027,19.452385,-78.74956
2020-09-02T06:49:44.514001846,19.452438,-78.78009
2020-09-02T06:49:44.521631240,19.452303,-78.749565
2020-09-02T06:49:44.523920059,19.441044,-78.76734
2020-09-02T06:49:44.525827407,19.430689,-78.775055
2020-09-02T06:49:44.527734756,19.428934,-78.78886
2020-09-02T06:49:44.539560317,19.452547,-78.82701
2020-09-02T06:49:44.595255851,19.452513,-78.82699
2020-09-02T06:49:44.639125823,19.452484,-78.82698
2020-09-02T06:49:44.650951385,19.434488,-78.79005
2020-09-02T06:49:44.652858734,19.440842,-78.778145
2020-09-02T06:49:44.655147552,19.452393,-78.7847
2020-09-02T06:49:44.657054901,19.428934,-78.78791
2020-09-02T06:49:44.658962249,19.423439,-78.786026
2020-09-02T06:49:44.690625190,19.452627,-78.82703
2020-09-02T06:49:44.692914009,19.431568,-78.78995
2020-09-02T06:49:44.714657783,19.372545,-78.74731
2020-09-02T06:49:44.760435104,19.428688,-78.78743
2020-09-02T06:49:44.770353317,19.452295,-78.77227
2020-09-02T06:49:44.798200607,19.419292,-78.788574
2020-09-02T06:49:44.800107955,19.452215,-78.749626
2020-09-02T06:49:44.811934471,19.45229,-78.74966
2020-09-02T06:49:44.814223289,19.445381,-78.79157
2020-09-02T06:49:44.816130638,19.413996,-78.78865
2020-09-02T06:49:44.821852684,19.444605,-78.78739
2020-09-02T06:49:44.834059715,19.439775,-78.78455
2020-09-02T06:49:44.835967063,19.452349,-78.77787
2020-09-02T06:49:44.849699974,19.436726,-78.78808
2020-09-02T06:49:44.891662597,19.441362,-78.78529
2020-09-02T06:49:44.893569946,19.436356,-78.78109
2020-09-02T06:49:44.895477294,19.435696,-78.78603
2020-09-02T06:49:44.897384643,19.441511,-78.7788
2020-09-02T06:49:44.899673461,19.45231,-78.767845
2020-09-02T06:49:44.901580810,19.44093,-78.78384
2020-09-02T06:49:44.903488159,19.436981,-78.78232
2020-09-02T06:49:44.905395507,19.452272,-78.749626
2020-09-02T06:49:44.975205421,19.452358,-78.82697
2020-09-02T06:49:44.977112770,19.433756,-78.7869
2020-09-02T06:49:44.979020118,19.452175,-78.74957
2020-09-02T06:49:45.010683059,19.443863,-78.78
2020-09-02T06:49:45.012971878,19.440155,-78.77276
2020-09-02T06:49:45.275426864,19.452446,-78.826996
2020-09-02T06:49:47.651256561,15.265073,-82.1079
2020-09-02T06:49:47.653545379,15.2720995,-82.11832
2020-09-02T06:49:47.657361030,15.239923,-82.116974
2020-09-02T06:49:47.665371894,15.239899,-82.11697
2020-09-02T06:49:47.675290107,15.256213,-82.10504
2020-09-02T06:49:47.679104804,15.23985,-82.116875
2020-09-02T06:49:47.732892990,15.2398815,-82.11696
2020-09-02T06:49:47.740903854,15.239866,-82.117004
2020-09-02T06:49:47.786681175,15.239719,-82.088905
2020-09-02T06:49:47.788588523,15.239854,-82.11693
2020-09-02T06:49:47.790495872,15.239848,-82.11693
2020-09-02T06:49:47.792403221,15.239844,-82.116936
2020-09-02T06:49:47.794692039,15.263226,-82.09344
2020-09-02T06:49:47.796599388,15.239707,-82.0909
2020-09-02T06:49:47.828261375,15.257016,-82.06885
2020-09-02T06:49:47.830168724,15.269988,-82.0793
2020-09-02T06:49:47.832457542,15.239651,-82.0795
2020-09-02T06:49:47.834364891,15.270015,-82.075935
2020-09-02T06:49:47.836272239,15.263363,-82.0707
2020-09-02T06:49:47.941559791,15.239807,-82.11694
2020-09-02T06:49:47.943848609,15.259026,-82.118774
2020-09-02T06:49:47.539484977,19.543505,-78.32278
2020-09-02T06:49:47.547495841,19.530893,-78.32237
2020-09-02T06:49:47.549784660,19.538338,-78.325554
2020-09-02T06:49:47.563517570,19.53092,-78.322876
2020-09-02T06:49:47.565424919,19.530905,-78.32459
2020-09-02T06:49:47.573435783,19.530867,-78.32272
2020-09-02T06:49:47.575343132,19.530882,-78.32537
2020-09-02T06:49:47.587550163,19.530825,-78.32493
2020-09-02T06:49:47.593273162,19.53083,-78.33805
2020-09-02T06:49:47.595180511,19.530842,-78.33651
2020-09-02T06:49:47.597469329,19.530857,-78.33686
2020-09-02T06:49:47.603191375,19.530935,-78.36479
2020-09-02T06:49:47.605098724,19.5309,-78.34404
2020-09-02T06:49:47.625316619,19.530924,-78.36479
2020-09-02T06:49:47.631038665,19.530926,-78.36477
2020-09-02T06:49:47.632946014,19.530886,-78.34883
2020-09-02T06:49:47.635234832,19.532686,-78.34619
2020-09-02T06:49:47.648967742,19.530947,-78.364746
2020-09-02T06:49:47.650875091,19.530962,-78.36473
2020-09-02T06:49:47.655072212,19.530973,-78.36476
2020-09-02T06:49:47.681012153,19.530907,-78.36468
2020-09-02T06:49:47.682919502,19.53092,-78.3647
2020-09-02T06:49:47.690930366,19.530828,-78.28743
2020-09-02T06:49:47.712674140,19.53094,-78.36475
2020-09-02T06:49:47.728696823,19.530945,-78.36475
2020-09-02T06:49:47.736326217,19.53091,-78.35447
2020-09-02T06:49:47.738615036,19.530878,-78.33873
2020-09-02T06:49:47.746625900,19.530876,-78.36478
2020-09-02T06:49:47.766462326,19.530905,-78.35718
2020-09-02T06:49:47.768369674,19.53091,-78.34928
2020-09-02T06:49:47.776380538,19.530945,-78.364746
2020-09-02T06:49:47.778287887,19.530937,-78.364746
2020-09-02T06:49:47.788207054,19.530909,-78.36474
2020-09-02T06:49:47.790114402,19.530903,-78.36474
2020-09-02T06:49:47.798125267,19.530888,-78.364784
2020-09-02T06:49:47.804228782,19.530874,-78.364784
2020-09-02T06:49:47.817961692,19.530931,-78.36472
2020-09-02T06:49:47.839705467,19.504805,-78.441345
2020-09-02T06:49:47.855728149,19.507132,-78.44153
2020-09-02T06:49:47.857635498,19.53098,-78.44216
2020-09-02T06:49:47.879760742,19.531042,-78.44215
2020-09-02T06:49:47.899597167,19.530785,-78.32499
2020-09-02T06:49:47.903412818,19.530869,-78.364784
2020-09-02T06:49:47.909516334,19.530752,-78.28747
2020-09-02T06:49:47.911423683,19.538189,-78.323135
2020-09-02T06:49:47.913331031,19.535725,-78.32006
2020-09-02T06:49:47.915238380,19.530823,-78.31314
2020-09-02T06:49:47.917527198,19.541466,-78.326225
2020-09-02T06:49:47.923249244,19.537792,-78.31191
2020-09-02T06:49:47.925538063,19.5344,-78.30892
2020-09-02T06:49:47.931260108,19.530828,-78.28748
2020-09-02T06:49:47.933167457,19.530828,-78.30006
2020-09-02T06:49:47.935456275,19.533207,-78.30827
2020-09-02T06:49:47.937363624,19.53078,-78.2996
2020-09-02T06:49:47.939270973,19.530735,-78.2874
2020-09-02T06:49:47.941178321,19.521793,-78.287155
2020-09-02T06:49:47.943085670,19.529558,-78.30636
2020-09-02T06:49:47.947281837,19.530737,-78.28734
2020-09-02T06:49:47.949189186,19.53074,-78.28732
2020-09-02T06:49:47.951096534,19.530743,-78.287315
2020-09-02T06:49:47.953003883,19.530735,-78.28732
2020-09-02T06:49:47.961014747,19.504807,-78.28747
2020-09-02T06:49:47.963303565,19.529116,-78.30928
2020-09-02T06:49:47.965211868,19.530722,-78.28738
2020-09-02T06:49:47.969026565,19.484,-78.28078
2020-09-02T06:49:47.970933914,19.530743,-78.287384
2020-09-02T06:49:47.973222732,19.492872,-78.28641
2020-09-02T06:49:47.975130081,19.505632,-78.28672
2020-09-02T06:49:47.977037429,19.450956,-78.28532
2020-09-02T06:49:47.978944778,19.494478,-78.286415
2020-09-02T06:49:47.980852127,19.493813,-78.2864
2020-09-02T06:49:47.983140945,19.530748,-78.28736
2020-09-02T06:49:47.985048294,19.478035,-78.28605
2020-09-02T06:49:47.988862991,19.482351,-78.28621
2020-09-02T06:49:47.991151809,19.489122,-78.2864
2020-09-02T06:49:47.998781204,19.531046,-78.442184
2020-09-02T06:49:48.002977371,19.45097,-78.28538
2020-09-02T06:49:48.020906448,19.45096,-78.29854
2020-09-02T06:49:48.022813796,19.45094,-78.28534
2020-09-02T06:49:48.036547660,19.480223,-78.20877
2020-09-02T06:49:48.042651176,19.450788,-78.20807
2020-09-02T06:49:48.112079620,19.530792,-78.3283
2020-09-02T06:49:48.784239768,19.471914,-78.802155
2020-09-02T06:49:48.823912620,19.452171,-78.82681
2020-09-02T06:49:48.825819969,19.468039,-78.80924
2020-09-02T06:49:48.828108787,19.452114,-78.82682
2020-09-02T06:49:48.853668212,19.452162,-78.82678
2020-09-02T06:49:48.855957031,19.452097,-78.79857
2020-09-02T06:49:48.903641700,19.452194,-78.826744
2020-09-02T06:49:48.907456398,19.469175,-78.806625
2020-09-02T06:49:48.909363746,19.452185,-78.82673
2020-09-02T06:49:48.984895706,19.465708,-78.80675
2020-09-02T06:49:48.986803054,19.452093,-78.81149
2020-09-02T06:49:48.989091873,19.464342,-78.80824
2020-09-02T06:49:49.050509452,19.491903,-78.82792
2020-09-02T06:49:49.082553863,19.491571,-78.82786
2020-09-02T06:49:49.084461212,19.48092,-78.80596
2020-09-02T06:49:49.088275909,19.466824,-78.81107
2020-09-02T06:49:49.090183258,19.464296,-78.80726
2020-09-02T06:49:49.096286773,19.45219,-78.8267
2020-09-02T06:49:49.106204986,19.452236,-78.82668
2020-09-02T06:49:49.150074958,19.461971,-78.81168
2020-09-02T06:49:49.151982307,19.46456,-78.80403
2020-09-02T06:49:49.227514266,19.4522,-78.826675
2020-09-02T06:49:49.271384239,19.479826,-78.79907
2020-09-02T06:49:49.935151100,19.531834,-78.770905
2020-09-02T06:49:49.980928421,19.531824,-78.75157
2020-09-02T06:49:50.012972831,19.531723,-78.75147
2020-09-02T06:49:50.026705741,19.531834,-78.75154
2020-09-02T06:49:50.034716606,19.5318,-78.75155
2020-09-02T06:49:50.036623954,19.531784,-78.75156
2020-09-02T06:49:50.106433868,19.531805,-78.769135
2020-09-02T06:49:50.271231651,18.384064,-82.933334
2020-09-02T06:49:50.273138999,18.361504,-82.93338
2020-09-02T06:49:50.289160728,18.36149,-82.93372
2020-09-02T06:49:50.464258193,18.375803,-82.93633
2020-09-02T06:49:50.565349578,18.383121,-82.93714
2020-09-02T06:49:50.567638397,18.361444,-82.93511
2020-09-02T06:49:50.569545745,18.361639,-82.96304
2020-09-02T06:49:50.661099433,18.377441,-82.93761
2020-09-02T06:49:50.666821479,18.381666,-82.93644
2020-09-02T06:49:50.672924995,18.361418,-82.93634
2020-09-02T06:49:50.676739692,18.36139,-82.93235
2020-09-02T06:49:50.690855026,18.361397,-82.934425
2020-09-02T06:49:50.724424362,18.36142,-82.93568
2020-09-02T06:49:50.746549606,18.361626,-82.963066
2020-09-02T06:49:50.788130760,18.361593,-82.963005
2020-09-02T06:49:50.469980239,19.531015,-78.44196
2020-09-02T06:49:50.545512199,19.531038,-78.4221
2020-09-02T06:49:50.571453094,19.53106,-78.42125
2020-09-02T06:49:50.587474822,19.531157,-78.44195
2020-09-02T06:49:50.589382171,19.531124,-78.424774
2020-09-02T06:49:50.603115081,19.531065,-78.442
2020-09-02T06:49:50.611125946,19.530993,-78.42751
2020-09-02T06:49:50.630963325,19.531116,-78.426094
2020-09-02T06:49:50.654995918,19.531038,-78.42291
2020-09-02T06:49:50.671017646,19.531078,-78.44192
2020-09-02T06:49:50.684750556,19.531078,-78.441986
2020-09-02T06:49:50.712598800,19.531048,-78.44197
2020-09-02T06:49:50.799956321,19.53101,-78.44196
2020-09-02T06:49:53.019001007,19.49406,-78.447815
2020-09-02T06:49:53.020908355,19.531183,-78.4424
2020-09-02T06:49:53.044559478,19.516735,-78.43517
2020-09-02T06:49:53.058673858,19.531094,-78.442406
2020-09-02T06:49:53.062488555,19.531084,-78.4424
2020-09-02T06:49:53.066684722,19.531103,-78.44235
2020-09-02T06:49:53.068592071,19.53111,-78.44234
2020-09-02T06:49:53.094532012,19.53115,-78.442406
2020-09-02T06:49:53.096439361,19.531158,-78.442406
2020-09-02T06:49:53.138021469,19.497423,-78.43929
2020-09-02T06:49:53.162054061,19.504059,-78.43748
2020-09-02T06:49:53.171972274,19.531113,-78.442375
2020-09-02T06:49:53.173879623,19.510174,-78.4418
2020-09-02T06:49:53.197912216,19.495602,-78.440506
2020-09-02T06:49:53.201726913,19.531128,-78.4424
2020-09-02T06:49:53.211645126,19.531166,-78.44238
2020-09-02T06:49:53.225378036,19.531141,-78.44238
2020-09-02T06:49:53.239492416,19.531223,-78.442375
2020-09-02T06:49:53.265434265,19.519245,-78.42966
2020-09-02T06:49:53.267341613,19.53117,-78.44244
2020-09-02T06:49:53.283363342,19.531172,-78.44242
2020-09-02T06:49:53.293281555,19.486996,-78.44915
2020-09-02T06:49:53.305107116,19.531126,-78.44234
2020-09-02T06:49:53.316932678,19.518335,-78.431175
2020-09-02T06:49:53.318840026,19.505053,-78.44174
2020-09-02T06:49:53.331047058,19.480738,-78.44838
2020-09-02T06:49:53.360801696,19.45126,-78.440285
2020-09-02T06:49:53.466089248,19.531055,-78.44239
2020-09-02T06:49:53.672849655,19.451336,-78.4402
2020-09-02T06:49:53.698789596,19.499071,-78.86048
2020-09-02T06:49:53.700696945,19.49598,-78.86338
2020-09-02T06:49:53.855957031,19.494547,-78.86477
2020-09-02T06:49:53.990999221,19.496069,-78.8633
2020-09-02T06:49:54.008930206,19.491917,-78.86716
2020-09-02T06:49:55.957124710,19.531204,-78.44248
2020-09-02T06:49:55.973146438,19.531199,-78.4426
2020-09-02T06:49:56.006717681,19.531155,-78.44254
2020-09-02T06:49:56.201650619,19.531298,-78.4425
2020-09-02T06:49:56.203557968,19.531294,-78.44251
2020-09-02T06:49:56.233695983,19.531157,-78.4273
2020-09-02T06:49:56.249336242,19.531221,-78.442505
2020-09-02T06:49:56.261543273,19.531256,-78.44254
2020-09-02T06:49:56.342796325,19.482248,-78.4412
2020-09-02T06:49:56.374841690,19.460123,-78.454956
2020-09-02T06:49:56.388574600,19.451477,-78.44044
2020-09-02T06:49:56.400400161,19.451353,-78.44043
2020-09-02T06:49:56.402688980,19.451363,-78.44043
2020-09-02T06:49:56.412607192,19.463696,-78.45321
2020-09-02T06:49:56.440454483,19.45146,-78.440315
2020-09-02T06:49:56.478221893,19.481375,-78.44124
2020-09-02T06:49:56.529720306,19.45145,-78.440445
2020-09-02T06:49:57.322807312,19.473133,-78.75049
2020-09-02T06:49:57.372781753,19.473476,-78.76387
2020-09-02T06:49:57.374689102,19.45228,-78.74987
2020-09-02T06:49:57.390710830,19.47676,-78.75721
2020-09-02T06:49:57.436487197,19.452248,-78.749855
2020-09-02T06:49:57.438394546,19.477943,-78.75061
2020-09-02T06:49:57.515834808,19.48915,-78.750885
2020-09-02T06:49:57.519649505,19.480135,-78.75508
2020-09-02T06:49:57.521938323,19.494488,-78.75102
2020-09-02T06:49:57.523845672,19.496193,-78.75109
2020-09-02T06:49:57.537578582,19.532003,-78.75212
2020-09-02T06:49:57.577632904,19.45224,-78.76358
2020-09-02T06:49:57.579540252,19.452206,-78.74982
2020-09-02T06:49:57.589460372,19.531948,-78.75204
2020-09-02T06:49:57.593275070,19.502487,-78.75118
2020-09-02T06:49:57.617307662,19.452192,-78.749886
2020-09-02T06:49:57.619215011,19.459955,-78.76669
2020-09-02T06:49:57.621122360,19.463802,-78.767
2020-09-02T06:49:57.664991378,19.481623,-78.76133
2020-09-02T06:49:57.681013107,19.482086,-78.75073
2020-09-02T06:49:57.688642501,19.452202,-78.749855
2020-09-02T06:49:57.740524291,19.532007,-78.736115
2020-09-02T06:49:57.742431640,19.486685,-78.75045
2020-09-02T06:49:57.744338989,19.494503,-78.751434
2020-09-02T06:49:57.746627807,19.488415,-78.75087
2020-09-02T06:49:57.748535156,19.492002,-78.742065
2020-09-02T06:49:57.750442504,19.496946,-78.75109
2020-09-02T06:49:57.758453369,19.532063,-78.75214
2020-09-02T06:49:57.760360717,19.52026,-78.75999
2020-09-02T06:49:57.762268066,19.491959,-78.75595
2020-09-02T06:49:57.764175415,19.509401,-78.75152
2020-09-02T06:49:57.766464233,19.494545,-78.75111
2020-09-02T06:49:59.193563461,18.441088,-82.96806
2020-09-02T06:49:59.304954528,18.441141,-82.997215
2020-09-02T06:49:59.306861877,18.441105,-82.99419
2020-09-02T06:49:59.382776260,18.441166,-82.99722
2020-09-02T06:49:59.468227386,18.45903,-82.99803
2020-09-02T06:50:00.197605133,19.509386,-78.4417
2020-09-02T06:50:00.221638202,19.509117,-78.44171
2020-09-02T06:50:00.440223693,19.494173,-78.43975
2020-09-02T06:50:02.722592353,19.531836,-78.44162
2020-09-02T06:50:02.827879428,19.520779,-78.436905
2020-09-02T06:50:02.833982944,19.531734,-78.44159
2020-09-02T06:50:03.464180946,18.488194,-83.02944
2020-09-02T06:50:03.666744232,18.467497,-83.02508
2020-09-02T06:50:03.686580657,18.520922,-82.97174
2020-09-02T06:50:03.774320602,18.49226,-82.998055
2020-09-02T06:50:03.853667259,18.442883,-83.12283
2020-09-02T06:50:03.957047462,18.503418,-83.03751
2020-09-02T06:50:03.957047462,18.362017,-82.88499
2020-09-02T06:50:03.959336280,18.425657,-82.95922
2020-09-02T06:50:04.003586769,14.7693615,-77.94292
2020-09-02T06:50:04.007402420,14.769386,-77.95584
2020-09-02T06:50:04.011598587,14.769403,-77.95586
2020-09-02T06:50:04.013505935,14.769402,-77.95585
2020-09-02T06:50:04.015413284,14.769396,-77.945564
2020-09-02T06:50:04.017320632,14.769398,-77.95584
2020-09-02T06:50:04.019609451,14.769396,-77.95584
2020-09-02T06:50:04.021516799,14.769394,-77.95583
2020-09-02T06:50:04.023424148,14.769389,-77.95583
2020-09-02T06:50:04.025331497,14.7693815,-77.94771
2020-09-02T06:50:04.027238845,14.769381,-77.95582
2020-09-02T06:50:04.029527664,14.769376,-77.95582
2020-09-02T06:50:04.031435012,14.769371,-77.95581
2020-09-02T06:50:04.033342361,14.769368,-77.95581
2020-09-02T06:50:04.037157058,14.769363,-77.9558
2020-09-02T06:50:04.043260574,14.769374,-77.955826
2020-09-02T06:50:04.045167922,14.769389,-77.95584
2020-09-02T06:50:04.106966972,14.769379,-77.955894
2020-09-02T06:50:04.108874320,14.769371,-77.955894
2020-09-02T06:50:04.110781669,14.769364,-77.955894
2020-09-02T06:50:04.113070487,14.764311,-77.951546
2020-09-02T06:50:04.114977836,14.769362,-77.955894
2020-09-02T06:50:04.116885185,14.769362,-77.955894
2020-09-02T06:50:04.118792533,14.769362,-77.9559
2020-09-02T06:50:04.120699882,14.769362,-77.9559
2020-09-02T06:50:04.122988700,14.769364,-77.9559
2020-09-02T06:50:04.124896049,14.769368,-77.9559
2020-09-02T06:50:04.126803398,14.760105,-77.955734
2020-09-02T06:50:04.128711700,14.769375,-77.9559
2020-09-02T06:50:04.130619049,14.769379,-77.9559
2020-09-02T06:50:04.132907867,14.769381,-77.955894
2020-09-02T06:50:04.176395416,14.769347,-77.95585
2020-09-02T06:50:04.180591583,14.769328,-77.95588
2020-09-02T06:50:04.206151008,14.769413,-77.955894
2020-09-02T06:50:05.295263290,19.483795,-78.835846
2020-09-02T06:50:05.297170639,19.483738,-78.82739
2020-09-02T06:50:05.299077987,19.480701,-78.82728
2020-09-02T06:50:05.378807067,19.453373,-78.82655
2020-09-02T06:50:05.400550842,19.475136,-78.82412
2020-09-02T06:50:05.412376403,19.4738,-78.82723
2020-09-02T06:50:05.414283752,19.472767,-78.81721
2020-09-02T06:50:05.420387268,19.453396,-78.82665
2020-09-02T06:50:05.424201965,19.453356,-78.800705
2020-09-02T06:50:05.426490783,19.470066,-78.808784
2020-09-02T06:50:05.469979286,19.453444,-78.826645
2020-09-02T06:50:05.515756607,19.479538,-78.82739
2020-09-02T06:50:05.619136810,19.47726,-78.81442
2020-09-02T06:50:05.621044158,19.480381,-78.82741
2020-09-02T06:50:05.623332977,19.453428,-78.826614
2020-09-02T06:50:05.635158538,19.47517,-78.827286
2020-09-02T06:50:05.651180267,19.4535,-78.82665
2020-09-02T06:50:05.653087615,19.467287,-78.81498
2020-09-02T06:50:05.654994964,19.4535,-78.82665
2020-09-02T06:50:05.696576118,19.453457,-78.82664
2020-09-02T06:50:05.702679634,19.453459,-78.826614
2020-09-02T06:50:05.734341621,19.453442,-78.8266
2020-09-02T06:50:05.736631393,19.472343,-78.827156
2020-09-02T06:50:05.746549606,19.48279,-78.82744
2020-09-02T06:50:05.758375167,19.484812,-78.8275
2020-09-02T06:50:05.768293380,19.453447,-78.82665
2020-09-02T06:50:05.792325973,19.473152,-78.815956
2020-09-02T06:50:05.863662719,19.471785,-78.81842
2020-09-02T06:50:05.865570068,19.453388,-78.82663
2020-09-02T06:50:05.877777099,19.453413,-78.82661
2020-09-02T06:50:05.879684448,19.475456,-78.82725
2020-09-02T06:50:05.881591796,19.478853,-78.82735
2020-09-02T06:50:05.883499145,19.453405,-78.82661
2020-09-02T06:50:05.919357299,19.453392,-78.82677
2020-09-02T06:50:05.983063697,19.45336,-78.82667
2020-09-02T06:50:05.984972000,19.463614,-78.815216
2020-09-02T06:50:07.487985610,19.532383,-78.44261
2020-09-02T06:50:07.509729385,19.504023,-78.44182
2020-09-02T06:50:07.512018203,19.532345,-78.442566
2020-09-02T06:50:07.515832901,19.50066,-78.44173
2020-09-02T06:50:07.533762931,19.49861,-78.44171
2020-09-02T06:50:07.535670280,19.484003,-78.441185
2020-09-02T06:50:07.539866447,19.452637,-78.44052
2020-09-02T06:50:07.551692008,19.4951,-78.44159
2020-09-02T06:50:07.716488838,19.532436,-78.44266
2020-09-02T06:50:07.718778610,19.498905,-78.44177
2020-09-02T06:50:07.734418869,19.496918,-78.441666
2020-09-02T06:50:07.738615036,19.506672,-78.44191
2020-09-02T06:50:07.800032615,19.47337,-78.441895
2020-09-02T06:50:07.816054344,19.532515,-78.4427
2020-09-02T06:50:07.817961692,19.480534,-78.44249
2020-09-02T06:50:07.895401000,19.476292,-78.410995
2020-09-02T06:50:07.897689819,19.476492,-78.433556
2020-09-02T06:50:07.899597167,19.473265,-78.435005
2020-09-02T06:50:07.901504516,19.471104,-78.42999
2020-09-02T06:50:07.903412818,19.468382,-78.42689
2020-09-02T06:50:07.905320167,19.476254,-78.41278
2020-09-02T06:50:07.943467140,19.465874,-78.427795
2020-09-02T06:50:07.945374488,19.489489,-78.411064
2020-09-02T06:50:08.034640312,19.498806,-78.44183
2020-09-02T06:50:08.090335845,19.461493,-78.42405
2020-09-02T06:50:08.092243194,19.466644,-78.41498
2020-09-02T06:50:08.094532012,19.473034,-78.41268
2020-09-02T06:50:08.305106163,19.45588,-79.60196
2020-09-02T06:50:08.307013511,19.455885,-79.60194
2020-09-02T06:50:08.308920860,19.45589,-79.60191
2020-09-02T06:50:08.311209678,19.455893,-79.6019
2020-09-02T06:50:08.318839073,19.455881,-79.601944
2020-09-02T06:50:08.323035240,19.455873,-79.60196
2020-09-02T06:50:08.324942588,19.45587,-79.60196
2020-09-02T06:50:08.326849937,19.455866,-79.60197
2020-09-02T06:50:08.328757286,19.455862,-79.60197
2020-09-02T06:50:08.331046104,19.455858,-79.60197
2020-09-02T06:50:08.332953453,19.455858,-79.60196
2020-09-02T06:50:08.334860801,19.455858,-79.60195
2020-09-02T06:50:08.336769104,19.455856,-79.60195
2020-09-02T06:50:08.339057922,19.455856,-79.601944
2020-09-02T06:50:07.790114402,18.36293,-82.96381
2020-09-02T06:50:07.873657226,18.37241,-82.95176
2020-09-02T06:50:07.877471923,18.363003,-82.96373
2020-09-02T06:50:07.879760742,18.363,-82.96372
2020-09-02T06:50:07.947281837,18.362926,-82.95101
2020-09-02T06:50:07.949189186,18.363031,-82.96378
2020-09-02T06:50:07.951096534,18.362944,-82.951996
2020-09-02T06:50:07.953385353,18.363005,-82.963776
2020-09-02T06:50:08.038836479,18.370745,-82.95299
2020-09-02T06:50:08.040743827,18.363024,-82.96387
2020-09-02T06:50:08.213552474,18.363005,-82.96384
2020-09-02T06:50:08.215459823,18.362904,-82.94738
2020-09-02T06:50:08.217748641,18.362934,-82.94842
2020-09-02T06:50:08.239492416,18.362995,-82.963776
2020-09-02T06:50:08.308920860,18.363005,-82.9638
2020-09-02T06:50:08.336769104,18.362972,-82.96383
2020-09-02T06:50:08.378730773,18.363039,-82.96387
2020-09-02T06:50:08.386741638,18.363035,-82.963875
2020-09-02T06:50:08.402382850,18.36296,-82.96384
2020-09-02T06:50:08.064394950,18.797955,-82.1694
2020-09-02T06:50:08.066683769,18.810106,-82.17337
2020-09-02T06:50:08.068591117,18.806293,-82.16116
2020-09-02T06:50:08.070498466,18.809952,-82.156364
2020-09-02T06:50:08.072405815,18.813217,-82.15482
2020-09-02T06:50:08.074313163,18.822773,-82.14365
2020-09-02T06:50:08.076601982,18.832283,-82.13491
2020-09-02T06:50:08.078509330,18.811848,-82.15671
2020-09-02T06:50:08.084231376,18.832289,-82.134895
2020-09-02T06:50:08.126194000,18.832178,-82.11747
2020-09-02T06:50:08.128101348,18.844341,-82.12622
2020-09-02T06:50:08.259328842,18.753448,-82.208435
2020-09-02T06:50:08.324942588,18.807064,-82.15276
2020-09-02T06:50:08.326849937,18.829802,-82.14949
2020-09-02T06:50:08.340965270,18.845852,-82.13548
2020-09-02T06:50:08.342872619,18.818174,-82.14348
2020-09-02T06:50:08.344779968,18.813204,-82.15271
2020-09-02T06:50:08.346687316,18.832285,-82.13493
2020-09-02T06:50:08.442437171,18.80669,-82.15938
2020-09-02T06:50:08.444344520,18.782368,-82.18155
2020-09-02T06:50:08.487833023,18.753408,-82.208496
2020-09-02T06:50:08.503854751,18.839272,-82.14088
2020-09-02T06:50:08.505762100,18.832777,-82.14243
2020-09-02T06:50:08.507669448,18.832287,-82.13494
2020-09-02T06:50:08.537806510,18.779442,-82.16872
2020-09-02T06:50:08.581294059,18.82501,-82.1438
2020-09-02T06:50:08.583202362,18.837608,-82.14394
2020-09-02T06:50:08.585491180,18.818302,-82.14306
2020-09-02T06:50:08.587398529,18.814322,-82.15167
2020-09-02T06:50:08.589305877,18.83228,-82.134926
2020-09-02T06:50:08.597316741,18.808163,-82.17204
2020-09-02T06:50:08.599224090,18.806849,-82.15139
2020-09-02T06:50:08.601131439,18.81251,-82.15143
2020-09-02T06:50:08.603420257,18.81517,-82.14806
2020-09-02T06:50:08.605327606,18.81359,-82.15113
2020-09-02T06:50:08.607234954,18.82005,-82.14929
2020-09-02T06:50:08.609142303,18.814255,-82.14859
2020-09-02T06:50:08.611049652,18.81799,-82.15953
2020-09-02T06:50:08.613338470,18.812859,-82.15309
2020-09-02T06:50:08.615245819,18.832289,-82.13499
2020-09-02T06:50:08.617153167,18.83231,-82.13499
2020-09-02T06:50:08.619060516,18.832333,-82.13499
2020-09-02T06:50:08.621349334,18.832348,-82.13499
2020-09-02T06:50:08.776228904,18.802097,-82.16301
2020-09-02T06:50:08.782332420,18.846844,-82.128494
2020-09-02T06:50:11.104373931,19.522524,-78.43397
2020-09-02T06:50:11.152059555,19.501013,-78.44147
2020-09-02T06:50:11.163885116,19.532469,-78.442276
2020-09-02T06:50:11.181814193,19.532406,-78.44225
2020-09-02T06:50:11.209661483,19.514513,-78.441765
2020-09-02T06:50:11.229497909,19.511015,-78.44165
2020-09-02T06:50:11.243612289,19.532463,-78.44222
2020-09-02T06:50:11.259252548,19.509918,-78.4417
2020-09-02T06:50:11.277183532,19.532408,-78.442345
2020-09-02T06:50:11.287101745,19.514734,-78.44185
2020-09-02T06:50:11.295112609,19.514862,-78.44185
2020-09-02T06:50:11.309226989,19.514845,-78.441826
2020-09-02T06:50:11.321052551,19.51627,-78.44197
2020-09-02T06:50:11.324867248,19.532518,-78.44238
2020-09-02T06:50:11.334785461,19.51475,-78.44188
2020-09-02T06:50:11.344703674,19.53245,-78.44237
2020-09-02T06:50:11.346992492,19.532442,-78.442375
2020-09-02T06:50:11.358818054,19.532448,-78.44235
2020-09-02T06:50:11.368736267,19.532438,-78.442276
2020-09-02T06:50:11.388572692,19.512047,-78.4418
2020-09-02T06:50:11.408411026,19.532438,-78.4423
2020-09-02T06:50:12.512018203,19.453098,-78.74958
2020-09-02T06:50:12.559703826,19.453127,-78.749504
2020-09-02T06:50:12.585262298,19.45311,-78.74944
2020-09-02T06:50:12.653165817,19.470098,-78.78422
2020-09-02T06:50:12.656980514,19.453188,-78.79489
2020-09-02T06:50:12.716489791,19.46805,-78.76871
2020-09-02T06:50:12.718778610,19.453068,-78.74941
2020-09-02T06:50:12.720685958,19.453056,-78.7494
2020-09-02T06:50:12.722593307,19.453054,-78.74943
2020-09-02T06:50:12.724500656,19.453054,-78.74946
2020-09-02T06:50:12.726408004,19.464499,-78.749825
2020-09-02T06:50:12.728696823,19.466682,-78.7661
2020-09-02T06:50:12.754255294,19.453089,-78.749466
2020-09-02T06:50:12.756544113,19.462406,-78.7594
2020-09-02T06:50:12.758451461,19.466488,-78.76119
2020-09-02T06:50:12.760360717,19.453045,-78.7495
2020-09-02T06:50:12.766464233,19.452997,-78.749466
2020-09-02T06:50:12.768371582,19.46286,-78.758865
2020-09-02T06:50:12.833984375,19.453123,-78.795395
2020-09-02T06:50:12.835891723,19.47191,-78.78559
2020-09-02T06:50:12.875564575,19.465109,-78.76118
2020-09-02T06:50:12.877853393,19.465078,-78.7634
2020-09-02T06:50:12.879760742,19.463776,-78.759865
2020-09-02T06:50:12.883575439,19.461712,-78.76245
2020-09-02T06:50:12.885484695,19.459757,-78.73793
2020-09-02T06:50:12.887773513,19.463987,-78.75188
2020-09-02T06:50:12.889680862,19.464634,-78.75281
2020-09-02T06:50:12.891588211,19.45307,-78.74953
2020-09-02T06:50:12.901506423,19.46068,-78.7436
2020-09-02T06:50:12.903413772,19.463121,-78.75587
2020-09-02T06:50:12.947282791,19.453245,-78.79146
2020-09-02T06:50:12.949190139,19.453243,-78.78047
2020-09-02T06:50:12.975130081,19.46378,-78.753876
2020-09-02T06:50:12.978944778,19.462244,-78.75052
2020-09-02T06:50:12.985048294,19.453083,-78.74946
2020-09-02T06:50:13.016712188,19.463566,-78.732834
2020-09-02T06:50:13.019001007,19.464693,-78.72978
2020-09-02T06:50:13.020908355,19.465794,-78.74464
2020-09-02T06:50:13.022815704,19.453043,-78.723434
2020-09-02T06:50:13.046848297,19.452894,-78.67206
2020-09-02T06:50:13.050662994,19.453035,-78.749435
2020-09-02T06:50:13.052570343,19.460989,-78.73865
2020-09-02T06:50:13.054477691,19.459146,-78.72886
2020-09-02T06:50:13.056766510,19.463673,-78.715805
2020-09-02T06:50:13.058673858,19.463074,-78.71659
2020-09-02T06:50:13.060581207,19.464327,-78.72645
2020-09-02T06:50:13.062488555,19.452976,-78.71285
2020-09-02T06:50:13.074314117,19.452953,-78.67746
2020-09-02T06:50:13.076602935,19.461576,-78.704834
2020-09-02T06:50:13.078510284,19.46356,-78.72266
2020-09-02T06:50:13.080417633,19.462215,-78.72654
2020-09-02T06:50:13.082324981,19.450647,-78.69027
2020-09-02T06:50:13.084613800,19.4534,-78.70379
2020-09-02T06:50:13.086521148,19.450296,-78.70489
2020-09-02T06:50:13.088428497,19.45302,-78.71693
2020-09-02T06:50:13.090335845,19.453022,-78.71609
2020-09-02T06:50:13.092243194,19.42559,-78.6802
2020-09-02T06:50:13.094532012,19.452955,-78.697296
2020-09-02T06:50:13.233388900,19.463045,-78.72218
2020-09-02T06:50:13.235677719,19.435696,-78.71465
2020-09-02T06:50:13.273445129,19.453213,-78.7494
2020-09-02T06:50:13.275352478,19.45319,-78.74939
2020-09-02T06:50:13.305107116,19.453066,-78.7494
2020-09-02T06:50:13.420312881,19.453104,-78.749374
2020-09-02T06:50:13.422220230,19.463724,-78.727165
2020-09-02T06:50:13.424509048,19.438114,-78.70355
2020-09-02T06:50:13.426416397,19.453114,-78.74942
2020-09-02T06:50:13.477914810,19.452925,-78.67205
2020-09-02T06:50:14.597164154,19.935564,-79.65709
2020-09-02T06:50:14.599071502,19.935566,-79.65745
2020-09-02T06:50:14.613185882,19.935352,-79.6185
2020-09-02T06:50:14.714658737,19.887486,-79.591805
2020-09-02T06:50:14.716566085,19.927221,-79.61836
2020-09-02T06:50:14.718473434,19.921051,-79.61368
2020-09-02T06:50:14.720380783,19.93539,-79.61852
2020-09-02T06:50:14.945451736,19.532005,-78.44233
2020-09-02T06:50:14.979021072,19.531988,-78.42917
2020-09-02T06:50:14.980928421,19.531996,-78.4423
2020-09-02T06:50:15.004962921,19.523449,-78.427315
2020-09-02T06:50:15.030902862,19.532022,-78.44231
2020-09-02T06:50:15.040821075,19.531988,-78.42333
2020-09-02T06:50:15.054553985,19.532024,-78.44229
2020-09-02T06:50:15.094226837,19.509317,-78.43387
2020-09-02T06:50:15.245292663,19.532013,-78.413124
2020-09-02T06:50:15.247581481,19.532074,-78.442245
2020-09-02T06:50:15.267417907,19.531918,-78.411476
2020-09-02T06:50:15.269325256,19.53192,-78.415924
2020-09-02T06:50:15.310905456,19.531982,-78.41307
2020-09-02T06:50:15.384531021,19.53188,-78.41476
2020-09-02T06:50:15.434503555,19.531918,-78.41583
2020-09-02T06:50:15.382623672,19.532806,-78.82939
2020-09-02T06:50:15.390634536,19.532785,-78.82943
2020-09-02T06:50:15.502025604,19.532877,-78.829346
2020-09-02T06:50:15.521862030,19.53282,-78.82938
2020-09-02T06:50:15.661100387,19.53282,-78.829346
2020-09-02T06:50:15.784317016,19.51237,-78.85054
2020-09-02T06:50:15.786224365,19.532898,-78.82941
2020-09-02T06:50:15.823989868,19.532877,-78.843925
2020-09-02T06:50:15.515758514,18.36247,-82.963425
2020-09-02T06:50:15.573360443,18.362524,-82.96342
2020-09-02T06:50:15.629056930,18.384346,-82.96467
2020-09-02T06:50:15.656904220,18.38465,-82.96466
2020-09-02T06:50:15.694669723,18.362509,-82.96346
2020-09-02T06:50:15.746551513,18.386126,-82.964775
2020-09-02T06:50:15.782409667,18.362448,-82.96343
2020-09-02T06:50:15.784317016,18.362494,-82.96345
2020-09-02T06:50:15.820175170,18.381828,-82.98041
2020-09-02T06:50:15.835815429,18.362534,-82.963425
2020-09-02T06:50:15.853744506,18.36252,-82.96339
2020-09-02T06:50:15.875490188,18.39187,-82.965065
2020-09-02T06:50:15.911348342,18.36253,-82.96338
2020-09-02T06:50:15.968950271,18.39227,-82.98803
2020-09-02T06:50:16.016635894,18.388172,-82.96484
2020-09-02T06:50:16.018924713,18.362562,-82.963394
2020-09-02T06:50:16.040668487,18.362448,-82.96335
2020-09-02T06:50:17.674909591,19.491137,-78.45097
2020-09-02T06:50:17.681013107,19.451962,-78.44009
2020-09-02T06:50:17.762268066,19.53173,-78.442276
2020-09-02T06:50:17.800033569,19.497568,-78.4414
2020-09-02T06:50:17.837800979,19.479404,-78.44801
2020-09-02T06:50:17.845811843,19.496199,-78.44129
2020-09-02T06:50:17.889680862,19.477247,-78.449356
2020-09-02T06:50:17.967121124,19.496218,-78.44129
2020-09-02T06:50:17.969028472,19.53185,-78.44224
2020-09-02T06:50:19.990845204,19.452517,-78.826935
2020-09-02T06:50:19.993134022,19.452515,-78.82693
2020-09-02T06:50:19.995041371,19.452513,-78.82691
2020-09-02T06:50:20.078584671,19.452581,-78.84251
2020-09-02T06:50:20.136187553,19.452568,-78.85017
2020-09-02T06:50:20.165942668,19.452534,-78.845474
2020-09-02T06:50:20.207523345,19.452557,-78.84666
2020-09-02T06:50:20.209812164,19.45252,-78.826904
2020-09-02T06:50:20.217823505,19.452454,-78.8269
2020-09-02T06:50:20.219730854,19.452433,-78.8269
2020-09-02T06:50:20.231556415,19.45246,-78.826965
2020-09-02T06:50:20.243381977,19.452473,-78.82698
2020-09-02T06:50:20.249485969,19.452478,-78.84538
2020-09-02T06:50:20.279241085,19.452517,-78.826935
2020-09-02T06:50:20.281148433,19.452562,-78.84454
2020-09-02T06:50:20.283437252,19.45252,-78.826935
2020-09-02T06:50:20.285344600,19.45257,-78.8443
2020-09-02T06:50:20.289159297,19.452581,-78.8458
2020-09-02T06:50:20.308996200,19.452541,-78.84612
2020-09-02T06:50:20.310903549,19.452492,-78.826904
2020-09-02T06:50:20.334936141,19.45259,-78.847244
2020-09-02T06:50:20.346762180,19.45255,-78.84665
2020-09-02T06:50:20.354773044,19.452534,-78.84404
2020-09-02T06:50:20.358969211,19.532194,-78.78226
2020-09-02T06:50:20.360876560,19.532122,-78.751854
2020-09-02T06:50:20.368887901,19.532202,-78.77899
2020-09-02T06:50:20.370795249,19.48518,-78.796196
2020-09-02T06:50:20.372702598,19.513824,-78.78654
2020-09-02T06:50:20.374609947,19.526861,-78.77306
2020-09-02T06:50:20.376517295,19.53216,-78.75192
2020-09-02T06:50:20.378806114,19.527493,-78.76629
2020-09-02T06:50:20.380713462,19.525019,-78.765434
2020-09-02T06:50:20.386816978,19.532145,-78.751915
2020-09-02T06:50:20.388724327,19.532133,-78.751915
2020-09-02T06:50:20.402457714,19.45249,-78.82693
2020-09-02T06:50:20.406653881,19.532106,-78.75185
2020-09-02T06:50:20.428397655,19.452538,-78.85063
2020-09-02T06:50:20.448234558,19.474073,-78.816055
2020-09-02T06:50:20.466164112,19.452497,-78.82698
2020-09-02T06:50:20.484093189,19.452566,-78.84651
2020-09-02T06:50:20.523766994,19.53211,-78.75188
2020-09-02T06:50:20.525674343,19.532112,-78.75189
2020-09-02T06:50:20.595484256,19.45249,-78.826935
2020-09-02T06:50:20.680934906,19.523691,-78.75936
2020-09-02T06:50:20.690853118,19.532137,-78.78548
2020-09-02T06:50:20.692760467,19.532124,-78.780334
2020-09-02T06:50:20.728619098,19.5322,-78.78494
2020-09-02T06:50:20.738537311,19.532198,-78.78187
2020-09-02T06:50:20.833906650,19.532007,-78.751884
2020-09-02T06:50:20.810255050,19.531277,-78.44234
2020-09-02T06:50:20.812162399,19.531298,-78.44234
2020-09-02T06:50:20.838102817,19.531338,-78.44228
2020-09-02T06:50:20.945297241,19.513227,-78.4419
2020-09-02T06:50:20.947204589,19.504208,-78.446365
2020-09-02T06:50:21.018922328,19.504627,-78.442604
2020-09-02T06:50:21.022737026,19.53141,-78.44239
2020-09-02T06:50:21.066606521,19.50252,-78.44339
2020-09-02T06:50:21.084536075,19.506721,-78.44105
2020-09-02T06:50:21.086443424,19.53143,-78.442406
2020-09-02T06:50:21.088350772,19.531403,-78.44238
2020-09-02T06:50:21.090258121,19.531376,-78.44236
2020-09-02T06:50:21.092546939,19.52015,-78.43486
2020-09-02T06:50:21.161975383,19.506517,-78.44257
2020-09-02T06:50:21.176090240,19.51941,-78.44211
2020-09-02T06:50:21.211567401,19.52007,-78.434265
2020-09-02T06:50:21.213856220,19.531338,-78.4425
2020-09-02T06:50:21.221485614,19.53136,-78.44251
2020-09-02T06:50:21.223774433,19.511608,-78.439766
2020-09-02T06:50:21.229496479,19.514704,-78.43959
2020-09-02T06:50:21.251622200,19.504673,-78.43872
2020-09-02T06:50:21.261540412,19.519718,-78.429504
2020-09-02T06:50:21.265355110,19.506159,-78.43956
2020-09-02T06:50:21.267262935,19.520285,-78.4272
2020-09-02T06:50:21.269170284,19.531404,-78.442406
2020-09-02T06:50:21.396583080,19.505493,-78.44176
2020-09-02T06:50:21.398490428,19.53139,-78.44244
2020-09-02T06:50:21.400397777,19.47885,-78.44911
2020-09-02T06:50:21.402686595,19.531397,-78.44243
2020-09-02T06:50:21.404593944,19.4749,-78.45737
2020-09-02T06:50:21.424430847,19.50084,-78.4363
2020-09-02T06:50:21.438163757,19.531412,-78.44235
2020-09-02T06:50:21.440452575,19.531422,-78.44234
2020-09-02T06:50:21.475929737,19.503477,-78.42568
2020-09-02T06:50:21.482033252,19.531466,-78.44252
2020-09-02T06:50:21.483941078,19.531439,-78.4425
2020-09-02T06:50:21.486229896,19.531412,-78.442474
2020-09-02T06:50:21.488137245,19.531385,-78.44245
2020-09-02T06:50:21.490044593,19.531359,-78.44242
2020-09-02T06:50:21.491951942,19.531359,-78.44244
2020-09-02T06:50:21.498055458,19.531391,-78.442505
2020-09-02T06:50:21.499962806,19.51621,-78.44212
2020-09-02T06:50:21.507973670,19.531395,-78.46198
2020-09-02T06:50:21.525903224,19.511078,-78.497696
2020-09-02T06:50:21.531625270,19.491993,-78.49523
2020-09-02T06:50:21.533914089,19.496914,-78.483444
2020-09-02T06:50:21.535821437,19.502317,-78.47761
2020-09-02T06:50:21.537728786,19.492765,-78.48256
2020-09-02T06:50:21.539636135,19.49454,-78.48242
2020-09-02T06:50:21.541543483,19.494484,-78.48747
2020-09-02T06:50:21.543832302,19.49211,-78.49147
2020-09-02T06:50:21.545740127,19.491423,-78.495636
2020-09-02T06:50:21.547647476,19.493418,-78.50196
2020-09-02T06:50:21.549554824,19.490015,-78.50439
2020-09-02T06:50:21.551462173,19.509945,-78.51289
2020-09-02T06:50:21.553750991,19.514227,-78.509926
2020-09-02T06:50:21.555658340,19.515118,-78.50911
2020-09-02T06:50:21.557565689,19.512224,-78.50889
2020-09-02T06:50:21.559473037,19.516138,-78.51133
2020-09-02T06:50:21.561761856,19.511484,-78.50701
2020-09-02T06:50:21.563669204,19.53151,-78.519875
2020-09-02T06:50:21.565576553,19.515448,-78.50649
2020-09-02T06:50:21.567483901,19.531488,-78.519844
2020-09-02T06:50:21.569391250,19.531477,-78.51984
2020-09-02T06:50:21.571680068,19.451677,-78.51766
2020-09-02T06:50:23.812086105,18.440632,-82.942444
2020-09-02T06:50:23.813993453,18.4406,-82.93671
2020-09-02T06:50:23.987183570,18.448101,-82.94631
2020-09-02T06:50:23.989090919,18.440735,-82.93894
2020-09-02T06:50:23.992905616,18.44095,-82.96881
2020-09-02T06:50:24.788282394,19.50989,-78.44255
2020-09-02T06:50:24.832152366,19.531317,-78.44299
2020-09-02T06:50:24.867629051,19.531374,-78.44317
2020-09-02T06:50:24.891662597,19.531319,-78.44316
2020-09-02T06:50:24.903488159,19.531374,-78.44314
2020-09-02T06:50:24.909591674,19.531342,-78.44306
2020-09-02T06:50:27.768369674,19.510893,-78.826546
2020-09-02T06:50:27.770277023,19.532442,-78.829315
2020-09-02T06:50:27.780196189,19.532448,-78.829285
2020-09-02T06:50:27.790114402,19.532457,-78.82928
2020-09-02T06:50:27.808043479,19.510105,-78.82841
2020-09-02T06:50:27.822157859,19.497978,-78.82828
2020-09-02T06:50:27.824065208,19.481018,-78.82777
2020-09-02T06:50:27.825972557,19.475096,-78.82
2020-09-02T06:50:27.835890769,19.532497,-78.82934
2020-09-02T06:50:27.887771606,19.452581,-78.800415
2020-09-02T06:50:27.889678955,19.465532,-78.81126
2020-09-02T06:50:27.891586303,19.467577,-78.81386
2020-09-02T06:50:27.893493652,19.452654,-78.82692
2020-09-02T06:50:27.895401000,19.462156,-78.801216
2020-09-02T06:50:27.897689819,19.472864,-78.80952
2020-09-02T06:50:27.943467140,19.452581,-78.80485
2020-09-02T06:50:27.945374488,19.476866,-78.80794
2020-09-02T06:50:28.010988235,19.472195,-78.81085
2020-09-02T06:50:28.012895584,19.465681,-78.80052
2020-09-02T06:50:28.014802932,19.470331,-78.81113
2020-09-02T06:50:28.016710281,19.452564,-78.79386
2020-09-02T06:50:28.251317977,19.513432,-78.84721
2020-09-02T06:50:28.253606796,19.506287,-78.85396
2020-09-02T06:50:28.259328842,19.518316,-78.83185
2020-09-02T06:50:28.261236190,19.495317,-78.83704
2020-09-02T06:50:28.319220542,19.532454,-78.8293
2020-09-02T06:50:28.321127891,19.532463,-78.8293
2020-09-02T06:50:28.376823425,19.488285,-78.826454
2020-09-02T06:50:28.378730773,19.532469,-78.829346
2020-09-02T06:50:28.382545471,19.505093,-78.82853
2020-09-02T06:50:28.384834289,19.452646,-78.826965
2020-09-02T06:50:28.456170082,19.50094,-78.82832
2020-09-02T06:50:28.533610343,19.493591,-78.8281
2020-09-02T06:50:28.567561149,19.501713,-78.82839
2020-09-02T06:50:28.205540657,19.531527,-78.414635
2020-09-02T06:50:28.221563339,19.531506,-78.412575
2020-09-02T06:50:28.231481552,19.531553,-78.41201
2020-09-02T06:50:28.233388900,19.53154,-78.41396
2020-09-02T06:50:28.235677719,19.531578,-78.44221
2020-09-02T06:50:28.279166221,19.531538,-78.41469
2020-09-02T06:50:28.285269737,19.531551,-78.41696
2020-09-02T06:50:28.287177085,19.53156,-78.4169
2020-09-02T06:50:28.289084434,19.524038,-78.4251
2020-09-02T06:50:28.291373252,19.531582,-78.420204
2020-09-02T06:50:28.315024375,19.531525,-78.42287
2020-09-02T06:50:28.316931724,19.514326,-78.42945
2020-09-02T06:50:28.352790832,19.531607,-78.442215
2020-09-02T06:50:28.354698181,19.520296,-78.4234
2020-09-02T06:50:28.408486366,19.531487,-78.413376
2020-09-02T06:50:28.454262733,19.521631,-78.42072
2020-09-02T06:50:28.488214492,19.531517,-78.44224
2020-09-02T06:50:28.509958267,19.531513,-78.4191
2020-09-02T06:50:28.533610343,19.531551,-78.4161
2020-09-02T06:50:28.555735588,19.531612,-78.44228
2020-09-02T06:50:28.573664665,19.531536,-78.41787
2020-09-02T06:50:31.893646240,19.530674,-78.44261
2020-09-02T06:50:31.923402786,19.501064,-78.44178
2020-09-02T06:50:31.925310134,19.530724,-78.442566
2020-09-02T06:50:31.943239212,19.53073,-78.44266
2020-09-02T06:50:31.945146560,19.500307,-78.435074
2020-09-02T06:50:31.947435379,19.504986,-78.439095
2020-09-02T06:50:31.949342727,19.493994,-78.43942
2020-09-02T06:50:31.989015579,19.489323,-78.422264
2020-09-02T06:50:31.990922927,19.506226,-78.44195
2020-09-02T06:50:32.038608551,19.530636,-78.44256
2020-09-02T06:50:32.040897369,19.530628,-78.44256
2020-09-02T06:50:32.080570220,19.509811,-78.44195
2020-09-02T06:50:32.215612411,19.486692,-78.436584
2020-09-02T06:50:32.217519760,19.513477,-78.42682
2020-09-02T06:50:32.259481430,19.493233,-78.433464
2020-09-02T06:50:32.277412414,19.530594,-78.442505
2020-09-02T06:50:33.426416397,19.40931,-78.71296
2020-09-02T06:50:33.434427261,19.414042,-78.7114
2020-09-02T06:50:33.444345474,19.411999,-78.710655
2020-09-02T06:50:33.460367202,19.416698,-78.71675
2020-09-02T06:50:33.462274551,19.40999,-78.70863
2020-09-02T06:50:33.501947402,19.410244,-78.72414
2020-09-02T06:50:33.503856658,19.409945,-78.72358
2020-09-02T06:50:33.505764007,19.40931,-78.726036
2020-09-02T06:50:33.508052825,19.411245,-78.72809
2020-09-02T06:50:33.509960174,19.433424,-78.749344
2020-09-02T06:50:33.567562103,19.451311,-78.74982
2020-09-02T06:50:33.601512908,19.414719,-78.7099
2020-09-02T06:50:33.619441986,19.40593,-78.704506
2020-09-02T06:50:33.633176803,19.451244,-78.69928
2020-09-02T06:50:33.635084152,19.421091,-78.69936
2020-09-02T06:50:33.636991500,19.451216,-78.672424
2020-09-02T06:50:33.649198532,19.451193,-78.70122
2020-09-02T06:50:33.653013229,19.451159,-78.69979
2020-09-02T06:50:33.670942306,19.451113,-78.672455
2020-09-02T06:50:33.881517410,19.371704,-78.74747
2020-09-02T06:50:35.503932952,18.332289,-83.26667
2020-09-02T06:50:35.462350845,18.440615,-83.00594
2020-09-02T06:50:35.583278656,18.323193,-83.23409
2020-09-02T06:50:35.585567474,18.357256,-83.237404
2020-09-02T06:50:35.587474822,18.308804,-83.27563
2020-09-02T06:50:35.613416671,18.369892,-83.163414
2020-09-02T06:50:35.617231369,18.44062,-83.006294
2020-09-02T06:50:35.663007736,18.377344,-83.167625
2020-09-02T06:50:35.688947677,18.440687,-83.00675
2020-09-02T06:50:35.833908081,19.530788,-78.4424
2020-09-02T06:50:35.853744506,19.530811,-78.42382
2020-09-02T06:50:35.865953445,19.530897,-78.44245
2020-09-02T06:50:35.877779006,19.530836,-78.44245
2020-09-02T06:50:35.893800735,19.530815,-78.44249
2020-09-02T06:50:35.895708084,19.530819,-78.4425
2020-09-02T06:50:35.903718948,19.530798,-78.44248
2020-09-02T06:50:35.907533645,19.530762,-78.44244
2020-09-02T06:50:35.911348342,19.530743,-78.44242
2020-09-02T06:50:35.953310012,19.523613,-78.434555
2020-09-02T06:50:35.957124710,19.530802,-78.442535
2020-09-02T06:50:35.959032058,19.53076,-78.428535
2020-09-02T06:50:36.436258316,18.325111,-83.306755
2020-09-02T06:50:36.096363067,18.259787,-83.3347
2020-09-02T06:50:36.145956039,18.364056,-83.23532
2020-09-02T06:50:36.147863388,18.319563,-83.26541
2020-09-02T06:50:36.434350967,18.284693,-83.270035
2020-09-02T06:50:36.438165664,18.227776,-83.36498
2020-09-02T06:50:36.595333099,18.322115,-83.26251
2020-09-02T06:50:36.597242355,18.283157,-83.32478
2020-09-02T06:50:36.601438522,18.284737,-83.270096
2020-09-02T06:50:36.490047454,19.4659,-78.7606
2020-09-02T06:50:36.491954803,19.451693,-78.74985
2020-09-02T06:50:36.585414886,19.45169,-78.749825
2020-09-02T06:50:36.587322235,19.475674,-78.75052
2020-09-02T06:50:36.607160568,19.478376,-78.75064
2020-09-02T06:50:36.609449386,19.451689,-78.749855
2020-09-02T06:50:36.611356735,19.469524,-78.76221
2020-09-02T06:50:36.617460250,19.451653,-78.74985
2020-09-02T06:50:36.619367599,19.4802,-78.75895
2020-09-02T06:50:36.621274948,19.489422,-78.750946
2020-09-02T06:50:36.623182296,19.501371,-78.75128
2020-09-02T06:50:36.625089645,19.451675,-78.74983
2020-09-02T06:50:36.682691574,19.531492,-78.75215
2020-09-02T06:50:36.684980392,19.492697,-78.751045
2020-09-02T06:50:36.704816818,19.531439,-78.752174
2020-09-02T06:50:36.706724166,19.488302,-78.754875
2020-09-02T06:50:36.708631515,19.451683,-78.74989
2020-09-02T06:50:36.710538864,19.480057,-78.75073
2020-09-02T06:50:36.712827682,19.478436,-78.76161
2020-09-02T06:50:36.714735031,19.45172,-78.7499
2020-09-02T06:50:36.742584228,19.4737,-78.77178
2020-09-02T06:50:36.744491577,19.470419,-78.76787
2020-09-02T06:50:36.768524169,19.482725,-78.75661
2020-09-02T06:50:36.786453247,19.474775,-78.75882
2020-09-02T06:50:36.788360595,19.484459,-78.750854
2020-09-02T06:50:36.790267944,19.4805,-78.76846
2020-09-02T06:50:36.802093505,19.49263,-78.75108
2020-09-02T06:50:36.821929931,19.531477,-78.75221
2020-09-02T06:50:36.845964431,19.465706,-78.76263
2020-09-02T06:50:36.847871780,19.451712,-78.749855
2020-09-02T06:50:36.881822586,19.475437,-78.76633
2020-09-02T06:50:36.883729934,19.451735,-78.78567
2020-09-02T06:50:36.887544631,19.47071,-78.76266
2020-09-02T06:50:36.891740798,19.451637,-78.74988
2020-09-02T06:50:36.907381057,19.48902,-78.751
2020-09-02T06:50:36.917299270,19.472343,-78.76853
2020-09-02T06:50:36.935228347,19.451605,-78.74998
2020-09-02T06:50:36.937517166,19.451618,-78.749985
2020-09-02T06:50:36.990924835,19.47104,-78.75047
2020-09-02T06:50:36.992832183,19.486824,-78.76051
2020-09-02T06:50:36.997028350,19.489702,-78.75319
2020-09-02T06:50:37.016864776,19.47831,-78.759224
2020-09-02T06:50:37.058444976,19.451637,-78.749916
2020-09-02T06:50:37.062641143,19.47328,-78.77195
2020-09-02T06:50:37.064548492,19.471706,-78.77846
2020-09-02T06:50:37.066455841,19.472065,-78.77843
2020-09-02T06:50:37.068744659,19.471941,-78.78316
2020-09-02T06:50:37.070652008,19.471956,-78.77864
2020-09-02T06:50:37.078662872,19.458485,-78.80132
2020-09-02T06:50:37.080570220,19.470047,-78.78656
2020-09-02T06:50:37.082477569,19.468025,-78.7865
2020-09-02T06:50:37.084384918,19.47364,-78.77574
2020-09-02T06:50:37.088581085,19.451822,-78.827286
2020-09-02T06:50:37.090488433,19.451761,-78.80296
2020-09-02T06:50:37.092397689,19.465515,-78.7936
2020-09-02T06:50:37.094305038,19.473589,-78.777435
2020-09-02T06:50:37.203786849,19.468786,-78.78558
2020-09-02T06:50:37.205694198,19.462872,-78.78892
2020-09-02T06:50:37.318992614,19.473503,-78.77714
2020-09-02T06:50:36.949342727,18.374184,-82.95174
2020-09-02T06:50:37.006946563,18.361319,-82.96365
2020-09-02T06:50:37.094305038,18.361315,-82.96367
2020-09-02T06:50:37.096212387,18.361328,-82.96366
2020-09-02T06:50:37.141988754,18.375525,-82.95322
2020-09-02T06:50:37.253379821,18.372576,-82.956604
2020-09-02T06:50:37.255287170,18.371328,-82.95556
2020-09-02T06:50:37.257575988,18.371675,-82.95171
2020-09-02T06:50:37.259483337,18.36135,-82.96375
2020-09-02T06:50:37.346841812,18.371159,-82.95599
2020-09-02T06:50:37.354852676,18.361315,-82.96381
2020-09-02T06:50:37.356760025,18.36132,-82.96381
2020-09-02T06:50:37.362863540,18.36132,-82.963806
2020-09-02T06:50:37.374689102,18.361286,-82.96381
2020-09-02T06:50:37.376596450,18.361288,-82.96384
2020-09-02T06:50:37.392618179,18.377813,-82.96475
2020-09-02T06:50:37.394525527,18.374554,-82.949905
2020-09-02T06:50:37.412454605,18.383436,-82.96501
2020-09-02T06:50:37.478069305,18.379967,-82.964836
2020-09-02T06:50:37.521938323,18.361254,-82.963745
2020-09-02T06:50:37.523845672,18.36127,-82.96375
2020-09-02T06:50:37.547496795,18.36129,-82.96383
2020-09-02T06:50:38.661024093,18.499847,-83.04035
2020-09-02T06:50:38.772415161,18.500616,-83.040825
2020-09-02T06:50:38.959720611,15.320164,-82.17033
2020-09-02T06:50:39.090948104,15.239441,-82.087204
2020-09-02T06:50:39.232093811,15.276312,-82.08242
2020-09-02T06:50:39.234001159,15.280169,-82.12125
2020-09-02T06:50:39.327463150,15.239437,-82.083786
2020-09-02T06:50:39.335474014,15.292043,-82.10248
2020-09-02T06:50:39.700923920,19.530813,-78.443
2020-09-02T06:50:39.734493733,19.530817,-78.44294
2020-09-02T06:50:39.748608113,19.530811,-78.44294
2020-09-02T06:50:39.776455880,19.530838,-78.442894
2020-09-02T06:50:39.788281918,19.530844,-78.44291
2020-09-02T06:50:39.790189267,19.530851,-78.44292
2020-09-02T06:50:39.804303647,19.530783,-78.442986
2020-09-02T06:50:39.808118344,19.530785,-78.442955
2020-09-02T06:50:39.829862595,19.53079,-78.44291
2020-09-02T06:50:39.853895665,19.530819,-78.44297
2020-09-02T06:50:39.871824742,19.530903,-78.44294
2020-09-02T06:50:39.887846947,19.507788,-78.44239
2020-09-02T06:50:39.911498547,19.509914,-78.44235
2020-09-02T06:50:39.933242322,19.51019,-78.44234
2020-09-02T06:50:39.955368042,19.507391,-78.44231
2020-09-02T06:50:40.014878273,19.530788,-78.44291
2020-09-02T06:50:40.020981788,19.490013,-78.45163
2020-09-02T06:50:40.046540737,19.504383,-78.442184
2020-09-02T06:50:40.076677322,19.530882,-78.44296
2020-09-02T06:50:40.096514225,19.530785,-78.442955
2020-09-02T06:50:40.136187553,19.53088,-78.44292
2020-09-02T06:50:40.175860881,19.530787,-78.4429
2020-09-02T06:50:40.308996200,19.509607,-78.44234
2020-09-02T06:50:40.311285018,19.53082,-78.442894
2020-09-02T06:50:40.313192367,19.530802,-78.44292
2020-09-02T06:50:40.325017929,19.504978,-78.442276
2020-09-02T06:50:40.331121444,19.450914,-78.44078
2020-09-02T06:50:40.333028793,19.50066,-78.44208
2020-09-02T06:50:40.334936141,19.530725,-78.442856
2020-09-02T06:50:40.424582958,19.530731,-78.44291
2020-09-02T06:50:40.426490306,19.475798,-78.43889
2020-09-02T06:50:40.458152770,19.476559,-78.44036
2020-09-02T06:50:40.460060119,19.502443,-78.442215
2020-09-02T06:50:40.469978809,19.485836,-78.42497
2020-09-02T06:50:40.472267627,19.530798,-78.44296
2020-09-02T06:50:40.535974025,19.47658,-78.441086
2020-09-02T06:50:40.537881374,19.490759,-78.44185
2020-09-02T06:50:40.567636489,19.482492,-78.44365
2020-09-02T06:50:40.615320682,19.482899,-78.4448
2020-09-02T06:50:40.625239372,19.478191,-78.450836
2020-09-02T06:50:40.627146720,19.479027,-78.44227
2020-09-02T06:50:40.629054069,19.480042,-78.44898
2020-09-02T06:50:40.631342887,19.502964,-78.44211
2020-09-02T06:50:39.543756009,18.367794,-82.976585
2020-09-02T06:50:39.545663357,18.393158,-83.00456
2020-09-02T06:50:39.545663357,18.009113,-82.8666
2020-09-02T06:50:39.615091801,18.362549,-83.119576
2020-09-02T06:50:39.617380620,18.3623,-83.08779
2020-09-02T06:50:39.619287968,18.362276,-83.08501
2020-09-02T06:50:39.621195317,18.374592,-83.07172
2020-09-02T06:50:39.835966111,18.328289,-83.08417
2020-09-02T06:50:39.839780808,18.360352,-83.09478
2020-09-02T06:50:39.842069626,18.365719,-83.08657
2020-09-02T06:50:39.843977452,18.34488,-83.07584
2020-09-02T06:50:39.961090088,18.36256,-83.11946
2020-09-02T06:50:39.962997437,18.340862,-83.14022
2020-09-02T06:50:39.965286255,18.346191,-83.13048
2020-09-02T06:50:39.967194081,18.346357,-83.1347
2020-09-02T06:50:39.969101429,18.358816,-83.14093
2020-09-02T06:50:39.971008778,18.362768,-83.14884
2020-09-02T06:50:39.973297596,18.331059,-83.10332
2020-09-02T06:50:39.975204945,18.316513,-83.11466
2020-09-02T06:50:39.983215809,18.362576,-83.11952
2020-09-02T06:50:39.996948720,18.362848,-83.14692
2020-09-02T06:50:39.998856545,18.362644,-83.11953
2020-09-02T06:50:40.000763893,18.362646,-83.11954
2020-09-02T06:50:40.003052711,18.362616,-83.11952
2020-09-02T06:50:40.004960060,18.362585,-83.11951
2020-09-02T06:50:40.006867408,18.362555,-83.11949
2020-09-02T06:50:40.011063575,18.362497,-83.11947
2020-09-02T06:50:40.084306716,18.362778,-83.15053
2020-09-02T06:50:40.088502883,18.362482,-83.11949
2020-09-02T06:50:40.131991386,18.298086,-83.111206
2020-09-02T06:50:40.134280204,18.326195,-83.135086
2020-09-02T06:50:40.354773044,18.30704,-83.14704
2020-09-02T06:50:40.356680393,18.2715,-83.13655
2020-09-02T06:50:40.358969211,18.307415,-83.157036
2020-09-02T06:50:40.460060119,18.239073,-83.14624
2020-09-02T06:50:40.780118465,18.26968,-83.166115
2020-09-02T06:50:40.782407283,18.314457,-83.16295
2020-09-02T06:50:40.784314632,18.26793,-83.14652
2020-09-02T06:50:40.782407283,17.99667,-83.00638
2020-09-02T06:50:40.786221981,18.286943,-83.15167
2020-09-02T06:50:42.140079021,19.452044,-78.88172
2020-09-02T06:50:42.172122955,19.452005,-78.870804
2020-09-02T06:50:42.249562263,19.463303,-78.869644
2020-09-02T06:50:42.277410030,19.462822,-78.87274
2020-09-02T06:50:42.279317378,19.452057,-78.90465
2020-09-02T06:50:42.299154281,19.469757,-78.86404
2020-09-02T06:50:42.323187351,19.451956,-78.87287
2020-09-02T06:50:42.344931125,19.451973,-78.87588
2020-09-02T06:50:42.368582725,19.46506,-78.8691
2020-09-02T06:50:42.380790233,19.452097,-78.90474
2020-09-02T06:50:43.466088294,19.531986,-78.787834
2020-09-02T06:50:43.467995643,19.531961,-78.78612
2020-09-02T06:50:43.484017372,19.532066,-78.78562
2020-09-02T06:50:43.509958267,19.532066,-78.78271
2020-09-02T06:50:43.591593742,19.532074,-78.78637
2020-09-02T06:50:43.613337516,19.531963,-78.75217
2020-09-02T06:50:43.651103973,19.532097,-78.78714
2020-09-02T06:50:43.690776824,19.532072,-78.78517
2020-09-02T06:50:43.720532417,19.532114,-78.77847
2020-09-02T06:50:43.722821235,19.53212,-78.78393
2020-09-02T06:50:43.909362792,19.532166,-78.77815
2020-09-02T06:50:43.911651611,19.5321,-78.75214
2020-09-02T06:50:43.927291870,19.531357,-78.424034
2020-09-02T06:50:43.959336280,19.53134,-78.42331
2020-09-02T06:50:43.982987403,19.53146,-78.42063
2020-09-02T06:50:43.997101783,19.531433,-78.42224
2020-09-02T06:50:44.010835647,19.531439,-78.4425
2020-09-02T06:50:44.022661209,19.531477,-78.44254
2020-09-02T06:50:44.038682937,19.53146,-78.425446
2020-09-02T06:50:44.042879104,19.531477,-78.44246
2020-09-02T06:50:44.058519363,19.531454,-78.44246
2020-09-02T06:50:44.066531181,19.531456,-78.42951
2020-09-02T06:50:44.084460258,19.531443,-78.44247
2020-09-02T06:50:44.094378471,19.53145,-78.44246
2020-09-02T06:50:44.120318412,19.5315,-78.442505
2020-09-02T06:50:44.134052276,19.531504,-78.44242
2020-09-02T06:50:44.140155792,19.531519,-78.442505
2020-09-02T06:50:44.159992218,19.531477,-78.42666
2020-09-02T06:50:44.169910430,19.531498,-78.44242
2020-09-02T06:50:44.184024810,19.531519,-78.44249
2020-09-02T06:50:44.201954841,19.531494,-78.42931
2020-09-02T06:50:44.215687751,19.53152,-78.44242
2020-09-02T06:50:44.261465072,19.531555,-78.43026
2020-09-02T06:50:47.283132553,19.489964,-78.438896
2020-09-02T06:50:47.303351402,19.490604,-78.44096
2020-09-02T06:50:47.305258750,19.532326,-78.44222
2020-09-02T06:50:47.333106040,19.487993,-78.44029
2020-09-02T06:50:47.343024253,19.509071,-78.44156
2020-09-02T06:50:47.344931602,19.507088,-78.42932
2020-09-02T06:50:47.360954284,19.532295,-78.44224
2020-09-02T06:50:47.408638954,19.501158,-78.44136
2020-09-02T06:50:47.422371864,19.505358,-78.44144
2020-09-02T06:50:47.446404457,19.53232,-78.44215
2020-09-02T06:50:47.752347946,19.465294,-78.80433
2020-09-02T06:50:47.754636764,19.453186,-78.79624
2020-09-02T06:50:47.796217918,19.453266,-78.808014
2020-09-02T06:50:47.798125267,19.461166,-78.81088
2020-09-02T06:50:47.800032615,19.453297,-78.82696
2020-09-02T06:50:47.853820800,19.453112,-78.749405
2020-09-02T06:50:47.869842529,19.453249,-78.8268
2020-09-02T06:50:47.871749877,19.453255,-78.82679
2020-09-02T06:50:47.873657226,19.453257,-78.826775
2020-09-02T06:50:47.875564575,19.453259,-78.82676
2020-09-02T06:50:47.897689819,19.453167,-78.775215
2020-09-02T06:50:47.915619850,19.453028,-78.7494
2020-09-02T06:50:47.923630714,19.453087,-78.76723
2020-09-02T06:50:47.925538063,19.453094,-78.76976
2020-09-02T06:50:47.931260108,19.453142,-78.78705
2020-09-02T06:50:47.957200050,19.453175,-78.76604
2020-09-02T06:50:47.959107398,19.453205,-78.774376
2020-09-02T06:50:47.961396217,19.453203,-78.77068
2020-09-02T06:50:47.963303565,19.46344,-78.769135
2020-09-02T06:50:47.965211868,19.45314,-78.74928
2020-09-02T06:50:47.967119216,19.453136,-78.74928
2020-09-02T06:50:47.971315383,19.453127,-78.7493
2020-09-02T06:50:47.983140945,19.453146,-78.77451
2020-09-02T06:50:47.985048294,19.453075,-78.74936
2020-09-02T06:50:47.986955642,19.461437,-78.76325
2020-09-02T06:50:47.989244461,19.453098,-78.76549
2020-09-02T06:50:47.991151809,19.453056,-78.74932
2020-09-02T06:50:48.048754692,19.463524,-78.80704
2020-09-02T06:50:48.052569389,19.46489,-78.80785
2020-09-02T06:50:48.064776420,19.453316,-78.807785
2020-09-02T06:50:48.110172271,19.462778,-78.81159
2020-09-02T06:50:48.112461090,19.453295,-78.826744
2020-09-02T06:50:48.165867805,19.461254,-78.765366
2020-09-02T06:50:48.168156623,19.474165,-78.771706
2020-09-02T06:50:48.191807746,19.463484,-78.76858
2020-09-02T06:50:48.213552474,19.45331,-78.814766
2020-09-02T06:50:48.215841293,19.453257,-78.79575
2020-09-02T06:50:48.231481552,19.453262,-78.812965
2020-09-02T06:50:48.235677719,19.458954,-78.81066
2020-09-02T06:50:48.239492416,19.457691,-78.81764
2020-09-02T06:50:48.241399765,19.453335,-78.81389
2020-09-02T06:50:48.243688583,19.453306,-78.81066
2020-09-02T06:50:48.245595932,19.45328,-78.80764
2020-09-02T06:50:48.261236190,19.453289,-78.81696
2020-09-02T06:50:48.263525009,19.462593,-78.806755
2020-09-02T06:50:48.303198814,19.45787,-78.81501
2020-09-02T06:50:48.305106163,19.453323,-78.81468
2020-09-02T06:50:48.307013511,19.456285,-78.81759
2020-09-02T06:50:48.309302330,19.456835,-78.8161
2020-09-02T06:50:48.311209678,19.451609,-78.81325
2020-09-02T06:50:48.313117027,19.453306,-78.82664
2020-09-02T06:50:48.364616394,19.45817,-78.81315
2020-09-02T06:50:48.366905212,19.436575,-78.80071
2020-09-02T06:50:48.368812561,19.453419,-78.82651
2020-09-02T06:50:48.370719909,19.453382,-78.81348
2020-09-02T06:50:48.372627258,19.44984,-78.81596
2020-09-02T06:50:48.374916076,19.4534,-78.82655
2020-09-02T06:50:48.376823425,19.453394,-78.82657
2020-09-02T06:50:48.434426307,19.453318,-78.787865
2020-09-02T06:50:48.436333656,19.453363,-78.81219
2020-09-02T06:50:48.438241004,19.449955,-78.811775
2020-09-02T06:50:48.488214492,19.45392,-78.81309
2020-09-02T06:50:48.490121841,19.40653,-78.80724
2020-09-02T06:50:49.742506027,18.552494,-82.58068
2020-09-02T06:50:49.754331588,18.597523,-82.58741
2020-09-02T06:50:49.756620407,18.57718,-82.58627
2020-09-02T06:50:49.758527755,18.565437,-82.58308
2020-09-02T06:50:49.760436058,18.577528,-82.586266
2020-09-02T06:50:49.782179832,18.597525,-82.58742
2020-09-02T06:50:49.816130638,18.59757,-82.58739
2020-09-02T06:50:49.885560035,18.59059,-82.58702
2020-09-02T06:50:49.887467384,18.585093,-82.583626
2020-09-02T06:50:49.889756202,18.597393,-82.587364
2020-09-02T06:50:49.962999343,18.587814,-82.586815
2020-09-02T06:50:49.965288162,18.58328,-82.590965
2020-09-02T06:50:49.967195510,18.597462,-82.587364
2020-09-02T06:50:50.034716606,18.597486,-82.58733
2020-09-02T06:50:50.036623954,18.573082,-82.589386
2020-09-02T06:50:50.038912773,18.597494,-82.587326
2020-09-02T06:50:50.040820121,18.585577,-82.58666
2020-09-02T06:50:50.042727470,18.58697,-82.585304
2020-09-02T06:50:50.044634819,18.585289,-82.58666
2020-09-02T06:50:50.046542167,18.597456,-82.58734
2020-09-02T06:50:50.249486923,18.597507,-82.587296
2020-09-02T06:50:50.251394271,18.597506,-82.58729
2020-09-02T06:50:50.255591392,18.597502,-82.5873
2020-09-02T06:50:50.257498741,18.5975,-82.5873
2020-09-02T06:50:50.259406089,18.581635,-82.58562
2020-09-02T06:50:50.261313438,18.588099,-82.5868
2020-09-02T06:50:50.263220787,18.587458,-82.58678
2020-09-02T06:50:50.265509605,18.58761,-82.5868
2020-09-02T06:50:50.267416954,18.588257,-82.58685
2020-09-02T06:50:50.269324302,18.5879,-82.586845
2020-09-02T06:50:50.271231651,18.592257,-82.58559
2020-09-02T06:50:50.273138999,18.59752,-82.58738
2020-09-02T06:50:50.275427818,18.59751,-82.58737
2020-09-02T06:50:50.277335166,18.58942,-82.58693
2020-09-02T06:50:50.279242515,18.597488,-82.587364
2020-09-02T06:50:50.281149864,18.597475,-82.58736
2020-09-02T06:50:50.283438682,18.597456,-82.58734
2020-09-02T06:50:50.285346031,18.597437,-82.58732
2020-09-02T06:50:50.287253379,18.597416,-82.5873
2020-09-02T06:50:50.289160728,18.597397,-82.58729
2020-09-02T06:50:50.291068077,18.59739,-82.58727
2020-09-02T06:50:50.293356895,18.597412,-82.58728
2020-09-02T06:50:50.295264244,18.597435,-82.58729
2020-09-02T06:50:50.297171592,18.597456,-82.587296
2020-09-02T06:50:50.299078941,18.597479,-82.587296
2020-09-02T06:50:50.300986289,18.597492,-82.5873
2020-09-02T06:50:50.303275108,18.597486,-82.587296
2020-09-02T06:50:50.305182456,18.59748,-82.587296
2020-09-02T06:50:50.307089805,18.597473,-82.58729
2020-09-02T06:50:50.561533927,18.553383,-82.580414
2020-09-02T06:50:50.563442230,18.597494,-82.58723
2020-09-02T06:50:50.577556610,18.57334,-82.58621
2020-09-02T06:50:50.782408714,19.532446,-78.44142
2020-09-02T06:50:50.784316062,19.532457,-78.44144
2020-09-02T06:50:50.810256004,19.53239,-78.441376
2020-09-02T06:50:50.953310012,19.532455,-78.44143
2020-09-02T06:50:50.975053787,19.532406,-78.44141
2020-09-02T06:50:51.126117706,19.498306,-78.44081
2020-09-02T06:50:51.140232086,19.513,-78.44079
2020-09-02T06:50:51.142139434,19.532452,-78.4413
2020-09-02T06:50:51.145954132,19.532423,-78.44131
2020-09-02T06:50:51.120777130,14.957864,-77.906555
2020-09-02T06:50:51.124973297,14.957461,-77.90126
2020-09-02T06:50:51.126880645,14.966415,-77.88411
2020-09-02T06:50:51.128787994,14.966836,-77.893234
2020-09-02T06:50:51.136798858,14.947078,-77.8926
2020-09-02T06:50:51.138706207,14.949302,-77.88374
2020-09-02T06:50:51.144809722,14.922776,-77.88326
2020-09-02T06:50:51.146717071,14.941609,-77.8937
2020-09-02T06:50:51.160451889,14.922788,-77.88331
2020-09-02T06:50:51.162740707,14.934862,-77.89626
2020-09-02T06:50:51.164648056,14.9227915,-77.88333
2020-09-02T06:50:51.271841049,14.956509,-77.88394
2020-09-02T06:50:51.274129867,14.938795,-77.8956
2020-09-02T06:50:53.770507812,19.479998,-78.44805
2020-09-02T06:50:53.772415161,19.495115,-78.44075
2020-09-02T06:50:53.810180664,19.485558,-78.43909
2020-09-02T06:50:53.826202392,19.49824,-78.440895
2020-09-02T06:50:53.839935302,19.498777,-78.44088
2020-09-02T06:50:53.854049682,19.53178,-78.44181
2020-09-02T06:50:53.859771728,19.500698,-78.44101
2020-09-02T06:50:53.867782592,19.49964,-78.44102
2020-09-02T06:50:53.889528274,19.499857,-78.44107
2020-09-02T06:50:53.943315505,19.50049,-78.429276
2020-09-02T06:50:54.132146835,19.49957,-78.441025
2020-09-02T06:50:54.134054183,19.478655,-78.43651
2020-09-02T06:50:54.136343002,19.483606,-78.43107
2020-09-02T06:50:54.142065048,19.49717,-78.44099
2020-09-02T06:50:54.177923202,19.482187,-78.429886
2020-09-02T06:50:54.187841415,19.485954,-78.42776
2020-09-02T06:50:54.201955795,19.451853,-78.439674
2020-09-02T06:50:54.231710433,19.486177,-78.42745
2020-09-02T06:50:54.241628646,19.496223,-78.44098
2020-09-02T06:50:54.267570495,19.503979,-78.42443
2020-09-02T06:50:54.315254211,19.499952,-78.44109
2020-09-02T06:50:54.279396057,19.532492,-78.801056
2020-09-02T06:50:54.345008850,19.532486,-78.79884
2020-09-02T06:50:54.372858047,19.532515,-78.804214
2020-09-02T06:50:54.374765396,19.532578,-78.829056
2020-09-02T06:50:54.386590957,19.532549,-78.829
2020-09-02T06:50:54.412530899,19.53241,-78.79957
2020-09-02T06:50:54.480051040,19.532467,-78.804565
2020-09-02T06:50:54.501796722,19.532595,-78.82904
2020-09-02T06:50:54.635313034,19.532518,-78.802505
2020-09-02T06:50:54.668882369,19.532454,-78.797226
2020-09-02T06:50:54.953081130,19.532406,-78.82908
2020-09-02T06:50:54.955369949,19.509808,-78.8472
2020-09-02T06:50:54.965288162,19.532457,-78.82904
2020-09-02T06:50:54.980928421,19.532476,-78.829025
2020-09-02T06:50:54.991230010,19.532438,-78.82903
2020-09-02T06:50:54.998859405,19.505156,-78.82823
2020-09-02T06:50:55.024799346,19.49428,-78.809364
2020-09-02T06:50:55.026706695,19.532436,-78.82909
2020-09-02T06:50:55.122076034,19.47768,-78.80281
2020-09-02T06:50:55.124364852,19.49043,-78.81503
2020-09-02T06:50:55.173955917,19.499504,-78.844376
2020-09-02T06:50:55.175863265,19.491547,-78.80258
2020-09-02T06:50:55.180059432,19.452675,-78.82674
2020-09-02T06:50:55.181966781,19.48763,-78.80905
2020-09-02T06:50:55.307090759,19.484606,-78.8231
2020-09-02T06:50:55.326927185,19.490175,-78.81653
2020-09-02T06:50:55.328834533,19.501139,-78.82812
2020-09-02T06:50:55.414667129,19.485699,-78.848
2020-09-02T06:50:55.416574478,19.494728,-78.79666
2020-09-02T06:50:55.444421768,19.484818,-78.81962
2020-09-02T06:50:55.450143814,19.53243,-78.8291
2020-09-02T06:50:55.484096527,19.48788,-78.85099
2020-09-02T06:50:55.615324020,19.45283,-78.90422
2020-09-02T06:50:55.617231369,19.478275,-78.88036
2020-09-02T06:50:55.621427536,19.452856,-78.904236
2020-09-02T06:50:55.637067794,19.532433,-78.8291
2020-09-02T06:50:55.638975143,19.532404,-78.8291
2020-09-02T06:50:55.641263961,19.499296,-78.86029
2020-09-02T06:50:55.643171310,19.53239,-78.82911
2020-09-02T06:50:55.666822433,19.495382,-78.88784
2020-09-02T06:50:55.669111251,19.490358,-78.8805
2020-09-02T06:50:55.672925949,19.490347,-78.876785
2020-09-02T06:50:55.674833297,19.478449,-78.888306
2020-09-02T06:50:55.677122116,19.477415,-78.894775
2020-09-02T06:50:55.679029464,19.466476,-78.89748
2020-09-02T06:50:55.680936813,19.472498,-78.889885
2020-09-02T06:50:55.682844161,19.45285,-78.90408
2020-09-02T06:50:55.684751510,19.46786,-78.89591
2020-09-02T06:50:55.687040328,19.473326,-78.89151
2020-09-02T06:50:55.688947677,19.452917,-78.90407
2020-09-02T06:50:55.690855026,19.452938,-78.90407
2020-09-02T06:50:55.692762374,19.452936,-78.90409
2020-09-02T06:50:55.694669723,19.452934,-78.90411
2020-09-02T06:50:55.702680587,19.452911,-78.90418
2020-09-02T06:50:55.704587936,19.458742,-78.9003
2020-09-02T06:50:55.706876754,19.467112,-78.89755
2020-09-02T06:50:55.708784103,19.45286,-78.90417
2020-09-02T06:50:55.724805831,19.452814,-78.90417
2020-09-02T06:50:55.726713180,19.452816,-78.90416
2020-09-02T06:50:55.730529785,19.452818,-78.90415
2020-09-02T06:50:55.732437133,19.452816,-78.90416
2020-09-02T06:50:55.734725952,19.452814,-78.90416
2020-09-02T06:50:55.736633300,19.45281,-78.90417
2020-09-02T06:50:55.762573242,19.452866,-78.9042
2020-09-02T06:50:55.841918945,19.452892,-78.9357
2020-09-02T06:50:55.947206497,19.476137,-78.88277
2020-09-02T06:50:55.939195632,19.531542,-78.403206
2020-09-02T06:50:56.072711944,19.531473,-78.40105
2020-09-02T06:50:57.981235504,19.510574,-78.44154
2020-09-02T06:50:57.994968414,19.508606,-78.441414
2020-09-02T06:50:58.006793975,19.493587,-78.44847
2020-09-02T06:50:58.016712188,19.531809,-78.44207
2020-09-02T06:50:58.038837432,19.531797,-78.44201
2020-09-02T06:50:58.054859161,19.53185,-78.44201
2020-09-02T06:50:58.068592071,19.53177,-78.44202
2020-09-02T06:50:58.122381210,19.50741,-78.44139
2020-09-02T06:50:58.155950546,19.505468,-78.44136
2020-09-02T06:50:58.183797836,19.490059,-78.447975
2020-09-02T06:50:58.203634262,19.50539,-78.44135
2020-09-02T06:50:57.991153717,18.362267,-82.96309
2020-09-02T06:50:57.993061065,18.379873,-82.96412
2020-09-02T06:50:57.994968414,18.381943,-82.96426
2020-09-02T06:50:57.996875762,18.382551,-82.96431
2020-09-02T06:50:58.024723052,18.37724,-82.964035
2020-09-02T06:50:58.026630401,18.37928,-82.95653
2020-09-02T06:50:58.028919219,18.379436,-82.957405
2020-09-02T06:50:58.060581207,18.382711,-82.964264
2020-09-02T06:50:58.104452133,18.362328,-82.96314
2020-09-02T06:50:58.110174179,18.38092,-82.95736
2020-09-02T06:50:58.163961410,18.362368,-82.96315
2020-09-02T06:50:58.165868759,18.362366,-82.96314
2020-09-02T06:50:58.209739685,18.362354,-82.96317
2020-09-02T06:50:58.217750549,18.383823,-82.96443
2020-09-02T06:50:58.293281555,18.36243,-82.96322
2020-09-02T06:50:58.299003601,18.362436,-82.963196
2020-09-02T06:50:58.305107116,18.362371,-82.96319
2020-09-02T06:50:58.307014465,18.387873,-82.96465
2020-09-02T06:50:58.398569107,18.379574,-82.96418
2020-09-02T06:50:58.400476455,18.38697,-82.953156
2020-09-02T06:50:59.233619689,19.532032,-78.44206
2020-09-02T06:50:59.247352600,19.532007,-78.44201
2020-09-02T06:51:01.690700531,19.53178,-78.44187
2020-09-02T06:51:01.750592231,19.50035,-78.4411
2020-09-02T06:51:01.792173385,19.503721,-78.44115
2020-09-02T06:51:01.837950229,19.498253,-78.44101
2020-09-02T06:51:01.921493530,19.531864,-78.4419
2020-09-02T06:51:01.923400878,19.511152,-78.44134
2020-09-02T06:51:01.995118141,19.531786,-78.44189
2020-09-02T06:51:01.997025489,19.498835,-78.44101
2020-09-02T06:51:01.998932838,19.495197,-78.44091
2020-09-02T06:51:02.000840187,19.480148,-78.442696
2020-09-02T06:51:02.003129005,19.49568,-78.44092
2020-09-02T06:51:02.060731887,19.473518,-78.44702
2020-09-02T06:51:02.062639236,19.50371,-78.42395
2020-09-02T06:51:02.112231254,19.477024,-78.441086
2020-09-02T06:51:02.158008098,19.513426,-78.44137
2020-09-02T06:51:02.175937652,19.53184,-78.44183
2020-09-02T06:51:02.177845001,19.531826,-78.441826
2020-09-02T06:51:02.190052032,19.531738,-78.44192
2020-09-02T06:51:02.201878070,19.496613,-78.44085
2020-09-02T06:51:02.237736701,19.531761,-78.44186
2020-09-02T06:51:02.239644050,19.53176,-78.44186
2020-09-02T06:51:02.607386589,19.532612,-78.828835
2020-09-02T06:51:02.615397453,19.532604,-78.828865
2020-09-02T06:51:02.686733245,19.5325,-78.82884
2020-09-02T06:51:02.698940753,19.532518,-78.82884
2020-09-02T06:51:02.840086460,19.52148,-78.83911
2020-09-02T06:51:02.843901634,19.532436,-78.82883
2020-09-02T06:51:02.851912498,19.532473,-78.828896
2020-09-02T06:51:02.881667613,19.532303,-78.82895
2020-09-02T06:51:02.937363147,19.532461,-78.82889
2020-09-02T06:51:02.943466663,19.532444,-78.8289
2020-09-02T06:51:03.585490226,19.113203,-82.857216
2020-09-02T06:51:03.648815155,19.12661,-82.86055
2020-09-02T06:51:03.678951263,19.12926,-82.85831
2020-09-02T06:51:03.682765960,19.153706,-82.77504
2020-09-02T06:51:03.682765960,18.995693,-82.921875
2020-09-02T06:51:03.758298873,19.103775,-82.87995
2020-09-02T06:51:03.760206222,19.101583,-82.87801
2020-09-02T06:51:03.786146163,19.101059,-82.86819
2020-09-02T06:51:03.788053512,19.09145,-82.889565
2020-09-02T06:51:03.470284461,19.611813,-78.67628
2020-09-02T06:51:03.472191810,19.596424,-78.67586
2020-09-02T06:51:03.474099159,19.598429,-78.675934
2020-09-02T06:51:03.476006507,19.599262,-78.67599
2020-09-02T06:51:03.478295326,19.596815,-78.672005
2020-09-02T06:51:03.480202674,19.59768,-78.67557
2020-09-02T06:51:03.482110023,19.600063,-78.67604
2020-09-02T06:51:03.484017372,19.611849,-78.676346
2020-09-02T06:51:03.563745498,19.53208,-78.751434
2020-09-02T06:51:03.654918670,19.532001,-78.72372
2020-09-02T06:51:03.855956077,19.552692,-78.69398
2020-09-02T06:51:03.931488037,19.548815,-78.69895
2020-09-02T06:51:03.953232765,19.553555,-78.6864
2020-09-02T06:51:05.311285972,19.500795,-78.4411
2020-09-02T06:51:05.333029747,19.531086,-78.44195
2020-09-02T06:51:05.382621765,19.489851,-78.44788
2020-09-02T06:51:05.406654357,19.494526,-78.447464
2020-09-02T06:51:05.420387268,19.505423,-78.441315
2020-09-02T06:51:05.436409950,19.531097,-78.441986
2020-09-02T06:51:05.438317298,19.531078,-78.442
2020-09-02T06:51:05.502023696,19.531073,-78.441956
2020-09-02T06:51:05.585566520,19.506292,-78.44136
2020-09-02T06:51:05.279241561,19.452118,-78.82666
2020-09-02T06:51:05.281148910,19.474203,-78.837105
2020-09-02T06:51:05.283437728,19.452122,-78.82667
2020-09-02T06:51:05.315100669,19.452152,-78.82663
2020-09-02T06:51:05.358969688,19.452124,-78.82671
2020-09-02T06:51:05.382621765,19.452164,-78.82669
2020-09-02T06:51:05.384529113,19.452148,-78.82669
2020-09-02T06:51:05.410469055,19.461758,-78.81726
2020-09-02T06:51:05.412376403,19.464285,-78.8203
2020-09-02T06:51:05.414665222,19.466036,-78.8152
2020-09-02T06:51:05.460061073,19.46622,-78.82626
2020-09-02T06:51:05.462349891,19.452185,-78.82666
2020-09-02T06:51:05.470360755,19.452139,-78.826706
2020-09-02T06:51:05.571452140,19.48153,-78.84579
2020-09-02T06:51:05.573740959,19.477446,-78.8491
2020-09-02T06:51:05.617229461,19.465338,-78.823654
2020-09-02T06:51:05.619136810,19.466394,-78.82945
2020-09-02T06:51:05.621425628,19.452063,-78.8267
2020-09-02T06:51:05.633251190,19.47452,-78.84347
2020-09-02T06:51:05.645076751,19.467743,-78.81902
2020-09-02T06:51:05.646984100,19.463213,-78.81686
2020-09-02T06:51:05.649272918,19.452045,-78.79962
2020-09-02T06:51:05.651180267,19.463892,-78.812675
2020-09-02T06:51:05.653087615,19.452114,-78.82667
2020-09-02T06:51:05.656902313,19.452122,-78.826706
2020-09-02T06:51:05.752653121,19.491447,-78.827896
2020-09-02T06:51:05.754560470,19.461002,-78.8184
2020-09-02T06:51:05.756467819,19.461214,-78.8132
2020-09-02T06:51:05.758375167,19.452099,-78.81042
2020-09-02T06:51:05.760282516,19.467676,-78.82721
2020-09-02T06:51:05.762571334,19.452143,-78.82675
2020-09-02T06:51:05.770582199,19.45209,-78.82678
2020-09-02T06:51:05.802245140,19.452118,-78.826805
2020-09-02T06:51:05.804152488,19.452133,-78.82679
2020-09-02T06:51:05.806059837,19.463175,-78.839226
2020-09-02T06:51:05.831999778,19.47898,-78.827515
2020-09-02T06:51:05.833907127,19.461985,-78.82598
2020-09-02T06:51:05.873580932,19.466253,-78.828606
2020-09-02T06:51:05.875869750,19.452072,-78.79854
2020-09-02T06:51:05.895706176,19.475454,-78.82755
2020-09-02T06:51:05.897613525,19.463615,-78.82045
2020-09-02T06:51:05.923554420,19.466217,-78.827255
2020-09-02T06:51:05.925461769,19.452011,-78.80634
2020-09-02T06:51:05.951401710,19.461477,-78.8271
2020-09-02T06:51:05.953309059,19.4522,-78.82684
2020-09-02T06:51:05.959412574,19.452147,-78.82689
2020-09-02T06:51:05.994890213,19.452099,-78.826836
2020-09-02T06:51:05.997179031,19.452093,-78.82686
2020-09-02T06:51:05.999086380,19.460289,-78.82675
2020-09-02T06:51:06.000993728,19.456825,-78.8248
2020-09-02T06:51:06.002901077,19.461143,-78.824425
2020-09-02T06:51:06.004808425,19.462234,-78.818375
2020-09-02T06:51:06.007097244,19.452105,-78.82693
2020-09-02T06:51:06.034944534,19.461805,-78.828156
2020-09-02T06:51:06.036851882,19.45211,-78.82687
2020-09-02T06:51:06.040666580,19.458447,-78.825645
2020-09-02T06:51:06.042573928,19.445036,-78.8082
2020-09-02T06:51:06.044862747,19.458548,-78.82083
2020-09-02T06:51:06.046771049,19.455677,-78.818504
2020-09-02T06:51:06.048678398,19.452036,-78.82682
2020-09-02T06:51:06.050585746,19.452015,-78.826805
2020-09-02T06:51:06.070422172,19.452047,-78.82693
2020-09-02T06:51:06.072710990,19.452059,-78.82691
2020-09-02T06:51:06.074618339,19.4288,-78.80685
2020-09-02T06:51:06.076525688,19.428196,-78.81136
2020-09-02T06:51:06.078433036,19.429655,-78.8113
2020-09-02T06:51:06.080721855,19.454412,-78.81904
2020-09-02T06:51:06.082629203,19.452112,-78.82687
2020-09-02T06:51:06.205845832,19.461508,-78.82575
2020-09-02T06:51:06.207753181,19.444073,-78.81188
2020-09-02T06:51:06.277181625,19.452127,-78.82696
2020-09-02T06:51:06.279470443,19.446444,-78.818115
2020-09-02T06:51:06.376747131,19.413275,-78.75221
2020-09-02T06:51:06.378654479,19.452122,-78.82703
2020-09-02T06:51:06.380561828,19.452099,-78.82002
2020-09-02T06:51:07.708859443,19.51444,-78.4418
2020-09-02T06:51:07.782485008,19.514278,-78.43756
2020-09-02T06:51:07.786299705,19.530937,-78.442345
2020-09-02T06:51:07.810332298,19.530941,-78.44242
2020-09-02T06:51:07.833983421,19.530937,-78.44243
2020-09-02T06:51:07.919434547,19.530874,-78.4425
2020-09-02T06:51:08.376823425,18.361448,-82.96366
2020-09-02T06:51:08.416497230,18.36128,-82.94796
2020-09-02T06:51:08.418404579,18.361406,-82.963615
2020-09-02T06:51:08.500040054,18.361176,-82.945
2020-09-02T06:51:08.577479362,18.361315,-82.96361
2020-09-02T06:51:08.641185760,18.361265,-82.96358
2020-09-02T06:51:08.645000457,18.361195,-82.952034
2020-09-02T06:51:08.647290229,18.368734,-82.951195
2020-09-02T06:51:08.649197578,18.361296,-82.96372
2020-09-02T06:51:08.742658615,18.366432,-82.95126
2020-09-02T06:51:08.744565963,18.36295,-82.94433
2020-09-02T06:51:08.752576828,18.36865,-82.95132
2020-09-02T06:51:08.754484176,18.361254,-82.955635
2020-09-02T06:51:08.756391525,18.369831,-82.95754
2020-09-02T06:51:08.758298873,18.37102,-82.95711
2020-09-02T06:51:08.760587692,18.369152,-82.957535
2020-09-02T06:51:08.762495040,18.361317,-82.96361
2020-09-02T06:51:08.805983543,18.371197,-82.964226
2020-09-02T06:51:08.869689941,18.369041,-82.95643
2020-09-02T06:51:08.871597290,18.361479,-82.96363
2020-09-02T06:51:08.909363746,18.361494,-82.9636
2020-09-02T06:51:08.911652565,18.3615,-82.96361
2020-09-02T06:51:10.708784103,19.53134,-78.4426
2020-09-02T06:51:10.710691452,19.531328,-78.44257
2020-09-02T06:51:11.118106842,18.382608,-83.267235
2020-09-02T06:51:11.211568832,18.375887,-83.25917
2020-09-02T06:51:11.345085144,18.374437,-83.255356
2020-09-02T06:51:11.845962524,19.518652,-78.82067
2020-09-02T06:51:11.847869873,19.507895,-78.7951
2020-09-02T06:51:11.855880737,19.532484,-78.79669
2020-09-02T06:51:11.857788085,19.516163,-78.794556
2020-09-02T06:51:11.859695434,19.510712,-78.792854
2020-09-02T06:51:11.863891601,19.532465,-78.75197
2020-09-02T06:51:11.885635375,19.53252,-78.79717
2020-09-02T06:51:11.939424514,19.532425,-78.75203
2020-09-02T06:51:11.941331863,19.521194,-78.77917
2020-09-02T06:51:11.943239212,19.520895,-78.78105
2020-09-02T06:51:11.945528030,19.521532,-78.77142
2020-09-02T06:51:11.947435379,19.532455,-78.77347
2020-09-02T06:51:11.957353591,19.524265,-78.75914
2020-09-02T06:51:11.959260940,19.511469,-78.77734
2020-09-02T06:51:11.961168289,19.532433,-78.752
2020-09-02T06:51:11.963075637,19.532415,-78.75201
2020-09-02T06:51:11.983293533,19.51788,-78.75157
2020-09-02T06:51:11.985200881,19.517824,-78.76363
2020-09-02T06:51:11.987108230,19.53251,-78.782875
2020-09-02T06:51:11.995119094,19.53241,-78.75197
2020-09-02T06:51:12.010759353,19.51834,-78.84508
2020-09-02T06:51:12.013048171,19.532658,-78.82939
2020-09-02T06:51:12.054630279,19.532457,-78.75198
2020-09-02T06:51:12.060733795,19.532442,-78.75196
2020-09-02T06:51:12.062641143,19.511595,-78.77995
2020-09-02T06:51:12.080570220,19.532633,-78.829445
2020-09-02T06:51:12.191961288,19.491413,-78.44116
2020-09-02T06:51:12.195775985,19.451952,-78.44009
2020-09-02T06:51:12.221715927,19.49066,-78.44121
2020-09-02T06:51:12.227819442,19.488356,-78.44113
2020-09-02T06:51:12.229726791,19.451948,-78.44016
2020-09-02T06:51:12.231634140,19.47431,-78.44308
2020-09-02T06:51:12.279319763,19.480051,-78.437325
2020-09-02T06:51:12.281227111,19.475481,-78.44163
2020-09-02T06:51:12.283515930,19.488178,-78.44118
2020-09-02T06:51:12.331199645,19.478712,-78.440956
2020-09-02T06:51:12.333106994,19.531696,-78.44243
2020-09-02T06:51:12.364768981,19.479153,-78.442535
2020-09-02T06:51:12.366676330,19.48139,-78.425255
2020-09-02T06:51:12.420465469,19.474401,-78.44382
2020-09-02T06:51:12.444498062,19.474789,-78.437996
2020-09-02T06:51:12.450220108,19.489693,-78.44123
2020-09-02T06:51:12.472345352,19.476284,-78.43726
2020-09-02T06:51:12.492181777,19.474749,-78.437805
2020-09-02T06:51:12.494089126,19.45198,-78.440186
2020-09-02T06:51:12.510110855,19.490923,-78.44119
2020-09-02T06:51:12.539867401,19.471361,-78.45023
2020-09-02T06:51:12.541774749,19.451958,-78.44019
2020-09-02T06:51:12.543682098,19.475359,-78.437584
2020-09-02T06:51:12.545589447,19.469074,-78.4386
2020-09-02T06:51:12.597469329,19.466879,-78.4388
2020-09-02T06:51:12.609294891,19.474995,-78.437614
2020-09-02T06:51:12.611202239,19.452047,-78.44009
2020-09-02T06:51:12.613491058,19.474976,-78.433304
2020-09-02T06:51:12.627223968,19.48603,-78.441055
2020-09-02T06:51:12.655073165,19.473997,-78.43642
2020-09-02T06:51:12.656980514,19.47387,-78.414764
2020-09-02T06:51:12.659269332,19.451967,-78.440186
2020-09-02T06:51:12.718778610,19.465954,-78.44032
2020-09-02T06:51:12.772567749,19.470648,-78.432724
2020-09-02T06:51:12.774475097,19.471273,-78.43493
2020-09-02T06:51:12.776382446,19.474789,-78.43125
2020-09-02T06:51:12.778289794,19.452011,-78.44011
2020-09-02T06:51:12.802322387,19.468336,-78.453804
2020-09-02T06:51:12.804229736,19.451954,-78.44006
2020-09-02T06:51:12.808044433,19.451931,-78.44007
2020-09-02T06:51:12.810333251,19.463984,-78.45748
2020-09-02T06:51:12.812240600,19.463425,-78.451256
2020-09-02T06:51:12.814147949,19.460398,-78.45712
2020-09-02T06:51:12.816055297,19.459763,-78.45684
2020-09-02T06:51:12.817962646,19.451988,-78.440094
2020-09-02T06:51:12.822158813,19.455961,-78.456535
2020-09-02T06:51:12.832077026,19.451906,-78.44005
2020-09-02T06:51:12.887773513,19.462732,-78.44637
2020-09-02T06:51:12.953386306,19.460213,-78.45337
2020-09-02T06:51:12.953386306,19.212671,-78.27922
2020-09-02T06:51:12.955293655,19.46773,-78.42624
2020-09-02T06:51:13.007173538,19.479256,-78.44068
2020-09-02T06:51:13.082706451,19.485968,-78.440865
2020-09-02T06:51:13.084613800,19.482683,-78.42866
2020-09-02T06:51:13.130390167,19.49074,-78.44099
2020-09-02T06:51:13.033115386,15.235076,-82.09363
2020-09-02T06:51:13.035404205,15.2404785,-82.08869
2020-09-02T06:51:13.037311553,15.237897,-82.087585
2020-09-02T06:51:13.039218902,15.240435,-82.09674
2020-09-02T06:51:13.043033599,15.262247,-82.11775
2020-09-02T06:51:13.045322418,15.25726,-82.10096
2020-09-02T06:51:13.051044464,15.240552,-82.1168
2020-09-02T06:51:13.055240631,15.246065,-82.08993
2020-09-02T06:51:13.057147979,15.240552,-82.11685
2020-09-02T06:51:13.059055328,15.247483,-82.09269
2020-09-02T06:51:13.067066192,15.240504,-82.11687
2020-09-02T06:51:13.068973541,15.240488,-82.11687
2020-09-02T06:51:13.098728179,15.26452,-82.10136
2020-09-02T06:51:13.106739044,15.2792015,-82.11848
2020-09-02T06:51:13.108646392,15.240542,-82.11682
2020-09-02T06:51:13.150609970,15.272181,-82.11823
2020-09-02T06:51:13.152517318,15.240573,-82.11688
2020-09-02T06:51:13.154424667,15.233843,-82.08414
2020-09-02T06:51:13.156332015,15.239007,-82.097824
2020-09-02T06:51:13.158620834,15.250583,-82.09178
2020-09-02T06:51:13.160528182,15.2446165,-82.08511
2020-09-02T06:51:13.162435531,15.252198,-82.08279
2020-09-02T06:51:13.164342880,15.254141,-82.08079
2020-09-02T06:51:13.166250228,15.240589,-82.11685
2020-09-02T06:51:13.168539047,15.240579,-82.116844
2020-09-02T06:51:13.170446395,15.240404,-82.083824
2020-09-02T06:51:16.810104370,19.452969,-78.86116
2020-09-02T06:51:16.845964431,19.452793,-78.82763
2020-09-02T06:51:16.903566360,19.452839,-78.86673
2020-09-02T06:51:16.905473709,19.433205,-78.85915
2020-09-02T06:51:16.990924835,19.434975,-78.86024
2020-09-02T06:51:16.993213653,19.452654,-78.82763
2020-09-02T06:51:16.995121002,19.452736,-78.85917
2020-09-02T06:51:17.013050079,19.452843,-78.8599
2020-09-02T06:51:17.058826446,19.452806,-78.86174
2020-09-02T06:51:17.060733795,19.43793,-78.86169
2020-09-02T06:51:17.088581085,19.445127,-78.86544
2020-09-02T06:51:19.478145599,19.491678,-78.45246
2020-09-02T06:51:19.496074676,19.486238,-78.44952
2020-09-02T06:51:19.515911102,19.486515,-78.44922
2020-09-02T06:51:19.531932830,19.48661,-78.451324
2020-09-02T06:51:19.786374569,19.532284,-78.830185
2020-09-02T06:51:19.788281918,19.492167,-78.83532
2020-09-02T06:51:19.790189267,19.48516,-78.836266
2020-09-02T06:51:19.792096615,19.48423,-78.83578
2020-09-02T06:51:19.794385434,19.452467,-78.827805
2020-09-02T06:51:19.816129685,19.452463,-78.82784
2020-09-02T06:51:19.851988316,19.452473,-78.827835
2020-09-02T06:51:19.853895665,19.452469,-78.827835
2020-09-02T06:51:19.889754296,19.465246,-78.79945
2020-09-02T06:51:19.891661644,19.477352,-78.80867
2020-09-02T06:51:19.953460694,19.491882,-78.82892
2020-09-02T06:51:19.993134022,19.474659,-78.805466
2020-09-02T06:51:20.052644252,19.471436,-78.797585
2020-09-02T06:51:20.054551601,19.471464,-78.80175
2020-09-02T06:51:20.056840419,19.471262,-78.792114
2020-09-02T06:51:20.058747768,19.472965,-78.792366
2020-09-02T06:51:20.060655593,19.452253,-78.75034
2020-09-02T06:51:20.062562942,19.45224,-78.750336
2020-09-02T06:51:20.064470291,19.452282,-78.77342
2020-09-02T06:51:20.066759109,19.467493,-78.78344
2020-09-02T06:51:20.134280204,19.490555,-78.86928
2020-09-02T06:51:20.195697784,19.475924,-78.80696
2020-09-02T06:51:20.197986602,19.469137,-78.79406
2020-09-02T06:51:20.207904815,19.452505,-78.8277
2020-09-02T06:51:20.209812164,19.47753,-78.80741
2020-09-02T06:51:20.215916156,19.480873,-78.81164
2020-09-02T06:51:20.231556415,19.470638,-78.800835
2020-09-02T06:51:20.235752582,19.466925,-78.78596
2020-09-02T06:51:20.237659931,19.466982,-78.79038
2020-09-02T06:51:20.245671272,19.532322,-78.82998
2020-09-02T06:51:20.291448116,19.469213,-78.802025
2020-09-02T06:51:20.336843490,19.470945,-78.80488
2020-09-02T06:51:20.339132785,19.46982,-78.79617
2020-09-02T06:51:20.152209758,18.456799,-83.00127
2020-09-02T06:51:20.154117107,18.440979,-82.96853
2020-09-02T06:51:20.175860881,18.440916,-82.96854
2020-09-02T06:51:20.177768230,18.453852,-82.98606
2020-09-02T06:51:20.180057048,18.452177,-82.98658
2020-09-02T06:51:20.181964397,18.441057,-82.98526
2020-09-02T06:51:20.193790435,18.440989,-82.96859
2020-09-02T06:51:20.279241085,18.440958,-82.96862
2020-09-02T06:51:20.281148433,18.440962,-82.96862
2020-09-02T06:51:20.287251949,18.441021,-82.96865
2020-09-02T06:51:20.289159297,18.44104,-82.968666
2020-09-02T06:51:20.291066646,18.441046,-82.968666
2020-09-02T06:51:20.293355464,18.441109,-82.97933
2020-09-02T06:51:20.295262813,18.441051,-82.97432
2020-09-02T06:51:20.297170162,18.44106,-82.97781
2020-09-02T06:51:20.299077510,18.440971,-82.96864
2020-09-02T06:51:20.382620811,18.45432,-82.98866
2020-09-02T06:51:20.384528160,18.441126,-82.99009
2020-09-02T06:51:20.448234558,18.44887,-82.97984
2020-09-02T06:51:20.490196704,18.441042,-82.9764
2020-09-02T06:51:20.557718276,18.455063,-82.99385
2020-09-02T06:51:20.559625625,18.441017,-82.96841
2020-09-02T06:51:20.585566043,18.441069,-82.98182
2020-09-02T06:51:20.738537311,18.441013,-82.96838
2020-09-02T06:51:20.823987960,18.441044,-82.96846
2020-09-02T06:51:22.611201286,19.532228,-78.82933
2020-09-02T06:51:22.712673664,19.53209,-78.82929
2020-09-02T06:51:22.714581012,19.532103,-78.82929
2020-09-02T06:51:22.716869831,19.532116,-78.829285
2020-09-02T06:51:22.732510566,19.53211,-78.80759
2020-09-02T06:51:22.734799385,19.532167,-78.829285
2020-09-02T06:51:22.766461849,19.532137,-78.829185
2020-09-02T06:51:22.772565364,19.532133,-78.82922
2020-09-02T06:51:22.780194759,19.53221,-78.829285
2020-09-02T06:51:22.848097801,19.531992,-78.80598
2020-09-02T06:51:22.907608032,19.532015,-78.82926
2020-09-02T06:51:22.994965553,19.532015,-78.8292
2020-09-02T06:51:23.142215728,19.532003,-78.82924
2020-09-02T06:51:23.484017372,19.477509,-78.45269
2020-09-02T06:51:23.486306190,19.477182,-78.45763
2020-09-02T06:51:23.488213539,19.476816,-78.45331
2020-09-02T06:51:23.498131752,19.48657,-78.441
2020-09-02T06:51:23.501946449,19.481451,-78.44084
2020-09-02T06:51:23.506142616,19.451155,-78.44004
2020-09-02T06:51:23.541620254,19.479101,-78.45255
2020-09-02T06:51:23.543909072,19.474108,-78.45095
2020-09-02T06:51:23.559549331,19.451195,-78.440094
2020-09-02T06:51:23.561838150,19.473543,-78.45021
2020-09-02T06:51:23.579386711,19.487024,-78.441025
2020-09-02T06:51:23.603419303,19.480194,-78.447395
2020-09-02T06:51:23.605326652,19.477081,-78.45376
2020-09-02T06:51:23.627451896,19.483244,-78.449776
2020-09-02T06:51:23.629359245,19.48544,-78.45502
2020-09-02T06:51:23.649196624,19.485409,-78.44101
2020-09-02T06:51:23.675136566,19.470161,-78.45054
2020-09-02T06:51:23.696881294,19.485909,-78.44103
2020-09-02T06:51:23.700695991,19.451254,-78.44011
2020-09-02T06:51:23.704892158,19.486006,-78.44102
2020-09-02T06:51:23.708706855,19.491823,-78.44115
2020-09-02T06:51:23.762495040,19.475035,-78.452354
2020-09-02T06:51:23.764402389,19.530962,-78.44223
2020-09-02T06:51:23.766309738,19.480509,-78.44199
2020-09-02T06:51:23.768598556,19.451176,-78.44008
2020-09-02T06:51:23.844130516,19.479063,-78.44265
2020-09-02T06:51:23.855956077,19.498123,-78.44129
2020-09-02T06:51:23.939498901,19.491241,-78.44121
2020-09-02T06:51:23.947510719,19.511963,-78.41811
2020-09-02T06:51:23.961243629,19.503284,-78.42566
2020-09-02T06:51:23.971161842,19.500437,-78.42647
2020-09-02T06:51:25.048830032,19.530787,-78.42612
2020-09-02T06:51:25.078585624,19.530817,-78.42334
2020-09-02T06:51:25.086596488,19.530865,-78.44225
2020-09-02T06:51:25.150302886,19.530807,-78.44225
2020-09-02T06:51:25.165943145,19.530834,-78.44223
2020-09-02T06:51:25.183873176,19.530775,-78.4225
2020-09-02T06:51:25.201802253,19.530815,-78.44216
2020-09-02T06:51:25.217823982,19.530775,-78.44218
2020-09-02T06:51:25.229649543,19.530878,-78.44223
2020-09-02T06:51:25.303274154,19.53093,-78.442215
2020-09-02T06:51:25.311285972,19.530891,-78.44221
2020-09-02T06:51:25.342947959,19.530924,-78.42674
2020-09-02T06:51:25.384910583,19.530912,-78.442215
2020-09-02T06:51:25.412376403,19.530918,-78.4423
2020-09-02T06:51:25.486001014,19.530954,-78.442314
2020-09-02T06:51:28.197911262,19.53131,-78.442726
2020-09-02T06:51:28.255514144,19.531345,-78.44274
2020-09-02T06:51:29.490350723,15.483256,-82.46897
2020-09-02T06:51:29.492639541,15.4924345,-82.47281
2020-09-02T06:51:29.494546890,15.485129,-82.47067
2020-09-02T06:51:29.496454238,15.488466,-82.46558
2020-09-02T06:51:29.500268936,15.472964,-82.46906
2020-09-02T06:51:29.504465103,15.488968,-82.46056
2020-09-02T06:51:29.508279800,15.4727545,-82.43204
2020-09-02T06:51:29.518198966,15.472969,-82.46242
2020-09-02T06:51:29.520106315,15.4728155,-82.43203
2020-09-02T06:51:29.617763519,15.515982,-82.46359
2020-09-02T06:51:30.541697502,19.452559,-78.810684
2020-09-02T06:51:30.543604850,19.457418,-78.81279
2020-09-02T06:51:30.573741912,19.452557,-78.827736
2020-09-02T06:51:30.577556610,19.452475,-78.80828
2020-09-02T06:51:30.579463958,19.45245,-78.804474
2020-09-02T06:51:30.599300384,19.459503,-78.806694
2020-09-02T06:51:30.601589202,19.452503,-78.82774
2020-09-02T06:51:30.708784103,19.45241,-78.790245
2020-09-02T06:51:30.752654075,19.463865,-78.77613
2020-09-02T06:51:30.754561424,19.4713,-78.783676
2020-09-02T06:51:30.786223411,19.452574,-78.82772
2020-09-02T06:51:30.790419578,19.452581,-78.827675
2020-09-02T06:51:30.792326927,19.452574,-78.82768
2020-09-02T06:51:30.881592750,19.452559,-78.82775
2020-09-02T06:51:30.883881568,19.452562,-78.82214
2020-09-02T06:51:30.885788917,19.453642,-78.820465
2020-09-02T06:51:30.887696266,19.452614,-78.82773
2020-09-02T06:51:30.907532691,19.452572,-78.82777
2020-09-02T06:51:30.909440040,19.454855,-78.821144
2020-09-02T06:51:30.911728858,19.453278,-78.820366
2020-09-02T06:51:30.913636207,19.449879,-78.814445
2020-09-02T06:51:30.915543556,19.449114,-78.82002
2020-09-02T06:51:30.921647071,19.452547,-78.82775
2020-09-02T06:51:30.969331741,19.474281,-78.78571
2020-09-02T06:51:30.971239089,19.452517,-78.78904
2020-09-02T06:51:31.028842926,19.451954,-78.81177
2020-09-02T06:51:31.030750274,19.443094,-78.80952
2020-09-02T06:51:31.033039093,19.452496,-78.82782
2020-09-02T06:51:31.034946441,19.452417,-78.79417
2020-09-02T06:51:31.036853790,19.457682,-78.80098
2020-09-02T06:51:31.038761138,19.452507,-78.82777
2020-09-02T06:51:31.040668487,19.452465,-78.80845
2020-09-02T06:51:31.042957305,19.452473,-78.80726
2020-09-02T06:51:31.044864654,19.452488,-78.80857
2020-09-02T06:51:31.046772003,19.446236,-78.80655
2020-09-02T06:51:31.048679351,19.443933,-78.803185
2020-09-02T06:51:31.050586700,19.452505,-78.80127
2020-09-02T06:51:31.052875518,19.448305,-78.79491
2020-09-02T06:51:31.054782867,19.447214,-78.80128
2020-09-02T06:51:31.056690216,19.4415,-78.79591
2020-09-02T06:51:31.078433990,19.452324,-78.75046
2020-09-02T06:51:31.080722808,19.452442,-78.799065
2020-09-02T06:51:31.082630157,19.45245,-78.8002
2020-09-02T06:51:31.150150299,19.452507,-78.82784
2020-09-02T06:51:31.169988632,19.452486,-78.81373
2020-09-02T06:51:31.171895980,19.43655,-78.78619
2020-09-02T06:51:31.187917709,19.452541,-78.8142
2020-09-02T06:51:31.269552230,19.452625,-78.81297
2020-09-02T06:51:31.271459579,19.441868,-78.79589
2020-09-02T06:51:31.313041687,19.452608,-78.81656
2020-09-02T06:51:31.315330505,19.452538,-78.791435
2020-09-02T06:51:31.402688980,19.452684,-78.82792
2020-09-02T06:51:31.434350967,19.452562,-78.82791
2020-09-02T06:51:32.038608551,18.472246,-82.98583
2020-09-02T06:51:32.040897369,18.343832,-82.95758
2020-09-02T06:51:32.233541488,18.5202,-82.97358
2020-09-02T06:51:32.378883361,18.492912,-82.85877
2020-09-02T06:51:32.380790710,18.495451,-82.854195
2020-09-02T06:51:32.525753021,19.478016,-78.45119
2020-09-02T06:51:32.494089126,19.499044,-78.442406
2020-09-02T06:51:32.551692962,19.484528,-78.4514
2020-09-02T06:51:32.565807342,19.531628,-78.44334
2020-09-02T06:51:32.571529388,19.493338,-78.4423
2020-09-02T06:51:32.595561981,19.508444,-78.442726
2020-09-02T06:51:32.656980514,19.484322,-78.447
2020-09-02T06:51:32.659269332,19.473173,-78.45074
2020-09-02T06:51:32.676816940,19.474901,-78.44424
2020-09-02T06:51:32.681013107,19.48254,-78.45333
2020-09-02T06:51:32.682920455,19.470314,-78.44373
2020-09-02T06:51:32.684827804,19.473011,-78.448715
2020-09-02T06:51:32.687116622,19.469582,-78.444664
2020-09-02T06:51:32.689023971,19.451727,-78.4412
2020-09-02T06:51:32.710767745,19.469906,-78.436676
2020-09-02T06:51:32.712675094,19.474958,-78.44191
2020-09-02T06:51:32.714963912,19.451874,-78.441284
2020-09-02T06:51:32.716871261,19.451897,-78.44128
2020-09-02T06:51:33.060581207,19.515514,-78.86012
2020-09-02T06:51:33.078510284,19.532413,-78.83036
2020-09-02T06:51:33.080417633,19.518753,-78.85468
2020-09-02T06:51:33.088428497,19.532394,-78.830376
2020-09-02T06:51:33.120471954,19.532446,-78.83035
2020-09-02T06:51:33.144124984,19.507101,-78.86606
2020-09-02T06:51:33.197912216,19.532444,-78.83039
2020-09-02T06:51:33.199819564,19.532429,-78.830376
2020-09-02T06:51:33.203634262,19.532433,-78.830376
2020-09-02T06:51:33.205923080,19.523333,-78.849655
2020-09-02T06:51:33.207830429,19.532448,-78.83038
2020-09-02T06:51:33.209737777,19.524263,-78.838104
2020-09-02T06:51:33.211645126,19.532455,-78.83039
2020-09-02T06:51:33.215841293,19.532446,-78.8304
2020-09-02T06:51:33.231481552,19.532385,-78.83036
2020-09-02T06:51:33.237585067,19.53242,-78.83037
2020-09-02T06:51:33.259330749,19.532454,-78.83039
2020-09-02T06:51:33.263526916,19.532486,-78.83041
2020-09-02T06:51:33.372627258,19.53242,-78.83034
2020-09-02T06:51:33.460367202,19.532433,-78.83035
2020-09-02T06:51:33.462274551,19.532454,-78.835594
2020-09-02T06:51:33.500040054,19.532534,-78.830315
2020-09-02T06:51:33.583583831,19.532494,-78.83042
2020-09-02T06:51:33.585491180,19.532507,-78.830414
2020-09-02T06:51:33.587398529,19.53252,-78.830414
2020-09-02T06:51:33.593502044,19.534544,-78.83003
2020-09-02T06:51:33.595409393,19.532503,-78.83037
2020-09-02T06:51:35.762573242,19.532928,-78.82954
2020-09-02T06:51:35.776306152,19.532948,-78.82948
2020-09-02T06:51:35.778213500,19.513891,-78.81914
2020-09-02T06:51:35.780502319,19.50757,-78.808655
2020-09-02T06:51:35.792327880,19.506462,-78.79679
2020-09-02T06:51:35.794235229,19.507841,-78.7898
2020-09-02T06:51:35.814071655,19.532837,-78.792
2020-09-02T06:51:35.815979003,19.510914,-78.77925
2020-09-02T06:51:35.818267822,19.515778,-78.78116
2020-09-02T06:51:35.820175170,19.520515,-78.77273
2020-09-02T06:51:35.822082519,19.522354,-78.778946
2020-09-02T06:51:35.826278686,19.532719,-78.75205
2020-09-02T06:51:35.828186035,19.523546,-78.76535
2020-09-02T06:51:35.830093383,19.52217,-78.77154
2020-09-02T06:51:35.833908081,19.532738,-78.752045
2020-09-02T06:51:35.883882522,19.532751,-78.751976
2020-09-02T06:51:35.885789871,19.522427,-78.7743
2020-09-02T06:51:35.887697219,19.532719,-78.75195
2020-09-02T06:51:35.967424392,19.533007,-78.82935
2020-09-02T06:51:35.969331741,19.532928,-78.79591
2020-09-02T06:51:35.971239089,19.512392,-78.77746
2020-09-02T06:51:35.973146438,19.521042,-78.772255
2020-09-02T06:51:35.975053787,19.453018,-78.749626
2020-09-02T06:51:35.984973907,19.532911,-78.7994
2020-09-02T06:51:35.999088287,19.532787,-78.75189
2020-09-02T06:51:36.000995635,19.520754,-78.773285
2020-09-02T06:51:36.002902984,19.51736,-78.770584
2020-09-02T06:51:36.009006500,19.523981,-78.770294
2020-09-02T06:51:36.012821197,19.532917,-78.797325
2020-09-02T06:51:36.076526641,19.533007,-78.8294
2020-09-02T06:51:36.277565002,19.516262,-78.79544
2020-09-02T06:51:36.279472351,19.510914,-78.769135
2020-09-02T06:51:36.291297912,19.522606,-78.77252
2020-09-02T06:51:36.293205261,19.532976,-78.78505
2020-09-02T06:51:36.297401428,19.53304,-78.79569
2020-09-02T06:51:36.315330505,19.523869,-78.78155
2020-09-02T06:51:36.340888977,19.519596,-78.78311
2020-09-02T06:51:36.406503677,19.517258,-78.791695
2020-09-02T06:51:36.166173934,18.619349,-82.66706
2020-09-02T06:51:36.168081283,18.620018,-82.6671
2020-09-02T06:51:36.169988632,18.612522,-82.67671
2020-09-02T06:51:36.173803329,18.626427,-82.66744
2020-09-02T06:51:36.176092147,18.597837,-82.66583
2020-09-02T06:51:36.177999496,18.627636,-82.667496
2020-09-02T06:51:36.195928573,18.597849,-82.66578
2020-09-02T06:51:36.199743270,18.59783,-82.66579
2020-09-02T06:51:36.201650619,18.625034,-82.667305
2020-09-02T06:51:36.263450622,18.625025,-82.66614
2020-09-02T06:51:36.303123474,18.636703,-82.66788
2020-09-02T06:51:36.400781631,18.597921,-82.66565
2020-09-02T06:51:36.434350967,18.6161,-82.67294
2020-09-02T06:51:36.436258316,18.63072,-82.66755
2020-09-02T06:51:36.438547134,18.597967,-82.66571
2020-09-02T06:51:36.456094741,18.62125,-82.67665
2020-09-02T06:51:36.460290908,18.61812,-82.66929
2020-09-02T06:51:36.462198257,18.598015,-82.66564
2020-09-02T06:51:36.519802093,18.597982,-82.66577
2020-09-02T06:51:36.521709442,18.597984,-82.665764
2020-09-02T06:51:36.523998260,18.597988,-82.66573
2020-09-02T06:51:36.525905609,18.597992,-82.66571
2020-09-02T06:51:36.532009124,18.598104,-82.68033
2020-09-02T06:51:36.533916473,18.600584,-82.67647
2020-09-02T06:51:36.535823822,18.597994,-82.665634
2020-09-02T06:51:36.537731170,18.585108,-82.67764
2020-09-02T06:51:36.541927337,18.596731,-82.67679
2020-09-02T06:51:36.543834686,18.58942,-82.67989
2020-09-02T06:51:36.605253219,18.597986,-82.66562
2020-09-02T06:51:36.631193161,18.616589,-82.67109
2020-09-02T06:51:36.633100509,18.61488,-82.67098
2020-09-02T06:51:36.635389328,18.630516,-82.66749
2020-09-02T06:51:36.639204025,18.622442,-82.66861
2020-09-02T06:51:36.641111373,18.625877,-82.66721
2020-09-02T06:51:36.652936935,18.635126,-82.66769
2020-09-02T06:51:36.655225753,18.634632,-82.66764
2020-09-02T06:51:36.670866012,18.636301,-82.657
2020-09-02T06:51:36.673154830,18.627375,-82.66405
2020-09-02T06:51:36.675062179,18.628061,-82.66498
2020-09-02T06:51:36.676969528,18.634237,-82.65204
2020-09-02T06:51:36.678876876,18.635208,-82.65744
2020-09-02T06:51:36.680784225,18.641008,-82.65112
2020-09-02T06:51:36.800186157,18.625616,-82.65774
2020-09-02T06:51:36.802093505,18.63894,-82.65004
2020-09-02T06:51:36.977191925,18.61896,-82.666626
2020-09-02T06:51:36.987110137,19.519829,-78.43145
2020-09-02T06:51:36.989017486,19.532406,-78.44192
2020-09-02T06:51:37.005039215,19.498005,-78.440285
2020-09-02T06:51:40.720608234,19.532305,-78.82957
2020-09-02T06:51:40.798429012,19.532228,-78.82959
2020-09-02T06:51:40.815977096,19.53222,-78.82956
2020-09-02T06:51:42.104601860,19.490463,-78.44173
2020-09-02T06:51:42.106509208,19.531424,-78.44282
2020-09-02T06:51:42.149997234,19.451662,-78.440605
2020-09-02T06:51:42.156100749,19.451658,-78.44065
2020-09-02T06:51:42.160296916,19.474546,-78.4413
2020-09-02T06:51:42.164112091,19.451675,-78.44069
2020-09-02T06:51:42.166019439,19.451689,-78.44069
2020-09-02T06:51:42.167926788,19.47089,-78.46001
2020-09-02T06:51:42.175937652,19.467094,-78.46103
2020-09-02T06:51:42.183948516,19.477734,-78.4414
2020-09-02T06:51:42.185855865,19.463648,-78.45803
2020-09-02T06:51:42.191959381,19.451649,-78.45746
2020-09-02T06:51:42.195774555,19.45162,-78.44069
2020-09-02T06:51:42.199970722,19.47179,-78.458824
2020-09-02T06:51:42.207981586,19.451654,-78.44073
2020-09-02T06:51:42.227818489,19.463943,-78.456406
2020-09-02T06:51:42.247654914,19.45936,-78.45971
2020-09-02T06:51:42.249562263,19.476757,-78.45347
2020-09-02T06:51:42.251469612,19.451645,-78.44068
2020-09-02T06:51:42.269399166,19.463198,-78.45421
2020-09-02T06:51:42.271306514,19.476368,-78.45657
2020-09-02T06:51:42.281224727,19.467793,-78.45213
2020-09-02T06:51:42.307165145,19.480536,-78.453316
2020-09-02T06:51:42.364768028,19.451754,-78.4408
2020-09-02T06:51:42.367056846,19.47175,-78.45095
2020-09-02T06:51:42.372778892,19.451815,-78.44082
2020-09-02T06:51:42.396811962,19.477411,-78.45344
2020-09-02T06:51:42.418556213,19.468624,-78.45165
2020-09-02T06:51:42.438392639,19.46811,-78.45055
2020-09-02T06:51:42.456322193,19.451778,-78.440765
2020-09-02T06:51:42.474251747,19.479578,-78.441505
2020-09-02T06:51:42.492180824,19.451756,-78.440765
2020-09-02T06:51:42.553598403,19.451733,-78.4407
2020-09-02T06:51:42.557794570,19.451727,-78.440735
2020-09-02T06:51:42.577631473,19.469429,-78.456924
2020-09-02T06:51:42.050813674,19.532335,-78.82991
2020-09-02T06:51:42.076754093,19.532305,-78.829895
2020-09-02T06:51:42.128252983,19.532356,-78.82986
2020-09-02T06:51:42.187763214,19.532278,-78.82988
2020-09-02T06:51:42.190052032,19.532282,-78.82988
2020-09-02T06:51:42.191959381,19.517675,-78.84263
2020-09-02T06:51:42.193867206,19.532288,-78.82988
2020-09-02T06:51:42.245747566,19.516764,-78.82942
2020-09-02T06:51:42.247654914,19.506205,-78.83799
2020-09-02T06:51:42.249562263,19.501236,-78.83588
2020-09-02T06:51:42.251469612,19.500269,-78.83657
2020-09-02T06:51:42.281224727,19.494957,-78.82893
2020-09-02T06:51:42.283513545,19.507675,-78.8293
2020-09-02T06:51:42.289236068,19.49187,-78.83429
2020-09-02T06:51:42.291143417,19.532429,-78.82998
2020-09-02T06:51:42.328909397,19.483925,-78.83776
2020-09-02T06:51:42.343023777,19.485826,-78.83612
2020-09-02T06:51:42.446403980,19.489914,-78.838326
2020-09-02T06:51:42.448311328,19.481146,-78.83992
2020-09-02T06:51:42.452507495,19.484953,-78.83528
2020-09-02T06:51:42.484169960,19.495136,-78.8392
2020-09-02T06:51:42.525750637,19.532446,-78.829926
2020-09-02T06:51:42.528039455,19.485464,-78.83973
2020-09-02T06:51:42.587549686,19.532347,-78.82995
2020-09-02T06:51:42.591364383,19.506329,-78.82918
2020-09-02T06:51:42.601283073,19.489008,-78.842064
2020-09-02T06:51:42.615397453,19.483019,-78.83556
2020-09-02T06:51:42.740521430,19.484846,-78.83252
2020-09-02T06:51:42.742428779,19.452564,-78.827644
2020-09-02T06:51:42.744717597,19.48351,-78.82856
2020-09-02T06:51:42.746624946,19.494534,-78.82888
2020-09-02T06:51:42.762647151,19.488716,-78.84208
2020-09-02T06:51:42.609293937,18.36202,-82.96403
2020-09-02T06:51:42.798124313,18.371101,-82.96341
2020-09-02T06:51:42.800413131,18.36202,-82.96404
2020-09-02T06:51:42.840086460,18.362007,-82.964066
2020-09-02T06:51:42.848097801,18.373404,-82.96385
2020-09-02T06:51:42.850005149,18.36198,-82.96404
2020-09-02T06:51:42.909515380,18.376904,-82.9649
2020-09-02T06:51:43.722821235,18.608706,-82.6541
2020-09-02T06:51:43.782331466,18.617046,-82.640335
2020-09-02T06:51:43.826201438,18.673868,-82.58788
2020-09-02T06:51:43.828108787,18.63786,-82.62853
2020-09-02T06:51:43.907455444,18.672985,-82.591156
2020-09-02T06:51:43.909744262,18.652388,-82.61291
2020-09-02T06:51:43.911651611,18.643177,-82.59853
2020-09-02T06:51:43.971161842,18.675138,-82.482315
2020-09-02T06:51:43.973069190,18.692469,-82.48768
2020-09-02T06:51:43.975358009,18.675394,-82.51522
2020-09-02T06:51:43.979172706,18.675419,-82.51518
2020-09-02T06:51:44.128330230,18.693548,-82.5188
2020-09-02T06:51:44.130237579,18.71147,-82.527054
2020-09-02T06:51:44.132144927,18.699326,-82.53841
2020-09-02T06:51:44.134052276,18.675438,-82.51519
2020-09-02T06:51:44.225605964,18.711351,-82.48268
2020-09-02T06:51:44.251546859,18.696337,-82.50586
2020-09-02T06:51:44.301137924,18.67551,-82.51515
2020-09-02T06:51:44.343100547,18.674927,-82.43738
2020-09-02T06:51:44.348822593,18.581364,-82.684326
2020-09-02T06:51:44.392692565,18.596365,-82.5393
2020-09-02T06:51:44.396507263,18.597479,-82.69244
2020-09-02T06:51:44.486153602,18.57114,-82.70497
2020-09-02T06:51:44.504083633,18.59726,-82.66619
2020-09-02T06:51:44.522012710,18.59756,-82.69441
2020-09-02T06:51:44.537652969,18.59759,-82.696556
2020-09-02T06:51:44.551767349,18.568386,-82.70866
2020-09-02T06:51:44.589533805,18.667715,-82.468475
2020-09-02T06:51:44.591441154,18.597557,-82.69586
2020-09-02T06:51:44.591441154,18.674936,-82.43727
2020-09-02T06:51:44.593348503,18.597584,-82.69844
2020-09-02T06:51:44.621195793,18.597271,-82.66611
2020-09-02T06:51:44.627300262,18.597534,-82.69254
2020-09-02T06:51:44.629207611,18.597618,-82.700584
2020-09-02T06:51:44.633403778,18.597364,-82.66613
2020-09-02T06:51:44.635311126,18.597351,-82.66615
2020-09-02T06:51:44.676891326,18.597692,-82.707184
2020-09-02T06:51:45.865951538,19.531813,-78.42581
2020-09-02T06:51:45.951401710,19.531776,-78.44228
2020-09-02T06:51:46.002901077,19.521627,-78.43056
2020-09-02T06:51:46.005189895,19.504404,-78.441505
2020-09-02T06:51:46.036851882,19.502821,-78.43734
2020-09-02T06:51:46.056689262,19.522211,-78.43097
2020-09-02T06:51:46.088351249,19.531742,-78.44225
2020-09-02T06:51:46.104372978,19.531816,-78.44225
2020-09-02T06:51:46.176091194,19.515858,-78.42795
2020-09-02T06:51:46.207753181,19.531713,-78.442245
2020-09-02T06:51:46.225682258,19.531776,-78.442184
2020-09-02T06:51:47.044711112,19.410442,-78.715965
2020-09-02T06:51:47.058825492,19.40375,-78.713234
2020-09-02T06:51:47.060732841,19.40015,-78.71169
2020-09-02T06:51:47.062640190,19.400557,-78.71334
2020-09-02T06:51:47.070651054,19.372643,-78.71238
2020-09-02T06:51:47.084765434,19.372684,-78.71625
2020-09-02T06:51:47.100406646,19.372692,-78.71198
2020-09-02T06:51:47.102313995,19.39122,-78.71218
2020-09-02T06:51:47.156101226,19.37275,-78.707924
2020-09-02T06:51:47.158008575,19.372744,-78.70737
2020-09-02T06:51:47.160298347,19.38312,-78.705864
2020-09-02T06:51:47.162205696,19.390745,-78.70941
2020-09-02T06:51:47.203785896,19.37273,-78.72319
2020-09-02T06:51:47.205693244,19.394884,-78.717995
2020-09-02T06:51:47.211796760,19.372705,-78.700096
2020-09-02T06:51:47.213704109,19.394648,-78.70341
2020-09-02T06:51:47.215611457,19.398869,-78.701675
2020-09-02T06:51:47.217900276,19.404987,-78.70327
2020-09-02T06:51:47.231634140,19.408133,-78.670845
2020-09-02T06:51:47.233541488,19.405602,-78.694984
2020-09-02T06:51:47.235830307,19.401747,-78.692566
2020-09-02T06:51:47.237737655,19.404966,-78.69623
2020-09-02T06:51:47.239645004,19.41279,-78.69737
2020-09-02T06:51:47.247655868,19.452412,-78.67212
2020-09-02T06:51:47.249563217,19.409185,-78.685265
2020-09-02T06:51:47.251470565,19.409817,-78.686646
2020-09-02T06:51:47.253377914,19.40717,-78.69274
2020-09-02T06:51:47.255666732,19.415247,-78.688095
2020-09-02T06:51:47.257574081,19.372614,-78.66984
2020-09-02T06:51:47.261388778,19.440332,-78.67175
2020-09-02T06:51:47.263677597,19.416416,-78.68749
2020-09-02T06:51:47.265584945,19.372591,-78.66985
2020-09-02T06:51:47.275503158,19.452322,-78.672104
2020-09-02T06:51:47.277410507,19.415401,-78.69054
2020-09-02T06:51:47.295340538,19.452211,-78.672035
2020-09-02T06:51:47.305258750,19.452301,-78.67206
2020-09-02T06:51:47.313269615,19.372787,-78.74715
2020-09-02T06:51:47.336920738,19.379238,-78.710365
2020-09-02T06:51:47.339209556,19.372686,-78.70818
2020-09-02T06:51:47.343024253,19.37267,-78.70746
2020-09-02T06:51:47.344931602,19.372627,-78.69683
2020-09-02T06:51:47.346839904,19.381102,-78.702866
2020-09-02T06:51:47.349128723,19.391592,-78.70799
2020-09-02T06:51:47.351036071,19.38871,-78.70688
2020-09-02T06:51:47.354850769,19.372517,-78.669815
2020-09-02T06:51:47.356758117,19.37258,-78.69702
2020-09-02T06:51:47.359046936,19.372591,-78.70178
2020-09-02T06:51:47.360954284,19.372581,-78.69763
2020-09-02T06:51:47.362861633,19.372591,-78.696365
2020-09-02T06:51:47.364768981,19.372602,-78.6965
2020-09-02T06:51:47.367057800,19.378035,-78.698235
2020-09-02T06:51:47.368965148,19.384485,-78.70805
2020-09-02T06:51:47.563517570,19.400072,-78.69797
2020-09-02T06:51:47.565806388,19.434322,-78.715225
2020-09-02T06:51:47.569621086,19.405554,-78.69843
2020-09-02T06:51:47.571528434,19.403917,-78.69532
2020-09-02T06:51:47.573817253,19.428217,-78.693565
2020-09-02T06:51:47.575724601,19.4142,-78.68462
2020-09-02T06:51:47.577631950,19.40752,-78.69518
2020-09-02T06:51:47.585642814,19.45227,-78.67203
2020-09-02T06:51:47.587550163,19.405039,-78.69084
2020-09-02T06:51:47.589457511,19.413977,-78.69254
2020-09-02T06:51:47.591364860,19.432407,-78.69306
2020-09-02T06:51:47.593654632,19.435406,-78.70601
2020-09-02T06:51:47.595561981,19.43449,-78.70085
2020-09-02T06:51:47.597469329,19.372723,-78.74708
2020-09-02T06:51:47.605480194,19.452503,-78.74943
2020-09-02T06:51:47.613491058,19.45243,-78.71036
2020-09-02T06:51:47.615398406,19.40976,-78.705444
2020-09-02T06:51:47.617305755,19.452427,-78.71233
2020-09-02T06:51:47.619213104,19.452328,-78.67203
2020-09-02T06:51:47.625316619,19.398874,-78.69688
2020-09-02T06:51:47.627223968,19.45431,-78.71074
2020-09-02T06:51:47.629131317,19.428537,-78.70129
2020-09-02T06:51:47.641338348,19.452501,-78.71834
2020-09-02T06:51:47.643245697,19.439205,-78.69926
2020-09-02T06:51:47.756544113,19.436092,-78.682915
2020-09-02T06:51:47.758451461,19.399021,-78.69909
2020-09-02T06:51:47.792403221,19.414497,-78.69087
2020-09-02T06:51:47.794310569,19.414713,-78.69556
2020-09-02T06:51:49.522013664,19.531975,-78.75189
2020-09-02T06:51:49.523921012,19.45216,-78.749565
2020-09-02T06:51:49.736783981,19.451504,-78.439995
2020-09-02T06:51:49.766539573,19.483633,-78.44087
2020-09-02T06:51:49.790190696,19.451479,-78.44008
2020-09-02T06:51:49.881744384,19.482405,-78.44104
2020-09-02T06:51:49.887848854,19.472673,-78.43702
2020-09-02T06:51:49.889756202,19.479122,-78.440926
2020-09-02T06:51:49.935532569,19.451357,-78.44014
2020-09-02T06:51:49.937439918,19.451347,-78.44015
2020-09-02T06:51:49.947359085,19.474789,-78.42192
2020-09-02T06:51:49.949266433,19.45138,-78.44025
2020-09-02T06:51:49.977113723,19.484285,-78.44105
2020-09-02T06:51:49.979021072,19.451395,-78.440186
2020-09-02T06:51:49.985124588,19.48869,-78.44119
2020-09-02T06:51:49.987031936,19.476469,-78.45121
2020-09-02T06:51:49.989320755,19.451368,-78.4402
2020-09-02T06:51:50.042727470,19.46997,-78.4381
2020-09-02T06:51:50.044634819,19.471546,-78.42828
2020-09-02T06:51:50.046923637,19.481052,-78.42425
2020-09-02T06:51:50.062563896,19.500975,-78.42438
2020-09-02T06:51:50.076679229,19.471653,-78.42923
2020-09-02T06:51:50.078586578,19.472204,-78.424194
2020-09-02T06:51:50.128177642,19.472464,-78.433365
2020-09-02T06:51:50.132374763,19.4836,-78.441
2020-09-02T06:51:50.134282112,19.479055,-78.43776
2020-09-02T06:51:50.136189460,19.48353,-78.4368
2020-09-02T06:51:50.138096809,19.48166,-78.43882
2020-09-02T06:51:50.140385627,19.458458,-78.44581
2020-09-02T06:51:50.142292976,19.531084,-78.40934
2020-09-02T06:51:50.205999374,19.482916,-78.43657
2020-09-02T06:51:50.207906723,19.501421,-78.417564
2020-09-02T06:51:50.245672225,19.500769,-78.42415
2020-09-02T06:51:50.247579574,19.504396,-78.41853
2020-09-02T06:51:50.249486923,19.451242,-78.40837
2020-09-02T06:51:50.251394271,19.478397,-78.418785
2020-09-02T06:51:50.255591392,19.49053,-78.41535
2020-09-02T06:51:50.263602256,19.482721,-78.414116
2020-09-02T06:51:50.265509605,19.505146,-78.412025
2020-09-02T06:51:50.269324302,19.492231,-78.40145
2020-09-02T06:51:50.291449546,19.475565,-78.41411
2020-09-02T06:51:50.293356895,19.477524,-78.411766
2020-09-02T06:51:50.295264244,19.485336,-78.41352
2020-09-02T06:51:50.297171592,19.488707,-78.40764
2020-09-02T06:51:50.299460411,19.482372,-78.3959
2020-09-02T06:51:50.301367759,19.484514,-78.38891
2020-09-02T06:51:50.305182456,19.495428,-78.37513
2020-09-02T06:51:50.307089805,19.485607,-78.39226
2020-09-02T06:51:50.309378623,19.482504,-78.40173
2020-09-02T06:51:50.311285972,19.50112,-78.38001
2020-09-02T06:51:50.313193321,19.530924,-78.364914
2020-09-02T06:51:50.315100669,19.530931,-78.364914
2020-09-02T06:51:50.325019836,19.530922,-78.3649
2020-09-02T06:51:50.327308654,19.522072,-78.364655
2020-09-02T06:51:50.329216003,19.48781,-78.39147
2020-09-02T06:51:50.331123352,19.498337,-78.395615
2020-09-02T06:51:50.342948913,19.530846,-78.36493
2020-09-02T06:51:50.357063293,19.530918,-78.36495
2020-09-02T06:51:50.358970642,19.527527,-78.36124
2020-09-02T06:51:50.360877990,19.530937,-78.364914
2020-09-02T06:51:50.365074157,19.530937,-78.36489
2020-09-02T06:51:50.366981506,19.530937,-78.36488
2020-09-02T06:51:50.368888854,19.530937,-78.364876
2020-09-02T06:51:50.370796203,19.530935,-78.36487
2020-09-02T06:51:50.378808021,19.53087,-78.35046
2020-09-02T06:51:50.386818885,19.530834,-78.3435
2020-09-02T06:51:50.388726234,19.523418,-78.35829
2020-09-02T06:51:50.390633583,19.500242,-78.40047
2020-09-02T06:51:50.392540931,19.49975,-78.39735
2020-09-02T06:51:50.396737098,19.53087,-78.36494
2020-09-02T06:51:50.402840614,19.530815,-78.33518
2020-09-02T06:51:50.408562660,19.530787,-78.32886
2020-09-02T06:51:50.412758827,19.530766,-78.31669
2020-09-02T06:51:50.414666175,19.530811,-78.33792
2020-09-02T06:51:50.432595252,19.530811,-78.307014
2020-09-02T06:51:50.436409950,19.49677,-78.37882
2020-09-02T06:51:50.438317298,19.519386,-78.37512
2020-09-02T06:51:50.442514419,19.530796,-78.31119
2020-09-02T06:51:50.444421768,19.52372,-78.345245
2020-09-02T06:51:50.446329116,19.498926,-78.375725
2020-09-02T06:51:50.448236465,19.510662,-78.3665
2020-09-02T06:51:50.450525283,19.513689,-78.3803
2020-09-02T06:51:50.452432632,19.530859,-78.36496
2020-09-02T06:51:50.454339981,19.530792,-78.330376
2020-09-02T06:51:50.456247329,19.523214,-78.33223
2020-09-02T06:51:50.458154678,19.53085,-78.364975
2020-09-02T06:51:50.460443496,19.517376,-78.325806
2020-09-02T06:51:50.462350845,19.491964,-78.38714
2020-09-02T06:51:50.464258193,19.49882,-78.3952
2020-09-02T06:51:50.470361709,19.491583,-78.305695
2020-09-02T06:51:50.472269058,19.505596,-78.326965
2020-09-02T06:51:50.474176406,19.497849,-78.39606
2020-09-02T06:51:50.476083755,19.484804,-78.31659
2020-09-02T06:51:50.478372573,19.508764,-78.37021
2020-09-02T06:51:51.593425750,19.497465,-78.8672
2020-09-02T06:51:51.595333099,19.486635,-78.87064
2020-09-02T06:51:51.597621917,19.481443,-78.8609
2020-09-02T06:51:51.659040451,19.482368,-78.86792
2020-09-02T06:51:51.701002120,19.493319,-78.86518
2020-09-02T06:51:51.720838546,19.497541,-78.8711
2020-09-02T06:51:51.752500534,19.503733,-78.876724
2020-09-02T06:51:51.857788085,19.490831,-78.86759
2020-09-02T06:51:51.860076904,19.451805,-78.87068
2020-09-02T06:51:51.889831542,19.488482,-78.866196
2020-09-02T06:51:51.891738891,19.45174,-78.82692
2020-09-02T06:51:51.893646240,19.479277,-78.86691
2020-09-02T06:51:51.895555496,19.490973,-78.86705
2020-09-02T06:51:52.014955520,19.479961,-78.86978
2020-09-02T06:51:52.060733795,19.48366,-78.864136
2020-09-02T06:51:52.062641143,19.49859,-78.88778
2020-09-02T06:51:52.122150421,19.483553,-78.86475
2020-09-02T06:51:55.533687591,19.530268,-78.8291
2020-09-02T06:51:55.567638397,19.517372,-78.828766
2020-09-02T06:51:55.569545745,19.530235,-78.82916
2020-09-02T06:51:55.611509323,19.53027,-78.82911
2020-09-02T06:51:55.613416671,19.53027,-78.82912
2020-09-02T06:51:55.696958541,19.512075,-78.8371
2020-09-02T06:51:55.808349609,19.530205,-78.829056
2020-09-02T06:51:56.291679382,15.238167,-82.09595
2020-09-02T06:51:56.293586730,15.238272,-82.11672
2020-09-02T06:51:56.295875549,15.238184,-82.098854
2020-09-02T06:51:56.297782897,15.238185,-82.098755
2020-09-02T06:51:56.299690246,15.236952,-82.088554
2020-09-02T06:51:56.301597595,15.238279,-82.11673
2020-09-02T06:51:56.303504943,15.247775,-82.09831
2020-09-02T06:51:56.305793762,15.238294,-82.11675
2020-09-02T06:51:56.311515808,15.238214,-82.09708
2020-09-02T06:51:56.313423156,15.254643,-82.09841
2020-09-02T06:51:56.319526672,15.261137,-82.09525
2020-09-02T06:51:56.325630187,15.247822,-82.10453
2020-09-02T06:51:56.333641052,15.238257,-82.116776
2020-09-02T06:51:56.339363098,15.2382345,-82.11672
2020-09-02T06:51:56.385141372,15.277293,-82.07138
2020-09-02T06:51:56.387048721,15.268913,-82.05695
2020-09-02T06:51:56.389337539,15.270163,-82.056946
2020-09-02T06:51:56.391244888,15.26166,-82.059494
2020-09-02T06:51:56.393152236,15.275158,-82.07359
2020-09-02T06:51:56.395059585,15.269427,-82.067505
2020-09-02T06:51:56.396966934,15.277328,-82.07977
2020-09-02T06:51:56.399255752,15.314843,-82.04416
2020-09-02T06:51:56.444650650,15.283314,-82.056656
2020-09-02T06:51:56.446939468,15.277804,-82.05651
2020-09-02T06:51:56.448846817,15.271493,-82.06221
2020-09-02T06:51:56.450754165,15.277243,-82.074554
2020-09-02T06:51:56.452661514,15.275212,-82.0771
2020-09-02T06:51:56.454950332,15.263772,-82.071365
2020-09-02T06:51:56.478603363,15.314747,-82.04406
2020-09-02T06:51:56.480510711,15.300491,-82.04233
2020-09-02T06:51:56.482418060,15.26716,-82.0653
2020-09-02T06:51:56.484706878,15.278524,-82.059494
2020-09-02T06:51:56.486614227,15.269022,-82.068504
2020-09-02T06:51:57.255668640,18.385012,-82.97174
2020-09-02T06:51:57.257575988,18.35998,-82.96316
2020-09-02T06:51:57.317085266,18.360027,-82.96319
2020-09-02T06:51:57.318992614,18.396517,-82.96526
2020-09-02T06:51:57.346841812,18.397259,-82.96531
2020-09-02T06:51:57.472347259,18.360054,-82.96324
2020-09-02T06:51:57.474254608,18.391563,-82.96505
2020-09-02T06:51:57.476161956,18.394371,-82.96521
2020-09-02T06:51:57.478069305,18.39518,-82.96525
2020-09-02T06:51:57.569622039,18.386517,-82.96529
2020-09-02T06:51:57.571529388,18.400934,-82.965576
2020-09-02T06:51:57.573436737,18.390734,-82.96824
2020-09-02T06:51:57.577632904,18.410055,-82.96608
2020-09-02T06:51:57.581447601,18.406673,-82.96587
2020-09-02T06:51:57.639051437,18.391073,-82.96492
2020-09-02T06:51:57.643247604,18.39693,-82.96528
2020-09-02T06:51:57.653165817,18.36012,-82.96325
2020-09-02T06:51:57.655073165,18.399689,-82.96552
2020-09-02T06:51:57.710769653,18.410137,-82.96608
2020-09-02T06:51:57.712677001,18.386255,-82.971825
2020-09-02T06:51:58.293281555,19.529917,-78.44225
2020-09-02T06:51:58.317314147,19.529936,-78.4423
2020-09-02T06:51:58.539714813,19.495943,-78.46109
2020-09-02T06:51:58.557643890,19.49434,-78.457016
2020-09-02T06:51:58.563747406,19.509472,-78.441826
2020-09-02T06:51:58.565654754,19.502407,-78.44164
2020-09-02T06:51:58.577482223,19.496199,-78.454384
2020-09-02T06:51:58.593503952,19.52997,-78.44234
2020-09-02T06:51:58.627454757,19.530006,-78.44235
2020-09-02T06:51:58.704895019,19.530088,-78.44237
2020-09-02T06:51:58.887617827,19.451298,-78.82703
2020-09-02T06:51:58.909743548,19.451235,-78.82705
2020-09-02T06:51:58.911650897,19.451239,-78.82705
2020-09-02T06:51:58.913558245,19.451231,-78.817856
2020-09-02T06:51:58.915465594,19.451271,-78.82705
2020-09-02T06:51:58.917754412,19.451286,-78.82705
2020-09-02T06:51:58.919661761,19.451303,-78.82705
2020-09-02T06:51:58.965438843,19.451298,-78.82706
2020-09-02T06:51:58.967346192,19.451277,-78.82109
2020-09-02T06:51:58.969253779,19.45063,-78.82066
2020-09-02T06:51:58.990997792,19.451286,-78.827065
2020-09-02T06:51:58.993286610,19.451296,-78.827065
2020-09-02T06:51:58.999008656,19.451326,-78.827065
2020-09-02T06:51:59.000916005,19.448214,-78.81765
2020-09-02T06:51:59.003204823,19.451342,-78.827065
2020-09-02T06:51:59.031052590,19.45137,-78.827
2020-09-02T06:51:59.032959939,19.451344,-78.813324
2020-09-02T06:51:59.034867287,19.451345,-78.81279
2020-09-02T06:51:59.064622403,19.451248,-78.80148
2020-09-02T06:51:59.066529751,19.451256,-78.80165
2020-09-02T06:51:59.068819047,19.451256,-78.799126
2020-09-02T06:51:59.070726395,19.451271,-78.80269
2020-09-02T06:51:59.072633744,19.451328,-78.82705
2020-09-02T06:51:59.102388859,19.451126,-78.749565
2020-09-02T06:51:59.158083916,19.444578,-78.8134
2020-09-02T06:51:59.159991265,19.443426,-78.813774
2020-09-02T06:51:59.172198773,19.451317,-78.826996
2020-09-02T06:51:59.174106122,19.441486,-78.81473
2020-09-02T06:51:59.176013470,19.451338,-78.82703
2020-09-02T06:51:59.193943024,19.451372,-78.827034
2020-09-02T06:51:59.195850373,19.42323,-78.812996
2020-09-02T06:51:59.197757721,19.404846,-78.805115
2020-09-02T06:51:59.200046540,19.43989,-78.81453
2020-09-02T06:51:59.201953888,19.45141,-78.82705
2020-09-02T06:51:59.225605488,19.451365,-78.827034
2020-09-02T06:51:59.227894307,19.451385,-78.827034
2020-09-02T06:51:59.229801655,19.435171,-78.814575
2020-09-02T06:51:59.231709004,19.41591,-78.81
2020-09-02T06:51:59.235523701,19.451408,-78.826965
2020-09-02T06:51:59.241627217,19.371656,-78.82456
2020-09-02T06:51:59.243534565,19.41871,-78.82596
2020-09-02T06:51:59.245441914,19.419537,-78.81114
2020-09-02T06:51:59.317159653,19.451416,-78.82706
2020-09-02T06:51:59.319067002,19.440601,-78.81115
2020-09-02T06:51:59.320974350,19.451445,-78.82706
2020-09-02T06:51:59.341192246,19.395893,-78.82545
2020-09-02T06:51:59.343099595,19.45138,-78.82709
2020-09-02T06:51:59.345006943,19.451323,-78.79858
2020-09-02T06:51:59.398795128,19.451365,-78.78887
2020-09-02T06:51:59.400702477,19.455011,-78.79439
2020-09-02T06:51:59.402609826,19.448503,-78.809525
2020-09-02T06:51:59.466316224,19.3717,-78.82469
2020-09-02T06:51:59.468223572,19.439495,-78.81036
2020-09-02T06:51:59.470130921,19.371714,-78.824715
2020-09-02T06:51:59.549859524,19.371763,-78.82458
2020-09-02T06:51:59.700923920,19.45161,-78.82696
2020-09-02T06:51:59.702831269,19.446398,-78.81573
2020-09-02T06:51:59.704738617,19.4314,-78.81452
2020-09-02T06:51:59.707027436,19.44248,-78.82011
2020-09-02T06:51:59.708934784,19.429688,-78.82156
2020-09-02T06:51:59.754712105,19.371798,-78.824615
2020-09-02T06:52:01.301214218,19.53172,-78.82911
2020-09-02T06:52:01.325246810,19.507849,-78.82835
2020-09-02T06:52:01.327154159,19.503298,-78.838356
2020-09-02T06:52:01.329061985,19.508123,-78.828384
2020-09-02T06:52:01.330969333,19.488737,-78.83659
2020-09-02T06:52:01.364920616,19.508333,-78.82845
2020-09-02T06:52:01.366827964,19.531609,-78.82912
2020-09-02T06:52:01.388571739,19.50877,-78.82842
2020-09-02T06:52:01.408790111,19.5317,-78.82916
2020-09-02T06:52:01.509881019,19.497993,-78.83983
2020-09-02T06:52:01.529717922,19.508951,-78.82841
2020-09-02T06:52:04.965287208,19.530758,-78.44197
2020-09-02T06:52:04.967194557,19.530746,-78.44194
2020-09-02T06:52:05.034715652,19.530834,-78.44198
2020-09-02T06:52:05.156024932,19.53074,-78.44194
2020-09-02T06:52:05.158313751,19.522602,-78.43633
2020-09-02T06:52:05.219731330,19.518063,-78.44271
2020-09-02T06:52:05.221638679,19.505976,-78.437065
2020-09-02T06:52:05.243764877,19.507519,-78.441734
2020-09-02T06:52:05.247579574,19.516441,-78.44159
2020-09-02T06:52:05.285345077,19.530737,-78.441956
2020-09-02T06:52:05.287252426,19.510817,-78.44026
2020-09-02T06:52:05.289541244,19.530685,-78.42705
2020-09-02T06:52:05.291448593,19.530703,-78.44192
2020-09-02T06:52:05.295263290,19.530691,-78.44195
2020-09-02T06:52:05.311285972,19.53072,-78.441986
2020-09-02T06:52:05.355154991,19.519243,-78.44173
2020-09-02T06:52:05.357062339,19.500622,-78.43887
2020-09-02T06:52:05.358969688,19.530752,-78.442024
2020-09-02T06:52:05.360877037,19.490702,-78.44095
2020-09-02T06:52:05.362784385,19.508268,-78.44139
2020-09-02T06:52:05.372703552,19.508795,-78.44133
2020-09-02T06:52:05.374992370,19.48868,-78.44246
2020-09-02T06:52:05.376899719,19.489038,-78.44025
2020-09-02T06:52:05.378807067,19.53076,-78.441986
2020-09-02T06:52:05.382621765,19.450947,-78.43987
2020-09-02T06:52:05.398643493,19.476292,-78.433655
2020-09-02T06:52:05.400550842,19.485563,-78.443565
2020-09-02T06:52:05.402839660,19.4958,-78.441
2020-09-02T06:52:05.420768737,19.450916,-78.439865
2020-09-02T06:52:05.506219863,19.491856,-78.44674
2020-09-02T06:52:05.508127212,19.50599,-78.42502
2020-09-02T06:52:05.511941909,19.530663,-78.44193
2020-09-02T06:52:05.513849258,19.530659,-78.44195
2020-09-02T06:52:05.535974502,19.45091,-78.439804
2020-09-02T06:52:05.537881851,19.486343,-78.44074
2020-09-02T06:52:05.539789199,19.483227,-78.445694
2020-09-02T06:52:05.541696548,19.472008,-78.445045
2020-09-02T06:52:05.543985366,19.481073,-78.42904
2020-09-02T06:52:05.545892715,19.496454,-78.44103
2020-09-02T06:52:05.553904533,19.475023,-78.43972
2020-09-02T06:52:05.561915397,19.466402,-78.42222
2020-09-02T06:52:05.563822746,19.475704,-78.44038
2020-09-02T06:52:05.565730094,19.478704,-78.440796
2020-09-02T06:52:05.567637443,19.484953,-78.427666
2020-09-02T06:52:05.569544792,19.496294,-78.44105
2020-09-02T06:52:05.599680900,19.450937,-78.43988
2020-09-02T06:52:05.601588249,19.530746,-78.44202
2020-09-02T06:52:05.603495597,19.479143,-78.43038
2020-09-02T06:52:05.605402946,19.450848,-78.387085
2020-09-02T06:52:05.607310295,19.450848,-78.38573
2020-09-02T06:52:05.609599113,19.459543,-78.402336
2020-09-02T06:52:05.611506462,19.492956,-78.43954
2020-09-02T06:52:05.613414764,19.450949,-78.43982
2020-09-02T06:52:05.639354705,19.450811,-78.37411
2020-09-02T06:52:05.641262054,19.461342,-78.409485
2020-09-02T06:52:05.643169403,19.471575,-78.43284
2020-09-02T06:52:05.657283782,19.440321,-78.372375
2020-09-02T06:52:05.659191131,19.459232,-78.41741
2020-09-02T06:52:05.661098480,19.480364,-78.429245
2020-09-02T06:52:05.669109344,19.411194,-78.36578
2020-09-02T06:52:05.671016693,19.438261,-78.3928
2020-09-02T06:52:05.672924041,19.481718,-78.42889
2020-09-02T06:52:05.675213813,19.500486,-78.4411
2020-09-02T06:52:05.732815742,19.450787,-78.36246
2020-09-02T06:52:05.854125022,19.424105,-78.43144
2020-09-02T06:52:05.856032371,19.475664,-78.432205
2020-09-02T06:52:05.857939720,19.464495,-78.426865
2020-09-02T06:52:05.933472633,19.530647,-78.441956
2020-09-02T06:52:06.299307823,19.531422,-78.82896
2020-09-02T06:52:06.301215171,19.484179,-78.85379
2020-09-02T06:52:07.301062583,18.771492,-82.35728
2020-09-02T06:52:07.303351402,18.752678,-82.345276
2020-09-02T06:52:07.392616271,18.766724,-82.35665
2020-09-02T06:52:07.424660682,18.769182,-82.35977
2020-09-02T06:52:07.426568031,18.752684,-82.345665
2020-09-02T06:52:07.428475379,18.752817,-82.36292
2020-09-02T06:52:07.738615036,18.75263,-82.33712
2020-09-02T06:52:07.740522384,18.752665,-82.342
2020-09-02T06:52:07.742429733,18.75281,-82.36288
2020-09-02T06:52:07.744718551,18.752666,-82.3417
2020-09-02T06:52:07.782485008,18.752903,-82.36292
2020-09-02T06:52:07.784392356,18.745674,-82.389595
2020-09-02T06:52:07.830168724,18.753078,-82.39719
2020-09-02T06:52:08.708707809,18.52012,-83.01522
2020-09-02T06:52:08.907456398,18.477493,-82.91331
2020-09-02T06:52:08.909745216,18.52018,-83.01743
2020-09-02T06:52:08.995195388,18.42568,-82.99705
2020-09-02T06:52:09.058901786,18.40098,-83.00416
2020-09-02T06:52:09.078739166,18.519249,-82.8961
2020-09-02T06:52:09.078739166,18.360994,-82.88477
2020-09-02T06:52:09.146260261,18.361948,-83.000244
2020-09-02T06:52:09.146260261,18.5205,-83.04944
2020-09-02T06:52:09.229803085,18.36096,-82.88479
2020-09-02T06:52:09.267569541,18.3947,-82.99464
2020-09-02T06:52:09.269476890,18.388649,-82.98234
2020-09-02T06:52:09.394600868,18.386078,-83.00256
2020-09-02T06:52:09.394600868,18.202627,-82.79827
2020-09-02T06:52:11.317237854,19.104126,-82.8706
2020-09-02T06:52:11.468301773,19.116846,-82.86799
2020-09-02T06:52:10.567638397,19.51042,-78.84909
2020-09-02T06:52:10.573741912,19.532192,-78.82856
2020-09-02T06:52:10.575649261,19.53218,-78.82855
2020-09-02T06:52:10.597393035,19.532228,-78.8285
2020-09-02T06:52:10.690855026,19.532242,-78.82842
2020-09-02T06:52:10.692762374,19.532227,-78.82845
2020-09-02T06:52:10.698865890,19.50865,-78.84608
2020-09-02T06:52:10.700773239,19.498278,-78.84407
2020-09-02T06:52:10.703062057,19.506071,-78.82779
2020-09-02T06:52:10.704969406,19.489471,-78.83279
2020-09-02T06:52:10.706876754,19.481833,-78.817635
2020-09-02T06:52:10.712980270,19.452366,-78.82616
2020-09-02T06:52:10.738538742,19.492085,-78.827286
2020-09-02T06:52:10.851837158,19.512209,-78.84912
2020-09-02T06:52:10.909440040,19.532337,-78.82858
2020-09-02T06:52:10.911728858,19.532335,-78.82858
2020-09-02T06:52:10.933472633,19.511786,-78.8479
2020-09-02T06:52:10.935380935,19.532288,-78.82859
2020-09-02T06:52:10.967424392,19.512585,-78.847145
2020-09-02T06:52:10.975053787,19.51713,-78.84232
2020-09-02T06:52:10.977342605,19.532228,-78.828674
2020-09-02T06:52:10.979249954,19.512566,-78.849945
2020-09-02T06:52:11.092548370,19.5147,-78.84553
2020-09-02T06:52:11.110477447,19.532314,-78.82857
2020-09-02T06:52:11.112384796,19.52203,-78.8389
2020-09-02T06:52:11.114292144,19.522892,-78.83859
2020-09-02T06:52:11.116580963,19.516258,-78.84138
2020-09-02T06:52:11.118488311,19.532326,-78.828636
2020-09-02T06:52:11.130313873,19.532274,-78.82857
2020-09-02T06:52:11.132221221,19.521801,-78.838455
2020-09-02T06:52:11.134128570,19.532299,-78.82859
2020-09-02T06:52:11.144046783,19.51944,-78.750824
2020-09-02T06:52:11.154348373,19.532139,-78.751175
2020-09-02T06:52:11.182195663,19.518875,-78.7508
2020-09-02T06:52:11.184103012,19.517025,-78.75073
2020-09-02T06:52:11.192113876,19.518343,-78.746056
2020-09-02T06:52:11.194021224,19.52621,-78.74884
2020-09-02T06:52:11.195928573,19.520868,-78.75008
2020-09-02T06:52:11.231786727,19.519505,-78.75082
2020-09-02T06:52:11.233694076,19.532104,-78.75118
2020-09-02T06:52:11.261541366,19.518133,-78.74575
2020-09-02T06:52:11.283287048,19.516956,-78.750755
2020-09-02T06:52:11.297401428,19.532158,-78.7512
2020-09-02T06:52:11.343177795,19.517872,-78.745514
2020-09-02T06:52:11.356910705,19.53217,-78.75122
2020-09-02T06:52:11.358818054,19.532162,-78.75122
2020-09-02T06:52:11.361106872,19.532154,-78.75122
2020-09-02T06:52:11.363014221,19.532148,-78.75123
2020-09-02T06:52:11.364921569,19.509775,-78.75125
2020-09-02T06:52:11.382850646,19.514738,-78.76144
2020-09-02T06:52:11.452280044,19.505003,-78.75086
2020-09-02T06:52:11.474405288,19.51814,-78.763885
2020-09-02T06:52:11.504159927,19.532223,-78.751236
2020-09-02T06:52:11.565578460,19.53226,-78.75122
2020-09-02T06:52:11.625469207,19.532389,-78.82864
2020-09-02T06:52:11.850158691,19.451714,-78.43942
2020-09-02T06:52:11.873809814,19.464064,-78.453674
2020-09-02T06:52:11.879913330,19.451765,-78.439514
2020-09-02T06:52:11.885635375,19.464323,-78.45508
2020-09-02T06:52:11.891738891,19.466936,-78.461296
2020-09-02T06:52:11.893646240,19.451641,-78.43948
2020-09-02T06:52:11.895555496,19.463322,-78.46266
2020-09-02T06:52:11.897844314,19.461294,-78.46528
2020-09-02T06:52:11.899751663,19.451761,-78.45852
2020-09-02T06:52:11.929506301,19.460545,-78.459785
2020-09-02T06:52:11.931413650,19.463097,-78.46221
2020-09-02T06:52:11.945528030,19.45179,-78.43952
2020-09-02T06:52:12.019153594,19.463303,-78.46524
2020-09-02T06:52:12.074848175,19.460182,-78.45629
2020-09-02T06:52:12.076755523,19.45183,-78.45874
2020-09-02T06:52:13.140691757,14.766704,-77.986755
2020-09-02T06:52:13.142980575,14.7667885,-77.983864
2020-09-02T06:52:13.144887924,14.768944,-77.98721
2020-09-02T06:52:13.146795272,14.7627,-77.986755
2020-09-02T06:52:13.148702621,14.76893,-77.986275
2020-09-02T06:52:13.150991439,14.768919,-77.978264
2020-09-02T06:52:13.152898788,14.75561,-77.99105
2020-09-02T06:52:13.154806137,14.768931,-77.9883
2020-09-02T06:52:13.156713485,14.768927,-77.97027
2020-09-02T06:52:13.158620834,14.768934,-77.97624
2020-09-02T06:52:13.160909652,14.768934,-77.96566
2020-09-02T06:52:13.162817001,14.768932,-77.9662
2020-09-02T06:52:13.164724349,14.76893,-77.97008
2020-09-02T06:52:13.166631698,14.768924,-77.96641
2020-09-02T06:52:13.168539047,14.768915,-77.95605
2020-09-02T06:52:13.170827865,14.763103,-77.97465
2020-09-02T06:52:13.176549911,14.767259,-77.97112
2020-09-02T06:52:13.178838729,14.768929,-77.97246
2020-09-02T06:52:13.184560775,14.768923,-77.961716
2020-09-02T06:52:13.186468124,14.768918,-77.95598
2020-09-02T06:52:13.188756942,14.768915,-77.95599
2020-09-02T06:52:13.202489852,14.767401,-77.9695
2020-09-02T06:52:13.204397201,14.768926,-77.96775
2020-09-02T06:52:13.206304550,14.767878,-77.97223
2020-09-02T06:52:13.208593368,14.76892,-77.97088
2020-09-02T06:52:13.210500717,14.773986,-77.96936
2020-09-02T06:52:13.212408065,14.768913,-77.95603
2020-09-02T06:52:13.214315414,14.768923,-77.956024
2020-09-02T06:52:13.236440658,14.7786455,-77.99304
2020-09-02T06:52:13.238348007,14.7689295,-77.97989
2020-09-02T06:52:13.244070053,14.768924,-77.95604
2020-09-02T06:52:13.246358871,14.768944,-77.95604
2020-09-02T06:52:13.254369735,14.768981,-77.95599
2020-09-02T06:52:14.345771789,14.888624,-77.93386
2020-09-02T06:52:14.347679138,14.999103,-77.926765
2020-09-02T06:52:14.349586486,14.998707,-77.88512
2020-09-02T06:52:14.361412048,14.951594,-77.9331
2020-09-02T06:52:14.395364761,14.998698,-77.88519
2020-09-02T06:52:14.407190322,14.91472,-77.93486
2020-09-02T06:52:14.054706573,19.488605,-78.45613
2020-09-02T06:52:14.082553863,19.53165,-78.441795
2020-09-02T06:52:14.116504669,19.451973,-78.439735
2020-09-02T06:52:14.174108505,19.498524,-78.45576
2020-09-02T06:52:14.176015853,19.45192,-78.43975
2020-09-02T06:52:14.195852279,19.501432,-78.45235
2020-09-02T06:52:14.217977523,19.508308,-78.44125
2020-09-02T06:52:14.239721298,19.531782,-78.44182
2020-09-02T06:52:14.328987121,19.531725,-78.44188
2020-09-02T06:52:14.343101501,19.5033,-78.44114
2020-09-02T06:52:14.351112365,19.531734,-78.44184
2020-09-02T06:52:14.356834411,19.499388,-78.439095
2020-09-02T06:52:14.369041442,19.513348,-78.44108
2020-09-02T06:52:14.382776260,19.498066,-78.44722
2020-09-02T06:52:14.384683609,19.49891,-78.45579
2020-09-02T06:52:14.386972427,19.531738,-78.441895
2020-09-02T06:52:14.436563491,19.495298,-78.45554
2020-09-02T06:52:14.438470840,19.507124,-78.415596
2020-09-02T06:52:14.458307266,19.499855,-78.44482
2020-09-02T06:52:14.470132827,19.531723,-78.44194
2020-09-02T06:52:14.486154556,19.53171,-78.441895
2020-09-02T06:52:14.504085540,19.531746,-78.441925
2020-09-02T06:52:14.535747528,19.504862,-78.4391
2020-09-02T06:52:14.538036346,19.506887,-78.41301
2020-09-02T06:52:14.557872772,19.498837,-78.446655
2020-09-02T06:52:14.563594818,19.53175,-78.44192
2020-09-02T06:52:14.571605682,19.53174,-78.441986
2020-09-02T06:52:14.579616546,19.531725,-78.44192
2020-09-02T06:52:14.589534759,19.53178,-78.441864
2020-09-02T06:52:14.625394821,19.498486,-78.44701
2020-09-02T06:52:14.686811447,19.503056,-78.453964
2020-09-02T06:52:14.774551391,19.531765,-78.441925
2020-09-02T06:52:14.776458740,19.531721,-78.41874
2020-09-02T06:52:14.820327758,19.531754,-78.441925
2020-09-02T06:52:15.792327880,19.471048,-78.840454
2020-09-02T06:52:15.794235229,19.45288,-78.826515
2020-09-02T06:52:15.800338745,19.452887,-78.84361
2020-09-02T06:52:15.857942581,19.467136,-78.84614
2020-09-02T06:52:15.859849929,19.45289,-78.84609
2020-09-02T06:52:15.869768142,19.452843,-78.84881
2020-09-02T06:52:15.937288284,19.467115,-78.84592
2020-09-02T06:52:15.951402664,19.45278,-78.82659
2020-09-02T06:52:15.953310012,19.465,-78.844894
2020-09-02T06:52:15.965135574,19.452826,-78.82657
2020-09-02T06:52:15.967424392,19.45282,-78.82656
2020-09-02T06:52:15.969331741,19.459288,-78.84173
2020-09-02T06:52:15.971239089,19.452808,-78.826546
2020-09-02T06:52:16.064701080,19.452845,-78.82651
2020-09-02T06:52:16.134130477,19.462652,-78.84237
2020-09-02T06:52:16.136419296,19.450342,-78.84747
2020-09-02T06:52:16.158163070,19.45508,-78.841934
2020-09-02T06:52:16.253532409,19.45615,-78.8425
2020-09-02T06:52:16.269554138,19.452671,-78.826584
2020-09-02T06:52:16.271461486,19.452713,-78.84254
2020-09-02T06:52:16.281379699,19.452753,-78.82653
2020-09-02T06:52:16.283287048,19.452774,-78.8419
2020-09-02T06:52:16.305412292,19.452745,-78.841774
2020-09-02T06:52:16.319145202,19.45276,-78.84071
2020-09-02T06:52:16.321052551,19.452715,-78.82665
2020-09-02T06:52:16.366830825,19.455366,-78.840385
2020-09-02T06:52:16.368738174,19.452698,-78.82661
2020-09-02T06:52:16.372934341,19.452717,-78.841034
2020-09-02T06:52:16.406503677,19.452682,-78.82663
2020-09-02T06:52:16.408792495,19.447464,-78.8404
2020-09-02T06:52:16.410699844,19.452736,-78.8399
2020-09-02T06:52:16.412607192,19.452705,-78.826614
2020-09-02T06:52:16.414514541,19.45271,-78.82662
2020-09-02T06:52:16.416421890,19.452711,-78.82664
2020-09-02T06:52:16.436639785,19.431772,-78.82596
2020-09-02T06:52:16.438547134,19.44292,-78.83448
2020-09-02T06:52:16.440454483,19.443298,-78.83741
2020-09-02T06:52:16.442361831,19.45163,-78.83446
2020-09-02T06:52:16.444269180,19.452663,-78.8266
2020-09-02T06:52:16.450372695,19.430403,-78.82165
2020-09-02T06:52:16.452280044,19.438715,-78.83064
2020-09-02T06:52:16.573589324,19.445347,-78.835
2020-09-02T06:52:18.444345474,19.53199,-78.82928
2020-09-02T06:52:18.490123748,19.532051,-78.82936
2020-09-02T06:52:19.333185195,19.92169,-79.67539
2020-09-02T06:52:19.335092544,19.934725,-79.69662
2020-09-02T06:52:19.336999893,19.934738,-79.69661
2020-09-02T06:52:19.343103408,19.934765,-79.69661
2020-09-02T06:52:19.345010757,19.934765,-79.69662
2020-09-02T06:52:19.346918106,19.934765,-79.696625
2020-09-02T06:52:19.376672744,19.88618,-79.69477
2020-09-02T06:52:19.388879776,19.85458,-79.693634
2020-09-02T06:52:19.396509170,19.854599,-79.69364
2020-09-02T06:52:19.398797988,19.854614,-79.69364
2020-09-02T06:52:19.402612686,19.854649,-79.69366
2020-09-02T06:52:19.410623550,19.85473,-79.693726
2020-09-02T06:52:19.424356460,19.854588,-79.69366
2020-09-02T06:52:19.434656143,19.491766,-78.456085
2020-09-02T06:52:19.440378189,19.512842,-78.45698
2020-09-02T06:52:19.450298309,19.531134,-78.442345
2020-09-02T06:52:19.478145599,19.531149,-78.44244
2020-09-02T06:52:19.505992889,19.53113,-78.44243
2020-09-02T06:52:19.507900238,19.514872,-78.45391
2020-09-02T06:52:19.510189056,19.51255,-78.44193
2020-09-02T06:52:20.384909629,19.514986,-78.45247
2020-09-02T06:52:20.434501647,19.531294,-78.44256
2020-09-02T06:52:20.436408996,19.531301,-78.44255
2020-09-02T06:52:20.466164112,19.50283,-78.44181
2020-09-02T06:52:20.519951820,19.502825,-78.44171
2020-09-02T06:52:20.537881374,19.499441,-78.441666
2020-09-02T06:52:20.541696071,19.531353,-78.44253
2020-09-02T06:52:20.543984889,19.48799,-78.44139
2020-09-02T06:52:20.545892238,19.48374,-78.43785
2020-09-02T06:52:20.547799587,19.481556,-78.445694
2020-09-02T06:52:20.563821792,19.451591,-78.44042
2020-09-02T06:52:20.565729141,19.484818,-78.44063
2020-09-02T06:52:20.569543838,19.50086,-78.441795
2020-09-02T06:52:20.623332023,19.484562,-78.442566
2020-09-02T06:52:20.625239372,19.484396,-78.43366
2020-09-02T06:52:20.639353752,19.478676,-78.43819
2020-09-02T06:52:20.693141937,19.48553,-78.4374
2020-09-02T06:52:20.695049285,19.45158,-78.44042
2020-09-02T06:52:20.720989704,19.484245,-78.43602
2020-09-02T06:52:22.398719310,18.917274,-82.99606
2020-09-02T06:52:22.444496631,18.926407,-82.98641
2020-09-02T06:52:22.468147754,18.917215,-82.9839
2020-09-02T06:52:22.573435306,18.917341,-82.99613
2020-09-02T06:52:25.591670036,19.50253,-78.8482
2020-09-02T06:52:25.593577384,19.532011,-78.829704
2020-09-02T06:52:25.625240325,19.532066,-78.82968
2020-09-02T06:52:25.627529144,19.496315,-78.84261
2020-09-02T06:52:25.629436492,19.532063,-78.82969
2020-09-02T06:52:25.633251190,19.4821,-78.839264
2020-09-02T06:52:25.635158538,19.48719,-78.84688
2020-09-02T06:52:25.637447357,19.48124,-78.839874
2020-09-02T06:52:25.639354705,19.483309,-78.82824
2020-09-02T06:52:25.740827560,19.480553,-78.83756
2020-09-02T06:52:25.742734909,19.478193,-78.83893
2020-09-02T06:52:25.744642257,19.476276,-78.83715
2020-09-02T06:52:25.746549606,19.477331,-78.8345
2020-09-02T06:52:25.748456954,19.477293,-78.83451
2020-09-02T06:52:25.750745773,19.469147,-78.823296
2020-09-02T06:52:25.752653121,19.472607,-78.82443
2020-09-02T06:52:25.754560470,19.452164,-78.82721
2020-09-02T06:52:25.778593063,19.452137,-78.800285
2020-09-02T06:52:25.780500411,19.47342,-78.82623
2020-09-02T06:52:25.782407760,19.452116,-78.79961
2020-09-02T06:52:25.786222457,19.494186,-78.8285
2020-09-02T06:52:25.802245140,19.45211,-78.79382
2020-09-02T06:52:25.881973266,19.47603,-78.82635
2020-09-02T06:52:25.891891479,19.452183,-78.827354
2020-09-02T06:52:26.025026321,19.475964,-78.82855
2020-09-02T06:52:26.026933670,19.452177,-78.82724
2020-09-02T06:52:26.033037185,19.452171,-78.82725
2020-09-02T06:52:26.034944534,19.469908,-78.81361
2020-09-02T06:52:26.041048049,19.477007,-78.82799
2020-09-02T06:52:26.056689262,19.470062,-78.82172
2020-09-02T06:52:25.357062339,18.395744,-82.96562
2020-09-02T06:52:25.358969688,18.395903,-82.96565
2020-09-02T06:52:25.396736145,18.411716,-82.966515
2020-09-02T06:52:25.400550842,18.406616,-82.966194
2020-09-02T06:52:25.498208999,18.440811,-82.96823
2020-09-02T06:52:25.599680900,18.361654,-82.96376
2020-09-02T06:52:25.601588249,18.392025,-82.9655
2020-09-02T06:52:25.603495597,18.36163,-82.96373
2020-09-02T06:52:25.605402946,18.385544,-82.96508
2020-09-02T06:52:25.607310295,18.381237,-82.964806
2020-09-02T06:52:25.609599113,18.38495,-82.965
2020-09-02T06:52:25.611506462,18.386375,-82.965065
2020-09-02T06:52:25.672924041,18.361643,-82.96363
2020-09-02T06:52:25.688946723,18.390488,-82.965294
2020-09-02T06:52:25.690854072,18.36162,-82.96363
2020-09-02T06:52:25.744642257,18.378378,-82.965805
2020-09-02T06:52:25.752653121,18.399397,-82.965744
2020-09-02T06:52:25.768674850,18.383116,-82.97073
2020-09-02T06:52:25.772489547,18.386953,-82.965065
2020-09-02T06:52:25.782407760,18.384203,-82.96492
2020-09-02T06:52:25.784315109,18.384441,-82.96494
2020-09-02T06:52:25.790418624,18.37877,-82.96464
2020-09-02T06:52:25.792325973,18.382957,-82.96611
2020-09-02T06:52:25.794233322,18.373405,-82.95901
2020-09-02T06:52:25.796140670,18.376003,-82.961784
2020-09-02T06:52:25.798429489,18.361603,-82.9637
2020-09-02T06:52:25.806441307,18.3807,-82.9664
2020-09-02T06:52:25.851836204,18.376066,-82.96236
2020-09-02T06:52:25.854125022,18.3616,-82.96363
2020-09-02T06:52:25.859847068,18.380026,-82.96469
2020-09-02T06:52:25.872055053,18.376738,-82.95941
2020-09-02T06:52:25.881973266,18.361616,-82.963684
2020-09-02T06:52:25.893798828,18.383408,-82.96498
2020-09-02T06:52:25.899520874,18.361624,-82.96368
2020-09-02T06:52:25.901809692,18.361631,-82.96367
2020-09-02T06:52:25.903717041,18.375788,-82.96194
2020-09-02T06:52:25.905624389,18.361662,-82.96368
2020-09-02T06:52:25.907531738,18.369455,-82.95812
2020-09-02T06:52:25.909820556,18.375597,-82.964485
2020-09-02T06:52:25.913635253,18.361685,-82.963684
2020-09-02T06:52:25.937287330,18.366852,-82.952225
2020-09-02T06:52:25.939576148,18.37751,-82.96377
2020-09-02T06:52:25.973145484,18.38024,-82.96468
2020-09-02T06:52:25.975434303,18.3615,-82.94878
2020-09-02T06:52:25.985353469,18.38025,-82.9647
2020-09-02T06:52:26.026933670,18.36957,-82.96006
2020-09-02T06:52:26.028841018,18.362696,-82.96338
2020-09-02T06:52:26.054781913,18.361586,-82.96364
2020-09-02T06:52:26.056689262,18.37142,-82.95474
2020-09-02T06:52:26.130313873,18.370203,-82.9605
2020-09-02T06:52:26.237508773,18.374018,-82.95832
2020-09-02T06:52:26.295493125,18.37202,-82.95582
2020-09-02T06:52:27.390708923,19.531683,-78.82973
2020-09-02T06:52:27.448311805,19.531633,-78.82976
2020-09-02T06:52:27.520029067,19.531624,-78.81966
2020-09-02T06:52:27.521936416,19.531645,-78.82973
2020-09-02T06:52:27.526132583,19.531599,-78.81793
2020-09-02T06:52:27.528039932,19.531586,-78.816345
2020-09-02T06:52:27.529947280,19.531567,-78.81243
2020-09-02T06:52:27.531855583,19.531614,-78.829735
2020-09-02T06:52:27.587550163,19.531487,-78.79924
2020-09-02T06:52:27.589457511,19.53317,-78.79532
2020-09-02T06:52:27.591746330,19.531496,-78.80287
2020-09-02T06:52:27.651256561,19.531574,-78.80416
2020-09-02T06:52:27.764554977,19.53164,-78.82973
2020-09-02T06:52:27.766462326,19.53594,-78.80436
2020-09-02T06:52:27.780577659,19.5316,-78.829704
2020-09-02T06:52:27.818343162,19.53156,-78.800095
2020-09-02T06:52:27.832076072,19.531534,-78.8043
2020-09-02T06:52:27.859924316,19.53159,-78.802666
2020-09-02T06:52:27.879760742,19.531578,-78.8063
2020-09-02T06:52:27.881668090,19.53156,-78.7976
2020-09-02T06:52:27.921723365,19.531603,-78.80579
2020-09-02T06:52:28.043032646,19.531708,-78.829796
2020-09-02T06:52:28.108646392,19.542717,-78.79113
2020-09-02T06:52:28.017091751,19.451052,-78.44059
2020-09-02T06:52:28.035021781,19.451109,-78.4406
2020-09-02T06:52:28.036929130,19.45108,-78.44061
2020-09-02T06:52:28.043032646,19.451038,-78.44061
2020-09-02T06:52:28.044939994,19.451046,-78.4406
2020-09-02T06:52:28.152134895,19.450998,-78.440636
2020-09-02T06:52:28.154042243,19.46298,-78.46027
2020-09-02T06:52:28.156331062,19.46015,-78.4607
2020-09-02T06:52:28.158238410,19.459084,-78.46229
2020-09-02T06:52:28.163960456,19.451065,-78.44066
2020-09-02T06:52:28.166249275,19.451056,-78.440674
2020-09-02T06:52:28.187993049,19.454567,-78.45187
2020-09-02T06:52:28.189900398,19.451103,-78.44069
2020-09-02T06:52:28.223852157,19.45106,-78.44067
2020-09-02T06:52:28.233770370,19.453941,-78.435104
2020-09-02T06:52:28.235677719,19.452309,-78.447395
2020-09-02T06:52:28.249792098,19.451069,-78.39485
2020-09-02T06:52:28.251699447,19.452728,-78.43565
2020-09-02T06:52:28.277640342,19.451084,-78.45943
2020-09-02T06:52:28.321127891,19.45099,-78.42146
2020-09-02T06:52:28.323035240,19.451075,-78.440605
2020-09-02T06:52:28.392845153,19.456568,-78.43675
2020-09-02T06:52:28.400856971,19.45104,-78.44065
2020-09-02T06:52:28.466470718,19.452124,-78.44317
2020-09-02T06:52:28.509958267,19.452974,-78.428406
2020-09-02T06:52:28.512247085,19.451115,-78.411026
2020-09-02T06:52:28.585491180,19.451166,-78.44075
2020-09-02T06:52:31.338981628,19.531502,-78.4429
2020-09-02T06:52:31.364921569,19.53159,-78.44283
2020-09-02T06:52:31.410699844,19.505102,-78.4422
2020-09-02T06:52:31.428628921,19.507887,-78.42714
2020-09-02T06:52:31.456476211,19.502577,-78.44212
2020-09-02T06:52:31.478219985,19.501623,-78.4421
2020-09-02T06:52:31.507974624,19.53162,-78.44291
2020-09-02T06:52:31.676969528,19.502077,-78.42807
2020-09-02T06:52:31.689176559,19.499063,-78.442085
2020-09-02T06:52:31.702909469,19.531605,-78.4429
2020-09-02T06:52:31.704816818,19.531591,-78.4429
2020-09-02T06:52:31.709012985,19.531567,-78.442894
2020-09-02T06:52:31.720838546,19.48501,-78.43818
2020-09-02T06:52:31.734571456,19.501415,-78.4423
2020-09-02T06:52:31.748685836,19.512726,-78.44235
2020-09-02T06:52:31.764707565,19.53167,-78.44286
2020-09-02T06:52:31.782257080,19.511063,-78.442406
2020-09-02T06:52:31.802474975,19.500315,-78.43289
2020-09-02T06:52:31.822311401,19.495752,-78.43262
2020-09-02T06:52:31.837951660,19.511578,-78.44242
2020-09-02T06:52:31.875717163,19.474482,-78.41549
2020-09-02T06:52:31.878005981,19.495424,-78.43399
2020-09-02T06:52:31.889831542,19.503704,-78.44209
2020-09-02T06:52:31.929506301,19.511406,-78.4287
2020-09-02T06:52:31.945528030,19.490116,-78.431725
2020-09-02T06:52:32.034793853,18.400219,-83.09797
2020-09-02T06:52:32.130161285,18.398554,-83.08653
2020-09-02T06:52:32.132450103,18.383701,-83.07488
2020-09-02T06:52:31.663236618,19.487291,-78.8286
2020-09-02T06:52:31.736860275,19.48626,-78.84447
2020-09-02T06:52:31.752500534,19.532507,-78.829926
2020-09-02T06:52:31.758604049,19.484224,-78.82852
2020-09-02T06:52:31.768522262,19.474754,-78.8404
2020-09-02T06:52:31.770431518,19.452726,-78.82751
2020-09-02T06:52:31.824218750,19.484528,-78.82852
2020-09-02T06:52:31.826126098,19.475924,-78.84329
2020-09-02T06:52:31.828033447,19.477444,-78.844604
2020-09-02T06:52:31.847869873,19.475782,-78.84298
2020-09-02T06:52:31.852066040,19.452688,-78.82752
2020-09-02T06:52:31.947435379,19.479462,-78.83971
2020-09-02T06:52:31.949342727,19.475248,-78.84446
2020-09-02T06:52:32.056919097,19.487858,-78.82853
2020-09-02T06:52:32.086673736,19.452631,-78.82755
2020-09-02T06:52:32.110324859,19.476042,-78.84168
2020-09-02T06:52:32.142370223,19.452646,-78.8275
2020-09-02T06:52:32.325096130,19.452507,-78.82747
2020-09-02T06:52:32.335014343,19.452549,-78.82751
2020-09-02T06:52:32.341117858,19.492088,-78.82871
2020-09-02T06:52:32.343025207,19.468904,-78.829
2020-09-02T06:52:32.370872497,19.492355,-78.82863
2020-09-02T06:52:32.446405410,19.495436,-78.82877
2020-09-02T06:52:32.448312759,19.449183,-78.809395
2020-09-02T06:52:32.500192642,19.470701,-78.81532
2020-09-02T06:52:32.502099990,19.468067,-78.81523
2020-09-02T06:52:32.516216278,19.452435,-78.75012
2020-09-02T06:52:32.518123626,19.470863,-78.80313
2020-09-02T06:52:32.520030975,19.469656,-78.805824
2020-09-02T06:52:32.521938323,19.460766,-78.80095
2020-09-02T06:52:32.523845672,19.466936,-78.79368
2020-09-02T06:52:32.561611175,19.452572,-78.78164
2020-09-02T06:52:32.563899993,19.452583,-78.788025
2020-09-02T06:52:32.565807342,19.452488,-78.75012
2020-09-02T06:52:32.567714691,19.467361,-78.784
2020-09-02T06:52:32.569622039,19.467762,-78.78932
2020-09-02T06:52:32.571529388,19.466335,-78.80013
2020-09-02T06:52:32.585643768,19.452417,-78.750114
2020-09-02T06:52:32.587551116,19.458559,-78.75536
2020-09-02T06:52:32.589458465,19.46504,-78.77845
2020-09-02T06:52:32.591747283,19.452513,-78.786575
2020-09-02T06:52:32.599376678,19.460524,-78.74165
2020-09-02T06:52:32.601665496,19.465025,-78.75777
2020-09-02T06:52:32.603572845,19.464245,-78.79225
2020-09-02T06:52:32.609294891,19.452412,-78.75007
2020-09-02T06:52:32.712675094,19.466785,-78.78064
2020-09-02T06:52:32.714963912,19.457829,-78.791695
2020-09-02T06:52:32.716871261,19.45241,-78.75007
2020-09-02T06:52:32.740522384,19.46744,-78.76466
2020-09-02T06:52:32.742811203,19.452433,-78.77984
2020-09-02T06:52:32.802322387,19.474688,-78.80466
2020-09-02T06:52:32.804229736,19.465813,-78.76182
2020-09-02T06:52:32.875946044,19.465158,-78.77589
2020-09-02T06:52:32.877853393,19.463657,-78.755
2020-09-02T06:52:32.887773513,19.464735,-78.75391
2020-09-02T06:52:32.959489822,19.452496,-78.827446
2020-09-02T06:52:32.961397171,19.46589,-78.77331
2020-09-02T06:52:32.963304519,19.452396,-78.792145
2020-09-02T06:52:32.965211868,19.46214,-78.73851
2020-09-02T06:52:32.981233596,19.466787,-78.735
2020-09-02T06:52:32.983140945,19.465649,-78.73251
2020-09-02T06:52:32.985048294,19.466974,-78.75855
2020-09-02T06:52:32.987337112,19.452412,-78.77133
2020-09-02T06:52:32.989244461,19.452362,-78.75014
2020-09-02T06:52:32.991151809,19.452288,-78.71938
2020-09-02T06:52:32.993059158,19.45241,-78.77777
2020-09-02T06:52:32.995347976,19.452255,-78.71858
2020-09-02T06:52:32.997255325,19.452238,-78.71723
2020-09-02T06:52:32.999162673,19.45221,-78.71164
2020-09-02T06:52:33.110553741,19.460987,-78.781136
2020-09-02T06:52:33.114368438,19.452242,-78.70871
2020-09-02T06:52:33.116275787,19.466265,-78.73135
2020-09-02T06:52:33.134206771,19.452213,-78.69251
2020-09-02T06:52:33.136495590,19.464907,-78.722015
2020-09-02T06:52:33.138402938,19.465012,-78.72574
2020-09-02T06:52:33.140310287,19.46625,-78.75687
2020-09-02T06:52:33.142217636,19.452316,-78.75014
2020-09-02T06:52:33.146413803,19.45223,-78.70889
2020-09-02T06:52:33.148321151,19.463985,-78.78452
2020-09-02T06:52:33.152135848,19.452152,-78.672714
2020-09-02T06:52:33.154043197,19.45633,-78.715355
2020-09-02T06:52:33.156332015,19.458282,-78.7138
2020-09-02T06:52:33.160146713,19.452297,-78.750114
2020-09-02T06:52:33.178075790,19.452173,-78.67273
2020-09-02T06:52:33.179983139,19.45228,-78.71573
2020-09-02T06:52:33.181890487,19.464449,-78.778786
2020-09-02T06:52:33.271537780,19.45218,-78.672676
2020-09-02T06:52:33.273445129,19.47463,-78.80238
2020-09-02T06:52:33.275352478,19.452463,-78.77743
2020-09-02T06:52:33.285270690,19.462257,-78.718704
2020-09-02T06:52:33.313117980,19.452206,-78.71402
2020-09-02T06:52:36.177999496,19.451132,-78.440475
2020-09-02T06:52:36.182195663,19.483606,-78.460655
2020-09-02T06:52:36.189825057,19.451117,-78.44048
2020-09-02T06:52:36.192113876,19.471495,-78.45902
2020-09-02T06:52:36.194021224,19.451145,-78.440506
2020-09-02T06:52:36.195928573,19.464184,-78.46642
2020-09-02T06:52:36.197835922,19.46869,-78.455444
2020-09-02T06:52:36.200124740,19.459171,-78.46788
2020-09-02T06:52:36.202032089,19.451242,-78.46455
2020-09-02T06:52:36.203939437,19.451172,-78.440544
2020-09-02T06:52:36.269554138,19.46528,-78.467186
2020-09-02T06:52:36.319145202,19.451109,-78.44046
2020-09-02T06:52:36.676969528,19.531727,-78.82971
2020-09-02T06:52:36.683073043,19.531734,-78.829704
2020-09-02T06:52:36.800186157,19.504513,-78.85528
2020-09-02T06:52:36.802474975,19.500504,-78.859055
2020-09-02T06:52:36.814300537,19.500154,-78.8586
2020-09-02T06:52:36.828033447,19.452047,-78.90472
2020-09-02T06:52:36.845964431,19.47651,-78.893814
2020-09-02T06:52:36.847871780,19.472635,-78.883095
2020-09-02T06:52:36.850160598,19.485777,-78.86546
2020-09-02T06:52:36.852067947,19.478008,-78.87588
2020-09-02T06:52:36.853975296,19.474257,-78.88606
2020-09-02T06:52:36.855882644,19.480682,-78.8778
2020-09-02T06:52:36.861986160,19.45211,-78.90476
2020-09-02T06:52:36.863893508,19.45211,-78.90476
2020-09-02T06:52:36.868089675,19.452108,-78.90475
2020-09-02T06:52:36.879915237,19.452051,-78.90467
2020-09-02T06:52:36.969181060,19.5317,-78.82962
2020-09-02T06:52:37.009235382,19.531702,-78.82962
2020-09-02T06:52:37.013050079,19.452078,-78.90466
2020-09-02T06:52:37.014957427,19.467674,-78.88998
2020-09-02T06:52:37.016864776,19.452066,-78.90469
2020-09-02T06:52:37.021060943,19.45211,-78.92474
2020-09-02T06:52:40.227741718,19.498297,-78.478455
2020-09-02T06:52:40.247578620,19.530798,-78.462036
2020-09-02T06:52:40.259404182,19.530602,-78.44164
2020-09-02T06:52:40.273518562,19.530657,-78.44164
2020-09-02T06:52:40.287251949,19.53061,-78.44159
2020-09-02T06:52:40.301366329,19.530695,-78.44172
2020-09-02T06:52:40.307470321,19.530622,-78.44169
2020-09-02T06:52:40.476463794,19.492025,-78.462654
2020-09-02T06:52:40.478371143,19.530645,-78.44171
2020-09-02T06:52:40.482185840,19.509668,-78.45803
2020-09-02T06:52:40.488289356,19.5306,-78.44168
2020-09-02T06:52:40.502022743,19.490168,-78.462906
2020-09-02T06:52:42.915618896,18.830856,-82.212326
2020-09-02T06:52:42.923629760,18.830797,-82.21229
2020-09-02T06:52:42.925537109,18.830633,-82.1844
2020-09-02T06:52:42.927444458,18.830843,-82.212296
2020-09-02T06:52:42.993058204,18.751623,-82.208084
2020-09-02T06:52:43.009079933,18.751528,-82.20806
2020-09-02T06:52:43.010987281,18.751518,-82.20807
2020-09-02T06:52:43.012894630,18.751537,-82.20808
2020-09-02T06:52:43.015184402,18.77894,-82.20954
2020-09-02T06:52:43.017091751,18.751575,-82.20809
2020-09-02T06:52:43.018999099,18.751596,-82.2081
2020-09-02T06:52:43.020906448,18.751608,-82.20811
2020-09-02T06:52:43.028917312,18.77691,-82.20946
2020-09-02T06:52:43.030824661,18.78767,-82.20396
2020-09-02T06:52:43.032732009,18.774042,-82.20932
2020-09-02T06:52:43.082705497,18.788525,-82.210106
2020-09-02T06:52:43.102541923,18.75162,-82.20814
2020-09-02T06:52:43.130389213,18.751616,-82.208145
2020-09-02T06:52:42.897689342,18.361074,-82.96348
2020-09-02T06:52:42.905700683,18.361095,-82.9635
2020-09-02T06:52:42.907608032,18.361116,-82.9635
2020-09-02T06:52:42.909515380,18.361088,-82.9569
2020-09-02T06:52:42.911804199,18.361128,-82.9635
2020-09-02T06:52:42.955292224,18.361013,-82.95473
2020-09-02T06:52:42.957199573,18.361088,-82.96352
2020-09-02T06:52:42.959488391,18.361095,-82.96354
2020-09-02T06:52:43.040742874,18.361195,-82.96352
2020-09-02T06:52:43.072786331,18.361135,-82.96351
2020-09-02T06:52:43.074693679,18.361135,-82.96351
2020-09-02T06:52:43.096438407,18.36119,-82.9635
2020-09-02T06:52:43.098345756,18.36118,-82.9635
2020-09-02T06:52:43.162052154,18.361233,-82.96353
2020-09-02T06:52:43.163959503,18.361217,-82.96355
2020-09-02T06:52:43.207829475,18.361202,-82.963615
2020-09-02T06:52:43.209736824,18.361216,-82.963615
2020-09-02T06:52:43.366904258,18.360443,-82.960785
2020-09-02T06:52:43.368811607,18.355425,-82.96074
2020-09-02T06:52:43.373007774,18.361227,-82.96357
2020-09-02T06:52:43.374915122,18.361225,-82.96357
2020-09-02T06:52:42.627223491,19.531456,-78.829315
2020-09-02T06:52:42.629512310,19.531458,-78.82933
2020-09-02T06:52:42.657359600,19.512568,-78.82875
2020-09-02T06:52:42.681011199,19.531464,-78.82936
2020-09-02T06:52:42.689022541,19.531414,-78.82935
2020-09-02T06:52:42.690929889,19.531404,-78.829346
2020-09-02T06:52:42.692837238,19.531418,-78.829346
2020-09-02T06:52:42.695126056,19.53143,-78.829346
2020-09-02T06:52:42.764554500,19.486553,-78.83043
2020-09-02T06:52:42.772565364,19.531446,-78.82944
2020-09-02T06:52:42.774472713,19.506302,-78.8287
2020-09-02T06:52:42.776380062,19.487919,-78.83045
2020-09-02T06:52:42.778287410,19.451708,-78.827095
2020-09-02T06:52:42.780576229,19.481289,-78.82775
2020-09-02T06:52:42.782484054,19.476822,-78.82388
2020-09-02T06:52:42.824064731,19.531498,-78.829414
2020-09-02T06:52:42.826353549,19.531487,-78.82943
2020-09-02T06:52:42.850005149,19.48035,-78.827934
2020-09-02T06:52:42.851912498,19.480062,-78.827934
2020-09-02T06:52:42.889678478,19.531542,-78.82944
2020-09-02T06:52:42.891967296,19.507154,-78.83824
2020-09-02T06:52:42.893874645,19.531513,-78.82945
2020-09-02T06:52:42.963303089,19.475704,-78.826355
2020-09-02T06:52:42.965210437,19.476149,-78.826225
2020-09-02T06:52:42.969407081,19.475199,-78.82201
2020-09-02T06:52:42.971314430,19.45169,-78.827065
2020-09-02T06:52:42.973221778,19.484812,-78.82804
2020-09-02T06:52:42.983139991,19.485607,-78.828064
2020-09-02T06:52:43.002976417,19.486607,-78.82808
2020-09-02T06:52:43.033113479,19.514904,-78.82898
2020-09-02T06:52:43.048753738,19.53156,-78.82947
2020-09-02T06:52:43.112460136,19.483992,-78.82635
2020-09-02T06:52:43.114367485,19.47265,-78.8224
2020-09-02T06:52:43.116274833,19.46812,-78.827675
2020-09-02T06:52:43.118563652,19.49195,-78.82839
2020-09-02T06:52:43.134203910,19.480543,-78.83039
2020-09-02T06:52:43.136492729,19.48694,-78.82821
2020-09-02T06:52:43.146411895,19.489937,-78.82829
2020-09-02T06:52:43.152133941,19.451773,-78.82714
2020-09-02T06:52:43.156330108,19.451756,-78.80865
2020-09-02T06:52:43.158237457,19.465155,-78.81523
2020-09-02T06:52:43.187992095,19.463673,-78.803314
2020-09-02T06:52:43.189899444,19.451769,-78.82719
2020-09-02T06:52:43.243687629,19.475069,-78.826256
2020-09-02T06:52:43.245594978,19.451677,-78.79097
2020-09-02T06:52:43.249791145,19.53159,-78.829636
2020-09-02T06:52:43.293279647,19.468697,-78.82337
2020-09-02T06:52:43.327231407,19.463951,-78.81678
2020-09-02T06:52:43.353171348,19.485344,-78.828224
2020-09-02T06:52:43.386741638,19.481558,-78.828094
2020-09-02T06:52:43.388648986,19.451817,-78.803
2020-09-02T06:52:46.756696701,19.531712,-78.44322
2020-09-02T06:52:46.790266990,19.531713,-78.44322
2020-09-02T06:52:46.832228660,19.531664,-78.44322
2020-09-02T06:52:46.879913330,19.531803,-78.44332
2020-09-02T06:52:48.104450225,19.472862,-78.85088
2020-09-02T06:52:48.106357574,19.467562,-78.850555
2020-09-02T06:52:48.146411895,19.47159,-78.84846
2020-09-02T06:52:48.160145759,19.465542,-78.85027
2020-09-02T06:52:48.212026596,19.452593,-78.82772
2020-09-02T06:52:48.235677719,19.459126,-78.85328
2020-09-02T06:52:48.237585067,19.456692,-78.854866
2020-09-02T06:52:48.253606796,19.452639,-78.827736
2020-09-02T06:52:48.255514144,19.452684,-78.84608
2020-09-02T06:52:48.257421493,19.452639,-78.82774
2020-09-02T06:52:48.277640342,19.452538,-78.827675
2020-09-02T06:52:48.400856971,19.456844,-78.84868
2020-09-02T06:52:48.428704261,19.452677,-78.86425
2020-09-02T06:52:48.621349334,19.457155,-78.85428
2020-09-02T06:52:48.659115791,19.457178,-78.847275
2020-09-02T06:52:48.665219306,19.452564,-78.85943
2020-09-02T06:52:48.667126655,19.452545,-78.85902
2020-09-02T06:52:48.669034004,19.45252,-78.855804
2020-09-02T06:52:48.719007492,19.468884,-78.85463
2020-09-02T06:52:48.748762130,19.452534,-78.82775
2020-09-02T06:52:48.818190574,19.452583,-78.85671
2020-09-02T06:52:49.917603492,19.532269,-78.83009
2020-09-02T06:52:49.943543434,19.532303,-78.83006
2020-09-02T06:52:49.959566116,19.532202,-78.8301
2020-09-02T06:52:49.961473464,19.532192,-78.83012
2020-09-02T06:52:50.035098075,19.532299,-78.83012
2020-09-02T06:52:50.037005424,19.532282,-78.83015
2020-09-02T06:52:50.080493927,19.53221,-78.8301
2020-09-02T06:52:50.108341217,19.532314,-78.830185
2020-09-02T06:52:50.148396492,19.51004,-78.81653
2020-09-02T06:52:50.150303840,19.532213,-78.830124
2020-09-02T06:52:50.152211189,19.488657,-78.81938
2020-09-02T06:52:50.154118537,19.489876,-78.81674
2020-09-02T06:52:50.156025886,19.452421,-78.82782
2020-09-02T06:52:50.196081161,19.488789,-78.813324
2020-09-02T06:52:50.215917587,19.490742,-78.81154
2020-09-02T06:52:50.275427818,19.490416,-78.81045
2020-09-02T06:52:50.321205139,19.50461,-78.804276
2020-09-02T06:52:50.355155944,19.50725,-78.468864
2020-09-02T06:52:50.357063293,19.500145,-78.48186
2020-09-02T06:52:50.358970642,19.531437,-78.443146
2020-09-02T06:52:50.392922401,19.491621,-78.47295
2020-09-02T06:52:50.410851478,19.496862,-78.46456
2020-09-02T06:52:50.416573524,19.505732,-78.467545
2020-09-02T06:52:50.434502601,19.507502,-78.46664
2020-09-02T06:52:50.454339981,19.531507,-78.44319
2020-09-02T06:52:50.456247329,19.50535,-78.469185
2020-09-02T06:52:50.476465225,19.509567,-78.463875
2020-09-02T06:52:50.480279922,19.531492,-78.46634
2020-09-02T06:52:50.482187271,19.515728,-78.45956
2020-09-02T06:52:50.545893669,19.498966,-78.47379
2020-09-02T06:52:50.547801017,19.506676,-78.46729
2020-09-02T06:52:50.591670989,19.510809,-78.46563
2020-09-02T06:52:50.593578338,19.517805,-78.45992
2020-09-02T06:52:50.595485687,19.490957,-78.47151
2020-09-02T06:52:50.597393035,19.531527,-78.44322
2020-09-02T06:52:50.607692718,19.53151,-78.44319
2020-09-02T06:52:50.609600067,19.488632,-78.47177
2020-09-02T06:52:50.651181221,19.531452,-78.44327
2020-09-02T06:52:50.659192085,19.531513,-78.44326
2020-09-02T06:52:50.665295600,19.531506,-78.44329
2020-09-02T06:52:50.671017646,19.531483,-78.44333
2020-09-02T06:52:50.672924995,19.531492,-78.443306
2020-09-02T06:52:50.677121162,19.513699,-78.44279
2020-09-02T06:52:50.680935859,19.531527,-78.44322
2020-09-02T06:52:50.683224678,19.531525,-78.44322
2020-09-02T06:52:50.687039375,19.492367,-78.462395
2020-09-02T06:52:50.718702316,19.515907,-78.45967
2020-09-02T06:52:50.760664939,19.498577,-78.46828
2020-09-02T06:52:50.762572288,19.498602,-78.45462
2020-09-02T06:52:50.764479637,19.505344,-78.45941
2020-09-02T06:52:50.794234275,19.516521,-78.454796
2020-09-02T06:52:50.796523094,19.505762,-78.43946
2020-09-02T06:52:53.187994003,18.40557,-82.92477
2020-09-02T06:52:53.186086654,18.361975,-82.886925
2020-09-02T06:52:53.251699447,18.399817,-82.92376
2020-09-02T06:52:53.253606796,18.362228,-82.92241
2020-09-02T06:52:53.364997863,18.384,-82.93844
2020-09-02T06:52:53.251699447,18.046202,-82.86911
2020-09-02T06:52:53.462274551,18.362076,-82.88697
2020-09-02T06:52:53.637372970,18.284197,-83.03781
2020-09-02T06:52:53.885713577,18.31429,-83.03705
2020-09-02T06:52:53.887620925,18.345999,-83.06864
2020-09-02T06:52:53.889909744,18.330292,-83.07323
2020-09-02T06:52:54.062717437,18.29936,-83.045715
2020-09-02T06:52:54.062717437,18.124971,-82.83548
2020-09-02T06:52:54.064624786,18.284296,-83.03784
2020-09-02T06:52:54.066913604,18.278103,-82.99105
2020-09-02T06:52:54.068820953,18.309362,-83.049095
2020-09-02T06:52:54.070728302,18.36213,-83.096985
2020-09-02T06:52:54.072635650,18.346268,-83.150826
2020-09-02T06:52:54.074542999,18.36423,-83.15875
2020-09-02T06:52:54.076831817,18.364199,-83.15741
2020-09-02T06:52:54.078739166,18.364162,-83.155464
2020-09-02T06:52:54.080646514,18.348057,-83.14821
2020-09-02T06:52:54.082553863,18.346344,-83.14883
2020-09-02T06:52:54.084461212,18.345125,-83.147255
2020-09-02T06:52:54.086750030,18.345713,-83.146164
2020-09-02T06:52:54.090564727,18.34225,-83.14407
2020-09-02T06:52:54.098575592,18.341219,-83.145294
2020-09-02T06:52:54.106586456,18.33823,-83.14412
2020-09-02T06:52:54.108493804,18.355652,-83.15001
2020-09-02T06:52:54.110401153,18.34309,-83.13119
2020-09-02T06:52:54.112308502,18.284937,-83.11552
2020-09-02T06:52:54.114597320,18.320305,-83.11802
2020-09-02T06:52:54.154272079,18.284916,-83.11553
2020-09-02T06:52:54.158086776,18.323431,-83.155334
2020-09-02T06:52:54.159994125,18.33835,-83.146805
2020-09-02T06:52:54.162282943,18.342747,-83.13671
2020-09-02T06:52:54.164190292,18.338585,-83.13117
2020-09-02T06:52:54.166097640,18.356918,-83.16106
2020-09-02T06:52:54.168004989,18.335472,-83.143906
2020-09-02T06:52:54.195852279,18.3281,-83.11702
2020-09-02T06:52:54.197759628,18.317802,-83.11193
2020-09-02T06:52:54.200048446,18.31654,-83.108765
2020-09-02T06:52:54.201955795,18.333698,-83.124756
2020-09-02T06:52:54.203863143,18.320662,-83.11607
2020-09-02T06:52:54.205770492,18.284992,-83.11547
2020-09-02T06:52:54.215688705,18.284718,-83.07733
2020-09-02T06:52:54.217977523,18.325771,-83.136475
2020-09-02T06:52:54.359123229,18.344063,-83.18126
2020-09-02T06:52:54.361030578,18.288683,-83.1715
2020-09-02T06:52:54.512096405,18.285583,-83.19316
2020-09-02T06:52:54.637220382,18.282341,-83.19409
2020-09-02T06:52:54.639127731,18.325314,-83.18754
2020-09-02T06:52:54.641416549,18.291426,-83.18205
2020-09-02T06:52:54.639509201,18.047398,-82.980484
2020-09-02T06:52:54.724958419,18.265404,-83.219505
2020-09-02T06:52:54.726865768,18.30964,-83.18746
2020-09-02T06:52:54.728773117,18.307142,-83.194275
2020-09-02T06:52:54.730680465,18.292107,-83.19253
2020-09-02T06:52:54.732587814,18.285728,-83.19308
2020-09-02T06:52:55.816741943,15.493441,-82.46411
2020-09-02T06:52:55.818649291,15.497097,-82.46779
2020-09-02T06:52:55.820556640,15.473854,-82.469475
2020-09-02T06:52:55.822463989,15.496779,-82.47015
2020-09-02T06:52:55.824752807,15.473889,-82.4741
2020-09-02T06:52:55.852600097,15.47372,-82.432335
2020-09-02T06:52:55.860231399,15.473668,-82.43231
2020-09-02T06:52:55.862520217,15.473671,-82.4323
2020-09-02T06:52:55.880067825,15.495575,-82.43322
2020-09-02T06:52:55.882356643,15.496262,-82.446754
2020-09-02T06:52:55.884263992,15.491624,-82.45489
2020-09-02T06:52:55.890367507,15.473793,-82.43224
2020-09-02T06:52:55.892274856,15.473782,-82.43224
2020-09-02T06:52:55.894182205,15.473756,-82.43223
2020-09-02T06:52:55.865953445,19.477884,-78.79679
2020-09-02T06:52:55.867860794,19.489275,-78.78887
2020-09-02T06:52:55.869768142,19.453455,-78.78208
2020-09-02T06:52:55.872056961,19.453388,-78.75048
2020-09-02T06:52:55.877779006,19.471249,-78.7706
2020-09-02T06:52:55.907533645,19.489079,-78.77993
2020-09-02T06:52:55.939577102,19.49885,-78.82919
2020-09-02T06:52:55.941484451,19.504251,-78.82936
2020-09-02T06:52:55.977342605,19.505033,-78.82937
2020-09-02T06:52:55.979251861,19.48946,-78.83058
2020-09-02T06:52:55.983066558,19.495592,-78.829094
2020-09-02T06:52:55.985355377,19.496809,-78.82914
2020-09-02T06:52:56.018924713,19.47664,-78.835495
2020-09-02T06:52:56.021213531,19.482033,-78.837
2020-09-02T06:52:56.041049957,19.453573,-78.82787
2020-09-02T06:52:56.042957305,19.48284,-78.828735
2020-09-02T06:52:56.044864654,19.453527,-78.82786
2020-09-02T06:52:56.060886383,19.45347,-78.8279
2020-09-02T06:52:56.092548370,19.478136,-78.785965
2020-09-02T06:52:56.094455718,19.485054,-78.77943
2020-09-02T06:52:56.098651885,19.45337,-78.77649
2020-09-02T06:52:56.100559234,19.453325,-78.750496
2020-09-02T06:52:56.106664657,19.471846,-78.76921
2020-09-02T06:52:56.140233993,19.501774,-78.77435
2020-09-02T06:52:56.144430160,19.489544,-78.775986
2020-09-02T06:52:56.146337509,19.453419,-78.750534
2020-09-02T06:52:56.148244857,19.488668,-78.77813
2020-09-02T06:52:56.150152206,19.482298,-78.7792
2020-09-02T06:52:56.152059555,19.48503,-78.78422
2020-09-02T06:52:56.162359237,19.496958,-78.76883
2020-09-02T06:52:56.025028228,19.452734,-78.46179
2020-09-02T06:52:56.031131744,19.452711,-78.45661
2020-09-02T06:52:56.034946441,19.452696,-78.44107
2020-09-02T06:52:56.036853790,19.452705,-78.441055
2020-09-02T06:52:56.080722808,19.452745,-78.44099
2020-09-02T06:52:56.094455718,19.452602,-78.44105
2020-09-02T06:52:56.096744537,19.469236,-78.45763
2020-09-02T06:52:56.110479354,19.465124,-78.4574
2020-09-02T06:52:56.152441024,19.472538,-78.45973
2020-09-02T06:52:56.156255722,19.452734,-78.441025
2020-09-02T06:52:56.158163070,19.45271,-78.441
2020-09-02T06:52:56.160070419,19.452684,-78.44098
2020-09-02T06:52:56.162359237,19.452677,-78.440994
2020-09-02T06:52:56.164266586,19.48124,-78.77971
2020-09-02T06:52:56.164266586,19.452677,-78.441025
2020-09-02T06:52:56.177999496,19.45787,-78.46091
2020-09-02T06:52:56.179906845,19.460932,-78.46509
2020-09-02T06:52:56.184103012,19.452732,-78.455696
2020-09-02T06:52:56.186010360,19.45904,-78.4564
2020-09-02T06:52:56.187917709,19.4527,-78.44109
2020-09-02T06:52:56.190206527,19.452698,-78.441086
2020-09-02T06:52:56.200124740,19.452621,-78.44117
2020-09-02T06:52:56.235603332,19.476974,-78.82861
2020-09-02T06:52:56.269554138,19.452826,-78.45211
2020-09-02T06:52:56.271461486,19.460596,-78.467026
2020-09-02T06:52:56.277565002,19.480047,-78.77953
2020-09-02T06:52:56.277565002,19.452887,-78.46349
2020-09-02T06:52:56.279472351,19.453518,-78.75047
2020-09-02T06:52:56.297401428,19.48481,-78.777855
2020-09-02T06:52:56.309226989,19.485497,-78.77702
2020-09-02T06:52:56.315330505,19.48103,-78.77489
2020-09-02T06:52:56.317237854,19.479374,-78.778625
2020-09-02T06:52:56.319145202,19.475178,-78.76831
2020-09-02T06:52:56.321052551,19.480219,-78.77351
2020-09-02T06:52:56.327156066,19.480335,-78.77784
2020-09-02T06:52:56.371026992,19.458544,-78.466255
2020-09-02T06:52:56.372934341,19.452843,-78.44102
2020-09-02T06:52:56.394678115,19.477621,-78.77242
2020-09-02T06:52:56.396966934,19.473438,-78.77144
2020-09-02T06:52:56.406885147,19.461155,-78.46247
2020-09-02T06:52:56.412607192,19.453413,-78.75045
2020-09-02T06:52:56.414514541,19.451914,-78.45959
2020-09-02T06:52:56.422525405,19.46214,-78.45776
2020-09-02T06:52:56.480129241,19.452837,-78.44099
2020-09-02T06:52:56.482418060,19.452845,-78.45855
2020-09-02T06:52:59.935913086,15.285795,-82.152985
2020-09-02T06:52:59.961853028,15.283671,-82.13077
2020-09-02T06:53:00.019455909,15.298408,-82.15115
2020-09-02T06:53:00.045396327,15.285117,-82.12442
2020-09-02T06:53:00.047303676,15.240739,-82.11805
2020-09-02T06:53:00.200275421,15.315843,-82.11839
2020-09-02T06:53:00.526055812,19.520641,-78.830025
2020-09-02T06:53:00.527963161,19.51618,-78.83716
2020-09-02T06:53:00.539788722,19.533087,-78.83036
2020-09-02T06:53:00.567636489,19.533125,-78.83037
2020-09-02T06:53:00.569925308,19.53314,-78.83037
2020-09-02T06:53:00.571832656,19.533133,-78.830376
2020-09-02T06:53:00.573740005,19.522081,-78.8334
2020-09-02T06:53:00.575647354,19.521584,-78.83004
2020-09-02T06:53:00.669108867,19.533104,-78.83038
2020-09-02T06:53:00.671016216,19.533104,-78.83039
2020-09-02T06:53:00.673305034,19.53311,-78.8304
2020-09-02T06:53:00.675212383,19.533115,-78.83041
2020-09-02T06:53:00.677119731,19.533121,-78.830414
2020-09-02T06:53:00.679027557,19.519896,-78.82752
2020-09-02T06:53:01.096743106,19.532314,-78.46759
2020-09-02T06:53:01.098650455,19.532265,-78.4433
2020-09-02T06:53:01.100557804,19.515635,-78.47041
2020-09-02T06:53:01.102465152,19.508875,-78.48239
2020-09-02T06:53:01.104372501,19.510118,-78.483315
2020-09-02T06:53:01.106661319,19.53225,-78.44333
2020-09-02T06:53:01.210041522,19.51325,-78.46702
2020-09-02T06:53:01.392768383,19.498474,-78.47706
2020-09-02T06:53:01.394675731,19.532347,-78.44324
2020-09-02T06:53:01.398871898,19.505827,-78.474525
2020-09-02T06:53:04.444573402,19.532818,-78.82995
2020-09-02T06:53:04.505990982,19.53282,-78.829956
2020-09-02T06:53:04.518198013,19.49593,-78.839836
2020-09-02T06:53:04.520105361,19.532867,-78.83005
2020-09-02T06:53:04.530023574,19.505497,-78.82916
2020-09-02T06:53:04.543756484,19.502625,-78.829025
2020-09-02T06:53:04.555963516,19.480494,-78.83006
2020-09-02T06:53:04.557870864,19.484526,-78.8291
2020-09-02T06:53:04.559778213,19.478386,-78.82754
2020-09-02T06:53:04.585719108,19.47271,-78.81324
2020-09-02T06:53:04.587626457,19.478449,-78.81472
2020-09-02T06:53:04.593729972,19.45298,-78.82749
2020-09-02T06:53:04.609370231,19.47343,-78.80941
2020-09-02T06:53:04.611659049,19.453009,-78.82761
2020-09-02T06:53:04.639507293,19.532833,-78.829926
2020-09-02T06:53:04.657054901,19.492329,-78.82876
2020-09-02T06:53:04.661251068,19.452845,-78.78647
2020-09-02T06:53:04.663158416,19.47651,-78.80959
2020-09-02T06:53:04.742886543,19.532772,-78.82993
2020-09-02T06:53:04.744793891,19.501663,-78.84486
2020-09-02T06:53:04.806211471,19.476402,-78.82074
2020-09-02T06:53:04.808501243,19.453018,-78.82757
2020-09-02T06:53:05.526056289,18.389349,-82.96548
2020-09-02T06:53:05.744642257,18.386887,-82.96537
2020-09-02T06:53:05.746549606,18.388308,-82.96545
2020-09-02T06:53:05.748838424,18.387272,-82.97189
2020-09-02T06:53:05.750745773,18.388731,-82.96545
2020-09-02T06:53:05.768674850,18.362238,-82.96398
2020-09-02T06:53:05.770582199,18.362238,-82.96399
2020-09-02T06:53:05.772489547,18.362253,-82.964005
2020-09-02T06:53:05.951401710,18.379688,-82.966545
2020-09-02T06:53:05.953309059,18.362206,-82.96389
2020-09-02T06:53:08.542002677,19.477169,-78.839485
2020-09-02T06:53:08.555735588,19.452375,-78.82719
2020-09-02T06:53:08.557642936,19.452374,-78.827156
2020-09-02T06:53:08.688870429,19.452385,-78.82714
2020-09-02T06:53:08.691159248,19.452377,-78.82714
2020-09-02T06:53:08.780425071,19.465647,-78.83651
2020-09-02T06:53:08.782332420,19.462,-78.845024
2020-09-02T06:53:08.834213256,19.465462,-78.83575
2020-09-02T06:53:08.838027954,19.452375,-78.8272
2020-09-02T06:53:08.847946166,19.469736,-78.82769
2020-09-02T06:53:08.850234985,19.466839,-78.839645
2020-09-02T06:53:08.854049682,19.452333,-78.82717
2020-09-02T06:53:08.871978759,19.465881,-78.8375
2020-09-02T06:53:08.875793457,19.45232,-78.82727
2020-09-02T06:53:08.883804321,19.452345,-78.8273
2020-09-02T06:53:08.885711669,19.452337,-78.8273
2020-09-02T06:53:08.947510719,19.463234,-78.83377
2020-09-02T06:53:08.949418067,19.464272,-78.83065
2020-09-02T06:53:09.039065361,19.461447,-78.83213
2020-09-02T06:53:09.060809135,19.463434,-78.83387
2020-09-02T06:53:09.062716484,19.452314,-78.82714
2020-09-02T06:53:09.090564727,19.45224,-78.827194
2020-09-02T06:53:09.120319366,19.452312,-78.82714
2020-09-02T06:53:09.146260261,19.452261,-78.82714
2020-09-02T06:53:10.017168998,19.531908,-78.829315
2020-09-02T06:53:10.022891044,19.531902,-78.82933
2020-09-02T06:53:10.070575714,19.531809,-78.82932
2020-09-02T06:53:10.072864532,19.53181,-78.82933
2020-09-02T06:53:10.104526519,19.531752,-78.82933
2020-09-02T06:53:10.696958541,19.500492,-78.46988
2020-09-02T06:53:10.698865890,19.530685,-78.442276
2020-09-02T06:53:10.701154708,19.530687,-78.44229
2020-09-02T06:53:10.703062057,19.530695,-78.442276
2020-09-02T06:53:10.704969406,19.530703,-78.44226
2020-09-02T06:53:10.706876754,19.507929,-78.46508
2020-09-02T06:53:10.708784103,19.49463,-78.47074
2020-09-02T06:53:10.806441307,19.510609,-78.458115
2020-09-02T06:53:10.838104248,19.481169,-78.44092
2020-09-02T06:53:10.844207763,19.450838,-78.4401
2020-09-02T06:53:10.846115112,19.4739,-78.46019
2020-09-02T06:53:10.867858886,19.450783,-78.440056
2020-09-02T06:53:10.870147705,19.450823,-78.46117
2020-09-02T06:53:10.872055053,19.510935,-78.452805
2020-09-02T06:53:10.873963356,19.48814,-78.45468
2020-09-02T06:53:10.875870704,19.488823,-78.45483
2020-09-02T06:53:10.877778053,19.504448,-78.45181
2020-09-02T06:53:10.880066871,19.53056,-78.44225
2020-09-02T06:53:10.881974220,19.501797,-78.44149
2020-09-02T06:53:10.883881568,19.503073,-78.44153
2020-09-02T06:53:10.885788917,19.530516,-78.44227
2020-09-02T06:53:10.919739723,19.483088,-78.42684
2020-09-02T06:53:10.921647071,19.483267,-78.42736
2020-09-02T06:53:10.923554420,19.486979,-78.44024
2020-09-02T06:53:10.925461769,19.482468,-78.435356
2020-09-02T06:53:10.927750587,19.4829,-78.43737
2020-09-02T06:53:10.929657936,19.471884,-78.411354
2020-09-02T06:53:10.931565284,19.474657,-78.409645
2020-09-02T06:53:10.933472633,19.477722,-78.41781
2020-09-02T06:53:10.951402664,19.450619,-78.38881
2020-09-02T06:53:10.953310012,19.480572,-78.41575
2020-09-02T06:53:10.955598831,19.476767,-78.44104
2020-09-02T06:53:11.000993728,19.450771,-78.44004
2020-09-02T06:53:11.015108108,19.478054,-78.42011
2020-09-02T06:53:11.017015457,19.475372,-78.42134
2020-09-02T06:53:11.018922805,19.478199,-78.430176
2020-09-02T06:53:11.021211624,19.470814,-78.44239
2020-09-02T06:53:11.041049957,19.450626,-78.40631
2020-09-02T06:53:11.042957305,19.478962,-78.439514
2020-09-02T06:53:11.080722808,19.471167,-78.41774
2020-09-02T06:53:11.082630157,19.489288,-78.43581
2020-09-02T06:53:11.096744537,19.457867,-78.37514
2020-09-02T06:53:11.134510040,19.450645,-78.44003
2020-09-02T06:53:11.241704940,19.487425,-78.43552
2020-09-02T06:53:11.243612289,19.474787,-78.418816
2020-09-02T06:53:11.245901107,19.473036,-78.40761
2020-09-02T06:53:11.247808456,19.471273,-78.40527
2020-09-02T06:53:11.295494079,19.489721,-78.45088
2020-09-02T06:53:11.327156066,19.509035,-78.45506
2020-09-02T06:53:11.338981628,18.360893,-82.963234
2020-09-02T06:53:11.396965026,18.360895,-82.9633
2020-09-02T06:53:11.424432754,18.360872,-82.96325
2020-09-02T06:53:11.426721572,18.360859,-82.963234
2020-09-02T06:53:11.442361831,18.360855,-82.96329
2020-09-02T06:53:11.486230850,18.360813,-82.96337
2020-09-02T06:53:11.488138198,18.3541,-82.96557
2020-09-02T06:53:11.490045547,18.36081,-82.9634
2020-09-02T06:53:11.527812957,18.354086,-82.96288
2020-09-02T06:53:11.535823822,18.360807,-82.96327
2020-09-02T06:53:11.569774627,18.36084,-82.96324
2020-09-02T06:53:11.577785491,18.360815,-82.963326
2020-09-02T06:53:11.593425750,18.360806,-82.96336
2020-09-02T06:53:11.597621917,18.360807,-82.96335
2020-09-02T06:53:11.615550994,18.360752,-82.963264
2020-09-02T06:53:11.643398284,18.360744,-82.96334
2020-09-02T06:53:11.671247482,18.36073,-82.9633
2020-09-02T06:53:11.673154830,18.350386,-82.962906
2020-09-02T06:53:11.675062179,18.360744,-82.963295
2020-09-02T06:53:11.679258346,18.36076,-82.96329
2020-09-02T06:53:11.681165695,18.360762,-82.96328
2020-09-02T06:53:11.683073043,18.360746,-82.963295
2020-09-02T06:53:11.684980392,18.360668,-82.95509
2020-09-02T06:53:11.686887741,18.360712,-82.96331
2020-09-02T06:53:11.786453247,18.360737,-82.96338
2020-09-02T06:53:11.788360595,18.352991,-82.95965
2020-09-02T06:53:11.800186157,18.360632,-82.95532
2020-09-02T06:53:11.802474975,18.360691,-82.96333
2020-09-02T06:53:11.842147827,18.360611,-82.9558
2020-09-02T06:53:11.844055175,18.36069,-82.96336
2020-09-02T06:53:12.070652008,18.36066,-82.9634
2020-09-02T06:53:12.104602813,18.36066,-82.963356
2020-09-02T06:53:12.162206649,18.360708,-82.96335
2020-09-02T06:53:12.659269332,19.530968,-78.82947
2020-09-02T06:53:12.679105758,19.53096,-78.82946
2020-09-02T06:53:12.700849533,19.530994,-78.829445
2020-09-02T06:53:12.703138351,19.534052,-78.82608
2020-09-02T06:53:12.722974777,19.53102,-78.82943
2020-09-02T06:53:12.724882125,19.531033,-78.82945
2020-09-02T06:53:12.726789474,19.531048,-78.82947
2020-09-02T06:53:12.885866165,19.531132,-78.829475
2020-09-02T06:53:14.834060668,19.390646,-82.63344
2020-09-02T06:53:14.835968017,19.390633,-82.633415
2020-09-02T06:53:14.857711791,19.390654,-82.63343
2020-09-02T06:53:14.865724563,19.39066,-82.63346
2020-09-02T06:53:15.016788482,19.23168,-82.70239
2020-09-02T06:53:15.374994277,19.508198,-78.84513
2020-09-02T06:53:15.414667129,19.486664,-78.838135
2020-09-02T06:53:15.430688858,19.531015,-78.82964
2020-09-02T06:53:15.432596206,19.531015,-78.82967
2020-09-02T06:53:15.438699722,19.531023,-78.82977
2020-09-02T06:53:15.444421768,19.531029,-78.82978
2020-09-02T06:53:15.466547012,19.505363,-78.82903
2020-09-02T06:53:15.486385345,19.498154,-78.82885
2020-09-02T06:53:15.518047332,19.451178,-78.82744
2020-09-02T06:53:15.519954681,19.485926,-78.82967
2020-09-02T06:53:15.521862030,19.481812,-78.814835
2020-09-02T06:53:15.524150848,19.483006,-78.82838
2020-09-02T06:53:15.526058197,19.4796,-78.81484
2020-09-02T06:53:15.527965545,19.477407,-78.812965
2020-09-02T06:53:15.529872894,19.451208,-78.827446
2020-09-02T06:53:15.532161712,19.451208,-78.82744
2020-09-02T06:53:15.619520187,19.503374,-78.82898
2020-09-02T06:53:15.621427536,19.482067,-78.824486
2020-09-02T06:53:15.623334884,19.451263,-78.82745
2020-09-02T06:53:15.625623703,19.451283,-78.82747
2020-09-02T06:53:15.637449264,19.47761,-78.820045
2020-09-02T06:53:15.639356613,19.479898,-78.82833
2020-09-02T06:53:15.641263961,19.464748,-78.812416
2020-09-02T06:53:15.714887619,19.479887,-78.822205
2020-09-02T06:53:15.784317016,19.49889,-78.82887
2020-09-02T06:53:15.786605834,19.451231,-78.827484
2020-09-02T06:53:15.814453125,19.531097,-78.82985
2020-09-02T06:53:15.991077423,19.530855,-78.7523
2020-09-02T06:53:16.104375839,19.530964,-78.78698
2020-09-02T06:53:16.116582870,19.53112,-78.82974
2020-09-02T06:53:16.120397567,19.53113,-78.82976
2020-09-02T06:53:16.136419296,19.531097,-78.8297
2020-09-02T06:53:16.138326644,19.531,-78.78908
2020-09-02T06:53:16.148244857,19.516033,-78.84558
2020-09-02T06:53:16.150152206,19.511742,-78.8392
2020-09-02T06:53:16.152441024,19.511541,-78.8468
2020-09-02T06:53:16.156255722,19.531147,-78.829704
2020-09-02T06:53:16.176092147,19.53112,-78.82973
2020-09-02T06:53:16.200124740,19.531136,-78.82967
2020-09-02T06:53:17.196157455,19.383987,-78.82069
2020-09-02T06:53:17.273597717,19.492157,-78.906105
2020-09-02T06:53:17.309455871,19.451778,-78.90494
2020-09-02T06:53:17.422754287,19.4205,-78.90655
2020-09-02T06:53:17.424661636,19.407402,-78.809875
2020-09-02T06:53:17.426568984,19.451405,-78.75011
2020-09-02T06:53:17.494091033,19.41041,-78.87919
2020-09-02T06:53:17.496379852,19.372805,-78.8288
2020-09-02T06:53:17.498287200,19.402472,-78.808754
2020-09-02T06:53:17.500194549,19.391201,-78.846825
2020-09-02T06:53:17.609678268,19.41733,-78.904
2020-09-02T06:53:17.613492965,19.39072,-78.78123
2020-09-02T06:53:17.615400314,19.415356,-78.822784
2020-09-02T06:53:17.617689132,19.362328,-78.808426
2020-09-02T06:53:17.617689132,19.093372,-78.508316
2020-09-02T06:53:17.619596481,19.37847,-78.82569
2020-09-02T06:53:17.621503829,19.425854,-78.8219
2020-09-02T06:53:17.832077026,19.456244,-78.91738
2020-09-02T06:53:17.834365844,19.439722,-78.90462
2020-09-02T06:53:17.836275100,19.451878,-78.90486
2020-09-02T06:53:17.869844436,19.489231,-78.905846
2020-09-02T06:53:17.925539016,19.468992,-78.914925
2020-09-02T06:53:17.927446365,19.450506,-78.921776
2020-09-02T06:53:17.929735183,19.45197,-78.90478
2020-09-02T06:53:18.038837432,19.475327,-78.93168
2020-09-02T06:53:19.957275391,19.53061,-78.44261
2020-09-02T06:53:19.961471558,19.530638,-78.46517
2020-09-02T06:53:19.967575551,19.530584,-78.44266
2020-09-02T06:53:19.981308461,19.530685,-78.46775
2020-09-02T06:53:19.997330666,19.530651,-78.44259
2020-09-02T06:53:20.030900478,19.53066,-78.44257
2020-09-02T06:53:20.088502883,19.530579,-78.44264
2020-09-02T06:53:20.102617740,19.530643,-78.44261
2020-09-02T06:53:20.106432437,19.530634,-78.44262
2020-09-02T06:53:20.116350650,19.530619,-78.44264
2020-09-02T06:53:20.122454643,19.530613,-78.44264
2020-09-02T06:53:20.124361991,19.530611,-78.44263
2020-09-02T06:53:20.130465507,19.530651,-78.462906
2020-09-02T06:53:20.134280204,19.53068,-78.46431
2020-09-02T06:53:20.158313274,19.530678,-78.44258
2020-09-02T06:53:20.181964397,19.508015,-78.46398
2020-09-02T06:53:20.184253692,19.530619,-78.44262
2020-09-02T06:53:20.201801300,19.530691,-78.44265
2020-09-02T06:53:20.217823505,19.530651,-78.4653
2020-09-02T06:53:20.235752582,19.530718,-78.46405
2020-09-02T06:53:20.239567279,19.530731,-78.465775
2020-09-02T06:53:20.241856098,19.530684,-78.44263
2020-09-02T06:53:20.243763446,19.516216,-78.46343
2020-09-02T06:53:20.275425910,19.525984,-78.45324
2020-09-02T06:53:20.277715206,19.524614,-78.4515
2020-09-02T06:53:20.279622554,19.530691,-78.460266
2020-09-02T06:53:20.333028793,19.530485,-78.45582
2020-09-02T06:53:20.335317611,19.530687,-78.44266
2020-09-02T06:53:20.383002281,19.530722,-78.4631
2020-09-02T06:53:21.412604808,19.504086,-78.783516
2020-09-02T06:53:21.414512157,19.502726,-78.78513
2020-09-02T06:53:21.452660083,19.493097,-78.77974
2020-09-02T06:53:21.454567432,19.45171,-78.750084
2020-09-02T06:53:21.462578296,19.531515,-78.75241
2020-09-02T06:53:21.464485645,19.496323,-78.77492
2020-09-02T06:53:21.476311206,19.531488,-78.7524
2020-09-02T06:53:21.478218555,19.531487,-78.752396
2020-09-02T06:53:21.480125904,19.498678,-78.77201
2020-09-02T06:53:21.482415199,19.507214,-78.75169
2020-09-02T06:53:21.488137245,19.501602,-78.758194
2020-09-02T06:53:21.490426063,19.495472,-78.761986
2020-09-02T06:53:21.496148109,19.499828,-78.75148
2020-09-02T06:53:21.498055458,19.498795,-78.75144
2020-09-02T06:53:21.507973670,19.45173,-78.750046
2020-09-02T06:53:21.510262489,19.497145,-78.75136
2020-09-02T06:53:21.543832302,19.498632,-78.75146
2020-09-02T06:53:21.579691410,19.531567,-78.78734
2020-09-02T06:53:21.619364738,19.49704,-78.75273
2020-09-02T06:53:21.621653556,19.488836,-78.7662
2020-09-02T06:53:21.623560905,19.504002,-78.751595
2020-09-02T06:53:21.633479118,19.451801,-78.75007
2020-09-02T06:53:21.661326885,19.505516,-78.74907
2020-09-02T06:53:21.663234233,19.496231,-78.76293
2020-09-02T06:53:21.679256439,19.531534,-78.75241
2020-09-02T06:53:23.651485443,19.521486,-78.4439
2020-09-02T06:53:23.653392791,19.531384,-78.4426
2020-09-02T06:53:23.686962127,19.519636,-78.441154
2020-09-02T06:53:23.706799507,19.531456,-78.44266
2020-09-02T06:53:23.709088325,19.531471,-78.442665
2020-09-02T06:53:23.724728584,19.515203,-78.44217
2020-09-02T06:53:23.728924751,19.531418,-78.44262
2020-09-02T06:53:23.734646797,19.531384,-78.44262
2020-09-02T06:53:23.738842964,19.531336,-78.44261
2020-09-02T06:53:23.792631149,19.531485,-78.442505
2020-09-02T06:53:23.847945213,19.53138,-78.44259
2020-09-02T06:53:23.850234031,19.518616,-78.441666
2020-09-02T06:53:23.899826049,19.521233,-78.43933
2020-09-02T06:53:23.919662475,19.516314,-78.44215
2020-09-02T06:53:23.921569824,19.53138,-78.44254
2020-09-02T06:53:23.927673339,19.523531,-78.44043
2020-09-02T06:53:23.943696022,19.531385,-78.44259
2020-09-02T06:53:23.945603370,19.53138,-78.4426
2020-09-02T06:53:23.949418067,19.53134,-78.42878
2020-09-02T06:53:23.951325416,19.531363,-78.44262
2020-09-02T06:53:23.963532447,19.531355,-78.44264
2020-09-02T06:53:23.967347145,19.517069,-78.456116
2020-09-02T06:53:23.985276222,19.521482,-78.44043
2020-09-02T06:53:24.015031814,19.512028,-78.45113
2020-09-02T06:53:24.031053543,19.531391,-78.442635
2020-09-02T06:53:24.032960891,19.53136,-78.42158
2020-09-02T06:53:24.037157058,19.531418,-78.44261
2020-09-02T06:53:24.039064407,19.531427,-78.442604
2020-09-02T06:53:24.052797317,19.500622,-78.44373
2020-09-02T06:53:24.102770805,19.515871,-78.44227
2020-09-02T06:53:24.108492851,19.518915,-78.42759
2020-09-02T06:53:24.114596366,19.49963,-78.43948
2020-09-02T06:53:24.818419456,19.478212,-78.827934
2020-09-02T06:53:24.846266746,19.452631,-78.82714
2020-09-02T06:53:24.848174095,19.469723,-78.83314
2020-09-02T06:53:24.850081443,19.452633,-78.827156
2020-09-02T06:53:24.947358131,19.452658,-78.82714
2020-09-02T06:53:24.993134498,19.532476,-78.82955
2020-09-02T06:53:25.114443778,19.487741,-78.80613
2020-09-02T06:53:25.116351127,19.477243,-78.803764
2020-09-02T06:53:25.122455596,19.479368,-78.797356
2020-09-02T06:53:25.124362945,19.470726,-78.80762
2020-09-02T06:53:25.126270294,19.45249,-78.749756
2020-09-02T06:53:25.128559112,19.474665,-78.78469
2020-09-02T06:53:25.130466461,19.471897,-78.78193
2020-09-02T06:53:25.132373809,19.47273,-78.787895
2020-09-02T06:53:25.134281158,19.466595,-78.79388
2020-09-02T06:53:25.136188507,19.46188,-78.78427
2020-09-02T06:53:25.138477325,19.452492,-78.74975
2020-09-02T06:53:25.146488189,19.50207,-78.82861
2020-09-02T06:53:25.186161994,19.452627,-78.827156
2020-09-02T06:53:25.199894905,19.452515,-78.77896
2020-09-02T06:53:25.201802253,19.452457,-78.7497
2020-09-02T06:53:25.255590438,19.490408,-78.82826
2020-09-02T06:53:25.261693954,19.483707,-78.828125
2020-09-02T06:53:25.277715682,19.483995,-78.828156
2020-09-02T06:53:25.323111534,19.484322,-78.82816
2020-09-02T06:53:25.342947959,19.475756,-78.791565
2020-09-02T06:53:25.345236778,19.452543,-78.749825
2020-09-02T06:53:25.350958824,19.452662,-78.784
2020-09-02T06:53:25.378807067,19.47705,-78.7845
2020-09-02T06:53:25.424583435,19.470625,-78.78706
2020-09-02T06:53:25.426490783,19.4526,-78.74979
2020-09-02T06:53:25.550088882,19.45261,-78.7858
2020-09-02T06:53:25.551997184,19.481073,-78.7867
2020-09-02T06:53:25.571833610,19.468416,-78.7775
2020-09-02T06:53:25.573740959,19.473606,-78.77927
2020-09-02T06:53:25.577555656,19.452642,-78.76591
2020-09-02T06:53:25.579844474,19.467213,-78.77175
2020-09-02T06:53:25.581751823,19.466614,-78.77068
2020-09-02T06:53:25.661098480,19.471392,-78.77318
2020-09-02T06:53:25.704968452,19.45253,-78.749825
2020-09-02T06:53:25.738920211,19.452702,-78.782845
2020-09-02T06:53:25.365073204,18.362179,-82.96364
2020-09-02T06:53:25.366981506,18.362183,-82.963615
2020-09-02T06:53:25.440606117,18.36211,-82.96355
2020-09-02T06:53:25.524148941,18.362144,-82.963585
2020-09-02T06:53:25.526056289,18.378532,-82.962074
2020-09-02T06:53:25.527963638,18.389269,-82.96518
2020-09-02T06:53:25.529870986,18.39098,-82.9653
2020-09-02T06:53:25.663005828,18.39202,-82.96536
2020-09-02T06:53:25.665294647,18.387253,-82.962135
2020-09-02T06:53:25.667201995,18.388695,-82.965126
2020-09-02T06:53:25.669109344,18.389187,-82.96513
2020-09-02T06:53:25.770582199,18.394562,-82.9654
2020-09-02T06:53:25.782407760,18.398104,-82.96566
2020-09-02T06:53:25.784315109,18.394789,-82.96546
2020-09-02T06:53:25.790418624,18.362171,-82.96356
2020-09-02T06:53:25.831999778,18.391588,-82.965225
2020-09-02T06:53:25.899902343,18.397913,-82.96548
2020-09-02T06:53:25.901809692,18.39527,-82.96533
2020-09-02T06:53:27.277410507,19.429804,-78.88492
2020-09-02T06:53:27.281606674,19.427542,-78.87879
2020-09-02T06:53:27.313269615,19.42353,-78.864525
2020-09-02T06:53:27.315176963,19.428558,-78.84815
2020-09-02T06:53:27.325095176,19.413149,-78.82597
2020-09-02T06:53:27.333106040,19.414633,-78.85434
2020-09-02T06:53:27.408638954,19.403708,-78.87202
2020-09-02T06:53:27.444497108,19.403605,-78.86741
2020-09-02T06:53:27.514307022,19.452486,-78.904465
2020-09-02T06:53:27.516214370,19.400948,-78.852135
2020-09-02T06:53:27.587550163,19.452362,-78.866714
2020-09-02T06:53:27.607387542,19.435865,-78.87879
2020-09-02T06:53:27.623409271,19.452456,-78.87884
2020-09-02T06:53:27.637523651,19.452438,-78.90455
2020-09-02T06:53:27.700848579,19.452421,-78.904526
2020-09-02T06:53:27.710766792,19.436783,-78.89031
2020-09-02T06:53:27.713055610,19.4339,-78.88356
2020-09-02T06:53:29.404900550,19.472464,-78.478645
2020-09-02T06:53:29.406807899,19.451284,-78.44031
2020-09-02T06:53:29.424736976,19.451324,-78.47331
2020-09-02T06:53:29.466318130,19.477758,-78.46403
2020-09-02T06:53:29.468225479,19.465757,-78.45826
2020-09-02T06:53:29.551768302,19.451265,-78.44034
2020-09-02T06:53:29.554057121,19.451256,-78.44033
2020-09-02T06:53:29.555964469,19.451246,-78.440315
2020-09-02T06:53:29.557871818,19.451237,-78.44031
2020-09-02T06:53:29.715040206,19.451313,-78.47533
2020-09-02T06:53:30.931565284,19.507446,-78.828865
2020-09-02T06:53:30.933472633,19.53187,-78.82956
2020-09-02T06:53:30.939577102,19.508623,-78.82879
2020-09-02T06:53:30.985353469,19.492887,-78.84072
2020-09-02T06:53:31.086826324,19.487213,-78.85346
2020-09-02T06:53:31.094455718,19.4975,-78.86192
2020-09-02T06:53:31.108570098,19.497059,-78.83881
2020-09-02T06:53:31.110477447,19.531837,-78.82952
2020-09-02T06:53:31.126499176,19.531881,-78.82957
2020-09-02T06:53:31.128406524,19.531876,-78.829575
2020-09-02T06:53:31.130313873,19.504871,-78.83844
2020-09-02T06:53:31.140232086,19.494133,-78.842125
2020-09-02T06:53:31.160070419,19.510008,-78.82886
2020-09-02T06:53:31.162359237,19.501663,-78.82862
2020-09-02T06:53:31.176092147,19.500584,-78.83949
2020-09-02T06:53:31.192113876,19.506926,-78.84466
2020-09-02T06:53:31.195928573,19.531929,-78.82955
2020-09-02T06:53:31.555660247,18.363615,-83.23548
2020-09-02T06:53:32.061115264,15.270459,-82.060524
2020-09-02T06:53:32.071033477,15.270352,-82.07064
2020-09-02T06:53:32.073322296,15.286031,-82.08532
2020-09-02T06:53:32.075229644,15.3167515,-82.12064
2020-09-02T06:53:32.077136993,15.2954235,-82.10005
2020-09-02T06:53:32.079044342,15.29814,-82.10027
2020-09-02T06:53:32.106891632,15.263397,-82.081245
2020-09-02T06:53:32.111087799,15.239849,-82.11721
2020-09-02T06:53:32.136646270,15.267226,-82.08863
2020-09-02T06:53:32.138935089,15.273404,-82.08446
2020-09-02T06:53:32.140842437,15.262281,-82.07564
2020-09-02T06:53:32.142751693,15.239697,-82.08023
2020-09-02T06:53:32.146566390,15.263698,-82.087906
2020-09-02T06:53:32.160680770,15.239885,-82.11737
2020-09-02T06:53:32.162588119,15.289281,-82.096
2020-09-02T06:53:32.166784286,15.239868,-82.11738
2020-09-02T06:53:32.180517196,15.266252,-82.09025
2020-09-02T06:53:32.196538925,15.263274,-82.10371
2020-09-02T06:53:32.198446273,15.239902,-82.1173
2020-09-02T06:53:32.204549789,15.239938,-82.11732
2020-09-02T06:53:32.206457138,15.254867,-82.1183
2020-09-02T06:53:32.208364486,15.239562,-82.04137
2020-09-02T06:53:32.210271835,15.277552,-82.069954
2020-09-02T06:53:32.212179183,15.259788,-82.080574
2020-09-02T06:53:32.214468002,15.265575,-82.0658
2020-09-02T06:53:32.216375350,15.265766,-82.06633
2020-09-02T06:53:32.218282699,15.26592,-82.06497
2020-09-02T06:53:32.220190048,15.265728,-82.065994
2020-09-02T06:53:32.222478866,15.265897,-82.065796
2020-09-02T06:53:32.224386215,15.266544,-82.07048
2020-09-02T06:53:32.226293563,15.239527,-82.04138
2020-09-02T06:53:32.281990051,15.316422,-82.04465
2020-09-02T06:53:33.221944808,19.49508,-78.82855
2020-09-02T06:53:33.245595932,19.48943,-78.82839
2020-09-02T06:53:33.525981903,19.491896,-78.828514
2020-09-02T06:53:33.527889251,19.483103,-78.82357
2020-09-02T06:53:33.543910980,19.452503,-78.82734
2020-09-02T06:53:33.567943572,19.4797,-78.828186
2020-09-02T06:53:33.667127609,19.482906,-78.802666
2020-09-02T06:53:33.669034957,19.47724,-78.81263
2020-09-02T06:53:33.762496948,19.477734,-78.81981
2020-09-02T06:53:33.868164062,19.484003,-78.82842
2020-09-02T06:53:37.714965820,18.362036,-82.96435
2020-09-02T06:53:37.768753051,18.362066,-82.96436
2020-09-02T06:53:37.770660400,18.362053,-82.96436
2020-09-02T06:53:37.772567749,18.369873,-82.97831
2020-09-02T06:53:37.774475097,18.36204,-82.964355
2020-09-02T06:53:37.869844436,18.37025,-82.979836
2020-09-02T06:53:37.872133255,18.36201,-82.96442
2020-09-02T06:53:37.945375442,18.383486,-82.980125
2020-09-02T06:53:37.947664260,18.392185,-82.96616
2020-09-02T06:53:38.015186309,18.36908,-82.97785
2020-09-02T06:53:38.017093658,18.370901,-82.98253
2020-09-02T06:53:38.019001007,18.362116,-82.980576
2020-09-02T06:53:38.020908355,18.368202,-82.9798
2020-09-02T06:53:38.023197174,18.372406,-82.984924
2020-09-02T06:53:38.030826568,18.362007,-82.964386
2020-09-02T06:53:38.164342880,18.361973,-82.96441
2020-09-02T06:53:38.197912216,18.362003,-82.964325
2020-09-02T06:53:38.271537780,18.37536,-82.9771
2020-09-02T06:53:38.273445129,18.362078,-82.964386
2020-09-02T06:53:38.275352478,18.362068,-82.96438
2020-09-02T06:53:38.277641296,18.362059,-82.96437
2020-09-02T06:53:38.279548645,18.362156,-82.9788
2020-09-02T06:53:38.281455993,18.370085,-82.98344
2020-09-02T06:53:38.293281555,18.377748,-82.978004
2020-09-02T06:53:38.339059829,18.376888,-82.981186
2020-09-02T06:53:38.402765274,18.370996,-82.98
2020-09-02T06:53:39.317159653,19.913305,-79.69671
2020-09-02T06:53:39.319067002,19.935364,-79.69753
2020-09-02T06:53:39.410621167,19.935366,-79.6975
2020-09-02T06:53:39.478142262,19.935398,-79.69754
2020-09-02T06:53:39.480431080,19.935429,-79.69755
2020-09-02T06:53:39.567789078,19.855137,-79.69447
2020-09-02T06:53:39.599451542,19.89238,-79.69584
2020-09-02T06:53:39.611277104,19.855165,-79.694466
2020-09-02T06:53:39.438468457,19.451855,-78.44113
2020-09-02T06:53:39.444572449,19.451895,-78.461075
2020-09-02T06:53:39.456398011,19.451883,-78.44111
2020-09-02T06:53:39.472420216,19.465593,-78.46187
2020-09-02T06:53:39.494163991,19.451853,-78.44112
2020-09-02T06:53:39.502175332,19.471045,-78.4635
2020-09-02T06:53:39.506371499,19.451933,-78.441055
2020-09-02T06:53:39.514000893,19.451918,-78.441055
2020-09-02T06:53:39.522011757,19.462473,-78.467606
2020-09-02T06:53:39.528115273,19.459751,-78.474785
2020-09-02T06:53:39.530022622,19.451847,-78.441025
2020-09-02T06:53:39.531929970,19.455578,-78.474174
2020-09-02T06:53:39.533837796,19.46406,-78.47157
2020-09-02T06:53:39.536126614,19.461863,-78.48217
2020-09-02T06:53:39.563974381,19.45193,-78.46152
2020-09-02T06:53:39.565881730,19.451935,-78.47442
2020-09-02T06:53:39.585718155,19.459072,-78.463264
2020-09-02T06:53:39.587625504,19.451935,-78.47177
2020-09-02T06:53:39.615473271,19.451855,-78.44107
2020-09-02T06:53:39.619669438,19.45183,-78.441086
2020-09-02T06:53:39.621576787,19.451826,-78.44109
2020-09-02T06:53:39.623484135,19.451832,-78.44109
2020-09-02T06:53:39.682994366,19.46216,-78.4742
2020-09-02T06:53:39.685283185,19.451939,-78.44101
2020-09-02T06:53:39.752804757,19.461716,-78.4703
2020-09-02T06:53:39.758526803,19.451956,-78.440926
2020-09-02T06:53:39.770733834,19.478922,-78.471565
2020-09-02T06:53:39.786374569,19.451956,-78.44099
2020-09-02T06:53:39.788663388,19.472721,-78.46708
2020-09-02T06:53:39.790570736,19.463577,-78.47494
2020-09-02T06:53:39.794385434,19.452032,-78.483406
2020-09-02T06:53:39.796292782,19.452026,-78.48369
2020-09-02T06:53:39.800488949,19.451998,-78.47669
2020-09-02T06:53:39.804303647,19.452074,-78.51825
2020-09-02T06:53:39.810407162,19.452065,-78.51825
2020-09-02T06:53:39.812314988,19.464231,-78.50543
2020-09-02T06:53:39.814222336,19.452072,-78.518234
2020-09-02T06:53:39.816511155,19.452078,-78.51823
2020-09-02T06:53:39.818418503,19.473177,-78.5089
2020-09-02T06:53:39.820325852,19.452085,-78.51821
2020-09-02T06:53:39.822233201,19.48575,-78.51914
2020-09-02T06:53:39.826429368,19.498817,-78.51953
2020-09-02T06:53:39.828336716,19.53189,-78.520454
2020-09-02T06:53:39.830244065,19.48881,-78.514725
2020-09-02T06:53:39.832151413,19.485275,-78.506035
2020-09-02T06:53:39.834058762,19.494398,-78.506226
2020-09-02T06:53:39.836347580,19.486568,-78.50479
2020-09-02T06:53:39.838254929,19.500137,-78.50981
2020-09-02T06:53:39.840162278,19.501892,-78.51552
2020-09-02T06:53:39.842069626,19.50138,-78.51467
2020-09-02T06:53:39.843977452,19.517698,-78.520004
2020-09-02T06:53:39.846266270,19.5099,-78.52259
2020-09-02T06:53:39.848173619,19.502724,-78.51966
2020-09-02T06:53:39.850080967,19.504272,-78.52254
2020-09-02T06:53:39.851988316,19.505709,-78.53186
2020-09-02T06:53:39.854277134,19.514595,-78.519966
2020-09-02T06:53:39.856184483,19.520449,-78.54644
2020-09-02T06:53:39.858091832,19.532024,-78.54365
2020-09-02T06:53:39.859999180,19.510704,-78.55239
2020-09-02T06:53:39.861906529,19.507948,-78.55475
2020-09-02T06:53:39.864195347,19.501305,-78.55804
2020-09-02T06:53:39.868010045,19.497065,-78.56788
2020-09-02T06:53:39.869917393,19.503729,-78.56877
2020-09-02T06:53:39.871824742,19.50677,-78.55833
2020-09-02T06:53:39.874114037,19.515242,-78.53613
2020-09-02T06:53:39.876021386,19.531847,-78.520454
2020-09-02T06:53:39.877928734,19.531837,-78.52047
2020-09-02T06:53:39.879836083,19.522245,-78.53889
2020-09-02T06:53:39.881743432,19.531837,-78.52048
2020-09-02T06:53:39.884032250,19.531298,-78.53698
2020-09-02T06:53:39.885939599,19.531885,-78.520485
2020-09-02T06:53:39.887846947,19.54902,-78.52095
2020-09-02T06:53:39.889754296,19.531933,-78.520485
2020-09-02T06:53:39.892043114,19.45228,-78.59565
2020-09-02T06:53:39.893950463,19.494596,-78.58531
2020-09-02T06:53:39.895857811,19.452223,-78.595604
2020-09-02T06:53:39.897765160,19.452194,-78.59558
2020-09-02T06:53:39.899672509,19.452166,-78.59556
2020-09-02T06:53:39.907683850,19.452246,-78.59562
2020-09-02T06:53:39.931716443,19.531788,-78.44306
2020-09-02T06:53:39.933623791,19.531776,-78.443054
2020-09-02T06:53:40.012970924,19.499691,-78.44477
2020-09-02T06:53:40.015259742,19.476315,-78.43864
2020-09-02T06:53:40.060655593,19.532604,-78.830055
2020-09-02T06:53:40.062944412,19.532627,-78.83005
2020-09-02T06:53:40.106432437,19.532629,-78.83006
2020-09-02T06:53:40.108721256,19.532616,-78.830055
2020-09-02T06:53:40.110628604,19.47105,-78.43772
2020-09-02T06:53:40.110628604,19.5326,-78.83005
2020-09-02T06:53:40.112535953,19.532576,-78.83005
2020-09-02T06:53:40.114443302,19.53255,-78.830055
2020-09-02T06:53:40.116350650,19.532526,-78.83006
2020-09-02T06:53:40.118639469,19.532501,-78.83006
2020-09-02T06:53:40.170138835,19.473913,-78.43443
2020-09-02T06:53:40.170138835,19.532639,-78.8301
2020-09-02T06:53:40.184253692,19.45193,-78.44097
2020-09-02T06:53:40.189975738,19.532629,-78.830124
2020-09-02T06:53:40.227741718,19.485575,-78.43146
2020-09-02T06:53:40.317388534,19.532585,-78.83007
2020-09-02T06:53:40.323110580,19.53259,-78.83006
2020-09-02T06:53:40.335317611,19.532782,-78.9075
2020-09-02T06:53:40.047685146,14.760007,-77.953896
2020-09-02T06:53:40.049592494,14.736497,-77.94466
2020-09-02T06:53:40.051499843,14.777909,-77.97391
2020-09-02T06:53:40.051499843,14.61601,-77.72981
2020-09-02T06:53:40.053407192,14.961578,-78.0743
2020-09-02T06:53:40.053407192,14.769008,-77.957184
2020-09-02T06:53:40.335317611,19.53701,-78.82449
2020-09-02T06:53:40.337224960,19.532557,-78.82327
2020-09-02T06:53:40.339132785,19.532562,-78.83004
2020-09-02T06:53:40.347143650,19.532555,-78.8301
2020-09-02T06:53:40.349050998,19.532557,-78.830124
2020-09-02T06:53:40.350958347,19.532557,-78.83013
2020-09-02T06:53:40.353247165,19.532555,-78.83012
2020-09-02T06:53:40.355154514,19.532553,-78.8301
2020-09-02T06:53:40.360876560,19.532547,-78.83005
2020-09-02T06:53:40.363165378,19.532513,-78.819756
2020-09-02T06:53:40.365072727,19.53253,-78.830055
2020-09-02T06:53:40.366980075,19.53252,-78.83006
2020-09-02T06:53:40.368887901,19.532513,-78.83006
2020-09-02T06:53:40.376898765,19.532555,-78.83668
2020-09-02T06:53:40.378806114,19.532549,-78.830124
2020-09-02T06:53:40.404746532,19.52033,-78.82972
2020-09-02T06:53:40.434501647,19.516531,-78.829605
2020-09-02T06:53:40.436408996,19.499739,-78.8291
2020-09-02T06:53:40.438697814,19.504122,-78.836754
2020-09-02T06:53:40.440605163,19.53253,-78.83006
2020-09-02T06:53:40.460441589,19.476929,-78.835
2020-09-02T06:53:40.462349414,19.48622,-78.837036
2020-09-02T06:53:40.464256763,19.478146,-78.83451
2020-09-02T06:53:40.466545581,19.505344,-78.82569
2020-09-02T06:53:40.468452930,19.532642,-78.82996
2020-09-02T06:53:40.478371143,19.452757,-78.82768
2020-09-02T06:53:40.484474658,19.501213,-78.82912
2020-09-02T06:53:40.486382007,19.492224,-78.82884
2020-09-02T06:53:40.561914443,19.532564,-78.81794
2020-09-02T06:53:40.587854862,19.499773,-78.84179
2020-09-02T06:53:40.589762210,19.53258,-78.83007
2020-09-02T06:53:40.621424674,19.532555,-78.83001
2020-09-02T06:53:40.655375957,19.53262,-78.83003
2020-09-02T06:53:40.657283306,19.532618,-78.83003
2020-09-02T06:53:40.719082355,19.497786,-78.83833
2020-09-02T06:53:40.720989704,19.483715,-78.84325
2020-09-02T06:53:40.764477729,19.480158,-78.83591
2020-09-02T06:53:44.016939163,19.497635,-78.82941
2020-09-02T06:53:44.074923515,19.479284,-78.8296
2020-09-02T06:53:44.122607231,19.499342,-78.82956
2020-09-02T06:53:44.124514579,19.49964,-78.829575
2020-09-02T06:53:44.130619049,19.494963,-78.829445
2020-09-02T06:53:44.237812995,19.499182,-78.82949
2020-09-02T06:53:44.271764755,19.499346,-78.829605
2020-09-02T06:53:44.285497665,19.499931,-78.82957
2020-09-02T06:53:44.307241439,19.499592,-78.8295
2020-09-02T06:53:44.325171470,19.499386,-78.82956
2020-09-02T06:53:46.390861511,19.53093,-78.47009
2020-09-02T06:53:46.432442665,19.5309,-78.47139
2020-09-02T06:53:46.448464393,19.530863,-78.47444
2020-09-02T06:53:46.510263442,19.530872,-78.443565
2020-09-02T06:53:48.778517723,19.452572,-78.82774
2020-09-02T06:53:48.780425071,19.496603,-78.82905
2020-09-02T06:53:48.786528587,19.485064,-78.84775
2020-09-02T06:53:48.788435935,19.481785,-78.84623
2020-09-02T06:53:48.820479393,19.484066,-78.843925
2020-09-02T06:53:48.822386741,19.45261,-78.82778
2020-09-02T06:53:48.828108787,19.452555,-78.82773
2020-09-02T06:53:48.830397605,19.452538,-78.82771
2020-09-02T06:53:48.832305908,19.452549,-78.82771
2020-09-02T06:53:48.834213256,19.474127,-78.83832
2020-09-02T06:53:48.957429885,19.452627,-78.82771
2020-09-02T06:53:48.959337234,19.45264,-78.82771
2020-09-02T06:53:48.961626052,19.485176,-78.82869
2020-09-02T06:53:48.975358963,19.472488,-78.84065
2020-09-02T06:53:48.977266311,19.468798,-78.83664
2020-09-02T06:53:48.979173660,19.471296,-78.836754
2020-09-02T06:53:48.981462478,19.470736,-78.83593
2020-09-02T06:53:48.983369827,19.467794,-78.837
2020-09-02T06:53:48.985277175,19.467955,-78.83409
2020-09-02T06:53:48.987184524,19.452509,-78.82774
2020-09-02T06:53:48.989473342,19.452501,-78.827736
2020-09-02T06:53:48.991380691,19.452497,-78.827736
2020-09-02T06:53:48.993288040,19.452505,-78.827736
2020-09-02T06:53:48.995195388,19.461836,-78.828865
2020-09-02T06:53:48.997102737,19.465302,-78.83291
2020-09-02T06:53:49.005113601,19.45602,-78.80412
2020-09-02T06:53:49.007020950,19.471533,-78.83106
2020-09-02T06:53:49.009309768,19.452547,-78.82775
2020-09-02T06:53:49.056994438,19.466019,-78.81828
2020-09-02T06:53:49.058901786,19.461779,-78.81088
2020-09-02T06:53:49.060809135,19.452501,-78.82757
2020-09-02T06:53:49.066912651,19.452442,-78.79239
2020-09-02T06:53:49.068819999,19.46189,-78.78526
2020-09-02T06:53:49.070727348,19.468048,-78.81917
2020-09-02T06:53:49.072634696,19.452547,-78.82765
2020-09-02T06:53:49.074923515,19.452364,-78.75029
2020-09-02T06:53:49.076830863,19.466185,-78.78747
2020-09-02T06:53:49.078739166,19.452557,-78.82771
2020-09-02T06:53:49.092853546,19.452515,-78.82768
2020-09-02T06:53:49.094760894,19.45253,-78.827675
2020-09-02T06:53:49.098575592,19.45237,-78.75029
2020-09-02T06:53:49.100482940,19.452383,-78.75028
2020-09-02T06:53:49.253835678,19.479818,-78.84206
2020-09-02T06:53:49.255743026,19.467575,-78.822365
2020-09-02T06:53:49.339286804,19.465681,-78.83127
2020-09-02T06:53:49.343101501,19.486029,-78.82868
2020-09-02T06:53:49.345008850,19.452614,-78.80065
2020-09-02T06:53:50.995271682,19.451862,-78.46418
2020-09-02T06:53:51.021211624,19.451853,-78.44033
2020-09-02T06:53:51.060886383,19.451809,-78.48628
2020-09-02T06:53:51.082630157,19.451914,-78.517624
2020-09-02T06:53:51.084918975,19.451857,-78.48839
2020-09-02T06:53:51.088733673,19.451864,-78.49197
2020-09-02T06:53:51.154348373,19.482841,-78.48759
2020-09-02T06:53:51.156255722,19.45192,-78.51753
2020-09-02T06:53:51.160451889,19.45193,-78.51752
2020-09-02T06:53:51.164266586,19.477684,-78.46426
2020-09-02T06:53:51.166173934,19.451832,-78.469345
2020-09-02T06:53:51.176092147,19.451813,-78.44027
2020-09-02T06:53:51.184103012,19.451988,-78.51766
2020-09-02T06:53:51.203939437,19.474829,-78.45931
2020-09-02T06:53:51.205846786,19.469515,-78.47227
2020-09-02T06:53:51.208135604,19.47551,-78.47646
2020-09-02T06:53:51.210042953,19.451836,-78.440186
2020-09-02T06:53:51.219961166,19.477896,-78.46613
2020-09-02T06:53:51.221868515,19.4518,-78.462364
2020-09-02T06:53:51.223775863,19.47522,-78.46263
2020-09-02T06:53:51.226064682,19.451754,-78.440216
2020-09-02T06:53:51.227972030,19.45179,-78.4587
2020-09-02T06:53:51.285575866,19.48342,-78.48345
2020-09-02T06:53:51.287483215,19.451952,-78.48688
2020-09-02T06:53:51.313423156,19.474255,-78.47181
2020-09-02T06:53:51.367210388,19.47092,-78.4559
2020-09-02T06:53:51.369117736,19.468916,-78.472244
2020-09-02T06:53:51.438547134,19.473127,-78.45917
2020-09-02T06:53:51.440454483,19.451792,-78.44034
2020-09-02T06:53:53.418787002,18.316074,-82.96103
2020-09-02T06:53:53.460367202,18.31765,-82.96106
2020-09-02T06:53:53.462274551,18.282797,-82.95908
2020-09-02T06:53:53.527889251,18.282856,-82.95916
2020-09-02T06:53:53.530178070,18.321138,-82.961365
2020-09-02T06:53:53.559932708,18.317923,-82.96113
2020-09-02T06:53:53.561840057,18.319782,-82.96123
2020-09-02T06:53:53.599605560,18.321037,-82.961334
2020-09-02T06:53:53.601512908,18.3246,-82.96155
2020-09-02T06:53:53.603420257,18.323687,-82.9615
2020-09-02T06:53:53.637372970,18.315945,-82.97383
2020-09-02T06:53:53.663312911,18.324814,-82.961525
2020-09-02T06:53:53.679334640,18.31654,-82.968834
2020-09-02T06:53:53.681241989,18.314543,-82.974335
2020-09-02T06:53:53.706800460,18.311073,-82.9607
2020-09-02T06:53:53.709089279,18.308037,-82.96305
2020-09-02T06:53:53.762496948,18.31395,-82.96941
2020-09-02T06:53:53.776611328,18.314074,-82.96091
2020-09-02T06:53:53.794540405,18.323895,-82.96145
2020-09-02T06:53:53.862060546,18.311558,-82.96803
2020-09-02T06:53:53.883806228,18.316748,-82.9611
2020-09-02T06:53:53.929582595,18.282862,-82.959175
2020-09-02T06:53:53.971544265,18.32162,-82.96142
2020-09-02T06:53:53.985277175,18.361872,-82.963684
2020-09-02T06:53:53.987184524,18.322483,-82.96143
2020-09-02T06:53:54.047077178,18.32605,-82.961685
2020-09-02T06:53:54.496074676,19.500557,-78.85964
2020-09-02T06:53:54.520107269,19.5323,-78.82985
2020-09-02T06:53:54.530025482,19.500202,-78.85904
2020-09-02T06:53:54.533840179,19.50382,-78.852875
2020-09-02T06:53:54.536128997,19.532385,-78.8299
2020-09-02T06:53:54.538036346,19.53239,-78.829895
2020-09-02T06:53:54.555965423,19.508228,-78.84392
2020-09-02T06:53:54.557872772,19.501276,-78.84327
2020-09-02T06:53:54.561687469,19.532381,-78.82978
2020-09-02T06:53:54.563976287,19.506403,-78.838135
2020-09-02T06:53:54.565883636,19.50653,-78.83737
2020-09-02T06:53:54.611660003,19.506716,-78.83901
2020-09-02T06:53:54.627302169,19.532307,-78.82986
2020-09-02T06:53:54.679182052,19.532377,-78.82986
2020-09-02T06:53:54.681089401,19.518253,-78.834206
2020-09-02T06:53:54.682996749,19.512331,-78.83533
2020-09-02T06:53:54.728773117,19.495867,-78.86222
2020-09-02T06:53:54.854278564,19.532286,-78.829834
2020-09-02T06:53:54.856185913,19.501802,-78.84452
2020-09-02T06:53:56.681165695,19.51367,-78.37818
2020-09-02T06:53:56.683073043,19.503845,-78.36484
2020-09-02T06:53:56.712827682,19.495583,-78.364586
2020-09-02T06:53:56.717023849,19.48927,-78.37144
2020-09-02T06:53:56.718931198,19.487223,-78.38139
2020-09-02T06:53:56.728851318,19.494627,-78.36456
2020-09-02T06:53:56.734954833,19.50928,-78.37953
2020-09-02T06:53:56.744873046,19.506084,-78.36487
2020-09-02T06:53:56.754791259,19.49344,-78.36446
2020-09-02T06:53:56.756698608,19.486881,-78.37072
2020-09-02T06:53:56.764709472,19.486465,-78.36086
2020-09-02T06:53:56.766616821,19.489063,-78.37348
2020-09-02T06:53:56.790649414,19.49667,-78.364624
2020-09-02T06:53:56.792556762,19.496601,-78.3646
2020-09-02T06:53:56.794464111,19.497456,-78.3646
2020-09-02T06:53:56.802474975,19.490545,-78.36387
2020-09-02T06:53:56.856264114,19.451305,-78.363396
2020-09-02T06:53:56.963457107,19.48714,-78.37576
2020-09-02T06:53:56.965364456,19.485651,-78.37825
2020-09-02T06:53:56.967271804,19.494946,-78.36453
2020-09-02T06:53:56.969562530,19.488611,-78.370514
2020-09-02T06:53:56.971469879,19.45136,-78.36349
2020-09-02T06:53:56.975284576,19.490288,-78.36191
2020-09-02T06:53:56.977573394,19.481548,-78.371826
2020-09-02T06:53:56.981388092,19.495296,-78.36517
2020-09-02T06:53:56.983295440,19.491537,-78.361916
2020-09-02T06:53:56.985202789,19.498035,-78.36468
2020-09-02T06:53:56.987491607,19.506443,-78.36488
2020-09-02T06:53:56.989398956,19.531082,-78.36552
2020-09-02T06:53:56.991306304,19.487286,-78.35453
2020-09-02T06:53:56.993213653,19.531076,-78.365524
2020-09-02T06:53:56.995121002,19.501911,-78.35872
2020-09-02T06:53:56.999317169,19.531075,-78.36555
2020-09-02T06:53:57.001224517,19.487707,-78.36441
2020-09-02T06:53:57.007328033,19.531082,-78.365486
2020-09-02T06:53:57.009235382,19.490993,-78.35642
2020-09-02T06:53:57.011142730,19.485386,-78.36153
2020-09-02T06:53:57.015338897,19.531075,-78.36548
2020-09-02T06:53:57.027164459,19.5311,-78.36553
2020-09-02T06:53:57.138555526,19.488705,-78.36009
2020-09-02T06:53:57.140462875,19.486736,-78.364365
2020-09-02T06:53:57.162206649,19.500677,-78.36469
2020-09-02T06:53:57.198064804,19.5311,-78.3655
2020-09-02T06:53:57.224006652,19.531036,-78.3655
2020-09-02T06:53:57.225914001,19.495441,-78.36514
2020-09-02T06:53:57.227821350,19.482565,-78.34941
2020-09-02T06:53:57.235832214,19.479797,-78.35648
2020-09-02T06:53:57.333106994,19.530983,-78.365555
2020-09-02T06:53:57.335395812,19.486689,-78.35804
2020-09-02T06:53:57.337303161,19.45118,-78.36349
2020-09-02T06:53:57.339210510,19.482452,-78.352776
2020-09-02T06:53:57.341119766,19.48435,-78.350716
2020-09-02T06:53:57.343027114,19.488827,-78.35429
2020-09-02T06:53:57.352945327,19.468132,-78.331764
2020-09-02T06:53:57.355234146,19.476343,-78.34279
2020-09-02T06:53:57.357141494,19.451183,-78.36349
2020-09-02T06:53:57.360956192,19.451109,-78.3197
2020-09-02T06:53:59.750897408,18.284523,-83.269714
2020-09-02T06:53:59.814222336,18.333225,-83.29656
2020-09-02T06:53:59.953460694,18.34577,-83.31437
2020-09-02T06:53:59.985123158,18.342066,-83.26789
2020-09-02T06:53:59.987411976,18.346186,-83.29458
2020-09-02T06:53:59.989319325,18.284681,-83.26986
2020-09-02T06:54:00.062944412,19.490185,-78.82818
2020-09-02T06:54:00.074769973,19.48887,-78.82819
2020-09-02T06:54:00.088884353,19.483816,-78.82799
2020-09-02T06:54:00.090792179,19.451986,-78.82703
2020-09-02T06:54:00.140383720,19.484638,-78.8281
2020-09-02T06:54:00.142291069,19.48625,-78.82815
2020-09-02T06:54:00.154498577,19.451977,-78.82712
2020-09-02T06:54:00.217823505,19.451801,-78.827
2020-09-02T06:54:00.220112323,19.451784,-78.82697
2020-09-02T06:54:00.253682136,19.470205,-78.84042
2020-09-02T06:54:00.255589485,19.47393,-78.83738
2020-09-02T06:54:00.257878303,19.451736,-78.827
2020-09-02T06:54:00.259785652,19.45175,-78.827
2020-09-02T06:54:00.311285018,19.479803,-78.83358
2020-09-02T06:54:00.313192367,19.484922,-78.827896
2020-09-02T06:54:00.339132785,19.490467,-78.82818
2020-09-02T06:54:00.345236301,19.478394,-78.827805
2020-09-02T06:54:00.347143650,19.470287,-78.84112
2020-09-02T06:54:00.349050998,19.472263,-78.83381
2020-09-02T06:54:00.373084068,19.451828,-78.82695
2020-09-02T06:54:00.374991416,19.475965,-78.83579
2020-09-02T06:54:00.381094932,19.451735,-78.82698
2020-09-02T06:54:00.384909629,19.478273,-78.827774
2020-09-02T06:54:00.392920494,19.47329,-78.81955
2020-09-02T06:54:00.394827842,19.451809,-78.827
2020-09-02T06:54:00.402839183,19.451757,-78.826996
2020-09-02T06:54:00.404746532,19.473886,-78.827644
2020-09-02T06:54:00.416572093,19.451706,-78.79223
2020-09-02T06:54:00.426871776,19.45171,-78.79052
2020-09-02T06:54:00.428779125,19.47097,-78.82096
2020-09-02T06:54:00.430686950,19.466856,-78.819305
2020-09-02T06:54:00.432594299,19.469587,-78.810135
2020-09-02T06:54:00.464638233,19.464245,-78.81334
2020-09-02T06:54:00.466545581,19.462532,-78.80024
2020-09-02T06:54:00.468452930,19.465261,-78.80919
2020-09-02T06:54:00.470360279,19.469137,-78.80584
2020-09-02T06:54:00.472267627,19.45183,-78.82701
2020-09-02T06:54:00.474556446,19.451834,-78.82702
2020-09-02T06:54:00.484474658,19.451668,-78.749626
2020-09-02T06:54:00.486382007,19.462389,-78.80107
2020-09-02T06:54:00.488289356,19.457811,-78.790184
2020-09-02T06:54:00.490196704,19.459238,-78.792404
2020-09-02T06:54:00.492104530,19.46755,-78.81648
2020-09-02T06:54:00.494393348,19.451908,-78.826965
2020-09-02T06:54:00.573740005,19.466463,-78.83372
2020-09-02T06:54:00.579843521,19.491308,-78.82814
2020-09-02T06:54:00.581750869,19.472828,-78.828964
2020-09-02T06:54:00.597773075,19.486967,-78.83878
2020-09-02T06:54:00.599680423,19.479233,-78.8061
2020-09-02T06:54:00.641261100,19.478107,-78.829834
2020-09-02T06:54:00.744641304,19.46481,-78.81152
2020-09-02T06:54:00.764477729,19.46651,-78.80944
2020-09-02T06:54:00.766766548,19.457932,-78.804955
2020-09-02T06:54:00.770581722,19.451597,-78.82689
2020-09-02T06:54:00.772489070,19.45913,-78.79401
2020-09-02T06:54:01.657130718,19.489553,-78.482735
2020-09-02T06:54:01.669338226,19.480913,-78.47411
2020-09-02T06:54:01.671245574,19.476511,-78.472565
2020-09-02T06:54:01.679256439,19.479193,-78.47383
2020-09-02T06:54:01.687267303,19.450623,-78.43999
2020-09-02T06:54:01.699093341,19.450663,-78.46668
2020-09-02T06:54:01.774625301,19.450598,-78.43996
2020-09-02T06:54:04.585719108,18.361115,-82.96292
2020-09-02T06:54:04.587626457,18.378193,-82.97633
2020-09-02T06:54:04.589533805,18.37665,-82.97808
2020-09-02T06:54:04.641414642,18.361122,-82.9629
2020-09-02T06:54:04.647518157,18.361147,-82.96292
2020-09-02T06:54:04.732968330,18.381716,-82.97887
2020-09-02T06:54:04.734875679,18.377104,-82.980385
2020-09-02T06:54:04.762723922,18.379961,-82.96404
2020-09-02T06:54:04.764631271,18.361122,-82.96295
2020-09-02T06:54:04.877929687,18.361168,-82.962944
2020-09-02T06:54:04.937439918,18.384687,-82.97739
2020-09-02T06:54:04.939728736,18.380676,-82.977005
2020-09-02T06:54:04.949646949,18.380806,-82.96411
2020-09-02T06:54:05.001146316,18.36109,-82.963
2020-09-02T06:54:05.066760063,18.38026,-82.977684
2020-09-02T06:54:06.311514854,19.53174,-78.82917
2020-09-02T06:54:06.333258628,19.492897,-78.838554
2020-09-02T06:54:06.335165977,19.496916,-78.82817
2020-09-02T06:54:06.345084190,19.500935,-78.82832
2020-09-02T06:54:06.346991539,19.497892,-78.82826
2020-09-02T06:54:06.384757995,19.48345,-78.83504
2020-09-02T06:54:06.387046813,19.490744,-78.83057
2020-09-02T06:54:06.390861511,19.50535,-78.82846
2020-09-02T06:54:06.392768859,19.53173,-78.829216
2020-09-02T06:54:06.440453529,19.53179,-78.82924
2020-09-02T06:54:06.442742347,19.491337,-78.82569
2020-09-02T06:54:06.486230850,19.495777,-78.863205
2020-09-02T06:54:06.508356094,19.503405,-78.85913
2020-09-02T06:54:06.510263442,19.502459,-78.8618
2020-09-02T06:54:06.515985488,19.531885,-78.85964
2020-09-02T06:54:06.518274307,19.531807,-78.829315
2020-09-02T06:54:06.548029899,19.531881,-78.86861
2020-09-02T06:54:06.605632781,19.49473,-78.829765
2020-09-02T06:54:06.607540130,19.490837,-78.81754
2020-09-02T06:54:06.609447479,19.493683,-78.82882
2020-09-02T06:54:06.611736297,19.491722,-78.82442
2020-09-02T06:54:06.613643646,19.507023,-78.816986
2020-09-02T06:54:06.621654510,19.507631,-78.82862
2020-09-02T06:54:06.623561859,19.53178,-78.82934
2020-09-02T06:54:06.625469207,19.497967,-78.81125
2020-09-02T06:54:06.627376556,19.512783,-78.80605
2020-09-02T06:54:06.637294769,19.514688,-78.78266
2020-09-02T06:54:06.639583587,19.50239,-78.79473
2020-09-02T06:54:06.663234710,19.49788,-78.47858
2020-09-02T06:54:06.665143013,19.49316,-78.46788
2020-09-02T06:54:06.675061225,19.530945,-78.44231
2020-09-02T06:54:06.728849411,19.500397,-78.455605
2020-09-02T06:54:06.730756759,19.53102,-78.44232
2020-09-02T06:54:06.733045578,19.53101,-78.44234
2020-09-02T06:54:06.734952926,19.531,-78.44235
2020-09-02T06:54:06.740674972,19.514412,-78.454926
2020-09-02T06:54:06.794463157,19.530941,-78.442314
2020-09-02T06:54:06.796370506,19.530952,-78.4423
2020-09-02T06:54:06.871902465,19.481817,-78.450325
2020-09-02T06:54:06.874191284,19.473888,-78.43486
2020-09-02T06:54:06.876098632,19.48104,-78.4404
2020-09-02T06:54:06.981386184,19.485125,-78.4501
2020-09-02T06:54:06.983293533,19.490726,-78.44061
2020-09-02T06:54:06.985200881,19.50999,-78.44188
2020-09-02T06:54:06.997407913,19.48497,-78.44626
2020-09-02T06:54:07.003129959,19.479275,-78.46218
2020-09-02T06:54:07.007326126,19.513456,-78.46084
2020-09-02T06:54:07.025255203,19.492775,-78.46962
2020-09-02T06:54:07.102695465,19.492197,-78.45296
2020-09-02T06:54:07.104602813,19.451248,-78.440384
2020-09-02T06:54:07.118717193,19.487633,-78.45372
2020-09-02T06:54:07.122531890,19.486341,-78.4413
2020-09-02T06:54:07.124439239,19.486538,-78.4413
2020-09-02T06:54:07.130542755,19.485273,-78.441246
2020-09-02T06:54:07.132450103,19.45119,-78.440346
2020-09-02T06:54:07.134357452,19.487434,-78.45104
2020-09-02T06:54:07.156482696,19.531025,-78.44257
2020-09-02T06:54:07.166401863,19.473219,-78.44523
2020-09-02T06:54:07.174031257,19.487263,-78.45551
2020-09-02T06:54:07.184330940,19.47287,-78.44131
2020-09-02T06:54:07.186238288,19.466848,-78.44591
2020-09-02T06:54:07.188145637,19.468342,-78.45051
2020-09-02T06:54:07.229726791,19.480036,-78.45916
2020-09-02T06:54:07.232015609,19.45793,-78.4379
2020-09-02T06:54:07.233922958,19.455347,-78.43733
2020-09-02T06:54:07.235830307,19.451204,-78.440475
2020-09-02T06:54:07.237737655,19.458288,-78.44026
2020-09-02T06:54:07.239645004,19.460428,-78.44352
2020-09-02T06:54:07.241933822,19.460438,-78.44395
2020-09-02T06:54:07.243841171,19.465824,-78.44306
2020-09-02T06:54:07.321280479,19.477657,-78.45552
2020-09-02T06:54:07.323187828,19.456472,-78.44351
2020-09-02T06:54:07.360954284,19.48509,-78.45924
2020-09-02T06:54:07.363243103,19.490793,-78.44151
2020-09-02T06:54:07.424660682,19.459354,-78.448204
2020-09-02T06:54:07.472345352,19.483746,-78.45714
2020-09-02T06:54:07.571909904,19.468483,-78.44099
2020-09-02T06:54:07.573817253,19.451305,-78.44053
2020-09-02T06:54:07.637523651,19.443449,-78.4474
2020-09-02T06:54:07.639430999,19.451292,-78.44063
2020-09-02T06:54:09.396889686,19.452303,-78.82787
2020-09-02T06:54:09.446480751,19.45232,-78.8278
2020-09-02T06:54:09.448388099,19.473549,-78.82841
2020-09-02T06:54:09.486154556,19.452301,-78.8278
2020-09-02T06:54:09.520106315,19.467394,-78.836494
2020-09-02T06:54:09.522013664,19.475592,-78.8284
2020-09-02T06:54:09.524302482,19.452345,-78.82772
2020-09-02T06:54:09.526209831,19.45236,-78.827736
2020-09-02T06:54:09.555964469,19.456528,-78.83437
2020-09-02T06:54:09.557871818,19.462723,-78.8381
2020-09-02T06:54:09.559779167,19.46073,-78.8367
2020-09-02T06:54:09.562067985,19.45235,-78.82782
2020-09-02T06:54:09.563975334,19.459162,-78.8358
2020-09-02T06:54:09.565882682,19.447834,-78.83721
2020-09-02T06:54:09.567790031,19.456083,-78.83635
2020-09-02T06:54:09.613567352,19.452335,-78.82779
2020-09-02T06:54:09.615474700,19.458649,-78.83696
2020-09-02T06:54:09.617382049,19.461927,-78.837906
2020-09-02T06:54:09.639508247,19.452414,-78.82777
2020-09-02T06:54:09.643322944,19.452394,-78.82777
2020-09-02T06:54:09.710844039,19.462633,-78.84093
2020-09-02T06:54:09.713132858,19.47527,-78.84063
2020-09-02T06:54:09.770735740,19.461119,-78.83661
2020-09-02T06:54:09.772643089,19.452564,-78.8413
2020-09-02T06:54:09.784468650,19.452406,-78.82774
2020-09-02T06:54:09.786375999,19.469294,-78.83497
2020-09-02T06:54:09.788664817,19.466343,-78.83815
2020-09-02T06:54:09.790572166,19.470198,-78.83941
2020-09-02T06:54:09.804305076,19.477251,-78.82685
2020-09-02T06:54:09.816512107,19.476479,-78.82525
2020-09-02T06:54:09.826431274,19.477242,-78.83963
2020-09-02T06:54:09.832153320,19.47759,-78.81867
2020-09-02T06:54:09.834442138,19.475752,-78.82362
2020-09-02T06:54:09.836349487,19.452467,-78.82774
2020-09-02T06:54:09.861907958,19.482601,-78.828514
2020-09-02T06:54:09.864196777,19.476982,-78.819145
2020-09-02T06:54:09.866104125,19.483494,-78.800995
2020-09-02T06:54:09.868011474,19.47973,-78.79024
2020-09-02T06:54:09.869918823,19.477379,-78.81569
2020-09-02T06:54:09.903870582,19.452318,-78.82764
2020-09-02T06:54:09.933625221,19.484552,-78.828606
2020-09-02T06:54:09.935532569,19.481665,-78.80735
2020-09-02T06:54:09.937439918,19.48021,-78.8136
2020-09-02T06:54:09.955369949,19.452412,-78.82762
2020-09-02T06:54:09.957658767,19.452396,-78.8276
2020-09-02T06:54:09.959566116,19.476095,-78.80601
2020-09-02T06:54:09.961473464,19.47501,-78.804726
2020-09-02T06:54:09.971391677,19.479216,-78.82845
2020-09-02T06:54:09.987413406,19.452227,-78.7503
2020-09-02T06:54:09.989320755,19.479635,-78.79267
2020-09-02T06:54:09.999238967,19.452227,-78.750244
2020-09-02T06:54:10.001146316,19.47395,-78.81065
2020-09-02T06:54:10.040820121,19.4811,-78.82849
2020-09-02T06:54:10.045016288,19.452192,-78.75026
2020-09-02T06:54:10.062945365,19.468729,-78.76731
2020-09-02T06:54:10.064852714,19.476673,-78.81294
2020-09-02T06:54:10.158314704,19.474314,-78.80276
2020-09-02T06:54:10.160222053,19.474615,-78.77726
2020-09-02T06:54:10.164418220,19.452314,-78.75029
2020-09-02T06:54:10.166325569,19.45231,-78.750275
2020-09-02T06:54:10.217824935,19.473341,-78.8028
2020-09-02T06:54:10.220113754,19.477728,-78.7799
2020-09-02T06:54:10.257880210,19.452524,-78.827576
2020-09-02T06:54:10.259787559,19.475853,-78.788315
2020-09-02T06:54:10.289542198,19.475973,-78.81005
2020-09-02T06:54:10.311285972,19.452269,-78.75023
2020-09-02T06:54:10.313193321,19.452467,-78.8276
2020-09-02T06:54:10.035098075,18.3618,-82.9641
2020-09-02T06:54:10.037005424,18.36179,-82.96407
2020-09-02T06:54:10.199895858,18.361845,-82.964005
2020-09-02T06:54:10.202184677,18.361849,-82.96401
2020-09-02T06:54:10.204092025,18.361855,-82.96403
2020-09-02T06:54:10.205999374,18.361862,-82.96404
2020-09-02T06:54:10.245672225,18.361877,-82.964035
2020-09-02T06:54:10.247579574,18.361877,-82.96403
2020-09-02T06:54:10.331123352,18.357342,-82.96643
2020-09-02T06:54:10.337226867,18.361856,-82.96398
2020-09-02T06:54:10.458536148,18.36183,-82.96393
2020-09-02T06:54:10.460443496,18.361881,-82.97147
2020-09-02T06:54:10.496301651,18.361897,-82.96393
2020-09-02T06:54:10.519953727,18.361914,-82.96393
2020-09-02T06:54:11.619365692,19.532448,-78.82976
2020-09-02T06:54:11.621654510,19.532454,-78.82976
2020-09-02T06:54:11.623561859,19.512793,-78.83554
2020-09-02T06:54:11.625469207,19.532452,-78.82979
2020-09-02T06:54:11.669340133,19.517355,-78.82929
2020-09-02T06:54:11.671247482,19.532434,-78.82974
2020-09-02T06:54:11.681165695,19.532436,-78.82971
2020-09-02T06:54:11.691083908,19.532473,-78.82978
2020-09-02T06:54:11.694898605,19.532467,-78.82981
2020-09-02T06:54:11.697187423,19.532465,-78.82983
2020-09-02T06:54:11.699094772,19.532463,-78.82984
2020-09-02T06:54:11.762800216,19.532429,-78.82979
2020-09-02T06:54:11.832229614,19.532417,-78.82967
2020-09-02T06:54:11.834136962,19.50931,-78.83879
2020-09-02T06:54:11.853973388,19.51462,-78.82917
2020-09-02T06:54:11.925691604,19.517878,-78.838196
2020-09-02T06:54:11.927598953,19.532536,-78.82967
2020-09-02T06:54:12.055011749,19.518064,-78.829254
2020-09-02T06:54:12.343406677,16.575481,-82.38356
2020-09-02T06:54:12.345314025,16.55587,-82.40574
2020-09-02T06:54:12.355232238,16.56845,-82.386444
2020-09-02T06:54:12.357521057,16.555729,-82.38354
2020-09-02T06:54:12.359428405,16.555706,-82.38047
2020-09-02T06:54:12.361335754,16.555702,-82.37952
2020-09-02T06:54:12.367439270,16.55593,-82.405815
2020-09-02T06:54:12.369346618,16.555756,-82.37232
2020-09-02T06:54:12.379264831,16.55563,-82.36117
2020-09-02T06:54:12.381172180,16.555666,-82.369865
2020-09-02T06:54:12.409021377,16.555712,-82.367035
2020-09-02T06:54:12.410928726,16.555677,-82.361465
2020-09-02T06:54:12.472726821,16.555649,-82.35096
2020-09-02T06:54:12.488748550,16.555511,-82.32918
2020-09-02T06:54:12.897691726,19.451956,-78.51772
2020-09-02T06:54:12.899980545,19.466902,-78.50081
2020-09-02T06:54:12.903795242,19.451973,-78.5177
2020-09-02T06:54:12.929735183,19.472174,-78.50124
2020-09-02T06:54:12.931642532,19.452078,-78.51774
2020-09-02T06:54:12.959489822,19.475368,-78.498695
2020-09-02T06:54:12.975511550,19.452007,-78.51781
2020-09-02T06:54:12.991151809,19.467348,-78.50253
2020-09-02T06:54:12.999162673,19.465923,-78.50241
2020-09-02T06:54:13.005266189,19.463003,-78.501015
2020-09-02T06:54:13.007173538,19.451965,-78.51774
2020-09-02T06:54:13.017093658,19.451973,-78.51774
2020-09-02T06:54:13.043033599,19.451948,-78.51777
2020-09-02T06:54:13.060962677,19.466002,-78.50423
2020-09-02T06:54:13.066684722,19.47435,-78.494064
2020-09-02T06:54:13.080799102,19.470734,-78.488106
2020-09-02T06:54:15.854125976,19.556671,-78.37846
2020-09-02T06:54:15.550090789,19.53174,-78.36486
2020-09-02T06:54:15.661481857,19.531754,-78.36491
2020-09-02T06:54:15.856035232,19.538416,-78.384254
2020-09-02T06:54:15.857942581,19.5368,-78.40403
2020-09-02T06:54:15.860231399,19.536968,-78.41543
2020-09-02T06:54:15.965517044,19.452255,-78.51751
2020-09-02T06:54:16.075000762,19.530706,-78.38628
2020-09-02T06:54:16.076908111,19.51898,-78.37734
2020-09-02T06:54:16.078815460,19.53181,-78.365005
2020-09-02T06:54:15.701154708,19.453018,-78.826996
2020-09-02T06:54:15.720991134,19.48221,-78.82783
2020-09-02T06:54:15.722898483,19.45298,-78.82695
2020-09-02T06:54:15.730911254,19.47767,-78.82762
2020-09-02T06:54:15.732818603,19.452982,-78.826904
2020-09-02T06:54:15.810256958,19.486574,-78.82792
2020-09-02T06:54:15.814453125,19.453037,-78.82693
2020-09-02T06:54:15.854125976,19.479027,-78.836075
2020-09-02T06:54:15.856035232,19.453045,-78.826996
2020-09-02T06:54:15.862138748,19.478987,-78.83791
2020-09-02T06:54:15.864046096,19.453032,-78.827
2020-09-02T06:54:15.865953445,19.477112,-78.82771
2020-09-02T06:54:15.868242263,19.475195,-78.835304
2020-09-02T06:54:15.880067825,19.462034,-78.82728
2020-09-02T06:54:15.881975173,19.478708,-78.83709
2020-09-02T06:54:15.901811599,19.472698,-78.83434
2020-09-02T06:54:15.903718948,19.453033,-78.827065
2020-09-02T06:54:15.906007766,19.453033,-78.827065
2020-09-02T06:54:16.013202667,19.476343,-78.83617
2020-09-02T06:54:16.015110015,19.469679,-78.82229
2020-09-02T06:54:16.019306182,19.473944,-78.8277
2020-09-02T06:54:16.034946441,19.472065,-78.82995
2020-09-02T06:54:16.317237854,19.532776,-78.82943
2020-09-02T06:54:18.981464385,19.452284,-78.82744
2020-09-02T06:54:18.995197296,19.45238,-78.82732
2020-09-02T06:54:19.009311676,19.45229,-78.82735
2020-09-02T06:54:19.011219024,19.470648,-78.842224
2020-09-02T06:54:19.013126373,19.452278,-78.82735
2020-09-02T06:54:19.017322540,19.473557,-78.84155
2020-09-02T06:54:19.019229888,19.476128,-78.828026
2020-09-02T06:54:19.021137237,19.452305,-78.82732
2020-09-02T06:54:19.037158966,19.480461,-78.84397
2020-09-02T06:54:19.047077178,19.472904,-78.83803
2020-09-02T06:54:19.048984527,19.491291,-78.8285
2020-09-02T06:54:19.050891876,19.476784,-78.83759
2020-09-02T06:54:19.052799224,19.468555,-78.83289
2020-09-02T06:54:19.070728302,19.452297,-78.82736
2020-09-02T06:54:19.073019027,19.452301,-78.82737
2020-09-02T06:54:19.086751937,19.452328,-78.82737
2020-09-02T06:54:19.114599227,19.452417,-78.84867
2020-09-02T06:54:19.158468246,19.452433,-78.85015
2020-09-02T06:54:19.196235656,19.472685,-78.836494
2020-09-02T06:54:19.198143005,19.478676,-78.8395
2020-09-02T06:54:19.211875915,19.47824,-78.839584
2020-09-02T06:54:19.241630554,19.480549,-78.83761
2020-09-02T06:54:19.259559631,19.45228,-78.84806
2020-09-02T06:54:19.293510437,19.452354,-78.84899
2020-09-02T06:54:19.305335998,19.459236,-78.85835
2020-09-02T06:54:19.307243347,19.443583,-78.86398
2020-09-02T06:54:19.335092544,19.450117,-78.85548
2020-09-02T06:54:19.357217788,19.467314,-78.843834
2020-09-02T06:54:19.359125137,19.464777,-78.840866
2020-09-02T06:54:19.372858047,19.484303,-78.83813
2020-09-02T06:54:19.375146865,19.48574,-78.82846
2020-09-02T06:54:19.380868911,19.474644,-78.842384
2020-09-02T06:54:19.383157730,19.452187,-78.82747
2020-09-02T06:54:19.393075942,19.499819,-78.82878
2020-09-02T06:54:19.394983291,19.481844,-78.83978
2020-09-02T06:54:19.396890640,19.496075,-78.82866
2020-09-02T06:54:19.428552627,19.513155,-78.81362
2020-09-02T06:54:19.430841445,19.472904,-78.83828
2020-09-02T06:54:19.530025482,19.455421,-78.840164
2020-09-02T06:54:19.531932830,19.457466,-78.83544
2020-09-02T06:54:20.136950492,15.226352,-82.10689
2020-09-02T06:54:20.140765190,15.239732,-82.11753
2020-09-02T06:54:20.142672538,15.238917,-82.12083
2020-09-02T06:54:20.146868705,15.23973,-82.11757
2020-09-02T06:54:20.150683403,15.239728,-82.11759
2020-09-02T06:54:20.156787395,15.239754,-82.11757
2020-09-02T06:54:20.158694744,15.228204,-82.13127
2020-09-02T06:54:20.160602092,15.239772,-82.11755
2020-09-02T06:54:20.162890911,15.239764,-82.117546
2020-09-02T06:54:20.166705608,15.239841,-82.13735
2020-09-02T06:54:20.168612957,15.23973,-82.11752
2020-09-02T06:54:20.170520305,15.239718,-82.11752
2020-09-02T06:54:20.182727813,15.262401,-82.134415
2020-09-02T06:54:20.184635162,15.26025,-82.132065
2020-09-02T06:54:20.186542510,15.23973,-82.117516
2020-09-02T06:54:20.196460723,15.284999,-82.11943
2020-09-02T06:54:20.198368072,15.268111,-82.12674
2020-09-02T06:54:20.200656890,15.271428,-82.11885
2020-09-02T06:54:20.224308490,15.29111,-82.11975
2020-09-02T06:54:20.236134052,15.239654,-82.0934
2020-09-02T06:54:20.240330219,15.239816,-82.117546
2020-09-02T06:54:20.242237567,15.2397175,-82.09525
2020-09-02T06:54:20.244144916,15.239835,-82.11755
2020-09-02T06:54:20.248341560,15.251838,-82.08747
2020-09-02T06:54:20.254063606,15.239835,-82.11758
2020-09-02T06:54:20.255970954,15.239679,-82.08907
2020-09-02T06:54:20.258259773,15.239628,-82.08152
2020-09-02T06:54:20.260167121,15.254593,-82.07998
2020-09-02T06:54:20.262074470,15.250898,-82.08274
2020-09-02T06:54:20.263981819,15.261739,-82.08558
2020-09-02T06:54:20.266270637,15.239439,-82.04168
2020-09-02T06:54:20.329595565,15.239772,-82.11761
2020-09-02T06:54:21.945526123,19.532063,-78.85507
2020-09-02T06:54:21.947433948,19.531979,-78.83047
2020-09-02T06:54:22.341116428,19.53122,-78.47763
2020-09-02T06:54:22.363242149,19.498564,-78.48207
2020-09-02T06:54:22.384986400,19.531208,-78.47982
2020-09-02T06:54:22.412834167,19.531157,-78.47828
2020-09-02T06:54:22.424659729,19.531195,-78.479546
2020-09-02T06:54:22.458611011,19.451408,-78.46751
2020-09-02T06:54:22.460518360,19.495144,-78.476524
2020-09-02T06:54:22.518121242,19.477533,-78.48331
2020-09-02T06:54:23.784620285,18.361528,-82.96427
2020-09-02T06:54:23.965439796,18.37582,-82.973076
2020-09-02T06:54:23.967347145,18.375862,-82.96663
2020-09-02T06:54:23.969254493,18.361603,-82.96417
2020-09-02T06:54:23.971543312,18.361597,-82.96419
2020-09-02T06:54:24.015031814,18.361559,-82.96413
2020-09-02T06:54:24.017320632,18.361565,-82.964134
2020-09-02T06:54:24.019227981,18.36157,-82.96415
2020-09-02T06:54:24.040971755,18.382889,-82.96564
2020-09-02T06:54:24.042879104,18.392788,-82.965935
2020-09-02T06:54:24.060808181,18.34273,-82.96309
2020-09-02T06:54:24.100481986,18.35061,-82.96349
2020-09-02T06:54:24.102770805,18.361588,-82.96412
2020-09-02T06:54:24.120699882,18.343601,-82.96312
2020-09-02T06:54:24.136341094,18.394764,-82.96602
2020-09-02T06:54:24.138248443,18.391378,-82.96581
2020-09-02T06:54:24.180210113,18.345688,-82.97306
2020-09-02T06:54:24.184024810,18.361536,-82.96412
2020-09-02T06:54:24.190129280,18.361511,-82.96407
2020-09-02T06:54:24.211873054,18.338472,-82.962746
2020-09-02T06:54:24.214161872,18.337482,-82.97934
2020-09-02T06:54:24.216069221,18.361536,-82.96408
2020-09-02T06:54:24.219883918,18.340979,-82.97574
2020-09-02T06:54:24.221791267,18.333612,-82.986
2020-09-02T06:54:24.224080085,18.343723,-82.97745
2020-09-02T06:54:24.267568588,18.33979,-83.00504
2020-09-02T06:54:24.269475936,18.319977,-83.00314
2020-09-02T06:54:24.277486801,18.338646,-83.00698
2020-09-02T06:54:24.279394149,18.331343,-82.99566
2020-09-02T06:54:24.287405014,18.376993,-82.97223
2020-09-02T06:54:24.297323226,18.39385,-82.96597
2020-09-02T06:54:24.303426742,18.392683,-82.965904
2020-09-02T06:54:24.305334091,18.395102,-82.96605
2020-09-02T06:54:24.315253257,18.397339,-82.96615
2020-09-02T06:54:24.317542076,18.361704,-82.96408
2020-09-02T06:54:24.335089683,18.335081,-82.989624
2020-09-02T06:54:24.337378501,18.28325,-83.03725
2020-09-02T06:54:24.343100547,18.361685,-82.96413
2020-09-02T06:54:24.426643371,18.31102,-83.03886
2020-09-02T06:54:24.428550720,18.326317,-83.023315
2020-09-02T06:54:24.430839538,18.332668,-82.9959
2020-09-02T06:54:24.432746887,18.328455,-83.002975
2020-09-02T06:54:24.434654235,18.33098,-82.99699
2020-09-02T06:54:24.496453285,18.33154,-82.9979
2020-09-02T06:54:24.498360633,18.342041,-83.01496
2020-09-02T06:54:24.593729972,18.36166,-82.96399
2020-09-02T06:54:24.609751701,18.328304,-83.003456
2020-09-02T06:54:24.621577262,18.283237,-83.037186
2020-09-02T06:54:24.647518157,18.333828,-82.99318
2020-09-02T06:54:25.655376434,19.482508,-78.828125
2020-09-02T06:54:25.716794013,19.487093,-78.82824
2020-09-02T06:54:25.740827560,19.483992,-78.82815
2020-09-02T06:54:25.760663986,19.476475,-78.82779
2020-09-02T06:54:25.762571334,19.476675,-78.835106
2020-09-02T06:54:25.772489547,19.452362,-78.82715
2020-09-02T06:54:25.774778366,19.472513,-78.83365
2020-09-02T06:54:25.804533958,19.4524,-78.82722
2020-09-02T06:54:25.856032371,19.45242,-78.82714
2020-09-02T06:54:25.881973266,19.480532,-78.83588
2020-09-02T06:54:25.883880615,19.45235,-78.8271
2020-09-02T06:54:25.889984130,19.452377,-78.827126
2020-09-02T06:54:25.899902343,19.492956,-78.828285
2020-09-02T06:54:25.903717041,19.499588,-78.82848
2020-09-02T06:54:25.906005859,19.482994,-78.83343
2020-09-02T06:54:25.907913208,19.495438,-78.82838
2020-09-02T06:54:25.909820556,19.532219,-78.82947
2020-09-02T06:54:25.911727905,19.452412,-78.82711
2020-09-02T06:54:25.923554420,19.50189,-78.82857
2020-09-02T06:54:25.929657936,19.452436,-78.827126
2020-09-02T06:54:25.973526954,19.452387,-78.827034
2020-09-02T06:54:25.985353469,19.532246,-78.82941
2020-09-02T06:54:25.997179031,19.502333,-78.828636
2020-09-02T06:54:26.052874565,19.474066,-78.8339
2020-09-02T06:54:26.054781913,19.452436,-78.82708
2020-09-02T06:54:26.060885429,19.475834,-78.82776
2020-09-02T06:54:26.072710990,19.470528,-78.83401
2020-09-02T06:54:26.074999809,19.469612,-78.82759
2020-09-02T06:54:26.076907157,19.468542,-78.82756
2020-09-02T06:54:26.078814506,19.452377,-78.82709
2020-09-02T06:54:26.094836235,19.468203,-78.828705
2020-09-02T06:54:26.096743583,19.465303,-78.832954
2020-09-02T06:54:26.098650932,19.466103,-78.8302
2020-09-02T06:54:26.100558280,19.468592,-78.82752
2020-09-02T06:54:26.132602691,19.465933,-78.82748
2020-09-02T06:54:26.134510040,19.452358,-78.82706
2020-09-02T06:54:26.136417388,19.46822,-78.82751
2020-09-02T06:54:26.138324737,19.452375,-78.82703
2020-09-02T06:54:26.146335601,19.452356,-78.82709
2020-09-02T06:54:26.148242950,19.452347,-78.82712
2020-09-02T06:54:26.150531768,19.452337,-78.82715
2020-09-02T06:54:26.160449981,19.435228,-78.84263
2020-09-02T06:54:26.162357330,19.451223,-78.83884
2020-09-02T06:54:26.164264678,19.452389,-78.82704
2020-09-02T06:54:26.188298225,19.42973,-78.843025
2020-09-02T06:54:26.190205574,19.450275,-78.83783
2020-09-02T06:54:26.192112922,19.452358,-78.82705
2020-09-02T06:54:26.216145515,19.372765,-78.853
2020-09-02T06:54:26.219960212,19.474007,-78.83609
2020-09-02T06:54:26.273748397,19.452366,-78.827095
2020-09-02T06:54:26.428627967,19.455229,-78.83497
2020-09-02T06:54:26.452660560,19.426954,-78.841835
2020-09-02T06:54:26.454567909,19.418297,-78.826004
2020-09-02T06:54:26.456475257,19.399698,-78.84727
2020-09-02T06:54:26.458382606,19.431576,-78.84794
2020-09-02T06:54:26.460671424,19.45236,-78.82699
2020-09-02T06:54:26.579691886,19.47235,-78.82761
2020-09-02T06:54:26.581980705,19.41375,-78.84264
2020-09-02T06:54:26.436638832,19.391582,-82.63313
2020-09-02T06:54:26.438546180,19.391558,-82.63314
2020-09-02T06:54:26.458382606,19.39168,-82.633125
2020-09-02T06:54:26.474404335,19.391623,-82.63313
2020-09-02T06:54:26.557948112,19.391615,-82.633125
2020-09-02T06:54:26.579691886,19.391665,-82.63315
2020-09-02T06:54:26.583506584,19.391644,-82.63313
2020-09-02T06:54:26.760511398,19.391582,-82.63301
2020-09-02T06:54:26.764707565,19.391623,-82.63304
2020-09-02T06:54:26.770429611,19.391682,-82.633095
2020-09-02T06:54:26.772336959,19.403389,-82.62362
2020-09-02T06:54:26.778440475,19.39163,-82.632996
2020-09-02T06:54:26.780347824,19.391617,-82.63297
2020-09-02T06:54:26.782255172,19.391518,-82.61814
2020-09-02T06:54:26.790266990,19.391481,-82.60645
2020-09-02T06:54:26.810103416,19.403614,-82.61243
2020-09-02T06:54:26.812392234,19.40737,-82.60974
2020-09-02T06:54:26.816206932,19.391592,-82.63304
2020-09-02T06:54:26.822310447,19.39117,-82.57432
2020-09-02T06:54:26.824217796,19.400087,-82.58565
2020-09-02T06:54:26.826125144,19.40572,-82.61119
2020-09-02T06:54:26.869995117,19.39112,-82.5549
2020-09-02T06:54:26.875717163,19.402515,-82.59876
2020-09-02T06:54:26.878005981,19.40592,-82.5793
2020-09-02T06:54:26.879913330,19.391617,-82.6331
2020-09-02T06:54:26.885635375,19.391623,-82.63306
2020-09-02T06:54:28.223852157,19.325054,-78.77878
2020-09-02T06:54:27.973604202,19.367855,-78.79715
2020-09-02T06:54:27.975511550,19.3955,-78.80023
2020-09-02T06:54:28.120471954,19.369087,-78.799866
2020-09-02T06:54:28.122379302,19.349073,-78.80635
2020-09-02T06:54:28.124668121,19.386705,-78.79925
2020-09-02T06:54:28.225759506,19.39114,-78.7886
2020-09-02T06:54:28.325324058,19.35748,-78.78406
2020-09-02T06:54:28.327231407,19.34803,-78.78743
2020-09-02T06:54:28.329138755,19.45182,-78.775475
2020-09-02T06:54:28.436715126,19.451717,-78.7497
2020-09-02T06:54:28.438622474,19.372335,-78.90208
2020-09-02T06:54:28.438622474,19.451704,-78.74968
2020-09-02T06:54:28.440529823,19.354698,-78.78661
2020-09-02T06:54:28.442818641,19.348845,-78.788635
2020-09-02T06:54:28.444725990,19.3762,-78.79637
2020-09-02T06:54:28.635463714,19.43558,-78.84889
2020-09-02T06:54:28.637371063,19.362915,-78.84873
2020-09-02T06:54:28.637371063,19.132565,-78.50919
2020-09-02T06:54:28.639659881,19.37944,-78.74778
2020-09-02T06:54:28.641567230,19.364206,-78.74687
2020-09-02T06:54:28.643474578,19.368843,-78.80378
2020-09-02T06:54:28.645382881,19.361422,-78.80147
2020-09-02T06:54:28.710996627,19.482244,-78.46314
2020-09-02T06:54:28.750669479,19.530739,-78.44252
2020-09-02T06:54:28.774703025,19.530674,-78.44255
2020-09-02T06:54:28.776610374,19.497189,-78.45638
2020-09-02T06:54:28.778517723,19.530663,-78.442535
2020-09-02T06:54:28.788435935,19.530655,-78.44253
2020-09-02T06:54:28.790724754,19.530655,-78.44253
2020-09-02T06:54:28.804457664,19.530659,-78.442535
2020-09-02T06:54:28.812468528,19.530603,-78.44254
2020-09-02T06:54:28.818190574,19.498423,-78.44173
2020-09-02T06:54:28.830397605,19.512836,-78.45941
2020-09-02T06:54:28.858245849,19.530725,-78.44261
2020-09-02T06:54:28.911652565,19.498827,-78.45787
2020-09-02T06:54:30.993364334,19.483782,-78.84555
2020-09-02T06:54:30.995271682,19.493576,-78.82897
2020-09-02T06:54:30.999468803,19.48785,-78.840416
2020-09-02T06:54:31.001375198,19.484753,-78.84001
2020-09-02T06:54:31.005189895,19.451225,-78.82769
2020-09-02T06:54:31.007097244,19.451221,-78.82768
2020-09-02T06:54:31.021211624,19.451237,-78.82764
2020-09-02T06:54:31.104755401,19.487728,-78.828735
2020-09-02T06:54:31.106662750,19.480864,-78.84053
2020-09-02T06:54:31.108570098,19.451197,-78.827675
2020-09-02T06:54:31.110477447,19.479666,-78.829414
2020-09-02T06:54:31.112766265,19.477844,-78.826355
2020-09-02T06:54:31.114673614,19.47303,-78.8195
2020-09-02T06:54:31.116580963,19.474037,-78.81319
2020-09-02T06:54:31.126499176,19.451084,-78.80091
2020-09-02T06:54:31.128406524,19.469631,-78.806694
2020-09-02T06:54:31.130313873,19.47493,-78.81551
2020-09-02T06:54:31.134510040,19.451178,-78.827705
2020-09-02T06:54:31.142520904,19.450989,-78.75036
2020-09-02T06:54:31.148242950,19.462921,-78.78914
2020-09-02T06:54:31.150531768,19.46569,-78.794754
2020-09-02T06:54:31.154348373,19.451042,-78.7689
2020-09-02T06:54:31.156255722,19.463272,-78.786644
2020-09-02T06:54:31.180288314,19.451027,-78.77839
2020-09-02T06:54:31.182195663,19.451056,-78.78632
2020-09-02T06:54:31.184103012,19.495998,-78.82905
2020-09-02T06:54:31.265737533,19.47417,-78.8202
2020-09-02T06:54:31.267644882,19.468235,-78.815414
2020-09-02T06:54:31.273748397,19.451118,-78.79227
2020-09-02T06:54:31.275657653,19.474085,-78.80828
2020-09-02T06:54:31.293586730,19.451063,-78.78601
2020-09-02T06:54:31.295494079,19.466187,-78.805244
2020-09-02T06:54:31.297401428,19.45111,-78.79352
2020-09-02T06:54:31.303504943,19.53101,-78.83008
2020-09-02T06:54:31.311515808,19.451054,-78.78746
2020-09-02T06:54:31.313423156,19.460068,-78.80112
2020-09-02T06:54:31.315330505,19.46331,-78.80757
2020-09-02T06:54:31.317237854,19.451117,-78.79938
2020-09-02T06:54:31.319526672,19.484426,-78.82858
2020-09-02T06:54:31.339363098,19.471651,-78.82339
2020-09-02T06:54:31.341270446,19.45478,-78.799904
2020-09-02T06:54:31.345085144,19.440178,-78.80453
2020-09-02T06:54:31.347373962,19.443403,-78.80021
2020-09-02T06:54:31.349281311,19.459763,-78.809044
2020-09-02T06:54:31.438547134,19.49157,-78.828804
2020-09-02T06:54:31.450754165,19.490026,-78.82884
2020-09-02T06:54:31.452661514,19.450972,-78.782
2020-09-02T06:54:31.454568862,19.423407,-78.79033
2020-09-02T06:54:31.456476211,19.451096,-78.827705
2020-09-02T06:54:31.526287078,19.475685,-78.81206
2020-09-02T06:54:31.533916473,19.4511,-78.827705
2020-09-02T06:54:34.872209548,19.493567,-78.84956
2020-09-02T06:54:34.901964187,19.504168,-78.85427
2020-09-02T06:54:34.903871536,19.530539,-78.82942
2020-09-02T06:54:34.905778884,19.503462,-78.84209
2020-09-02T06:54:35.031284332,19.511095,-78.84765
2020-09-02T06:54:35.033191680,19.480722,-78.86608
2020-09-02T06:54:34.874116897,19.475645,-78.49026
2020-09-02T06:54:34.907686233,19.449936,-78.46959
2020-09-02T06:54:34.937822341,19.449926,-78.483475
2020-09-02T06:54:34.959566116,19.489408,-78.48603
2020-09-02T06:54:34.979402542,19.47414,-78.47569
2020-09-02T06:54:34.981309890,19.470201,-78.48997
2020-09-02T06:54:35.015262603,19.449928,-78.474724
2020-09-02T06:54:35.092700958,19.471487,-78.48798
2020-09-02T06:54:35.124364852,19.467634,-78.48597
2020-09-02T06:54:35.132375717,19.449995,-78.469925
2020-09-02T06:54:35.134664535,19.461689,-78.4786
2020-09-02T06:54:35.136571884,19.475544,-78.47994
2020-09-02T06:54:35.885789871,18.361475,-83.11909
2020-09-02T06:54:35.925844192,18.36146,-83.119156
2020-09-02T06:54:35.997180938,18.346199,-83.144264
2020-09-02T06:54:36.001377105,18.345404,-83.125275
2020-09-02T06:54:36.023120880,18.36179,-83.15152
2020-09-02T06:54:36.057071685,18.345346,-83.1226
2020-09-02T06:54:36.058979034,18.346214,-83.12392
2020-09-02T06:54:36.064701080,18.338259,-83.10327
2020-09-02T06:54:36.075000762,18.329668,-83.1173
2020-09-02T06:54:36.076908111,18.333456,-83.11752
2020-09-02T06:54:36.078815460,18.319506,-83.099
2020-09-02T06:54:36.182195663,18.322863,-83.11694
2020-09-02T06:54:36.184103012,18.344156,-83.123886
2020-09-02T06:54:36.241706848,18.36187,-83.15
2020-09-02T06:54:36.245903015,18.36187,-83.14832
2020-09-02T06:54:36.305412292,18.361948,-83.149704
2020-09-02T06:54:36.182195663,18.62875,-82.56812
2020-09-02T06:54:36.184103012,18.630978,-82.56948
2020-09-02T06:54:36.186010360,18.621822,-82.57039
2020-09-02T06:54:36.188299179,18.623257,-82.57072
2020-09-02T06:54:36.190206527,18.625338,-82.566444
2020-09-02T06:54:36.192113876,18.634369,-82.565956
2020-09-02T06:54:36.198217391,18.651304,-82.57486
2020-09-02T06:54:36.200124740,18.595045,-82.5885
2020-09-02T06:54:36.227973937,18.633495,-82.57077
2020-09-02T06:54:36.229881286,18.62593,-82.56683
2020-09-02T06:54:36.231788635,18.674314,-82.59286
2020-09-02T06:54:36.251625061,18.644442,-82.59127
2020-09-02T06:54:36.253913879,18.63227,-82.5752
2020-09-02T06:54:36.255821228,18.631966,-82.57351
2020-09-02T06:54:36.257728576,18.630856,-82.57223
2020-09-02T06:54:36.259635925,18.645006,-82.59122
2020-09-02T06:54:36.261543273,18.674334,-82.59283
2020-09-02T06:54:36.321434020,18.674051,-82.560646
2020-09-02T06:54:36.323341369,18.652578,-82.55852
2020-09-02T06:54:36.325248718,18.637928,-82.55895
2020-09-02T06:54:36.327156066,18.67402,-82.55338
2020-09-02T06:54:36.329444885,18.674004,-82.55003
2020-09-02T06:54:36.367212295,18.640285,-82.58493
2020-09-02T06:54:36.369119644,18.630083,-82.57795
2020-09-02T06:54:36.371026992,18.628904,-82.582596
2020-09-02T06:54:36.374841690,18.674358,-82.59282
2020-09-02T06:54:38.506145477,19.45192,-78.827866
2020-09-02T06:54:38.633558273,19.489523,-78.82897
2020-09-02T06:54:38.635465621,19.45203,-78.82788
2020-09-02T06:54:38.649580001,19.477365,-78.82541
2020-09-02T06:54:38.675138473,19.452019,-78.82788
2020-09-02T06:54:38.677045822,19.472147,-78.83509
2020-09-02T06:54:38.679334640,19.476154,-78.82858
2020-09-02T06:54:38.687345504,19.452019,-78.827866
2020-09-02T06:54:38.689252853,19.452036,-78.82787
2020-09-02T06:54:38.691160202,19.468544,-78.83498
2020-09-02T06:54:38.693067550,19.452023,-78.82789
2020-09-02T06:54:38.709091186,19.46604,-78.82833
2020-09-02T06:54:38.710998535,19.451937,-78.8279
2020-09-02T06:54:38.725112915,19.452002,-78.82795
2020-09-02T06:54:38.740753173,19.452053,-78.827934
2020-09-02T06:54:38.742660522,19.452055,-78.82792
2020-09-02T06:54:38.746856689,19.482346,-78.8288
2020-09-02T06:54:38.766693115,19.48252,-78.828835
2020-09-02T06:54:38.768600463,19.47634,-78.82265
2020-09-02T06:54:38.770507812,19.474888,-78.82028
2020-09-02T06:54:38.792633056,19.483505,-78.82884
2020-09-02T06:54:38.828493118,19.473452,-78.82947
2020-09-02T06:54:38.830400466,19.471302,-78.8096
2020-09-02T06:54:38.832307815,19.474627,-78.82858
2020-09-02T06:54:38.836122512,19.477646,-78.82865
2020-09-02T06:54:38.844133377,19.452023,-78.827896
2020-09-02T06:54:38.856340408,19.476183,-78.810684
2020-09-02T06:54:38.858247756,19.477856,-78.81661
2020-09-02T06:54:38.860155105,19.485176,-78.80679
2020-09-02T06:54:38.862062454,19.479967,-78.79816
2020-09-02T06:54:38.863969802,19.471315,-78.80963
2020-09-02T06:54:38.866258621,19.483723,-78.7911
2020-09-02T06:54:38.868165969,19.484688,-78.79682
2020-09-02T06:54:38.870073318,19.476658,-78.817245
2020-09-02T06:54:38.871980667,19.49505,-78.78611
2020-09-02T06:54:38.873888015,19.493319,-78.788994
2020-09-02T06:54:38.881898880,19.451769,-78.75058
2020-09-02T06:54:38.891817092,19.531664,-78.752815
2020-09-02T06:54:38.896013259,19.508371,-78.77556
2020-09-02T06:54:38.897920608,19.492844,-78.79675
2020-09-02T06:54:38.911653518,19.53167,-78.75282
2020-09-02T06:54:38.937593460,19.466908,-78.83694
2020-09-02T06:54:38.943696975,19.451977,-78.82788
2020-09-02T06:54:38.945604324,19.463121,-78.83653
2020-09-02T06:54:38.947511672,19.451998,-78.82792
2020-09-02T06:54:40.373084068,19.509525,-78.4616
2020-09-02T06:54:40.400931835,19.509998,-78.462585
2020-09-02T06:54:40.402839183,19.488457,-78.47508
2020-09-02T06:54:40.404746532,19.493595,-78.471825
2020-09-02T06:54:40.407035350,19.531204,-78.44296
2020-09-02T06:54:40.410850048,19.49788,-78.46254
2020-09-02T06:54:40.412757396,19.531214,-78.44298
2020-09-02T06:54:40.522240638,19.498568,-78.4738
2020-09-02T06:54:40.560007095,19.504478,-78.4702
2020-09-02T06:54:40.577936172,19.513138,-78.45702
2020-09-02T06:54:40.579843521,19.505692,-78.44215
2020-09-02T06:54:40.581750869,19.504923,-78.44212
2020-09-02T06:54:40.583658218,19.490635,-78.45403
2020-09-02T06:54:40.585947513,19.506233,-78.442184
2020-09-02T06:54:40.587854862,19.509676,-78.457375
2020-09-02T06:54:40.607691287,19.483816,-78.44159
2020-09-02T06:54:40.609598636,19.485685,-78.45937
2020-09-02T06:54:40.611505985,19.451536,-78.44072
2020-09-02T06:54:40.625620841,19.496788,-78.441986
2020-09-02T06:54:40.627528190,19.48163,-78.45189
2020-09-02T06:54:40.635539054,19.475302,-78.4464
2020-09-02T06:54:40.637446403,19.474804,-78.44841
2020-09-02T06:54:40.639353752,19.472683,-78.45161
2020-09-02T06:54:40.679409027,19.472286,-78.450066
2020-09-02T06:54:40.683223724,19.474066,-78.43984
2020-09-02T06:54:40.685131072,19.468496,-78.44046
2020-09-02T06:54:40.687038421,19.465036,-78.43867
2020-09-02T06:54:40.689327239,19.451555,-78.4408
2020-09-02T06:54:40.691234588,19.45746,-78.423
2020-09-02T06:54:40.693141937,19.454659,-78.4265
2020-09-02T06:54:40.695049285,19.467495,-78.442444
2020-09-02T06:54:40.696956634,19.451534,-78.440765
2020-09-02T06:54:40.699245452,19.451384,-78.36342
2020-09-02T06:54:40.701152801,19.451447,-78.40001
2020-09-02T06:54:40.703060150,19.44064,-78.39467
2020-09-02T06:54:40.704967498,19.446487,-78.407394
2020-09-02T06:54:40.707256317,19.451506,-78.44079
2020-09-02T06:54:40.842298984,19.502264,-78.44211
2020-09-02T06:54:40.844206333,19.464079,-78.44175
2020-09-02T06:54:40.846113681,19.451555,-78.41176
2020-09-02T06:54:40.872054100,19.456858,-78.435905
2020-09-02T06:54:40.873961448,19.440378,-78.410706
2020-09-02T06:54:40.875868797,19.451044,-78.41128
2020-09-02T06:54:40.883879661,19.432455,-78.36298
2020-09-02T06:54:40.886168479,19.437685,-78.38144
2020-09-02T06:54:40.888075828,19.467321,-78.45074
2020-09-02T06:54:40.889983177,19.451633,-78.44083
2020-09-02T06:54:40.915923595,19.438137,-78.381294
2020-09-02T06:54:40.917830944,19.463537,-78.426346
2020-09-02T06:54:40.935760498,19.490345,-78.44182
2020-09-02T06:54:40.945678710,19.45149,-78.36346
2020-09-02T06:54:40.947586059,19.45148,-78.363464
2020-09-02T06:54:40.981537342,19.430004,-78.36796
2020-09-02T06:54:40.987259864,19.48806,-78.462
2020-09-02T06:54:40.989548683,19.484446,-78.44162
2020-09-02T06:54:40.995270729,19.451405,-78.3634
2020-09-02T06:54:41.037232875,19.444311,-78.451454
2020-09-02T06:54:41.039140224,19.451618,-78.44071
2020-09-02T06:54:41.150531291,19.511385,-78.45813
2020-09-02T06:54:41.152438640,19.484413,-78.44156
2020-09-02T06:54:41.154345989,19.445766,-78.410866
2020-09-02T06:54:41.925689697,19.505337,-78.82905
2020-09-02T06:54:41.927597045,19.497835,-78.85256
2020-09-02T06:54:41.945526123,19.53225,-78.82978
2020-09-02T06:54:41.989396095,19.493668,-78.84566
2020-09-02T06:54:42.030976772,19.532293,-78.82982
2020-09-02T06:54:42.047380447,15.240142,-82.11738
2020-09-02T06:54:42.087053775,15.24004,-82.117386
2020-09-02T06:54:42.089342594,15.240018,-82.117386
2020-09-02T06:54:42.091249942,15.239998,-82.117386
2020-09-02T06:54:42.096971988,15.240008,-82.11738
2020-09-02T06:54:42.101168632,15.251866,-82.10651
2020-09-02T06:54:42.111086845,15.258815,-82.09783
2020-09-02T06:54:42.150760173,15.298928,-82.106964
2020-09-02T06:54:42.152667522,15.266634,-82.10057
2020-09-02T06:54:42.278172969,15.239841,-82.091866
2020-09-02T06:54:42.633327007,19.532166,-78.82961
2020-09-02T06:54:42.893874645,19.532314,-78.84221
2020-09-02T06:54:42.814527988,18.581106,-82.70959
2020-09-02T06:54:42.816435337,18.597107,-82.69774
2020-09-02T06:54:42.818342685,18.575747,-82.70172
2020-09-02T06:54:42.820250034,18.596907,-82.66607
2020-09-02T06:54:42.822157382,18.588642,-82.69839
2020-09-02T06:54:42.824446201,18.588678,-82.696594
2020-09-02T06:54:42.826353549,18.59689,-82.66607
2020-09-02T06:54:42.846190452,18.59709,-82.69229
2020-09-02T06:54:42.848097801,18.580841,-82.69452
2020-09-02T06:54:42.850005149,18.59695,-82.66608
2020-09-02T06:54:42.859923362,18.596996,-82.66606
2020-09-02T06:54:42.862212181,18.598465,-82.696
2020-09-02T06:54:42.867934226,18.596998,-82.66602
2020-09-02T06:54:42.870223045,18.59717,-82.68957
2020-09-02T06:54:42.872130393,18.596996,-82.66602
2020-09-02T06:54:42.909896850,18.59691,-82.66604
2020-09-02T06:54:42.911804199,18.59692,-82.666046
2020-09-02T06:54:42.929733276,18.616957,-82.68446
2020-09-02T06:54:42.931640625,18.612795,-82.68821
2020-09-02T06:54:42.947662830,18.629303,-82.68103
2020-09-02T06:54:42.949570178,18.602566,-82.6927
2020-09-02T06:54:42.965591907,18.636007,-82.668236
2020-09-02T06:54:42.967499732,18.613699,-82.68568
2020-09-02T06:54:42.969407081,18.59698,-82.666046
2020-09-02T06:54:42.975510597,18.629644,-82.68531
2020-09-02T06:54:42.977417945,18.60931,-82.695045
2020-09-02T06:54:42.979325294,18.62115,-82.69193
2020-09-02T06:54:42.981232643,18.615599,-82.69591
2020-09-02T06:54:42.985428810,18.629936,-82.70686
2020-09-02T06:54:42.987336158,18.61608,-82.69966
2020-09-02T06:54:42.991150856,18.597591,-82.74379
2020-09-02T06:54:42.993439674,18.597437,-82.72286
2020-09-02T06:54:43.001069068,18.59758,-82.74391
2020-09-02T06:54:43.005265235,18.597574,-82.74388
2020-09-02T06:54:43.009079933,18.615906,-82.72832
2020-09-02T06:54:43.015184402,18.597399,-82.72067
2020-09-02T06:54:43.017091751,18.628784,-82.72347
2020-09-02T06:54:43.021287918,18.597567,-82.74378
2020-09-02T06:54:43.027009963,18.609947,-82.728096
2020-09-02T06:54:43.033113479,18.597559,-82.74384
2020-09-02T06:54:43.035020828,18.627201,-82.71623
2020-09-02T06:54:43.044939041,18.635544,-82.74601
2020-09-02T06:54:43.046846389,18.620573,-82.725365
2020-09-02T06:54:43.051042556,18.64695,-82.73121
2020-09-02T06:54:43.052949905,18.606783,-82.73086
2020-09-02T06:54:43.054857254,18.606253,-82.71797
2020-09-02T06:54:43.056764602,18.597294,-82.70494
2020-09-02T06:54:43.059053421,18.62612,-82.719185
2020-09-02T06:54:43.060960769,18.59758,-82.743805
2020-09-02T06:54:43.062868118,18.64559,-82.73543
2020-09-02T06:54:43.064775466,18.635275,-82.72951
2020-09-02T06:54:43.066682815,18.63673,-82.73427
2020-09-02T06:54:43.068971633,18.63977,-82.72782
2020-09-02T06:54:43.070878982,18.664122,-82.73991
2020-09-02T06:54:43.072786331,18.658072,-82.735016
2020-09-02T06:54:43.074693679,18.668407,-82.74787
2020-09-02T06:54:43.076983451,18.664837,-82.74112
2020-09-02T06:54:43.078890800,18.665075,-82.74449
2020-09-02T06:54:43.080798149,18.646738,-82.73249
2020-09-02T06:54:43.082705497,18.676884,-82.75486
2020-09-02T06:54:43.084612846,18.676828,-82.748276
2020-09-02T06:54:43.086901664,18.676823,-82.74831
2020-09-02T06:54:43.088809013,18.676886,-82.75792
2020-09-02T06:54:43.090716361,18.676888,-82.758865
2020-09-02T06:54:43.092623710,18.676895,-82.75969
2020-09-02T06:54:43.094531059,18.67691,-82.76148
2020-09-02T06:54:43.096819877,18.676908,-82.76085
2020-09-02T06:54:43.098727226,18.676935,-82.76417
2020-09-02T06:54:43.100634574,18.676918,-82.7615
2020-09-02T06:54:43.102541923,18.676826,-82.74829
2020-09-02T06:54:43.190280914,18.676481,-82.71247
2020-09-02T06:54:43.192188262,18.694674,-82.71036
2020-09-02T06:54:43.194095611,18.694443,-82.71216
2020-09-02T06:54:43.196002960,18.676582,-82.72041
2020-09-02T06:54:43.197910308,18.660055,-82.72385
2020-09-02T06:54:43.200200080,18.653206,-82.71448
2020-09-02T06:54:43.202107429,18.667324,-82.710075
2020-09-02T06:54:43.204014778,18.662712,-82.71234
2020-09-02T06:54:43.205922126,18.663275,-82.711876
2020-09-02T06:54:43.207829475,18.655949,-82.71754
2020-09-02T06:54:43.210118293,18.653776,-82.71586
2020-09-02T06:54:43.212025642,18.637978,-82.710236
2020-09-02T06:54:43.213932991,18.648638,-82.71329
2020-09-02T06:54:43.215840339,18.659803,-82.70613
2020-09-02T06:54:43.217747688,18.720945,-82.7178
2020-09-02T06:54:43.220036506,18.705256,-82.710335
2020-09-02T06:54:43.221943855,18.655111,-82.713776
2020-09-02T06:54:43.221943855,19.153622,-82.77566
2020-09-02T06:54:43.221943855,19.07168,-82.458954
2020-09-02T06:54:43.223851203,18.639366,-82.70941
2020-09-02T06:54:43.225758552,18.641853,-82.717224
2020-09-02T06:54:43.228047370,18.648169,-82.718864
2020-09-02T06:54:43.295568466,18.622318,-82.777504
2020-09-02T06:54:43.323416709,18.622679,-82.779564
2020-09-02T06:54:43.347067832,18.59999,-82.69508
2020-09-02T06:54:43.349356651,18.616915,-82.70785
2020-09-02T06:54:43.390937805,18.576294,-82.69633
2020-09-02T06:54:43.392845153,18.619034,-82.71175
2020-09-02T06:54:43.394752502,18.617195,-82.71637
2020-09-02T06:54:43.397041320,18.755535,-82.674995
2020-09-02T06:54:43.397041320,18.51776,-82.66168
2020-09-02T06:54:43.397041320,18.65635,-82.73686
2020-09-02T06:54:43.398948669,18.714241,-82.70435
2020-09-02T06:54:43.400856018,18.749456,-82.70331
2020-09-02T06:54:43.402763366,18.72207,-82.70514
2020-09-02T06:54:43.404670715,18.694567,-82.706726
2020-09-02T06:54:43.406959533,18.647276,-82.7053
2020-09-02T06:54:43.408866882,18.651485,-82.70496
2020-09-02T06:54:43.410774230,18.650257,-82.71262
2020-09-02T06:54:43.412681579,18.648712,-82.71483
2020-09-02T06:54:43.414588928,18.67653,-82.716255
2020-09-02T06:54:43.518350601,18.552132,-82.68131
2020-09-02T06:54:43.520257949,18.606726,-82.687584
2020-09-02T06:54:43.561838150,18.626207,-82.71346
2020-09-02T06:54:43.563745498,18.625402,-82.70544
2020-09-02T06:54:43.566034317,18.629509,-82.71397
2020-09-02T06:54:43.567941665,18.681469,-82.70686
2020-09-02T06:54:43.569849014,18.684788,-82.7038
2020-09-02T06:54:43.571757316,18.677996,-82.71067
2020-09-02T06:54:43.571757316,19.153597,-82.77575
2020-09-02T06:54:43.573664665,18.696836,-82.70579
2020-09-02T06:54:43.575953483,18.701052,-82.70475
2020-09-02T06:54:43.577860832,18.697168,-82.705864
2020-09-02T06:54:43.579768180,18.652668,-82.70507
2020-09-02T06:54:43.581675529,18.641697,-82.705345
2020-09-02T06:54:43.583582878,18.639788,-82.70641
2020-09-02T06:54:43.585871696,18.642073,-82.70453
2020-09-02T06:54:43.587779045,18.654442,-82.70995
2020-09-02T06:54:43.589686393,18.622824,-82.70315
2020-09-02T06:54:43.591593742,18.661762,-82.71333
2020-09-02T06:54:43.593501091,18.676458,-82.7147
2020-09-02T06:54:45.498208999,18.33068,-82.96955
2020-09-02T06:54:45.500116348,18.328133,-82.98251
2020-09-02T06:54:45.514230728,18.28274,-82.95927
2020-09-02T06:54:45.516138076,18.32669,-82.98145
2020-09-02T06:54:45.577937126,18.317554,-82.97548
2020-09-02T06:54:45.595866203,18.330404,-82.9818
2020-09-02T06:54:45.601588249,18.33342,-82.983284
2020-09-02T06:54:45.603495597,18.327316,-82.97598
2020-09-02T06:54:45.645458221,18.32083,-82.96149
2020-09-02T06:54:45.647365570,18.320934,-82.96148
2020-09-02T06:54:45.665294647,18.316303,-82.970245
2020-09-02T06:54:45.667201995,18.320408,-82.96141
2020-09-02T06:54:45.679028511,18.31366,-82.96102
2020-09-02T06:54:45.681317329,18.318722,-82.97662
2020-09-02T06:54:45.695050239,18.308634,-82.972046
2020-09-02T06:54:45.696957588,18.314497,-82.97433
2020-09-02T06:54:45.699246406,18.306513,-82.97335
2020-09-02T06:54:45.732815742,18.31015,-82.9712
2020-09-02T06:54:45.734723091,18.282684,-82.95926
2020-09-02T06:54:45.738920211,18.282703,-82.95926
2020-09-02T06:54:45.740827560,18.301771,-82.96035
2020-09-02T06:54:45.742734909,18.306705,-82.96774
2020-09-02T06:54:45.744642257,18.306744,-82.97104
2020-09-02T06:54:45.790418624,18.34099,-82.97988
2020-09-02T06:54:45.792707443,18.361631,-82.96387
2020-09-02T06:54:45.794614791,18.361639,-82.96385
2020-09-02T06:54:45.796522140,18.361649,-82.96383
2020-09-02T06:54:45.802626609,18.347836,-82.986465
2020-09-02T06:54:45.804533958,18.350172,-82.987495
2020-09-02T06:54:45.806441307,18.34337,-82.99113
2020-09-02T06:54:45.808348655,18.347792,-82.98927
2020-09-02T06:54:45.889984130,18.303024,-82.963844
2020-09-02T06:54:45.891891479,18.316097,-82.97546
2020-09-02T06:54:45.919738769,18.34929,-82.98811
2020-09-02T06:54:45.921646118,18.362118,-82.997475
2020-09-02T06:54:45.925843238,18.362034,-82.989
2020-09-02T06:54:45.929657936,18.362041,-82.99261
2020-09-02T06:54:45.931565284,18.348663,-82.98887
2020-09-02T06:54:45.933854103,18.36217,-83.01179
2020-09-02T06:54:45.935761451,18.352772,-82.99942
2020-09-02T06:54:45.937668800,18.353203,-82.99982
2020-09-02T06:54:45.939576148,18.351171,-82.999664
2020-09-02T06:54:45.941483497,18.356598,-83.00601
2020-09-02T06:54:45.943772315,18.353796,-82.99996
2020-09-02T06:54:45.945679664,18.362093,-83.00715
2020-09-02T06:54:46.120395660,18.316734,-82.96998
2020-09-02T06:54:46.138324737,18.282698,-82.95932
2020-09-02T06:54:46.158161163,18.31718,-82.96131
2020-09-02T06:54:46.160449981,18.310373,-82.97022
2020-09-02T06:54:46.164264678,18.282759,-82.95933
2020-09-02T06:54:46.231786727,18.321936,-82.961494
2020-09-02T06:54:46.234075546,18.303284,-82.96576
2020-09-02T06:54:46.349280357,19.489807,-78.82853
2020-09-02T06:54:46.363014221,19.488289,-78.82842
2020-09-02T06:54:46.364921569,19.479332,-78.84722
2020-09-02T06:54:46.367210388,19.477625,-78.847824
2020-09-02T06:54:46.420617103,19.471294,-78.84834
2020-09-02T06:54:46.422905921,19.470554,-78.84379
2020-09-02T06:54:46.424813270,19.478428,-78.84926
2020-09-02T06:54:46.426720619,19.452564,-78.82744
2020-09-02T06:54:46.488519668,19.473326,-78.84418
2020-09-02T06:54:46.631572723,19.47066,-78.8474
2020-09-02T06:54:46.633480072,19.452627,-78.82736
2020-09-02T06:54:46.639583587,19.466516,-78.84076
2020-09-02T06:54:46.641490936,19.465942,-78.84209
2020-09-02T06:54:46.645305633,19.465782,-78.83828
2020-09-02T06:54:46.647594451,19.467411,-78.83819
2020-09-02T06:54:46.649501800,19.460434,-78.827095
2020-09-02T06:54:46.665143013,19.45264,-78.82748
2020-09-02T06:54:46.667431831,19.472334,-78.84407
2020-09-02T06:54:46.669339179,19.452608,-78.82748
2020-09-02T06:54:46.671246528,19.468323,-78.83381
2020-09-02T06:54:46.689175605,19.461382,-78.825226
2020-09-02T06:54:46.691082954,19.452667,-78.82751
2020-09-02T06:54:46.697186470,19.452618,-78.82742
2020-09-02T06:54:46.754789352,19.452595,-78.82742
2020-09-02T06:54:46.756696701,19.463995,-78.82892
2020-09-02T06:54:46.758604049,19.464643,-78.81323
2020-09-02T06:54:46.774625778,19.4799,-78.828316
2020-09-02T06:54:46.788741111,19.478521,-78.84412
2020-09-02T06:54:48.267721176,19.48302,-78.49502
2020-09-02T06:54:48.271535873,19.487911,-78.490204
2020-09-02T06:54:48.285651206,19.452217,-78.517914
2020-09-02T06:54:48.293662071,19.452257,-78.51791
2020-09-02T06:54:48.297476768,19.452291,-78.51789
2020-09-02T06:54:48.301672935,19.45231,-78.51788
2020-09-02T06:54:48.309302330,19.46952,-78.50359
2020-09-02T06:54:48.311591148,19.47345,-78.504105
2020-09-02T06:54:48.315405845,19.452225,-78.517876
2020-09-02T06:54:48.321509361,19.452215,-78.51784
2020-09-02T06:54:48.335242271,19.452179,-78.50259
2020-09-02T06:54:48.345161437,19.458286,-78.50225
2020-09-02T06:54:48.347068786,19.46408,-78.49666
2020-09-02T06:54:48.369194030,19.452278,-78.517845
2020-09-02T06:54:48.371101379,19.466572,-78.48899
2020-09-02T06:54:48.410775184,19.452284,-78.51781
2020-09-02T06:54:52.329292297,19.49987,-78.839836
2020-09-02T06:54:52.331199645,19.502071,-78.837296
2020-09-02T06:54:52.333488464,19.506819,-78.83651
2020-09-02T06:54:52.335395812,19.513832,-78.829445
2020-09-02T06:54:52.376976013,19.49379,-78.837074
2020-09-02T06:54:52.378883361,19.533195,-78.83004
2020-09-02T06:54:52.383079528,19.510645,-78.82935
2020-09-02T06:54:52.406732559,19.511284,-78.829414
2020-09-02T06:54:52.428857803,19.533182,-78.83004
2020-09-02T06:54:52.430765151,19.533195,-78.83004
2020-09-02T06:54:52.434579849,19.533152,-78.83007
2020-09-02T06:54:52.478448867,19.533123,-78.83005
2020-09-02T06:54:52.480356216,19.518757,-78.829605
2020-09-02T06:54:52.482263565,19.50733,-78.836555
2020-09-02T06:54:52.484552383,19.533112,-78.83003
2020-09-02T06:54:52.537960052,19.498495,-78.83447
2020-09-02T06:54:52.540248870,19.499271,-78.83444
2020-09-02T06:54:52.542156219,19.533125,-78.83004
2020-09-02T06:54:52.547878265,19.494549,-78.83532
2020-09-02T06:54:52.550167083,19.503263,-78.8292
2020-09-02T06:54:52.611583709,19.5331,-78.830086
2020-09-02T06:54:52.721067428,19.510818,-78.83713
2020-09-02T06:54:52.726789474,19.533106,-78.83015
2020-09-02T06:54:52.732892990,19.515518,-78.8296
2020-09-02T06:54:52.802322387,19.53302,-78.83019
2020-09-02T06:54:54.971391677,19.531813,-78.4431
2020-09-02T06:54:54.973299026,19.531845,-78.45904
2020-09-02T06:54:54.975587844,19.531813,-78.44312
2020-09-02T06:54:54.979402542,19.53181,-78.44314
2020-09-02T06:54:55.051120758,19.50697,-78.44252
2020-09-02T06:54:55.070957183,19.517069,-78.45654
2020-09-02T06:54:55.074771881,19.531778,-78.44312
2020-09-02T06:54:55.120550155,19.481258,-78.45991
2020-09-02T06:54:55.172430038,19.48522,-78.448555
2020-09-02T06:54:55.188070297,19.504372,-78.44154
2020-09-02T06:54:55.190359115,19.517164,-78.43945
2020-09-02T06:54:55.192266464,19.507353,-78.44248
2020-09-02T06:54:55.194173812,19.490461,-78.44202
2020-09-02T06:54:55.196081161,19.493622,-78.44209
2020-09-02T06:54:55.200277328,19.531704,-78.44309
2020-09-02T06:54:55.202184677,19.506521,-78.43115
2020-09-02T06:54:55.205999374,19.493412,-78.442085
2020-09-02T06:54:55.207906723,19.531727,-78.40514
2020-09-02T06:54:55.210195541,19.513145,-78.41871
2020-09-02T06:54:55.289543151,19.53177,-78.443085
2020-09-02T06:54:55.291450500,19.488424,-78.4297
2020-09-02T06:54:55.295646667,19.488605,-78.43841
2020-09-02T06:54:55.301368713,19.50397,-78.43329
2020-09-02T06:54:55.309379577,19.53173,-78.44304
2020-09-02T06:54:55.317390441,19.519089,-78.42595
2020-09-02T06:54:55.319297790,19.515192,-78.42049
2020-09-02T06:54:55.321586608,19.472273,-78.43171
2020-09-02T06:54:55.333412170,19.531727,-78.44317
2020-09-02T06:54:55.394830703,19.53172,-78.421844
2020-09-02T06:54:55.397119522,19.499935,-78.415085
2020-09-02T06:54:55.399026870,19.498049,-78.44221
2020-09-02T06:54:55.402841567,19.531681,-78.397125
2020-09-02T06:54:55.404748916,19.511854,-78.42053
2020-09-02T06:54:55.410852432,19.497433,-78.41839
2020-09-02T06:54:55.412759780,19.509054,-78.42205
2020-09-02T06:54:55.424966812,19.514402,-78.42188
2020-09-02T06:54:55.432596206,19.520094,-78.42393
2020-09-02T06:54:55.434885025,19.497946,-78.41214
2020-09-02T06:54:55.438699722,19.53173,-78.421715
2020-09-02T06:54:55.440607070,19.493677,-78.418724
2020-09-02T06:54:55.442514419,19.492691,-78.42015
2020-09-02T06:54:55.448617935,19.516035,-78.40301
2020-09-02T06:54:55.450525283,19.531658,-78.40019
2020-09-02T06:54:55.458536148,19.531637,-78.40915
2020-09-02T06:54:55.476465225,19.531605,-78.36571
2020-09-02T06:54:55.480279922,19.501081,-78.44226
2020-09-02T06:54:55.482568740,19.51389,-78.40013
2020-09-02T06:54:55.484477996,19.47753,-78.46265
2020-09-02T06:54:55.543987274,19.514877,-78.4261
2020-09-02T06:54:55.545894622,19.531693,-78.40277
2020-09-02T06:54:55.597774505,19.516378,-78.40279
2020-09-02T06:54:55.599681854,19.531841,-78.4061
2020-09-02T06:54:55.603878021,19.505125,-78.42473
2020-09-02T06:54:56.206228256,19.452742,-78.85059
2020-09-02T06:54:56.279472351,19.452883,-78.905205
2020-09-02T06:54:56.343177795,19.452843,-78.877014
2020-09-02T06:54:56.349281311,19.452932,-78.90528
2020-09-02T06:54:56.365304946,19.452778,-78.870964
2020-09-02T06:54:56.377130508,19.452723,-78.843575
2020-09-02T06:54:56.379037857,19.452673,-78.82786
2020-09-02T06:54:56.380945205,19.452667,-78.82786
2020-09-02T06:54:56.408792495,19.452759,-78.85062
2020-09-02T06:54:56.460672378,19.452728,-78.827835
2020-09-02T06:54:56.540019989,19.452703,-78.846695
2020-09-02T06:54:56.541927337,19.45266,-78.82786
2020-09-02T06:54:56.548030853,19.452667,-78.82786
2020-09-02T06:54:56.549938201,19.452705,-78.84201
2020-09-02T06:54:56.551845550,19.456728,-78.84242
2020-09-02T06:54:56.554134368,19.452684,-78.82785
2020-09-02T06:54:56.569774627,19.452612,-78.82773
2020-09-02T06:54:56.572063446,19.452644,-78.84162
2020-09-02T06:54:56.655225753,19.454351,-78.840775
2020-09-02T06:54:56.657514572,19.452663,-78.82774
2020-09-02T06:54:56.663236618,19.452686,-78.82775
2020-09-02T06:54:56.679258346,19.452705,-78.84046
2020-09-02T06:54:56.685361862,19.452702,-78.82777
2020-09-02T06:54:56.687269210,19.452751,-78.84083
2020-09-02T06:54:56.756698608,19.45607,-78.833755
2020-09-02T06:54:56.758605957,19.452599,-78.827805
2020-09-02T06:54:56.848253250,19.452751,-78.82776
2020-09-02T06:54:56.850160598,19.452768,-78.82777
2020-09-02T06:54:56.879915237,19.452671,-78.82777
2020-09-02T06:54:56.361108779,18.520828,-83.05115
2020-09-02T06:54:56.416803359,18.515736,-83.08905
2020-09-02T06:54:56.462579727,18.521,-83.06101
2020-09-02T06:54:56.464487075,18.520926,-83.05113
2020-09-02T06:54:56.510265350,18.503698,-83.05313
2020-09-02T06:54:56.564052581,18.485178,-83.065674
2020-09-02T06:54:56.625471115,18.508253,-83.08277
2020-09-02T06:54:56.627378463,18.45997,-83.01391
2020-09-02T06:54:56.802474975,18.505877,-83.10366
2020-09-02T06:54:56.804382324,18.490618,-83.07677
2020-09-02T06:54:56.806289672,18.520878,-83.05113
2020-09-02T06:54:56.810485839,18.52108,-83.080376
2020-09-02T06:54:56.917680740,18.521149,-83.083626
2020-09-02T06:54:56.919588088,18.493431,-83.09483
2020-09-02T06:54:56.921876907,18.486338,-83.06638
2020-09-02T06:54:56.923784255,18.521143,-83.08178
2020-09-02T06:54:57.048908233,18.521013,-83.06122
2020-09-02T06:54:57.050815582,18.492184,-83.05423
2020-09-02T06:54:57.053104400,18.494993,-83.08241
2020-09-02T06:54:57.315559387,18.485815,-83.08364
2020-09-02T06:54:58.494319915,19.501036,-78.82923
2020-09-02T06:54:58.496227264,19.49728,-78.8291
2020-09-02T06:54:58.510341644,19.532776,-78.83016
2020-09-02T06:54:58.532085418,19.49859,-78.82917
2020-09-02T06:54:58.533992767,19.49854,-78.829155
2020-09-02T06:55:02.277791500,18.34728,-82.97019
2020-09-02T06:55:02.279698848,18.348001,-82.97172
2020-09-02T06:55:02.315557479,18.343052,-82.97064
2020-09-02T06:55:02.329290866,18.362059,-82.96425
2020-09-02T06:55:02.331198215,18.332375,-82.962555
2020-09-02T06:55:02.367056846,18.330166,-82.96242
2020-09-02T06:55:02.381171703,18.362108,-82.96424
2020-09-02T06:55:02.409018993,18.331953,-82.962524
2020-09-02T06:55:02.418937683,18.362005,-82.96421
2020-09-02T06:55:02.420845031,18.339052,-82.97563
2020-09-02T06:55:02.424659729,18.34625,-82.96332
2020-09-02T06:55:02.428855895,18.362057,-82.96423
2020-09-02T06:55:02.462425708,18.342752,-82.96321
2020-09-02T06:55:02.466621875,18.361902,-82.96428
2020-09-02T06:55:02.512399196,18.343195,-82.97001
2020-09-02T06:55:02.583734989,19.486996,-78.48554
2020-09-02T06:55:02.599757194,19.471275,-78.487335
2020-09-02T06:55:02.609675407,19.451805,-78.48085
2020-09-02T06:55:02.673381805,19.451738,-78.471214
2020-09-02T06:55:02.675289154,19.478554,-78.47687
2020-09-02T06:55:02.713055133,19.486996,-78.48187
2020-09-02T06:55:02.758832454,19.45165,-78.47105
2020-09-02T06:55:02.760739803,19.466639,-78.48607
2020-09-02T06:55:02.762647151,19.469322,-78.48472
2020-09-02T06:55:02.780576229,19.472082,-78.4652
2020-09-02T06:55:02.782484054,19.467587,-78.47799
2020-09-02T06:55:02.784772872,19.451685,-78.46916
2020-09-02T06:55:02.804609298,19.470724,-78.46311
2020-09-02T06:55:02.816435337,19.451595,-78.44104
2020-09-02T06:55:02.941559314,19.463636,-78.47311
2020-09-02T06:55:02.943848133,19.451561,-78.44101
2020-09-02T06:55:03.072786331,19.471107,-78.46853
2020-09-02T06:55:03.102541923,19.451626,-78.480446
2020-09-02T06:55:04.339285850,19.490742,-78.82897
2020-09-02T06:55:04.341193199,19.452183,-78.82783
2020-09-02T06:55:04.378959655,19.531895,-78.8302
2020-09-02T06:55:04.380867004,19.491688,-78.82901
2020-09-02T06:55:04.390785217,19.531912,-78.830185
2020-09-02T06:55:04.398796081,19.503506,-78.82937
2020-09-02T06:55:04.401084899,19.490423,-78.82576
2020-09-02T06:55:04.402992248,19.497921,-78.82919
2020-09-02T06:55:04.522012710,19.531824,-78.8302
2020-09-02T06:55:04.583811759,19.49252,-78.82905
2020-09-02T06:55:04.585719108,19.493216,-78.82907
2020-09-02T06:55:04.587626457,19.492405,-78.82905
2020-09-02T06:55:04.627681732,19.483253,-78.81785
2020-09-02T06:55:04.629589080,19.488962,-78.819046
2020-09-02T06:55:04.631496429,19.48984,-78.81122
2020-09-02T06:55:04.647518157,19.48117,-78.80855
2020-09-02T06:55:04.649425506,19.482004,-78.80936
2020-09-02T06:55:04.651332855,19.481457,-78.80982
2020-09-02T06:55:04.667354583,19.512236,-78.829575
2020-09-02T06:55:04.669261932,19.51012,-78.82951
2020-09-02T06:55:04.671169281,19.531864,-78.830154
2020-09-02T06:55:04.673458099,19.512857,-78.8296
2020-09-02T06:55:04.677272796,19.531826,-78.83017
2020-09-02T06:55:04.760816574,19.492071,-78.81804
2020-09-02T06:55:04.762723922,19.488659,-78.80227
2020-09-02T06:55:04.768827438,19.482141,-78.81149
2020-09-02T06:55:04.778745651,19.488993,-78.80435
2020-09-02T06:55:04.780652999,19.473059,-78.80112
2020-09-02T06:55:04.782560348,19.48096,-78.79053
2020-09-02T06:55:04.784467697,19.479185,-78.804756
2020-09-02T06:55:04.786756515,19.481064,-78.81156
2020-09-02T06:55:04.792478561,19.477736,-78.789
2020-09-02T06:55:04.794385910,19.477629,-78.80174
2020-09-02T06:55:04.796674728,19.479155,-78.78821
2020-09-02T06:55:04.798582077,19.451977,-78.827736
2020-09-02T06:55:04.802396774,19.464113,-78.75072
2020-09-02T06:55:04.804685592,19.451794,-78.75037
2020-09-02T06:55:04.812315940,19.451786,-78.75039
2020-09-02T06:55:04.814604759,19.468626,-78.761116
2020-09-02T06:55:04.816512107,19.479542,-78.780914
2020-09-02T06:55:04.818419456,19.45186,-78.7903
2020-09-02T06:55:04.830245018,19.463045,-78.73722
2020-09-02T06:55:04.832152366,19.45197,-78.82774
2020-09-02T06:55:04.836348533,19.465685,-78.75002
2020-09-02T06:55:04.838255882,19.481812,-78.78736
2020-09-02T06:55:04.842452049,19.451788,-78.75034
2020-09-02T06:55:04.844359397,19.470285,-78.746765
2020-09-02T06:55:04.846266746,19.451836,-78.78157
2020-09-02T06:55:04.848174095,19.451748,-78.75043
2020-09-02T06:55:04.854277610,19.470242,-78.79312
2020-09-02T06:55:04.856184959,19.479305,-78.751
2020-09-02T06:55:04.858092308,19.47472,-78.80714
2020-09-02T06:55:04.862288475,19.481838,-78.75135
2020-09-02T06:55:04.866103172,19.478838,-78.74006
2020-09-02T06:55:04.874114990,19.451765,-78.750465
2020-09-02T06:55:04.876022338,19.486528,-78.732834
2020-09-02T06:55:04.890136718,19.531557,-78.752716
2020-09-02T06:55:04.989319801,19.49213,-78.82906
2020-09-02T06:55:04.997331619,19.485085,-78.79005
2020-09-02T06:55:04.999238967,19.489016,-78.80446
2020-09-02T06:55:05.003435134,19.474712,-78.761795
2020-09-02T06:55:05.011445999,19.451809,-78.75045
2020-09-02T06:55:05.106814384,19.482067,-78.8139
2020-09-02T06:55:05.108721733,19.473928,-78.75758
2020-09-02T06:55:07.325476646,19.50165,-78.82952
2020-09-02T06:55:07.345313072,19.495796,-78.8293
2020-09-02T06:55:08.369194030,16.78724,-82.187874
2020-09-02T06:55:08.373390197,16.787273,-82.18789
2020-09-02T06:55:08.387123107,16.787294,-82.18787
2020-09-02T06:55:08.393226623,16.787357,-82.20403
2020-09-02T06:55:08.395133972,16.780552,-82.20455
2020-09-02T06:55:08.397041320,16.787254,-82.187874
2020-09-02T06:55:08.399331092,16.78725,-82.18789
2020-09-02T06:55:08.432900428,16.78729,-82.18784
2020-09-02T06:55:08.434807777,16.778048,-82.20939
2020-09-02T06:55:08.437096595,16.77302,-82.213036
2020-09-02T06:55:08.439003944,16.787289,-82.187874
2020-09-02T06:55:08.466852188,16.7875,-82.21965
2020-09-02T06:55:08.468759536,16.755064,-82.219765
2020-09-02T06:55:08.470666885,16.753183,-82.2224
2020-09-02T06:55:08.472574234,16.78746,-82.21691
2020-09-02T06:55:08.514535903,16.787283,-82.187836
2020-09-02T06:55:08.540476799,16.748825,-82.23647
2020-09-02T06:55:08.542384147,16.750822,-82.22975
2020-09-02T06:55:08.544291496,16.753237,-82.223145
2020-09-02T06:55:08.558024406,16.798538,-82.197174
2020-09-02T06:55:08.560313224,16.787457,-82.208496
2020-09-02T06:55:08.568324089,16.787323,-82.18788
2020-09-02T06:55:08.578242301,16.787365,-82.18798
2020-09-02T06:55:08.583965301,16.787374,-82.18802
2020-09-02T06:55:08.679333686,16.787788,-82.26475
2020-09-02T06:55:09.021136283,19.451096,-78.441444
2020-09-02T06:55:09.108875274,19.468098,-78.46466
2020-09-02T06:55:09.130619049,19.451033,-78.441444
2020-09-02T06:55:09.154271125,19.47171,-78.46613
2020-09-02T06:55:09.164189338,19.451086,-78.44145
2020-09-02T06:55:09.170292854,19.4686,-78.467545
2020-09-02T06:55:09.227895736,19.467442,-78.46522
2020-09-02T06:55:09.233999252,19.451096,-78.44141
2020-09-02T06:55:09.239721298,19.451136,-78.46648
2020-09-02T06:55:09.245824813,19.46213,-78.47337
2020-09-02T06:55:09.247732162,19.451067,-78.44138
2020-09-02T06:55:09.257650375,19.45103,-78.44142
2020-09-02T06:55:09.259939193,19.444439,-78.47646
2020-09-02T06:55:09.261846542,19.458832,-78.47072
2020-09-02T06:55:09.271765708,19.450016,-78.47085
2020-09-02T06:55:09.273673057,19.451141,-78.44137
2020-09-02T06:55:09.275580406,19.45115,-78.44136
2020-09-02T06:55:09.385063171,19.451193,-78.4661
2020-09-02T06:55:09.386970520,19.43576,-78.47327
2020-09-02T06:55:09.402993202,19.451246,-78.488304
2020-09-02T06:55:09.428933143,19.442554,-78.46962
2020-09-02T06:55:09.496454238,19.445171,-78.46692
2020-09-02T06:55:09.498361587,19.451115,-78.44141
2020-09-02T06:55:09.506372451,19.43868,-78.490326
2020-09-02T06:55:09.508279800,19.451202,-78.48146
2020-09-02T06:55:09.512095451,19.451162,-78.46277
2020-09-02T06:55:09.516291618,19.451252,-78.518814
2020-09-02T06:55:09.635693550,19.451914,-78.79373
2020-09-02T06:55:09.637600898,19.451902,-78.790924
2020-09-02T06:55:09.683377265,19.451944,-78.79605
2020-09-02T06:55:09.687191963,19.451925,-78.790985
2020-09-02T06:55:09.729154586,19.451933,-78.8059
2020-09-02T06:55:09.731061935,19.450176,-78.805084
2020-09-02T06:55:09.732969284,19.45191,-78.798874
2020-09-02T06:55:09.748991012,19.441679,-78.810974
2020-09-02T06:55:09.750898361,19.452013,-78.80857
2020-09-02T06:55:09.752805709,19.452053,-78.82816
2020-09-02T06:55:09.762724876,19.43903,-78.81158
2020-09-02T06:55:09.764632225,19.451933,-78.8019
2020-09-02T06:55:09.802397727,19.451984,-78.82815
2020-09-02T06:55:09.810408592,19.451843,-78.785904
2020-09-02T06:55:09.838256835,19.451912,-78.80626
2020-09-02T06:55:09.842453002,19.451963,-78.828186
2020-09-02T06:55:09.852371215,19.41679,-78.81642
2020-09-02T06:55:09.854278564,19.42147,-78.81244
2020-09-02T06:55:09.856185913,19.451975,-78.82813
2020-09-02T06:55:09.890137672,19.372225,-78.8257
2020-09-02T06:55:09.892045021,19.417786,-78.81529
2020-09-02T06:55:09.900055885,19.451963,-78.78734
2020-09-02T06:55:09.909974098,19.451914,-78.78964
2020-09-02T06:55:09.973680496,19.433558,-78.81141
2020-09-02T06:55:09.975587844,19.43358,-78.80592
2020-09-02T06:55:09.977495193,19.435434,-78.810394
2020-09-02T06:55:09.979402542,19.408297,-78.82687
2020-09-02T06:55:09.981309890,19.412565,-78.816
2020-09-02T06:55:09.983598709,19.41788,-78.815
2020-09-02T06:55:09.985506057,19.415142,-78.81026
2020-09-02T06:55:10.051119804,19.451843,-78.781395
2020-09-02T06:55:10.074771881,19.45185,-78.787704
2020-09-02T06:55:10.082782745,19.451897,-78.79152
2020-09-02T06:55:10.086978912,19.414171,-78.81558
2020-09-02T06:55:10.096897125,19.421915,-78.80868
2020-09-02T06:55:10.102619171,19.4519,-78.79278
2020-09-02T06:55:10.104526519,19.451902,-78.79426
2020-09-02T06:55:10.106815338,19.451895,-78.79216
2020-09-02T06:55:10.118640899,19.45199,-78.82805
2020-09-02T06:55:10.120548248,19.435385,-78.805984
2020-09-02T06:55:10.122455596,19.45195,-78.80507
2020-09-02T06:55:10.140385627,19.451881,-78.80047
2020-09-02T06:55:10.205999374,19.428637,-78.80367
2020-09-02T06:55:10.207906723,19.419476,-78.814514
2020-09-02T06:55:10.212102890,19.41348,-78.81407
2020-09-02T06:55:10.214010238,19.41437,-78.826935
2020-09-02T06:55:10.220113754,19.407898,-78.82671
2020-09-02T06:55:10.222021102,19.416464,-78.81216
2020-09-02T06:55:10.230031967,19.42903,-78.80982
2020-09-02T06:55:10.231939315,19.408981,-78.813484
2020-09-02T06:55:10.249868392,19.42979,-78.80798
2020-09-02T06:55:10.309378623,19.452051,-78.82802
2020-09-02T06:55:10.400933265,19.452047,-78.827995
2020-09-02T06:55:10.402840614,19.410282,-78.815674
2020-09-02T06:55:12.156484603,19.50588,-78.84002
2020-09-02T06:55:12.158391952,19.531921,-78.830055
2020-09-02T06:55:12.164495468,19.531929,-78.83006
2020-09-02T06:55:12.166402816,19.531925,-78.83007
2020-09-02T06:55:12.217901229,19.519117,-78.83494
2020-09-02T06:55:12.220190048,19.53181,-78.83011
2020-09-02T06:55:12.287712097,19.513952,-78.839874
2020-09-02T06:55:12.303352355,19.502167,-78.85075
2020-09-02T06:55:12.305641174,19.506676,-78.85139
2020-09-02T06:55:12.309455871,19.5191,-78.85487
2020-09-02T06:55:12.311363220,19.511189,-78.85687
2020-09-02T06:55:12.313270568,19.531965,-78.869255
2020-09-02T06:55:12.337303161,19.531797,-78.82998
2020-09-02T06:55:12.355232238,19.520275,-78.853806
2020-09-02T06:55:12.687116622,19.531101,-78.48184
2020-09-02T06:55:12.792404174,19.497038,-78.475204
2020-09-02T06:55:12.794692993,19.53117,-78.47463
2020-09-02T06:55:12.796600341,19.490904,-78.49336
2020-09-02T06:55:12.798507690,19.531183,-78.47394
2020-09-02T06:55:12.804611206,19.53106,-78.44302
2020-09-02T06:55:12.806518554,19.531025,-78.443016
2020-09-02T06:55:12.814529418,19.530968,-78.443
2020-09-02T06:55:12.943849563,19.50458,-78.47216
2020-09-02T06:55:13.154424667,18.705725,-82.47499
2020-09-02T06:55:13.156332015,18.703903,-82.470985
2020-09-02T06:55:13.158239364,18.71012,-82.46867
2020-09-02T06:55:13.170446395,18.708551,-82.43942
2020-09-02T06:55:13.172353744,18.708847,-82.45656
2020-09-02T06:55:13.194097518,18.703363,-82.439186
2020-09-02T06:55:13.196004867,18.704752,-82.45606
2020-09-02T06:55:13.198293685,18.674118,-82.43759
2020-09-02T06:55:13.205923080,18.69071,-82.43849
2020-09-02T06:55:13.208211898,18.674105,-82.437584
2020-09-02T06:55:13.210119247,18.72038,-82.4727
2020-09-02T06:55:13.228048324,18.688158,-82.44678
2020-09-02T06:55:13.229955673,18.69218,-82.450066
2020-09-02T06:55:13.231863021,18.689938,-82.45176
2020-09-02T06:55:13.245977401,18.674139,-82.43761
2020-09-02T06:55:13.247884750,18.694052,-82.454
2020-09-02T06:55:13.279548645,18.753363,-82.44195
2020-09-02T06:55:13.281455993,18.753592,-82.47438
2020-09-02T06:55:13.295570373,18.753431,-82.44202
2020-09-02T06:55:13.307395935,18.753393,-82.441986
2020-09-02T06:55:13.311592102,18.75349,-82.45879
2020-09-02T06:55:13.313499450,18.729053,-82.4685
2020-09-02T06:55:13.315406799,18.753408,-82.44197
2020-09-02T06:55:13.317314147,18.753426,-82.44196
2020-09-02T06:55:13.319221496,18.753445,-82.441956
2020-09-02T06:55:13.321510314,18.75345,-82.44195
2020-09-02T06:55:13.323417663,18.753437,-82.441956
2020-09-02T06:55:13.325325012,18.753426,-82.441956
2020-09-02T06:55:13.327232360,18.75354,-82.460045
2020-09-02T06:55:13.329139709,18.753532,-82.46064
2020-09-02T06:55:13.331428527,18.753542,-82.463486
2020-09-02T06:55:13.333335876,18.753494,-82.45752
2020-09-02T06:55:13.335243225,18.753529,-82.46301
2020-09-02T06:55:13.337150573,18.753548,-82.466194
2020-09-02T06:55:13.339439392,18.748343,-82.469635
2020-09-02T06:55:13.341346740,18.743977,-82.47999
2020-09-02T06:55:13.343254089,18.744276,-82.481895
2020-09-02T06:55:13.345161437,18.745293,-82.477974
2020-09-02T06:55:13.347068786,18.744764,-82.47923
2020-09-02T06:55:13.349357604,18.74512,-82.48145
2020-09-02T06:55:13.351264953,18.742422,-82.48027
2020-09-02T06:55:13.353172302,18.74286,-82.479195
2020-09-02T06:55:13.355079650,18.741352,-82.47858
2020-09-02T06:55:13.356986999,18.740751,-82.48238
2020-09-02T06:55:13.359275817,18.74058,-82.48113
2020-09-02T06:55:13.361183166,18.745657,-82.483734
2020-09-02T06:55:13.363090515,18.77475,-82.48949
2020-09-02T06:55:13.364997863,18.753426,-82.44199
2020-09-02T06:55:13.424890518,18.707972,-82.463585
2020-09-02T06:55:13.500421524,18.674133,-82.4376
2020-09-02T06:55:13.502328872,18.709694,-82.472244
2020-09-02T06:55:13.504238128,18.696873,-82.45931
2020-09-02T06:55:13.506145477,18.67411,-82.43761
2020-09-02T06:55:13.508434295,18.6741,-82.437614
2020-09-02T06:55:13.512248992,18.67409,-82.43763
2020-09-02T06:55:13.514156341,18.674088,-82.43763
2020-09-02T06:55:13.533992767,18.674124,-82.43764
2020-09-02T06:55:13.540096282,18.67415,-82.4376
2020-09-02T06:55:13.550014495,18.674097,-82.43754
2020-09-02T06:55:13.528270721,18.362537,-83.11959
2020-09-02T06:55:13.780807495,18.362747,-83.143524
2020-09-02T06:55:13.782714843,18.353586,-83.11898
2020-09-02T06:55:13.784622192,18.36272,-83.14371
2020-09-02T06:55:13.804458618,18.361135,-83.11934
2020-09-02T06:55:13.828491210,18.360651,-83.12326
2020-09-02T06:55:13.832305908,18.359674,-83.12003
2020-09-02T06:55:13.834213256,18.361937,-83.12917
2020-09-02T06:55:13.846420288,18.362497,-83.11966
2020-09-02T06:55:13.884187698,18.365576,-83.12422
2020-09-02T06:55:13.886095046,18.368706,-83.103546
2020-09-02T06:55:13.897920608,18.362377,-83.098145
2020-09-02T06:55:13.929582595,18.361914,-83.11507
2020-09-02T06:55:13.953615188,18.362436,-83.121185
2020-09-02T06:55:14.011219024,18.361954,-83.13138
2020-09-02T06:55:14.013126373,18.362186,-83.08805
2020-09-02T06:55:14.042881011,18.36118,-83.11958
2020-09-02T06:55:14.154272079,18.362509,-83.11974
2020-09-02T06:55:15.168233871,19.46171,-78.84058
2020-09-02T06:55:15.230031967,19.451778,-78.82793
2020-09-02T06:55:15.307472229,19.460455,-78.84064
2020-09-02T06:55:15.323493957,19.451744,-78.827835
2020-09-02T06:55:15.325401306,19.451756,-78.82783
2020-09-02T06:55:15.446710586,19.45174,-78.827774
2020-09-02T06:55:15.448617935,19.457428,-78.84461
2020-09-02T06:55:15.478372573,19.448885,-78.84936
2020-09-02T06:55:15.482568740,19.451855,-78.85579
2020-09-02T06:55:15.520336151,19.4519,-78.843864
2020-09-02T06:55:15.522243499,19.457169,-78.84853
2020-09-02T06:55:15.530254364,19.45178,-78.827805
2020-09-02T06:55:15.532161712,19.45185,-78.85087
2020-09-02T06:55:15.534069061,19.451813,-78.82779
2020-09-02T06:55:15.535976409,19.46412,-78.852264
2020-09-02T06:55:15.538265228,19.45191,-78.849594
2020-09-02T06:55:15.545894622,19.451872,-78.84759
2020-09-02T06:55:15.558101654,19.451775,-78.827774
2020-09-02T06:55:15.560009002,19.451777,-78.82779
2020-09-02T06:55:15.561916351,19.451784,-78.82781
2020-09-02T06:55:15.593959808,19.451801,-78.82784
2020-09-02T06:55:15.609601974,19.451836,-78.8495
2020-09-02T06:55:15.623716354,19.451864,-78.86149
2020-09-02T06:55:15.637449264,19.467978,-78.850174
2020-09-02T06:55:15.661481857,19.451828,-78.84529
2020-09-02T06:55:15.683225631,19.451777,-78.82774
2020-09-02T06:55:15.748840332,19.46441,-78.84231
2020-09-02T06:55:15.754943847,19.451712,-78.82778
2020-09-02T06:55:15.790420532,19.4518,-78.84609
2020-09-02T06:55:15.816360473,19.45169,-78.82776
2020-09-02T06:55:15.906389236,15.239322,-82.11776
2020-09-02T06:55:15.920122146,15.239299,-82.11773
2020-09-02T06:55:15.922029495,15.260818,-82.13591
2020-09-02T06:55:15.954072952,15.239306,-82.11773
2020-09-02T06:55:15.975816726,15.239385,-82.1443
2020-09-02T06:55:15.977724075,15.239255,-82.117775
2020-09-02T06:55:16.017780303,15.239312,-82.11772
2020-09-02T06:55:16.019687652,15.239318,-82.117714
2020-09-02T06:55:16.045627593,15.239145,-82.088005
2020-09-02T06:55:16.047534942,15.239158,-82.08995
2020-09-02T06:55:16.075382232,15.260072,-82.075195
2020-09-02T06:55:16.077289581,15.2392845,-82.11774
2020-09-02T06:55:16.095218658,15.295243,-82.04415
2020-09-02T06:55:16.097126007,15.289281,-82.0675
2020-09-02T06:55:16.099033355,15.279402,-82.061
2020-09-02T06:55:16.101322174,15.277859,-82.05175
2020-09-02T06:55:16.103231430,15.272843,-82.057434
2020-09-02T06:55:16.105138778,15.278157,-82.06494
2020-09-02T06:55:16.170751571,15.281647,-82.04358
2020-09-02T06:55:16.172658920,15.268523,-82.04209
2020-09-02T06:55:16.174566268,15.269195,-82.05102
2020-09-02T06:55:16.176855087,15.272591,-82.05067
2020-09-02T06:55:16.178762435,15.28261,-82.04472
2020-09-02T06:55:16.180669784,15.291957,-82.028984
2020-09-02T06:55:16.182577133,15.2915,-82.02658
2020-09-02T06:55:16.184484481,15.271865,-82.03071
2020-09-02T06:55:16.186773300,15.271441,-82.03437
2020-09-02T06:55:16.188680648,15.273487,-82.06148
2020-09-02T06:55:16.190587997,15.284871,-82.043755
2020-09-02T06:55:16.230262756,15.27514,-82.066475
2020-09-02T06:55:16.232551574,15.28699,-82.06428
2020-09-02T06:55:17.071033477,19.501942,-78.82904
2020-09-02T06:55:17.096593856,19.499216,-78.828995
2020-09-02T06:55:17.114522933,19.451662,-78.82753
2020-09-02T06:55:17.148473739,19.499525,-78.82897
2020-09-02T06:55:17.206075668,19.531452,-78.82983
2020-09-02T06:55:19.452583313,19.530775,-78.44273
2020-09-02T06:55:19.510186196,19.511236,-78.442314
2020-09-02T06:55:19.512093545,19.521751,-78.4465
2020-09-02T06:55:19.516289711,19.519905,-78.45021
2020-09-02T06:55:19.518197060,19.530708,-78.44271
2020-09-02T06:55:19.534219265,19.530647,-78.44281
2020-09-02T06:55:19.538033963,19.530596,-78.44278
2020-09-02T06:55:19.550240994,19.530651,-78.44276
2020-09-02T06:55:19.552148343,19.521894,-78.43704
2020-09-02T06:55:19.554055691,19.530653,-78.44274
2020-09-02T06:55:19.627680779,19.486956,-78.470116
2020-09-02T06:55:19.635691643,19.477186,-78.47292
2020-09-02T06:55:19.637598992,19.479958,-78.46685
2020-09-02T06:55:19.641413689,19.482521,-78.47308
2020-09-02T06:55:19.643321038,19.477663,-78.473946
2020-09-02T06:55:19.645609856,19.465982,-78.47498
2020-09-02T06:55:19.649424553,19.45095,-78.48523
2020-09-02T06:55:19.691387177,19.471437,-78.48135
2020-09-02T06:55:19.693294526,19.473005,-78.47146
2020-09-02T06:55:19.699016572,19.476978,-78.4672
2020-09-02T06:55:19.701305390,19.461714,-78.47813
2020-09-02T06:55:19.703212739,19.47182,-78.482956
2020-09-02T06:55:19.732967854,19.466824,-78.48464
2020-09-02T06:55:19.802396298,19.495432,-78.445404
2020-09-02T06:55:19.818418503,19.493502,-78.44486
2020-09-02T06:55:19.895857811,19.49155,-78.45399
2020-09-02T06:55:19.983597279,19.53071,-78.44277
2020-09-02T06:55:20.391013145,18.361204,-82.97643
2020-09-02T06:55:20.392920494,18.36122,-82.97834
2020-09-02T06:55:20.394827842,18.361109,-82.963776
2020-09-02T06:55:20.456626892,18.361242,-82.978294
2020-09-02T06:55:20.458534240,18.36115,-82.96386
2020-09-02T06:55:20.494393348,18.361126,-82.9638
2020-09-02T06:55:20.496300697,18.357315,-82.979935
2020-09-02T06:55:20.502404212,18.361128,-82.9638
2020-09-02T06:55:20.504311561,18.36113,-82.963806
2020-09-02T06:55:20.579843521,18.361174,-82.98356
2020-09-02T06:55:20.583658218,18.36107,-82.96383
2020-09-02T06:55:20.591669559,18.361176,-82.96379
2020-09-02T06:55:20.623713493,18.361095,-82.96374
2020-09-02T06:55:20.635539054,18.36111,-82.96374
2020-09-02T06:55:20.712978839,18.361267,-82.989426
2020-09-02T06:55:20.714886188,18.361301,-82.987335
2020-09-02T06:55:20.717175006,18.361122,-82.96382
2020-09-02T06:55:20.766766548,18.361317,-82.98677
2020-09-02T06:55:20.772870540,18.36127,-82.98264
2020-09-02T06:55:20.782788753,18.361057,-82.96386
2020-09-02T06:55:20.784696102,18.361216,-82.983154
2020-09-02T06:55:20.798429012,18.361324,-82.98684
2020-09-02T06:55:20.812543869,18.361076,-82.96386
2020-09-02T06:55:20.820554733,18.36131,-82.98288
2020-09-02T06:55:20.738918781,19.451714,-78.82746
2020-09-02T06:55:20.754940986,19.451797,-78.827484
2020-09-02T06:55:20.756848335,19.478188,-78.84485
2020-09-02T06:55:20.778592586,19.451698,-78.827484
2020-09-02T06:55:20.790799617,19.473318,-78.84147
2020-09-02T06:55:20.907912731,19.489662,-78.869
2020-09-02T06:55:20.959412097,19.482758,-78.90588
2020-09-02T06:55:20.965515613,19.479753,-78.905785
2020-09-02T06:55:20.969711780,19.484205,-78.88099
2020-09-02T06:55:20.973526477,19.487568,-78.906044
2020-09-02T06:55:20.993363380,19.451935,-78.90497
2020-09-02T06:55:21.080721378,19.480284,-78.84382
2020-09-02T06:55:21.083010196,19.482542,-78.8315
2020-09-02T06:55:21.084917545,19.479694,-78.837105
2020-09-02T06:55:21.086824893,19.45174,-78.82759
2020-09-02T06:55:21.136416435,19.480099,-78.84249
2020-09-02T06:55:21.221867084,19.479498,-78.840126
2020-09-02T06:55:21.224155902,19.494001,-78.82881
2020-09-02T06:55:24.361029624,19.50413,-78.829704
2020-09-02T06:55:24.367133140,19.494673,-78.83973
2020-09-02T06:55:24.369040489,19.49829,-78.841484
2020-09-02T06:55:24.370947837,19.531723,-78.83054
2020-09-02T06:55:24.373236656,19.531738,-78.83053
2020-09-02T06:55:24.375144958,19.516586,-78.83006
2020-09-02T06:55:24.377052307,19.531769,-78.83049
2020-09-02T06:55:24.378959655,19.531784,-78.830475
2020-09-02T06:55:24.438851356,19.510626,-78.82985
2020-09-02T06:55:24.550241470,19.497746,-78.841385
2020-09-02T06:55:24.552148818,19.51189,-78.829796
2020-09-02T06:55:24.554056167,19.531755,-78.83039
2020-09-02T06:55:24.565882682,19.4369,-78.902145
2020-09-02T06:55:24.567790031,19.406967,-78.82623
2020-09-02T06:55:24.597926139,19.513586,-78.82984
2020-09-02T06:55:24.665447235,19.502386,-78.84079
2020-09-02T06:55:24.673458099,19.531782,-78.83038
2020-09-02T06:55:24.726864814,19.380764,-78.84705
2020-09-02T06:55:24.729153633,19.40291,-78.808495
2020-09-02T06:55:24.774549484,19.451872,-78.7506
2020-09-02T06:55:24.846266746,19.375845,-78.76188
2020-09-02T06:55:24.848174095,19.431717,-78.76253
2020-09-02T06:55:24.953461647,19.372189,-78.79064
2020-09-02T06:55:24.955750465,19.387045,-78.768906
2020-09-02T06:55:24.957657814,19.406164,-78.75953
2020-09-02T06:55:25.054933547,19.451752,-78.75061
2020-09-02T06:55:25.056841850,19.451706,-78.7263
2020-09-02T06:55:25.059130668,19.45256,-78.74532
2020-09-02T06:55:25.061038017,19.409382,-78.90411
2020-09-02T06:55:25.062945365,19.374481,-78.80785
2020-09-02T06:55:25.064852714,19.415518,-78.784584
2020-09-02T06:55:25.349432945,19.44787,-78.72786
2020-09-02T06:55:25.351340293,19.41902,-78.7343
2020-09-02T06:55:25.353247642,19.451864,-78.7505
2020-09-02T06:55:25.575648307,19.074505,-82.88741
2020-09-02T06:55:25.577937126,19.07457,-82.89503
2020-09-02T06:55:25.784696578,19.09712,-82.87279
2020-09-02T06:55:25.790418624,19.074451,-82.883064
2020-09-02T06:55:25.792325973,19.074522,-82.891045
2020-09-02T06:55:25.800337791,19.074423,-82.87275
2020-09-02T06:55:28.337532043,19.516745,-78.48696
2020-09-02T06:55:28.345161437,19.53101,-78.51975
2020-09-02T06:55:28.357368469,19.530912,-78.484314
2020-09-02T06:55:28.484399795,19.530886,-78.47831
2020-09-02T06:55:28.486307144,19.530918,-78.48471
2020-09-02T06:55:28.520257949,19.48735,-78.496544
2020-09-02T06:55:28.522166252,19.530922,-78.51979
2020-09-02T06:55:28.533991813,19.530867,-78.48588
2020-09-02T06:55:28.538187980,19.507175,-78.496315
2020-09-02T06:55:28.546198844,19.505516,-78.49695
2020-09-02T06:55:28.548106193,19.498577,-78.49754
2020-09-02T06:55:28.561839103,19.477161,-78.49181
2020-09-02T06:55:28.564127922,19.489412,-78.51859
2020-09-02T06:55:28.571757316,19.488726,-78.47552
2020-09-02T06:55:28.574046134,19.472458,-78.486946
2020-09-02T06:55:28.575953483,19.450918,-78.44024
2020-09-02T06:55:28.577860832,19.473877,-78.486015
2020-09-02T06:55:28.582056999,19.476189,-78.484535
2020-09-02T06:55:28.597698211,19.450928,-78.44023
2020-09-02T06:55:28.599605560,19.46355,-78.47401
2020-09-02T06:55:28.601894378,19.460459,-78.4796
2020-09-02T06:55:28.603801727,19.450993,-78.47143
2020-09-02T06:55:28.613719940,19.451002,-78.44023
2020-09-02T06:55:28.615627288,19.462927,-78.45235
2020-09-02T06:55:28.617534637,19.478155,-78.46829
2020-09-02T06:55:28.762876510,19.461283,-78.4722
2020-09-02T06:55:28.764783859,19.484138,-78.47865
2020-09-02T06:55:28.866256713,19.46446,-78.4747
2020-09-02T06:55:28.868164062,19.451025,-78.4638
2020-09-02T06:55:28.905930519,19.464184,-78.46824
2020-09-02T06:55:28.681241035,19.451788,-78.82705
2020-09-02T06:55:28.808653831,19.486528,-78.82813
2020-09-02T06:55:28.810561180,19.487152,-78.828156
2020-09-02T06:55:28.812468528,19.451675,-78.8271
2020-09-02T06:55:28.856338500,19.48754,-78.82812
2020-09-02T06:55:28.913941383,19.471514,-78.83573
2020-09-02T06:55:28.915848731,19.474712,-78.83686
2020-09-02T06:55:28.917756080,19.46971,-78.83719
2020-09-02T06:55:28.919663429,19.47235,-78.84144
2020-09-02T06:55:28.939881324,19.467045,-78.8346
2020-09-02T06:55:28.951706886,19.468832,-78.83395
2020-09-02T06:55:28.953614234,19.451818,-78.82708
2020-09-02T06:55:28.959718704,19.450958,-78.440216
2020-09-02T06:55:28.975358963,19.471949,-78.834595
2020-09-02T06:55:28.977647781,19.471186,-78.83868
2020-09-02T06:55:29.011217117,19.48819,-78.85631
2020-09-02T06:55:29.013124465,19.48449,-78.860085
2020-09-02T06:55:29.039065361,19.486507,-78.84723
2020-09-02T06:55:29.076830863,19.531557,-78.82943
2020-09-02T06:55:29.078739166,19.531572,-78.829445
2020-09-02T06:55:29.081027984,19.531586,-78.82946
2020-09-02T06:55:29.164189338,19.491362,-78.828224
2020-09-02T06:55:29.166478157,19.477325,-78.827835
2020-09-02T06:55:32.482263565,18.597372,-82.74402
2020-09-02T06:55:32.502481460,18.597301,-82.744
2020-09-02T06:55:32.595561981,18.597368,-82.743996
2020-09-02T06:55:32.633708953,18.597383,-82.744
2020-09-02T06:55:32.635616302,18.597385,-82.744
2020-09-02T06:55:32.637525558,18.578592,-82.74239
2020-09-02T06:55:32.639432907,18.59739,-82.743996
2020-09-02T06:55:32.641340255,18.591309,-82.739395
2020-09-02T06:55:32.643629074,18.597406,-82.744
2020-09-02T06:55:32.645536422,18.594112,-82.73635
2020-09-02T06:55:32.647443771,18.587582,-82.739655
2020-09-02T06:55:32.653547286,18.59741,-82.74402
2020-09-02T06:55:32.655454635,18.597311,-82.73374
2020-09-02T06:55:32.657361984,18.59736,-82.744
2020-09-02T06:55:32.659269332,18.597336,-82.743996
2020-09-02T06:55:32.663465499,18.597357,-82.74398
2020-09-02T06:55:32.691312789,18.597351,-82.74393
2020-09-02T06:55:32.693220138,18.597368,-82.743935
2020-09-02T06:55:32.695127487,18.597385,-82.74394
2020-09-02T06:55:32.697034835,18.5974,-82.74395
2020-09-02T06:55:32.703138351,18.557987,-82.75223
2020-09-02T06:55:32.706953048,18.597427,-82.74397
2020-09-02T06:55:32.709241867,18.597425,-82.74397
2020-09-02T06:55:32.716871261,18.597399,-82.74398
2020-09-02T06:55:32.719160079,18.620867,-82.74531
2020-09-02T06:55:32.721067428,18.597383,-82.74398
2020-09-02T06:55:32.722974777,18.597383,-82.74397
2020-09-02T06:55:32.724882125,18.597383,-82.74397
2020-09-02T06:55:32.726789474,18.597385,-82.743965
2020-09-02T06:55:32.730985641,18.597387,-82.74396
2020-09-02T06:55:32.732892990,18.613953,-82.744896
2020-09-02T06:55:32.734800338,18.597399,-82.743965
2020-09-02T06:55:32.774856567,18.67668,-82.74847
2020-09-02T06:55:32.852294921,18.677277,-82.826385
2020-09-02T06:55:32.854202270,18.677294,-82.82639
2020-09-02T06:55:32.856109619,18.677176,-82.80866
2020-09-02T06:55:32.858016967,18.67713,-82.80087
2020-09-02T06:55:32.860305786,18.67711,-82.79644
2020-09-02T06:55:32.862213134,18.66795,-82.786194
2020-09-02T06:55:32.864120483,18.661783,-82.78675
2020-09-02T06:55:32.866027832,18.657648,-82.7779
2020-09-02T06:55:32.867935180,18.65735,-82.77974
2020-09-02T06:55:32.870223999,18.656288,-82.77832
2020-09-02T06:55:32.872131347,18.634504,-82.78212
2020-09-02T06:55:32.935838699,18.677364,-82.8264
2020-09-02T06:55:32.937746047,18.67756,-82.85282
2020-09-02T06:55:32.939653396,18.677544,-82.85057
2020-09-02T06:55:32.941560745,18.677546,-82.84974
2020-09-02T06:55:32.945756912,18.682707,-82.841484
2020-09-02T06:55:32.947664260,18.69588,-82.85273
2020-09-02T06:55:32.949571609,18.68254,-82.805214
2020-09-02T06:55:32.951478958,18.660662,-82.795235
2020-09-02T06:55:32.953767776,18.655752,-82.79752
2020-09-02T06:55:32.955675125,18.655567,-82.80124
2020-09-02T06:55:32.957582473,18.655539,-82.80523
2020-09-02T06:55:32.959489822,18.65883,-82.81265
2020-09-02T06:55:32.961397171,18.656979,-82.81422
2020-09-02T06:55:32.963685989,18.664837,-82.82049
2020-09-02T06:55:32.965593338,18.66573,-82.82747
2020-09-02T06:55:32.967500686,18.677578,-82.861465
2020-09-02T06:55:33.084995269,18.607086,-82.74088
2020-09-02T06:55:33.086902618,18.608,-82.72611
2020-09-02T06:55:33.088809967,18.597385,-82.71374
2020-09-02T06:55:33.188375473,18.63054,-82.75408
2020-09-02T06:55:33.190282821,18.651829,-82.78804
2020-09-02T06:55:33.192190170,18.692467,-82.83631
2020-09-02T06:55:33.194097518,18.69092,-82.81082
2020-09-02T06:55:33.196004867,18.687422,-82.80811
2020-09-02T06:55:33.198293685,18.666908,-82.80214
2020-09-02T06:55:33.200201034,18.65944,-82.79698
2020-09-02T06:55:33.202108383,18.65767,-82.80634
2020-09-02T06:55:33.204015731,18.651516,-82.801575
2020-09-02T06:55:33.205923080,18.655046,-82.80525
2020-09-02T06:55:33.208211898,18.663929,-82.81004
2020-09-02T06:55:33.210119247,18.663366,-82.810814
2020-09-02T06:55:33.212026596,18.662352,-82.80684
2020-09-02T06:55:33.213933944,18.677382,-82.826385
2020-09-02T06:55:33.341346740,18.590347,-82.73135
2020-09-02T06:55:33.343254089,18.60599,-82.7381
2020-09-02T06:55:33.345161437,18.637497,-82.7463
2020-09-02T06:55:33.349357604,18.666983,-82.77562
2020-09-02T06:55:33.351264953,18.629055,-82.766495
2020-09-02T06:55:33.780807495,19.489143,-78.82852
2020-09-02T06:55:33.824295043,19.532434,-78.82982
2020-09-02T06:55:33.912034988,19.532295,-78.82974
2020-09-02T06:55:33.919664382,19.490807,-78.83409
2020-09-02T06:55:33.921953201,19.532373,-78.82979
2020-09-02T06:55:33.923860549,19.494295,-78.83375
2020-09-02T06:55:33.925767898,19.500277,-78.82887
2020-09-02T06:55:33.939882278,19.497032,-78.83383
2020-09-02T06:55:33.969636917,19.518337,-78.82945
2020-09-02T06:55:33.971544265,19.505304,-78.8335
2020-09-02T06:55:33.973451614,19.52187,-78.83209
2020-09-02T06:55:33.975358963,19.520533,-78.83023
2020-09-02T06:55:33.977647781,19.510525,-78.828445
2020-09-02T06:55:33.997484207,19.520372,-78.82947
2020-09-02T06:55:34.021137237,19.53244,-78.82981
2020-09-02T06:55:34.025333404,19.532429,-78.829796
2020-09-02T06:55:34.027240753,19.532423,-78.82979
2020-09-02T06:55:34.031055450,19.532318,-78.790344
2020-09-02T06:55:34.033344268,19.532356,-78.80274
2020-09-02T06:55:34.035251617,19.526506,-78.806366
2020-09-02T06:55:34.037158966,19.520695,-78.82292
2020-09-02T06:55:34.114597320,19.525608,-78.819214
2020-09-02T06:55:34.116504669,19.505579,-78.82905
2020-09-02T06:55:34.235906600,19.531654,-78.44268
2020-09-02T06:55:34.275581359,19.510464,-78.44223
2020-09-02T06:55:34.297706604,19.531466,-78.44278
2020-09-02T06:55:34.329368591,19.531492,-78.44284
2020-09-02T06:55:34.335472106,19.496294,-78.44184
2020-09-02T06:55:34.357215881,19.49689,-78.44189
2020-09-02T06:55:34.386972427,19.531519,-78.44276
2020-09-02T06:55:34.464410781,19.531487,-78.44282
2020-09-02T06:55:34.466699600,19.531473,-78.44281
2020-09-02T06:55:34.472421646,19.531464,-78.44279
2020-09-02T06:55:34.474710464,19.493332,-78.44175
2020-09-02T06:55:34.486536026,19.509579,-78.458176
2020-09-02T06:55:34.494548797,19.531548,-78.44283
2020-09-02T06:55:34.500270843,19.531586,-78.4428
2020-09-02T06:55:34.514385223,19.515985,-78.46158
2020-09-02T06:55:34.522396087,19.515287,-78.458
2020-09-02T06:55:34.530025482,19.531559,-78.44281
2020-09-02T06:55:34.546047210,19.531569,-78.44279
2020-09-02T06:55:34.562068939,19.531586,-78.44278
2020-09-02T06:55:35.271614074,18.381363,-82.99674
2020-09-02T06:55:35.273521423,18.382446,-82.99662
2020-09-02T06:55:35.275810241,18.383963,-82.99794
2020-09-02T06:55:35.325401306,18.375423,-82.99271
2020-09-02T06:55:35.351341247,18.362173,-82.99566
2020-09-02T06:55:35.363168716,18.383617,-82.99763
2020-09-02T06:55:35.387201309,18.38346,-82.99823
2020-09-02T06:55:35.420770645,18.362186,-82.99686
2020-09-02T06:55:35.488292694,18.361897,-82.96373
2020-09-02T06:55:35.514232635,18.310923,-83.01334
2020-09-02T06:55:35.556194305,18.385767,-82.999016
2020-09-02T06:55:35.561916351,18.387718,-82.993904
2020-09-02T06:55:35.577938079,18.37628,-82.99223
2020-09-02T06:55:35.814453125,18.361605,-82.921295
2020-09-02T06:55:35.818267822,18.306551,-83.01683
2020-09-02T06:55:35.820556640,18.275713,-82.99319
2020-09-02T06:55:35.906007766,18.310535,-83.09165
2020-09-02T06:55:35.906007766,18.103727,-82.86202
2020-09-02T06:55:35.907915115,18.30516,-83.0687
2020-09-02T06:55:35.989551544,18.283697,-83.079
2020-09-02T06:55:35.991458892,18.283968,-83.11469
2020-09-02T06:55:35.993366241,18.29297,-83.08508
2020-09-02T06:55:35.995273590,18.283699,-83.075745
2020-09-02T06:55:36.094837188,18.304146,-83.10979
2020-09-02T06:55:36.096744537,18.311087,-83.09781
2020-09-02T06:55:36.098651885,18.304644,-83.07833
2020-09-02T06:55:36.098651885,18.124088,-82.83242
2020-09-02T06:55:36.100559234,18.302517,-83.10927
2020-09-02T06:55:36.164266586,18.300333,-83.10653
2020-09-02T06:55:36.164266586,18.124369,-82.872795
2020-09-02T06:55:36.166555404,18.249735,-83.042305
2020-09-02T06:55:36.168462753,18.311823,-83.09538
2020-09-02T06:55:36.231788635,18.28398,-83.11473
2020-09-02T06:55:36.235984802,18.2995,-83.101654
2020-09-02T06:55:36.235984802,18.008675,-82.90282
2020-09-02T06:55:36.237892150,18.225897,-83.03984
2020-09-02T06:55:36.239799499,18.295261,-83.09777
2020-09-02T06:55:36.239799499,18.023844,-82.93808
2020-09-02T06:55:36.242088317,18.283878,-83.11482
2020-09-02T06:55:37.267875671,19.498447,-78.483215
2020-09-02T06:55:37.293434143,19.531155,-78.48066
2020-09-02T06:55:37.391092300,19.484184,-78.48986
2020-09-02T06:55:37.394906997,19.490353,-78.482
2020-09-02T06:55:37.396814346,19.476332,-78.48938
2020-09-02T06:55:37.420846939,19.476803,-78.48347
2020-09-02T06:55:37.434579849,19.490889,-78.4824
2020-09-02T06:55:37.545970916,19.483854,-78.48325
2020-09-02T06:55:37.548259735,19.451347,-78.51808
2020-09-02T06:55:37.558177947,19.477646,-78.49235
2020-09-02T06:55:37.570003509,19.451384,-78.51809
2020-09-02T06:55:37.607770919,19.45137,-78.5181
2020-09-02T06:55:37.609678268,19.477877,-78.48929
2020-09-02T06:55:40.319295883,19.53206,-78.83044
2020-09-02T06:55:40.361258029,19.488323,-78.829155
2020-09-02T06:55:40.400931835,19.4862,-78.853645
2020-09-02T06:55:40.415046215,19.488379,-78.848785
2020-09-02T06:55:40.430686950,19.53214,-78.8305
2020-09-02T06:55:40.450523376,19.452417,-78.87147
2020-09-02T06:55:40.492486000,19.478954,-78.86035
2020-09-02T06:55:40.520333290,19.452387,-78.86431
2020-09-02T06:55:40.655375957,19.486462,-78.847984
2020-09-02T06:55:40.768673896,19.495129,-78.84462
2020-09-02T06:55:40.770581722,19.488358,-78.849915
2020-09-02T06:55:40.836195468,19.49347,-78.846344
2020-09-02T06:55:40.876250267,19.503357,-78.857605
2020-09-02T06:55:41.524377346,19.470219,-78.46265
2020-09-02T06:55:41.528192043,19.451494,-78.44133
2020-09-02T06:55:41.552225112,19.451479,-78.4413
2020-09-02T06:55:41.554132461,19.451471,-78.44128
2020-09-02T06:55:41.556039810,19.463152,-78.46287
2020-09-02T06:55:41.557947158,19.46106,-78.45201
2020-09-02T06:55:41.562143325,19.45146,-78.44122
2020-09-02T06:55:41.564050674,19.46039,-78.45094
2020-09-02T06:55:41.565958023,19.451494,-78.44127
2020-09-02T06:55:41.567865371,19.451513,-78.44129
2020-09-02T06:55:41.570154190,19.45153,-78.44131
2020-09-02T06:55:41.597620487,19.458303,-78.439545
2020-09-02T06:55:41.599909305,19.451563,-78.44123
2020-09-02T06:55:41.613642692,19.451523,-78.44125
2020-09-02T06:55:41.615550041,19.451519,-78.44127
2020-09-02T06:55:41.653316020,19.451477,-78.44124
2020-09-02T06:55:41.689174652,19.451412,-78.39203
2020-09-02T06:55:41.691082000,19.457924,-78.43144
2020-09-02T06:55:41.693370819,19.457277,-78.450935
2020-09-02T06:55:41.695278167,19.45151,-78.44127
2020-09-02T06:55:41.709011554,19.45146,-78.403564
2020-09-02T06:55:41.711300373,19.46224,-78.42007
2020-09-02T06:55:41.713207721,19.451447,-78.40581
2020-09-02T06:55:41.728847980,19.470707,-78.3979
2020-09-02T06:55:41.731137275,19.463146,-78.43663
2020-09-02T06:55:41.786832332,19.4515,-78.441185
2020-09-02T06:55:41.788739681,19.463663,-78.42802
2020-09-02T06:55:41.792554855,19.461714,-78.43913
2020-09-02T06:55:41.820402145,19.451426,-78.40644
2020-09-02T06:55:41.830320835,19.451324,-78.363815
2020-09-02T06:55:41.895934581,19.453726,-78.454155
2020-09-02T06:55:41.897841930,19.458794,-78.413826
2020-09-02T06:55:41.900130748,19.451584,-78.4412
2020-09-02T06:55:41.902038097,19.453161,-78.45582
2020-09-02T06:55:41.903945446,19.457397,-78.4394
2020-09-02T06:55:41.905852794,19.451618,-78.441246
2020-09-02T06:55:41.910048961,19.450981,-78.43724
2020-09-02T06:55:41.911956310,19.449163,-78.45788
2020-09-02T06:55:41.913863658,19.451595,-78.44128
2020-09-02T06:55:41.915771484,19.451605,-78.4609
2020-09-02T06:55:41.925689697,19.45154,-78.44124
2020-09-02T06:55:41.927978515,19.451551,-78.437325
2020-09-02T06:55:41.941711425,19.4515,-78.42372
2020-09-02T06:55:41.943618774,19.444023,-78.441
2020-09-02T06:55:41.945526123,19.452278,-78.44676
2020-09-02T06:55:41.947815418,19.451494,-78.411835
2020-09-02T06:55:41.949722766,19.451555,-78.44126
2020-09-02T06:55:41.953537464,19.451561,-78.441246
2020-09-02T06:55:41.955826282,19.445938,-78.43328
2020-09-02T06:55:41.957733631,19.44972,-78.44965
2020-09-02T06:55:41.987488746,19.45147,-78.363884
2020-09-02T06:55:41.989396095,19.446373,-78.42719
2020-09-02T06:55:41.991303443,19.438929,-78.44029
2020-09-02T06:55:41.993592262,19.451582,-78.441216
2020-09-02T06:55:41.995499610,19.451569,-78.44122
2020-09-02T06:55:42.003510475,19.451399,-78.363914
2020-09-02T06:55:42.005417823,19.45155,-78.441246
2020-09-02T06:55:42.007325172,19.451555,-78.441246
2020-09-02T06:55:42.017243862,19.441181,-78.363686
2020-09-02T06:55:42.019151210,19.4394,-78.38811
2020-09-02T06:55:42.021440029,19.461372,-78.445595
2020-09-02T06:55:42.023347377,19.451542,-78.41411
2020-09-02T06:55:42.043184280,19.412416,-78.36291
2020-09-02T06:55:42.045091629,19.425629,-78.388
2020-09-02T06:55:42.046998977,19.43811,-78.42989
2020-09-02T06:55:42.048906326,19.45151,-78.42013
2020-09-02T06:55:42.051195144,19.464409,-78.448685
2020-09-02T06:55:42.069124221,19.371653,-78.361824
2020-09-02T06:55:42.071032047,19.432503,-78.400215
2020-09-02T06:55:42.072939395,19.46012,-78.43702
2020-09-02T06:55:42.092775821,19.389593,-78.368484
2020-09-02T06:55:42.094683170,19.451479,-78.400925
2020-09-02T06:55:42.116808891,19.389162,-78.36984
2020-09-02T06:55:42.118716239,19.424694,-78.36321
2020-09-02T06:55:42.122530937,19.451578,-78.44125
2020-09-02T06:55:42.128634452,19.371695,-78.36185
2020-09-02T06:55:42.130541801,19.39056,-78.3743
2020-09-02T06:55:42.132449626,19.430336,-78.40986
2020-09-02T06:55:42.134738445,19.448757,-78.42734
2020-09-02T06:55:42.136645793,19.413565,-78.403496
2020-09-02T06:55:42.138553142,19.451544,-78.44125
2020-09-02T06:55:42.504388332,19.452356,-78.84344
2020-09-02T06:55:42.506295680,19.452322,-78.82788
2020-09-02T06:55:42.522317409,19.452374,-78.82795
2020-09-02T06:55:42.524224758,19.452374,-78.82795
2020-09-02T06:55:42.526132106,19.452374,-78.82794
2020-09-02T06:55:42.675289154,19.452362,-78.84282
2020-09-02T06:55:42.677196502,19.45234,-78.84249
2020-09-02T06:55:42.734799385,19.452324,-78.827896
2020-09-02T06:55:42.764935970,19.452305,-78.82787
2020-09-02T06:55:42.766843318,19.456825,-78.84492
2020-09-02T06:55:42.768750667,19.45234,-78.85152
2020-09-02T06:55:42.794691085,19.452343,-78.849556
2020-09-02T06:55:42.796598434,19.452291,-78.82791
2020-09-02T06:55:42.798505783,19.452347,-78.84865
2020-09-02T06:55:42.854201316,19.452404,-78.8523
2020-09-02T06:55:42.860304832,19.452354,-78.844536
2020-09-02T06:55:42.866026878,19.452244,-78.827774
2020-09-02T06:55:42.868315696,19.452261,-78.84389
2020-09-02T06:55:42.872130393,19.452253,-78.844666
2020-09-02T06:55:42.874037742,19.441475,-78.84722
2020-09-02T06:55:42.875945568,19.452307,-78.84603
2020-09-02T06:55:42.898070812,19.430208,-78.85191
2020-09-02T06:55:42.899978160,19.436193,-78.85129
2020-09-02T06:55:42.901885509,19.452326,-78.852806
2020-09-02T06:55:42.921722412,19.452297,-78.84446
2020-09-02T06:55:42.924011230,19.449913,-78.85235
2020-09-02T06:55:42.925918579,19.452286,-78.82783
2020-09-02T06:55:42.977417945,19.434729,-78.85043
2020-09-02T06:55:42.979325294,19.4326,-78.85309
2020-09-02T06:55:43.027391433,19.430635,-78.847694
2020-09-02T06:55:43.029298782,19.413681,-78.84347
2020-09-02T06:55:43.033113479,19.414886,-78.84781
2020-09-02T06:55:43.035020828,19.433157,-78.84936
2020-09-02T06:55:43.072786331,19.417046,-78.84761
2020-09-02T06:55:43.075075149,19.401463,-78.83992
2020-09-02T06:55:43.114748954,19.42121,-78.84983
2020-09-02T06:55:43.138401031,19.452282,-78.82785
2020-09-02T06:55:44.941636085,19.497093,-78.82896
2020-09-02T06:55:44.999238967,19.496517,-78.82892
2020-09-02T06:55:45.001527786,19.481146,-78.83482
2020-09-02T06:55:45.005342483,19.497025,-78.82896
2020-09-02T06:55:45.035097122,19.49696,-78.828865
2020-09-02T06:55:45.041200637,19.499672,-78.82896
2020-09-02T06:55:45.059130668,19.497997,-78.82894
2020-09-02T06:55:45.078967094,19.49733,-78.82882
2020-09-02T06:55:45.142673492,19.496077,-78.828835
2020-09-02T06:55:45.166324615,19.481241,-78.833725
2020-09-02T06:55:45.172428131,19.48958,-78.82862
2020-09-02T06:55:45.202183723,19.496252,-78.828735
2020-09-02T06:55:45.223927497,19.491734,-78.82868
2020-09-02T06:55:45.257879257,19.494461,-78.82878
2020-09-02T06:55:45.365073204,19.531984,-78.83003
2020-09-02T06:55:45.371177673,19.488367,-78.83496
2020-09-02T06:55:45.373085021,19.53197,-78.829994
2020-09-02T06:55:45.374992370,19.496395,-78.82892
2020-09-02T06:55:45.377281188,19.499472,-78.828995
2020-09-02T06:55:45.379188537,19.505438,-78.82915
2020-09-02T06:55:45.381095886,19.531893,-78.82992
2020-09-02T06:55:45.422676086,19.488033,-78.841805
2020-09-02T06:55:46.536203384,19.452103,-78.90485
2020-09-02T06:55:46.587702751,19.473444,-78.89362
2020-09-02T06:55:46.623561859,19.452032,-78.90484
2020-09-02T06:55:47.426949501,18.282072,-82.95935
2020-09-02T06:55:47.450600624,18.317987,-82.976425
2020-09-02T06:55:47.452507972,18.31021,-82.978615
2020-09-02T06:55:47.514307022,18.28208,-82.95943
2020-09-02T06:55:47.516214370,18.316086,-82.981
2020-09-02T06:55:47.518121719,18.31608,-82.98229
2020-09-02T06:55:47.560084342,18.3166,-82.98004
2020-09-02T06:55:47.593654632,18.312372,-82.96105
2020-09-02T06:55:47.629512786,18.310532,-82.960945
2020-09-02T06:55:47.631420135,18.281988,-82.9593
2020-09-02T06:55:47.647441864,18.308378,-82.97775
2020-09-02T06:55:47.697033882,18.317438,-82.96138
2020-09-02T06:55:47.699322700,18.308226,-82.97349
2020-09-02T06:55:47.701230049,18.317585,-82.98542
2020-09-02T06:55:47.703137397,18.307653,-82.97868
2020-09-02T06:55:47.745100021,18.28201,-82.959404
2020-09-02T06:55:47.747007369,18.307697,-82.97286
2020-09-02T06:55:47.748914718,18.305979,-82.97313
2020-09-02T06:55:47.824446678,18.31397,-82.97962
2020-09-02T06:55:47.826354026,18.31557,-82.98489
2020-09-02T06:55:47.828261375,18.315956,-82.96129
2020-09-02T06:55:47.832457542,18.316551,-82.984085
2020-09-02T06:55:47.834364891,18.308044,-82.97779
2020-09-02T06:55:47.842376708,18.281958,-82.9593
2020-09-02T06:55:47.846191406,18.304295,-82.960594
2020-09-02T06:55:47.848098754,18.30946,-82.9609
2020-09-02T06:55:47.870223999,18.309525,-82.960915
2020-09-02T06:55:47.882049560,18.307178,-82.96079
2020-09-02T06:55:47.883956909,18.303991,-82.953735
2020-09-02T06:55:47.885864257,18.311022,-82.97295
2020-09-02T06:55:47.906083106,18.282099,-82.95931
2020-09-02T06:55:47.907990455,18.308851,-82.95696
2020-09-02T06:55:48.005266189,18.307281,-82.96085
2020-09-02T06:55:48.007173538,18.311636,-82.9607
2020-09-02T06:55:48.041125297,18.305302,-82.95386
2020-09-02T06:55:48.043032646,18.305939,-82.96566
2020-09-02T06:55:48.067065238,18.28204,-82.95937
2020-09-02T06:55:48.156331062,18.28203,-82.959366
2020-09-02T06:55:48.158238410,18.309551,-82.960945
2020-09-02T06:55:48.200200080,18.311499,-82.961174
2020-09-02T06:55:48.202107429,18.311241,-82.96114
2020-09-02T06:55:48.001451492,19.559116,-78.43741
2020-09-02T06:55:48.065157890,19.530672,-78.44285
2020-09-02T06:55:48.096820831,19.566769,-78.44782
2020-09-02T06:55:48.098728179,19.542679,-78.45819
2020-09-02T06:55:48.223852157,19.566496,-78.42802
2020-09-02T06:55:48.226140975,19.499123,-78.452324
2020-09-02T06:55:48.228048324,19.526793,-78.44361
2020-09-02T06:55:48.323416709,19.530819,-78.52024
2020-09-02T06:55:48.325324058,19.530807,-78.520256
2020-09-02T06:55:48.327612876,19.511667,-78.47891
2020-09-02T06:55:48.329520225,19.530787,-78.52028
2020-09-02T06:55:48.331427574,19.530775,-78.520294
2020-09-02T06:55:48.333334922,19.51324,-78.50161
2020-09-02T06:55:48.335242271,19.530752,-78.520294
2020-09-02T06:55:48.347450256,19.530733,-78.52033
2020-09-02T06:55:48.367286682,19.53054,-78.40265
2020-09-02T06:55:48.428704261,19.50014,-78.49925
2020-09-02T06:55:48.464563369,19.450966,-78.5181
2020-09-02T06:55:48.466470718,19.491758,-78.508255
2020-09-02T06:55:48.402764320,18.674803,-82.59304
2020-09-02T06:55:48.405053138,18.674833,-82.59305
2020-09-02T06:55:48.406960487,18.674862,-82.59305
2020-09-02T06:55:48.408867835,18.67489,-82.593056
2020-09-02T06:55:48.412682533,18.67491,-82.59304
2020-09-02T06:55:48.440529823,18.674797,-82.59292
2020-09-02T06:55:48.448540687,18.67485,-82.59299
2020-09-02T06:55:48.450829505,18.674864,-82.593
2020-09-02T06:55:48.464563369,18.674866,-82.59303
2020-09-02T06:55:48.498514175,18.674982,-82.606895
2020-09-02T06:55:48.500421524,18.685518,-82.60798
2020-09-02T06:55:48.502328872,18.674957,-82.606285
2020-09-02T06:55:48.574046134,18.692133,-82.56943
2020-09-02T06:55:48.577860832,18.69038,-82.57914
2020-09-02T06:55:48.579768180,18.689226,-82.576614
2020-09-02T06:55:48.581675529,18.6748,-82.593025
2020-09-02T06:55:48.583965301,18.690804,-82.57501
2020-09-02T06:55:48.585872650,18.683687,-82.57618
2020-09-02T06:55:48.591976165,18.674822,-82.592995
2020-09-02T06:55:48.641567230,18.674627,-82.5758
2020-09-02T06:55:48.643474578,18.674583,-82.5684
2020-09-02T06:55:48.659497261,18.674797,-82.59305
2020-09-02T06:55:48.661404609,18.674631,-82.56995
2020-09-02T06:55:48.697262763,18.691727,-82.568855
2020-09-02T06:55:48.733121871,18.696619,-82.58826
2020-09-02T06:55:48.735029220,18.67459,-82.57098
2020-09-02T06:55:48.736936569,18.674782,-82.59302
2020-09-02T06:55:48.738843917,18.674816,-82.593025
2020-09-02T06:55:48.754865646,18.695143,-82.59162
2020-09-02T06:55:48.756772994,18.69483,-82.599205
2020-09-02T06:55:48.758680343,18.693369,-82.58497
2020-09-02T06:55:48.760969161,18.674757,-82.59303
2020-09-02T06:55:48.772795677,18.674988,-82.62176
2020-09-02T06:55:48.774703025,18.69376,-82.60637
2020-09-02T06:55:48.776610374,18.67497,-82.617935
2020-09-02T06:55:48.778517723,18.674797,-82.59304
2020-09-02T06:55:48.850234985,18.674618,-82.57046
2020-09-02T06:55:48.633556365,19.497406,-78.83348
2020-09-02T06:55:48.635463714,19.531414,-78.82996
2020-09-02T06:55:48.752958297,19.531435,-78.82987
2020-09-02T06:55:48.754865646,19.531416,-78.829895
2020-09-02T06:55:48.879989624,19.525272,-78.829796
2020-09-02T06:55:48.882278442,19.519104,-78.82961
2020-09-02T06:55:48.884185791,19.531338,-78.82997
2020-09-02T06:55:48.965440750,19.525024,-78.82903
2020-09-02T06:55:48.973451614,19.521166,-78.829636
2020-09-02T06:55:48.983369827,19.531504,-78.82999
2020-09-02T06:55:48.985277175,19.531506,-78.82999
2020-09-02T06:55:49.005495071,19.531513,-78.83002
2020-09-02T06:55:49.035250663,19.53137,-78.829956
2020-09-02T06:55:50.780882835,19.491806,-78.46072
2020-09-02T06:55:50.828567504,19.494785,-78.48887
2020-09-02T06:55:50.834289550,19.498598,-78.48727
2020-09-02T06:55:50.838485717,19.512726,-78.49544
2020-09-02T06:55:50.850311279,19.485394,-78.49697
2020-09-02T06:55:50.858322143,19.45074,-78.51787
2020-09-02T06:55:50.937669754,19.483606,-78.47021
2020-09-02T06:55:50.939577102,19.488466,-78.468056
2020-09-02T06:55:50.941865921,19.49483,-78.441734
2020-09-02T06:55:51.041049957,19.477825,-78.48964
2020-09-02T06:55:51.042957305,19.478464,-78.471756
2020-09-02T06:55:51.055164337,19.530388,-78.44275
2020-09-02T06:55:51.057071685,19.504478,-78.48962
2020-09-02T06:55:51.058979034,19.450697,-78.47779
2020-09-02T06:55:51.091022491,19.489485,-78.48094
2020-09-02T06:55:52.792785644,19.470522,-78.84214
2020-09-02T06:55:52.794692993,19.470669,-78.84286
2020-09-02T06:55:52.808425903,19.45132,-78.82742
2020-09-02T06:55:52.903795242,19.470741,-78.84212
2020-09-02T06:55:52.959489822,19.468359,-78.840965
2020-09-02T06:55:52.961778640,19.4734,-78.846
2020-09-02T06:55:53.001451492,19.479347,-78.828316
2020-09-02T06:55:53.003358840,19.451351,-78.8275
2020-09-02T06:55:53.005266189,19.451353,-78.82752
2020-09-02T06:55:53.025104522,19.46942,-78.84673
2020-09-02T06:55:53.094913482,19.475658,-78.82823
2020-09-02T06:55:53.096820831,19.472675,-78.84515
2020-09-02T06:55:53.136495590,19.451336,-78.827515
2020-09-02T06:55:55.408945083,19.494848,-78.82937
2020-09-02T06:55:55.450525283,19.4883,-78.82912
2020-09-02T06:55:55.478372573,19.48789,-78.82914
2020-09-02T06:55:55.492488861,19.490574,-78.82922
2020-09-02T06:55:55.551998138,19.486347,-78.829124
2020-09-02T06:55:55.558101654,19.451334,-78.82806
2020-09-02T06:55:55.574123382,19.490051,-78.82921
2020-09-02T06:55:55.609601974,19.451393,-78.828094
2020-09-02T06:55:55.625623703,19.490973,-78.82917
2020-09-02T06:55:55.643552780,19.486662,-78.829124
2020-09-02T06:55:55.685132980,19.482195,-78.83929
2020-09-02T06:55:55.701154708,19.488787,-78.82923
2020-09-02T06:55:55.725187301,19.486439,-78.8291
2020-09-02T06:55:55.745025634,19.45132,-78.828094
2020-09-02T06:55:55.760665893,19.480604,-78.82892
2020-09-02T06:55:55.764862060,19.45135,-78.828064
2020-09-02T06:55:55.766769409,19.491518,-78.82926
2020-09-02T06:55:55.768676757,19.48714,-78.82915
2020-09-02T06:55:55.810638427,19.480366,-78.84
2020-09-02T06:55:55.840393066,19.488937,-78.82927
2020-09-02T06:55:55.876253128,19.487274,-78.82928
2020-09-02T06:55:55.886171340,19.495274,-78.82949
2020-09-02T06:55:55.888078689,19.489958,-78.829315
2020-09-02T06:55:55.889986038,19.485191,-78.83814
2020-09-02T06:55:55.896089553,19.451359,-78.82818
2020-09-02T06:55:55.915925979,19.48745,-78.82931
2020-09-02T06:55:55.957506179,19.490885,-78.82944
2020-09-02T06:55:55.985355377,19.492113,-78.82942
2020-09-02T06:55:55.989551544,19.502136,-78.8297
2020-09-02T06:55:55.993366241,19.489086,-78.8293
2020-09-02T06:55:56.076908111,19.493792,-78.82951
2020-09-02T06:55:56.078815460,19.5311,-78.830635
2020-09-02T06:55:56.080722808,19.475182,-78.83191
2020-09-02T06:55:56.094837188,19.47761,-78.83662
2020-09-02T06:55:56.110860824,19.531088,-78.830696
2020-09-02T06:55:56.112768173,19.491383,-78.83211
2020-09-02T06:55:56.114675521,19.488634,-78.83211
2020-09-02T06:55:56.116582870,19.502426,-78.82982
2020-09-02T06:55:56.118871688,19.503664,-78.82963
2020-09-02T06:55:56.120779037,19.490479,-78.82238
2020-09-02T06:55:56.122686386,19.497053,-78.82148
2020-09-02T06:55:56.124593734,19.491762,-78.82117
2020-09-02T06:55:56.138708114,19.499489,-78.81159
2020-09-02T06:55:56.140615463,19.492132,-78.81654
2020-09-02T06:55:56.142522811,19.485952,-78.82067
2020-09-02T06:55:56.234077453,19.489594,-78.82639
2020-09-02T06:55:56.235984802,19.490828,-78.80358
2020-09-02T06:55:56.373315811,19.483809,-78.83021
2020-09-02T06:55:56.375223159,19.48639,-78.81496
2020-09-02T06:55:57.196157455,19.451385,-78.8654
2020-09-02T06:55:57.198064804,19.44479,-78.87264
2020-09-02T06:55:57.200353622,19.444912,-78.86555
2020-09-02T06:55:57.202260971,19.451382,-78.868454
2020-09-02T06:55:57.224006652,19.451372,-78.864975
2020-09-02T06:55:57.230110168,19.451357,-78.874306
2020-09-02T06:55:57.291526794,19.451414,-78.905716
2020-09-02T06:55:57.319374084,19.451328,-78.86216
2020-09-02T06:55:57.384988784,19.451338,-78.863304
2020-09-02T06:55:57.386896133,19.438213,-78.87179
2020-09-02T06:55:57.444879531,19.451357,-78.86391
2020-09-02T06:55:57.514308929,19.451328,-78.85911
2020-09-02T06:55:57.540248870,19.451368,-78.86976
2020-09-02T06:55:58.007175445,19.451443,-78.90558
2020-09-02T06:55:58.009464263,19.47548,-78.906296
2020-09-02T06:55:58.021289825,19.45134,-78.90557
2020-09-02T06:55:58.023197174,19.48172,-78.9065
2020-09-02T06:55:58.025104522,19.47974,-78.906456
2020-09-02T06:55:58.035022735,19.451483,-78.9056
2020-09-02T06:55:58.078891754,19.488213,-78.90664
2020-09-02T06:55:58.251701354,19.487625,-78.906654
2020-09-02T06:55:58.253990173,19.505228,-78.88665
2020-09-02T06:55:59.856184483,19.530115,-78.39873
2020-09-02T06:55:59.864195347,19.53008,-78.39649
2020-09-02T06:55:59.866102696,19.50749,-78.48196
2020-09-02T06:55:59.874114037,19.530085,-78.39615
2020-09-02T06:55:59.878310204,19.530031,-78.366066
2020-09-02T06:55:59.908065320,19.530107,-78.39104
2020-09-02T06:55:59.913787365,19.536448,-78.38633
2020-09-02T06:55:59.921798230,19.530027,-78.366035
2020-09-02T06:55:59.925994397,19.530266,-78.4796
2020-09-02T06:55:59.949645997,19.530182,-78.44343
2020-09-02T06:55:59.961471558,19.512646,-78.48963
2020-09-02T06:55:59.977493763,19.514503,-78.486946
2020-09-02T06:55:59.979401112,19.490753,-78.478874
2020-09-02T06:55:59.981689930,19.530254,-78.443504
2020-09-02T06:55:59.983597279,19.53027,-78.443504
2020-09-02T06:55:59.985504628,19.530283,-78.443504
2020-09-02T06:56:00.005341529,19.501684,-78.442726
2020-09-02T06:56:00.096895694,19.486622,-78.480354
2020-09-02T06:56:00.126650810,19.485474,-78.46992
2020-09-02T06:56:00.130465507,19.502068,-78.46826
2020-09-02T06:56:00.132754325,19.496983,-78.46987
2020-09-02T06:56:00.140383720,19.530287,-78.36617
2020-09-02T06:56:00.142672538,19.530325,-78.39308
2020-09-02T06:56:00.180438518,19.530247,-78.3661
2020-09-02T06:56:00.188449859,19.489481,-78.46559
2020-09-02T06:56:00.198368072,19.530224,-78.3661
2020-09-02T06:56:00.200275421,19.53021,-78.36609
2020-09-02T06:56:00.202182769,19.530222,-78.3661
2020-09-02T06:56:00.204090118,19.522713,-78.380165
2020-09-02T06:56:00.243763446,19.520895,-78.37588
2020-09-02T06:56:00.246052742,19.530155,-78.384895
2020-09-02T06:56:00.247960090,19.4859,-78.46658
2020-09-02T06:56:00.261693000,19.530209,-78.36609
2020-09-02T06:56:00.263981819,19.5145,-78.38173
2020-09-02T06:56:00.265889167,19.530209,-78.3661
2020-09-02T06:56:00.293736934,19.53028,-78.38254
2020-09-02T06:56:00.333410263,19.51721,-78.37951
2020-09-02T06:56:00.345236301,19.516851,-78.37945
2020-09-02T06:56:00.407035350,19.511454,-78.36571
2020-09-02T06:56:00.440605163,19.530344,-78.38397
2020-09-02T06:56:01.319524765,18.5199,-83.05156
2020-09-02T06:56:01.387045860,18.50845,-83.10214
2020-09-02T06:56:01.432823181,18.502817,-83.111275
2020-09-02T06:56:01.434730529,18.519035,-83.09028
2020-09-02T06:56:01.436637878,18.520176,-83.086395
2020-09-02T06:56:01.546121597,19.481237,-78.84585
2020-09-02T06:56:01.669338226,19.480366,-78.85271
2020-09-02T06:56:01.695278167,19.478777,-78.85055
2020-09-02T06:56:01.754788398,19.451797,-78.82833
2020-09-02T06:56:01.790647029,19.451818,-78.82824
2020-09-02T06:56:02.025254726,18.48269,-83.08858
2020-09-02T06:56:02.035172939,18.492743,-83.06347
2020-09-02T06:56:05.420768737,19.400019,-78.79857
2020-09-02T06:56:05.426872253,19.489922,-78.83384
2020-09-02T06:56:05.466546058,19.532211,-78.83035
2020-09-02T06:56:05.468453407,19.503305,-78.829475
2020-09-02T06:56:05.484475135,19.452202,-78.750626
2020-09-02T06:56:05.532159805,19.53217,-78.8303
2020-09-02T06:56:05.534067153,19.53218,-78.830315
2020-09-02T06:56:05.556193351,19.480902,-78.82886
2020-09-02T06:56:05.558100700,19.476479,-78.8373
2020-09-02T06:56:05.560008049,19.471216,-78.83248
2020-09-02T06:56:05.561915397,19.452368,-78.82797
2020-09-02T06:56:05.581751823,19.452372,-78.82799
2020-09-02T06:56:05.584040641,19.466122,-78.833
2020-09-02T06:56:05.585947990,19.471628,-78.83052
2020-09-02T06:56:05.605784416,19.452333,-78.827995
2020-09-02T06:56:05.615703582,19.452362,-78.82797
2020-09-02T06:56:05.619518280,19.45237,-78.82796
2020-09-02T06:56:05.657283782,19.49352,-78.83521
2020-09-02T06:56:05.659572601,19.494785,-78.82918
2020-09-02T06:56:05.669490814,19.45239,-78.82785
2020-09-02T06:56:05.675213813,19.452421,-78.82794
2020-09-02T06:56:05.685132026,19.460817,-78.82827
2020-09-02T06:56:05.687420845,19.46515,-78.82955
2020-09-02T06:56:05.689328193,19.46174,-78.82986
2020-09-02T06:56:05.691235542,19.469307,-78.82888
2020-09-02T06:56:05.693142890,19.45849,-78.82587
2020-09-02T06:56:05.695431709,19.463148,-78.82746
2020-09-02T06:56:05.697339057,19.461084,-78.809364
2020-09-02T06:56:05.705349922,19.452463,-78.82802
2020-09-02T06:56:05.707257270,19.452457,-78.82802
2020-09-02T06:56:05.709164619,19.452452,-78.82801
2020-09-02T06:56:05.711071968,19.452414,-78.81513
2020-09-02T06:56:05.712979316,19.458796,-78.814316
2020-09-02T06:56:05.715268135,19.452417,-78.828026
2020-09-02T06:56:05.735104560,19.452328,-78.81516
2020-09-02T06:56:05.737012863,19.459812,-78.82183
2020-09-02T06:56:05.740827560,19.452343,-78.827965
2020-09-02T06:56:05.754941940,19.45228,-78.79701
2020-09-02T06:56:05.756849288,19.45228,-78.79496
2020-09-02T06:56:05.758756637,19.459705,-78.818054
2020-09-02T06:56:05.760663986,19.463598,-78.81726
2020-09-02T06:56:05.784696578,19.452244,-78.79206
2020-09-02T06:56:05.786603927,19.461441,-78.81329
2020-09-02T06:56:05.788511276,19.452238,-78.78087
2020-09-02T06:56:05.796522140,19.452253,-78.77271
2020-09-02T06:56:05.798429489,19.45723,-78.79425
2020-09-02T06:56:05.800719261,19.46341,-78.8084
2020-09-02T06:56:05.850310325,19.442755,-78.75773
2020-09-02T06:56:05.852217674,19.451,-78.781715
2020-09-02T06:56:05.854125022,19.459427,-78.80566
2020-09-02T06:56:05.862136840,19.434195,-78.75002
2020-09-02T06:56:05.864425659,19.441875,-78.76039
2020-09-02T06:56:05.878158569,19.429562,-78.74992
2020-09-02T06:56:05.897994995,19.452158,-78.75058
2020-09-02T06:56:05.912109375,19.49191,-78.829124
2020-09-02T06:56:05.965516090,19.494244,-78.82913
2020-09-02T06:56:05.987642288,19.49835,-78.82924
2020-09-02T06:56:06.007478713,19.452394,-78.8279
2020-09-02T06:56:06.009386062,19.460482,-78.82479
2020-09-02T06:56:06.049059867,19.452326,-78.8278
2020-09-02T06:56:06.073092460,19.452198,-78.7505
2020-09-02T06:56:06.094836235,19.45409,-78.7985
2020-09-02T06:56:06.096743583,19.452301,-78.79695
2020-09-02T06:56:06.098650932,19.439754,-78.773766
2020-09-02T06:56:06.116580963,19.427687,-78.757034
2020-09-02T06:56:06.118869781,19.452202,-78.75049
2020-09-02T06:56:06.120777130,19.432608,-78.7574
2020-09-02T06:56:06.122684478,19.443405,-78.77632
2020-09-02T06:56:06.124591827,19.436136,-78.77219
2020-09-02T06:56:06.126499176,19.444792,-78.796524
2020-09-02T06:56:06.128787994,19.43038,-78.764404
2020-09-02T06:56:06.130695343,19.442663,-78.79297
2020-09-02T06:56:06.132602691,19.452276,-78.79312
2020-09-02T06:56:06.134510040,19.38466,-78.6994
2020-09-02T06:56:06.136417388,19.403658,-78.72483
2020-09-02T06:56:06.138706207,19.452295,-78.79296
2020-09-02T06:56:06.140613555,19.401884,-78.734245
2020-09-02T06:56:06.142520904,19.432068,-78.77383
2020-09-02T06:56:06.144428253,19.390684,-78.72149
2020-09-02T06:56:06.146717071,19.402702,-78.72975
2020-09-02T06:56:06.178380012,19.452192,-78.750435
2020-09-02T06:56:06.202031135,19.452219,-78.75056
2020-09-02T06:56:06.269933700,19.461618,-78.82721
2020-09-02T06:56:06.271841049,19.44441,-78.79271
2020-09-02T06:56:06.273748397,19.422651,-78.75617
2020-09-02T06:56:06.281759262,19.372278,-78.708084
2020-09-02T06:56:06.283666610,19.407639,-78.73413
2020-09-02T06:56:06.285573959,19.38966,-78.70422
2020-09-02T06:56:06.291677474,19.4668,-78.85078
2020-09-02T06:56:06.293585777,19.452236,-78.7973
2020-09-02T06:56:06.299689292,19.4525,-78.90532
2020-09-02T06:56:06.301596641,19.452301,-78.82793
2020-09-02T06:56:06.315711021,19.372187,-78.67087
2020-09-02T06:56:06.317618370,19.38816,-78.70757
2020-09-02T06:56:06.321433067,19.372204,-78.670845
2020-09-02T06:56:06.335547447,19.392221,-78.67143
2020-09-02T06:56:06.337454795,19.372215,-78.67089
2020-09-02T06:56:06.387046813,19.452494,-78.90521
2020-09-02T06:56:07.703137397,19.487772,-78.48069
2020-09-02T06:56:07.727170944,19.49819,-78.479614
2020-09-02T06:56:07.748914718,19.480806,-78.48208
2020-09-02T06:56:07.776762008,19.451626,-78.481544
2020-09-02T06:56:07.778670310,19.468025,-78.48302
2020-09-02T06:56:07.808424949,19.465353,-78.4782
2020-09-02T06:56:07.838561058,19.498302,-78.47713
2020-09-02T06:56:07.883956909,19.467484,-78.4879
2020-09-02T06:56:07.886245727,19.451557,-78.47942
2020-09-02T06:56:07.888153076,19.47899,-78.48029
2020-09-02T06:56:07.893875122,19.451551,-78.478455
2020-09-02T06:56:07.896163940,19.451567,-78.47926
2020-09-02T06:56:07.917908668,19.455763,-78.4816
2020-09-02T06:56:07.919816017,19.48042,-78.478676
2020-09-02T06:56:07.924012184,19.455193,-78.474434
2020-09-02T06:56:07.925919532,19.462822,-78.48431
2020-09-02T06:56:07.927826881,19.451593,-78.472565
2020-09-02T06:56:07.929734230,19.457619,-78.47185
2020-09-02T06:56:07.931641578,19.467596,-78.47408
2020-09-02T06:56:07.941941261,19.451517,-78.440735
2020-09-02T06:56:07.943848609,19.45864,-78.46839
2020-09-02T06:56:07.945755958,19.468231,-78.47019
2020-09-02T06:56:07.951859474,19.451513,-78.45398
2020-09-02T06:56:07.953766822,19.45431,-78.468185
2020-09-02T06:56:07.955674171,19.460035,-78.46472
2020-09-02T06:56:07.995347976,19.451662,-78.51817
2020-09-02T06:56:08.059054374,19.47217,-78.49378
2020-09-02T06:56:08.060961723,19.460203,-78.48076
2020-09-02T06:56:08.062869071,19.451487,-78.44083
2020-09-02T06:56:08.116657257,19.48822,-78.47691
2020-09-02T06:56:08.124668121,19.468288,-78.485374
2020-09-02T06:56:08.126575469,19.451551,-78.485245
2020-09-02T06:56:08.136493682,19.465427,-78.49045
2020-09-02T06:56:08.140689849,19.472837,-78.472694
2020-09-02T06:56:08.146411895,19.451637,-78.51819
2020-09-02T06:56:08.148700714,19.48476,-78.481094
2020-09-02T06:56:08.156331062,19.473354,-78.4846
2020-09-02T06:56:08.158619880,19.464666,-78.4908
2020-09-02T06:56:08.176548957,19.457886,-78.49843
2020-09-02T06:56:08.194096565,19.465471,-78.492
2020-09-02T06:56:08.196385383,19.467112,-78.4898
2020-09-02T06:56:08.200200080,19.46567,-78.48342
2020-09-02T06:56:10.691236495,19.498098,-78.87605
2020-09-02T06:56:10.705350875,19.499027,-78.86647
2020-09-02T06:56:10.729001998,19.50399,-78.8622
2020-09-02T06:56:12.037082672,18.320263,-82.981895
2020-09-02T06:56:12.038990020,18.321493,-82.98725
2020-09-02T06:56:12.041278839,18.321583,-82.98495
2020-09-02T06:56:12.066837310,18.282963,-82.96003
2020-09-02T06:56:12.069126129,18.36198,-82.96455
2020-09-02T06:56:12.071033477,18.335295,-82.98466
2020-09-02T06:56:12.072940826,18.331923,-82.99441
2020-09-02T06:56:12.074848175,18.328482,-82.99328
2020-09-02T06:56:12.210271835,18.282976,-82.96007
2020-09-02T06:56:12.212179183,18.319054,-82.981346
2020-09-02T06:56:12.214086532,18.31171,-82.9759
2020-09-02T06:56:12.215993881,18.315063,-82.961876
2020-09-02T06:56:12.218282699,18.313864,-82.97177
2020-09-02T06:56:12.220190048,18.312397,-82.97152
2020-09-02T06:56:12.222097396,18.315105,-82.96185
2020-09-02T06:56:12.228200912,18.323797,-82.962364
2020-09-02T06:56:12.230108261,18.318203,-82.96205
2020-09-02T06:56:12.271690368,18.333643,-82.96289
2020-09-02T06:56:12.273597717,18.329824,-82.967415
2020-09-02T06:56:12.275886535,18.32814,-82.96573
2020-09-02T06:56:12.277793884,18.324417,-82.96237
2020-09-02T06:56:12.361335754,18.327723,-82.993416
2020-09-02T06:56:12.367057800,18.330748,-82.99267
2020-09-02T06:56:12.369346618,18.337006,-82.98476
2020-09-02T06:56:12.376976013,18.336174,-82.98437
2020-09-02T06:56:12.401010513,18.32892,-82.96855
2020-09-02T06:56:12.407114028,18.329012,-82.96262
2020-09-02T06:56:12.484552383,18.362524,-83.00596
2020-09-02T06:56:12.498285293,18.339035,-82.98909
2020-09-02T06:56:12.512399673,18.336344,-82.98699
2020-09-02T06:56:12.534145355,18.36254,-83.00011
2020-09-02T06:56:12.560085296,18.327103,-82.99396
2020-09-02T06:56:12.587932586,18.330914,-82.99559
2020-09-02T06:56:13.019382476,19.452768,-78.82822
2020-09-02T06:56:13.039218902,19.452835,-78.82824
2020-09-02T06:56:13.059055328,19.452803,-78.82826
2020-09-02T06:56:13.086902618,19.452929,-78.82823
2020-09-02T06:56:13.110935211,19.452866,-78.8282
2020-09-02T06:56:13.112842559,19.452847,-78.828186
2020-09-02T06:56:13.114749908,19.474293,-78.82881
2020-09-02T06:56:13.116657257,19.472792,-78.82876
2020-09-02T06:56:13.164342880,19.472595,-78.82871
2020-09-02T06:56:13.166250228,19.452824,-78.82814
2020-09-02T06:56:13.186468124,19.452843,-78.82821
2020-09-02T06:56:13.188375473,19.467676,-78.83361
2020-09-02T06:56:13.194097518,19.452835,-78.82824
2020-09-02T06:56:13.263908386,19.466854,-78.83433
2020-09-02T06:56:13.265815734,19.452837,-78.82813
2020-09-02T06:56:13.283744812,19.46877,-78.83747
2020-09-02T06:56:13.317695617,19.45285,-78.82803
2020-09-02T06:56:13.321510314,19.452835,-78.82806
2020-09-02T06:56:14.951555252,18.285713,-83.27069
2020-09-02T06:56:14.880220413,19.4532,-78.827866
2020-09-02T06:56:14.888231277,19.507286,-78.829506
2020-09-02T06:56:14.890138626,19.496998,-78.828804
2020-09-02T06:56:14.931718826,19.508682,-78.82948
2020-09-02T06:56:14.933626174,19.502064,-78.82929
2020-09-02T06:56:14.949647903,19.506346,-78.82947
2020-09-02T06:56:14.967576980,19.505213,-78.82937
2020-09-02T06:56:14.973680496,19.510578,-78.82954
2020-09-02T06:56:15.049213409,19.509111,-78.8295
2020-09-02T06:56:15.053028106,19.504536,-78.82937
2020-09-02T06:56:15.061038970,19.53292,-78.830215
2020-09-02T06:56:15.062946319,19.506407,-78.82943
2020-09-02T06:56:15.160604476,19.532938,-78.83032
2020-09-02T06:56:15.162511825,19.51702,-78.82985
2020-09-02T06:56:15.164419174,19.520002,-78.82174
2020-09-02T06:56:15.166326522,19.52052,-78.81974
2020-09-02T06:56:15.168233871,19.532972,-78.83031
2020-09-02T06:56:15.279624938,19.512135,-78.824776
2020-09-02T06:56:15.281913757,19.508005,-78.829414
2020-09-02T06:56:15.339515686,19.509739,-78.82407
2020-09-02T06:56:15.204092025,19.532125,-78.46168
2020-09-02T06:56:15.205999374,19.51259,-78.46645
2020-09-02T06:56:15.208288192,19.51092,-78.47112
2020-09-02T06:56:15.287635803,19.497766,-78.44993
2020-09-02T06:56:15.289543151,19.49716,-78.458786
2020-09-02T06:56:15.305564880,19.574062,-78.38877
2020-09-02T06:56:15.317390441,19.494852,-78.45909
2020-09-02T06:56:15.319679260,19.452276,-78.44094
2020-09-02T06:56:15.321586608,19.532074,-78.44307
2020-09-02T06:56:15.349433898,19.573,-78.38462
2020-09-02T06:56:15.432977676,19.570698,-78.41125
2020-09-02T06:56:15.474557876,19.492472,-78.46165
2020-09-02T06:56:15.476465225,19.476994,-78.46403
2020-09-02T06:56:15.484477996,19.571257,-78.37901
2020-09-02T06:56:15.486385345,19.549139,-78.40129
2020-09-02T06:56:15.504314422,19.50231,-78.46195
2020-09-02T06:56:15.506221771,19.484512,-78.46654
2020-09-02T06:56:15.526439666,19.487968,-78.45969
2020-09-02T06:56:15.540172576,19.532072,-78.418015
2020-09-02T06:56:15.623716354,19.532,-78.36574
2020-09-02T06:56:15.631727218,19.532011,-78.36569
2020-09-02T06:56:15.633634567,19.5791,-78.40007
2020-09-02T06:56:15.635541915,19.56198,-78.39916
2020-09-02T06:56:15.639738082,19.532059,-78.365746
2020-09-02T06:56:15.720991134,19.560675,-78.40572
2020-09-02T06:56:15.722898483,19.53209,-78.39296
2020-09-02T06:56:15.840393066,19.577862,-78.381035
2020-09-02T06:56:15.842300415,19.549313,-78.3944
2020-09-02T06:56:15.844207763,19.564533,-78.3797
2020-09-02T06:56:15.906007766,19.531942,-78.36575
2020-09-02T06:56:15.953691482,19.532011,-78.36577
2020-09-02T06:56:15.985355377,19.58146,-78.37633
2020-09-02T06:56:15.987644195,19.517704,-78.37907
2020-09-02T06:56:16.086826324,19.531994,-78.36565
2020-09-02T06:56:16.172277450,19.492037,-78.38465
2020-09-02T06:56:16.174566268,19.514717,-78.37351
2020-09-02T06:56:16.176473617,19.532005,-78.3656
2020-09-02T06:56:16.327537536,19.570898,-78.366615
2020-09-02T06:56:16.329444885,19.372555,-78.39753
2020-09-02T06:56:16.331352233,19.485434,-78.38103
2020-09-02T06:56:16.333259582,19.532032,-78.36557
2020-09-02T06:56:17.955675125,19.486486,-78.85715
2020-09-02T06:56:18.027393341,19.48905,-78.85869
2020-09-02T06:56:18.029300689,19.474567,-78.85722
2020-09-02T06:56:18.045322418,19.494768,-78.85892
2020-09-02T06:56:18.084997177,19.495113,-78.86507
2020-09-02T06:56:18.086904525,19.489176,-78.86477
2020-09-02T06:56:18.093008041,19.453339,-78.82727
2020-09-02T06:56:18.140691757,19.48848,-78.86971
2020-09-02T06:56:18.190282821,19.49046,-78.86994
2020-09-02T06:56:18.216224670,19.495655,-78.86642
2020-09-02T06:56:20.969711780,19.50575,-78.86329
2020-09-02T06:56:21.001374244,19.532795,-78.829414
2020-09-02T06:56:21.065080642,19.532896,-78.853874
2020-09-02T06:56:21.092928409,19.53277,-78.82945
2020-09-02T06:56:21.116580009,19.532871,-78.829445
2020-09-02T06:56:21.118868827,19.532894,-78.829445
2020-09-02T06:56:21.154345989,19.532772,-78.8295
2020-09-02T06:56:21.156634807,19.532816,-78.8434
2020-09-02T06:56:21.182193756,19.502546,-78.857925
2020-09-02T06:56:21.198215484,19.523825,-78.837395
2020-09-02T06:56:21.200122833,19.51633,-78.84505
2020-09-02T06:56:21.291676998,19.522078,-78.84536
2020-09-02T06:56:21.293584346,19.513617,-78.848045
2020-09-02T06:56:21.361105918,19.513609,-78.848045
2020-09-02T06:56:21.404975414,19.511312,-78.84529
2020-09-02T06:56:21.406882762,19.48583,-78.8664
2020-09-02T06:56:22.820631504,18.72104,-82.590126
2020-09-02T06:56:22.862212181,18.715097,-82.57785
2020-09-02T06:56:22.864119529,18.704016,-82.58758
2020-09-02T06:56:22.901885509,18.675707,-82.593124
2020-09-02T06:56:22.903792858,18.711546,-82.57678
2020-09-02T06:56:22.906082153,18.675734,-82.59316
2020-09-02T06:56:22.957581043,18.676,-82.62609
2020-09-02T06:56:23.007172584,18.691195,-82.58624
2020-09-02T06:56:23.009461402,18.688646,-82.593864
2020-09-02T06:56:23.011368751,18.688963,-82.58778
2020-09-02T06:56:23.013276100,18.675745,-82.59316
2020-09-02T06:56:23.015184402,18.67575,-82.59317
2020-09-02T06:56:23.017473220,18.675755,-82.59317
2020-09-02T06:56:23.021287918,18.675764,-82.59318
2020-09-02T06:56:23.023195266,18.697186,-82.58438
2020-09-02T06:56:23.025102615,18.67578,-82.593155
2020-09-02T06:56:23.033113479,18.675793,-82.59313
2020-09-02T06:56:23.035020828,18.694792,-82.58939
2020-09-02T06:56:23.037309646,18.692083,-82.58257
2020-09-02T06:56:23.039216995,18.675774,-82.59315
2020-09-02T06:56:23.041124343,18.675768,-82.593155
2020-09-02T06:56:23.043031692,18.675766,-82.59315
2020-09-02T06:56:23.044939041,18.675764,-82.59315
2020-09-02T06:56:23.049135208,18.67576,-82.59315
2020-09-02T06:56:23.065156936,18.675745,-82.593155
2020-09-02T06:56:23.067064285,18.675747,-82.59315
2020-09-02T06:56:23.068971633,18.67575,-82.59314
2020-09-02T06:56:23.082705497,18.675749,-82.593155
2020-09-02T06:56:23.084994316,18.675894,-82.602066
2020-09-02T06:56:23.086901664,18.67511,-82.60057
2020-09-02T06:56:23.088809013,18.67595,-82.61444
2020-09-02T06:56:23.228047370,18.689459,-82.59557
2020-09-02T06:56:23.229954719,18.686546,-82.58806
2020-09-02T06:56:23.231862068,18.686655,-82.585526
2020-09-02T06:56:23.236058235,18.703085,-82.56432
2020-09-02T06:56:23.237965583,18.657795,-82.59891
2020-09-02T06:56:23.313497543,18.675705,-82.59334
2020-09-02T06:56:23.418785095,18.675701,-82.59332
2020-09-02T06:56:23.420692443,18.676537,-82.59448
2020-09-02T06:56:23.422981262,18.60656,-82.588936
2020-09-02T06:56:23.424888610,18.591625,-82.61514
2020-09-02T06:56:23.468758583,18.696941,-82.62886
2020-09-02T06:56:23.470665931,18.675917,-82.62386
2020-09-02T06:56:23.559930801,18.616114,-82.61293
2020-09-02T06:56:23.559930801,18.35794,-82.42067
2020-09-02T06:56:23.562219619,18.620989,-82.61436
2020-09-02T06:56:23.647670745,18.667513,-82.66344
2020-09-02T06:56:23.715191841,18.59754,-82.74444
2020-09-02T06:56:23.758680343,18.597427,-82.74449
2020-09-02T06:56:23.782712936,18.59763,-82.74453
2020-09-02T06:56:23.661403656,19.531633,-78.520584
2020-09-02T06:56:23.691158294,19.492983,-78.50481
2020-09-02T06:56:23.695355415,19.500015,-78.501144
2020-09-02T06:56:23.697262763,19.499048,-78.50616
2020-09-02T06:56:23.703366279,19.451817,-78.48978
2020-09-02T06:56:23.705273628,19.483,-78.495804
2020-09-02T06:56:23.713284492,19.45179,-78.51835
2020-09-02T06:56:23.715191841,19.47231,-78.4981
2020-09-02T06:56:23.725110054,19.451777,-78.51836
2020-09-02T06:56:23.794538497,19.53154,-78.5206
2020-09-02T06:56:23.800642013,19.506893,-78.506905
2020-09-02T06:56:23.806745529,19.451744,-78.518456
2020-09-02T06:56:23.814374923,19.45174,-78.518456
2020-09-02T06:56:23.826582908,19.451767,-78.51843
2020-09-02T06:56:23.830397605,19.451761,-78.51843
2020-09-02T06:56:23.864348411,19.451696,-78.48184
2020-09-02T06:56:23.967728614,19.451794,-78.51848
2020-09-02T06:56:23.969635963,19.470499,-78.503845
2020-09-02T06:56:24.025331497,19.475874,-78.495544
2020-09-02T06:56:24.134815216,19.489197,-78.4959
2020-09-02T06:56:24.144733428,19.500525,-78.50537
2020-09-02T06:56:24.156558990,19.45172,-78.518486
2020-09-02T06:56:24.158466339,19.493643,-78.49304
2020-09-02T06:56:24.160373687,19.478539,-78.492424
2020-09-02T06:56:24.178302764,19.482727,-78.48564
2020-09-02T06:56:24.180210113,19.493227,-78.47742
2020-09-02T06:56:24.182498931,19.480162,-78.48221
2020-09-02T06:56:24.184406280,19.49363,-78.48428
2020-09-02T06:56:24.220265388,19.482872,-78.475945
2020-09-02T06:56:24.222172737,19.476337,-78.484314
2020-09-02T06:56:24.212254524,19.45244,-78.82798
2020-09-02T06:56:24.214161872,19.452475,-78.83974
2020-09-02T06:56:24.216069221,19.45245,-78.827965
2020-09-02T06:56:24.224080085,19.451672,-78.48033
2020-09-02T06:56:24.227894783,19.452467,-78.845604
2020-09-02T06:56:24.269857406,19.452393,-78.82796
2020-09-02T06:56:24.293508529,19.452425,-78.82793
2020-09-02T06:56:24.295797348,19.452396,-78.827934
2020-09-02T06:56:24.311437606,19.47311,-78.48739
2020-09-02T06:56:24.313727378,19.4516,-78.47318
2020-09-02T06:56:24.341574668,19.452412,-78.840965
2020-09-02T06:56:24.343482017,19.452394,-78.827934
2020-09-02T06:56:24.361411094,19.452436,-78.827995
2020-09-02T06:56:24.394981384,19.4524,-78.83924
2020-09-02T06:56:24.401084899,19.452353,-78.82797
2020-09-02T06:56:24.462502479,19.45237,-78.82804
2020-09-02T06:56:24.464791297,19.449286,-78.84151
2020-09-02T06:56:24.466698646,19.45244,-78.84222
2020-09-02T06:56:24.468605995,19.452421,-78.828026
2020-09-02T06:56:24.470513343,19.452438,-78.82802
2020-09-02T06:56:24.480431556,19.452297,-78.82794
2020-09-02T06:56:24.518198013,19.452396,-78.828026
2020-09-02T06:56:24.524301528,19.4524,-78.82801
2020-09-02T06:56:24.349204063,19.511961,-82.364105
2020-09-02T06:56:24.351111412,19.497753,-82.363045
2020-09-02T06:56:24.353018760,19.50939,-82.365234
2020-09-02T06:56:24.361029624,19.508097,-82.362465
2020-09-02T06:56:24.362936973,19.50606,-82.362946
2020-09-02T06:56:24.365225791,19.508873,-82.36151
2020-09-02T06:56:24.367133140,19.510216,-82.36154
2020-09-02T06:56:24.370947837,19.494116,-82.36144
2020-09-02T06:56:24.373236656,19.504456,-82.35905
2020-09-02T06:56:24.378959655,19.549204,-82.330376
2020-09-02T06:56:24.388877868,19.49945,-82.3566
2020-09-02T06:56:24.394981384,19.46925,-82.325966
2020-09-02T06:56:24.396888732,19.500587,-82.35593
2020-09-02T06:56:24.416725158,19.491444,-82.34773
2020-09-02T06:56:24.422828674,19.469217,-82.325905
2020-09-02T06:56:24.436561584,19.469255,-82.32591
2020-09-02T06:56:24.438469886,19.500158,-82.35119
2020-09-02T06:56:24.552148818,19.499052,-82.36506
2020-09-02T06:56:24.559778213,19.495146,-82.36797
2020-09-02T06:56:24.563975334,19.486187,-82.35815
2020-09-02T06:56:25.196080207,19.531199,-78.36589
2020-09-02T06:56:25.208287239,19.531212,-78.36596
2020-09-02T06:56:25.220112800,19.531183,-78.36603
2020-09-02T06:56:25.230031013,19.53116,-78.36588
2020-09-02T06:56:25.231938362,19.531172,-78.37524
2020-09-02T06:56:25.239949226,19.531124,-78.365906
2020-09-02T06:56:25.241857528,19.531136,-78.365906
2020-09-02T06:56:25.273900985,19.53111,-78.36584
2020-09-02T06:56:25.279623031,19.53107,-78.36578
2020-09-02T06:56:25.281911849,19.531063,-78.365776
2020-09-02T06:56:25.289541244,19.531057,-78.365776
2020-09-02T06:56:25.291830062,19.531063,-78.365776
2020-09-02T06:56:25.297552108,19.515844,-78.353584
2020-09-02T06:56:26.186390876,19.532007,-78.830345
2020-09-02T06:56:26.263830184,19.505505,-78.8295
2020-09-02T06:56:26.299689292,19.505037,-78.82954
2020-09-02T06:56:26.317618370,19.531979,-78.830284
2020-09-02T06:56:26.331351280,19.53194,-78.83027
2020-09-02T06:56:26.365303039,19.531965,-78.83029
2020-09-02T06:56:26.444649696,19.505535,-78.82949
2020-09-02T06:56:26.460671424,19.531921,-78.83025
2020-09-02T06:56:26.532388687,19.50551,-78.829506
2020-09-02T06:56:26.760892868,19.532015,-78.83033
2020-09-02T06:56:28.663311958,19.469408,-78.844185
2020-09-02T06:56:28.687344551,19.452297,-78.82759
2020-09-02T06:56:28.760969161,19.470137,-78.84283
2020-09-02T06:56:28.794539451,19.45227,-78.82762
2020-09-02T06:56:28.796828269,19.452265,-78.82763
2020-09-02T06:56:28.216222763,18.473906,-83.05432
2020-09-02T06:56:28.218130111,18.462017,-83.05635
2020-09-02T06:56:28.220037460,18.441273,-83.046455
2020-09-02T06:56:28.265813827,18.441124,-83.02293
2020-09-02T06:56:28.273825645,18.441303,-83.04648
2020-09-02T06:56:28.275732994,18.44132,-83.04649
2020-09-02T06:56:28.277640342,18.44134,-83.0465
2020-09-02T06:56:28.279547691,18.443373,-83.04438
2020-09-02T06:56:28.281836509,18.452394,-83.05567
2020-09-02T06:56:28.317313194,18.441296,-83.04642
2020-09-02T06:56:28.349357604,18.42533,-83.04515
2020-09-02T06:56:28.351264953,18.435722,-83.05458
2020-09-02T06:56:28.353172302,18.427105,-83.03476
2020-09-02T06:56:28.355461120,18.4413,-83.04645
2020-09-02T06:56:28.498514175,18.443235,-83.049965
2020-09-02T06:56:28.500421524,18.441332,-83.04637
2020-09-02T06:56:28.502328872,18.420732,-83.04518
2020-09-02T06:56:28.504236221,18.441296,-83.04638
2020-09-02T06:56:28.532084465,18.44126,-83.04639
2020-09-02T06:56:28.534373283,18.441555,-83.03017
2020-09-02T06:56:28.536280632,18.452816,-83.04408
2020-09-02T06:56:28.538187980,18.45539,-83.04898
2020-09-02T06:56:28.540095329,18.441263,-83.04638
2020-09-02T06:56:28.593883514,18.441004,-83.014336
2020-09-02T06:56:28.619823455,18.440968,-83.00583
2020-09-02T06:56:28.802550315,18.441017,-83.00827
2020-09-02T06:56:28.804457664,18.445436,-83.037025
2020-09-02T06:56:28.806746482,18.441038,-83.00563
2020-09-02T06:56:28.808653831,18.44109,-83.00972
2020-09-02T06:56:28.905930519,18.436691,-83.01669
2020-09-02T06:56:31.864273071,19.531937,-78.83009
2020-09-02T06:56:31.866180419,19.531939,-78.830086
2020-09-02T06:56:31.947816848,19.531958,-78.830055
2020-09-02T06:56:31.949724197,19.53196,-78.83005
2020-09-02T06:56:31.951631546,19.531956,-78.83003
2020-09-02T06:56:31.983675003,19.531992,-78.83008
2020-09-02T06:56:31.987489700,19.532003,-78.83012
2020-09-02T06:56:31.999315261,19.531979,-78.83004
2020-09-02T06:56:32.023349761,19.531992,-78.83009
2020-09-02T06:56:32.025257110,19.532011,-78.83009
2020-09-02T06:56:32.047000885,19.531956,-78.840385
2020-09-02T06:56:32.079044342,19.531906,-78.830025
2020-09-02T06:56:32.186239242,19.516253,-78.84505
2020-09-02T06:56:32.188146591,19.531916,-78.83005
2020-09-02T06:56:32.190435409,19.531904,-78.83004
2020-09-02T06:56:32.194250106,19.531912,-78.83007
2020-09-02T06:56:32.196157455,19.531918,-78.830086
2020-09-02T06:56:32.307548522,19.531977,-78.83009
2020-09-02T06:56:32.319374084,19.531893,-78.817825
2020-09-02T06:56:34.180212020,19.497608,-78.90681
2020-09-02T06:56:34.182500839,19.500175,-78.90689
2020-09-02T06:56:34.217977523,19.47576,-78.83738
2020-09-02T06:56:34.220266342,19.478277,-78.82888
2020-09-02T06:56:34.255744934,19.451906,-78.82803
2020-09-02T06:56:34.258033752,19.480772,-78.82888
2020-09-02T06:56:34.307624816,19.469557,-78.836586
2020-09-02T06:56:34.309532165,19.47798,-78.82891
2020-09-02T06:56:34.325553894,19.474596,-78.828705
2020-09-02T06:56:34.331275939,19.475918,-78.828735
2020-09-02T06:56:34.347297668,19.494524,-78.90672
2020-09-02T06:56:34.422830581,19.4743,-78.83808
2020-09-02T06:56:34.427026748,19.451832,-78.82794
2020-09-02T06:56:34.436944961,19.451797,-78.828
2020-09-02T06:56:34.588008880,18.319273,-82.96206
2020-09-02T06:56:34.637601852,18.314423,-82.96184
2020-09-02T06:56:34.639509201,18.28212,-82.96
2020-09-02T06:56:34.681470870,18.3132,-82.97359
2020-09-02T06:56:34.683378219,18.316212,-82.96188
2020-09-02T06:56:34.732969284,18.315704,-82.96187
2020-09-02T06:56:34.734876632,18.319525,-82.962074
2020-09-02T06:56:34.770736694,18.333275,-82.97433
2020-09-02T06:56:34.772644042,18.282145,-82.95993
2020-09-02T06:56:34.882127761,18.326244,-82.978004
2020-09-02T06:56:34.913789749,18.32235,-82.962364
2020-09-02T06:56:34.916078567,18.2822,-82.96006
2020-09-02T06:56:34.963762283,18.310226,-82.97658
2020-09-02T06:56:34.971773147,18.308283,-82.961494
2020-09-02T06:56:34.973680496,18.301739,-82.97914
2020-09-02T06:56:34.975587844,18.307545,-82.9837
2020-09-02T06:56:34.977495193,18.305794,-82.98393
2020-09-02T06:56:34.979402542,18.282188,-82.96004
2020-09-02T06:56:35.057224273,18.322933,-82.98019
2020-09-02T06:56:35.059131622,18.324732,-82.981514
2020-09-02T06:56:35.061038970,18.328424,-82.98046
2020-09-02T06:56:35.062946319,18.329317,-82.9798
2020-09-02T06:56:35.064853668,18.32489,-82.98403
2020-09-02T06:56:35.094989776,18.282288,-82.960014
2020-09-02T06:56:35.096897125,18.28248,-82.98796
2020-09-02T06:56:35.098804473,18.291601,-82.99043
2020-09-02T06:56:35.100711822,18.301676,-82.99068
2020-09-02T06:56:35.103000640,18.307922,-82.989395
2020-09-02T06:56:35.134664535,18.300915,-82.98845
2020-09-02T06:56:35.136571884,18.282444,-82.99062
2020-09-02T06:56:35.142675399,18.290926,-82.99836
2020-09-02T06:56:35.144582748,18.298664,-82.989586
2020-09-02T06:56:35.146490097,18.282494,-82.99048
2020-09-02T06:56:35.251777648,18.300213,-82.99456
2020-09-02T06:56:35.254066467,18.316393,-82.99071
2020-09-02T06:56:35.257881164,18.29724,-82.990486
2020-09-02T06:56:35.295646667,18.318678,-82.97684
2020-09-02T06:56:35.381097793,18.293795,-82.99442
2020-09-02T06:56:35.383005142,18.282187,-82.95997
2020-09-02T06:56:35.389108657,18.282465,-82.993515
2020-09-02T06:56:35.395212173,18.282185,-82.959915
2020-09-02T06:56:35.397119522,18.301027,-82.98876
2020-09-02T06:56:37.514308929,19.530865,-78.44323
2020-09-02T06:56:37.516216278,19.530865,-78.44323
2020-09-02T06:56:37.532238006,19.530787,-78.44323
2020-09-02T06:56:37.534145355,19.498466,-78.46701
2020-09-02T06:56:37.536052703,19.503971,-78.466705
2020-09-02T06:56:37.558177947,19.494806,-78.46463
2020-09-02T06:56:37.566188812,19.530796,-78.44326
2020-09-02T06:56:37.568096160,19.49453,-78.45082
2020-09-02T06:56:37.570003509,19.507202,-78.442635
2020-09-02T06:56:37.586025238,19.509731,-78.470604
2020-09-02T06:56:37.591749191,19.530817,-78.44329
2020-09-02T06:56:37.594038009,19.494122,-78.45906
2020-09-02T06:56:37.609678268,19.530916,-78.52066
2020-09-02T06:56:37.631803512,19.498516,-78.48434
2020-09-02T06:56:37.633710861,19.530895,-78.48098
2020-09-02T06:56:37.663465499,19.486576,-78.47905
2020-09-02T06:56:37.689405441,19.451094,-78.51846
2020-09-02T06:56:37.697416305,19.468475,-78.47856
2020-09-02T06:56:37.699323654,19.530834,-78.47534
2020-09-02T06:56:37.707334518,19.499147,-78.46111
2020-09-02T06:56:37.709241867,19.47821,-78.480865
2020-09-02T06:56:37.735183715,19.451086,-78.481384
2020-09-02T06:56:37.753112792,19.49586,-78.46131
2020-09-02T06:56:37.755020141,19.502436,-78.48347
2020-09-02T06:56:37.756927490,19.506176,-78.44267
2020-09-02T06:56:37.758834838,19.495697,-78.43127
2020-09-02T06:56:37.760742187,19.507626,-78.45375
2020-09-02T06:56:37.764938354,19.511421,-78.427765
2020-09-02T06:56:37.766845703,19.509989,-78.42682
2020-09-02T06:56:37.772949218,19.506943,-78.41303
2020-09-02T06:56:37.870225906,19.48977,-78.45692
2020-09-02T06:56:37.872133255,19.451187,-78.49214
2020-09-02T06:56:37.874040603,19.497757,-78.47462
2020-09-02T06:56:37.880144119,19.53085,-78.44334
2020-09-02T06:56:37.884340286,19.510094,-78.47226
2020-09-02T06:56:37.886247634,19.488737,-78.469795
2020-09-02T06:56:37.891969680,19.495829,-78.44237
2020-09-02T06:56:37.901887893,19.491629,-78.466774
2020-09-02T06:56:37.906084060,19.451181,-78.518524
2020-09-02T06:56:37.919816970,19.484913,-78.44209
2020-09-02T06:56:37.922105789,19.488321,-78.44218
2020-09-02T06:56:37.924013137,19.450974,-78.44118
2020-09-02T06:56:37.925920486,19.479132,-78.44193
2020-09-02T06:56:37.927827835,19.490839,-78.46641
2020-09-02T06:56:37.929735183,19.486143,-78.467285
2020-09-02T06:56:37.947664260,19.450958,-78.44113
2020-09-02T06:56:37.955675125,19.482948,-78.45383
2020-09-02T06:56:37.957582473,19.48513,-78.43939
2020-09-02T06:56:37.959873199,19.478447,-78.45588
2020-09-02T06:56:37.975513458,19.481411,-78.44196
2020-09-02T06:56:38.060962677,19.47819,-78.45759
2020-09-02T06:56:38.114751815,19.483982,-78.45679
2020-09-02T06:56:38.116659164,19.480618,-78.44195
2020-09-02T06:56:38.194478988,19.450916,-78.44114
2020-09-02T06:56:39.490349293,19.483322,-78.8367
2020-09-02T06:56:39.492638112,19.48733,-78.83922
2020-09-02T06:56:39.542230130,19.483305,-78.83769
2020-09-02T06:56:39.544137478,19.490555,-78.84021
2020-09-02T06:56:39.593729020,19.496105,-78.82903
2020-09-02T06:56:39.605936528,19.482626,-78.84681
2020-09-02T06:56:39.607843876,19.480577,-78.8486
2020-09-02T06:56:39.609751225,19.498077,-78.82906
2020-09-02T06:56:39.647517205,19.53119,-78.83007
2020-09-02T06:56:39.649424553,19.500925,-78.82917
2020-09-02T06:56:39.659343243,19.485529,-78.8529
2020-09-02T06:56:39.713130951,19.48488,-78.84024
2020-09-02T06:56:39.715038300,19.483572,-78.84736
2020-09-02T06:56:39.752804757,19.502504,-78.84096
2020-09-02T06:56:39.774930001,19.504889,-78.82926
2020-09-02T06:56:39.818418503,19.488295,-78.85263
2020-09-02T06:56:41.242466926,14.775016,-77.95417
2020-09-02T06:56:41.244755744,14.773976,-77.95613
2020-09-02T06:56:41.246663093,14.773219,-77.95897
2020-09-02T06:56:41.248570442,14.774586,-77.96273
2020-09-02T06:56:41.250477790,14.7674885,-77.956635
2020-09-02T06:56:41.256581306,14.767474,-77.95121
2020-09-02T06:56:41.258488655,14.767473,-77.95662
2020-09-02T06:56:41.264592170,14.767452,-77.96259
2020-09-02T06:56:41.270314693,14.767413,-77.9566
2020-09-02T06:56:41.272603511,14.767403,-77.956604
2020-09-02T06:56:41.278325557,14.767373,-77.956635
2020-09-02T06:56:41.286336421,14.767389,-77.95661
2020-09-02T06:56:41.288243770,14.767401,-77.9566
2020-09-02T06:56:41.292439937,14.767416,-77.95657
2020-09-02T06:56:41.296254634,14.767411,-77.9566
2020-09-02T06:56:41.310369491,14.767362,-77.95667
2020-09-02T06:56:41.316091537,14.767396,-77.95665
2020-09-02T06:56:41.317998886,14.767412,-77.95664
2020-09-02T06:56:41.330206394,14.767402,-77.95662
2020-09-02T06:56:41.419471263,14.767451,-77.9566
2020-09-02T06:56:42.331961154,15.235752,-82.07392
2020-09-02T06:56:42.333868503,15.243917,-82.07784
2020-09-02T06:56:42.339972019,15.254719,-82.085945
2020-09-02T06:56:42.341879367,15.248279,-82.08636
2020-09-02T06:56:42.343786716,15.272813,-82.08408
2020-09-02T06:56:42.353705406,15.25872,-82.094765
2020-09-02T06:56:42.355612754,15.2611,-82.094986
2020-09-02T06:56:42.371634483,15.276161,-82.11861
2020-09-02T06:56:42.373541831,15.267739,-82.10334
2020-09-02T06:56:42.375449180,15.250619,-82.09882
2020-09-02T06:56:42.377737998,15.27004,-82.12005
2020-09-02T06:56:42.379645824,15.271881,-82.11844
2020-09-02T06:56:42.399482250,15.2869425,-82.119095
2020-09-02T06:56:42.401389598,15.2901945,-82.11923
2020-09-02T06:56:44.637599945,19.508854,-78.82228
2020-09-02T06:56:44.639507293,19.531784,-78.8296
2020-09-02T06:56:44.661632537,19.531834,-78.82964
2020-09-02T06:56:44.770734786,19.522833,-78.821236
2020-09-02T06:56:44.772642135,19.531778,-78.82966
2020-09-02T06:56:44.774930953,19.531775,-78.829666
2020-09-02T06:56:44.776838302,19.531773,-78.82967
2020-09-02T06:56:44.778745651,19.53177,-78.82967
2020-09-02T06:56:44.780652999,19.531769,-78.82968
2020-09-02T06:56:44.782941818,19.531794,-78.82967
2020-09-02T06:56:44.810408592,19.531858,-78.829666
2020-09-02T06:56:44.812697410,19.531853,-78.82965
2020-09-02T06:56:44.814604759,19.531845,-78.829636
2020-09-02T06:56:44.816512107,19.531837,-78.82962
2020-09-02T06:56:44.818419456,19.53183,-78.829605
2020-09-02T06:56:44.850462913,19.53178,-78.80257
2020-09-02T06:56:44.852370262,19.531786,-78.806076
2020-09-02T06:56:44.854277610,19.53177,-78.802025
2020-09-02T06:56:44.856184959,19.53183,-78.82964
2020-09-02T06:56:44.900054931,19.531744,-78.7859
2020-09-02T06:56:44.901962280,19.530533,-78.78821
2020-09-02T06:56:44.903869628,19.532223,-78.78762
2020-09-02T06:56:44.906158447,19.525354,-78.80112
2020-09-02T06:56:44.913787841,19.531752,-78.82959
2020-09-02T06:56:44.916076660,19.531769,-78.82959
2020-09-02T06:56:44.924087524,19.520306,-78.75182
2020-09-02T06:56:44.925994873,19.52744,-78.77743
2020-09-02T06:56:44.927902221,19.523804,-78.79034
2020-09-02T06:56:44.929809570,19.531755,-78.8296
2020-09-02T06:56:45.065234184,19.527061,-78.82369
2020-09-02T06:56:45.067141532,19.517693,-78.81002
2020-09-02T06:56:45.080874443,19.531818,-78.829704
2020-09-02T06:56:45.112917900,19.501596,-78.81953
2020-09-02T06:56:45.114825248,19.48937,-78.82198
2020-09-02T06:56:45.116732597,19.489134,-78.82059
2020-09-02T06:56:45.118640899,19.489506,-78.810135
2020-09-02T06:56:45.144580841,19.470274,-78.82784
2020-09-02T06:56:45.146488189,19.472345,-78.82792
2020-09-02T06:56:45.150684356,19.452038,-78.82734
2020-09-02T06:56:45.166324615,19.53163,-78.752174
2020-09-02T06:56:45.222020149,19.512135,-78.81009
2020-09-02T06:56:45.223927497,19.531715,-78.78851
2020-09-02T06:56:45.226216316,19.531662,-78.77021
2020-09-02T06:56:45.343329429,19.47821,-78.819336
2020-09-02T06:56:45.345236778,19.488577,-78.79635
2020-09-02T06:56:45.367362976,19.491724,-78.82854
2020-09-02T06:56:45.369270324,19.53177,-78.82973
2020-09-02T06:56:45.371177673,19.531727,-78.811874
2020-09-02T06:56:45.373085021,19.531782,-78.82971
2020-09-02T06:56:45.399024963,19.531727,-78.80999
2020-09-02T06:56:45.400932312,19.526403,-78.7888
2020-09-02T06:56:45.466546058,19.490034,-78.8135
2020-09-02T06:56:45.468834877,19.451931,-78.82736
2020-09-02T06:56:45.478753089,19.531673,-78.78465
2020-09-02T06:56:45.480660438,19.515026,-78.76886
2020-09-02T06:56:45.520334243,19.471308,-78.799324
2020-09-02T06:56:45.522241592,19.499365,-78.82881
2020-09-02T06:56:46.091021537,19.417698,-78.78235
2020-09-02T06:56:46.142520904,19.386545,-78.77108
2020-09-02T06:56:46.144428253,19.37208,-78.7479
2020-09-02T06:56:46.186390876,19.417648,-78.78098
2020-09-02T06:56:46.261922836,19.381128,-78.78095
2020-09-02T06:56:46.343558311,19.372091,-78.78893
2020-09-02T06:56:46.345465660,19.393356,-78.78925
2020-09-02T06:56:46.403068542,19.372213,-78.82533
2020-09-02T06:56:46.448845863,19.414999,-78.82177
2020-09-02T06:56:46.450753211,19.3604,-78.807205
2020-09-02T06:56:46.452660560,19.401148,-78.79804
2020-09-02T06:56:46.572062492,19.408403,-78.83336
2020-09-02T06:56:46.573969841,19.381718,-78.82572
2020-09-02T06:56:46.575877189,19.372223,-78.82537
2020-09-02T06:56:46.733045578,19.383873,-78.83318
2020-09-02T06:56:46.734952926,19.378237,-78.834724
2020-09-02T06:56:46.737241744,19.372253,-78.82549
2020-09-02T06:56:46.919968605,19.392431,-78.87596
2020-09-02T06:56:46.921875953,19.406206,-78.83402
2020-09-02T06:56:46.941712379,19.372469,-78.90276
2020-09-02T06:56:46.943619728,19.408628,-78.832825
2020-09-02T06:56:47.087054252,19.452333,-78.93228
2020-09-02T06:56:48.452736854,19.452078,-78.828064
2020-09-02T06:56:48.544291496,19.477926,-78.828865
2020-09-02T06:56:48.546198844,19.47519,-78.82878
2020-09-02T06:56:48.582056999,19.473253,-78.8287
2020-09-02T06:56:48.597698211,19.45207,-78.828064
2020-09-02T06:56:48.599987030,19.45208,-78.82805
2020-09-02T06:56:48.607997894,19.452034,-78.82803
2020-09-02T06:56:48.609905242,19.452019,-78.828026
2020-09-02T06:56:48.625545501,19.476345,-78.8288
2020-09-02T06:56:48.663311958,19.473318,-78.842
2020-09-02T06:56:48.665600776,19.470196,-78.84254
2020-09-02T06:56:48.667508125,19.452007,-78.82809
2020-09-02T06:56:48.691159248,19.451986,-78.82801
2020-09-02T06:56:48.697262763,19.451979,-78.82805
2020-09-02T06:56:48.711378097,19.474957,-78.828735
2020-09-02T06:56:48.743040084,19.472486,-78.82867
2020-09-02T06:56:48.766691207,19.476543,-78.844826
2020-09-02T06:56:48.772795677,19.452045,-78.82805
2020-09-02T06:56:48.830397605,19.475908,-78.845406
2020-09-02T06:56:48.832305908,19.452023,-78.82804
2020-09-02T06:56:48.842224121,19.476202,-78.84201
2020-09-02T06:56:48.844512939,19.480375,-78.82891
2020-09-02T06:56:48.846420288,19.452042,-78.82807
2020-09-02T06:56:48.902115821,19.479095,-78.84764
2020-09-02T06:56:48.931870460,19.478071,-78.84949
2020-09-02T06:56:48.933777809,19.472876,-78.84687
2020-09-02T06:56:48.947892189,19.496809,-78.845856
2020-09-02T06:56:48.949799537,19.472763,-78.84448
2020-09-02T06:56:48.983751296,19.473831,-78.85596
2020-09-02T06:56:48.987565994,19.452076,-78.82812
2020-09-02T06:56:49.043261528,19.452126,-78.85347
2020-09-02T06:56:49.045168876,19.485512,-78.85015
2020-09-02T06:56:49.065005302,19.473291,-78.84713
2020-09-02T06:56:50.878159523,18.657465,-82.62383
2020-09-02T06:56:50.880066871,18.614933,-82.61633
2020-09-02T06:56:50.975435256,18.597132,-82.744286
2020-09-02T06:56:50.723279953,18.36139,-82.96414
2020-09-02T06:56:50.738920211,18.361338,-82.96411
2020-09-02T06:56:50.740827560,18.361319,-82.964096
2020-09-02T06:56:50.753035545,18.36147,-82.9718
2020-09-02T06:56:50.754942893,18.361418,-82.96411
2020-09-02T06:56:50.810637474,18.36141,-82.96408
2020-09-02T06:56:50.814453125,18.361397,-82.96409
2020-09-02T06:56:50.888077735,18.36146,-82.96413
2020-09-02T06:56:50.889985084,18.361456,-82.96413
2020-09-02T06:56:50.935762405,18.361477,-82.964035
2020-09-02T06:56:50.937669754,18.361483,-82.964035
2020-09-02T06:56:51.017396926,18.361574,-82.97135
2020-09-02T06:56:51.019304275,18.36154,-82.9641
2020-09-02T06:56:51.021211624,18.361547,-82.964096
2020-09-02T06:56:51.023118972,18.361526,-82.964066
2020-09-02T06:56:51.088733673,18.36161,-82.97221
2020-09-02T06:56:51.091022491,18.36212,-82.97134
2020-09-02T06:56:51.092929840,18.361631,-82.97664
2020-09-02T06:56:51.094837188,18.361607,-82.97708
2020-09-02T06:56:51.096744537,18.367393,-82.974075
2020-09-02T06:56:51.182195663,18.361492,-82.96401
2020-09-02T06:56:51.194402694,18.361486,-82.964035
2020-09-02T06:56:51.196310043,18.361496,-82.96401
2020-09-02T06:56:51.198217391,18.361506,-82.96398
2020-09-02T06:56:51.250097274,18.361519,-82.9641
2020-09-02T06:56:51.252004623,18.361607,-82.97501
2020-09-02T06:56:51.257726669,18.361532,-82.96402
2020-09-02T06:56:51.268026351,18.361582,-82.96394
2020-09-02T06:56:51.293586730,18.361683,-82.97937
2020-09-02T06:56:51.327537536,18.361662,-82.97696
2020-09-02T06:56:51.395057678,18.361603,-82.963936
2020-09-02T06:56:51.429010391,18.361671,-82.97549
2020-09-02T06:56:51.430917739,18.361568,-82.963875
2020-09-02T06:56:51.442743301,18.361732,-82.97921
2020-09-02T06:56:51.498437881,18.361574,-82.96395
2020-09-02T06:56:51.500345230,18.362484,-82.97847
2020-09-02T06:56:51.540401458,18.361605,-82.96394
2020-09-02T06:56:51.567867279,18.36166,-82.96392
2020-09-02T06:56:51.588085174,18.361591,-82.96399
2020-09-02T06:56:51.605632781,18.36167,-82.96388
2020-09-02T06:56:51.717023849,19.53134,-78.488304
2020-09-02T06:56:51.800567626,19.516779,-78.49038
2020-09-02T06:56:51.802474975,19.496841,-78.49281
2020-09-02T06:56:51.820404052,19.531363,-78.44273
2020-09-02T06:56:51.838333129,19.49251,-78.48398
2020-09-02T06:56:51.840621948,19.490788,-78.480095
2020-09-02T06:56:51.842529296,19.531338,-78.47469
2020-09-02T06:56:51.844436645,19.451475,-78.44071
2020-09-02T06:56:51.846343994,19.488163,-78.4773
2020-09-02T06:56:51.848251342,19.500248,-78.47311
2020-09-02T06:56:51.880294799,19.493092,-78.46725
2020-09-02T06:56:51.895936965,19.487741,-78.441605
2020-09-02T06:56:51.898225784,19.481647,-78.46302
2020-09-02T06:56:51.900133132,19.485218,-78.474
2020-09-02T06:56:51.903947830,19.53135,-78.44279
2020-09-02T06:56:51.913866043,19.451555,-78.44059
2020-09-02T06:56:51.916154861,19.479374,-78.44132
2020-09-02T06:56:51.918062210,19.484661,-78.463066
2020-09-02T06:56:51.926073074,19.451572,-78.44062
2020-09-02T06:56:51.927980422,19.471521,-78.45086
2020-09-02T06:56:51.929887771,19.477425,-78.44135
2020-09-02T06:56:51.931795120,19.451618,-78.44067
2020-09-02T06:56:51.979478836,19.470547,-78.44108
2020-09-02T06:56:51.985582351,19.531454,-78.47944
2020-09-02T06:56:51.999315261,19.451607,-78.44055
2020-09-02T06:56:52.001604080,19.474726,-78.460075
2020-09-02T06:56:52.003511428,19.451591,-78.44057
2020-09-02T06:56:52.005418777,19.471907,-78.4524
2020-09-02T06:56:52.007326126,19.477602,-78.46418
2020-09-02T06:56:52.009233474,19.483139,-78.45744
2020-09-02T06:56:52.011522293,19.46014,-78.423805
2020-09-02T06:56:52.013429641,19.491106,-78.465576
2020-09-02T06:56:52.015336990,19.487942,-78.441635
2020-09-02T06:56:52.172506332,19.510908,-78.47995
2020-09-02T06:56:52.174413681,19.483437,-78.465614
2020-09-02T06:56:52.176321029,19.488321,-78.45287
2020-09-02T06:56:52.297630310,19.501816,-78.44188
2020-09-02T06:56:52.299537658,19.488733,-78.453316
2020-09-02T06:56:52.343406677,19.47862,-78.47555
2020-09-02T06:56:53.520259857,18.676031,-82.592705
2020-09-02T06:56:53.641569137,18.648577,-82.59118
2020-09-02T06:56:53.643476486,18.664915,-82.58486
2020-09-02T06:56:53.876176834,18.704006,-82.56396
2020-09-02T06:56:53.878084182,18.678318,-82.58495
2020-09-02T06:56:53.897920608,18.675745,-82.57151
2020-09-02T06:56:53.937974929,18.679163,-82.57415
2020-09-02T06:56:53.965822219,18.654037,-82.591484
2020-09-02T06:56:53.520259857,19.506334,-78.860275
2020-09-02T06:56:53.522167205,19.503124,-78.859474
2020-09-02T06:56:53.575954437,19.53263,-78.82955
2020-09-02T06:56:53.625545501,19.452982,-78.904564
2020-09-02T06:56:53.665601730,19.53267,-78.84632
2020-09-02T06:56:53.838409423,19.532623,-78.829605
2020-09-02T06:56:53.840316772,19.50119,-78.86023
2020-09-02T06:56:53.850234985,19.506237,-78.85443
2020-09-02T06:56:53.852523803,19.506851,-78.85384
2020-09-02T06:56:53.896013259,19.511854,-78.852135
2020-09-02T06:56:53.929964065,19.513475,-78.85064
2020-09-02T06:56:53.941789627,19.508482,-78.852264
2020-09-02T06:56:53.961626052,19.532614,-78.829575
2020-09-02T06:56:53.983369827,19.532652,-78.85059
2020-09-02T06:56:54.021518707,19.532557,-78.82958
2020-09-02T06:56:54.047077178,19.517597,-78.84666
2020-09-02T06:56:54.073017120,19.5326,-78.84351
2020-09-02T06:56:55.699247360,18.361017,-83.075356
2020-09-02T06:56:55.701154708,18.36251,-83.04151
2020-09-02T06:56:55.806823730,18.149832,-82.93595
2020-09-02T06:56:55.699247360,18.099243,-82.82409
2020-09-02T06:56:55.889986038,18.338673,-83.049095
2020-09-02T06:56:55.889986038,18.10679,-82.85674
2020-09-02T06:56:56.039142608,18.192482,-82.94055
2020-09-02T06:56:56.041049957,18.36232,-83.04136
2020-09-02T06:56:56.140615463,18.361092,-82.88595
2020-09-02T06:56:56.349281311,18.36011,-82.866425
2020-09-02T06:56:56.351190567,18.396994,-82.90328
2020-09-02T06:56:55.884263992,19.452404,-78.83974
2020-09-02T06:56:55.886171340,19.45236,-78.82725
2020-09-02T06:56:55.930040359,19.452412,-78.8273
2020-09-02T06:56:55.935762405,19.452374,-78.82736
2020-09-02T06:56:55.949876785,19.452372,-78.8273
2020-09-02T06:56:55.981540679,19.452389,-78.827286
2020-09-02T06:56:56.005573272,19.452421,-78.84273
2020-09-02T06:56:56.019306182,19.452377,-78.82727
2020-09-02T06:56:56.031131744,19.452349,-78.82732
2020-09-02T06:56:56.047153472,19.4524,-78.82725
2020-09-02T06:56:56.053256988,19.452387,-78.82726
2020-09-02T06:56:56.055164337,19.452375,-78.82727
2020-09-02T06:56:56.065082550,19.452345,-78.82733
2020-09-02T06:56:56.078815460,19.45235,-78.8273
2020-09-02T06:56:56.122686386,19.46294,-78.83915
2020-09-02T06:56:56.124593734,19.452337,-78.82726
2020-09-02T06:56:56.138708114,19.452335,-78.82728
2020-09-02T06:56:56.140615463,19.452335,-78.827286
2020-09-02T06:56:56.154729843,19.452446,-78.845345
2020-09-02T06:56:56.158544540,19.45243,-78.82728
2020-09-02T06:56:56.170370101,19.452381,-78.84457
2020-09-02T06:56:56.178380966,19.45235,-78.84318
2020-09-02T06:56:56.198217391,19.452341,-78.82732
2020-09-02T06:56:56.210042953,19.452297,-78.82728
2020-09-02T06:56:56.212331771,19.452343,-78.842224
2020-09-02T06:56:56.214239120,19.452316,-78.82729
2020-09-02T06:56:56.232170104,19.460527,-78.84364
2020-09-02T06:56:56.242088317,19.452377,-78.8421
2020-09-02T06:56:56.247810363,19.452423,-78.840645
2020-09-02T06:56:56.260017395,19.457466,-78.8369
2020-09-02T06:56:56.261924743,19.45236,-78.840164
2020-09-02T06:56:56.263832092,19.452353,-78.840866
2020-09-02T06:56:56.265739440,19.452341,-78.83951
2020-09-02T06:56:56.268028259,19.452328,-78.83762
2020-09-02T06:56:56.269935607,19.454582,-78.841
2020-09-02T06:56:56.271842956,19.456064,-78.84064
2020-09-02T06:56:56.273750305,19.455025,-78.84035
2020-09-02T06:56:56.305793762,19.452353,-78.8273
2020-09-02T06:56:56.307701110,19.45235,-78.83746
2020-09-02T06:56:56.309608459,19.449978,-78.83715
2020-09-02T06:56:56.311515808,19.443382,-78.83579
2020-09-02T06:56:56.313423156,19.452293,-78.827286
2020-09-02T06:56:56.329444885,19.43027,-78.83567
2020-09-02T06:56:56.331352233,19.444155,-78.84053
2020-09-02T06:56:56.333641052,19.452297,-78.827415
2020-09-02T06:56:56.337455749,19.416739,-78.8264
2020-09-02T06:56:56.385141372,19.452354,-78.84328
2020-09-02T06:56:56.409173965,19.444502,-78.8322
2020-09-02T06:56:56.411081314,19.425125,-78.83593
2020-09-02T06:56:56.414896011,19.448744,-78.83987
2020-09-02T06:56:56.444650650,19.45235,-78.84451
2020-09-02T06:56:56.510265350,19.446293,-78.83668
2020-09-02T06:56:56.512554168,19.452349,-78.82737
2020-09-02T06:56:56.518276214,19.44185,-78.8361
2020-09-02T06:56:56.556041717,19.438578,-78.83906
2020-09-02T06:56:56.580074310,19.452244,-78.839455
2020-09-02T06:56:58.886095046,19.45238,-78.905106
2020-09-02T06:56:59.132528305,19.495724,-78.87549
2020-09-02T06:56:59.134817123,19.489632,-78.87382
2020-09-02T06:56:59.136724472,19.493269,-78.86517
2020-09-02T06:56:59.138631820,19.501253,-78.86735
2020-09-02T06:56:59.140539169,19.499605,-78.874146
2020-09-02T06:56:59.178304672,19.45249,-78.90523
2020-09-02T06:56:59.180212020,19.501062,-78.87338
2020-09-02T06:56:59.192419052,19.452423,-78.90523
2020-09-02T06:56:59.194326400,19.502218,-78.865845
2020-09-02T06:56:59.258033752,19.491634,-78.877075
2020-09-02T06:56:59.301521301,19.500948,-78.866264
2020-09-02T06:56:59.385065078,19.452557,-78.90528
2020-09-02T06:56:59.386972427,19.499065,-78.86715
2020-09-02T06:56:59.427026748,19.48482,-78.88634
2020-09-02T06:57:00.059129714,19.487665,-78.47924
2020-09-02T06:57:00.118639469,19.49748,-78.47828
2020-09-02T06:57:00.120928764,19.476274,-78.47096
2020-09-02T06:57:00.124743461,19.47611,-78.47049
2020-09-02T06:57:00.132754325,19.45157,-78.47795
2020-09-02T06:57:00.134661674,19.471106,-78.47162
2020-09-02T06:57:00.152591228,19.451494,-78.474625
2020-09-02T06:57:00.178531169,19.472977,-78.47028
2020-09-02T06:57:00.200275421,19.480253,-78.47413
2020-09-02T06:57:00.208286285,19.451529,-78.47487
2020-09-02T06:57:00.210193634,19.451525,-78.468666
2020-09-02T06:57:00.246052742,19.468493,-78.4777
2020-09-02T06:57:00.247960090,19.484392,-78.485596
2020-09-02T06:57:00.262074470,19.451473,-78.47838
2020-09-02T06:57:00.263981819,19.477701,-78.48706
2020-09-02T06:57:00.265889167,19.479816,-78.484344
2020-09-02T06:57:00.269703865,19.48447,-78.49012
2020-09-02T06:57:00.277715206,19.451508,-78.51857
2020-09-02T06:57:00.289922237,19.46711,-78.51895
2020-09-02T06:57:00.291829586,19.451595,-78.51854
2020-09-02T06:57:00.327688217,19.451395,-78.4596
2020-09-02T06:57:00.331502914,19.451397,-78.460556
2020-09-02T06:57:00.355535984,19.451403,-78.44122
2020-09-02T06:57:00.357443332,19.476873,-78.46895
2020-09-02T06:57:00.400931835,19.465063,-78.45875
2020-09-02T06:57:00.403220653,19.46877,-78.46924
2020-09-02T06:57:00.405128002,19.458324,-78.47029
2020-09-02T06:57:00.470741748,19.451523,-78.51857
2020-09-02T06:57:00.579843521,19.468842,-78.470055
2020-09-02T06:57:00.593958377,19.494814,-78.47771
2020-09-02T06:57:00.597773075,19.496265,-78.4739
2020-09-02T06:57:00.609980106,19.496407,-78.47298
2020-09-02T06:57:00.627909660,19.480663,-78.46258
2020-09-02T06:57:00.629817008,19.451368,-78.44139
2020-09-02T06:57:00.633631706,19.496962,-78.47005
2020-09-02T06:57:00.635539054,19.459602,-78.47731
2020-09-02T06:57:00.655375957,19.531172,-78.47718
2020-09-02T06:57:00.657664775,19.451311,-78.441345
2020-09-02T06:57:00.675593852,19.48398,-78.468735
2020-09-02T06:57:00.677501201,19.491318,-78.46969
2020-09-02T06:57:00.679409027,19.499191,-78.46938
2020-09-02T06:57:00.693523406,19.490751,-78.46739
2020-09-02T06:57:00.725185871,19.495026,-78.46036
2020-09-02T06:57:00.892271995,19.491295,-78.466484
2020-09-02T06:57:00.894179344,19.514713,-78.4417
2020-09-02T06:57:01.068895339,19.532057,-78.83057
2020-09-02T06:57:01.200122833,19.53212,-78.83061
2020-09-02T06:57:01.206226825,19.51157,-78.83001
2020-09-02T06:57:01.245900154,19.532108,-78.83057
2020-09-02T06:57:01.281758785,19.508034,-78.8299
2020-09-02T06:57:02.178226470,18.282707,-82.96024
2020-09-02T06:57:02.228199958,18.320675,-82.988556
2020-09-02T06:57:02.230107307,18.282778,-82.960205
2020-09-02T06:57:02.257955074,18.314974,-82.96206
2020-09-02T06:57:02.269780635,18.28263,-82.96012
2020-09-02T06:57:02.307546615,18.321507,-82.99055
2020-09-02T06:57:02.309453964,18.319717,-82.96231
2020-09-02T06:57:02.311742782,18.282701,-82.9602
2020-09-02T06:57:02.355231285,18.322824,-82.99144
2020-09-02T06:57:02.387275218,18.309814,-82.98471
2020-09-02T06:57:04.035249710,18.30486,-83.155
2020-09-02T06:57:04.041353225,18.302351,-83.1519
2020-09-02T06:57:04.043260574,18.304613,-83.15656
2020-09-02T06:57:04.073016166,18.299473,-83.14699
2020-09-02T06:57:04.074923515,18.30352,-83.152985
2020-09-02T06:57:04.076830863,18.301449,-83.14951
2020-09-02T06:57:04.079119682,18.304388,-83.15445
2020-09-02T06:57:04.081027030,18.284399,-83.1158
2020-09-02T06:57:04.094759941,18.299786,-83.14554
2020-09-02T06:57:04.097048759,18.284538,-83.138374
2020-09-02T06:57:04.098956108,18.281252,-83.13547
2020-09-02T06:57:04.100863456,18.290905,-83.14732
2020-09-02T06:57:04.138629913,18.284399,-83.11586
2020-09-02T06:57:04.140537261,18.284409,-83.11587
2020-09-02T06:57:04.206151008,18.285078,-83.19358
2020-09-02T06:57:04.208058357,18.364119,-83.19822
2020-09-02T06:57:04.210347175,18.329561,-83.19618
2020-09-02T06:57:04.212254524,18.329588,-83.196175
2020-09-02T06:57:04.214161872,18.330517,-83.18742
2020-09-02T06:57:04.216069221,18.33725,-83.1918
2020-09-02T06:57:04.217976570,18.317604,-83.17727
2020-09-02T06:57:04.220265388,18.32152,-83.18009
2020-09-02T06:57:04.222172737,18.331285,-83.18884
2020-09-02T06:57:04.224080085,18.330732,-83.18896
2020-09-02T06:57:04.225987434,18.333153,-83.189926
2020-09-02T06:57:04.227894783,18.358215,-83.19899
2020-09-02T06:57:04.230183601,18.324083,-83.18916
2020-09-02T06:57:04.283590316,18.319324,-83.16815
2020-09-02T06:57:04.285879135,18.284721,-83.15451
2020-09-02T06:57:04.309530258,18.284618,-83.14516
2020-09-02T06:57:04.311437606,18.311087,-83.16189
2020-09-02T06:57:04.313727378,18.352139,-83.197136
2020-09-02T06:57:04.315634727,18.36834,-83.19724
2020-09-02T06:57:04.228276252,18.046553,-82.947
2020-09-02T06:57:04.317542076,18.335306,-83.19378
2020-09-02T06:57:04.319449424,18.315018,-83.17583
2020-09-02T06:57:04.409095764,18.319174,-83.17781
2020-09-02T06:57:04.536127090,18.206388,-83.2265
2020-09-02T06:57:04.546045303,18.348965,-83.1955
2020-09-02T06:57:04.546426773,17.968386,-83.020164
2020-09-02T06:57:04.548334121,18.388079,-83.19516
2020-09-02T06:57:04.548334121,18.184515,-83.16232
2020-09-02T06:57:04.548334121,17.88745,-82.70596
2020-09-02T06:57:04.548334121,18.04496,-82.714516
2020-09-02T06:57:04.548334121,18.202705,-82.72317
2020-09-02T06:57:04.550241470,18.32172,-83.19448
2020-09-02T06:57:04.645610809,18.319365,-83.15184
2020-09-02T06:57:04.898147583,18.343685,-83.204124
2020-09-02T06:57:04.900054931,18.344387,-83.19485
2020-09-02T06:57:04.901962280,18.285242,-83.19358
2020-09-02T06:57:05.005342483,18.29853,-83.18361
2020-09-02T06:57:05.007249832,18.329296,-83.18646
2020-09-02T06:57:05.011445999,18.331486,-83.19627
2020-09-02T06:57:05.069048881,18.313204,-83.16794
2020-09-02T06:57:05.077059745,18.341684,-83.19892
2020-09-02T06:57:05.078967094,18.285128,-83.1936
2020-09-02T06:57:05.462731361,19.48927,-78.91853
2020-09-02T06:57:05.514230728,19.492748,-78.91928
2020-09-02T06:57:05.548181533,19.497282,-78.907394
2020-09-02T06:57:05.723278999,19.48336,-78.90546
2020-09-02T06:57:05.792707443,19.503506,-78.89582
2020-09-02T06:57:05.794614791,19.48063,-78.88326
2020-09-02T06:57:05.798811912,19.48376,-78.88753
2020-09-02T06:57:05.860228538,19.501526,-78.879425
2020-09-02T06:57:05.973526954,19.502632,-78.87742
2020-09-02T06:57:06.007478713,19.509792,-78.88529
2020-09-02T06:57:08.482492446,18.676329,-82.65144
2020-09-02T06:57:08.490503311,18.676481,-82.67216
2020-09-02T06:57:08.518350601,18.676416,-82.67214
2020-09-02T06:57:08.520257949,18.676397,-82.672134
2020-09-02T06:57:08.522166252,18.676405,-82.67213
2020-09-02T06:57:08.538187980,18.676401,-82.67215
2020-09-02T06:57:08.564127922,18.685745,-82.655975
2020-09-02T06:57:08.566035270,18.686768,-82.65346
2020-09-02T06:57:08.605709075,18.676382,-82.67216
2020-09-02T06:57:08.655682563,18.688704,-82.658394
2020-09-02T06:57:08.657589912,18.676203,-82.65196
2020-09-02T06:57:08.693448066,18.676395,-82.67208
2020-09-02T06:57:08.695355415,18.687685,-82.653534
2020-09-02T06:57:08.697262763,18.676384,-82.67211
2020-09-02T06:57:08.725111007,18.691492,-82.66204
2020-09-02T06:57:08.756772994,18.68747,-82.65663
2020-09-02T06:57:08.770888328,18.676197,-82.652794
2020-09-02T06:57:08.772795677,18.676332,-82.67212
2020-09-02T06:57:08.816664695,18.676449,-82.67208
2020-09-02T06:57:08.838409423,18.696136,-82.65875
2020-09-02T06:57:08.844512939,18.676382,-82.67212
2020-09-02T06:57:08.846420288,18.676376,-82.672104
2020-09-02T06:57:08.848327636,18.676369,-82.67209
2020-09-02T06:57:08.866256713,18.690283,-82.664505
2020-09-02T06:57:08.868164062,18.676178,-82.64913
2020-09-02T06:57:08.876174926,18.687502,-82.66312
2020-09-02T06:57:08.878082275,18.662928,-82.65093
2020-09-02T06:57:08.879989624,18.676353,-82.67206
2020-09-02T06:57:08.882278442,18.676357,-82.672066
2020-09-02T06:57:08.884185791,18.676264,-82.65854
2020-09-02T06:57:08.886093139,18.674465,-82.668236
2020-09-02T06:57:08.888000488,18.679613,-82.665
2020-09-02T06:57:08.890289306,18.676373,-82.6721
2020-09-02T06:57:08.987565994,18.6891,-82.66528
2020-09-02T06:57:08.989473342,18.658264,-82.66474
2020-09-02T06:57:08.991380691,18.67635,-82.67201
2020-09-02T06:57:09.055087089,18.684586,-82.66757
2020-09-02T06:57:09.100864410,18.676174,-82.67203
2020-09-02T06:57:09.039065361,19.531738,-78.52143
2020-09-02T06:57:09.059283256,19.510561,-78.49345
2020-09-02T06:57:09.065005302,19.512972,-78.48939
2020-09-02T06:57:09.073016166,19.531654,-78.486084
2020-09-02T06:57:09.097049713,19.531475,-78.47291
2020-09-02T06:57:09.146641731,19.53158,-78.4782
2020-09-02T06:57:09.166478157,19.495895,-78.485664
2020-09-02T06:57:09.168385505,19.495398,-78.469284
2020-09-02T06:57:09.170292854,19.531502,-78.444046
2020-09-02T06:57:09.172581672,19.498245,-78.46423
2020-09-02T06:57:09.196232795,19.5085,-78.46781
2020-09-02T06:57:09.212255477,19.531506,-78.44411
2020-09-02T06:57:09.214162826,19.498512,-78.46082
2020-09-02T06:57:09.216070175,19.50842,-78.46614
2020-09-02T06:57:09.218358993,19.510578,-78.44356
2020-09-02T06:57:09.220266342,19.513966,-78.45486
2020-09-02T06:57:09.307623863,19.499418,-78.47197
2020-09-02T06:57:09.309531211,19.49288,-78.460266
2020-09-02T06:57:10.488672256,19.469208,-78.84427
2020-09-02T06:57:10.516520500,19.492844,-78.829636
2020-09-02T06:57:10.518427848,19.488081,-78.829506
2020-09-02T06:57:10.520335197,19.452143,-78.82846
2020-09-02T06:57:10.522242546,19.452137,-78.82846
2020-09-02T06:57:10.524531364,19.489733,-78.829575
2020-09-02T06:57:10.526438713,19.452126,-78.82847
2020-09-02T06:57:10.613796234,19.501654,-78.829865
2020-09-02T06:57:10.615703582,19.493341,-78.82961
2020-09-02T06:57:10.657666206,19.492186,-78.82959
2020-09-02T06:57:10.715269088,19.53194,-78.830795
2020-09-02T06:57:10.717176437,19.500605,-78.829834
2020-09-02T06:57:10.719083786,19.452108,-78.82837
2020-09-02T06:57:10.725187301,19.496737,-78.82966
2020-09-02T06:57:10.727094650,19.483051,-78.83264
2020-09-02T06:57:10.729001998,19.480381,-78.834526
2020-09-02T06:57:10.766768455,19.531921,-78.83068
2020-09-02T06:57:10.770964622,19.499268,-78.82968
2020-09-02T06:57:10.844589233,19.531906,-78.830635
2020-09-02T06:57:10.846496582,19.45209,-78.82828
2020-09-02T06:57:10.894181251,19.45207,-78.828285
2020-09-02T06:57:10.938051223,19.452095,-78.82834
2020-09-02T06:57:10.957887649,19.479618,-78.83628
2020-09-02T06:57:10.959794998,19.475163,-78.83921
2020-09-02T06:57:10.961702346,19.486866,-78.82933
2020-09-02T06:57:10.967805862,19.478008,-78.83271
2020-09-02T06:57:10.971620559,19.479961,-78.83637
2020-09-02T06:57:10.979631423,19.452106,-78.84925
2020-09-02T06:57:10.983446121,19.45207,-78.82827
2020-09-02T06:57:11.041431427,19.478252,-78.83773
2020-09-02T06:57:11.047153472,19.493883,-78.82955
2020-09-02T06:57:11.051349639,19.491875,-78.82951
2020-09-02T06:57:11.076908111,19.473017,-78.836395
2020-09-02T06:57:11.084918975,19.452034,-78.85089
2020-09-02T06:57:14.355308532,19.474426,-78.90294
2020-09-02T06:57:14.357215881,19.478725,-78.91774
2020-09-02T06:57:14.417108535,19.478506,-78.903114
2020-09-02T06:57:14.420923233,19.490353,-78.906204
2020-09-02T06:57:14.435037612,19.488987,-78.90621
2020-09-02T06:57:14.458688735,19.489584,-78.90626
2020-09-02T06:57:14.476617813,19.488882,-78.906235
2020-09-02T06:57:14.502559661,19.491383,-78.90634
2020-09-02T06:57:14.538417816,19.489014,-78.90622
2020-09-02T06:57:15.391016006,19.451727,-78.827705
2020-09-02T06:57:15.415048599,19.451801,-78.82777
2020-09-02T06:57:15.416955947,19.451807,-78.82777
2020-09-02T06:57:15.428781509,19.4518,-78.82774
2020-09-02T06:57:15.444803237,19.451738,-78.827805
2020-09-02T06:57:15.474557876,19.451784,-78.82772
2020-09-02T06:57:15.520336151,19.45173,-78.82781
2020-09-02T06:57:15.524532318,19.451748,-78.82782
2020-09-02T06:57:15.544368743,19.45178,-78.827866
2020-09-02T06:57:15.552379608,19.451826,-78.827835
2020-09-02T06:57:15.808731079,18.405903,-83.01795
2020-09-02T06:57:15.810638427,18.411373,-83.02642
2020-09-02T06:57:15.828567504,18.361847,-83.042046
2020-09-02T06:57:15.864427566,18.401821,-83.021614
2020-09-02T06:57:15.866334915,18.396477,-83.015686
2020-09-02T06:57:15.951784133,18.440315,-82.96882
2020-09-02T06:57:15.953691482,18.42534,-83.01069
2020-09-02T06:57:15.957887649,18.425241,-83.012695
2020-09-02T06:57:15.999469757,18.405403,-83.04452
2020-09-02T06:57:16.051349639,18.429688,-83.010445
2020-09-02T06:57:16.053256988,18.421684,-83.01844
2020-09-02T06:57:16.128789901,18.396225,-83.023895
2020-09-02T06:57:16.130697250,18.401592,-83.044464
2020-09-02T06:57:16.132604598,18.393763,-83.02174
2020-09-02T06:57:16.134511947,18.361795,-83.04215
2020-09-02T06:57:16.214239120,18.415983,-83.00605
2020-09-02T06:57:16.216146469,18.440235,-82.96882
2020-09-02T06:57:16.220342636,18.41465,-83.00927
2020-09-02T06:57:16.222249984,18.412197,-83.01961
2020-09-02T06:57:16.232170104,18.421444,-83.01489
2020-09-02T06:57:16.281761169,18.405216,-83.01699
2020-09-02T06:57:16.297782897,18.40939,-83.02908
2020-09-02T06:57:16.299690246,18.440536,-83.00592
2020-09-02T06:57:16.307701110,18.39504,-83.0252
2020-09-02T06:57:16.309608459,18.36176,-83.04212
2020-09-02T06:57:16.327537536,18.403206,-83.04447
2020-09-02T06:57:16.339363098,18.403387,-83.024055
2020-09-02T06:57:17.261772155,18.307951,-83.23587
2020-09-02T06:57:17.264060974,18.284271,-83.23529
2020-09-02T06:57:17.271690368,18.283901,-83.19309
2020-09-02T06:57:17.789352416,15.263695,-82.085304
2020-09-02T06:57:17.793167114,15.316242,-82.080826
2020-09-02T06:57:17.796981811,15.262519,-82.08702
2020-09-02T06:57:17.799270629,15.262577,-82.092995
2020-09-02T06:57:17.801177978,15.272254,-82.09539
2020-09-02T06:57:17.803085327,15.316395,-82.12143
2020-09-02T06:57:17.830932617,15.31638,-82.121414
2020-09-02T06:57:17.860689163,15.281627,-82.07811
2020-09-02T06:57:17.866792678,15.315998,-82.04544
2020-09-02T06:57:17.868700027,15.261197,-82.05354
2020-09-02T06:57:17.870607376,15.274532,-82.06192
2020-09-02T06:57:17.872514724,15.2657,-82.05289
2020-09-02T06:57:17.874803543,15.264265,-82.04889
2020-09-02T06:57:17.876710891,15.260206,-82.06004
2020-09-02T06:57:17.878618240,15.253041,-82.0555
2020-09-02T06:57:17.880525588,15.248756,-82.05639
2020-09-02T06:57:17.882814407,15.250326,-82.053246
2020-09-02T06:57:17.884721755,15.250705,-82.06078
2020-09-02T06:57:17.886629104,15.259411,-82.061424
2020-09-02T06:57:17.888536453,15.239144,-82.04224
2020-09-02T06:57:17.890443801,15.239172,-82.042244
2020-09-02T06:57:17.922487258,15.278692,-82.0439
2020-09-02T06:57:17.924394607,15.272786,-82.04196
2020-09-02T06:57:17.926301956,15.263064,-82.03941
2020-09-02T06:57:17.928209304,15.272717,-82.050156
2020-09-02T06:57:17.930498123,15.270017,-82.04709
2020-09-02T06:57:17.932405471,15.285487,-82.04423
2020-09-02T06:57:17.934312820,15.3160515,-82.04553
2020-09-02T06:57:17.975894927,15.28145,-82.04409
2020-09-02T06:57:17.978183746,15.278331,-82.043945
2020-09-02T06:57:17.980091094,15.281932,-82.04409
2020-09-02T06:57:17.981998443,15.239131,-82.04228
2020-09-02T06:57:17.983905792,15.239135,-82.0423
2020-09-02T06:57:17.988101959,15.207117,-82.083206
2020-09-02T06:57:17.990009307,15.218366,-82.06507
2020-09-02T06:57:17.991916656,15.230904,-82.069275
2020-09-02T06:57:17.993824005,15.268695,-82.047905
2020-09-02T06:57:17.996112823,15.285613,-82.04096
2020-09-02T06:57:17.998020172,15.298553,-82.02865
2020-09-02T06:57:17.999927520,15.28673,-82.04421
2020-09-02T06:57:18.001834869,15.264809,-82.06823
2020-09-02T06:57:18.003742218,15.239142,-82.0422
2020-09-02T06:57:17.599760055,19.570925,-78.39941
2020-09-02T06:57:17.602048873,19.569122,-78.412575
2020-09-02T06:57:17.635618209,19.579037,-78.39046
2020-09-02T06:57:17.637525558,19.566517,-78.412605
2020-09-02T06:57:17.683301925,19.563217,-78.40344
2020-09-02T06:57:17.776763916,19.569614,-78.38527
2020-09-02T06:57:17.778671264,19.55303,-78.40287
2020-09-02T06:57:17.836656570,19.564758,-78.386024
2020-09-02T06:57:17.838563919,19.562752,-78.39833
2020-09-02T06:57:17.890062332,19.53613,-78.40134
2020-09-02T06:57:17.977802276,19.583744,-78.38852
2020-09-02T06:57:17.979709625,19.524302,-78.396065
2020-09-02T06:57:18.037311553,19.576057,-78.40022
2020-09-02T06:57:18.039218902,19.554985,-78.394806
2020-09-02T06:57:18.041126251,19.549244,-78.391464
2020-09-02T06:57:18.317695617,19.513676,-78.39971
2020-09-02T06:57:18.319602966,19.468943,-78.40894
2020-09-02T06:57:18.321510314,19.531006,-78.383095
2020-09-02T06:57:18.341348648,19.503862,-78.47874
2020-09-02T06:57:18.353555679,19.53063,-78.36622
2020-09-02T06:57:18.377206802,19.53082,-78.44373
2020-09-02T06:57:18.434808731,19.50207,-78.48419
2020-09-02T06:57:18.436716079,19.49693,-78.484474
2020-09-02T06:57:18.444726943,19.479351,-78.48844
2020-09-02T06:57:18.454647064,19.4863,-78.48602
2020-09-02T06:57:18.466854095,19.484983,-78.48597
2020-09-02T06:57:18.468761444,19.470392,-78.47765
2020-09-02T06:57:18.480587005,19.4771,-78.48622
2020-09-02T06:57:18.548107147,19.500883,-78.47797
2020-09-02T06:57:18.681241989,19.485516,-78.5031
2020-09-02T06:57:18.683530807,19.471634,-78.48663
2020-09-02T06:57:18.691541671,19.458527,-78.49351
2020-09-02T06:57:18.693449020,19.463232,-78.490944
2020-09-02T06:57:18.701461791,19.472942,-78.493416
2020-09-02T06:57:19.233997822,19.5316,-78.83067
2020-09-02T06:57:19.235905171,19.515213,-78.83919
2020-09-02T06:57:19.238193989,19.531586,-78.83066
2020-09-02T06:57:19.243916035,19.5316,-78.83067
2020-09-02T06:57:19.248112202,19.531631,-78.830696
2020-09-02T06:57:19.279774666,19.531551,-78.83073
2020-09-02T06:57:19.281682015,19.531551,-78.830734
2020-09-02T06:57:19.295796872,19.50974,-78.841095
2020-09-02T06:57:19.297704220,19.531578,-78.83074
2020-09-02T06:57:19.353399754,19.531618,-78.830765
2020-09-02T06:57:19.355307103,19.513676,-78.83917
2020-09-02T06:57:19.411002636,19.531696,-78.83078
2020-09-02T06:57:19.448768616,19.531605,-78.830734
2020-09-02T06:57:19.573892594,19.531527,-78.83076
2020-09-02T06:57:19.576181412,19.531534,-78.83077
2020-09-02T06:57:19.578088761,19.513884,-78.83026
2020-09-02T06:57:19.579996110,19.531548,-78.8308
2020-09-02T06:57:19.597925663,19.531597,-78.83071
2020-09-02T06:57:19.599833012,19.523129,-78.83047
2020-09-02T06:57:19.625773430,19.519623,-78.830345
2020-09-02T06:57:19.627680779,19.521275,-78.82505
2020-09-02T06:57:19.629588128,19.51559,-78.83022
2020-09-02T06:57:19.631876946,19.531527,-78.83069
2020-09-02T06:57:19.633784295,19.519003,-78.83031
2020-09-02T06:57:19.635691643,19.509539,-78.83684
2020-09-02T06:57:19.665446759,19.494663,-78.79656
2020-09-02T06:57:19.667354107,19.511175,-78.81389
2020-09-02T06:57:19.669642926,19.496124,-78.80648
2020-09-02T06:57:19.671550274,19.492323,-78.80109
2020-09-02T06:57:19.673457623,19.49468,-78.810745
2020-09-02T06:57:19.750897408,19.512466,-78.83064
2020-09-02T06:57:19.753186226,19.493816,-78.80434
2020-09-02T06:57:19.755093575,19.531479,-78.83069
2020-09-02T06:57:21.737240791,19.48239,-78.920296
2020-09-02T06:57:21.765088558,19.489141,-78.919846
2020-09-02T06:57:21.776914119,19.53161,-78.90778
2020-09-02T06:57:21.802854537,19.49562,-78.90674
2020-09-02T06:57:21.870375633,19.496212,-78.9067
2020-09-02T06:57:23.098727226,18.363234,-83.27533
2020-09-02T06:57:25.106814384,19.451782,-78.82809
2020-09-02T06:57:25.196461677,19.477345,-78.837746
2020-09-02T06:57:25.198369026,19.488344,-78.82917
2020-09-02T06:57:25.249868392,19.488457,-78.828995
2020-09-02T06:57:25.252157211,19.47917,-78.83901
2020-09-02T06:57:25.254064559,19.477497,-78.84156
2020-09-02T06:57:25.271993637,19.482126,-78.84155
2020-09-02T06:57:25.283819198,19.482502,-78.84508
2020-09-02T06:57:25.325400352,19.484621,-78.840256
2020-09-02T06:57:25.327689170,19.451778,-78.82819
2020-09-02T06:57:25.331503868,19.488686,-78.82929
2020-09-02T06:57:25.337607383,19.451849,-78.82821
2020-09-02T06:57:25.341422080,19.478268,-78.84452
2020-09-02T06:57:25.359351158,19.480572,-78.82905
2020-09-02T06:57:25.385292053,19.451792,-78.82822
2020-09-02T06:57:25.470742225,19.496769,-78.82949
2020-09-02T06:57:25.490579605,19.481884,-78.83568
2020-09-02T06:57:25.492486953,19.473314,-78.84575
2020-09-02T06:57:25.504312515,19.475296,-78.84348
2020-09-02T06:57:25.518426895,19.476786,-78.84169
2020-09-02T06:57:25.536355972,19.480024,-78.84057
2020-09-02T06:57:25.554286003,19.477913,-78.83772
2020-09-02T06:57:25.574122428,19.47516,-78.8418
2020-09-02T06:57:25.584040641,19.488947,-78.82927
2020-09-02T06:57:25.627910614,19.481415,-78.82901
2020-09-02T06:57:25.647747039,19.489597,-78.82917
2020-09-02T06:57:25.721371650,19.482855,-78.828995
2020-09-02T06:57:25.743116378,19.47837,-78.8389
2020-09-02T06:57:25.745023727,19.485464,-78.829155
2020-09-02T06:57:26.444649696,18.361574,-83.00444
2020-09-02T06:57:26.452660560,18.361633,-83.00566
2020-09-02T06:57:26.528192520,18.361921,-83.042114
2020-09-02T06:57:26.530481338,18.361725,-83.01438
2020-09-02T06:57:26.583888053,18.3619,-83.04212
2020-09-02T06:57:26.585795402,18.361645,-83.008385
2020-09-02T06:57:26.621654510,18.36184,-83.029305
2020-09-02T06:57:26.671627998,18.37186,-83.01747
2020-09-02T06:57:26.673535346,18.361835,-83.042114
2020-09-02T06:57:26.744871139,18.371552,-83.017075
2020-09-02T06:57:26.747159957,18.361921,-83.04207
2020-09-02T06:57:26.750974655,18.361744,-83.01768
2020-09-02T06:57:26.762800216,18.361712,-83.01713
2020-09-02T06:57:26.788741111,18.368143,-83.01966
2020-09-02T06:57:26.802855491,18.361725,-83.015045
2020-09-02T06:57:26.812773704,18.361757,-83.01891
2020-09-02T06:57:26.860458374,18.368183,-83.0134
2020-09-02T06:57:26.862365722,18.361916,-83.042
2020-09-02T06:57:26.868469238,18.361538,-82.99905
2020-09-02T06:57:26.870376586,18.361542,-83.002205
2020-09-02T06:57:26.872283935,18.361536,-83.00031
2020-09-02T06:57:26.874191284,18.361544,-82.99937
2020-09-02T06:57:26.876098632,18.361532,-82.99604
2020-09-02T06:57:26.878387451,18.376358,-82.99856
2020-09-02T06:57:26.880294799,18.361322,-82.964355
2020-09-02T06:57:26.926072120,18.36189,-83.04207
2020-09-02T06:57:27.053103446,18.373886,-83.010025
2020-09-02T06:57:27.055010795,18.361893,-83.04204
2020-09-02T06:57:27.057299613,18.361692,-83.013985
2020-09-02T06:57:27.059206962,18.361654,-83.0074
2020-09-02T06:57:27.063021659,18.361628,-83.00299
2020-09-02T06:57:27.150760650,18.372885,-83.00882
2020-09-02T06:57:28.959718704,19.41987,-78.79815
2020-09-02T06:57:29.097049713,19.381092,-78.81488
2020-09-02T06:57:29.166478157,19.517605,-78.85644
2020-09-02T06:57:29.188221931,19.403692,-78.81014
2020-09-02T06:57:29.301520347,19.512432,-78.86181
2020-09-02T06:57:29.303809165,19.531864,-78.82988
2020-09-02T06:57:29.375144958,19.532022,-78.86472
2020-09-02T06:57:29.385063171,19.532045,-78.8611
2020-09-02T06:57:29.401085853,19.531948,-78.86551
2020-09-02T06:57:29.422829627,19.45212,-78.827515
2020-09-02T06:57:29.486536026,19.48868,-78.86503
2020-09-02T06:57:29.490732192,19.531866,-78.82985
2020-09-02T06:57:29.502557754,19.531982,-78.86521
2020-09-02T06:57:29.530405998,19.53199,-78.862335
2020-09-02T06:57:29.548335075,19.498863,-78.867615
2020-09-02T06:57:29.566264152,19.531948,-78.86393
2020-09-02T06:57:29.699399948,19.50809,-78.738945
2020-09-02T06:57:29.703214645,19.45189,-78.7502
2020-09-02T06:57:29.705121994,19.398815,-78.76178
2020-09-02T06:57:29.707410812,19.439505,-78.75666
2020-09-02T06:57:29.740980148,19.531721,-78.75255
2020-09-02T06:57:29.872207641,19.500057,-78.44199
2020-09-02T06:57:29.874114990,19.500078,-78.44202
2020-09-02T06:57:29.892045021,19.48809,-78.46812
2020-09-02T06:57:29.934006690,19.530998,-78.44289
2020-09-02T06:57:29.943924903,19.486118,-78.4417
2020-09-02T06:57:29.949647903,19.451052,-78.440796
2020-09-02T06:57:29.951936721,19.48139,-78.464325
2020-09-02T06:57:29.953844070,19.45107,-78.44078
2020-09-02T06:57:29.961854934,19.477776,-78.46074
2020-09-02T06:57:30.005342483,19.500586,-78.464806
2020-09-02T06:57:30.013354301,19.451153,-78.44085
2020-09-02T06:57:30.033190727,19.502316,-78.44214
2020-09-02T06:57:30.035479545,19.530922,-78.4429
2020-09-02T06:57:30.118640899,19.47629,-78.46351
2020-09-02T06:57:30.120929718,19.473343,-78.475784
2020-09-02T06:57:30.132756233,19.451067,-78.440796
2020-09-02T06:57:30.134663581,19.48019,-78.46146
2020-09-02T06:57:30.136570930,19.45107,-78.440834
2020-09-02T06:57:30.140767097,19.480886,-78.46987
2020-09-02T06:57:30.150685310,19.458559,-78.48594
2020-09-02T06:57:30.152592658,19.473297,-78.48383
2020-09-02T06:57:30.154500007,19.45132,-78.518166
2020-09-02T06:57:30.156407356,19.451313,-78.51816
2020-09-02T06:57:30.158696174,19.47289,-78.481636
2020-09-02T06:57:30.162510871,19.451208,-78.47958
2020-09-02T06:57:30.164418220,19.464518,-78.48425
2020-09-02T06:57:30.166707038,19.451263,-78.51819
2020-09-02T06:57:30.168614387,19.451252,-78.5182
2020-09-02T06:57:30.170521736,19.451242,-78.51822
2020-09-02T06:57:30.190358161,19.451307,-78.518166
2020-09-02T06:57:30.194555282,19.451288,-78.51817
2020-09-02T06:57:30.293738365,19.494642,-78.47649
2020-09-02T06:57:30.299841880,19.531013,-78.44288
2020-09-02T06:57:30.303656578,19.49864,-78.47351
2020-09-02T06:57:30.309760093,19.491783,-78.46518
2020-09-02T06:57:30.311667442,19.530994,-78.44296
2020-09-02T06:57:30.313574790,19.507927,-78.47102
2020-09-02T06:57:30.315482139,19.492424,-78.46968
2020-09-02T06:57:30.317771911,19.498537,-78.46358
2020-09-02T06:57:30.319679260,19.530981,-78.44298
2020-09-02T06:57:30.321586608,19.451336,-78.518196
2020-09-02T06:57:30.365455627,19.497055,-78.44426
2020-09-02T06:57:30.367362976,19.490112,-78.45374
2020-09-02T06:57:30.369270324,19.48686,-78.45584
2020-09-02T06:57:30.371177673,19.480787,-78.45873
2020-09-02T06:57:30.373466491,19.480549,-78.425934
2020-09-02T06:57:30.375373840,19.451221,-78.440895
2020-09-02T06:57:30.415047645,19.451223,-78.440956
2020-09-02T06:57:30.416954994,19.487497,-78.427895
2020-09-02T06:57:30.421151161,19.491198,-78.45959
2020-09-02T06:57:30.423058509,19.467152,-78.46052
2020-09-02T06:57:30.424965858,19.451195,-78.44091
2020-09-02T06:57:30.428780555,19.480022,-78.44413
2020-09-02T06:57:30.431069374,19.470367,-78.42162
2020-09-02T06:57:30.432976722,19.487875,-78.43846
2020-09-02T06:57:30.434884071,19.482735,-78.45899
2020-09-02T06:57:30.482568740,19.451128,-78.440865
2020-09-02T06:57:30.494394302,19.45132,-78.51825
2020-09-02T06:57:30.558100700,19.492384,-78.48106
2020-09-02T06:57:30.615703582,19.451307,-78.4966
2020-09-02T06:57:30.617992401,19.512335,-78.4598
2020-09-02T06:57:30.635540962,19.451311,-78.51832
2020-09-02T06:57:30.637829780,19.451298,-78.5183
2020-09-02T06:57:30.828567504,19.451262,-78.483986
2020-09-02T06:57:30.830474853,19.504093,-78.4578
2020-09-02T06:57:30.832382202,19.488018,-78.46315
2020-09-02T06:57:30.834671020,19.48169,-78.44076
2020-09-02T06:57:30.836578369,19.47627,-78.423454
2020-09-02T06:57:32.723356246,19.50828,-78.907234
2020-09-02T06:57:32.750822067,19.531921,-78.90799
2020-09-02T06:57:32.755018234,19.531902,-78.90802
2020-09-02T06:57:32.763031005,19.531872,-78.90805
2020-09-02T06:57:32.846572875,19.513895,-78.90743
2020-09-02T06:57:32.914094924,19.508467,-78.90735
2020-09-02T06:57:32.947664260,19.512745,-78.907486
2020-09-02T06:57:35.033191680,19.509424,-78.82997
2020-09-02T06:57:35.037387847,19.511385,-78.83005
2020-09-02T06:57:35.039295196,19.508303,-78.82996
2020-09-02T06:57:35.120931625,19.492691,-78.82952
2020-09-02T06:57:35.255973815,19.48629,-78.83968
2020-09-02T06:57:35.285728454,19.490852,-78.82933
2020-09-02T06:57:35.287635803,19.488081,-78.82926
2020-09-02T06:57:35.293739318,19.487827,-78.83829
2020-09-02T06:57:35.311668395,19.53184,-78.830666
2020-09-02T06:57:35.355537414,19.507801,-78.82988
2020-09-02T06:57:35.359354019,19.531796,-78.830605
2020-09-02T06:57:35.361261367,19.531788,-78.83062
2020-09-02T06:57:35.436792373,19.482077,-78.83873
2020-09-02T06:57:35.439081192,19.487133,-78.82927
2020-09-02T06:57:35.440988540,19.486227,-78.829254
2020-09-02T06:57:35.498592376,19.49261,-78.829384
2020-09-02T06:57:35.554286956,19.452114,-78.828224
2020-09-02T06:57:35.613798141,19.487617,-78.82929
2020-09-02T06:57:39.073015214,18.32929,-82.98774
2020-09-02T06:57:39.074922562,18.329634,-82.990654
2020-09-02T06:57:39.140536309,18.330334,-82.990166
2020-09-02T06:57:39.210346222,18.362024,-82.964096
2020-09-02T06:57:39.212253571,18.313549,-82.98349
2020-09-02T06:57:39.258030892,18.330154,-82.98808
2020-09-02T06:57:39.297704220,18.33422,-82.97937
2020-09-02T06:57:39.361410618,18.33329,-82.98001
2020-09-02T06:57:39.365225316,18.283066,-82.95958
2020-09-02T06:57:39.417106152,18.329815,-82.98512
2020-09-02T06:57:39.422828198,18.334408,-82.97941
2020-09-02T06:57:39.438849926,18.328585,-82.986206
2020-09-02T06:57:39.484627247,18.333096,-82.981255
2020-09-02T06:57:39.524300576,18.327246,-82.96217
2020-09-02T06:57:39.536126614,18.338984,-82.98088
2020-09-02T06:57:39.540322781,18.32665,-82.96205
2020-09-02T06:57:39.570077897,18.341434,-82.98034
2020-09-02T06:57:39.584192277,18.362038,-82.96415
2020-09-02T06:57:39.659724713,18.337317,-82.98123
2020-09-02T06:57:39.925994397,19.493513,-78.893074
2020-09-02T06:57:39.927901745,19.486862,-78.88902
2020-09-02T06:57:39.929809094,19.532537,-78.86823
2020-09-02T06:57:39.932097912,19.504087,-78.89733
2020-09-02T06:57:39.971771718,19.517729,-78.87931
2020-09-02T06:57:39.973679066,19.49893,-78.883156
2020-09-02T06:57:39.981689930,19.494404,-78.89541
2020-09-02T06:57:39.989700795,19.512863,-78.88232
2020-09-02T06:57:39.991608143,19.503717,-78.90664
2020-09-02T06:57:39.999619484,19.532696,-78.907486
2020-09-02T06:57:40.011445045,19.50298,-78.90659
2020-09-02T06:57:40.083162307,19.49552,-78.882286
2020-09-02T06:57:40.108721256,19.496809,-78.882355
2020-09-02T06:57:40.168612957,19.497387,-78.88114
2020-09-02T06:57:40.222019672,19.518078,-78.875206
2020-09-02T06:57:40.257878303,19.532457,-78.86019
2020-09-02T06:57:40.283818721,19.50199,-78.87463
2020-09-02T06:57:39.916076184,18.199068,-83.2919
2020-09-02T06:57:39.921798230,18.196901,-83.28493
2020-09-02T06:57:39.924087048,18.200857,-83.28438
2020-09-02T06:57:39.925994397,18.191921,-83.28804
2020-09-02T06:57:39.955749512,18.206287,-83.26579
2020-09-02T06:57:39.957656861,18.199976,-83.27616
2020-09-02T06:57:39.959564209,18.21182,-83.27906
2020-09-02T06:57:39.961853028,18.199064,-83.280365
2020-09-02T06:57:39.985504628,18.203602,-83.26449
2020-09-02T06:57:39.987411976,18.204695,-83.26337
2020-09-02T06:57:39.989700795,18.205154,-83.26685
2020-09-02T06:57:39.991608143,18.202997,-83.25533
2020-09-02T06:57:40.021363258,18.206097,-83.23239
2020-09-02T06:57:40.023270606,18.20147,-83.25509
2020-09-02T06:57:40.025177955,18.198484,-83.265305
2020-09-02T06:57:40.031281948,18.206083,-83.25862
2020-09-02T06:57:40.033189296,18.198215,-83.25011
2020-09-02T06:57:40.035478115,18.197733,-83.256294
2020-09-02T06:57:40.037385463,18.20924,-83.26401
2020-09-02T06:57:40.182345867,18.212189,-83.26405
2020-09-02T06:57:40.265889167,18.186468,-83.28417
2020-09-02T06:57:40.267796516,18.200144,-83.25107
2020-09-02T06:57:40.399024009,18.203133,-83.267136
2020-09-02T06:57:40.403220653,18.202017,-83.26701
2020-09-02T06:57:40.405128002,18.205921,-83.22945
2020-09-02T06:57:44.299612045,19.49302,-78.48624
2020-09-02T06:57:44.301900863,19.485664,-78.49037
2020-09-02T06:57:44.319449424,19.490265,-78.49233
2020-09-02T06:57:44.357214927,19.53058,-78.483
2020-09-02T06:57:44.365225791,19.530542,-78.442535
2020-09-02T06:57:44.381248474,19.530483,-78.4426
2020-09-02T06:57:44.454873085,19.497318,-78.48547
2020-09-02T06:57:44.456780433,19.504787,-78.49392
2020-09-02T06:57:44.466698646,19.500856,-78.50093
2020-09-02T06:57:44.472802162,19.45082,-78.517815
2020-09-02T06:57:44.528497695,19.450768,-78.517815
2020-09-02T06:57:44.530405044,19.450758,-78.51782
2020-09-02T06:57:44.571986198,19.493263,-78.472046
2020-09-02T06:57:44.574275016,19.530474,-78.44259
2020-09-02T06:57:44.579997062,19.500444,-78.46967
2020-09-02T06:57:44.581904411,19.491192,-78.476135
2020-09-02T06:57:44.584193229,19.48788,-78.476494
2020-09-02T06:57:44.586100578,19.511074,-78.453415
2020-09-02T06:57:44.588007926,19.501457,-78.45303
2020-09-02T06:57:44.589915275,19.496012,-78.4629
2020-09-02T06:57:44.591822624,19.530472,-78.44252
2020-09-02T06:57:44.594111442,19.485384,-78.51866
2020-09-02T06:57:44.604029655,19.490816,-78.45837
2020-09-02T06:57:44.605937004,19.486189,-78.461
2020-09-02T06:57:44.607844352,19.50298,-78.45209
2020-09-02T06:57:44.623867034,19.488882,-78.441414
2020-09-02T06:57:44.625774383,19.48662,-78.44134
2020-09-02T06:57:44.627681732,19.487932,-78.45411
2020-09-02T06:57:44.629589080,19.482893,-78.466125
2020-09-02T06:57:44.631877899,19.480116,-78.46987
2020-09-02T06:57:44.633785247,19.450615,-78.44032
2020-09-02T06:57:44.671550750,19.471487,-78.440956
2020-09-02T06:57:44.675365447,19.450542,-78.42081
2020-09-02T06:57:44.677654266,19.471458,-78.43012
2020-09-02T06:57:44.679561614,19.450596,-78.440346
2020-09-02T06:57:44.901962280,19.485054,-78.4522
2020-09-02T06:57:44.981690406,19.53022,-78.4424
2020-09-02T06:57:45.273900985,19.531315,-78.906906
2020-09-02T06:57:45.277715682,19.53128,-78.90693
2020-09-02T06:57:45.297933578,19.509659,-78.90622
2020-09-02T06:57:45.353247642,19.531225,-78.9069
2020-09-02T06:57:45.379188537,19.513153,-78.901726
2020-09-02T06:57:45.385292053,19.5187,-78.89287
2020-09-02T06:57:45.387199401,19.531307,-78.906876
2020-09-02T06:57:45.397117614,19.531229,-78.87477
2020-09-02T06:57:45.399024963,19.521704,-78.877304
2020-09-02T06:57:45.401313781,19.516302,-78.87042
2020-09-02T06:57:45.504693984,19.531038,-78.82947
2020-09-02T06:57:45.506601333,19.514238,-78.87454
2020-09-02T06:57:45.510416030,19.531103,-78.86845
2020-09-02T06:57:45.512323379,19.531015,-78.82944
2020-09-02T06:57:45.605784416,19.451418,-78.90452
2020-09-02T06:57:45.623714447,19.531206,-78.90696
2020-09-02T06:57:45.625621795,19.47565,-78.91687
2020-09-02T06:57:45.738920211,19.496262,-78.88104
2020-09-02T06:57:45.743116378,19.50415,-78.88341
2020-09-02T06:57:45.764860153,19.531227,-78.907
2020-09-02T06:57:45.766767501,19.5142,-78.86773
2020-09-02T06:57:45.784696578,19.531097,-78.8664
2020-09-02T06:57:45.812544822,19.51065,-78.876785
2020-09-02T06:57:45.246053695,18.361124,-83.041245
2020-09-02T06:57:45.347525596,18.361113,-83.04117
2020-09-02T06:57:45.349432945,18.377916,-83.04214
2020-09-02T06:57:45.351340293,18.376474,-83.03499
2020-09-02T06:57:45.353247642,18.377754,-83.03418
2020-09-02T06:57:45.355536460,18.378418,-83.03738
2020-09-02T06:57:45.357443809,18.36116,-83.04118
2020-09-02T06:57:45.405128479,18.382559,-83.03303
2020-09-02T06:57:45.407035827,18.361195,-83.041214
2020-09-02T06:57:45.408943176,18.361195,-83.04123
2020-09-02T06:57:45.494394302,18.361097,-83.041214
2020-09-02T06:57:45.530252456,18.381096,-83.018394
2020-09-02T06:57:45.540170669,18.390846,-83.0158
2020-09-02T06:57:45.546274185,18.385227,-83.01919
2020-09-02T06:57:45.548181533,18.392471,-83.01201
2020-09-02T06:57:45.587855339,18.379837,-83.03643
2020-09-02T06:57:45.590144157,18.361115,-83.0412
2020-09-02T06:57:45.593958854,18.380919,-83.03226
2020-09-02T06:57:45.643550872,18.37725,-83.03993
2020-09-02T06:57:45.645458221,18.383064,-83.02373
2020-09-02T06:57:45.649654388,18.37556,-83.042046
2020-09-02T06:57:45.657665252,18.375408,-83.042046
2020-09-02T06:57:45.659572601,18.389643,-83.02456
2020-09-02T06:57:45.663387298,18.374165,-83.041985
2020-09-02T06:57:45.665676116,18.379517,-83.02839
2020-09-02T06:57:45.669490814,18.378134,-83.0405
2020-09-02T06:57:45.671398162,18.375921,-83.04208
2020-09-02T06:57:45.673305511,18.372936,-83.05116
2020-09-02T06:57:45.675595283,18.374645,-83.04336
2020-09-02T06:57:45.729001045,18.37717,-83.0425
2020-09-02T06:57:45.731289863,18.390913,-83.04292
2020-09-02T06:57:45.820555686,18.381134,-83.04093
2020-09-02T06:57:45.822463035,18.361261,-83.05783
2020-09-02T06:57:45.824751853,18.361141,-83.04127
2020-09-02T06:57:45.894180297,18.379074,-83.04231
2020-09-02T06:57:45.997560501,18.36113,-83.04124
2020-09-02T06:57:45.999467849,18.37972,-83.03254
2020-09-02T06:57:46.001375198,18.361116,-83.04121
2020-09-02T06:57:46.007478713,18.389812,-83.024635
2020-09-02T06:57:46.013582229,18.386261,-83.04285
2020-09-02T06:57:46.029222488,18.39016,-83.02645
2020-09-02T06:57:46.041429519,18.36109,-83.04126
2020-09-02T06:57:46.091021537,18.386559,-83.042786
2020-09-02T06:57:46.108951568,18.361113,-83.04132
2020-09-02T06:57:46.134891510,18.386923,-83.04281
2020-09-02T06:57:48.770888328,19.47667,-78.82874
2020-09-02T06:57:48.772795677,19.47857,-78.82882
2020-09-02T06:57:48.830397605,19.451006,-78.827995
2020-09-02T06:57:48.894104957,19.451014,-78.828064
2020-09-02T06:57:48.896012306,19.49562,-78.82936
2020-09-02T06:57:48.902115821,19.484745,-78.828545
2020-09-02T06:57:48.949799537,19.450975,-78.828
2020-09-02T06:57:48.951706886,19.47862,-78.829475
2020-09-02T06:57:48.953995704,19.480328,-78.83114
2020-09-02T06:57:48.955904006,19.482912,-78.84045
2020-09-02T06:57:48.981462478,19.494041,-78.829285
2020-09-02T06:57:49.007402420,19.500431,-78.829575
2020-09-02T06:57:49.009309768,19.451086,-78.8281
2020-09-02T06:57:49.029528617,19.472704,-78.82866
2020-09-02T06:57:49.031435966,19.469717,-78.83198
2020-09-02T06:57:49.033343315,19.47023,-78.84115
2020-09-02T06:57:49.073016166,19.450975,-78.827995
2020-09-02T06:57:49.074923515,19.475357,-78.83227
2020-09-02T06:57:49.081027984,19.450989,-78.827995
2020-09-02T06:57:49.082935333,19.48096,-78.8289
2020-09-02T06:57:49.087131500,19.464478,-78.82845
2020-09-02T06:57:49.089038848,19.451004,-78.82807
2020-09-02T06:57:49.097049713,19.451017,-78.82803
2020-09-02T06:57:49.098957061,19.46366,-78.83814
2020-09-02T06:57:49.134815216,19.488577,-78.826836
2020-09-02T06:57:49.136722564,19.487614,-78.82449
2020-09-02T06:57:49.138629913,19.492466,-78.82205
2020-09-02T06:57:49.140538215,19.506863,-78.82962
2020-09-02T06:57:49.142827033,19.498852,-78.82001
2020-09-02T06:57:49.144734382,19.496403,-78.82034
2020-09-02T06:57:49.146641731,19.5016,-78.82066
2020-09-02T06:57:49.148549079,19.494133,-78.82285
2020-09-02T06:57:49.150456428,19.498255,-78.82947
2020-09-02T06:57:49.216070175,19.487064,-78.82805
2020-09-02T06:57:49.218358993,19.490633,-78.82922
2020-09-02T06:57:49.222173690,19.451056,-78.82804
2020-09-02T06:57:49.256124496,19.530832,-78.83042
2020-09-02T06:57:49.258031845,19.489254,-78.82555
2020-09-02T06:57:49.266043663,19.500872,-78.816055
2020-09-02T06:57:49.267951011,19.500809,-78.814026
2020-09-02T06:57:49.269858360,19.530844,-78.807465
2020-09-02T06:57:49.271765708,19.494911,-78.819084
2020-09-02T06:57:49.274054527,19.530901,-78.83048
2020-09-02T06:57:49.299612998,19.493809,-78.818504
2020-09-02T06:57:49.301901817,19.496157,-78.8124
2020-09-02T06:57:49.309531211,19.451078,-78.82812
2020-09-02T06:57:49.311820030,19.49041,-78.829285
2020-09-02T06:57:49.317542076,19.482094,-78.82904
2020-09-02T06:57:49.325552940,19.522854,-78.78309
2020-09-02T06:57:49.327461242,19.49275,-78.819115
2020-09-02T06:57:49.353401184,19.469658,-78.833786
2020-09-02T06:57:49.373237609,19.473885,-78.82883
2020-09-02T06:57:49.375144958,19.45113,-78.82814
2020-09-02T06:57:49.381248474,19.451141,-78.8281
2020-09-02T06:57:49.458688735,19.500734,-78.815605
2020-09-02T06:57:49.460596084,19.48785,-78.81589
2020-09-02T06:57:49.476617813,19.489368,-78.8207
2020-09-02T06:57:49.494546890,19.47474,-78.82884
2020-09-02T06:57:49.508661270,19.496058,-78.81158
2020-09-02T06:57:51.264211654,15.194686,-82.18779
2020-09-02T06:57:51.266500473,15.20322,-82.18713
2020-09-02T06:57:51.268407821,15.239397,-82.1941
2020-09-02T06:57:51.288246154,15.197593,-82.20865
2020-09-02T06:57:51.290153503,15.193103,-82.19925
2020-09-02T06:57:51.292060852,15.214694,-82.21794
2020-09-02T06:57:51.294349670,15.162741,-82.225044
2020-09-02T06:57:51.301979064,15.197942,-82.22719
2020-09-02T06:57:53.101016998,19.531372,-78.830505
2020-09-02T06:57:53.102924346,19.531374,-78.8305
2020-09-02T06:57:53.124668121,19.519663,-78.83898
2020-09-02T06:57:53.158620834,19.518208,-78.840164
2020-09-02T06:57:53.172353744,19.531422,-78.830574
2020-09-02T06:57:53.174642562,19.531435,-78.83057
2020-09-02T06:57:53.184560775,19.5314,-78.83053
2020-09-02T06:57:53.186468124,19.531366,-78.83051
2020-09-02T06:57:53.188375473,19.52089,-78.84037
2020-09-02T06:57:53.206304550,19.531395,-78.83053
2020-09-02T06:57:53.252080917,19.531448,-78.84237
2020-09-02T06:57:53.253988265,19.531431,-78.83039
2020-09-02T06:57:53.289848327,19.523506,-78.84073
2020-09-02T06:57:53.393228530,19.52232,-78.84592
2020-09-02T06:57:53.422983169,19.531408,-78.83042
2020-09-02T06:57:53.447015762,19.531382,-78.83037
2020-09-02T06:57:53.486688613,19.531313,-78.83051
2020-09-02T06:57:53.076984405,18.40913,-83.02306
2020-09-02T06:57:53.078891754,18.44048,-83.04686
2020-09-02T06:57:53.194478988,18.440496,-83.04679
2020-09-02T06:57:53.335624694,18.408089,-83.01005
2020-09-02T06:57:53.337532043,18.400488,-83.0053
2020-09-02T06:57:53.504619598,18.402178,-83.02025
2020-09-02T06:57:53.506526947,18.39728,-83.0178
2020-09-02T06:57:53.508434295,18.406658,-83.024185
2020-09-02T06:57:53.516445159,18.402884,-83.01628
2020-09-02T06:57:53.518352508,18.420364,-83.02049
2020-09-02T06:57:53.520259857,18.420204,-83.02136
2020-09-02T06:57:53.522548675,18.440557,-83.04674
2020-09-02T06:57:53.532466888,18.440313,-83.013374
2020-09-02T06:57:53.649580001,18.402191,-82.966675
2020-09-02T06:57:53.651487350,18.396393,-82.99989
2020-09-02T06:57:53.653776168,18.393173,-83.0022
2020-09-02T06:57:53.655683517,18.407606,-83.00258
2020-09-02T06:57:53.739225387,18.396067,-82.999725
2020-09-02T06:57:53.741132736,18.361197,-83.001015
2020-09-02T06:57:53.743040084,18.402357,-83.00192
2020-09-02T06:57:53.759063720,18.360817,-82.96441
2020-09-02T06:57:53.760971069,18.391447,-82.99137
2020-09-02T06:57:53.762878417,18.395998,-82.99407
2020-09-02T06:57:53.764785766,18.405897,-82.99585
2020-09-02T06:57:53.767074584,18.389791,-82.98951
2020-09-02T06:57:53.768981933,18.360813,-82.96437
2020-09-02T06:57:53.770889282,18.405815,-82.99848
2020-09-02T06:57:53.772796630,18.407999,-82.9865
2020-09-02T06:57:53.876176834,18.38993,-82.99183
2020-09-02T06:57:53.884187698,18.420454,-82.99655
2020-09-02T06:57:53.961626052,18.390825,-82.99342
2020-09-02T06:57:53.963914871,18.400085,-83.003456
2020-09-02T06:57:53.965822219,18.360828,-82.964355
2020-09-02T06:57:53.967729568,18.408003,-82.98788
2020-09-02T06:57:56.518276214,19.530437,-78.47253
2020-09-02T06:57:56.556041717,19.48652,-78.463524
2020-09-02T06:57:56.560237884,19.497908,-78.442406
2020-09-02T06:57:56.562145233,19.494862,-78.44233
2020-09-02T06:57:56.564052581,19.450481,-78.44115
2020-09-02T06:57:56.581981658,19.487654,-78.442215
2020-09-02T06:57:56.583889007,19.488384,-78.4422
2020-09-02T06:57:56.615934371,19.45055,-78.44118
2020-09-02T06:57:56.617841720,19.476513,-78.4536
2020-09-02T06:57:56.629667282,19.477825,-78.44181
2020-09-02T06:57:56.631956100,19.485514,-78.44353
2020-09-02T06:57:56.633863449,19.450542,-78.44109
2020-09-02T06:57:56.635770797,19.471825,-78.430504
2020-09-02T06:57:56.637678146,19.475508,-78.44434
2020-09-02T06:57:56.639585494,19.478436,-78.43306
2020-09-02T06:57:56.641874313,19.47934,-78.44192
2020-09-02T06:57:56.649503707,19.48056,-78.43117
2020-09-02T06:57:56.651792526,19.484795,-78.44214
2020-09-02T06:57:56.661710739,19.505135,-78.418755
2020-09-02T06:57:56.663618087,19.482887,-78.441956
2020-09-02T06:57:56.665525436,19.4505,-78.44108
2020-09-02T06:57:56.667432785,19.491335,-78.44216
2020-09-02T06:57:56.693372726,19.485188,-78.4943
2020-09-02T06:57:56.697568893,19.450752,-78.51852
2020-09-02T06:57:56.699476242,19.481295,-78.495476
2020-09-02T06:57:56.703290939,19.46821,-78.50259
2020-09-02T06:57:56.705198287,19.473171,-78.496544
2020-09-02T06:57:56.707487106,19.469458,-78.49768
2020-09-02T06:57:56.721221923,19.472954,-78.48805
2020-09-02T06:57:56.723129272,19.47452,-78.48546
2020-09-02T06:57:56.757080078,19.450699,-78.51849
2020-09-02T06:57:56.766998291,19.470924,-78.48933
2020-09-02T06:57:56.768905639,19.464819,-78.49073
2020-09-02T06:57:56.770812988,19.46721,-78.491844
2020-09-02T06:57:56.775009155,19.530392,-78.4433
2020-09-02T06:57:56.776916503,19.488787,-78.4776
2020-09-02T06:57:56.792938232,19.53045,-78.472946
2020-09-02T06:57:56.794845581,19.530445,-78.47259
2020-09-02T06:57:56.802856445,19.530388,-78.44329
2020-09-02T06:57:56.810867309,19.482433,-78.48999
2020-09-02T06:57:56.812774658,19.45078,-78.51854
2020-09-02T06:57:56.870378494,19.486786,-78.450745
2020-09-02T06:57:56.661710739,19.46602,-78.8731
2020-09-02T06:57:56.741058349,19.464758,-78.8733
2020-09-02T06:57:56.784927368,19.45155,-78.86945
2020-09-02T06:57:56.894029617,19.451529,-78.87334
2020-09-02T06:57:56.896318435,19.451494,-78.86971
2020-09-02T06:57:56.957735061,19.47995,-78.4539
2020-09-02T06:57:56.959642410,19.484966,-78.42755
2020-09-02T06:57:56.993595123,19.47806,-78.450806
2020-09-02T06:57:57.019535064,19.492405,-78.47544
2020-09-02T06:57:57.021442413,19.47441,-78.44499
2020-09-02T06:57:57.027545928,19.486263,-78.43182
2020-09-02T06:57:57.029453277,19.484606,-78.43149
2020-09-02T06:57:57.031360626,19.491066,-78.44178
2020-09-02T06:57:57.033267974,19.485931,-78.44016
2020-09-02T06:57:57.035175323,19.513285,-78.411934
2020-09-02T06:57:57.037464141,19.492588,-78.426056
2020-09-02T06:57:57.039371490,19.50296,-78.41516
2020-09-02T06:57:57.041278839,19.498348,-78.425644
2020-09-02T06:57:57.043186187,19.491762,-78.4467
2020-09-02T06:57:57.045475006,19.501019,-78.44245
2020-09-02T06:57:57.051197052,19.53026,-78.41032
2020-09-02T06:57:57.095067977,19.476929,-78.88764
2020-09-02T06:57:57.096975326,19.485489,-78.87358
2020-09-02T06:57:57.098882675,19.476915,-78.883835
2020-09-02T06:57:57.122915267,19.486788,-78.484215
2020-09-02T06:57:57.124822616,19.475721,-78.492744
2020-09-02T06:57:57.134740829,19.48051,-78.88839
2020-09-02T06:57:57.136648178,19.47921,-78.88428
2020-09-02T06:57:57.150762557,19.465961,-78.48336
2020-09-02T06:57:57.152669906,19.462507,-78.4787
2020-09-02T06:57:57.154577255,19.460934,-78.48943
2020-09-02T06:57:57.162588119,19.483175,-78.88746
2020-09-02T06:57:57.166402816,19.491539,-78.90647
2020-09-02T06:57:57.168691635,19.451502,-78.87336
2020-09-02T06:57:57.204168319,19.491966,-78.87961
2020-09-02T06:57:57.232017517,19.480587,-78.88068
2020-09-02T06:57:58.292137145,15.486281,-82.421844
2020-09-02T06:57:58.294044494,15.482461,-82.42561
2020-09-02T06:57:58.296333312,15.480485,-82.429405
2020-09-02T06:57:58.298240661,15.480328,-82.43142
2020-09-02T06:57:58.300148010,15.477027,-82.4343
2020-09-02T06:57:58.302055358,15.484283,-82.44658
2020-09-02T06:57:58.303962707,15.471713,-82.446976
2020-09-02T06:57:58.306251525,15.471615,-82.431854
2020-09-02T06:57:58.308158874,15.471599,-82.43186
2020-09-02T06:57:58.310066223,15.471582,-82.43187
2020-09-02T06:57:58.311973571,15.471577,-82.43187
2020-09-02T06:57:58.313880920,15.4715805,-82.43187
2020-09-02T06:57:58.316169738,15.500754,-82.4332
2020-09-02T06:57:58.318077087,15.471587,-82.43188
2020-09-02T06:57:58.319984436,15.471591,-82.43188
2020-09-02T06:57:58.321891784,15.471596,-82.431885
2020-09-02T06:57:58.423364639,15.494412,-82.40634
2020-09-02T06:57:58.425271987,15.471455,-82.40534
2020-09-02T06:57:58.528652191,15.461459,-82.39494
2020-09-02T06:57:59.343481064,19.53141,-78.82988
2020-09-02T06:57:59.458686829,19.531345,-78.82975
2020-09-02T06:57:59.552148343,19.531416,-78.82983
2020-09-02T06:57:59.663539410,19.531382,-78.82985
2020-09-02T06:57:59.665446759,19.520035,-78.82793
2020-09-02T06:57:59.667735577,19.531378,-78.82986
2020-09-02T06:57:59.669642926,19.51736,-78.829445
2020-09-02T06:57:59.671550274,19.531382,-78.82985
2020-09-02T06:57:59.683375836,19.531494,-78.829765
2020-09-02T06:57:59.689479828,19.531532,-78.82979
2020-09-02T06:57:59.703212739,19.531452,-78.82982
2020-09-02T06:57:59.709316254,19.531418,-78.8298
2020-09-02T06:57:59.731060505,19.531416,-78.82979
2020-09-02T06:57:59.786756039,19.518183,-78.829384
2020-09-02T06:57:59.840543747,19.531404,-78.82982
2020-09-02T06:57:59.854277134,19.531406,-78.82976
2020-09-02T06:57:59.919890881,19.514996,-78.82922
2020-09-02T06:58:02.922103881,19.481714,-78.82912
2020-09-02T06:58:02.953766345,19.451765,-78.82823
2020-09-02T06:58:03.697262763,19.532642,-78.94683
2020-09-02T06:58:03.775083541,19.524107,-78.95907
2020-09-02T06:58:03.806745529,19.531832,-78.93726
2020-09-02T06:58:03.856337547,19.611422,-78.8331
2020-09-02T06:58:03.858244895,19.531815,-78.93482
2020-09-02T06:58:03.862441062,19.53174,-78.90819
2020-09-02T06:58:03.910125732,19.531736,-78.93404
2020-09-02T06:58:03.921951293,19.500294,-78.907295
2020-09-02T06:58:03.937973022,19.53167,-78.90815
2020-09-02T06:58:03.949799537,19.531675,-78.934555
2020-09-02T06:58:03.951706886,19.531675,-78.93396
2020-09-02T06:58:04.039445877,19.518133,-78.929665
2020-09-02T06:58:04.297704696,19.531721,-78.9081
2020-09-02T06:58:04.423210144,19.451908,-78.9497
2020-09-02T06:58:06.206227302,18.361197,-83.01239
2020-09-02T06:58:06.245901107,18.361164,-83.01394
2020-09-02T06:58:06.305792808,18.361385,-83.04237
2020-09-02T06:58:06.307700157,18.361208,-83.01913
2020-09-02T06:58:06.309607505,18.36138,-83.042336
2020-09-02T06:58:06.339362144,18.361359,-83.042305
2020-09-02T06:58:06.341650962,18.36136,-83.0423
2020-09-02T06:58:06.373313903,18.36142,-83.04232
2020-09-02T06:58:06.375221252,18.361422,-83.04232
2020-09-02T06:58:06.427102088,18.361326,-83.02781
2020-09-02T06:58:06.429009437,18.361238,-83.01259
2020-09-02T06:58:06.536203384,18.37879,-83.0036
2020-09-02T06:58:06.538492202,18.370224,-82.996445
2020-09-02T06:58:06.540399551,18.36078,-82.96454
2020-09-02T06:58:06.554133415,18.361029,-82.99693
2020-09-02T06:58:06.556040763,18.361002,-82.99392
2020-09-02T06:58:06.558329582,18.360779,-82.96455
2020-09-02T06:58:06.661708831,18.360973,-82.99436
2020-09-02T06:58:06.665524482,18.380732,-82.98105
2020-09-02T06:58:06.667431831,18.382977,-82.98253
2020-09-02T06:58:06.669339179,18.384756,-82.98268
2020-09-02T06:58:06.671627998,18.361029,-82.99385
2020-09-02T06:58:06.675442695,18.361036,-83.00039
2020-09-02T06:58:06.776914596,18.360765,-82.964516
2020-09-02T06:58:06.778821945,18.380266,-82.989
2020-09-02T06:58:06.786832809,18.387005,-82.99199
2020-09-02T06:58:06.794844627,18.361021,-82.994
2020-09-02T06:58:06.810866355,18.379108,-82.98778
2020-09-02T06:58:06.868469238,18.392904,-82.96642
2020-09-02T06:58:06.870376586,18.384722,-82.99502
2020-09-02T06:58:06.944001197,18.38141,-82.985664
2020-09-02T06:58:06.965744972,18.376125,-82.988914
2020-09-02T06:58:07.047381401,18.360863,-82.96455
2020-09-02T06:58:06.588084220,19.531233,-78.83052
2020-09-02T06:58:06.697567939,19.53129,-78.83057
2020-09-02T06:58:06.699475288,19.531282,-78.83055
2020-09-02T06:58:06.735334396,19.53128,-78.830536
2020-09-02T06:58:06.737241744,19.53128,-78.830536
2020-09-02T06:58:06.790648460,19.531315,-78.83051
2020-09-02T06:58:06.792937278,19.522415,-78.83028
2020-09-02T06:58:06.794844627,19.531296,-78.83057
2020-09-02T06:58:06.796751976,19.531288,-78.83059
2020-09-02T06:58:06.898223876,19.531303,-78.83057
2020-09-02T06:58:06.947815895,19.531328,-78.83057
2020-09-02T06:58:06.952012062,19.531305,-78.83058
2020-09-02T06:58:07.027544021,19.519396,-78.82355
2020-09-02T06:58:07.053103446,19.531351,-78.83055
2020-09-02T06:58:07.055392265,19.53133,-78.83056
2020-09-02T06:58:07.057299613,19.531311,-78.83056
2020-09-02T06:58:07.075228691,19.5314,-78.83048
2020-09-02T06:58:07.103076934,19.522905,-78.83492
2020-09-02T06:58:07.140842437,19.531368,-78.83052
2020-09-02T06:58:07.172505378,19.53136,-78.8305
2020-09-02T06:58:07.192341804,19.53136,-78.83042
2020-09-02T06:58:07.241933822,19.531372,-78.830505
2020-09-02T06:58:09.178685188,19.483206,-78.46842
2020-09-02T06:58:09.198521614,19.486403,-78.442215
2020-09-02T06:58:09.222173690,19.474133,-78.467804
2020-09-02T06:58:09.246206283,19.481247,-78.456505
2020-09-02T06:58:09.248113632,19.480408,-78.46271
2020-09-02T06:58:09.250020980,19.484625,-78.45442
2020-09-02T06:58:09.251928329,19.489857,-78.44215
2020-09-02T06:58:09.258031845,19.474182,-78.46732
2020-09-02T06:58:09.271765708,19.496202,-78.45468
2020-09-02T06:58:09.277869224,19.467686,-78.46738
2020-09-02T06:58:09.291983604,19.451056,-78.44116
2020-09-02T06:58:09.317542076,19.489334,-78.47752
2020-09-02T06:58:09.319830894,19.488688,-78.48256
2020-09-02T06:58:09.321738243,19.488619,-78.47972
2020-09-02T06:58:09.325552940,19.482315,-78.49346
2020-09-02T06:58:09.331657409,19.4653,-78.50503
2020-09-02T06:58:09.337379455,19.45117,-78.5185
2020-09-02T06:58:09.339668273,19.451147,-78.51849
2020-09-02T06:58:09.341575622,19.45114,-78.518486
2020-09-02T06:58:09.343482971,19.46837,-78.50823
2020-09-02T06:58:09.349586486,19.451178,-78.51853
2020-09-02T06:58:09.351493835,19.451183,-78.51853
2020-09-02T06:58:09.357597351,19.459585,-78.51064
2020-09-02T06:58:09.363319396,19.451206,-78.51852
2020-09-02T06:58:09.369422912,19.451262,-78.51856
2020-09-02T06:58:09.373237609,19.451248,-78.51856
2020-09-02T06:58:09.377433776,19.451212,-78.51856
2020-09-02T06:58:09.379341125,19.451193,-78.518555
2020-09-02T06:58:09.385444641,19.451214,-78.51856
2020-09-02T06:58:09.387351989,19.45581,-78.51777
2020-09-02T06:58:09.389260292,19.454283,-78.51691
2020-09-02T06:58:09.391167640,19.443132,-78.51835
2020-09-02T06:58:09.393074989,19.451263,-78.51856
2020-09-02T06:58:09.443047523,19.47767,-78.46838
2020-09-02T06:58:09.456781387,19.485844,-78.46279
2020-09-02T06:58:09.458688735,19.48019,-78.45727
2020-09-02T06:58:09.460977554,19.474308,-78.475426
2020-09-02T06:58:09.462884902,19.451035,-78.44114
2020-09-02T06:58:09.468606948,19.451063,-78.44119
2020-09-02T06:58:09.470895767,19.470303,-78.4726
2020-09-02T06:58:09.472803115,19.46588,-78.46697
2020-09-02T06:58:09.476617813,19.481405,-78.442
2020-09-02T06:58:09.486536026,19.462482,-78.44149
2020-09-02T06:58:09.488824844,19.46057,-78.457184
2020-09-02T06:58:09.490732192,19.451061,-78.44119
2020-09-02T06:58:09.492639541,19.451069,-78.44119
2020-09-02T06:58:09.494546890,19.451075,-78.44119
2020-09-02T06:58:09.496454238,19.451082,-78.44119
2020-09-02T06:58:09.498743057,19.459461,-78.46621
2020-09-02T06:58:09.500650405,19.466333,-78.45689
2020-09-02T06:58:09.568171501,19.49512,-78.44235
2020-09-02T06:58:09.605937957,19.466946,-78.45658
2020-09-02T06:58:09.607845306,19.465567,-78.45623
2020-09-02T06:58:09.721143722,19.479042,-78.46631
2020-09-02T06:58:09.771117210,19.45108,-78.441185
2020-09-02T06:58:09.773024559,19.451082,-78.44119
2020-09-02T06:58:09.886322975,19.474075,-78.45591
2020-09-02T06:58:09.904252052,19.45116,-78.441284
2020-09-02T06:58:10.711454391,19.452293,-78.828156
2020-09-02T06:58:10.759139060,19.452198,-78.82812
2020-09-02T06:58:10.761046409,19.462875,-78.828445
2020-09-02T06:58:10.860229492,19.452219,-78.82802
2020-09-02T06:58:10.900284767,19.465858,-78.82854
2020-09-02T06:58:10.902192115,19.462078,-78.826324
2020-09-02T06:58:10.959794998,19.460812,-78.82581
2020-09-02T06:58:10.961702346,19.452269,-78.82805
2020-09-02T06:58:10.981538772,19.452246,-78.82809
2020-09-02T06:58:10.983827590,19.452248,-78.82808
2020-09-02T06:58:10.985734939,19.452248,-78.82808
2020-09-02T06:58:11.019304275,19.452307,-78.82808
2020-09-02T06:58:11.049442291,19.45234,-78.8281
2020-09-02T06:58:11.051349639,19.452347,-78.8281
2020-09-02T06:58:11.073093414,19.452253,-78.82808
2020-09-02T06:58:11.099033355,19.452217,-78.82807
2020-09-02T06:58:11.100940704,19.452227,-78.82807
2020-09-02T06:58:11.134891510,19.481228,-78.828896
2020-09-02T06:58:11.136798858,19.46952,-78.822495
2020-09-02T06:58:11.138706207,19.469652,-78.819916
2020-09-02T06:58:11.148624420,19.473042,-78.80983
2020-09-02T06:58:11.150531768,19.452242,-78.82809
2020-09-02T06:58:11.212331771,19.469872,-78.818565
2020-09-02T06:58:11.214239120,19.452303,-78.828094
2020-09-02T06:58:11.224157333,19.452257,-78.82804
2020-09-02T06:58:11.226064682,19.462643,-78.82287
2020-09-02T06:58:11.232168197,19.452276,-78.82804
2020-09-02T06:58:11.235982894,19.452291,-78.82804
2020-09-02T06:58:11.240179061,19.452307,-78.82804
2020-09-02T06:58:11.250097274,19.452265,-78.82806
2020-09-02T06:58:11.252004623,19.45228,-78.828064
2020-09-02T06:58:11.268026351,19.452507,-78.82821
2020-09-02T06:58:11.271841049,19.45253,-78.82823
2020-09-02T06:58:11.284049987,19.452398,-78.828186
2020-09-02T06:58:11.305793762,19.457605,-78.83173
2020-09-02T06:58:11.307701110,19.452463,-78.828186
2020-09-02T06:58:11.311897277,19.45249,-78.82818
2020-09-02T06:58:11.313804626,19.459173,-78.82398
2020-09-02T06:58:11.317619323,19.452463,-78.81684
2020-09-02T06:58:11.325630187,19.452496,-78.82819
2020-09-02T06:58:11.327537536,19.459888,-78.833664
2020-09-02T06:58:11.329444885,19.458174,-78.837654
2020-09-02T06:58:11.331733703,19.462835,-78.82911
2020-09-02T06:58:11.333641052,19.452478,-78.82816
2020-09-02T06:58:11.335548400,19.452488,-78.83837
2020-09-02T06:58:11.337455749,19.452446,-78.82816
2020-09-02T06:58:11.339363098,19.452429,-78.82817
2020-09-02T06:58:11.341651916,19.452452,-78.83973
2020-09-02T06:58:11.395057678,19.46476,-78.83476
2020-09-02T06:58:11.435113906,19.452448,-78.84676
2020-09-02T06:58:11.437021255,19.464075,-78.83383
2020-09-02T06:58:11.438928604,19.45242,-78.82812
2020-09-02T06:58:11.453042984,19.460114,-78.840805
2020-09-02T06:58:11.472879409,19.467318,-78.84659
2020-09-02T06:58:11.474786758,19.472582,-78.84954
2020-09-02T06:58:11.494623184,19.466759,-78.839676
2020-09-02T06:58:11.546123504,19.452223,-78.75075
2020-09-02T06:58:11.550319671,19.467272,-78.84024
2020-09-02T06:58:11.578166961,19.452496,-78.81311
2020-09-02T06:58:11.661710739,19.422762,-78.84017
2020-09-02T06:58:11.737241744,19.45246,-78.82811
2020-09-02T06:58:11.739149093,19.452469,-78.828125
2020-09-02T06:58:11.741056442,19.452475,-78.82813
2020-09-02T06:58:11.765089035,19.4148,-78.78582
2020-09-02T06:58:11.766996383,19.39855,-78.77754
2020-09-02T06:58:13.520641326,19.499641,-78.90693
2020-09-02T06:58:13.524456024,19.510853,-78.907295
2020-09-02T06:58:13.526363372,19.506609,-78.90718
2020-09-02T06:58:13.667509078,19.53235,-78.90791
2020-09-02T06:58:13.762878417,19.484344,-78.91069
2020-09-02T06:58:13.768981933,19.532457,-78.90791
2020-09-02T06:58:13.785003662,19.478619,-78.91759
2020-09-02T06:58:13.798736572,19.532497,-78.90791
2020-09-02T06:58:14.689481735,18.46832,-83.14324
2020-09-02T06:58:14.693296432,18.36317,-83.16393
2020-09-02T06:58:14.693296432,18.52081,-83.09248
2020-09-02T06:58:15.639738082,19.531843,-78.83052
2020-09-02T06:58:15.641645431,19.531845,-78.83051
2020-09-02T06:58:15.645841598,19.531836,-78.8305
2020-09-02T06:58:15.647748947,19.531832,-78.83049
2020-09-02T06:58:15.746932983,19.53182,-78.83046
2020-09-02T06:58:15.764862060,19.52136,-78.817535
2020-09-02T06:58:15.767150878,19.53181,-78.83045
2020-09-02T06:58:15.769058227,19.531815,-78.83047
2020-09-02T06:58:15.770965576,19.531818,-78.83048
2020-09-02T06:58:15.772872924,19.531818,-78.830475
2020-09-02T06:58:15.257881164,18.676218,-82.71082
2020-09-02T06:58:15.289924621,18.584204,-82.738235
2020-09-02T06:58:15.257881164,18.518278,-82.773766
2020-09-02T06:58:15.359354019,18.627302,-82.72337
2020-09-02T06:58:15.361261367,18.624428,-82.72263
2020-09-02T06:58:15.424966812,18.518148,-82.77498
2020-09-02T06:58:15.424966812,18.67636,-82.74928
2020-09-02T06:58:15.426874160,18.58473,-82.725586
2020-09-02T06:58:15.542461395,18.676031,-82.71156
2020-09-02T06:58:15.544368743,18.676304,-82.74921
2020-09-02T06:58:15.546276092,18.631638,-82.725494
2020-09-02T06:58:15.548183441,18.676083,-82.71965
2020-09-02T06:58:15.550090789,18.676296,-82.749275
2020-09-02T06:58:15.552379608,18.676073,-82.71803
2020-09-02T06:58:15.558101654,18.676117,-82.72223
2020-09-02T06:58:15.560009002,18.676104,-82.719666
2020-09-02T06:58:15.562297821,18.668213,-82.72676
2020-09-02T06:58:15.564205169,18.65948,-82.718735
2020-09-02T06:58:15.566112518,18.634165,-82.70964
2020-09-02T06:58:15.568019866,18.65759,-82.72407
2020-09-02T06:58:15.570308685,18.648306,-82.72548
2020-09-02T06:58:15.572216033,18.656126,-82.725845
2020-09-02T06:58:15.574123382,18.64339,-82.725716
2020-09-02T06:58:15.576030731,18.676332,-82.749214
2020-09-02T06:58:15.577938079,18.646288,-82.71675
2020-09-02T06:58:15.580226898,18.646994,-82.71199
2020-09-02T06:58:15.600063323,18.641354,-82.70624
2020-09-02T06:58:15.611890792,18.639664,-82.669426
2020-09-02T06:58:15.613798141,18.64385,-82.69831
2020-09-02T06:58:15.615705490,18.630983,-82.71147
2020-09-02T06:58:15.621809005,18.643257,-82.66954
2020-09-02T06:58:15.623716354,18.633707,-82.685425
2020-09-02T06:58:15.625623703,18.63913,-82.69561
2020-09-02T06:58:15.627912521,18.643976,-82.70319
2020-09-02T06:58:15.629819869,18.64702,-82.68894
2020-09-02T06:58:15.834671020,18.564812,-82.72027
2020-09-02T06:58:15.836578369,18.544952,-82.70043
2020-09-02T06:58:16.011676788,18.540792,-82.70477
2020-09-02T06:58:16.013584136,18.544493,-82.69474
2020-09-02T06:58:16.126882553,18.517689,-82.7403
2020-09-02T06:58:16.128789901,18.553082,-82.71403
2020-09-02T06:58:16.130697250,18.561478,-82.70097
2020-09-02T06:58:19.636073113,15.225519,-82.0936
2020-09-02T06:58:19.660106183,15.197199,-82.098785
2020-09-02T06:58:19.662013531,15.239735,-82.1186
2020-09-02T06:58:19.663920880,15.162854,-82.11532
2020-09-02T06:58:19.691768647,15.2391815,-82.099785
2020-09-02T06:58:19.693675995,15.238764,-82.10145
2020-09-02T06:58:19.695964814,15.244378,-82.101776
2020-09-02T06:58:19.697872162,15.244923,-82.09462
2020-09-02T06:58:19.699779511,15.230549,-82.09364
2020-09-02T06:58:19.701686860,15.238365,-82.1128
2020-09-02T06:58:19.817274094,15.226122,-82.09227
2020-09-02T06:58:19.839017869,15.221577,-82.12506
2020-09-02T06:58:19.850843907,15.162746,-82.08143
2020-09-02T06:58:19.868772984,15.239474,-82.04257
2020-09-02T06:58:19.882887841,15.213303,-82.104904
2020-09-02T06:58:20.013352394,19.51897,-78.847176
2020-09-02T06:58:20.015641212,19.503876,-78.8462
2020-09-02T06:58:20.043488979,19.51796,-78.854904
2020-09-02T06:58:20.146868705,19.532108,-78.83089
2020-09-02T06:58:20.148776054,19.532074,-78.83088
2020-09-02T06:58:20.238041400,19.493748,-78.86514
2020-09-02T06:58:20.240330219,19.506105,-78.85731
2020-09-02T06:58:20.242237567,19.490316,-78.851166
2020-09-02T06:58:20.271992683,19.505783,-78.83013
2020-09-02T06:58:20.281911373,19.493378,-78.864525
2020-09-02T06:58:20.337606906,19.53226,-78.85294
2020-09-02T06:58:20.339514255,19.492586,-78.8574
2020-09-02T06:58:20.401313304,19.53211,-78.83096
2020-09-02T06:58:20.429160594,19.532124,-78.83091
2020-09-02T06:58:20.484856128,19.51336,-78.85044
2020-09-02T06:58:20.514611244,19.532074,-78.83092
2020-09-02T06:58:21.961929798,18.361856,-82.96488
2020-09-02T06:58:21.997406959,18.338314,-82.98294
2020-09-02T06:58:21.999695777,18.337645,-82.98483
2020-09-02T06:58:22.019532680,18.361917,-82.964806
2020-09-02T06:58:22.035172939,18.346409,-82.98257
2020-09-02T06:58:22.037461757,18.336424,-82.99727
2020-09-02T06:58:22.079042911,18.361877,-82.964905
2020-09-02T06:58:22.087053775,18.361805,-82.96486
2020-09-02T06:58:22.090868473,18.34708,-82.9861
2020-09-02T06:58:22.116808891,18.330036,-82.997345
2020-09-02T06:58:22.118716239,18.361828,-82.96482
2020-09-02T06:58:22.156482219,18.338121,-82.99656
2020-09-02T06:58:22.224384784,18.36217,-83.019775
2020-09-02T06:58:22.226292610,18.3404,-82.999405
2020-09-02T06:58:22.228199958,18.34005,-82.984924
2020-09-02T06:58:22.248036384,18.342749,-83.01498
2020-09-02T06:58:22.249943733,18.341726,-83.00211
2020-09-02T06:58:22.264058589,18.331352,-82.99158
2020-09-02T06:58:22.265965938,18.331654,-82.994156
2020-09-02T06:58:22.269780635,18.316801,-82.98462
2020-09-02T06:58:22.272069454,18.324663,-82.999535
2020-09-02T06:58:22.273976802,18.330881,-82.994316
2020-09-02T06:58:22.280080318,18.339262,-82.97102
2020-09-02T06:58:22.281987667,18.361929,-82.96486
2020-09-02T06:58:22.333487033,18.332026,-82.98696
2020-09-02T06:58:22.335394382,18.33944,-82.98666
2020-09-02T06:58:22.355612754,18.331139,-82.99767
2020-09-02T06:58:22.357520103,18.340113,-83.00407
2020-09-02T06:58:22.359427452,18.34269,-83.010925
2020-09-02T06:58:22.363242149,18.36215,-82.99827
2020-09-02T06:58:22.379263877,18.361862,-82.96477
2020-09-02T06:58:22.385367870,18.361856,-82.96482
2020-09-02T06:58:22.387275218,18.361858,-82.96486
2020-09-02T06:58:22.391089916,18.336046,-82.96343
2020-09-02T06:58:22.393378734,18.338152,-82.9675
2020-09-02T06:58:22.395286083,18.339836,-82.976265
2020-09-02T06:58:22.397193431,18.361883,-82.96488
2020-09-02T06:58:22.431144714,18.33723,-82.96337
2020-09-02T06:58:22.433052062,18.361916,-82.96478
2020-09-02T06:58:22.434959411,18.361914,-82.96479
2020-09-02T06:58:22.444878101,18.3619,-82.964836
2020-09-02T06:58:22.472725868,18.327415,-82.99938
2020-09-02T06:58:22.490654945,18.3214,-82.99936
2020-09-02T06:58:22.492562294,18.328033,-82.99648
2020-09-02T06:58:22.494469642,18.328276,-82.995674
2020-09-02T06:58:22.520410060,18.31956,-83.00226
2020-09-02T06:58:22.522317409,18.324093,-82.998184
2020-09-02T06:58:22.524606227,18.324556,-82.99528
2020-09-02T06:58:22.610056877,18.319504,-83.00084
2020-09-02T06:58:22.611964225,18.336306,-83.01566
2020-09-02T06:58:23.409248352,19.532059,-78.83076
2020-09-02T06:58:23.496605873,19.532146,-78.83067
2020-09-02T06:58:23.498513221,19.532145,-78.83068
2020-09-02T06:58:23.500420570,19.53214,-78.83068
2020-09-02T06:58:23.522546768,19.532122,-78.83073
2020-09-02T06:58:23.556116104,19.532103,-78.83068
2020-09-02T06:58:23.606089591,19.532166,-78.830666
2020-09-02T06:58:23.661785125,19.532103,-78.83066
2020-09-02T06:58:23.733120918,19.532074,-78.82061
2020-09-02T06:58:23.735028266,19.516712,-78.80848
2020-09-02T06:58:23.760969161,19.532103,-78.83065
2020-09-02T06:58:23.826582908,19.480988,-78.5074
2020-09-02T06:58:23.842604637,19.44524,-78.503105
2020-09-02T06:58:23.872359275,19.446775,-78.5021
2020-09-02T06:58:23.874266624,19.477163,-78.50258
2020-09-02T06:58:23.923858642,19.531267,-78.503395
2020-09-02T06:58:24.011598587,19.496368,-78.52009
2020-09-02T06:58:24.017320632,19.436193,-78.49076
2020-09-02T06:58:24.049364089,19.438078,-78.49036
2020-09-02T06:58:24.132907867,19.421904,-78.4868
2020-09-02T06:58:24.236287117,19.53117,-78.484886
2020-09-02T06:58:24.238194465,19.487967,-78.502174
2020-09-02T06:58:24.240101814,19.427267,-78.489075
2020-09-02T06:58:24.309911727,19.483938,-78.47877
2020-09-02T06:58:24.315634727,19.451311,-78.518875
2020-09-02T06:58:24.514383316,19.517635,-78.46184
2020-09-02T06:58:24.534219741,19.411926,-78.49897
2020-09-02T06:58:24.536508560,19.407389,-78.49412
2020-09-02T06:58:24.594111442,19.371428,-78.51669
2020-09-02T06:58:24.639888763,19.393242,-78.4838
2020-09-02T06:58:24.641796112,19.411469,-78.48206
2020-09-02T06:58:24.643703460,19.499744,-78.466835
2020-09-02T06:58:24.649806976,19.530682,-78.366295
2020-09-02T06:58:24.693295478,19.45111,-78.47946
2020-09-02T06:58:24.719235420,19.45937,-78.50452
2020-09-02T06:58:24.721142768,19.451136,-78.518875
2020-09-02T06:58:24.779127120,19.372435,-78.47287
2020-09-02T06:58:24.781034469,19.38653,-78.47582
2020-09-02T06:58:24.782941818,19.423851,-78.49179
2020-09-02T06:58:24.822615623,19.51694,-78.46861
2020-09-02T06:58:24.824522972,19.516682,-78.45812
2020-09-02T06:58:24.862288475,19.548029,-78.3945
2020-09-02T06:58:25.834670066,19.451416,-78.82841
2020-09-02T06:58:25.943772315,19.45138,-78.82848
2020-09-02T06:58:25.946061134,19.451393,-78.82851
2020-09-02T06:58:25.947968482,19.451406,-78.82853
2020-09-02T06:58:25.971619606,19.451437,-78.82852
2020-09-02T06:58:26.061266899,19.451334,-78.82846
2020-09-02T06:58:26.074999809,19.451338,-78.8285
2020-09-02T06:58:26.927979469,19.509007,-78.91651
2020-09-02T06:58:27.148853302,19.53133,-78.90839
2020-09-02T06:58:27.164494514,19.451458,-78.90599
2020-09-02T06:58:27.168690681,19.513172,-78.90787
2020-09-02T06:58:27.236211776,19.479185,-78.91971
2020-09-02T06:58:27.248037338,19.531233,-78.90847
2020-09-02T06:58:27.259862899,19.506605,-78.90761
2020-09-02T06:58:27.262151718,19.498575,-78.90736
2020-09-02T06:58:27.272069931,19.531311,-78.90834
2020-09-02T06:58:27.285803794,19.531315,-78.90829
2020-09-02T06:58:27.325476646,19.496853,-78.9216
2020-09-02T06:58:27.403297424,19.49769,-78.92099
2020-09-02T06:58:27.423134803,19.508799,-78.90761
2020-09-02T06:58:27.234304428,18.390398,-83.03137
2020-09-02T06:58:27.283896446,18.395832,-83.02905
2020-09-02T06:58:27.397193908,18.399485,-83.04486
2020-09-02T06:58:27.399101257,18.393482,-83.019226
2020-09-02T06:58:27.401008605,18.386843,-83.02756
2020-09-02T06:58:27.403297424,18.36123,-83.04262
2020-09-02T06:58:27.433053016,18.400444,-83.04487
2020-09-02T06:58:27.518503189,18.40169,-83.02823
2020-09-02T06:58:27.548258781,18.397623,-83.044716
2020-09-02T06:58:27.564280509,18.40124,-83.04493
2020-09-02T06:58:27.595943450,18.388552,-83.02299
2020-09-02T06:58:28.327612876,19.485296,-78.82974
2020-09-02T06:58:28.343635559,19.48759,-78.829796
2020-09-02T06:58:28.345542907,19.4868,-78.82978
2020-09-02T06:58:28.353553771,19.451574,-78.82874
2020-09-02T06:58:28.397041320,19.481585,-78.83909
2020-09-02T06:58:28.403145790,19.488266,-78.829834
2020-09-02T06:58:28.411156654,19.48925,-78.82983
2020-09-02T06:58:28.421074867,19.451616,-78.82878
2020-09-02T06:58:28.450829505,19.451675,-78.82871
2020-09-02T06:58:28.470666885,19.451674,-78.828735
2020-09-02T06:58:28.512628555,19.490845,-78.83699
2020-09-02T06:58:28.514535903,19.451698,-78.82874
2020-09-02T06:58:28.558405876,19.484615,-78.82972
2020-09-02T06:58:28.560313224,19.487778,-78.82981
2020-09-02T06:58:28.566035270,19.451693,-78.82872
2020-09-02T06:58:28.599987030,19.485435,-78.82972
2020-09-02T06:58:28.601894378,19.488728,-78.82983
2020-09-02T06:58:28.606090545,19.485422,-78.829765
2020-09-02T06:58:28.607997894,19.485943,-78.8298
2020-09-02T06:58:28.617916107,19.531546,-78.831055
2020-09-02T06:58:28.635845184,19.483574,-78.82968
2020-09-02T06:58:28.679333686,19.487411,-78.829765
2020-09-02T06:58:28.936066627,18.761543,-82.22395
2020-09-02T06:58:28.937973976,18.774971,-82.22365
2020-09-02T06:58:28.939881324,18.751616,-82.20968
2020-09-02T06:58:28.941788673,18.781805,-82.21129
2020-09-02T06:58:28.945984840,18.782028,-82.21133
2020-09-02T06:58:28.949799537,18.782778,-82.21139
2020-09-02T06:58:28.961626052,18.75164,-82.20967
2020-09-02T06:58:28.965822219,18.751627,-82.20968
2020-09-02T06:58:28.997484207,18.77336,-82.23205
2020-09-02T06:58:29.001680374,18.751608,-82.20973
2020-09-02T06:58:29.003587722,18.772738,-82.22762
2020-09-02T06:58:29.005495071,18.759806,-82.22439
2020-09-02T06:58:29.007402420,18.766352,-82.22882
2020-09-02T06:58:29.009691238,18.775143,-82.231026
2020-09-02T06:58:29.011598587,18.763905,-82.22842
2020-09-02T06:58:29.013505935,18.764402,-82.225845
2020-09-02T06:58:29.015413284,18.768383,-82.22495
2020-09-02T06:58:29.017321586,18.751749,-82.22456
2020-09-02T06:58:29.019610404,18.75165,-82.20973
2020-09-02T06:58:29.021517753,18.793047,-82.21194
2020-09-02T06:58:29.023425102,18.751648,-82.20975
2020-09-02T06:58:29.025332450,18.831007,-82.213974
2020-09-02T06:58:29.027239799,18.751646,-82.20977
2020-09-02T06:58:29.033343315,18.751656,-82.20976
2020-09-02T06:58:29.035250663,18.751663,-82.20975
2020-09-02T06:58:29.150837898,18.751667,-82.209694
2020-09-02T06:58:30.128940582,19.531883,-78.815895
2020-09-02T06:58:30.168614387,19.531805,-78.8172
2020-09-02T06:58:30.200277328,19.531889,-78.831055
2020-09-02T06:58:30.202566146,19.531908,-78.83105
2020-09-02T06:58:30.246053695,19.531837,-78.81852
2020-09-02T06:58:30.250249862,19.531822,-78.83109
2020-09-02T06:58:30.281912803,19.531868,-78.83091
2020-09-02T06:58:30.283820152,19.531837,-78.82004
2020-09-02T06:58:30.325782775,19.531872,-78.830986
2020-09-02T06:58:30.327690124,19.53186,-78.83098
2020-09-02T06:58:30.333412170,19.531876,-78.83098
2020-09-02T06:58:30.355537414,19.531948,-78.83094
2020-09-02T06:58:30.357444763,19.531929,-78.83094
2020-09-02T06:58:30.367362976,19.531885,-78.83096
2020-09-02T06:58:30.369270324,19.531881,-78.83096
2020-09-02T06:58:30.371177673,19.531883,-78.83097
2020-09-02T06:58:30.385293006,19.53193,-78.81596
2020-09-02T06:58:30.395211219,19.53196,-78.817924
2020-09-02T06:58:30.401314735,19.531937,-78.81319
2020-09-02T06:58:30.429162025,19.531895,-78.83097
2020-09-02T06:58:30.444803237,19.531897,-78.830986
2020-09-02T06:58:30.470743179,19.531906,-78.81655
2020-09-02T06:58:30.476846694,19.531958,-78.83096
2020-09-02T06:58:30.478754043,19.531961,-78.83097
2020-09-02T06:58:30.486764907,19.531887,-78.81384
2020-09-02T06:58:30.500497817,19.531954,-78.83096
2020-09-02T06:58:30.522624015,19.531923,-78.83089
2020-09-02T06:58:30.526438713,19.531961,-78.83094
2020-09-02T06:58:30.562296867,19.531939,-78.830956
2020-09-02T06:58:30.582134246,19.531849,-78.8005
2020-09-02T06:58:30.647747993,19.531916,-78.831
2020-09-02T06:58:30.653851509,19.531918,-78.830986
2020-09-02T06:58:30.667584419,19.531828,-78.80851
2020-09-02T06:58:30.687421798,19.53188,-78.80155
2020-09-02T06:58:30.719465255,19.53192,-78.830986
2020-09-02T06:58:30.721372604,19.531864,-78.81075
2020-09-02T06:58:30.774779319,19.531902,-78.830894
2020-09-02T06:58:31.065082550,18.284672,-83.27131
2020-09-02T06:58:31.118869781,18.2847,-83.27128
2020-09-02T06:58:31.120777130,18.284698,-83.27126
2020-09-02T06:58:31.148624420,18.284773,-83.27123
2020-09-02T06:58:31.188299179,18.311401,-83.27281
2020-09-02T06:58:31.226064682,18.284744,-83.27125
2020-09-02T06:58:31.252004623,18.298433,-83.25585
2020-09-02T06:58:31.253911972,18.284609,-83.27129
2020-09-02T06:58:32.953767776,18.312483,-83.179214
2020-09-02T06:58:32.963685989,18.283628,-83.15535
2020-09-02T06:58:32.993440628,18.307533,-83.16422
2020-09-02T06:58:32.995729446,18.299473,-83.15225
2020-09-02T06:58:33.025485992,18.283327,-83.11579
2020-09-02T06:58:33.027393341,18.283466,-83.13546
2020-09-02T06:58:33.029300689,18.3059,-83.15294
2020-09-02T06:58:33.031208038,18.300556,-83.14924
2020-09-02T06:58:33.033496856,18.299162,-83.151794
2020-09-02T06:58:33.079273223,18.292837,-83.14043
2020-09-02T06:58:33.081180572,18.283436,-83.15025
2020-09-02T06:58:33.117038726,18.283396,-83.12905
2020-09-02T06:58:33.118946075,18.300459,-83.14701
2020-09-02T06:58:33.120853424,18.30215,-83.154724
2020-09-02T06:58:33.122760772,18.283302,-83.115845
2020-09-02T06:58:33.150609970,18.283201,-83.11577
2020-09-02T06:58:33.152517318,18.29279,-83.12932
2020-09-02T06:58:33.154806137,18.283361,-83.13273
2020-09-02T06:58:33.178457260,18.299976,-83.125786
2020-09-02T06:58:33.180364608,18.305553,-83.14654
2020-09-02T06:58:33.182653427,18.283237,-83.11578
2020-09-02T06:58:33.184560775,18.28323,-83.11578
2020-09-02T06:58:33.202489852,18.305716,-83.13152
2020-09-02T06:58:33.204397201,18.30401,-83.127075
2020-09-02T06:58:33.228048324,18.307201,-83.135506
2020-09-02T06:58:33.230337142,18.310568,-83.122215
2020-09-02T06:58:33.232244491,18.283121,-83.11572
2020-09-02T06:58:33.276115417,18.297274,-83.09925
2020-09-02T06:58:33.278022766,18.305859,-83.1249
2020-09-02T06:58:33.279930114,18.305395,-83.12736
2020-09-02T06:58:33.281837463,18.300215,-83.13875
2020-09-02T06:58:33.283744812,18.296513,-83.13176
2020-09-02T06:58:33.287940979,18.283266,-83.11581
2020-09-02T06:58:33.401239395,18.298595,-83.12549
2020-09-02T06:58:33.403146743,18.307583,-83.11912
2020-09-02T06:58:33.405054092,18.283192,-83.11575
2020-09-02T06:58:33.406961441,18.303816,-83.12643
2020-09-02T06:58:33.582057952,19.467094,-78.88879
2020-09-02T06:58:33.583965301,19.451904,-78.9059
2020-09-02T06:58:33.586254119,19.451832,-78.879944
2020-09-02T06:58:33.607997894,19.45184,-78.90592
2020-09-02T06:58:33.645765304,19.471954,-78.884186
2020-09-02T06:58:33.733121871,19.4685,-78.88403
2020-09-02T06:58:33.741132736,19.467775,-78.88248
2020-09-02T06:58:33.751052856,19.469948,-78.89657
2020-09-02T06:58:33.765167236,19.4674,-78.894714
2020-09-02T06:58:33.802932739,19.46959,-78.889854
2020-09-02T06:58:33.812850952,19.471209,-78.884415
2020-09-02T06:58:33.824676513,19.464624,-78.880745
2020-09-02T06:58:33.836502075,19.451693,-78.87731
2020-09-02T06:58:33.906312942,19.473919,-78.88506
2020-09-02T06:58:33.910127639,19.451868,-78.90595
2020-09-02T06:58:33.928056716,19.468401,-78.884476
2020-09-02T06:58:38.135351181,14.767214,-77.957405
2020-09-02T06:58:38.137258529,14.773698,-77.960884
2020-09-02T06:58:38.139547348,14.767226,-77.96338
2020-09-02T06:58:38.141454696,14.767227,-77.95742
2020-09-02T06:58:38.143362045,14.767226,-77.95743
2020-09-02T06:58:38.145269393,14.767224,-77.957436
2020-09-02T06:58:38.147176742,14.767222,-77.95744
2020-09-02T06:58:38.149465560,14.767221,-77.95745
2020-09-02T06:58:38.151372909,14.767224,-77.96629
2020-09-02T06:58:38.153280258,14.77091,-77.96948
2020-09-02T06:58:38.155187606,14.767223,-77.97172
2020-09-02T06:58:38.157476425,14.767223,-77.97343
2020-09-02T06:58:38.159383773,14.76722,-77.96787
2020-09-02T06:58:38.161291122,14.76722,-77.97201
2020-09-02T06:58:38.163198471,14.767214,-77.95746
2020-09-02T06:58:38.165105819,14.767226,-77.98125
2020-09-02T06:58:38.167394638,14.767228,-77.98256
2020-09-02T06:58:38.169301986,14.767225,-77.97393
2020-09-02T06:58:38.171209335,14.767234,-77.99052
2020-09-02T06:58:38.173116683,14.767243,-77.994446
2020-09-02T06:58:38.175024032,14.767255,-78.00191
2020-09-02T06:58:38.177312850,14.767259,-77.99284
2020-09-02T06:58:38.179220199,14.767266,-77.99177
2020-09-02T06:58:38.181127548,14.767294,-78.03239
2020-09-02T06:58:38.183034896,14.767267,-77.9942
2020-09-02T06:58:38.189138412,14.767221,-77.95742
2020-09-02T06:58:38.191045761,14.730782,-78.03172
2020-09-02T06:58:38.192953109,14.740629,-78.03189
2020-09-02T06:58:38.195241928,14.725827,-78.03162
2020-09-02T06:58:38.197149276,14.720201,-78.03151
2020-09-02T06:58:38.199056625,14.725284,-78.01693
2020-09-02T06:58:38.200963973,14.738112,-78.01126
2020-09-02T06:58:38.202871322,14.738756,-78.01191
2020-09-02T06:58:38.205160140,14.732508,-78.01724
2020-09-02T06:58:38.207069396,14.727917,-78.02324
2020-09-02T06:58:38.208976745,14.73136,-78.02847
2020-09-02T06:58:38.210884094,14.722386,-78.04123
2020-09-02T06:58:38.212791442,14.745403,-78.00655
2020-09-02T06:58:39.144732476,19.450428,-78.51862
2020-09-02T06:58:39.146639824,19.479788,-78.49899
2020-09-02T06:58:39.148547173,19.477629,-78.49769
2020-09-02T06:58:39.150835991,19.45045,-78.51861
2020-09-02T06:58:39.168765545,19.477167,-78.49624
2020-09-02T06:58:39.170672894,19.472923,-78.493706
2020-09-02T06:58:39.172580243,19.471687,-78.4784
2020-09-02T06:58:39.186313153,19.478561,-78.49266
2020-09-02T06:58:39.202335358,19.474,-78.480644
2020-09-02T06:58:39.204242707,19.450321,-78.48859
2020-09-02T06:58:39.214160920,19.474386,-78.48904
2020-09-02T06:58:39.216449738,19.450224,-78.44131
2020-09-02T06:58:39.218357087,19.470001,-78.476715
2020-09-02T06:58:39.220264435,19.450256,-78.47625
2020-09-02T06:58:39.228275776,19.466698,-78.46972
2020-09-02T06:58:39.230183125,19.47345,-78.479256
2020-09-02T06:58:39.250019551,19.450308,-78.474495
2020-09-02T06:58:39.256123543,19.45028,-78.4604
2020-09-02T06:58:39.258030892,19.462328,-78.47104
2020-09-02T06:58:39.259938241,19.469435,-78.47285
2020-09-02T06:58:39.266041756,19.450281,-78.456276
2020-09-02T06:58:39.267949105,19.450256,-78.44133
2020-09-02T06:58:39.269856453,19.45026,-78.44132
2020-09-02T06:58:39.272145272,19.45026,-78.44132
2020-09-02T06:58:39.282063485,19.450245,-78.44129
2020-09-02T06:58:39.283970833,19.450243,-78.4413
2020-09-02T06:58:39.309911252,19.46368,-78.441666
2020-09-02T06:58:39.311818600,19.463728,-78.459
2020-09-02T06:58:39.313725949,19.466389,-78.448975
2020-09-02T06:58:39.315633297,19.466722,-78.4532
2020-09-02T06:58:39.317541123,19.450285,-78.465546
2020-09-02T06:58:39.335470200,19.466145,-78.43316
2020-09-02T06:58:39.337759018,19.465088,-78.454796
2020-09-02T06:58:39.339666367,19.450235,-78.44131
2020-09-02T06:58:39.383154870,19.471296,-78.4916
2020-09-02T06:58:39.385443688,19.468409,-78.50387
2020-09-02T06:58:39.387351037,19.478933,-78.49419
2020-09-02T06:58:39.389258385,19.450336,-78.4956
2020-09-02T06:58:39.391165734,19.45032,-78.488556
2020-09-02T06:58:39.393073082,19.468136,-78.49331
2020-09-02T06:58:39.395361901,19.450369,-78.51869
2020-09-02T06:58:39.397269249,19.450365,-78.5187
2020-09-02T06:58:39.399176598,19.45036,-78.51871
2020-09-02T06:58:39.409094811,19.450314,-78.51864
2020-09-02T06:58:39.415198803,19.450352,-78.51865
2020-09-02T06:58:39.428931714,19.458296,-78.510544
2020-09-02T06:58:39.433127881,19.450294,-78.51866
2020-09-02T06:58:39.435035229,19.450321,-78.51866
2020-09-02T06:58:39.441139222,19.450308,-78.47621
2020-09-02T06:58:39.532311440,19.468077,-78.49912
2020-09-02T06:58:39.534600735,19.465271,-78.46561
2020-09-02T06:58:39.536508084,19.463127,-78.45541
2020-09-02T06:58:39.544518948,19.46283,-78.42718
2020-09-02T06:58:39.546426297,19.462523,-78.45668
2020-09-02T06:58:39.548333645,19.450272,-78.44132
2020-09-02T06:58:39.550240994,19.460999,-78.45151
2020-09-02T06:58:39.552148343,19.45028,-78.44133
2020-09-02T06:58:39.554437161,19.471203,-78.44626
2020-09-02T06:58:39.556344510,19.468544,-78.465546
2020-09-02T06:58:39.558251858,19.469204,-78.45476
2020-09-02T06:58:39.560159207,19.475727,-78.44205
2020-09-02T06:58:39.562066556,19.47503,-78.44204
2020-09-02T06:58:39.564355851,19.450361,-78.47617
2020-09-02T06:58:39.566263199,19.482939,-78.442276
2020-09-02T06:58:39.568170548,19.450314,-78.441414
2020-09-02T06:58:39.570077897,19.473433,-78.415726
2020-09-02T06:58:39.572366715,19.450378,-78.47422
2020-09-02T06:58:39.574274064,19.505953,-78.43545
2020-09-02T06:58:39.576181412,19.45028,-78.4414
2020-09-02T06:58:39.578088761,19.450262,-78.44138
2020-09-02T06:58:39.582284928,19.530046,-78.44351
2020-09-02T06:58:39.592203141,19.450396,-78.51876
2020-09-02T06:58:39.675746441,19.464848,-78.48941
2020-09-02T06:58:39.677653790,19.47511,-78.48618
2020-09-02T06:58:39.695583344,19.433056,-78.51832
2020-09-02T06:58:41.081102848,18.439943,-83.012726
2020-09-02T06:58:41.329443454,18.403715,-83.016815
2020-09-02T06:58:41.331732273,18.416502,-83.02085
2020-09-02T06:58:41.367209434,18.421154,-83.02411
2020-09-02T06:58:40.592051029,19.53127,-78.943275
2020-09-02T06:58:40.673686504,19.511555,-78.93307
2020-09-02T06:58:40.814832687,19.482775,-78.91266
2020-09-02T06:58:40.826658248,19.53112,-78.90819
2020-09-02T06:58:41.003663063,19.512905,-78.91261
2020-09-02T06:58:41.311895370,19.478794,-78.8028
2020-09-02T06:58:41.528573513,19.4434,-78.87932
2020-09-02T06:58:41.530480861,19.451271,-78.828636
2020-09-02T06:58:42.305639266,19.53127,-78.83111
2020-09-02T06:58:42.397193431,19.531254,-78.831116
2020-09-02T06:58:42.399100780,19.531271,-78.83113
2020-09-02T06:58:42.405204296,19.531271,-78.83107
2020-09-02T06:58:42.407111644,19.531267,-78.83103
2020-09-02T06:58:42.558176040,19.531258,-78.822754
2020-09-02T06:58:42.560083389,19.53127,-78.83107
2020-09-02T06:58:42.603953361,19.531338,-78.83111
2020-09-02T06:58:42.608149528,19.526434,-78.83021
2020-09-02T06:58:42.610056877,19.531368,-78.83108
2020-09-02T06:58:42.619975090,19.52622,-78.84579
2020-09-02T06:58:42.621882438,19.531414,-78.84565
2020-09-02T06:58:42.665752410,19.531315,-78.83102
2020-09-02T06:58:42.667659759,19.525671,-78.84044
2020-09-02T06:58:46.387428283,18.283373,-83.27801
2020-09-02T06:58:46.389335632,18.273506,-83.27152
2020-09-02T06:58:46.393150329,18.267494,-83.27543
2020-09-02T06:58:46.395057678,18.253683,-83.268875
2020-09-02T06:58:46.397346496,18.253487,-83.26886
2020-09-02T06:58:46.412986755,18.255348,-83.26894
2020-09-02T06:58:46.448845863,18.28499,-83.27063
2020-09-02T06:58:46.450753211,18.261713,-83.24521
2020-09-02T06:58:46.453042030,18.269772,-83.2572
2020-09-02T06:58:46.454949378,18.266163,-83.252594
2020-09-02T06:58:46.466774940,18.284975,-83.27066
2020-09-02T06:58:46.500726699,18.268648,-83.21697
2020-09-02T06:58:46.502634048,18.265884,-83.21975
2020-09-02T06:58:46.562144279,18.243637,-83.26824
2020-09-02T06:58:46.564051628,18.254782,-83.26541
2020-09-02T06:58:46.596095085,18.26392,-83.248825
2020-09-02T06:58:46.715115547,18.284979,-83.27069
2020-09-02T06:58:46.765089035,18.2352,-83.26772
2020-09-02T06:58:46.778821945,18.206057,-83.265976
2020-09-02T06:58:46.783018112,18.206062,-83.26597
2020-09-02T06:58:46.784925460,18.240265,-83.268
2020-09-02T06:58:46.792937278,18.206068,-83.26601
2020-09-02T06:58:46.991685867,18.24192,-83.268105
2020-09-02T06:58:46.993593215,18.206072,-83.26599
2020-09-02T06:58:49.488824844,19.532166,-78.83074
2020-09-02T06:58:49.510568618,19.532225,-78.83076
2020-09-02T06:58:49.512476921,19.532192,-78.83074
2020-09-02T06:58:49.528498649,19.532112,-78.83078
2020-09-02T06:58:49.560160636,19.532125,-78.83079
2020-09-02T06:58:49.562067985,19.532125,-78.83078
2020-09-02T06:58:49.627681732,19.532053,-78.83081
2020-09-02T06:58:49.629970550,19.53206,-78.83081
2020-09-02T06:58:49.667737007,19.53211,-78.83081
2020-09-02T06:58:49.669644355,19.532103,-78.83083
2020-09-02T06:58:49.673459053,19.532104,-78.8308
2020-09-02T06:58:49.675747871,19.53211,-78.83078
2020-09-02T06:58:49.814604759,19.532015,-78.830864
2020-09-02T06:58:49.816893577,19.53205,-78.83765
2020-09-02T06:58:49.818800926,19.53205,-78.83086
2020-09-02T06:58:49.822616577,19.532063,-78.83086
2020-09-02T06:58:49.896241188,19.531988,-78.830925
2020-09-02T06:58:49.898148536,19.532013,-78.8399
2020-09-02T06:58:50.498590469,19.461805,-78.907425
2020-09-02T06:58:50.502787590,19.452234,-78.90602
2020-09-02T06:58:50.504694938,19.452227,-78.90604
2020-09-02T06:58:50.546275138,19.462112,-78.911255
2020-09-02T06:58:50.554286003,19.47725,-78.90677
2020-09-02T06:58:50.593959808,19.478191,-78.906845
2020-09-02T06:58:50.655758857,19.477068,-78.906815
2020-09-02T06:58:50.669491767,19.452194,-78.90613
2020-09-02T06:58:50.671780586,19.452198,-78.90613
2020-09-02T06:58:50.695432662,19.474417,-78.91869
2020-09-02T06:58:50.703443527,19.470615,-78.921936
2020-09-02T06:58:50.719465255,19.474474,-78.91805
2020-09-02T06:58:50.747312545,19.46465,-78.90939
2020-09-02T06:58:50.775160789,19.476795,-78.91952
2020-09-02T06:58:50.836578369,19.487148,-78.90723
2020-09-02T06:58:50.858322143,19.484142,-78.90716
2020-09-02T06:58:50.876252174,19.483723,-78.920456
2020-09-02T06:58:50.890366554,19.48202,-78.923
2020-09-02T06:58:50.904099464,19.47942,-78.92823
2020-09-02T06:58:50.931946754,19.480759,-78.92331
2020-09-02T06:58:50.943773269,19.48395,-78.907166
2020-09-02T06:58:50.967805862,19.467701,-78.9124
2020-09-02T06:58:50.991838455,19.475515,-78.922554
2020-09-02T06:58:51.073093414,19.48042,-78.92473
2020-09-02T06:58:51.053256988,18.361326,-82.965126
2020-09-02T06:58:51.136798858,18.361298,-82.96515
2020-09-02T06:58:51.268026351,18.36148,-82.97955
2020-09-02T06:58:51.329444885,18.36152,-82.986595
2020-09-02T06:58:51.331733703,18.35847,-82.98244
2020-09-02T06:58:51.333641052,18.361506,-82.98321
2020-09-02T06:58:51.399255752,18.361414,-82.96519
2020-09-02T06:58:51.401163101,18.362066,-82.978836
2020-09-02T06:58:51.458765029,18.364162,-82.981804
2020-09-02T06:58:51.460672378,18.361435,-82.965034
2020-09-02T06:58:51.462961196,18.361542,-82.98082
2020-09-02T06:58:51.464868545,18.361412,-82.96509
2020-09-02T06:58:51.468683242,18.361523,-82.98292
2020-09-02T06:58:51.554134368,18.364742,-82.98117
2020-09-02T06:58:51.556423187,18.36139,-82.965164
2020-09-02T06:58:51.560237884,18.36147,-82.979454
2020-09-02T06:58:51.562145233,18.361502,-82.98479
2020-09-02T06:58:51.564052581,18.36135,-82.96518
2020-09-02T06:58:51.584270477,18.361357,-82.965195
2020-09-02T06:58:51.614025115,18.361477,-82.98077
2020-09-02T06:58:51.615932464,18.368948,-82.98178
2020-09-02T06:58:51.625850677,18.361458,-82.97997
2020-09-02T06:58:51.627758026,18.363558,-82.98693
2020-09-02T06:58:51.629665374,18.365192,-82.98914
2020-09-02T06:58:51.631954193,18.362411,-82.994545
2020-09-02T06:58:51.633861541,18.361622,-82.99925
2020-09-02T06:58:51.641872406,18.361647,-83.00614
2020-09-02T06:58:51.643779754,18.365908,-83.000435
2020-09-02T06:58:51.645687103,18.361637,-83.00605
2020-09-02T06:58:51.683454513,18.361532,-82.9848
2020-09-02T06:58:51.685361862,18.361652,-83.0026
2020-09-02T06:58:51.766996383,18.36146,-82.98241
2020-09-02T06:58:51.768903732,18.361614,-83.003654
2020-09-02T06:58:51.773101806,18.361588,-82.99975
2020-09-02T06:58:51.775009155,18.361717,-83.015976
2020-09-02T06:58:51.776916503,18.361612,-83.00125
2020-09-02T06:58:51.778823852,18.361588,-82.99699
2020-09-02T06:58:51.781112670,18.361618,-83.000374
2020-09-02T06:58:51.904329299,18.364052,-82.99999
2020-09-02T06:58:51.906236648,18.36068,-82.99686
2020-09-02T06:58:51.908143997,18.361555,-83.00746
2020-09-02T06:58:51.910051345,18.361523,-83.003044
2020-09-02T06:58:51.927980422,18.366127,-82.99983
2020-09-02T06:58:52.017627716,18.361252,-82.96523
2020-09-02T06:58:52.019535064,18.36586,-83.00848
2020-09-02T06:58:52.021442413,18.365715,-83.01429
2020-09-02T06:58:52.023349761,18.361605,-83.014755
2020-09-02T06:58:52.025638580,18.361559,-83.007675
2020-09-02T06:58:52.103076934,18.36158,-83.002464
2020-09-02T06:58:52.104984283,18.361542,-82.99672
2020-09-02T06:58:52.312126159,15.224567,-82.125694
2020-09-02T06:58:52.485315322,15.159318,-82.11411
2020-09-02T06:58:52.487222671,15.1827545,-82.11608
2020-09-02T06:58:52.489130020,15.170021,-82.1196
2020-09-02T06:58:52.491037368,15.175594,-82.11335
2020-09-02T06:58:52.544826507,15.181873,-82.12451
2020-09-02T06:58:54.174489974,18.711607,-82.61192
2020-09-02T06:58:54.176397323,18.695507,-82.61825
2020-09-02T06:58:54.178686141,18.70626,-82.60358
2020-09-02T06:58:54.180593490,18.6754,-82.593925
2020-09-02T06:58:54.184408187,18.691936,-82.615204
2020-09-02T06:58:54.186315536,18.67534,-82.594
2020-09-02T06:58:54.188604354,18.67532,-82.594025
2020-09-02T06:58:54.192419052,18.690107,-82.61345
2020-09-02T06:58:54.194326400,18.69768,-82.6024
2020-09-02T06:58:54.196233749,18.69563,-82.60174
2020-09-02T06:58:54.210348129,18.675335,-82.59397
2020-09-02T06:58:54.212255477,18.675337,-82.59398
2020-09-02T06:58:54.214162826,18.686312,-82.60849
2020-09-02T06:58:54.216451644,18.698858,-82.60558
2020-09-02T06:58:54.222173690,18.675339,-82.59402
2020-09-02T06:58:54.224081039,18.691536,-82.6003
2020-09-02T06:58:54.274055480,18.675333,-82.593994
2020-09-02T06:58:54.315635681,18.717005,-82.63353
2020-09-02T06:58:54.317543029,18.714277,-82.63607
2020-09-02T06:58:54.329750061,18.714746,-82.60079
2020-09-02T06:58:54.331657409,18.703657,-82.61428
2020-09-02T06:58:54.359504699,18.75485,-82.63488
2020-09-02T06:58:54.401086807,18.73199,-82.64533
2020-09-02T06:58:54.444955825,18.754875,-82.63304
2020-09-02T06:58:54.484628677,18.699314,-82.60057
2020-09-02T06:58:54.486536026,18.644619,-82.60835
2020-09-02T06:58:54.516292572,18.754683,-82.59834
2020-09-02T06:58:54.524303436,18.719265,-82.62559
2020-09-02T06:58:54.526592254,18.703562,-82.6442
2020-09-02T06:58:54.655530929,18.675978,-82.67164
2020-09-02T06:58:54.657819747,18.725311,-82.64899
2020-09-02T06:58:54.659727096,18.717136,-82.670235
2020-09-02T06:58:54.665449142,18.671314,-82.64886
2020-09-02T06:58:54.667737960,18.675762,-82.637856
2020-09-02T06:58:54.459070205,19.531189,-78.443794
2020-09-02T06:58:54.460977554,19.477781,-78.48944
2020-09-02T06:58:54.466699600,19.492918,-78.47267
2020-09-02T06:58:54.468988418,19.451492,-78.47846
2020-09-02T06:58:54.472803115,19.489674,-78.48366
2020-09-02T06:58:54.474710464,19.490753,-78.46919
2020-09-02T06:58:54.490732192,19.492476,-78.4852
2020-09-02T06:58:54.494548797,19.451378,-78.47924
2020-09-02T06:58:54.498744964,19.4796,-78.48182
2020-09-02T06:58:54.508663177,19.496326,-78.47233
2020-09-02T06:58:54.550243377,19.492054,-78.47427
2020-09-02T06:58:54.556346893,19.488111,-78.467415
2020-09-02T06:58:54.558254241,19.488235,-78.47751
2020-09-02T06:58:54.562450408,19.502668,-78.496414
2020-09-02T06:58:54.572368621,19.482037,-78.500404
2020-09-02T06:58:54.574275970,19.492628,-78.49303
2020-09-02T06:58:54.582286834,19.49391,-78.505905
2020-09-02T06:58:54.588008880,19.504736,-78.49997
2020-09-02T06:58:54.589916229,19.498014,-78.503975
2020-09-02T06:58:54.592205047,19.531326,-78.52118
2020-09-02T06:58:54.604030609,19.451519,-78.51895
2020-09-02T06:58:54.605937957,19.47264,-78.510475
2020-09-02T06:58:54.607845306,19.451546,-78.51893
2020-09-02T06:58:54.615856170,19.451561,-78.51896
2020-09-02T06:58:54.620054244,19.451557,-78.51898
2020-09-02T06:58:54.641798019,19.451527,-78.51086
2020-09-02T06:58:54.643705368,19.451548,-78.51897
2020-09-02T06:58:54.657819747,19.482319,-78.47165
2020-09-02T06:58:54.659727096,19.487997,-78.484955
2020-09-02T06:58:54.661634445,19.451513,-78.48249
2020-09-02T06:58:54.665830612,19.482832,-78.456894
2020-09-02T06:58:54.667737960,19.475756,-78.46004
2020-09-02T06:58:54.679563522,19.477703,-78.442215
2020-09-02T06:58:54.681470870,19.451426,-78.44152
2020-09-02T06:58:54.685667037,19.451405,-78.441536
2020-09-02T06:58:54.699399948,19.47608,-78.4578
2020-09-02T06:58:54.701307296,19.481256,-78.48212
2020-09-02T06:58:54.719236373,19.466717,-78.44201
2020-09-02T06:58:54.721143722,19.472727,-78.4637
2020-09-02T06:58:54.723432540,19.472092,-78.462204
2020-09-02T06:58:54.733350753,19.451448,-78.44153
2020-09-02T06:58:54.735258102,19.474398,-78.44215
2020-09-02T06:58:54.737165451,19.471722,-78.46075
2020-09-02T06:58:54.739072799,19.470997,-78.45356
2020-09-02T06:58:54.741363525,19.475737,-78.47138
2020-09-02T06:58:54.743270874,19.47221,-78.48149
2020-09-02T06:58:54.748992919,19.451431,-78.44158
2020-09-02T06:58:54.751281738,19.451424,-78.44159
2020-09-02T06:58:54.753189086,19.464083,-78.45324
2020-09-02T06:58:54.755096435,19.471731,-78.46984
2020-09-02T06:58:54.779129028,19.451437,-78.428856
2020-09-02T06:58:54.781036376,19.461496,-78.455284
2020-09-02T06:58:54.782943725,19.490606,-78.47607
2020-09-02T06:58:54.784851074,19.480417,-78.4663
2020-09-02T06:58:54.796676635,19.480309,-78.44229
2020-09-02T06:58:54.864580154,19.471264,-78.497536
2020-09-02T06:58:54.989704132,19.476995,-78.46557
2020-09-02T06:58:54.991611480,19.455824,-78.453384
2020-09-02T06:58:55.053409576,19.483387,-78.46855
2020-09-02T06:58:55.057224273,19.451483,-78.44148
2020-09-02T06:58:55.240333557,19.51183,-78.82997
2020-09-02T06:58:55.293739318,19.491982,-78.836426
2020-09-02T06:58:55.319679260,19.494719,-78.841064
2020-09-02T06:58:55.341423034,19.490158,-78.82935
2020-09-02T06:58:55.397119522,19.478699,-78.84136
2020-09-02T06:58:55.416955947,19.48778,-78.84327
2020-09-02T06:58:55.462732315,19.511784,-78.82993
2020-09-02T06:58:55.482568740,19.485165,-78.84421
2020-09-02T06:58:55.496685028,19.493177,-78.82935
2020-09-02T06:58:55.512706756,19.48141,-78.84574
2020-09-02T06:58:55.530635833,19.485327,-78.84328
2020-09-02T06:58:55.546276092,19.496681,-78.82941
2020-09-02T06:58:55.548183441,19.486599,-78.82911
2020-09-02T06:58:55.593959808,19.479568,-78.84614
2020-09-02T06:58:55.608076095,19.490484,-78.84894
2020-09-02T06:58:55.613798141,19.45253,-78.82808
2020-09-02T06:58:55.667585372,19.490295,-78.8426
2020-09-02T06:58:55.693525314,19.488012,-78.8425
2020-09-02T06:58:59.691387177,19.505302,-78.87906
2020-09-02T06:58:59.781033993,19.491045,-78.876686
2020-09-02T06:58:59.812696457,19.508316,-78.86004
2020-09-02T06:58:59.814603806,19.488123,-78.87508
2020-09-02T06:58:59.844740391,19.489977,-78.88265
2020-09-02T06:58:59.846647740,19.532604,-78.90764
2020-09-02T06:58:59.848555089,19.496107,-78.892654
2020-09-02T06:58:59.914168835,19.488092,-78.88496
2020-09-02T06:58:59.916076184,19.452755,-78.86742
2020-09-02T06:58:59.930190564,19.490398,-78.881905
2020-09-02T06:58:59.935913086,19.498615,-78.88244
2020-09-02T06:58:59.959945679,19.491493,-78.887535
2020-09-02T06:58:59.961853028,19.495338,-78.87558
2020-09-02T06:58:59.965667725,19.532606,-78.90762
2020-09-02T06:58:59.973679066,19.488987,-78.88461
2020-09-02T06:58:59.995804310,19.488207,-78.88617
2020-09-02T06:58:59.997712136,19.476902,-78.88035
2020-09-02T06:59:00.007630348,19.48483,-78.889336
2020-09-02T06:59:00.027466773,19.48753,-78.88529
2020-09-02T06:59:00.059129714,19.48409,-78.88943
2020-09-02T06:59:00.061418533,19.482805,-78.87898
2020-09-02T06:59:00.101091861,19.502771,-78.88001
2020-09-02T06:59:00.102999210,19.491156,-78.88567
2020-09-02T06:59:00.104906558,19.500078,-78.884926
2020-09-02T06:59:00.119020938,19.489029,-78.88799
2020-09-02T06:59:00.152591228,19.505442,-78.88233
2020-09-02T06:59:00.154880046,19.484507,-78.88259
2020-09-02T06:59:00.164798259,19.497076,-78.87228
2020-09-02T06:59:00.186542510,19.500399,-78.88249
2020-09-02T06:59:00.210193634,19.48784,-78.88459
2020-09-02T06:59:00.212482452,19.503757,-78.9068
2020-09-02T06:59:00.228123188,19.48684,-78.88513
2020-09-02T06:59:00.232319355,19.532522,-78.907684
2020-09-02T06:59:00.234226703,19.485786,-78.887
2020-09-02T06:59:00.248341560,19.484161,-78.88652
2020-09-02T06:59:00.399405956,19.506334,-78.90032
2020-09-02T06:59:00.403220653,19.532433,-78.907585
2020-09-02T06:59:00.405128002,19.5324,-78.88973
2020-09-02T06:59:00.407035350,19.53246,-78.90762
2020-09-02T06:59:00.442893981,19.532465,-78.907684
2020-09-02T06:59:01.667812347,19.532034,-78.83032
2020-09-02T06:59:01.669719696,19.532034,-78.830315
2020-09-02T06:59:01.888305187,19.532145,-78.83024
2020-09-02T06:59:01.890212535,19.532131,-78.83024
2020-09-02T06:59:01.942092895,19.532185,-78.83031
2020-09-02T06:59:01.945907592,19.532194,-78.83032
2020-09-02T06:59:01.947815418,19.5322,-78.83032
2020-09-02T06:59:01.950104236,19.532204,-78.83033
2020-09-02T06:59:02.003510475,19.525717,-78.8223
2020-09-02T06:59:02.005417823,19.532038,-78.830315
2020-09-02T06:59:02.007706642,19.532028,-78.83032
2020-09-02T06:59:02.027543544,19.532112,-78.821205
2020-09-02T06:59:02.037461757,19.532108,-78.8303
2020-09-02T06:59:02.055391311,19.531979,-78.830284
2020-09-02T06:59:02.091249942,19.531998,-78.83032
2020-09-02T06:59:02.093157291,19.531992,-78.83031
2020-09-02T06:59:02.095064640,19.531986,-78.8303
2020-09-02T06:59:02.096971988,19.531982,-78.83029
2020-09-02T06:59:02.098879337,19.531977,-78.830284
2020-09-02T06:59:02.116808891,19.531935,-78.83026
2020-09-02T06:59:02.119097709,19.531893,-78.83024
2020-09-02T06:59:02.121005058,19.531858,-78.830215
2020-09-02T06:59:02.168689727,19.52352,-78.82271
2020-09-02T06:59:02.198444843,19.531872,-78.830246
2020-09-02T06:59:02.200352191,19.531874,-78.830246
2020-09-02T06:59:02.208363056,19.531889,-78.83018
2020-09-02T06:59:02.218281269,19.53187,-78.82097
2020-09-02T06:59:02.238118171,19.531862,-78.83023
2020-09-02T06:59:02.249943733,19.531855,-78.83019
2020-09-02T06:59:02.252232551,19.531849,-78.830185
2020-09-02T06:59:02.262151241,19.531805,-78.817764
2020-09-02T06:59:02.267873287,19.531927,-78.83017
2020-09-02T06:59:02.289999008,19.531906,-78.830124
2020-09-02T06:59:02.291906356,19.531906,-78.83014
2020-09-02T06:59:02.311742782,19.52264,-78.82111
2020-09-02T06:59:02.375449180,19.531921,-78.8302
2020-09-02T06:59:02.387275218,19.531853,-78.83015
2020-09-02T06:59:04.904251098,19.488836,-78.82899
2020-09-02T06:59:04.917984008,19.493216,-78.82902
2020-09-02T06:59:04.938202857,19.490007,-78.82899
2020-09-02T06:59:04.953843116,19.487568,-78.82887
2020-09-02T06:59:04.975968360,19.490484,-78.82893
2020-09-02T06:59:05.021364212,19.488413,-78.82888
2020-09-02T06:59:05.025560379,19.451689,-78.8278
2020-09-02T06:59:06.703289985,19.53136,-78.830154
2020-09-02T06:59:06.848631858,19.531372,-78.83018
2020-09-02T06:59:06.850540161,19.518438,-78.82979
2020-09-02T06:59:06.852447509,19.531376,-78.83017
2020-09-02T06:59:06.854354858,19.531357,-78.83018
2020-09-02T06:59:06.890213012,19.531355,-78.83023
2020-09-02T06:59:06.932175636,19.53136,-78.83017
2020-09-02T06:59:06.947815895,19.53133,-78.830154
2020-09-02T06:59:09.472803115,18.426517,-83.04568
2020-09-02T06:59:09.474710464,18.439907,-83.04645
2020-09-02T06:59:09.476617813,18.43993,-83.04644
2020-09-02T06:59:09.484628677,18.426043,-83.045616
2020-09-02T06:59:09.510568618,18.439993,-83.04642
2020-09-02T06:59:09.512476921,18.439964,-83.04642
2020-09-02T06:59:09.594112396,18.439947,-83.046486
2020-09-02T06:59:09.597927093,18.43991,-83.046524
2020-09-02T06:59:09.721143722,18.439884,-83.04646
2020-09-02T06:59:09.723432540,18.453773,-83.06083
2020-09-02T06:59:09.782942771,18.428385,-83.03219
2020-09-02T06:59:09.789046287,18.439907,-83.04651
2020-09-02T06:59:09.790953636,18.439907,-83.04651
2020-09-02T06:59:09.794768333,18.42609,-83.03176
2020-09-02T06:59:09.810790061,18.449476,-83.04929
2020-09-02T06:59:09.848556518,18.439829,-83.04651
2020-09-02T06:59:09.862289428,18.439913,-83.04647
2020-09-02T06:59:09.878311157,18.439896,-83.04648
2020-09-02T06:59:09.882507324,18.439896,-83.04648
2020-09-02T06:59:09.884415626,18.439901,-83.04648
2020-09-02T06:59:09.937821388,18.439917,-83.04649
2020-09-02T06:59:09.945833206,18.439882,-83.04648
2020-09-02T06:59:09.951936721,18.432045,-83.026375
2020-09-02T06:59:09.953844070,18.41592,-83.02767
2020-09-02T06:59:09.955751419,18.439669,-83.021614
2020-09-02T06:59:09.958040237,18.439707,-83.02573
2020-09-02T06:59:09.959947586,18.439722,-83.0269
2020-09-02T06:59:09.963762283,18.439728,-83.02474
2020-09-02T06:59:09.979784011,18.42381,-83.016174
2020-09-02T06:59:09.981691360,18.416063,-83.04505
2020-09-02T06:59:09.983598709,18.433617,-83.02871
2020-09-02T06:59:10.001527786,18.439903,-83.04646
2020-09-02T06:59:10.003435134,18.42692,-83.0241
2020-09-02T06:59:10.021365165,18.422956,-83.018265
2020-09-02T06:59:10.148777961,18.41406,-83.02095
2020-09-02T06:59:10.150685310,18.360785,-83.0419
2020-09-02T06:59:10.160603523,18.43955,-83.00864
2020-09-02T06:59:10.166707038,18.439875,-83.04642
2020-09-02T06:59:11.115055084,19.501638,-78.49984
2020-09-02T06:59:11.128787994,19.496475,-78.481415
2020-09-02T06:59:11.130695343,19.49021,-78.48279
2020-09-02T06:59:11.138706207,19.52982,-78.47036
2020-09-02T06:59:11.152822494,19.49609,-78.47474
2020-09-02T06:59:11.168462753,19.498272,-78.442474
2020-09-02T06:59:11.170751571,19.529728,-78.44333
2020-09-02T06:59:11.180669784,19.450127,-78.5185
2020-09-02T06:59:11.192495346,19.485903,-78.458244
2020-09-02T06:59:11.194402694,19.48462,-78.45789
2020-09-02T06:59:11.196310043,19.49921,-78.454956
2020-09-02T06:59:11.224157333,19.501389,-78.451965
2020-09-02T06:59:11.234075546,19.489012,-78.44976
2020-09-02T06:59:11.236364364,19.498442,-78.44249
2020-09-02T06:59:11.240179061,19.450077,-78.518555
2020-09-02T06:59:11.242086410,19.47191,-78.506836
2020-09-02T06:59:11.248189926,19.450108,-78.5185
2020-09-02T06:59:11.258108139,19.458183,-78.5134
2020-09-02T06:59:11.260015487,19.450115,-78.51849
2020-09-02T06:59:11.266119003,19.450125,-78.51846
2020-09-02T06:59:11.268026351,19.450129,-78.51845
2020-09-02T06:59:11.274129867,19.450104,-78.518425
2020-09-02T06:59:11.276039123,19.458298,-78.51227
2020-09-02T06:59:11.284049987,19.450062,-78.51841
2020-09-02T06:59:11.285957336,19.450071,-78.51842
2020-09-02T06:59:11.295875549,19.450083,-78.51841
2020-09-02T06:59:11.301979064,19.51206,-78.46239
2020-09-02T06:59:11.309989929,19.48904,-78.45112
2020-09-02T06:59:11.313804626,19.529737,-78.443184
2020-09-02T06:59:11.323722839,19.529787,-78.466805
2020-09-02T06:59:11.327537536,19.529696,-78.44317
2020-09-02T06:59:11.329826354,19.499622,-78.43804
2020-09-02T06:59:11.331733703,19.497768,-78.456535
2020-09-02T06:59:11.333641052,19.494045,-78.45656
2020-09-02T06:59:11.349662780,19.518421,-78.41953
2020-09-02T06:59:11.351570129,19.52976,-78.443275
2020-09-02T06:59:11.353477478,19.529701,-78.41655
2020-09-02T06:59:11.413370132,19.465332,-78.51208
2020-09-02T06:59:11.415277481,19.48697,-78.488014
2020-09-02T06:59:11.506448745,19.500938,-78.46328
2020-09-02T06:59:11.508737564,19.470343,-78.47447
2020-09-02T06:59:11.514459609,19.450056,-78.51845
2020-09-02T06:59:11.516748428,19.4632,-78.50503
2020-09-02T06:59:11.518655776,19.45003,-78.51845
2020-09-02T06:59:11.520563125,19.450016,-78.518456
2020-09-02T06:59:11.522470474,19.45005,-78.51845
2020-09-02T06:59:11.526668548,19.450125,-78.518425
2020-09-02T06:59:11.528575897,19.464128,-78.50885
2020-09-02T06:59:11.534297943,19.450176,-78.51844
2020-09-02T06:59:11.536586761,19.456066,-78.51648
2020-09-02T06:59:11.538494110,19.459307,-78.51523
2020-09-02T06:59:11.558330535,19.450056,-78.50917
2020-09-02T06:59:11.564434051,19.462742,-78.510735
2020-09-02T06:59:11.566341400,19.478859,-78.48868
2020-09-02T06:59:11.617839813,19.465166,-78.50992
2020-09-02T06:59:11.620128631,19.465368,-78.49829
2020-09-02T06:59:11.647596359,19.4588,-78.50898
2020-09-02T06:59:11.649885177,19.453114,-78.509705
2020-09-02T06:59:11.651792526,19.45025,-78.50499
2020-09-02T06:59:11.653699874,19.471252,-78.50063
2020-09-02T06:59:11.659803390,19.450146,-78.51844
2020-09-02T06:59:11.661710739,19.450115,-78.50505
2020-09-02T06:59:11.677732467,19.450071,-78.497665
2020-09-02T06:59:11.679639816,19.450111,-78.518456
2020-09-02T06:59:11.681547164,19.469757,-78.5026
2020-09-02T06:59:11.683454513,19.450058,-78.494576
2020-09-02T06:59:11.695661544,19.450138,-78.518524
2020-09-02T06:59:11.723508834,19.458288,-78.49603
2020-09-02T06:59:11.725416183,19.45884,-78.5062
2020-09-02T06:59:11.768903732,19.484468,-78.50471
2020-09-02T06:59:11.771194458,19.458315,-78.50422
2020-09-02T06:59:11.786834716,19.463348,-78.49966
2020-09-02T06:59:11.789123535,19.450142,-78.49259
2020-09-02T06:59:12.486841201,19.480442,-78.88816
2020-09-02T06:59:12.490655899,19.485352,-78.89058
2020-09-02T06:59:12.544445037,19.53083,-78.9078
2020-09-02T06:59:12.621883392,19.530663,-78.87991
2020-09-02T06:59:12.623790740,19.485035,-78.88746
2020-09-02T06:59:12.651639938,19.483633,-78.89677
2020-09-02T06:59:12.653547286,19.491209,-78.90656
2020-09-02T06:59:12.723356246,19.505302,-78.88495
2020-09-02T06:59:12.725263595,19.450972,-78.90538
2020-09-02T06:59:12.731367111,19.503777,-78.883446
2020-09-02T06:59:12.733274459,19.501328,-78.894356
2020-09-02T06:59:12.735181808,19.530743,-78.90775
2020-09-02T06:59:12.745100021,19.495136,-78.90607
2020-09-02T06:59:12.824829101,19.486452,-78.89507
2020-09-02T06:59:12.826736450,19.483528,-78.89307
2020-09-02T06:59:12.828643798,19.490025,-78.906624
2020-09-02T06:59:12.834747314,19.530792,-78.907845
2020-09-02T06:59:12.961778640,19.482748,-78.89631
2020-09-02T06:59:12.964067459,19.476519,-78.88676
2020-09-02T06:59:12.965974807,19.485031,-78.88614
2020-09-02T06:59:13.027393341,19.490452,-78.87796
2020-09-02T06:59:13.029300689,19.479563,-78.886955
2020-09-02T06:59:13.117038726,19.484587,-78.88035
2020-09-02T06:59:13.156713485,19.493633,-78.87713
2020-09-02T06:59:13.216222763,19.498922,-78.876595
2020-09-02T06:59:18.200582504,19.531511,-78.907555
2020-09-02T06:59:18.281837463,19.531517,-78.90767
2020-09-02T06:59:18.303962707,19.531569,-78.907646
2020-09-02T06:59:18.365381240,19.48098,-78.917496
2020-09-02T06:59:18.383310317,19.479498,-78.9164
2020-09-02T06:59:18.405054092,19.484524,-78.91831
2020-09-02T06:59:18.407342910,19.507256,-78.90684
2020-09-02T06:59:18.437097549,19.47906,-78.91836
2020-09-02T06:59:18.445108413,19.53136,-78.83011
2020-09-02T06:59:18.472957611,19.50084,-78.90665
2020-09-02T06:59:18.498516082,19.531296,-78.830124
2020-09-02T06:59:18.500804901,19.53129,-78.830124
2020-09-02T06:59:18.540477752,19.531353,-78.83015
2020-09-02T06:59:18.542385101,19.531355,-78.83013
2020-09-02T06:59:18.607999801,19.531307,-78.83012
2020-09-02T06:59:18.609907150,19.531322,-78.83013
2020-09-02T06:59:18.611814498,19.53133,-78.83013
2020-09-02T06:59:18.659879684,19.531353,-78.83007
2020-09-02T06:59:18.661787033,19.531359,-78.83006
2020-09-02T06:59:18.663694381,19.531363,-78.83004
2020-09-02T06:59:18.665601730,19.531366,-78.83001
2020-09-02T06:59:18.667509078,19.534311,-78.825424
2020-09-02T06:59:18.669797897,19.531374,-78.82996
2020-09-02T06:59:18.755249023,19.531338,-78.830055
2020-09-02T06:59:18.763259887,19.531328,-78.82999
2020-09-02T06:59:18.768981933,19.531288,-78.829994
2020-09-02T06:59:18.812850952,19.53133,-78.82997
2020-09-02T06:59:18.814758300,19.535267,-78.822464
2020-09-02T06:59:18.816665649,19.531345,-78.82998
2020-09-02T06:59:18.888383865,19.531446,-78.82994
2020-09-02T06:59:18.890291213,19.531464,-78.82993
2020-09-02T06:59:18.898302078,19.531406,-78.81725
2020-09-02T06:59:18.900209426,19.53143,-78.830055
2020-09-02T06:59:18.910127639,19.531418,-78.829994
2020-09-02T06:59:18.952091217,19.526499,-78.82237
2020-09-02T06:59:18.955905914,19.526009,-78.81868
2020-09-02T06:59:18.959720611,19.531326,-78.82991
2020-09-02T06:59:18.971927642,19.527498,-78.81854
2020-09-02T06:59:18.973834991,19.526075,-78.816826
2020-09-02T06:59:18.975742340,19.528706,-78.8181
2020-09-02T06:59:18.977649688,19.527826,-78.81213
2020-09-02T06:59:18.979938507,19.527435,-78.809586
2020-09-02T06:59:19.001682281,19.531315,-78.78655
2020-09-02T06:59:19.003589630,19.522541,-78.80217
2020-09-02T06:59:19.005496978,19.528328,-78.800865
2020-09-02T06:59:19.007785797,19.510258,-78.79511
2020-09-02T06:59:19.025333404,19.512653,-78.792755
2020-09-02T06:59:19.027622222,19.496883,-78.78193
2020-09-02T06:59:19.029529571,19.520367,-78.80353
2020-09-02T06:59:19.033344268,19.494835,-78.76355
2020-09-02T06:59:19.035633087,19.531456,-78.829926
2020-09-02T06:59:19.139013290,19.516273,-78.79751
2020-09-02T06:59:19.186697006,19.524893,-78.81771
2020-09-02T06:59:19.188604354,19.502245,-78.786644
2020-09-02T06:59:19.226371765,19.531368,-78.82006
2020-09-02T06:59:19.228279113,19.498154,-78.77946
2020-09-02T06:59:19.234382629,19.451384,-78.75014
2020-09-02T06:59:19.248115539,19.519653,-78.80519
2020-09-02T06:59:19.308006286,19.521288,-78.81201
2020-09-02T06:59:19.309913635,19.49814,-78.78161
2020-09-02T06:59:19.339670181,19.483286,-78.76296
2020-09-02T06:59:19.341577529,19.508322,-78.79259
2020-09-02T06:59:19.343484878,19.494343,-78.78647
2020-09-02T06:59:19.345773696,19.496227,-78.78733
2020-09-02T06:59:19.347681045,19.494425,-78.786385
2020-09-02T06:59:19.349588394,19.495218,-78.78525
2020-09-02T06:59:19.351495742,19.488989,-78.78486
2020-09-02T06:59:19.353403091,19.489626,-78.78829
2020-09-02T06:59:19.363321304,19.451353,-78.75009
2020-09-02T06:59:19.373620986,19.451448,-78.75019
2020-09-02T06:59:19.375528335,19.472055,-78.76644
2020-09-02T06:59:19.377435684,19.451471,-78.75024
2020-09-02T06:59:19.379343032,19.46304,-78.76273
2020-09-02T06:59:19.381250381,19.476254,-78.7755
2020-09-02T06:59:19.383539199,19.508041,-78.78535
2020-09-02T06:59:19.466701507,19.516388,-78.806786
2020-09-02T06:59:19.468990325,19.494726,-78.75133
2020-09-02T06:59:19.477001190,19.4514,-78.75012
2020-09-02T06:59:19.484630584,19.512678,-78.79927
2020-09-02T06:59:19.486919403,19.48007,-78.78056
2020-09-02T06:59:19.498744964,19.493786,-78.78392
2020-09-02T06:59:19.500652313,19.46304,-78.77264
2020-09-02T06:59:19.502559661,19.52009,-78.7997
2020-09-02T06:59:19.510570526,19.458366,-78.76447
2020-09-02T06:59:19.512477874,19.498413,-78.79189
2020-09-02T06:59:19.524684906,19.476355,-78.77618
2020-09-02T06:59:19.526592254,19.488869,-78.769684
2020-09-02T06:59:19.625776290,19.508318,-78.79886
2020-09-02T06:59:19.628065109,19.458292,-78.77009
2020-09-02T06:59:19.629972457,19.515167,-78.79814
2020-09-02T06:59:19.655912399,19.525208,-78.81553
2020-09-02T06:59:19.661634445,19.451363,-78.750046
2020-09-02T06:59:19.663541793,19.471167,-78.76978
2020-09-02T06:59:19.671552658,19.44775,-78.76594
2020-09-02T06:59:19.673460006,19.461256,-78.77013
2020-09-02T06:59:19.727249145,19.505558,-78.79306
2020-09-02T06:59:19.729156494,19.4682,-78.779106
2020-09-02T06:59:19.802780151,19.451447,-78.75009
2020-09-02T06:59:19.804687500,19.508091,-78.80714
2020-09-02T06:59:19.806976318,19.5082,-78.76945
2020-09-02T06:59:19.808883666,19.53146,-78.82977
2020-09-02T06:59:19.808881283,19.455366,-78.76776
2020-09-02T06:59:19.816892624,19.442451,-78.76405
2020-09-02T06:59:19.828718186,19.428627,-78.773476
2020-09-02T06:59:19.830625535,19.42475,-78.77771
2020-09-02T06:59:19.832532883,19.445133,-78.77939
2020-09-02T06:59:19.834821702,19.469465,-78.78927
2020-09-02T06:59:19.836729050,19.503786,-78.78684
2020-09-02T06:59:19.838636399,19.47764,-78.787544
2020-09-02T06:59:19.840543747,19.501734,-78.792984
2020-09-02T06:59:19.842451573,19.502296,-78.79124
2020-09-02T06:59:19.844740391,19.466625,-78.784996
2020-09-02T06:59:19.846647740,19.506926,-78.785774
2020-09-02T06:59:19.922179699,19.468042,-78.79296
2020-09-02T06:59:19.924087048,19.531334,-78.82976
2020-09-02T06:59:19.953842164,19.451378,-78.750046
2020-09-02T06:59:19.713512421,18.282072,-82.985374
2020-09-02T06:59:19.765011788,18.281864,-82.95926
2020-09-02T06:59:19.766919137,18.302155,-82.98557
2020-09-02T06:59:19.769207955,18.302446,-82.98483
2020-09-02T06:59:19.771115304,18.28188,-82.95925
2020-09-02T06:59:19.852369786,18.281818,-82.959274
2020-09-02T06:59:19.854658604,18.281816,-82.95926
2020-09-02T06:59:19.856565953,18.290688,-82.97617
2020-09-02T06:59:19.858473301,18.281803,-82.95923
2020-09-02T06:59:19.862669468,18.281803,-82.95921
2020-09-02T06:59:19.864576817,18.28181,-82.95921
2020-09-02T06:59:19.894331933,18.281881,-82.9592
2020-09-02T06:59:19.896239281,18.291574,-82.976944
2020-09-02T06:59:19.898146630,18.281881,-82.95921
2020-09-02T06:59:19.908065320,18.282127,-82.99596
2020-09-02T06:59:19.910354138,18.306173,-82.99929
2020-09-02T06:59:19.912261487,18.307947,-83.00193
2020-09-02T06:59:19.914168835,18.310408,-83.005226
2020-09-02T06:59:19.942016602,18.281849,-82.95923
2020-09-02T06:59:19.943923951,18.28197,-82.97623
2020-09-02T06:59:19.955749512,18.31867,-83.039055
2020-09-02T06:59:19.958038331,18.307652,-83.01788
2020-09-02T06:59:19.959945679,18.31206,-83.01864
2020-09-02T06:59:19.961853028,18.318394,-83.017296
2020-09-02T06:59:19.963760376,18.316774,-83.012184
2020-09-02T06:59:19.967957020,18.281832,-82.95926
2020-09-02T06:59:19.993515492,18.281792,-82.95923
2020-09-02T06:59:20.007630348,18.326174,-83.039505
2020-09-02T06:59:20.059129714,18.329,-83.030235
2020-09-02T06:59:20.061418533,18.3224,-83.018486
2020-09-02T06:59:20.063325881,18.282175,-83.00187
2020-09-02T06:59:20.071336746,18.361492,-83.0415
2020-09-02T06:59:20.073244094,18.361494,-83.0415
2020-09-02T06:59:20.127032279,18.290874,-82.97128
2020-09-02T06:59:20.128939628,18.299406,-82.98082
2020-09-02T06:59:20.130846977,18.281847,-82.95921
2020-09-02T06:59:20.132754325,18.28184,-82.959206
2020-09-02T06:59:20.142672538,18.281796,-82.95916
2020-09-02T06:59:20.144961357,18.281908,-82.975716
2020-09-02T06:59:20.150683403,18.274693,-82.96745
2020-09-02T06:59:20.152591228,18.281885,-82.97693
2020-09-02T06:59:20.154880046,18.281757,-82.959175
2020-09-02T06:59:20.162509441,18.270866,-82.96745
2020-09-02T06:59:20.164798259,18.281769,-82.95923
2020-09-02T06:59:20.186542510,18.281857,-82.95922
2020-09-02T06:59:20.190357208,18.266687,-82.97002
2020-09-02T06:59:20.192646026,18.270002,-82.97282
2020-09-02T06:59:20.198368072,18.281841,-82.95923
2020-09-02T06:59:20.226215839,18.241558,-82.95697
2020-09-02T06:59:20.228123188,18.281841,-82.95925
2020-09-02T06:59:20.255970954,18.202888,-82.954765
2020-09-02T06:59:20.268177986,18.281923,-82.9593
2020-09-02T06:59:20.270085334,18.282076,-82.97865
2020-09-02T06:59:20.278096675,18.318394,-83.01415
2020-09-02T06:59:20.280004024,18.314903,-83.00224
2020-09-02T06:59:20.289922237,18.322956,-83.01791
2020-09-02T06:59:20.309759140,18.361563,-83.041534
2020-09-02T06:59:20.311666488,18.332966,-83.03158
2020-09-02T06:59:20.313955307,18.332762,-83.03062
2020-09-02T06:59:20.315862655,18.324585,-83.018524
2020-09-02T06:59:20.317770004,18.313873,-83.017
2020-09-02T06:59:20.319677352,18.304634,-83.00782
2020-09-02T06:59:20.321584701,18.317978,-83.00922
2020-09-02T06:59:20.323873519,18.314129,-83.00314
2020-09-02T06:59:20.325780868,18.28221,-83.00107
2020-09-02T06:59:20.411231517,18.326912,-83.02267
2020-09-02T06:59:20.504693031,18.28985,-82.97405
2020-09-02T06:59:20.506600379,18.253822,-82.957756
2020-09-02T06:59:20.590143680,19.570045,-78.40557
2020-09-02T06:59:20.592051029,19.577988,-78.40456
2020-09-02T06:59:20.878539085,19.560867,-78.3916
2020-09-02T06:59:20.886168479,19.53049,-78.36545
2020-09-02T06:59:20.890364646,19.56462,-78.40977
2020-09-02T06:59:21.019685268,19.530584,-78.411194
2020-09-02T06:59:21.107042789,19.560852,-78.38178
2020-09-02T06:59:22.153048992,15.239172,-82.15067
2020-09-02T06:59:22.165256500,15.228356,-82.14941
2020-09-02T06:59:22.172885894,15.238981,-82.11738
2020-09-02T06:59:22.204929828,15.239371,-82.19339
2020-09-02T06:59:22.258718013,15.239078,-82.117355
2020-09-02T06:59:22.264440059,15.239115,-82.11736
2020-09-02T06:59:22.286183834,15.238421,-82.10012
2020-09-02T06:59:22.302206039,15.2234955,-82.10906
2020-09-02T06:59:22.304113388,15.225855,-82.12257
2020-09-02T06:59:22.330053806,15.3161,-82.12066
2020-09-02T06:59:22.331961154,15.239171,-82.117355
2020-09-02T06:59:22.334249973,15.283748,-82.11926
2020-09-02T06:59:22.336157321,15.248119,-82.11506
2020-09-02T06:59:22.338064670,15.246507,-82.11772
2020-09-02T06:59:22.339972019,15.221829,-82.115875
2020-09-02T06:59:22.347982883,15.266236,-82.11083
2020-09-02T06:59:22.349890708,15.253217,-82.122475
2020-09-02T06:59:22.431526184,15.239259,-82.15708
2020-09-02T06:59:22.433433532,15.244588,-82.11876
2020-09-02T06:59:22.505151271,15.246151,-82.06429
2020-09-02T06:59:22.513162136,15.288686,-82.119446
2020-09-02T06:59:22.458992481,19.499895,-78.94733
2020-09-02T06:59:22.490654945,19.531672,-78.95222
2020-09-02T06:59:22.530328273,19.485876,-78.951996
2020-09-02T06:59:22.586023807,19.50019,-78.93131
2020-09-02T06:59:22.647822856,19.49811,-78.933685
2020-09-02T06:59:22.751203060,19.51202,-78.944626
2020-09-02T06:59:22.753110408,19.46915,-78.90633
2020-09-02T06:59:22.822920322,19.47764,-78.94353
2020-09-02T06:59:22.824827671,19.482151,-78.95793
2020-09-02T06:59:22.886245250,19.509714,-78.958786
2020-09-02T06:59:22.888152599,19.466911,-78.94551
2020-09-02T06:59:22.890441417,19.531559,-78.9387
2020-09-02T06:59:22.973984718,19.492388,-78.94662
2020-09-02T06:59:22.975892066,19.475231,-78.93784
2020-09-02T06:59:23.128863334,19.490602,-78.951
2020-09-02T06:59:23.130770683,19.452475,-78.95639
2020-09-02T06:59:23.133059501,19.44628,-78.92453
2020-09-02T06:59:23.188373565,19.427088,-78.923996
2020-09-02T06:59:23.216221809,19.45179,-78.943214
2020-09-02T06:59:23.218510627,19.447685,-78.949524
2020-09-02T06:59:23.220417976,19.440702,-78.95189
2020-09-02T06:59:23.222325325,19.451765,-78.94027
2020-09-02T06:59:23.317693710,19.451654,-78.904915
2020-09-02T06:59:23.339819908,19.372091,-78.97992
2020-09-02T06:59:25.703442573,19.531233,-78.83024
2020-09-02T06:59:25.842680931,19.53127,-78.83026
2020-09-02T06:59:25.890365600,19.531338,-78.830246
2020-09-02T06:59:25.892272949,19.511675,-78.82967
2020-09-02T06:59:25.894180297,19.53136,-78.83028
2020-09-02T06:59:25.916305541,19.53135,-78.8303
2020-09-02T06:59:25.963990211,19.531317,-78.83029
2020-09-02T06:59:26.013582229,19.531288,-78.830215
2020-09-02T06:59:26.027315139,19.531319,-78.83031
2020-09-02T06:59:26.564051628,19.073612,-82.85
2020-09-02T06:59:26.566340446,19.073967,-82.89635
2020-09-02T06:59:26.599909782,19.073553,-82.849976
2020-09-02T06:59:26.614025115,19.07384,-82.87685
2020-09-02T06:59:29.950029373,18.319683,-83.206154
2020-09-02T06:59:29.951936721,18.302444,-83.19369
2020-09-02T06:59:29.979784011,18.306665,-83.19473
2020-09-02T06:59:29.981691360,18.302467,-83.19447
2020-09-02T06:59:29.983598709,18.313957,-83.20296
2020-09-02T06:59:29.985887527,18.31386,-83.20483
2020-09-02T06:59:30.011446952,18.295807,-83.19332
2020-09-02T06:59:30.013735771,18.283844,-83.19327
2020-09-02T06:59:30.089267730,18.283594,-83.16108
2020-09-02T06:59:30.184636116,18.323053,-83.2038
2020-09-02T06:59:30.192647933,18.306643,-83.193825
2020-09-02T06:59:30.226217269,18.30488,-83.17116
2020-09-02T06:59:30.228124618,18.283638,-83.15739
2020-09-02T06:59:30.299841880,18.283594,-83.16305
2020-09-02T06:59:30.301749229,18.262354,-83.13876
2020-09-02T06:59:30.303656578,18.27467,-83.15715
2020-09-02T06:59:30.305945396,18.2835,-83.15224
2020-09-02T06:59:30.307852745,18.258669,-83.14013
2020-09-02T06:59:30.309760093,18.283518,-83.15565
2020-09-02T06:59:30.325782775,18.252445,-83.135185
2020-09-02T06:59:30.327690124,18.256424,-83.140785
2020-09-02T06:59:30.423058509,18.283623,-83.166046
2020-09-02T06:59:30.470743179,18.259708,-83.15269
2020-09-02T06:59:30.472650527,18.255314,-83.13573
2020-09-02T06:59:30.494775772,18.28384,-83.1933
2020-09-02T06:59:29.878311157,18.697441,-82.663925
2020-09-02T06:59:29.878311157,18.517843,-82.77983
2020-09-02T06:59:29.930191993,18.612684,-82.70138
2020-09-02T06:59:29.997713088,18.67548,-82.67151
2020-09-02T06:59:29.999620437,18.517887,-82.77988
2020-09-02T06:59:29.999620437,18.697577,-82.66889
2020-09-02T06:59:30.001527786,18.637915,-82.68515
2020-09-02T06:59:30.150685310,18.606146,-82.69888
2020-09-02T06:59:30.152592658,18.587036,-82.68859
2020-09-02T06:59:30.262076377,18.576279,-82.742004
2020-09-02T06:59:30.263983726,18.617313,-82.67606
2020-09-02T06:59:30.311667442,18.63168,-82.67298
2020-09-02T06:59:30.313574790,18.567457,-82.752686
2020-09-02T06:59:30.480661392,18.517685,-82.74034
2020-09-02T06:59:30.588237762,18.579924,-82.65413
2020-09-02T06:59:30.590145111,18.600674,-82.6539
2020-09-02T06:59:30.608074188,18.59716,-82.78719
2020-09-02T06:59:30.707258224,18.390419,-83.043945
2020-09-02T06:59:30.709547042,18.36179,-83.042274
2020-09-02T06:59:30.816741943,18.361788,-83.04227
2020-09-02T06:59:30.818649291,18.361809,-83.04227
2020-09-02T06:59:30.848403930,18.36183,-83.0423
2020-09-02T06:59:30.850692749,18.390879,-83.047745
2020-09-02T06:59:30.852600097,18.38617,-83.05215
2020-09-02T06:59:30.854507446,18.361843,-83.0423
2020-09-02T06:59:30.874344825,18.389208,-83.04766
2020-09-02T06:59:30.876252174,18.36185,-83.042336
2020-09-02T06:59:30.892273902,18.375011,-83.04312
2020-09-02T06:59:30.894181251,18.387882,-83.04386
2020-09-02T06:59:30.914017677,18.389397,-83.04391
2020-09-02T06:59:30.916306495,18.391718,-83.04404
2020-09-02T06:59:30.955980300,18.386833,-83.04374
2020-09-02T06:59:30.957887649,18.38114,-83.04343
2020-09-02T06:59:30.979631423,18.373161,-83.03623
2020-09-02T06:59:30.981920242,18.378197,-83.04035
2020-09-02T06:59:30.995653152,18.361805,-83.042305
2020-09-02T06:59:30.997561454,18.378271,-83.04325
2020-09-02T06:59:30.999468803,18.361837,-83.0423
2020-09-02T06:59:31.001756668,18.361849,-83.0423
2020-09-02T06:59:31.003664016,18.370281,-83.02931
2020-09-02T06:59:31.005571365,18.371689,-83.02952
2020-09-02T06:59:31.007478713,18.374653,-83.03165
2020-09-02T06:59:31.009767532,18.376055,-83.03077
2020-09-02T06:59:31.063175201,18.361898,-83.0423
2020-09-02T06:59:31.065082550,18.404425,-83.04475
2020-09-02T06:59:31.126880645,18.376667,-83.03438
2020-09-02T06:59:31.128787994,18.378773,-83.03607
2020-09-02T06:59:31.130695343,18.375483,-83.03046
2020-09-02T06:59:31.138706207,18.361908,-83.04229
2020-09-02T06:59:31.156637191,18.361868,-83.04224
2020-09-02T06:59:31.158544540,18.361866,-83.04224
2020-09-02T06:59:31.160833358,18.361862,-83.04224
2020-09-02T06:59:31.162740707,18.377193,-83.043106
2020-09-02T06:59:31.224157333,18.365675,-83.01642
2020-09-02T06:59:31.226446151,18.37649,-83.029434
2020-09-02T06:59:31.228353500,18.373922,-83.02156
2020-09-02T06:59:31.230260848,18.368372,-83.019295
2020-09-02T06:59:31.232168197,18.36162,-83.01062
2020-09-02T06:59:31.238271713,18.374327,-83.02872
2020-09-02T06:59:31.240179061,18.372992,-83.017395
2020-09-02T06:59:31.242086410,18.361347,-82.96449
2020-09-02T06:59:31.244375228,18.361715,-83.014366
2020-09-02T06:59:31.250097274,18.361904,-83.04231
2020-09-02T06:59:31.377510070,18.37642,-83.0352
2020-09-02T06:59:31.379417419,18.371506,-83.02032
2020-09-02T06:59:31.438928604,18.379496,-83.03535
2020-09-02T06:59:31.440835952,18.36518,-83.0144
2020-09-02T06:59:31.488901138,18.393353,-83.04405
2020-09-02T06:59:31.490808486,18.369179,-83.02232
2020-09-02T06:59:31.556423187,18.361929,-83.04218
2020-09-02T06:59:31.560237884,18.36176,-83.02038
2020-09-02T06:59:31.614025115,18.440407,-82.96895
2020-09-02T06:59:31.804763793,19.496561,-78.91914
2020-09-02T06:59:31.838714599,19.532145,-78.90795
2020-09-02T06:59:31.852447509,19.532166,-78.90796
2020-09-02T06:59:31.890213012,19.532179,-78.90798
2020-09-02T06:59:31.904329299,19.504156,-78.907104
2020-09-02T06:59:31.944002151,19.532196,-78.90794
2020-09-02T06:59:31.945909500,19.521055,-78.887955
2020-09-02T06:59:31.947816848,19.519575,-78.893265
2020-09-02T06:59:31.950105667,19.532236,-78.908
2020-09-02T06:59:31.969942092,19.52237,-78.887314
2020-09-02T06:59:31.993593215,19.532164,-78.90793
2020-09-02T06:59:31.995882034,19.532074,-78.87684
2020-09-02T06:59:31.997789382,19.532013,-78.85682
2020-09-02T06:59:31.999696731,19.51355,-78.898254
2020-09-02T06:59:32.043567657,19.53206,-78.864
2020-09-02T06:59:32.172506332,19.51632,-78.88654
2020-09-02T06:59:32.174795150,19.51828,-78.88277
2020-09-02T06:59:32.186620712,19.508383,-78.93031
2020-09-02T06:59:32.198446273,19.532167,-78.90792
2020-09-02T06:59:32.226293563,19.500904,-78.92228
2020-09-02T06:59:32.228200912,19.50371,-78.91908
2020-09-02T06:59:32.230108261,19.532114,-78.907875
2020-09-02T06:59:32.236211776,19.532148,-78.907906
2020-09-02T06:59:32.248037338,19.505915,-78.91909
2020-09-02T06:59:32.293815612,19.532263,-78.90812
2020-09-02T06:59:32.306022644,19.532232,-78.90809
2020-09-02T06:59:32.329673767,19.532354,-78.90814
2020-09-02T06:59:32.349510192,19.532309,-78.908134
2020-09-02T06:59:32.351417541,19.525711,-78.87269
2020-09-02T06:59:32.415124893,19.520113,-78.88551
2020-09-02T06:59:32.417032241,19.532112,-78.85974
2020-09-02T06:59:32.423135757,19.532145,-78.86791
2020-09-02T06:59:32.436868667,19.524677,-78.87937
2020-09-02T06:59:32.439157485,19.532162,-78.87442
2020-09-02T06:59:32.510492324,19.52472,-78.874504
2020-09-02T06:59:31.935991287,19.496634,-78.489944
2020-09-02T06:59:31.937898635,19.451504,-78.51865
2020-09-02T06:59:31.945909500,19.48742,-78.51965
2020-09-02T06:59:31.953920364,19.4771,-78.51939
2020-09-02T06:59:31.955827713,19.451502,-78.51868
2020-09-02T06:59:31.963838577,19.480688,-78.49823
2020-09-02T06:59:31.969942092,19.451487,-78.51871
2020-09-02T06:59:31.981767654,19.47068,-78.50075
2020-09-02T06:59:31.993593215,19.451422,-78.497406
2020-09-02T06:59:32.009614944,19.46666,-78.496376
2020-09-02T06:59:32.059207916,19.451456,-78.51873
2020-09-02T06:59:32.067218780,19.531212,-78.48641
2020-09-02T06:59:32.069126129,19.451479,-78.51869
2020-09-02T06:59:32.081333160,19.472418,-78.519264
2020-09-02T06:59:32.083240509,19.48585,-78.49564
2020-09-02T06:59:32.085147857,19.50376,-78.50501
2020-09-02T06:59:32.095066070,19.496992,-78.476234
2020-09-02T06:59:32.096973419,19.493885,-78.48313
2020-09-02T06:59:32.109180450,19.48377,-78.47106
2020-09-02T06:59:32.111087799,19.494186,-78.47489
2020-09-02T06:59:32.112995147,19.486858,-78.464066
2020-09-02T06:59:32.114902496,19.492203,-78.46686
2020-09-02T06:59:32.130924224,19.451254,-78.44134
2020-09-02T06:59:32.132831573,19.482021,-78.45936
2020-09-02T06:59:32.134738922,19.48827,-78.47543
2020-09-02T06:59:32.146947860,19.481194,-78.466896
2020-09-02T06:59:32.148855209,19.469034,-78.473076
2020-09-02T06:59:32.150762557,19.489069,-78.49993
2020-09-02T06:59:32.152669906,19.483583,-78.47685
2020-09-02T06:59:32.170598983,19.451464,-78.518684
2020-09-02T06:59:32.172506332,19.451302,-78.44135
2020-09-02T06:59:32.174795150,19.451292,-78.44137
2020-09-02T06:59:32.176702499,19.451283,-78.44138
2020-09-02T06:59:32.178609848,19.48212,-78.46284
2020-09-02T06:59:32.200353622,19.458948,-78.43548
2020-09-02T06:59:32.202642440,19.475931,-78.465576
2020-09-02T06:59:32.204549789,19.451288,-78.4413
2020-09-02T06:59:32.242315292,19.471422,-78.50428
2020-09-02T06:59:32.260244369,19.474281,-78.46211
2020-09-02T06:59:32.262151718,19.480062,-78.48434
2020-09-02T06:59:32.307929992,19.475586,-78.49972
2020-09-02T06:59:32.309837341,19.47676,-78.49452
2020-09-02T06:59:32.311744689,19.451496,-78.5188
2020-09-02T06:59:32.317848205,19.451523,-78.51883
2020-09-02T06:59:32.319755554,19.469175,-78.51029
2020-09-02T06:59:32.321662902,19.477884,-78.49815
2020-09-02T06:59:32.323570251,19.451576,-78.51885
2020-09-02T06:59:32.325859069,19.464329,-78.5123
2020-09-02T06:59:32.327766418,19.451628,-78.51885
2020-09-02T06:59:32.329673767,19.451654,-78.51885
2020-09-02T06:59:32.331581115,19.451654,-78.518845
2020-09-02T06:59:32.333869934,19.46649,-78.513435
2020-09-02T06:59:32.353706359,19.451595,-78.51884
2020-09-02T06:59:32.355613708,19.459124,-78.51903
2020-09-02T06:59:32.357521057,19.463232,-78.51138
2020-09-02T06:59:32.359428405,19.451551,-78.5188
2020-09-02T06:59:32.538341522,19.485023,-78.477585
2020-09-02T06:59:32.588314056,19.49234,-78.48262
2020-09-02T06:59:32.590221405,19.48709,-78.45309
2020-09-02T06:59:32.683683395,19.462734,-78.47555
2020-09-02T06:59:32.685590744,19.531227,-78.44361
2020-09-02T06:59:32.687498092,19.451574,-78.518814
2020-09-02T06:59:32.693601608,19.468254,-78.499756
2020-09-02T06:59:32.723356246,19.491796,-78.47556
2020-09-02T06:59:32.725263595,19.45136,-78.46479
2020-09-02T06:59:37.759216308,19.488552,-78.82943
2020-09-02T06:59:37.761123657,19.484344,-78.82355
2020-09-02T06:59:37.836656570,19.482813,-78.82178
2020-09-02T06:59:37.933931350,19.477242,-78.82096
2020-09-02T06:59:37.936220169,19.474247,-78.823235
2020-09-02T06:59:37.938127517,19.484453,-78.82926
2020-09-02T06:59:37.940034866,19.452036,-78.8283
2020-09-02T06:59:38.047229766,19.471262,-78.82312
2020-09-02T06:59:38.049518585,19.486328,-78.82926
2020-09-02T06:59:38.051425933,19.482426,-78.829155
2020-09-02T06:59:38.053333282,19.475481,-78.828964
2020-09-02T06:59:38.055240631,19.472172,-78.823616
2020-09-02T06:59:38.057529449,19.479288,-78.82911
2020-09-02T06:59:42.053483963,19.495636,-78.87218
2020-09-02T06:59:42.077135562,19.515902,-78.89228
2020-09-02T06:59:42.079042911,19.45177,-78.905556
2020-09-02T06:59:42.096971988,19.531466,-78.908005
2020-09-02T06:59:42.101168632,19.486322,-78.8842
2020-09-02T06:59:42.148852825,19.531462,-78.90801
2020-09-02T06:59:42.170597076,19.531427,-78.90799
2020-09-02T06:59:42.176700592,19.484512,-78.88506
2020-09-02T06:59:42.202641010,19.492914,-78.89169
2020-09-02T06:59:42.273976802,19.486471,-78.89674
2020-09-02T06:59:42.285802364,19.504341,-78.90715
2020-09-02T06:59:42.321661472,19.507805,-78.907295
2020-09-02T06:59:42.345694065,19.504572,-78.88502
2020-09-02T06:59:42.355612754,19.531645,-78.908
2020-09-02T06:59:42.375449180,19.531578,-78.90804
2020-09-02T06:59:42.403296947,19.495752,-78.89025
2020-09-02T06:59:42.409400463,19.531633,-78.908035
2020-09-02T06:59:42.423133850,19.511793,-78.8935
2020-09-02T06:59:42.444878101,19.531626,-78.90803
2020-09-02T06:59:43.128863334,18.402912,-83.01755
2020-09-02T06:59:43.196384429,18.44063,-83.04712
2020-09-02T06:59:43.198291778,18.409353,-83.01798
2020-09-02T06:59:43.232243537,18.361328,-83.00658
2020-09-02T06:59:43.266195297,18.440704,-83.04715
2020-09-02T06:59:43.268102645,18.440702,-83.047134
2020-09-02T06:59:43.313879013,18.397406,-83.01514
2020-09-02T06:59:43.484780311,18.3992,-83.02063
2020-09-02T06:59:43.486687660,18.38964,-83.00941
2020-09-02T06:59:43.488595008,18.39115,-83.01246
2020-09-02T06:59:43.490883827,18.39742,-83.01694
2020-09-02T06:59:43.492791175,18.440746,-83.04724
2020-09-02T06:59:43.504616737,18.361326,-82.9929
2020-09-02T06:59:43.506524085,18.377037,-83.00761
2020-09-02T06:59:43.508813858,18.361124,-82.96489
2020-09-02T06:59:43.510721206,18.361387,-82.99948
2020-09-02T06:59:43.591975212,18.393362,-83.01434
2020-09-02T06:59:43.617915153,18.383224,-83.005554
2020-09-02T06:59:43.619822502,18.389908,-83.00269
2020-09-02T06:59:43.649959564,18.387468,-83.01069
2020-09-02T06:59:43.651866912,18.382338,-83.00984
2020-09-02T06:59:43.681621551,18.389214,-83.006256
2020-09-02T06:59:43.725491523,18.361094,-82.9649
2020-09-02T06:59:43.727398872,18.39458,-83.00735
2020-09-02T06:59:43.808652877,18.3863,-83.014694
2020-09-02T06:59:43.810941696,18.392836,-83.0092
2020-09-02T06:59:43.812849044,18.36107,-82.96488
2020-09-02T06:59:43.852522850,18.403675,-83.01099
2020-09-02T06:59:45.878540039,19.407711,-78.82487
2020-09-02T06:59:45.880447387,19.402473,-78.815895
2020-09-02T06:59:46.093310356,19.451925,-78.790794
2020-09-02T06:59:46.095217704,19.42917,-78.828094
2020-09-02T06:59:46.099032402,19.423584,-78.80375
2020-09-02T06:59:46.103228569,19.37216,-78.81743
2020-09-02T06:59:46.105135917,19.402376,-78.8085
2020-09-02T06:59:46.218434333,19.400902,-78.82336
2020-09-02T06:59:46.220341682,19.401678,-78.82535
2020-09-02T06:59:46.290151596,19.39813,-78.77655
2020-09-02T06:59:46.292058944,19.414562,-78.780914
2020-09-02T06:59:45.949875831,18.675762,-82.6719
2020-09-02T06:59:45.955979347,18.675703,-82.67186
2020-09-02T06:59:45.963990211,18.675825,-82.696106
2020-09-02T06:59:45.977723121,18.660637,-82.69824
2020-09-02T06:59:45.987642288,18.675726,-82.67186
2020-09-02T06:59:46.033418655,18.638313,-82.7067
2020-09-02T06:59:46.035326004,18.628315,-82.70153
2020-09-02T06:59:46.037614822,18.631752,-82.700066
2020-09-02T06:59:46.039522171,18.620564,-82.69819
2020-09-02T06:59:46.041429519,18.616823,-82.700424
2020-09-02T06:59:46.083010673,18.596718,-82.70686
2020-09-02T06:59:46.085299491,18.631441,-82.704765
2020-09-02T06:59:46.103228569,18.596436,-82.66753
2020-09-02T06:59:46.105135917,18.614868,-82.70475
2020-09-02T06:59:46.107043266,18.628588,-82.702736
2020-09-02T06:59:46.108951568,18.596478,-82.66747
2020-09-02T06:59:46.140995025,18.675777,-82.69063
2020-09-02T06:59:46.164646148,18.675724,-82.67183
2020-09-02T06:59:46.168460845,18.675737,-82.67183
2020-09-02T06:59:46.335547447,18.644594,-82.701385
2020-09-02T06:59:46.337454795,18.630297,-82.701195
2020-09-02T06:59:46.369499206,18.675724,-82.67179
2020-09-02T06:59:46.371406555,18.623388,-82.7024
2020-09-02T06:59:46.661708831,19.409508,-78.845856
2020-09-02T06:59:46.663616180,19.408672,-78.81608
2020-09-02T06:59:46.665905952,19.430664,-78.77766
2020-09-02T06:59:47.785155296,18.217947,-83.24168
2020-09-02T06:59:47.787062644,18.205452,-83.2344
2020-09-02T06:59:47.802702903,18.222712,-83.22395
2020-09-02T06:59:47.818724632,18.205353,-83.2197
2020-09-02T06:59:47.836653709,18.205145,-83.18875
2020-09-02T06:59:47.840468406,18.205322,-83.211334
2020-09-02T06:59:47.852676391,18.229067,-83.2212
2020-09-02T06:59:47.854583740,18.231514,-83.22344
2020-09-02T06:59:47.870605468,18.233864,-83.22445
2020-09-02T06:59:47.943848609,18.234964,-83.19041
2020-09-02T06:59:47.946137428,18.205397,-83.225296
2020-09-02T06:59:47.957962989,18.205137,-83.188675
2020-09-02T06:59:47.959870338,18.205137,-83.188675
2020-09-02T06:59:47.961777687,18.20513,-83.18868
2020-09-02T06:59:47.993822097,18.205042,-83.18872
2020-09-02T06:59:47.995729446,18.216368,-83.20752
2020-09-02T06:59:47.997636795,18.222279,-83.217804
2020-09-02T06:59:48.019762039,18.205091,-83.18861
2020-09-02T06:59:48.021669387,18.215744,-83.203026
2020-09-02T06:59:48.023576736,18.213543,-83.20775
2020-09-02T06:59:48.025484085,18.205372,-83.21856
2020-09-02T06:59:48.033495903,18.205145,-83.18868
2020-09-02T06:59:48.035403251,18.200394,-83.18839
2020-09-02T06:59:48.037310600,18.212278,-83.20164
2020-09-02T06:59:48.039599418,18.216808,-83.20785
2020-09-02T06:59:48.041506767,18.211264,-83.201584
2020-09-02T06:59:48.043414115,18.213997,-83.21507
2020-09-02T06:59:48.118946075,18.230488,-83.22862
2020-09-02T06:59:48.120853424,18.205135,-83.19835
2020-09-02T06:59:48.122760772,18.217546,-83.21888
2020-09-02T06:59:48.329520225,18.218386,-83.211044
2020-09-02T06:59:48.936066627,18.361567,-83.04224
2020-09-02T06:59:48.937973976,18.361567,-83.04223
2020-09-02T06:59:48.991762161,18.36152,-83.04219
2020-09-02T06:59:49.071108818,18.361576,-83.04227
2020-09-02T06:59:49.073397636,18.361565,-83.04227
2020-09-02T06:59:49.121082305,18.361444,-83.04224
2020-09-02T06:59:49.122989654,18.345964,-83.05089
2020-09-02T06:59:49.124897003,18.34767,-83.05082
2020-09-02T06:59:49.168766975,18.36149,-83.04225
2020-09-02T06:59:49.170674324,18.36148,-83.04226
2020-09-02T06:59:49.216451644,18.344131,-83.05323
2020-09-02T06:59:49.238195419,18.349712,-83.04946
2020-09-02T06:59:49.242391586,18.349361,-83.0415
2020-09-02T06:59:49.256124496,18.361443,-83.042206
2020-09-02T06:59:49.266043663,18.36146,-83.04224
2020-09-02T06:59:49.308005332,18.361475,-83.04221
2020-09-02T06:59:49.309912681,18.351072,-83.050415
2020-09-02T06:59:49.313727378,18.36147,-83.04222
2020-09-02T06:59:49.387351989,18.36149,-83.042175
2020-09-02T06:59:49.399178504,18.361515,-83.04219
2020-09-02T06:59:49.401467323,18.350418,-83.05114
2020-09-02T06:59:49.419014930,18.36147,-83.04222
2020-09-02T06:59:49.421303749,18.361477,-83.04221
2020-09-02T06:59:51.093692779,15.239074,-82.15494
2020-09-02T06:59:51.113529205,15.239068,-82.15272
2020-09-02T06:59:51.250478744,15.217826,-82.088745
2020-09-02T06:59:51.252767562,15.193652,-82.095985
2020-09-02T06:59:51.254674911,15.197574,-82.08697
2020-09-02T06:59:51.256582260,15.1985655,-82.08656
2020-09-02T06:59:51.258489608,15.196212,-82.086494
2020-09-02T06:59:51.260396957,15.196453,-82.0821
2020-09-02T06:59:51.262685775,15.201136,-82.08341
2020-09-02T06:59:51.264593124,15.203482,-82.08242
2020-09-02T06:59:51.266500473,15.221895,-82.076096
2020-09-02T06:59:51.268407821,15.220805,-82.07543
2020-09-02T06:59:51.270696640,15.210694,-82.07187
2020-09-02T06:59:51.272603988,15.2254715,-82.07366
2020-09-02T06:59:51.274511337,15.238859,-82.073044
2020-09-02T06:59:51.276420593,15.204653,-82.07395
2020-09-02T06:59:51.278327941,15.238514,-82.04177
2020-09-02T06:59:51.282524108,15.264618,-82.060005
2020-09-02T06:59:51.284431457,15.238488,-82.041725
2020-09-02T06:59:51.332115173,15.2603,-82.04647
2020-09-02T06:59:51.334022521,15.211038,-82.07722
2020-09-02T06:59:51.335929870,15.212289,-82.06603
2020-09-02T06:59:51.338218688,15.204054,-82.086494
2020-09-02T06:59:51.359962463,15.315438,-82.04501
2020-09-02T06:59:51.361869812,15.315444,-82.04502
2020-09-02T06:59:51.369880676,15.238668,-82.07675
2020-09-02T06:59:51.467157363,15.28793,-82.04389
2020-09-02T06:59:51.487375259,15.271039,-82.06262
2020-09-02T06:59:51.499200820,15.315479,-82.044975
2020-09-02T06:59:51.522853851,15.186341,-82.103546
2020-09-02T06:59:51.525142669,15.238495,-82.04179
2020-09-02T06:59:50.788893699,19.531332,-78.90752
2020-09-02T06:59:50.803008079,19.53122,-78.90759
2020-09-02T06:59:50.804915428,19.531214,-78.907585
2020-09-02T06:59:50.834671020,19.531244,-78.90758
2020-09-02T06:59:50.836578369,19.51217,-78.90699
2020-09-02T06:59:50.854507446,19.53126,-78.90757
2020-09-02T06:59:50.890366554,19.53125,-78.90747
2020-09-02T06:59:50.894181251,19.53126,-78.90749
2020-09-02T06:59:50.896470069,19.531265,-78.90751
2020-09-02T06:59:51.009767532,19.48342,-78.914406
2020-09-02T06:59:51.011674880,19.510702,-78.90693
2020-09-02T06:59:51.013582229,19.53127,-78.90754
2020-09-02T06:59:51.055545806,19.531355,-78.923775
2020-09-02T06:59:51.057453155,19.531303,-78.907585
2020-09-02T06:59:51.063175201,19.517603,-78.92051
2020-09-02T06:59:51.065464019,19.52254,-78.91706
2020-09-02T06:59:51.067371368,19.531342,-78.90758
2020-09-02T06:59:51.196691513,19.531355,-78.907555
2020-09-02T06:59:51.198598861,19.531355,-78.90755
2020-09-02T06:59:51.216527938,19.531366,-78.90757
2020-09-02T06:59:51.236364364,19.531366,-78.90754
2020-09-02T06:59:51.246282577,19.531385,-78.9075
2020-09-02T06:59:51.252004623,19.531403,-78.90749
2020-09-02T06:59:51.264211654,19.526316,-78.91086
2020-09-02T06:59:51.269933700,19.531336,-78.90767
2020-09-02T06:59:51.272222518,19.531338,-78.90766
2020-09-02T06:59:51.285957336,19.531338,-78.92245
2020-09-02T06:59:51.297782897,19.53128,-78.90756
2020-09-02T06:59:51.311897277,19.531256,-78.9076
2020-09-02T06:59:51.317619323,19.531248,-78.89125
2020-09-02T06:59:51.319908142,19.531256,-78.889755
2020-09-02T06:59:51.357673645,19.525402,-78.90748
2020-09-02T06:59:51.359580993,19.527143,-78.89435
2020-09-02T06:59:51.361488342,19.524935,-78.88538
2020-09-02T06:59:51.363395690,19.531263,-78.87539
2020-09-02T06:59:51.367591857,19.53125,-78.87496
2020-09-02T06:59:51.369499206,19.53123,-78.87069
2020-09-02T06:59:51.445032119,19.531343,-78.90808
2020-09-02T06:59:51.448846817,19.526207,-78.90131
2020-09-02T06:59:51.504541397,19.526867,-78.894516
2020-09-02T06:59:51.623943328,19.531185,-78.83017
2020-09-02T06:59:51.651792526,19.54105,-78.87178
2020-09-02T06:59:51.661710739,19.531307,-78.89611
2020-09-02T06:59:51.786834716,19.531286,-78.888695
2020-09-02T06:59:51.789123535,19.531115,-78.830124
2020-09-02T06:59:51.791030883,19.53119,-78.86751
2020-09-02T06:59:51.796752929,19.531147,-78.830154
2020-09-02T06:59:53.854431152,18.440706,-83.04654
2020-09-02T06:59:53.856719970,18.440691,-83.046524
2020-09-02T06:59:53.942171096,18.44066,-83.0466
2020-09-02T06:59:53.944078445,18.440678,-83.04661
2020-09-02T06:59:53.945985794,18.440697,-83.046616
2020-09-02T06:59:53.947893142,18.440714,-83.04662
2020-09-02T06:59:53.999774932,18.440567,-83.04667
2020-09-02T06:59:54.093235015,18.440699,-83.04665
2020-09-02T06:59:54.140920639,18.440622,-83.04655
2020-09-02T06:59:54.162664413,18.440578,-83.0466
2020-09-02T06:59:57.395288467,19.451376,-78.92585
2020-09-02T06:59:57.397195816,19.46206,-78.88617
2020-09-02T06:59:57.449075698,19.451246,-78.870926
2020-09-02T06:59:57.482646942,19.451263,-78.90587
2020-09-02T06:59:57.494853973,19.451172,-78.87461
2020-09-02T06:59:57.504772186,19.451223,-78.905876
2020-09-02T06:59:57.512783050,19.451138,-78.869064
2020-09-02T06:59:57.520412445,19.451246,-78.905846
2020-09-02T06:59:57.522701263,19.45126,-78.905846
2020-09-02T06:59:57.526515960,19.451216,-78.8774
2020-09-02T06:59:57.659650802,19.440678,-78.91254
2020-09-02T06:59:57.665754318,19.451277,-78.90586
2020-09-02T06:59:57.679487228,19.451319,-78.927185
2020-09-02T06:59:57.751205444,19.437107,-78.90502
2020-09-02T06:59:57.769134521,19.4512,-78.905815
2020-09-02T06:59:57.852678298,19.451216,-78.9059
2020-09-02T06:59:57.933931350,19.451187,-78.93134
2020-09-02T06:59:57.954149246,19.451122,-78.90589
2020-09-02T06:59:57.956056594,19.451126,-78.905914
2020-09-02T06:59:57.957963943,19.445866,-78.91705
2020-09-02T06:59:57.959873199,19.451197,-78.93009
2020-09-02T06:59:58.081180572,19.451206,-78.930855
2020-09-02T06:59:58.005649566,19.45027,-78.51898
2020-09-02T06:59:58.009845733,19.506853,-78.49858
2020-09-02T06:59:58.013660430,19.492037,-78.52013
2020-09-02T06:59:58.015567779,19.47883,-78.49648
2020-09-02T06:59:58.017475128,19.484112,-78.51992
2020-09-02T06:59:58.027393341,19.481598,-78.50898
2020-09-02T06:59:58.029682159,19.472921,-78.50318
2020-09-02T06:59:58.031589508,19.481714,-78.50022
2020-09-02T06:59:58.037693023,19.450241,-78.51901
2020-09-02T06:59:58.043415069,19.470863,-78.50098
2020-09-02T06:59:58.045322418,19.466341,-78.50001
2020-09-02T06:59:58.051425933,19.450329,-78.51899
2020-09-02T06:59:58.061344146,19.463066,-78.509796
2020-09-02T06:59:58.063251495,19.4502,-78.51899
2020-09-02T06:59:58.065158843,19.461222,-78.505684
2020-09-02T06:59:58.067447662,19.460377,-78.5099
2020-09-02T06:59:58.069355010,19.450129,-78.518936
2020-09-02T06:59:58.071262359,19.450089,-78.501976
2020-09-02T06:59:58.073169708,19.450151,-78.51896
2020-09-02T06:59:58.075458526,19.45407,-78.503235
2020-09-02T06:59:58.077365875,19.45021,-78.51902
2020-09-02T06:59:58.081180572,19.450197,-78.48827
2020-09-02T06:59:58.083089828,19.450203,-78.49876
2020-09-02T06:59:58.118947982,19.450222,-78.51897
2020-09-02T06:59:58.134969711,19.44185,-78.485146
2020-09-02T06:59:58.136877059,19.454937,-78.49823
2020-09-02T06:59:58.146795272,19.450039,-78.44162
2020-09-02T06:59:58.148702621,19.445185,-78.48535
2020-09-02T06:59:58.150991439,19.456509,-78.49288
2020-09-02T06:59:58.156713485,19.450052,-78.44161
2020-09-02T06:59:58.158620834,19.45015,-78.48171
2020-09-02T06:59:58.160909652,19.45024,-78.519
2020-09-02T06:59:58.180746078,19.439627,-78.467445
2020-09-02T06:59:58.182653427,19.45028,-78.48989
2020-09-02T06:59:58.184560775,19.46961,-78.49966
2020-09-02T06:59:58.186468124,19.450167,-78.51902
2020-09-02T06:59:58.192571640,19.450191,-78.51906
2020-09-02T06:59:58.194478988,19.450195,-78.51906
2020-09-02T06:59:58.208595275,19.450172,-78.51907
2020-09-02T06:59:58.226524353,19.450188,-78.480965
2020-09-02T06:59:58.228431701,19.47526,-78.4881
2020-09-02T06:59:58.270011901,19.481659,-78.49083
2020-09-02T06:59:58.271919250,19.49842,-78.48762
2020-09-02T06:59:58.281837463,19.53,-78.49026
2020-09-02T06:59:58.284126281,19.51006,-78.49588
2020-09-02T06:59:58.286033630,19.509197,-78.48669
2020-09-02T06:59:58.287940979,19.473919,-78.49269
2020-09-02T06:59:58.289848327,19.450214,-78.51906
2020-09-02T06:59:58.294044494,19.513557,-78.48226
2020-09-02T06:59:58.295951843,19.514635,-78.47918
2020-09-02T06:59:58.297859191,19.495947,-78.488625
2020-09-02T06:59:58.299766540,19.450115,-78.519
2020-09-02T06:59:58.363473892,19.45011,-78.48669
2020-09-02T06:59:58.448923110,19.494942,-78.4868
2020-09-02T06:59:58.451211929,19.461998,-78.49639
2020-09-02T06:59:58.496608734,19.484524,-78.48285
2020-09-02T06:59:58.498897552,19.495396,-78.47892
2020-09-02T06:59:58.500804901,19.497276,-78.46623
2020-09-02T06:59:58.502712249,19.499842,-78.46985
2020-09-02T06:59:58.504619598,19.493452,-78.45828
2020-09-02T06:59:58.506526947,19.507793,-78.44827
2020-09-02T06:59:58.508815765,19.506714,-78.46514
2020-09-02T06:59:58.510723114,19.529758,-78.44384
2020-09-02T06:59:58.512630462,19.48799,-78.47924
2020-09-02T06:59:58.516445159,19.520603,-78.42979
2020-09-02T06:59:58.518733978,19.502718,-78.45929
2020-09-02T06:59:58.530559539,19.518536,-78.4228
2020-09-02T06:59:58.532466888,19.511284,-78.46378
2020-09-02T06:59:58.574428558,19.529785,-78.44382
2020-09-02T06:59:58.576335906,19.511677,-78.43598
2020-09-02T06:59:58.580152511,19.529802,-78.482025
2020-09-02T06:59:58.588163375,19.52404,-78.42032
2020-09-02T06:59:58.632032394,19.466637,-78.475075
2020-09-02T06:59:58.715576171,19.450073,-78.48125
2020-09-02T06:59:58.717483520,19.502304,-78.45666
